threshold,FAR,FRR,GAR
0.126068376068376,0.0,0.996551724137931,0.0034482758620689655
0.3031457187191423,0.0,0.4689655172413793,0.5310344827586206
0.3032735284859931,0.0,0.46551724137931033,0.5344827586206896
0.3042670234909307,0.0,0.46206896551724136,0.5379310344827586
0.3043478260869565,0.0,0.4586206896551724,0.5413793103448276
0.3043782192788815,0.0,0.45517241379310347,0.5448275862068965
0.304421768707483,0.0,0.4517241379310345,0.5482758620689655
0.3047752808988764,0.0,0.4482758620689655,0.5517241379310345
0.3054243595248318,0.0,0.44482758620689655,0.5551724137931034
0.3059235571798386,0.0,0.4413793103448276,0.5586206896551724
0.3059369066744559,0.0,0.4379310344827586,0.5620689655172414
0.3060264329837667,0.0,0.43448275862068964,0.5655172413793104
0.307165085951393,0.0,0.43103448275862066,0.5689655172413793
0.3025893508388038,0.0,0.4724137931034483,0.5275862068965518
0.3072289156626506,0.0,0.42758620689655175,0.5724137931034483
0.3086263996215108,0.0,0.4206896551724138,0.5793103448275863
0.3089965933725612,0.0,0.41724137931034483,0.5827586206896552
0.3093104005167958,0.0,0.41379310344827586,0.5862068965517241
0.3115418502202643,0.0,0.4103448275862069,0.5896551724137931
0.3124371678874048,0.0,0.4068965517241379,0.593103448275862
0.3144352064220183,0.0,0.40344827586206894,0.596551724137931
0.3153207607994842,0.0,0.4,0.6
0.3181055855330319,0.0,0.39655172413793105,0.603448275862069
0.319191261574074,0.0,0.3931034482758621,0.6068965517241379
0.3195544170159913,0.0,0.3896551724137931,0.6103448275862069
0.3200350723366944,0.0,0.38620689655172413,0.6137931034482759
0.3204239988915062,0.0,0.38275862068965516,0.6172413793103448
0.3075438075438075,0.0,0.4241379310344828,0.5758620689655173
0.3212440968122786,0.0,0.3793103448275862,0.6206896551724138
0.3023407468423943,0.0,0.47586206896551725,0.5241379310344828
0.3015902924329213,0.0,0.4827586206896552,0.5172413793103449
0.2882839267093698,0.0,0.5724137931034483,0.42758620689655175
0.2889806756158725,0.0,0.5689655172413793,0.43103448275862066
0.2895965070761819,0.0,0.5655172413793104,0.43448275862068964
0.2897983643542019,0.0,0.5620689655172414,0.4379310344827586
0.2904150737302021,0.0,0.5586206896551724,0.4413793103448276
0.2905190311418685,0.0,0.5551724137931034,0.44482758620689655
0.2921107164002368,0.0,0.5517241379310345,0.4482758620689655
0.2921862971516551,0.0,0.5482758620689655,0.4517241379310345
0.2925025626006736,0.0,0.5448275862068965,0.45517241379310347
0.2929393536963258,0.0,0.5413793103448276,0.4586206896551724
0.2935769574278059,0.0,0.5379310344827586,0.46206896551724136
0.2936860068259385,0.0,0.5344827586206896,0.46551724137931033
0.301635480645622,0.0,0.4793103448275862,0.5206896551724138
0.2952787507297139,0.0,0.5310344827586206,0.4689655172413793
0.2958370904718966,0.0,0.5241379310344828,0.47586206896551725
0.2962083183936895,0.0,0.5206896551724138,0.4793103448275862
0.2965608043408873,0.0,0.5172413793103449,0.4827586206896552
0.2967319340752218,0.0,0.5137931034482759,0.4862068965517241
0.2970507544581618,0.0,0.5103448275862069,0.4896551724137931
0.2973626373626373,0.0,0.506896551724138,0.49310344827586206
0.2974710982658959,0.0,0.503448275862069,0.496551724137931
0.2978753743048624,0.0,0.5,0.5
0.2983205443752714,0.0,0.496551724137931,0.503448275862069
0.2989592494869539,0.0,0.49310344827586206,0.506896551724138
0.3000226517668378,0.0,0.4896551724137931,0.5103448275862069
0.3015090959206174,0.0,0.4862068965517241,0.5137931034482759
0.2955352072685974,0.0,0.5275862068965518,0.4724137931034483
0.3216221851542952,0.0,0.3758620689655172,0.6241379310344828
0.3220143134039063,0.0,0.3724137931034483,0.6275862068965518
0.3221004295659902,0.0,0.3689655172413793,0.6310344827586207
0.3431722230310088,0.0,0.25862068965517243,0.7413793103448276
0.3431849198225861,0.0,0.25517241379310346,0.7448275862068966
0.3455599938546628,0.0,0.2517241379310345,0.7482758620689656
0.3459475074281941,0.0,0.2482758620689655,0.7517241379310344
0.346619460941069,0.0,0.24482758620689654,0.7551724137931034
0.3490532959326788,0.0,0.2413793103448276,0.7586206896551724
0.3493449781659388,0.0,0.23793103448275862,0.7620689655172413
0.3495759813978936,0.0,0.23448275862068965,0.7655172413793103
0.3497163755784445,0.0,0.23103448275862068,0.7689655172413793
0.3522359290670778,0.0,0.22758620689655173,0.7724137931034483
0.3523170541426119,0.0,0.22413793103448276,0.7758620689655172
0.3527385752688172,0.0,0.2206896551724138,0.7793103448275862
0.3420649015175976,0.0,0.2620689655172414,0.7379310344827587
0.3533608116677235,0.0,0.21724137931034482,0.7827586206896552
0.354688618468146,0.0,0.2103448275862069,0.7896551724137931
0.3548891204048221,0.0,0.20689655172413793,0.7931034482758621
0.3556731772774713,0.0,0.20344827586206896,0.7965517241379311
0.3559086701635298,0.0,0.2,0.8
0.3564043653072946,0.0,0.19655172413793104,0.803448275862069
0.3587509349289454,0.0,0.1896551724137931,0.8103448275862069
0.3597256857855361,0.0,0.18620689655172415,0.8137931034482758
0.3599728014505893,0.0,0.18275862068965518,0.8172413793103448
0.3603564754923099,0.0,0.1793103448275862,0.8206896551724138
0.3617870427774333,0.0,0.17586206896551723,0.8241379310344827
0.3622303440898556,0.0,0.1724137931034483,0.8275862068965517
0.3628519527702089,0.0,0.16896551724137931,0.8310344827586207
0.3543350768743065,0.0,0.21379310344827587,0.7862068965517242
0.3415772453329413,0.0,0.2655172413793103,0.7344827586206897
0.3407076431269979,0.0,0.2689655172413793,0.7310344827586207
0.3404380420402763,0.0,0.27241379310344827,0.7275862068965517
0.3236799765979231,0.0,0.36551724137931035,0.6344827586206897
0.32455165846691,0.0,0.3620689655172414,0.6379310344827587
0.3253496503496503,0.0,0.3586206896551724,0.6413793103448275
0.325438716753496,0.0,0.35517241379310344,0.6448275862068965
0.3261578863600191,0.0,0.35172413793103446,0.6482758620689655
0.328297743449947,0.0,0.3482758620689655,0.6517241379310345
0.328496427008896,0.0,0.3448275862068966,0.6551724137931034
0.3287922243467177,0.0,0.3413793103448276,0.6586206896551724
0.3290238450074516,0.0,0.33793103448275863,0.6620689655172414
0.3292568542568542,0.0,0.33448275862068966,0.6655172413793103
0.3294801737424688,0.0,0.3310344827586207,0.6689655172413793
0.3314416273584906,0.0,0.3275862068965517,0.6724137931034483
0.3323233933981821,0.0,0.32413793103448274,0.6758620689655173
0.3323463268365817,0.0,0.32068965517241377,0.6793103448275862
0.3325428523880845,0.0,0.31724137931034485,0.6827586206896552
0.3343377921505218,0.0,0.3137931034482759,0.6862068965517242
0.3349739839684995,0.0,0.3103448275862069,0.6896551724137931
0.3350887752031297,0.0,0.30689655172413793,0.6931034482758621
0.3358489229024943,0.0,0.30344827586206896,0.696551724137931
0.3360820244328097,0.0,0.3,0.7
0.3365869471257743,0.0,0.296551724137931,0.7034482758620689
0.3367771781033153,0.0,0.29310344827586204,0.7068965517241379
0.3377784290738569,0.0,0.2896551724137931,0.7103448275862069
0.3381567230632235,0.0,0.28620689655172415,0.7137931034482758
0.3382007516442217,0.0,0.2827586206896552,0.7172413793103448
0.3386839304717985,0.0,0.2793103448275862,0.7206896551724138
0.3399764547595021,0.0,0.27586206896551724,0.7241379310344828
0.2879390085272438,0.0,0.5758620689655173,0.4241379310344828
0.2873951372102943,0.0,0.5793103448275863,0.4206896551724138
0.3587407749077491,0.0,0.19310344827586207,0.8068965517241379
0.2871408045977011,0.0,0.5862068965517241,0.41379310344827586
0.2154713998275366,0.0,0.8896551724137931,0.1103448275862069
0.2184228301249577,0.0,0.8862068965517241,0.11379310344827587
0.2214440433212996,0.0,0.8793103448275862,0.1206896551724138
0.2214700193423597,0.0,0.8758620689655172,0.12413793103448276
0.2219833662249788,0.0,0.8724137931034482,0.12758620689655173
0.2240453866014404,0.0,0.8689655172413793,0.1310344827586207
0.2241244860343116,0.0,0.8655172413793103,0.13448275862068965
0.2243535095197499,0.0,0.8620689655172413,0.13793103448275862
0.2248008453909933,0.0,0.8586206896551725,0.1413793103448276
0.2248028045574057,0.0,0.8551724137931035,0.14482758620689656
0.2254686168702073,0.0,0.8517241379310345,0.1482758620689655
0.2264615633074935,0.0,0.8482758620689655,0.15172413793103448
0.2143442622950819,0.0,0.8931034482758621,0.10689655172413794
0.2277653475038456,0.0,0.8448275862068966,0.15517241379310345
0.2340220385674931,0.0,0.8379310344827586,0.16206896551724137
0.2343963865316178,0.0,0.8344827586206897,0.16551724137931034
0.2366183440200724,0.0,0.8310344827586207,0.16896551724137931
0.2368663921624307,0.0,0.8275862068965517,0.1724137931034483
0.2378109452736318,0.0,0.8241379310344827,0.17586206896551723
0.238268156424581,0.0,0.8206896551724138,0.1793103448275862
0.2383433688436004,0.0,0.8172413793103448,0.18275862068965518
0.2406677727084197,0.0,0.8137931034482758,0.18620689655172415
0.240686931902846,0.0,0.8103448275862069,0.1896551724137931
0.2417880605541273,0.0,0.8068965517241379,0.19310344827586207
0.2426698727893267,0.0,0.803448275862069,0.19655172413793104
0.2431511660578814,0.0,0.8,0.2
0.2331782632146709,0.0,0.8413793103448276,0.15862068965517243
0.214164689935615,0.0,0.896551724137931,0.10344827586206896
0.2121542940320233,0.0,0.9,0.1
0.211429023079355,0.0,0.903448275862069,0.09655172413793103
0.1467849753302562,0.0,0.993103448275862,0.006896551724137931
0.1675162529550827,0.0,0.9896551724137931,0.010344827586206896
0.1739032789339721,0.0,0.9862068965517241,0.013793103448275862
0.177111903455842,0.0,0.9827586206896551,0.017241379310344827
0.1773184759166067,0.0,0.9793103448275862,0.020689655172413793
0.1778354178510517,0.0,0.9758620689655172,0.02413793103448276
0.1803571428571428,0.0,0.9724137931034482,0.027586206896551724
0.2872659960882928,0.0,0.5827586206896552,0.41724137931034483
0.1886772708246128,0.0,0.9689655172413794,0.03103448275862069
0.1933504775900073,0.0,0.9655172413793104,0.034482758620689655
0.1946896145925272,0.0,0.9620689655172414,0.03793103448275862
0.1952264808362369,0.0,0.9586206896551724,0.041379310344827586
0.1952730941057789,0.0,0.9551724137931035,0.04482758620689655
0.1991409871829833,0.0,0.9517241379310345,0.04827586206896552
0.1996859834427633,0.0,0.9482758620689655,0.05172413793103448
0.2002786112301757,0.0,0.9448275862068966,0.05517241379310345
0.2016871165644171,0.0,0.9413793103448276,0.05862068965517241
0.2031317494600432,0.0,0.9379310344827586,0.06206896551724138
0.2045454545454545,0.0,0.9344827586206896,0.06551724137931035
0.2062970618632806,0.0,0.9310344827586207,0.06896551724137931
0.2071347997743937,0.0,0.9275862068965517,0.07241379310344828
0.2077793605571383,0.0,0.9241379310344827,0.07586206896551724
0.2078725463090959,0.0,0.9206896551724137,0.07931034482758621
0.209040959040959,0.0,0.9172413793103448,0.08275862068965517
0.2092160302253407,0.0,0.9137931034482759,0.08620689655172414
0.2097625329815303,0.0,0.9103448275862069,0.0896551724137931
0.2100610178893357,0.0,0.906896551724138,0.09310344827586207
0.2440257352941176,0.0,0.7965517241379311,0.20344827586206896
0.244472672342763,0.0,0.7931034482758621,0.20689655172413793
0.2205101327742837,0.0,0.8827586206896552,0.11724137931034483
0.2467419635099913,0.0,0.7862068965517242,0.21379310344827587
0.2748477195067598,0.0,0.6793103448275862,0.32068965517241377
0.2780081478248217,0.0,0.6758620689655173,0.32413793103448274
0.2787373661185699,0.0,0.6724137931034483,0.3275862068965517
0.278850060950833,0.0,0.6689655172413793,0.3310344827586207
0.2792189679218967,0.0,0.6655172413793103,0.33448275862068966
0.2793823990871488,0.0,0.6620689655172414,0.33793103448275863
0.2798746829777711,0.0,0.6586206896551724,0.3413793103448276
0.2801610440094405,0.0,0.6551724137931034,0.3448275862068966
0.2805977229601518,0.0,0.6517241379310345,0.3482758620689655
0.2808237861429351,0.0,0.6482758620689655,0.35172413793103446
0.2818840579710145,0.0,0.6448275862068965,0.35517241379310344
0.2819003285870756,0.0,0.6413793103448275,0.3586206896551724
0.282074780058651,0.0,0.6379310344827587,0.3620689655172414
0.2821737311767986,0.0,0.6344827586206897,0.36551724137931035
0.2828279164248404,0.0,0.6310344827586207,0.3689655172413793
0.2830250036132389,0.0,0.6275862068965518,0.3724137931034483
0.2841055341055341,0.0,0.6241379310344828,0.3758620689655172
0.2846744696415508,0.0,0.6206896551724138,0.3793103448275862
0.2848342939481268,0.0,0.6172413793103448,0.38275862068965516
0.2848956686689851,0.0,0.6137931034482759,0.38620689655172413
0.2851551174253406,0.0,0.6103448275862069,0.3896551724137931
0.2854066647839593,0.0,0.6068965517241379,0.3931034482758621
0.2856680569538329,0.0,0.603448275862069,0.39655172413793105
0.2451235854675402,0.0,0.7896551724137931,0.2103448275862069
0.2864103338872941,0.0,0.596551724137931,0.40344827586206894
0.2865706583427923,0.0,0.593103448275862,0.4068965517241379
0.2868509826928718,0.0,0.5896551724137931,0.4103448275862069
0.2730856709628506,0.0,0.6827586206896552,0.31724137931034485
0.271518544436669,0.0,0.6862068965517242,0.3137931034482759
0.2861377964575202,0.0,0.6,0.4
0.27097875569044,0.0,0.6931034482758621,0.30689655172413793
0.2499645339764505,0.0,0.7827586206896552,0.21724137931034482
0.2516252528171049,0.0,0.7793103448275862,0.2206896551724138
0.2552026712222395,0.0,0.7758620689655172,0.22413793103448276
0.2558669243511872,0.0,0.7724137931034483,0.22758620689655173
0.2559049413128532,0.0,0.7689655172413793,0.23103448275862068
0.2562362938596491,0.0,0.7655172413793103,0.23448275862068965
0.2571121647651504,0.0,0.7620689655172413,0.23793103448275862
0.2572720422004521,0.0,0.7551724137931034,0.24482758620689654
0.2577789699570815,0.0,0.7517241379310344,0.2482758620689655
0.2580608878224355,0.0,0.7482758620689656,0.2517241379310345
0.2602306547619047,0.0,0.7448275862068966,0.25517241379310346
0.260856348792774,0.0,0.7413793103448276,0.25862068965517243
0.2610371692906996,0.0,0.7379310344827587,0.2620689655172414
0.2571965399886557,0.0,0.7586206896551724,0.2413793103448276
0.2616168973051712,0.0,0.7310344827586207,0.2689655172413793
0.2611353711790393,0.0,0.7344827586206897,0.2655172413793103
0.2696853475266124,0.0,0.7,0.3
0.2690362461365552,0.0,0.7034482758620689,0.296551724137931
0.2669572223849985,0.0,0.7068965517241379,0.29310344827586204
0.2655690765926986,0.0,0.7103448275862069,0.2896551724137931
0.2708453133985048,0.0,0.696551724137931,0.30344827586206896
0.271259842519685,0.0,0.6896551724137931,0.3103448275862069
0.2630638063806381,0.0,0.7172413793103448,0.2827586206896552
0.2630269320843091,0.0,0.7206896551724138,0.2793103448275862
0.2627483927527761,0.0,0.7241379310344828,0.27586206896551724
0.2622996349785748,0.0,0.7275862068965517,0.27241379310344827
0.2631675739296749,0.0,0.7137931034482758,0.28620689655172415
0.3637869913686806,0.0006309148264984228,0.16896551724137931,0.8310344827586207
0.3649309066397034,0.0006309148264984228,0.16551724137931034,0.8344827586206897
0.3670785525154457,0.0012618296529968455,0.15862068965517243,0.8413793103448276
0.3661126910771418,0.0012618296529968455,0.16206896551724137,0.8379310344827586
0.3651622367966862,0.0012618296529968455,0.16551724137931034,0.8344827586206897
0.3680093209054594,0.0018927444794952682,0.15862068965517243,0.8413793103448276
0.3684270865178844,0.0018927444794952682,0.15517241379310345,0.8448275862068966
0.3700161243037232,0.0018927444794952682,0.15172413793103448,0.8482758620689655
0.3702853394555592,0.002523659305993691,0.15172413793103448,0.8482758620689655
0.370346285156885,0.002523659305993691,0.1482758620689655,0.8517241379310345
0.3704438565549676,0.002523659305993691,0.14482758620689656,0.8551724137931035
0.3719234989810315,0.002523659305993691,0.1413793103448276,0.8586206896551725
0.3739739256397875,0.0031545741324921135,0.13793103448275862,0.8620689655172413
0.3723902679598882,0.0031545741324921135,0.1413793103448276,0.8586206896551725
0.3743010975357216,0.0037854889589905363,0.13793103448275862,0.8620689655172413
0.3743130789762914,0.0037854889589905363,0.13448275862068965,0.8655172413793103
0.3746411139821992,0.0037854889589905363,0.1310344827586207,0.8689655172413793
0.3748144299287411,0.004416403785488959,0.1310344827586207,0.8689655172413793
0.3759548058561426,0.005047318611987382,0.1310344827586207,0.8689655172413793
0.3763724511621275,0.0056782334384858045,0.1310344827586207,0.8689655172413793
0.3765126050420168,0.006309148264984227,0.1310344827586207,0.8689655172413793
0.3765709156193896,0.006309148264984227,0.12758620689655173,0.8724137931034482
0.3766555137320507,0.00694006309148265,0.12758620689655173,0.8724137931034482
0.3768227168073676,0.007570977917981073,0.12758620689655173,0.8724137931034482
0.3769138755980861,0.008201892744479496,0.12758620689655173,0.8724137931034482
0.3771281721811757,0.008201892744479496,0.12413793103448276,0.8758620689655172
0.3776771806853582,0.008201892744479496,0.1206896551724138,0.8793103448275862
0.3779653284671533,0.008832807570977918,0.1206896551724138,0.8793103448275862
0.3782119914346895,0.008832807570977918,0.11724137931034483,0.8827586206896552
0.3784626599708408,0.00946372239747634,0.11724137931034483,0.8827586206896552
0.3785820158102767,0.010094637223974764,0.11724137931034483,0.8827586206896552
0.3786038343333821,0.010725552050473186,0.11724137931034483,0.8827586206896552
0.3789079863683509,0.011356466876971609,0.11724137931034483,0.8827586206896552
0.3791806020066889,0.011987381703470032,0.11724137931034483,0.8827586206896552
0.3801237144134744,0.012618296529968454,0.11724137931034483,0.8827586206896552
0.3802107546877421,0.013249211356466877,0.11724137931034483,0.8827586206896552
0.380231152742106,0.013249211356466877,0.11379310344827587,0.8862068965517241
0.3809050772626932,0.013249211356466877,0.1103448275862069,0.8896551724137931
0.3815991085109346,0.0138801261829653,0.1103448275862069,0.8896551724137931
0.381675469483568,0.014511041009463722,0.1103448275862069,0.8896551724137931
0.3819454734034672,0.015141955835962145,0.1103448275862069,0.8896551724137931
0.3827828241123038,0.015772870662460567,0.1103448275862069,0.8896551724137931
0.3832283464566929,0.015772870662460567,0.10689655172413794,0.8931034482758621
0.3839285714285714,0.016403785488958992,0.10689655172413794,0.8931034482758621
0.3848019723238428,0.017034700315457414,0.10689655172413794,0.8931034482758621
0.3848748374512353,0.017665615141955835,0.10689655172413794,0.8931034482758621
0.3850265164070268,0.01829652996845426,0.10689655172413794,0.8931034482758621
0.3851137562151575,0.01892744479495268,0.10689655172413794,0.8931034482758621
0.3854715875805506,0.019558359621451103,0.10689655172413794,0.8931034482758621
0.3856828910955559,0.02018927444794953,0.10689655172413794,0.8931034482758621
0.3860785272075595,0.02082018927444795,0.10689655172413794,0.8931034482758621
0.38648108018003,0.02145110410094637,0.10689655172413794,0.8931034482758621
0.3870806709265175,0.022082018927444796,0.10689655172413794,0.8931034482758621
0.3872853638593622,0.022712933753943218,0.10689655172413794,0.8931034482758621
0.3873737373737373,0.02334384858044164,0.10689655172413794,0.8931034482758621
0.3878326996197718,0.023974763406940065,0.10689655172413794,0.8931034482758621
0.3878879310344827,0.023974763406940065,0.10344827586206896,0.896551724137931
0.3878952411370169,0.024605678233438486,0.10344827586206896,0.896551724137931
0.3883466800133466,0.025236593059936908,0.10344827586206896,0.896551724137931
0.3884869939972294,0.025867507886435333,0.10344827586206896,0.896551724137931
0.3891658114645946,0.026498422712933754,0.10344827586206896,0.896551724137931
0.3895720784759738,0.027129337539432176,0.10344827586206896,0.896551724137931
0.3903981264637002,0.0277602523659306,0.10344827586206896,0.896551724137931
0.3904389248043552,0.028391167192429023,0.10344827586206896,0.896551724137931
0.3905847869602516,0.029022082018927444,0.10344827586206896,0.896551724137931
0.3906064712857869,0.02965299684542587,0.10344827586206896,0.896551724137931
0.3910044546630263,0.03028391167192429,0.10344827586206896,0.896551724137931
0.3916104429451452,0.030914826498422712,0.10344827586206896,0.896551724137931
0.3917185646500593,0.031545741324921134,0.10344827586206896,0.896551724137931
0.3919668703763267,0.032176656151419555,0.10344827586206896,0.896551724137931
0.3921061853863676,0.032807570977917984,0.10344827586206896,0.896551724137931
0.3922565077508043,0.033438485804416405,0.10344827586206896,0.896551724137931
0.3924380165289256,0.03406940063091483,0.10344827586206896,0.896551724137931
0.39253529588465,0.03470031545741325,0.10344827586206896,0.896551724137931
0.3925799809946151,0.03533123028391167,0.10344827586206896,0.896551724137931
0.3928847940538866,0.03596214511041009,0.10344827586206896,0.896551724137931
0.39296,0.03659305993690852,0.10344827586206896,0.896551724137931
0.3933881406331992,0.03722397476340694,0.10344827586206896,0.896551724137931
0.393457868348698,0.03785488958990536,0.10344827586206896,0.896551724137931
0.3934691011235955,0.03785488958990536,0.1,0.9
0.3934814814814815,0.038485804416403785,0.1,0.9
0.3936195445920303,0.039116719242902206,0.1,0.9
0.3937576875768758,0.03974763406940063,0.1,0.9
0.3937927582179209,0.04037854889589906,0.1,0.9
0.3938776968138305,0.04100946372239748,0.1,0.9
0.3947619047619047,0.0416403785488959,0.09655172413793103,0.903448275862069
0.3945546838947854,0.0416403785488959,0.1,0.9
0.3951002959552778,0.04227129337539432,0.09655172413793103,0.903448275862069
0.3951944492033579,0.04290220820189274,0.09655172413793103,0.903448275862069
0.3952012835472578,0.043533123028391164,0.09655172413793103,0.903448275862069
0.3954380298748486,0.04416403785488959,0.09655172413793103,0.903448275862069
0.3954408738325154,0.04416403785488959,0.09310344827586207,0.906896551724138
0.395477886367401,0.044794952681388014,0.09310344827586207,0.906896551724138
0.3957162323283938,0.045425867507886436,0.09310344827586207,0.906896551724138
0.3957667731629393,0.045425867507886436,0.0896551724137931,0.9103448275862069
0.3959731543624161,0.045425867507886436,0.08620689655172414,0.9137931034482759
0.396158290005777,0.04605678233438486,0.08620689655172414,0.9137931034482759
0.3963193568726356,0.04668769716088328,0.08620689655172414,0.9137931034482759
0.3964990062681547,0.0473186119873817,0.08620689655172414,0.9137931034482759
0.3966873392830131,0.04794952681388013,0.08620689655172414,0.9137931034482759
0.3969428007889546,0.04858044164037855,0.08620689655172414,0.9137931034482759
0.3969832148797822,0.04921135646687697,0.08620689655172414,0.9137931034482759
0.3970013591573225,0.049842271293375394,0.08620689655172414,0.9137931034482759
0.3971313496629952,0.050473186119873815,0.08620689655172414,0.9137931034482759
0.3973504680310963,0.05110410094637224,0.08620689655172414,0.9137931034482759
0.397407524502055,0.051735015772870666,0.08620689655172414,0.9137931034482759
0.3975271304038427,0.05236593059936909,0.08620689655172414,0.9137931034482759
0.3975390625,0.05299684542586751,0.08620689655172414,0.9137931034482759
0.397722025550254,0.05362776025236593,0.08620689655172414,0.9137931034482759
0.3978825649496921,0.05425867507886435,0.08620689655172414,0.9137931034482759
0.3979383778885365,0.05488958990536277,0.08620689655172414,0.9137931034482759
0.3979484085080706,0.0555205047318612,0.08620689655172414,0.9137931034482759
0.3981240428790199,0.05615141955835962,0.08620689655172414,0.9137931034482759
0.398353271304091,0.056782334384858045,0.08620689655172414,0.9137931034482759
0.3987059348505131,0.05741324921135647,0.08620689655172414,0.9137931034482759
0.3989152716091561,0.05804416403785489,0.08620689655172414,0.9137931034482759
0.399008966493629,0.05867507886435331,0.08620689655172414,0.9137931034482759
0.3990450791465932,0.05930599369085174,0.08620689655172414,0.9137931034482759
0.3992880770890263,0.05993690851735016,0.08620689655172414,0.9137931034482759
0.3994593651900942,0.06056782334384858,0.08620689655172414,0.9137931034482759
0.3994903737259343,0.061198738170347,0.08620689655172414,0.9137931034482759
0.3996365438625475,0.061829652996845424,0.08620689655172414,0.9137931034482759
0.3999364675984752,0.062460567823343846,0.08620689655172414,0.9137931034482759
0.4004586199708151,0.06309148264984227,0.08620689655172414,0.9137931034482759
0.4007624200688637,0.06372239747634069,0.08620689655172414,0.9137931034482759
0.400947248081006,0.06435331230283911,0.08620689655172414,0.9137931034482759
0.4010125123477115,0.06498422712933755,0.08620689655172414,0.9137931034482759
0.4010424831478288,0.06561514195583597,0.08620689655172414,0.9137931034482759
0.4010543082524271,0.06624605678233439,0.08620689655172414,0.9137931034482759
0.4013073098876818,0.06687697160883281,0.08620689655172414,0.9137931034482759
0.4013630367873369,0.06750788643533123,0.08620689655172414,0.9137931034482759
0.4015871854885898,0.06813880126182965,0.08620689655172414,0.9137931034482759
0.4017020612117427,0.06876971608832808,0.08620689655172414,0.9137931034482759
0.4017288444040036,0.06876971608832808,0.08275862068965517,0.9172413793103448
0.4017357762777242,0.0694006309148265,0.08275862068965517,0.9172413793103448
0.4018900343642612,0.07003154574132492,0.08275862068965517,0.9172413793103448
0.4019165310048838,0.07066246056782334,0.08275862068965517,0.9172413793103448
0.4020239190432382,0.07129337539432176,0.08275862068965517,0.9172413793103448
0.4020357257804957,0.07192429022082018,0.08275862068965517,0.9172413793103448
0.4021206488678607,0.07255520504731862,0.08275862068965517,0.9172413793103448
0.4021723544594207,0.07318611987381704,0.08275862068965517,0.9172413793103448
0.4022177419354839,0.07381703470031546,0.08275862068965517,0.9172413793103448
0.4023600185099491,0.07444794952681388,0.08275862068965517,0.9172413793103448
0.4023994811932555,0.0750788643533123,0.08275862068965517,0.9172413793103448
0.402611455778387,0.07570977917981073,0.08275862068965517,0.9172413793103448
0.40271047849788,0.07634069400630915,0.08275862068965517,0.9172413793103448
0.4028497409326425,0.07697160883280757,0.08275862068965517,0.9172413793103448
0.4029374201787994,0.07760252365930599,0.08275862068965517,0.9172413793103448
0.4029552715654952,0.07823343848580441,0.08275862068965517,0.9172413793103448
0.4032497525569119,0.07886435331230283,0.08275862068965517,0.9172413793103448
0.403283833435395,0.07949526813880126,0.08275862068965517,0.9172413793103448
0.4033562960589554,0.08012618296529968,0.08275862068965517,0.9172413793103448
0.4035594211372606,0.08075709779179811,0.08275862068965517,0.9172413793103448
0.403567657263539,0.08138801261829653,0.08275862068965517,0.9172413793103448
0.4035796766743649,0.08201892744479496,0.08275862068965517,0.9172413793103448
0.4037403740374037,0.08264984227129338,0.08275862068965517,0.9172413793103448
0.4038736165655123,0.0832807570977918,0.08275862068965517,0.9172413793103448
0.4039609130240191,0.08391167192429022,0.08275862068965517,0.9172413793103448
0.4040713145290048,0.08391167192429022,0.07931034482758621,0.9206896551724137
0.4041526474234106,0.08454258675078864,0.07931034482758621,0.9206896551724137
0.4042872536945813,0.08517350157728706,0.07931034482758621,0.9206896551724137
0.4043713702715429,0.08580441640378549,0.07931034482758621,0.9206896551724137
0.4044653263403263,0.08643533123028391,0.07931034482758621,0.9206896551724137
0.4045031055900621,0.08706624605678233,0.07931034482758621,0.9206896551724137
0.4045789305155299,0.08769716088328075,0.07931034482758621,0.9206896551724137
0.404600598708051,0.08832807570977919,0.07931034482758621,0.9206896551724137
0.4046364985163205,0.08895899053627761,0.07931034482758621,0.9206896551724137
0.4048214593755391,0.08958990536277603,0.07931034482758621,0.9206896551724137
0.404833836858006,0.09022082018927445,0.07931034482758621,0.9206896551724137
0.4049211248285322,0.09022082018927445,0.07586206896551724,0.9241379310344827
0.4049898462431099,0.09022082018927445,0.07241379310344828,0.9275862068965517
0.4050415876258573,0.09022082018927445,0.06896551724137931,0.9310344827586207
0.4052745317752521,0.09085173501577287,0.06896551724137931,0.9310344827586207
0.4053962900505902,0.0914826498422713,0.06896551724137931,0.9310344827586207
0.4054889131225009,0.09211356466876972,0.06896551724137931,0.9310344827586207
0.4055880493202656,0.09274447949526814,0.06896551724137931,0.9310344827586207
0.4060840173829068,0.09337539432176656,0.06896551724137931,0.9310344827586207
0.4060973624226636,0.09400630914826498,0.06896551724137931,0.9310344827586207
0.4061307251908397,0.0946372239747634,0.06896551724137931,0.9310344827586207
0.4061641745498932,0.09526813880126182,0.06896551724137931,0.9310344827586207
0.40625,0.09589905362776026,0.06896551724137931,0.9310344827586207
0.4063224609676921,0.09652996845425868,0.06896551724137931,0.9310344827586207
0.4064217891054473,0.0971608832807571,0.06896551724137931,0.9310344827586207
0.4064456574088939,0.09779179810725552,0.06896551724137931,0.9310344827586207
0.4065851735015773,0.09842271293375394,0.06896551724137931,0.9310344827586207
0.4068369646882043,0.09905362776025237,0.06896551724137931,0.9310344827586207
0.4068926393419373,0.09968454258675079,0.06896551724137931,0.9310344827586207
0.4069373942470389,0.10031545741324921,0.06896551724137931,0.9310344827586207
0.4070381731424676,0.10094637223974763,0.06896551724137931,0.9310344827586207
0.4070424810208367,0.10157728706624605,0.06896551724137931,0.9310344827586207
0.4072263920404957,0.10220820189274447,0.06896551724137931,0.9310344827586207
0.4073222083593262,0.1028391167192429,0.06896551724137931,0.9310344827586207
0.4074713611859838,0.10347003154574133,0.06896551724137931,0.9310344827586207
0.4075079573113649,0.10410094637223975,0.06896551724137931,0.9310344827586207
0.4075088623912343,0.10473186119873817,0.06896551724137931,0.9310344827586207
0.4075745366639806,0.1053627760252366,0.06896551724137931,0.9310344827586207
0.4076735585812742,0.10599369085173502,0.06896551724137931,0.9310344827586207
0.407679180887372,0.10662460567823344,0.06896551724137931,0.9310344827586207
0.4077702141789806,0.10725552050473186,0.06896551724137931,0.9310344827586207
0.4078011180755548,0.10788643533123028,0.06896551724137931,0.9310344827586207
0.4078032935488744,0.1085173501577287,0.06896551724137931,0.9310344827586207
0.4078510436432637,0.10914826498422713,0.06896551724137931,0.9310344827586207
0.4079061685490877,0.10977917981072555,0.06896551724137931,0.9310344827586207
0.4081902718168813,0.11041009463722397,0.06896551724137931,0.9310344827586207
0.4083222811671088,0.1110410094637224,0.06896551724137931,0.9310344827586207
0.4085454840278903,0.11167192429022083,0.06896551724137931,0.9310344827586207
0.4085644732959575,0.11230283911671925,0.06896551724137931,0.9310344827586207
0.4087242859257067,0.11293375394321767,0.06896551724137931,0.9310344827586207
0.4087308650765397,0.11356466876971609,0.06896551724137931,0.9310344827586207
0.4088282504012841,0.11419558359621451,0.06896551724137931,0.9310344827586207
0.4089211947886876,0.11482649842271293,0.06896551724137931,0.9310344827586207
0.4089501004688546,0.11545741324921135,0.06896551724137931,0.9310344827586207
0.4090447154471545,0.11608832807570978,0.06896551724137931,0.9310344827586207
0.4091012600576894,0.1167192429022082,0.06896551724137931,0.9310344827586207
0.4091022236973116,0.11735015772870662,0.06896551724137931,0.9310344827586207
0.409130624726955,0.11735015772870662,0.06551724137931035,0.9344827586206896
0.409147146156384,0.11798107255520504,0.06551724137931035,0.9344827586206896
0.4093168845516479,0.11861198738170348,0.06551724137931035,0.9344827586206896
0.4093965517241379,0.1192429022082019,0.06551724137931035,0.9344827586206896
0.40970715835141,0.11987381703470032,0.06551724137931035,0.9344827586206896
0.4098188831125272,0.12050473186119874,0.06551724137931035,0.9344827586206896
0.4098441345365053,0.12050473186119874,0.06206896551724138,0.9379310344827586
0.4099492461561427,0.12113564668769716,0.06206896551724138,0.9379310344827586
0.4099682707562136,0.12176656151419558,0.06206896551724138,0.9379310344827586
0.4100044662795891,0.122397476340694,0.06206896551724138,0.9379310344827586
0.4100119635112905,0.12302839116719243,0.06206896551724138,0.9379310344827586
0.4100934094447327,0.12365930599369085,0.06206896551724138,0.9379310344827586
0.4101360544217687,0.12429022082018927,0.06206896551724138,0.9379310344827586
0.4102229188436085,0.12492113564668769,0.06206896551724138,0.9379310344827586
0.4102508336958098,0.12555205047318613,0.06206896551724138,0.9379310344827586
0.4102936431106808,0.12618296529968454,0.06206896551724138,0.9379310344827586
0.4103265589716866,0.12681388012618297,0.06206896551724138,0.9379310344827586
0.4103433098591549,0.12744479495268138,0.06206896551724138,0.9379310344827586
0.4104118381173114,0.1280757097791798,0.06206896551724138,0.9379310344827586
0.4104295837023915,0.12870662460567822,0.06206896551724138,0.9379310344827586
0.4104518025684666,0.12933753943217666,0.06206896551724138,0.9379310344827586
0.4104651162790698,0.1299684542586751,0.06206896551724138,0.9379310344827586
0.4105356318300754,0.1305993690851735,0.06206896551724138,0.9379310344827586
0.4105478331970564,0.13123028391167194,0.06206896551724138,0.9379310344827586
0.4105960264900662,0.13186119873817034,0.06206896551724138,0.9379310344827586
0.410675105485232,0.13249211356466878,0.06206896551724138,0.9379310344827586
0.4106981981981982,0.1331230283911672,0.06206896551724138,0.9379310344827586
0.4107142857142857,0.13375394321766562,0.06206896551724138,0.9379310344827586
0.410937275728434,0.13438485804416403,0.06206896551724138,0.9379310344827586
0.4109917355371901,0.13438485804416403,0.05862068965517241,0.9413793103448276
0.4110300820419325,0.13501577287066246,0.05862068965517241,0.9413793103448276
0.411058881741712,0.13564668769716087,0.05862068965517241,0.9413793103448276
0.411223816592446,0.1362776025236593,0.05862068965517241,0.9413793103448276
0.4112301200908795,0.13690851735015772,0.05862068965517241,0.9413793103448276
0.4112389813907933,0.13753943217665615,0.05862068965517241,0.9413793103448276
0.4113402840737383,0.1381703470031546,0.05862068965517241,0.9413793103448276
0.4114543361473523,0.138801261829653,0.05862068965517241,0.9413793103448276
0.4114639761646804,0.13943217665615143,0.05862068965517241,0.9413793103448276
0.4115758274328997,0.14006309148264984,0.05862068965517241,0.9413793103448276
0.41163217623498,0.14069400630914827,0.05862068965517241,0.9413793103448276
0.4117075358851674,0.14132492113564668,0.05862068965517241,0.9413793103448276
0.411839306169203,0.14195583596214512,0.05862068965517241,0.9413793103448276
0.4118974621018565,0.14258675078864352,0.05862068965517241,0.9413793103448276
0.4120037511722413,0.14258675078864352,0.05517241379310345,0.9448275862068966
0.4121222353537059,0.14321766561514196,0.05517241379310345,0.9448275862068966
0.4121243885394828,0.14384858044164037,0.05517241379310345,0.9448275862068966
0.412156862745098,0.1444794952681388,0.05517241379310345,0.9448275862068966
0.4121996996996997,0.14511041009463724,0.05517241379310345,0.9448275862068966
0.4122418879056047,0.14574132492113565,0.05517241379310345,0.9448275862068966
0.4122856680685862,0.14637223974763408,0.05517241379310345,0.9448275862068966
0.4122869883739449,0.1470031545741325,0.05517241379310345,0.9448275862068966
0.4122940544412607,0.14763406940063092,0.05517241379310345,0.9448275862068966
0.4123931623931623,0.14826498422712933,0.05517241379310345,0.9448275862068966
0.4124249130572242,0.14889589905362777,0.05517241379310345,0.9448275862068966
0.4125119464797706,0.14952681388012617,0.05517241379310345,0.9448275862068966
0.4125176139032409,0.1501577287066246,0.05517241379310345,0.9448275862068966
0.4126895628902765,0.15078864353312302,0.05517241379310345,0.9448275862068966
0.4126966458889878,0.15141955835962145,0.05517241379310345,0.9448275862068966
0.4128888888888889,0.15205047318611986,0.05517241379310345,0.9448275862068966
0.4129594573276542,0.1526813880126183,0.05517241379310345,0.9448275862068966
0.4129638291237917,0.15331230283911673,0.05517241379310345,0.9448275862068966
0.4129672897196261,0.15394321766561514,0.05517241379310345,0.9448275862068966
0.4129695595854922,0.15457413249211358,0.05517241379310345,0.9448275862068966
0.4130181818181818,0.15520504731861198,0.05517241379310345,0.9448275862068966
0.4130338472443736,0.15583596214511042,0.05517241379310345,0.9448275862068966
0.413049918530588,0.15646687697160883,0.05517241379310345,0.9448275862068966
0.4131601857225769,0.15709779179810726,0.05517241379310345,0.9448275862068966
0.4131667198977962,0.15772870662460567,0.05517241379310345,0.9448275862068966
0.4133304195804196,0.1583596214511041,0.05517241379310345,0.9448275862068966
0.4133497133497134,0.1589905362776025,0.05517241379310345,0.9448275862068966
0.4134936211972522,0.15962145110410095,0.05172413793103448,0.9482758620689655
0.413417803768681,0.15962145110410095,0.05517241379310345,0.9448275862068966
0.4135386711064023,0.16025236593059936,0.05172413793103448,0.9482758620689655
0.413641245972073,0.1608832807570978,0.05172413793103448,0.9482758620689655
0.4137826613600969,0.16151419558359623,0.05172413793103448,0.9482758620689655
0.4139027531798422,0.16214511041009463,0.05172413793103448,0.9482758620689655
0.4139753128170443,0.16277602523659307,0.05172413793103448,0.9482758620689655
0.4139956433794927,0.16340694006309148,0.05172413793103448,0.9482758620689655
0.4141616314199395,0.1640378548895899,0.05172413793103448,0.9482758620689655
0.4143175735950045,0.16466876971608832,0.05172413793103448,0.9482758620689655
0.4143180674383492,0.16529968454258676,0.05172413793103448,0.9482758620689655
0.4143847955323365,0.16593059936908516,0.05172413793103448,0.9482758620689655
0.4143924378716268,0.1665615141955836,0.05172413793103448,0.9482758620689655
0.414396731293062,0.167192429022082,0.05172413793103448,0.9482758620689655
0.4144026056561805,0.16782334384858044,0.05172413793103448,0.9482758620689655
0.4144134477825465,0.16845425867507888,0.05172413793103448,0.9482758620689655
0.4145531400966183,0.16908517350157728,0.05172413793103448,0.9482758620689655
0.4146039603960396,0.16971608832807572,0.05172413793103448,0.9482758620689655
0.4146188008882309,0.17034700315457413,0.05172413793103448,0.9482758620689655
0.4146983721672518,0.17097791798107256,0.05172413793103448,0.9482758620689655
0.4147735877631379,0.17160883280757097,0.05172413793103448,0.9482758620689655
0.4150852052672347,0.17160883280757097,0.04827586206896552,0.9517241379310345
0.4152298850574712,0.1722397476340694,0.04827586206896552,0.9517241379310345
0.4153846153846154,0.17287066246056781,0.04827586206896552,0.9517241379310345
0.4153878231859883,0.17350157728706625,0.04827586206896552,0.9517241379310345
0.4155383091149273,0.17413249211356466,0.04827586206896552,0.9517241379310345
0.4157721606648199,0.1747634069400631,0.04827586206896552,0.9517241379310345
0.4157772621809745,0.1753943217665615,0.04827586206896552,0.9517241379310345
0.4159194588642441,0.17602523659305994,0.04827586206896552,0.9517241379310345
0.4159769555339175,0.17665615141955837,0.04827586206896552,0.9517241379310345
0.4161057003723861,0.17728706624605678,0.04827586206896552,0.9517241379310345
0.4163441238564391,0.17791798107255521,0.04827586206896552,0.9517241379310345
0.416359971959341,0.17854889589905362,0.04827586206896552,0.9517241379310345
0.4164511958629606,0.17917981072555206,0.04827586206896552,0.9517241379310345
0.4164526622153741,0.17981072555205047,0.04827586206896552,0.9517241379310345
0.4164574719432959,0.1804416403785489,0.04827586206896552,0.9517241379310345
0.4165631653655074,0.1810725552050473,0.04827586206896552,0.9517241379310345
0.4165976478383303,0.18170347003154574,0.04827586206896552,0.9517241379310345
0.4166360462979974,0.18233438485804415,0.04827586206896552,0.9517241379310345
0.4166812379786676,0.1829652996845426,0.04827586206896552,0.9517241379310345
0.416721044045677,0.18359621451104102,0.04827586206896552,0.9517241379310345
0.4167445119103223,0.18422712933753943,0.04827586206896552,0.9517241379310345
0.4167924844824693,0.18485804416403787,0.04827586206896552,0.9517241379310345
0.4168329177057356,0.18548895899053627,0.04827586206896552,0.9517241379310345
0.4168759417378201,0.1861198738170347,0.04827586206896552,0.9517241379310345
0.4168986636971046,0.18675078864353312,0.04827586206896552,0.9517241379310345
0.417002688172043,0.18738170347003155,0.04827586206896552,0.9517241379310345
0.4170426935091982,0.18801261829652996,0.04827586206896552,0.9517241379310345
0.4170568291895382,0.18801261829652996,0.04482758620689655,0.9551724137931035
0.4171539961013645,0.1886435331230284,0.04482758620689655,0.9551724137931035
0.4173501577287066,0.1892744479495268,0.04482758620689655,0.9551724137931035
0.4173848439821694,0.18990536277602524,0.04482758620689655,0.9551724137931035
0.417396155166495,0.19053627760252365,0.04482758620689655,0.9551724137931035
0.4175253768071362,0.19116719242902208,0.04482758620689655,0.9551724137931035
0.4175804614070065,0.19179810725552052,0.04482758620689655,0.9551724137931035
0.4176190476190476,0.19242902208201892,0.04482758620689655,0.9551724137931035
0.4176535273219421,0.19305993690851736,0.04482758620689655,0.9551724137931035
0.4177051671732523,0.19369085173501577,0.04482758620689655,0.9551724137931035
0.4177220018309429,0.1943217665615142,0.04482758620689655,0.9551724137931035
0.4177647436927527,0.1949526813880126,0.04482758620689655,0.9551724137931035
0.417767673301304,0.19558359621451105,0.04482758620689655,0.9551724137931035
0.4177765145363001,0.19558359621451105,0.041379310344827586,0.9586206896551724
0.4179147944749542,0.19621451104100945,0.041379310344827586,0.9586206896551724
0.4179319769207409,0.1968454258675079,0.041379310344827586,0.9586206896551724
0.4179353736212521,0.1974763406940063,0.041379310344827586,0.9586206896551724
0.4179383245906851,0.19810725552050473,0.041379310344827586,0.9586206896551724
0.417998352553542,0.19873817034700317,0.041379310344827586,0.9586206896551724
0.4180096361521847,0.19936908517350158,0.041379310344827586,0.9586206896551724
0.4180745814307458,0.2,0.041379310344827586,0.9586206896551724
0.4180981051885957,0.20063091482649842,0.041379310344827586,0.9586206896551724
0.4181041181041181,0.20126182965299685,0.041379310344827586,0.9586206896551724
0.4181124738259049,0.20189274447949526,0.041379310344827586,0.9586206896551724
0.418136131193793,0.2025236593059937,0.041379310344827586,0.9586206896551724
0.4181615958668197,0.2031545741324921,0.041379310344827586,0.9586206896551724
0.4181863395225464,0.20378548895899054,0.041379310344827586,0.9586206896551724
0.4182394801980198,0.20441640378548895,0.041379310344827586,0.9586206896551724
0.4183098591549296,0.20504731861198738,0.041379310344827586,0.9586206896551724
0.4183893582599317,0.2056782334384858,0.041379310344827586,0.9586206896551724
0.4186501842751843,0.20630914826498423,0.041379310344827586,0.9586206896551724
0.4188198643943558,0.20694006309148266,0.041379310344827586,0.9586206896551724
0.4189536878216123,0.20757097791798107,0.041379310344827586,0.9586206896551724
0.4189569019362898,0.2082018927444795,0.041379310344827586,0.9586206896551724
0.4189902331442974,0.2088328075709779,0.041379310344827586,0.9586206896551724
0.4190480216435576,0.20946372239747635,0.041379310344827586,0.9586206896551724
0.4190857524190857,0.21009463722397476,0.041379310344827586,0.9586206896551724
0.4191091240271568,0.2107255520504732,0.041379310344827586,0.9586206896551724
0.4191101694915254,0.2113564668769716,0.041379310344827586,0.9586206896551724
0.4191650853889943,0.21198738170347003,0.041379310344827586,0.9586206896551724
0.4192180699384661,0.21261829652996844,0.041379310344827586,0.9586206896551724
0.4192463533225283,0.21324921135646688,0.041379310344827586,0.9586206896551724
0.4192968111201962,0.2138801261829653,0.041379310344827586,0.9586206896551724
0.4192990727644193,0.2138801261829653,0.03793103448275862,0.9620689655172414
0.4193002257336343,0.21451104100946372,0.03793103448275862,0.9620689655172414
0.4193520140105078,0.21514195583596216,0.03793103448275862,0.9620689655172414
0.4193596425912137,0.21577287066246056,0.03793103448275862,0.9620689655172414
0.4193870277975766,0.216403785488959,0.03793103448275862,0.9620689655172414
0.4194152326322498,0.2170347003154574,0.03793103448275862,0.9620689655172414
0.4194255547602004,0.21766561514195584,0.03793103448275862,0.9620689655172414
0.4194831767202182,0.21829652996845425,0.03793103448275862,0.9620689655172414
0.4194868995633188,0.21892744479495269,0.03793103448275862,0.9620689655172414
0.4197224558452481,0.2195583596214511,0.03793103448275862,0.9620689655172414
0.4198041016222834,0.22018927444794953,0.03793103448275862,0.9620689655172414
0.4199037049126816,0.22082018927444794,0.03793103448275862,0.9620689655172414
0.4199144486692015,0.22145110410094637,0.03793103448275862,0.9620689655172414
0.4199466617620011,0.2220820189274448,0.03793103448275862,0.9620689655172414
0.4199622505842171,0.22271293375394322,0.03793103448275862,0.9620689655172414
0.4201,0.22334384858044165,0.03793103448275862,0.9620689655172414
0.4201130856219709,0.22397476340694006,0.03793103448275862,0.9620689655172414
0.4201610197920161,0.2246056782334385,0.03793103448275862,0.9620689655172414
0.4202782236490102,0.2252365930599369,0.03793103448275862,0.9620689655172414
0.4202904564315353,0.2252365930599369,0.034482758620689655,0.9655172413793104
0.420458050586058,0.22586750788643534,0.034482758620689655,0.9655172413793104
0.4205689627617069,0.22649842271293374,0.034482758620689655,0.9655172413793104
0.4206008583690987,0.22712933753943218,0.034482758620689655,0.9655172413793104
0.420810461737165,0.2277602523659306,0.034482758620689655,0.9655172413793104
0.4209176300578034,0.22839116719242902,0.034482758620689655,0.9655172413793104
0.4209300606239834,0.22902208201892746,0.034482758620689655,0.9655172413793104
0.4209467369037167,0.22965299684542587,0.034482758620689655,0.9655172413793104
0.4209519934906428,0.2302839116719243,0.034482758620689655,0.9655172413793104
0.4209725315515961,0.2309148264984227,0.034482758620689655,0.9655172413793104
0.4210174029451138,0.23154574132492114,0.034482758620689655,0.9655172413793104
0.4210296684118673,0.23217665615141955,0.034482758620689655,0.9655172413793104
0.4210853355426677,0.232807570977918,0.034482758620689655,0.9655172413793104
0.421122022185852,0.232807570977918,0.03103448275862069,0.9689655172413794
0.4211718188353702,0.2334384858044164,0.03103448275862069,0.9689655172413794
0.4212978232189973,0.23406940063091483,0.03103448275862069,0.9689655172413794
0.4213394269643171,0.23470031545741324,0.03103448275862069,0.9689655172413794
0.4213941107968724,0.23533123028391167,0.03103448275862069,0.9689655172413794
0.4214081373172282,0.23596214511041008,0.03103448275862069,0.9689655172413794
0.4214164185452999,0.23659305993690852,0.03103448275862069,0.9689655172413794
0.4214598311972491,0.23722397476340695,0.03103448275862069,0.9689655172413794
0.421474638312707,0.23785488958990536,0.03103448275862069,0.9689655172413794
0.4215380727762803,0.2384858044164038,0.03103448275862069,0.9689655172413794
0.4216538789428815,0.2391167192429022,0.03103448275862069,0.9689655172413794
0.4216538915094339,0.23974763406940064,0.03103448275862069,0.9689655172413794
0.4216550719948228,0.24037854889589905,0.03103448275862069,0.9689655172413794
0.4216680637049455,0.24100946372239748,0.03103448275862069,0.9689655172413794
0.4217167842896594,0.2416403785488959,0.03103448275862069,0.9689655172413794
0.4217779193882428,0.24227129337539433,0.03103448275862069,0.9689655172413794
0.4217794436772539,0.24290220820189273,0.03103448275862069,0.9689655172413794
0.4218365553602812,0.24353312302839117,0.03103448275862069,0.9689655172413794
0.4219072925893121,0.24416403785488958,0.03103448275862069,0.9689655172413794
0.4219713381103149,0.244794952681388,0.03103448275862069,0.9689655172413794
0.4219727784730913,0.24542586750788645,0.03103448275862069,0.9689655172413794
0.4219795983423653,0.24605678233438485,0.03103448275862069,0.9689655172413794
0.4220706260032102,0.2466876971608833,0.03103448275862069,0.9689655172413794
0.4221443178498393,0.2473186119873817,0.03103448275862069,0.9689655172413794
0.4222524668254508,0.24794952681388013,0.03103448275862069,0.9689655172413794
0.4222678296562339,0.24858044164037854,0.03103448275862069,0.9689655172413794
0.4222761970853574,0.24921135646687698,0.03103448275862069,0.9689655172413794
0.4222818368313082,0.24984227129337538,0.03103448275862069,0.9689655172413794
0.4222861842105263,0.2504731861198738,0.03103448275862069,0.9689655172413794
0.4223410446675396,0.25110410094637226,0.03103448275862069,0.9689655172413794
0.4223777495000909,0.25173501577287066,0.03103448275862069,0.9689655172413794
0.4224609375,0.25236593059936907,0.03103448275862069,0.9689655172413794
0.4225504924052746,0.25299684542586753,0.03103448275862069,0.9689655172413794
0.4225803618478834,0.25362776025236594,0.03103448275862069,0.9689655172413794
0.4226387197773525,0.25425867507886435,0.03103448275862069,0.9689655172413794
0.4226662352370167,0.25488958990536276,0.03103448275862069,0.9689655172413794
0.4226872938589602,0.2555205047318612,0.03103448275862069,0.9689655172413794
0.4227347611202636,0.2561514195583596,0.03103448275862069,0.9689655172413794
0.4227444428301612,0.25678233438485804,0.03103448275862069,0.9689655172413794
0.4227574750830565,0.25741324921135644,0.03103448275862069,0.9689655172413794
0.4227880488610102,0.2580441640378549,0.03103448275862069,0.9689655172413794
0.4227912122648964,0.2586750788643533,0.03103448275862069,0.9689655172413794
0.4228437168409883,0.2593059936908517,0.03103448275862069,0.9689655172413794
0.4228901540522438,0.2599369085173502,0.03103448275862069,0.9689655172413794
0.4228915662650602,0.2605678233438486,0.03103448275862069,0.9689655172413794
0.4229634486149811,0.261198738170347,0.03103448275862069,0.9689655172413794
0.4229828850855746,0.2618296529968454,0.03103448275862069,0.9689655172413794
0.4230081716036772,0.26246056782334387,0.03103448275862069,0.9689655172413794
0.4231159955670484,0.2630914826498423,0.03103448275862069,0.9689655172413794
0.4231175800943242,0.2637223974763407,0.03103448275862069,0.9689655172413794
0.4231592465753425,0.2643533123028391,0.03103448275862069,0.9689655172413794
0.4231728911783644,0.26498422712933756,0.03103448275862069,0.9689655172413794
0.4231779382797111,0.26561514195583596,0.03103448275862069,0.9689655172413794
0.4232014703308244,0.2662460567823344,0.03103448275862069,0.9689655172413794
0.4232823800131492,0.2668769716088328,0.03103448275862069,0.9689655172413794
0.4233161040219674,0.26750788643533124,0.03103448275862069,0.9689655172413794
0.4233213053027926,0.26813880126182965,0.03103448275862069,0.9689655172413794
0.4233811776219214,0.26876971608832806,0.03103448275862069,0.9689655172413794
0.4234436985047299,0.2694006309148265,0.03103448275862069,0.9689655172413794
0.4234625668449198,0.27003154574132493,0.03103448275862069,0.9689655172413794
0.4234716981132075,0.27066246056782334,0.03103448275862069,0.9689655172413794
0.4235086342229199,0.27129337539432175,0.03103448275862069,0.9689655172413794
0.4235520287958115,0.2719242902208202,0.03103448275862069,0.9689655172413794
0.4235685453730004,0.2725552050473186,0.03103448275862069,0.9689655172413794
0.4236044657097289,0.273186119873817,0.03103448275862069,0.9689655172413794
0.4236953083816552,0.27381703470031543,0.03103448275862069,0.9689655172413794
0.4237473588892242,0.2744479495268139,0.03103448275862069,0.9689655172413794
0.4237734165923282,0.2750788643533123,0.03103448275862069,0.9689655172413794
0.4238039478086317,0.2757097791798107,0.03103448275862069,0.9689655172413794
0.4238107244915112,0.2763406940063092,0.03103448275862069,0.9689655172413794
0.4238151860030575,0.2769716088328076,0.03103448275862069,0.9689655172413794
0.4238413547237076,0.277602523659306,0.03103448275862069,0.9689655172413794
0.4238492063492063,0.2782334384858044,0.03103448275862069,0.9689655172413794
0.4239016736401673,0.27886435331230286,0.03103448275862069,0.9689655172413794
0.4239211033664541,0.27949526813880127,0.03103448275862069,0.9689655172413794
0.4239684562689182,0.2801261829652997,0.03103448275862069,0.9689655172413794
0.4240349599417334,0.2807570977917981,0.03103448275862069,0.9689655172413794
0.4240770146883684,0.28138801261829655,0.03103448275862069,0.9689655172413794
0.424120116241524,0.28201892744479495,0.03103448275862069,0.9689655172413794
0.4241671027385313,0.28264984227129336,0.03103448275862069,0.9689655172413794
0.4241674909330695,0.2832807570977918,0.03103448275862069,0.9689655172413794
0.4242302758178319,0.28391167192429023,0.03103448275862069,0.9689655172413794
0.4242364298148441,0.28454258675078864,0.03103448275862069,0.9689655172413794
0.4242974058060531,0.28517350157728705,0.03103448275862069,0.9689655172413794
0.4243111111111111,0.2858044164037855,0.03103448275862069,0.9689655172413794
0.4243183492999263,0.2864353312302839,0.03103448275862069,0.9689655172413794
0.4243859367474715,0.2870662460567823,0.03103448275862069,0.9689655172413794
0.4244096012388695,0.28769716088328073,0.03103448275862069,0.9689655172413794
0.4244230041619372,0.2883280757097792,0.03103448275862069,0.9689655172413794
0.4244613124387855,0.2889589905362776,0.03103448275862069,0.9689655172413794
0.4244628658433429,0.289589905362776,0.03103448275862069,0.9689655172413794
0.4244646182495344,0.2902208201892745,0.03103448275862069,0.9689655172413794
0.4245153542631669,0.2908517350157729,0.03103448275862069,0.9689655172413794
0.4245208300332647,0.2914826498422713,0.03103448275862069,0.9689655172413794
0.4245350500715307,0.2914826498422713,0.027586206896551724,0.9724137931034482
0.4245506149479659,0.2921135646687697,0.027586206896551724,0.9724137931034482
0.4246022978347326,0.29274447949526816,0.027586206896551724,0.9724137931034482
0.4247768984677555,0.29337539432176657,0.027586206896551724,0.9724137931034482
0.4248017083587553,0.294006309148265,0.027586206896551724,0.9724137931034482
0.4248307952622673,0.2946372239747634,0.027586206896551724,0.9724137931034482
0.424845084575448,0.29526813880126185,0.027586206896551724,0.9724137931034482
0.4248702686202686,0.29589905362776026,0.027586206896551724,0.9724137931034482
0.4249304911955514,0.29652996845425866,0.027586206896551724,0.9724137931034482
0.4249349522983521,0.29716088328075707,0.027586206896551724,0.9724137931034482
0.4249782040104621,0.29779179810725553,0.027586206896551724,0.9724137931034482
0.4250200481154771,0.29842271293375394,0.027586206896551724,0.9724137931034482
0.4250325414904002,0.29905362776025235,0.027586206896551724,0.9724137931034482
0.4250519570488396,0.2996845425867508,0.027586206896551724,0.9724137931034482
0.425057410351528,0.3003154574132492,0.027586206896551724,0.9724137931034482
0.4250957243139757,0.30094637223974763,0.027586206896551724,0.9724137931034482
0.4251198083067092,0.30157728706624604,0.027586206896551724,0.9724137931034482
0.4251288017284361,0.3022082018927445,0.027586206896551724,0.9724137931034482
0.4251561570493753,0.3028391167192429,0.027586206896551724,0.9724137931034482
0.4252261841405003,0.3034700315457413,0.027586206896551724,0.9724137931034482
0.4252443494196701,0.3041009463722397,0.027586206896551724,0.9724137931034482
0.4252767527675277,0.3047318611987382,0.027586206896551724,0.9724137931034482
0.4253009294529941,0.3053627760252366,0.027586206896551724,0.9724137931034482
0.42531328320802,0.305993690851735,0.027586206896551724,0.9724137931034482
0.4253281305427456,0.30662460567823346,0.027586206896551724,0.9724137931034482
0.4253416244434208,0.30725552050473187,0.027586206896551724,0.9724137931034482
0.42536716591537,0.3078864353312303,0.027586206896551724,0.9724137931034482
0.4253765613519471,0.3085173501577287,0.027586206896551724,0.9724137931034482
0.4253914785142025,0.3085173501577287,0.02413793103448276,0.9758620689655172
0.4254655934343434,0.30914826498422715,0.02413793103448276,0.9758620689655172
0.4254696915987238,0.30977917981072556,0.02413793103448276,0.9758620689655172
0.4255044580009385,0.31041009463722397,0.02413793103448276,0.9758620689655172
0.4255079006772009,0.3110410094637224,0.02413793103448276,0.9758620689655172
0.4256031185642836,0.31167192429022084,0.02413793103448276,0.9758620689655172
0.4256478658536585,0.31230283911671924,0.02413793103448276,0.9758620689655172
0.4256685697115384,0.31293375394321765,0.02413793103448276,0.9758620689655172
0.4256954612005856,0.3135646687697161,0.02413793103448276,0.9758620689655172
0.4257310411311054,0.3141955835962145,0.02413793103448276,0.9758620689655172
0.425789182204172,0.3141955835962145,0.020689655172413793,0.9793103448275862
0.4258669793935332,0.31482649842271293,0.020689655172413793,0.9793103448275862
0.4258935151068533,0.31545741324921134,0.020689655172413793,0.9793103448275862
0.4258994430227307,0.3160883280757098,0.020689655172413793,0.9793103448275862
0.4259091594990191,0.3167192429022082,0.020689655172413793,0.9793103448275862
0.4259903640256959,0.3173501577287066,0.020689655172413793,0.9793103448275862
0.4260044075266994,0.317981072555205,0.020689655172413793,0.9793103448275862
0.4260546108567691,0.3186119873817035,0.020689655172413793,0.9793103448275862
0.4262340324869894,0.3192429022082019,0.020689655172413793,0.9793103448275862
0.4262645249487354,0.3198738170347003,0.020689655172413793,0.9793103448275862
0.4263012100889342,0.3205047318611987,0.020689655172413793,0.9793103448275862
0.4263278855975485,0.3211356466876972,0.020689655172413793,0.9793103448275862
0.4263844936708861,0.3217665615141956,0.020689655172413793,0.9793103448275862
0.4264044943820225,0.322397476340694,0.020689655172413793,0.9793103448275862
0.4264144682263149,0.32302839116719245,0.020689655172413793,0.9793103448275862
0.426436205744823,0.32365930599369086,0.020689655172413793,0.9793103448275862
0.4265501778258853,0.32429022082018927,0.020689655172413793,0.9793103448275862
0.4265555141579731,0.3249211356466877,0.020689655172413793,0.9793103448275862
0.4267837711798539,0.32555205047318614,0.020689655172413793,0.9793103448275862
0.4268253457703441,0.32618296529968455,0.020689655172413793,0.9793103448275862
0.4268984446477584,0.32681388012618295,0.020689655172413793,0.9793103448275862
0.4269010499522749,0.32744479495268136,0.020689655172413793,0.9793103448275862
0.4269420468557336,0.3280757097791798,0.017241379310344827,0.9827586206896551
0.4269237245327496,0.3280757097791798,0.020689655172413793,0.9793103448275862
0.426961926961927,0.32870662460567823,0.017241379310344827,0.9827586206896551
0.426991926991927,0.32933753943217664,0.017241379310344827,0.9827586206896551
0.4270274413613368,0.3299684542586751,0.017241379310344827,0.9827586206896551
0.4270576448828607,0.3305993690851735,0.017241379310344827,0.9827586206896551
0.4271978021978022,0.3312302839116719,0.017241379310344827,0.9827586206896551
0.427234461758911,0.3318611987381703,0.017241379310344827,0.9827586206896551
0.4272740696987596,0.3324921135646688,0.017241379310344827,0.9827586206896551
0.4273065476190476,0.3331230283911672,0.017241379310344827,0.9827586206896551
0.4273328223797662,0.3337539432176656,0.017241379310344827,0.9827586206896551
0.4274043817304122,0.334384858044164,0.017241379310344827,0.9827586206896551
0.4274389257401715,0.3350157728706625,0.017241379310344827,0.9827586206896551
0.4274706069272322,0.3356466876971609,0.017241379310344827,0.9827586206896551
0.4274865262126409,0.3362776025236593,0.017241379310344827,0.9827586206896551
0.4275500841107203,0.33690851735015775,0.017241379310344827,0.9827586206896551
0.4276566974228444,0.33753943217665616,0.017241379310344827,0.9827586206896551
0.4276602615856612,0.33817034700315457,0.017241379310344827,0.9827586206896551
0.4276741178644005,0.338801261829653,0.017241379310344827,0.9827586206896551
0.4277140335392763,0.33943217665615144,0.017241379310344827,0.9827586206896551
0.4277693904510285,0.34006309148264985,0.017241379310344827,0.9827586206896551
0.4277811305572319,0.34069400630914826,0.017241379310344827,0.9827586206896551
0.4277909306137316,0.34132492113564666,0.017241379310344827,0.9827586206896551
0.4279725609756097,0.3419558359621451,0.017241379310344827,0.9827586206896551
0.4280397022332506,0.34258675078864353,0.017241379310344827,0.9827586206896551
0.4281297709923664,0.34321766561514194,0.017241379310344827,0.9827586206896551
0.4282002425082279,0.3438485804416404,0.017241379310344827,0.9827586206896551
0.4282882011605415,0.3444794952681388,0.017241379310344827,0.9827586206896551
0.428296661024773,0.3451104100946372,0.017241379310344827,0.9827586206896551
0.4284181782718939,0.34574132492113563,0.017241379310344827,0.9827586206896551
0.4285589213797934,0.3463722397476341,0.017241379310344827,0.9827586206896551
0.4285593506932702,0.3470031545741325,0.017241379310344827,0.9827586206896551
0.4286613889888449,0.3476340694006309,0.017241379310344827,0.9827586206896551
0.4286924723510524,0.3482649842271293,0.017241379310344827,0.9827586206896551
0.4287082867635318,0.3488958990536278,0.017241379310344827,0.9827586206896551
0.4287186533837169,0.3495268138801262,0.017241379310344827,0.9827586206896551
0.4288270204224123,0.3501577287066246,0.017241379310344827,0.9827586206896551
0.4288352719270669,0.350788643533123,0.017241379310344827,0.9827586206896551
0.4288847117794486,0.35141955835962146,0.017241379310344827,0.9827586206896551
0.4289490049751244,0.35205047318611987,0.017241379310344827,0.9827586206896551
0.4289978008168394,0.3526813880126183,0.017241379310344827,0.9827586206896551
0.429003683564287,0.35331230283911674,0.017241379310344827,0.9827586206896551
0.4290137356451249,0.35394321766561515,0.017241379310344827,0.9827586206896551
0.4290330115228901,0.35457413249211356,0.017241379310344827,0.9827586206896551
0.4290515988372093,0.35520504731861197,0.017241379310344827,0.9827586206896551
0.4290745290745291,0.35583596214511043,0.017241379310344827,0.9827586206896551
0.4291123778501629,0.35646687697160884,0.017241379310344827,0.9827586206896551
0.4291443850267379,0.35709779179810724,0.017241379310344827,0.9827586206896551
0.4292035398230088,0.35772870662460565,0.017241379310344827,0.9827586206896551
0.4292084726867335,0.3583596214511041,0.017241379310344827,0.9827586206896551
0.4292271376114705,0.3589905362776025,0.017241379310344827,0.9827586206896551
0.4292505149738552,0.35962145110410093,0.017241379310344827,0.9827586206896551
0.4292841305036427,0.3602523659305994,0.017241379310344827,0.9827586206896551
0.4293313069908814,0.3608832807570978,0.017241379310344827,0.9827586206896551
0.4293416572077185,0.3615141955835962,0.017241379310344827,0.9827586206896551
0.4293561770129072,0.3621451104100946,0.017241379310344827,0.9827586206896551
0.4294438669438669,0.3627760252365931,0.017241379310344827,0.9827586206896551
0.4295228460630585,0.3634069400630915,0.017241379310344827,0.9827586206896551
0.4295902489626556,0.3640378548895899,0.017241379310344827,0.9827586206896551
0.4296490392250278,0.3646687697160883,0.017241379310344827,0.9827586206896551
0.429727157360406,0.36529968454258677,0.017241379310344827,0.9827586206896551
0.4297398985768035,0.3659305993690852,0.017241379310344827,0.9827586206896551
0.4297838270616493,0.3665615141955836,0.017241379310344827,0.9827586206896551
0.4298000588062334,0.36719242902208205,0.017241379310344827,0.9827586206896551
0.4298561151079136,0.36782334384858045,0.017241379310344827,0.9827586206896551
0.4298570019723866,0.36845425867507886,0.017241379310344827,0.9827586206896551
0.4298946023634621,0.36908517350157727,0.017241379310344827,0.9827586206896551
0.4299180961211559,0.36971608832807573,0.017241379310344827,0.9827586206896551
0.4299358413531642,0.37034700315457414,0.017241379310344827,0.9827586206896551
0.4299428909019299,0.37097791798107255,0.017241379310344827,0.9827586206896551
0.4299747924080664,0.37160883280757095,0.017241379310344827,0.9827586206896551
0.4299814643188137,0.3722397476340694,0.017241379310344827,0.9827586206896551
0.4299950174389636,0.3728706624605678,0.017241379310344827,0.9827586206896551
0.4299955693398316,0.37350157728706623,0.017241379310344827,0.9827586206896551
0.4300031565656566,0.3741324921135647,0.017241379310344827,0.9827586206896551
0.4300389922015596,0.3747634069400631,0.017241379310344827,0.9827586206896551
0.4300503637381085,0.3753943217665615,0.017241379310344827,0.9827586206896551
0.4300951389921213,0.3760252365930599,0.017241379310344827,0.9827586206896551
0.4300970114223126,0.3766561514195584,0.017241379310344827,0.9827586206896551
0.43020799480013,0.3772870662460568,0.017241379310344827,0.9827586206896551
0.4302470159151194,0.3779179810725552,0.017241379310344827,0.9827586206896551
0.4302645139127448,0.3785488958990536,0.017241379310344827,0.9827586206896551
0.4302895322939866,0.37917981072555207,0.017241379310344827,0.9827586206896551
0.4303677252697158,0.3798107255520505,0.017241379310344827,0.9827586206896551
0.4304514214308029,0.3804416403785489,0.017241379310344827,0.9827586206896551
0.430509674374705,0.3810725552050473,0.017241379310344827,0.9827586206896551
0.4306018672890964,0.38170347003154576,0.017241379310344827,0.9827586206896551
0.4307163227646368,0.38233438485804416,0.017241379310344827,0.9827586206896551
0.4308048852266039,0.38296529968454257,0.017241379310344827,0.9827586206896551
0.430832175389841,0.38359621451104103,0.017241379310344827,0.9827586206896551
0.4308383709831371,0.38422712933753944,0.017241379310344827,0.9827586206896551
0.4308389025677102,0.38485804416403785,0.017241379310344827,0.9827586206896551
0.4308563812062645,0.38548895899053626,0.017241379310344827,0.9827586206896551
0.4309138949331675,0.3861198738170347,0.017241379310344827,0.9827586206896551
0.4309445768772348,0.3867507886435331,0.017241379310344827,0.9827586206896551
0.4309698383602733,0.38738170347003154,0.017241379310344827,0.9827586206896551
0.4311717861205916,0.38801261829652994,0.017241379310344827,0.9827586206896551
0.4312574442742896,0.3886435331230284,0.017241379310344827,0.9827586206896551
0.4312745600546728,0.3892744479495268,0.017241379310344827,0.9827586206896551
0.4312794216543376,0.3899053627760252,0.017241379310344827,0.9827586206896551
0.4313808956240422,0.3905362776025237,0.017241379310344827,0.9827586206896551
0.431400455432661,0.3911671924290221,0.017241379310344827,0.9827586206896551
0.4314537214572076,0.3917981072555205,0.017241379310344827,0.9827586206896551
0.4315,0.3924290220820189,0.017241379310344827,0.9827586206896551
0.4315045439246045,0.39305993690851737,0.017241379310344827,0.9827586206896551
0.4315274642588412,0.3936908517350158,0.017241379310344827,0.9827586206896551
0.4315318818040435,0.3943217665615142,0.017241379310344827,0.9827586206896551
0.4315360056757715,0.3949526813880126,0.017241379310344827,0.9827586206896551
0.4315364941963407,0.39558359621451106,0.017241379310344827,0.9827586206896551
0.4315569899244332,0.39621451104100947,0.017241379310344827,0.9827586206896551
0.4315970474752558,0.3968454258675079,0.017241379310344827,0.9827586206896551
0.4316208964646464,0.39747634069400634,0.017241379310344827,0.9827586206896551
0.4316409711146553,0.39810725552050474,0.017241379310344827,0.9827586206896551
0.4317014872521246,0.39873817034700315,0.017241379310344827,0.9827586206896551
0.4317270905447258,0.39936908517350156,0.017241379310344827,0.9827586206896551
0.4317759613598365,0.4,0.017241379310344827,0.9827586206896551
0.4317788544730922,0.40063091482649843,0.017241379310344827,0.9827586206896551
0.4318588691630613,0.40126182965299684,0.017241379310344827,0.9827586206896551
0.4319623204626002,0.40189274447949525,0.017241379310344827,0.9827586206896551
0.4319932998324958,0.4025236593059937,0.017241379310344827,0.9827586206896551
0.4319974247545469,0.4031545741324921,0.017241379310344827,0.9827586206896551
0.4321494387669626,0.4037854889589905,0.017241379310344827,0.9827586206896551
0.4321918901660281,0.40441640378548893,0.017241379310344827,0.9827586206896551
0.4322251635004671,0.4050473186119874,0.017241379310344827,0.9827586206896551
0.4323851898935325,0.4056782334384858,0.017241379310344827,0.9827586206896551
0.4324631545939166,0.4063091482649842,0.017241379310344827,0.9827586206896551
0.4324693042291951,0.4069400630914827,0.017241379310344827,0.9827586206896551
0.4325260996063665,0.4075709779179811,0.017241379310344827,0.9827586206896551
0.4325479566305254,0.4082018927444795,0.017241379310344827,0.9827586206896551
0.4326114548627637,0.4088328075709779,0.017241379310344827,0.9827586206896551
0.432633623081191,0.40946372239747636,0.017241379310344827,0.9827586206896551
0.432638512903808,0.41009463722397477,0.017241379310344827,0.9827586206896551
0.4326848998459168,0.4107255520504732,0.017241379310344827,0.9827586206896551
0.4327578013622683,0.4113564668769716,0.017241379310344827,0.9827586206896551
0.4328112449799197,0.41198738170347005,0.017241379310344827,0.9827586206896551
0.432827385758114,0.41261829652996845,0.017241379310344827,0.9827586206896551
0.4328407224958949,0.41324921135646686,0.017241379310344827,0.9827586206896551
0.4328751728907331,0.4138801261829653,0.017241379310344827,0.9827586206896551
0.4329052258635961,0.41451104100946373,0.017241379310344827,0.9827586206896551
0.4329093665768194,0.41514195583596214,0.017241379310344827,0.9827586206896551
0.4329239856987408,0.41577287066246055,0.017241379310344827,0.9827586206896551
0.4329611650485437,0.416403785488959,0.017241379310344827,0.9827586206896551
0.4329814459373001,0.4170347003154574,0.017241379310344827,0.9827586206896551
0.4330831058538065,0.4176656151419558,0.017241379310344827,0.9827586206896551
0.4330869633590187,0.41829652996845423,0.017241379310344827,0.9827586206896551
0.4331215127092374,0.4189274447949527,0.017241379310344827,0.9827586206896551
0.4332141814998541,0.4195583596214511,0.017241379310344827,0.9827586206896551
0.4332233414379993,0.4201892744479495,0.017241379310344827,0.9827586206896551
0.433296668761785,0.420820189274448,0.013793103448275862,0.9862068965517241
0.4332864128018965,0.420820189274448,0.017241379310344827,0.9827586206896551
0.4333247466941439,0.4214511041009464,0.013793103448275862,0.9862068965517241
0.4335170996075499,0.4220820189274448,0.013793103448275862,0.9862068965517241
0.4336403831982314,0.4227129337539432,0.013793103448275862,0.9862068965517241
0.4336837557603686,0.42334384858044166,0.013793103448275862,0.9862068965517241
0.433717834960071,0.42397476340694007,0.013793103448275862,0.9862068965517241
0.4337227018791265,0.4246056782334385,0.013793103448275862,0.9862068965517241
0.4337234395750332,0.4252365930599369,0.013793103448275862,0.9862068965517241
0.4337566500772267,0.42586750788643535,0.013793103448275862,0.9862068965517241
0.4337987481945113,0.42649842271293376,0.013793103448275862,0.9862068965517241
0.4338183730715287,0.42712933753943216,0.013793103448275862,0.9862068965517241
0.4338750224456814,0.4277602523659306,0.013793103448275862,0.9862068965517241
0.433879612451041,0.42839116719242903,0.013793103448275862,0.9862068965517241
0.433960733409054,0.42902208201892744,0.013793103448275862,0.9862068965517241
0.4339823298429319,0.42965299684542585,0.013793103448275862,0.9862068965517241
0.4339840637450199,0.4302839116719243,0.013793103448275862,0.9862068965517241
0.4340062111801242,0.4309148264984227,0.013793103448275862,0.9862068965517241
0.4340372571061506,0.43154574132492113,0.013793103448275862,0.9862068965517241
0.4340389424794569,0.43217665615141954,0.013793103448275862,0.9862068965517241
0.4340564738292011,0.432807570977918,0.013793103448275862,0.9862068965517241
0.4341733396137541,0.4334384858044164,0.013793103448275862,0.9862068965517241
0.4341910403554239,0.4340694006309148,0.013793103448275862,0.9862068965517241
0.4342039385847797,0.4347003154574132,0.013793103448275862,0.9862068965517241
0.434393063583815,0.4353312302839117,0.013793103448275862,0.9862068965517241
0.4344016024036054,0.4359621451104101,0.013793103448275862,0.9862068965517241
0.4344404003639672,0.4365930599369085,0.013793103448275862,0.9862068965517241
0.4344565821144232,0.43722397476340696,0.013793103448275862,0.9862068965517241
0.4344701024621502,0.43785488958990537,0.013793103448275862,0.9862068965517241
0.4344849546250597,0.4384858044164038,0.013793103448275862,0.9862068965517241
0.434540164861807,0.4391167192429022,0.013793103448275862,0.9862068965517241
0.4345569620253164,0.43974763406940065,0.013793103448275862,0.9862068965517241
0.4346463323353293,0.44037854889589906,0.013793103448275862,0.9862068965517241
0.4346527259148618,0.44100946372239747,0.013793103448275862,0.9862068965517241
0.434700593995826,0.4416403785488959,0.013793103448275862,0.9862068965517241
0.4347420506164828,0.44227129337539434,0.013793103448275862,0.9862068965517241
0.4347689898198904,0.44290220820189274,0.013793103448275862,0.9862068965517241
0.4349288882092063,0.44353312302839115,0.013793103448275862,0.9862068965517241
0.4349325807463154,0.4441640378548896,0.013793103448275862,0.9862068965517241
0.4349830925299723,0.444794952681388,0.013793103448275862,0.9862068965517241
0.4350673652694611,0.44542586750788643,0.013793103448275862,0.9862068965517241
0.4351151454025886,0.44605678233438484,0.013793103448275862,0.9862068965517241
0.4351623659031603,0.4466876971608833,0.013793103448275862,0.9862068965517241
0.4351745143233454,0.4473186119873817,0.013793103448275862,0.9862068965517241
0.4352605863192182,0.4479495268138801,0.013793103448275862,0.9862068965517241
0.4353203916852774,0.4485804416403785,0.013793103448275862,0.9862068965517241
0.4353336572724328,0.449211356466877,0.013793103448275862,0.9862068965517241
0.4353895018388499,0.4498422712933754,0.013793103448275862,0.9862068965517241
0.4354304635761589,0.4504731861198738,0.013793103448275862,0.9862068965517241
0.4354531607006854,0.45110410094637227,0.013793103448275862,0.9862068965517241
0.4355926758753614,0.4517350157728707,0.013793103448275862,0.9862068965517241
0.4355943257785749,0.4523659305993691,0.013793103448275862,0.9862068965517241
0.4356100896520286,0.4529968454258675,0.013793103448275862,0.9862068965517241
0.4356371274254851,0.4529968454258675,0.010344827586206896,0.9896551724137931
0.4356690080520815,0.45362776025236595,0.010344827586206896,0.9896551724137931
0.43566961561928,0.45425867507886436,0.010344827586206896,0.9896551724137931
0.4356987493202827,0.45488958990536277,0.010344827586206896,0.9896551724137931
0.4357418421475647,0.4555205047318612,0.010344827586206896,0.9896551724137931
0.4357938943627847,0.45615141955835964,0.010344827586206896,0.9896551724137931
0.4358113777479442,0.45678233438485805,0.010344827586206896,0.9896551724137931
0.4359821255100058,0.45741324921135645,0.010344827586206896,0.9896551724137931
0.4359888406695598,0.4580441640378549,0.010344827586206896,0.9896551724137931
0.436003600360036,0.4586750788643533,0.010344827586206896,0.9896551724137931
0.4361047275114905,0.45930599369085173,0.010344827586206896,0.9896551724137931
0.4361635220125786,0.45993690851735014,0.010344827586206896,0.9896551724137931
0.4361752988047809,0.4605678233438486,0.010344827586206896,0.9896551724137931
0.4361850679575498,0.461198738170347,0.010344827586206896,0.9896551724137931
0.4362392562708296,0.4618296529968454,0.010344827586206896,0.9896551724137931
0.4363087674714104,0.4624605678233438,0.010344827586206896,0.9896551724137931
0.4363116197183098,0.4630914826498423,0.010344827586206896,0.9896551724137931
0.436346707296428,0.4637223974763407,0.010344827586206896,0.9896551724137931
0.4364378540486504,0.4643533123028391,0.010344827586206896,0.9896551724137931
0.4364559449721585,0.4649842271293375,0.010344827586206896,0.9896551724137931
0.4364760093622001,0.465615141955836,0.010344827586206896,0.9896551724137931
0.4365284974093264,0.4662460567823344,0.010344827586206896,0.9896551724137931
0.4365526965103983,0.4668769716088328,0.010344827586206896,0.9896551724137931
0.4365977690288714,0.46750788643533125,0.010344827586206896,0.9896551724137931
0.4367125818914832,0.46813880126182966,0.010344827586206896,0.9896551724137931
0.4367142857142857,0.46876971608832807,0.010344827586206896,0.9896551724137931
0.4367664760758351,0.4694006309148265,0.010344827586206896,0.9896551724137931
0.4368529232643118,0.47003154574132494,0.010344827586206896,0.9896551724137931
0.4369229604964432,0.47066246056782335,0.010344827586206896,0.9896551724137931
0.4369618120554099,0.47129337539432176,0.010344827586206896,0.9896551724137931
0.4370068826590566,0.47192429022082016,0.010344827586206896,0.9896551724137931
0.4370239643321568,0.4725552050473186,0.010344827586206896,0.9896551724137931
0.4370656706045865,0.47318611987381703,0.010344827586206896,0.9896551724137931
0.4371153057037341,0.47381703470031544,0.010344827586206896,0.9896551724137931
0.4372003093580819,0.47381703470031544,0.006896551724137931,0.993103448275862
0.4372190590350614,0.4744479495268139,0.006896551724137931,0.993103448275862
0.437232113419057,0.4750788643533123,0.006896551724137931,0.993103448275862
0.4372853638593622,0.4757097791798107,0.006896551724137931,0.993103448275862
0.43732782369146,0.47634069400630913,0.006896551724137931,0.993103448275862
0.4373348433371083,0.4769716088328076,0.006896551724137931,0.993103448275862
0.4373473375671715,0.477602523659306,0.006896551724137931,0.993103448275862
0.4374350601157785,0.4782334384858044,0.006896551724137931,0.993103448275862
0.4374441065998927,0.4788643533123028,0.006896551724137931,0.993103448275862
0.4374609618988132,0.4794952681388013,0.006896551724137931,0.993103448275862
0.4375122717455331,0.4801261829652997,0.006896551724137931,0.993103448275862
0.437584803256445,0.4807570977917981,0.006896551724137931,0.993103448275862
0.4376115850029756,0.48138801261829656,0.006896551724137931,0.993103448275862
0.4376730103806228,0.48201892744479496,0.006896551724137931,0.993103448275862
0.437686678614098,0.48264984227129337,0.006896551724137931,0.993103448275862
0.4377089136490251,0.4832807570977918,0.006896551724137931,0.993103448275862
0.4377180739706908,0.48391167192429024,0.006896551724137931,0.993103448275862
0.437745740498034,0.48454258675078865,0.006896551724137931,0.993103448275862
0.4377516028030416,0.48517350157728706,0.006896551724137931,0.993103448275862
0.4377678996666137,0.48580441640378547,0.006896551724137931,0.993103448275862
0.4377922511690046,0.48643533123028393,0.006896551724137931,0.993103448275862
0.437840084643289,0.48706624605678234,0.006896551724137931,0.993103448275862
0.4378617945007236,0.48769716088328074,0.006896551724137931,0.993103448275862
0.4378738884397736,0.48832807570977915,0.006896551724137931,0.993103448275862
0.4378834355828221,0.4889589905362776,0.006896551724137931,0.993103448275862
0.4379240652519128,0.489589905362776,0.006896551724137931,0.993103448275862
0.4380189798339264,0.49022082018927443,0.006896551724137931,0.993103448275862
0.4380709088094132,0.4908517350157729,0.006896551724137931,0.993103448275862
0.4380730121686947,0.4914826498422713,0.006896551724137931,0.993103448275862
0.4381052291801162,0.4921135646687697,0.006896551724137931,0.993103448275862
0.438110459953827,0.4927444794952681,0.006896551724137931,0.993103448275862
0.4381355932203389,0.4933753943217666,0.006896551724137931,0.993103448275862
0.4381883938845964,0.494006309148265,0.006896551724137931,0.993103448275862
0.4382861635220126,0.4946372239747634,0.006896551724137931,0.993103448275862
0.4383028767866835,0.4952681388012618,0.006896551724137931,0.993103448275862
0.4383415175035641,0.49589905362776027,0.006896551724137931,0.993103448275862
0.4383593459680416,0.4965299684542587,0.006896551724137931,0.993103448275862
0.4384238310708899,0.4971608832807571,0.006896551724137931,0.993103448275862
0.438430583501006,0.49779179810725555,0.006896551724137931,0.993103448275862
0.4384615384615384,0.49842271293375395,0.006896551724137931,0.993103448275862
0.438597918022121,0.49905362776025236,0.006896551724137931,0.993103448275862
0.4386312704706085,0.49968454258675077,0.006896551724137931,0.993103448275862
0.4386588658865886,0.5003154574132492,0.006896551724137931,0.993103448275862
0.4386799936538156,0.5009463722397476,0.006896551724137931,0.993103448275862
0.4387968613775065,0.501577287066246,0.006896551724137931,0.993103448275862
0.4388660564169624,0.5022082018927445,0.006896551724137931,0.993103448275862
0.4389316099476439,0.5028391167192429,0.006896551724137931,0.993103448275862
0.4389448480845442,0.5034700315457413,0.006896551724137931,0.993103448275862
0.4389456697149005,0.5041009463722398,0.006896551724137931,0.993103448275862
0.4389594619839342,0.5047318611987381,0.006896551724137931,0.993103448275862
0.4389906922629435,0.5053627760252366,0.006896551724137931,0.993103448275862
0.4390480143904801,0.5059936908517351,0.006896551724137931,0.993103448275862
0.4392217630853994,0.5066246056782334,0.006896551724137931,0.993103448275862
0.4392344870595572,0.5072555205047319,0.006896551724137931,0.993103448275862
0.4392548596112311,0.5078864353312302,0.006896551724137931,0.993103448275862
0.4392642642642642,0.5085173501577287,0.006896551724137931,0.993103448275862
0.4392785403414797,0.5091482649842272,0.006896551724137931,0.993103448275862
0.439294631710362,0.5097791798107255,0.006896551724137931,0.993103448275862
0.4393056849953402,0.510410094637224,0.006896551724137931,0.993103448275862
0.4393136615585262,0.5110410094637224,0.006896551724137931,0.993103448275862
0.4393174165901438,0.5116719242902208,0.006896551724137931,0.993103448275862
0.439330715103911,0.5123028391167193,0.006896551724137931,0.993103448275862
0.4395055234087322,0.5129337539432177,0.006896551724137931,0.993103448275862
0.4395058786145535,0.5135646687697161,0.006896551724137931,0.993103448275862
0.4395368782161234,0.5141955835962145,0.006896551724137931,0.993103448275862
0.4395579268292683,0.5148264984227129,0.006896551724137931,0.993103448275862
0.4396069868995633,0.5154574132492113,0.006896551724137931,0.993103448275862
0.4396535222052067,0.5160883280757098,0.006896551724137931,0.993103448275862
0.439687602224403,0.5167192429022082,0.006896551724137931,0.993103448275862
0.4397725514466966,0.5173501577287066,0.006896551724137931,0.993103448275862
0.439774105518496,0.5179810725552051,0.006896551724137931,0.993103448275862
0.4398051496172582,0.5186119873817034,0.006896551724137931,0.993103448275862
0.4398172098637696,0.5192429022082019,0.006896551724137931,0.993103448275862
0.4398895497026338,0.5198738170347004,0.006896551724137931,0.993103448275862
0.4399098832914758,0.5205047318611987,0.006896551724137931,0.993103448275862
0.4400993883792048,0.5211356466876972,0.006896551724137931,0.993103448275862
0.440110142267095,0.5217665615141955,0.006896551724137931,0.993103448275862
0.440123789020452,0.522397476340694,0.006896551724137931,0.993103448275862
0.4401869158878504,0.5230283911671925,0.006896551724137931,0.993103448275862
0.4402266070602744,0.5236593059936908,0.006896551724137931,0.993103448275862
0.4402630327998732,0.5242902208201893,0.006896551724137931,0.993103448275862
0.4402882109458838,0.5249211356466877,0.006896551724137931,0.993103448275862
0.4402907087212616,0.5255520504731861,0.006896551724137931,0.993103448275862
0.4403048591767254,0.5261829652996846,0.006896551724137931,0.993103448275862
0.4403367496339678,0.526813880126183,0.006896551724137931,0.993103448275862
0.4403474625144175,0.5274447949526814,0.006896551724137931,0.993103448275862
0.4403758638125737,0.5280757097791798,0.006896551724137931,0.993103448275862
0.4403843300192906,0.5287066246056782,0.006896551724137931,0.993103448275862
0.4403891977760127,0.5293375394321767,0.006896551724137931,0.993103448275862
0.440399632521819,0.5299684542586751,0.006896551724137931,0.993103448275862
0.4404104183109708,0.5305993690851735,0.006896551724137931,0.993103448275862
0.4404699738903394,0.5312302839116719,0.006896551724137931,0.993103448275862
0.4406133376602304,0.5318611987381704,0.006896551724137931,0.993103448275862
0.4406244668145367,0.5324921135646687,0.006896551724137931,0.993103448275862
0.4406357120598317,0.5331230283911672,0.006896551724137931,0.993103448275862
0.4406642728904847,0.5337539432176656,0.006896551724137931,0.993103448275862
0.4406843786783252,0.534384858044164,0.006896551724137931,0.993103448275862
0.4406879194630873,0.5350157728706625,0.006896551724137931,0.993103448275862
0.440715552927262,0.5356466876971608,0.006896551724137931,0.993103448275862
0.4408090976882923,0.5362776025236593,0.006896551724137931,0.993103448275862
0.440817223198594,0.5369085173501578,0.006896551724137931,0.993103448275862
0.440829557881581,0.5375394321766561,0.006896551724137931,0.993103448275862
0.4408757880388482,0.5381703470031546,0.006896551724137931,0.993103448275862
0.4408990011098779,0.538801261829653,0.006896551724137931,0.993103448275862
0.4409015179563125,0.5394321766561514,0.006896551724137931,0.993103448275862
0.4409083765519409,0.5400630914826499,0.006896551724137931,0.993103448275862
0.4409090909090909,0.5406940063091482,0.006896551724137931,0.993103448275862
0.4409422447156892,0.5413249211356467,0.006896551724137931,0.993103448275862
0.4410943396226415,0.5419558359621451,0.006896551724137931,0.993103448275862
0.4411149508912331,0.5425867507886435,0.006896551724137931,0.993103448275862
0.4411231884057971,0.543217665615142,0.006896551724137931,0.993103448275862
0.4411285946825827,0.5438485804416404,0.006896551724137931,0.993103448275862
0.4411516853932584,0.5444794952681388,0.006896551724137931,0.993103448275862
0.4411841418883672,0.5451104100946372,0.006896551724137931,0.993103448275862
0.4411946902654867,0.5457413249211357,0.006896551724137931,0.993103448275862
0.4412328051541006,0.546372239747634,0.006896551724137931,0.993103448275862
0.4412647254945543,0.5470031545741325,0.006896551724137931,0.993103448275862
0.4412754501093723,0.5476340694006309,0.006896551724137931,0.993103448275862
0.4413075780089153,0.5482649842271293,0.006896551724137931,0.993103448275862
0.441333982473223,0.5488958990536278,0.006896551724137931,0.993103448275862
0.4413381018841591,0.5495268138801261,0.006896551724137931,0.993103448275862
0.4413664417970432,0.5501577287066246,0.006896551724137931,0.993103448275862
0.4414012283959434,0.5507886435331231,0.006896551724137931,0.993103448275862
0.4414055424741894,0.5514195583596214,0.006896551724137931,0.993103448275862
0.4414183736809435,0.5520504731861199,0.006896551724137931,0.993103448275862
0.4414335664335664,0.5526813880126183,0.006896551724137931,0.993103448275862
0.4414370078740157,0.5533123028391167,0.006896551724137931,0.993103448275862
0.4414784394250513,0.5539432176656152,0.006896551724137931,0.993103448275862
0.4415379505065603,0.5545741324921135,0.006896551724137931,0.993103448275862
0.4415573770491803,0.555205047318612,0.006896551724137931,0.993103448275862
0.4415637553935426,0.5558359621451104,0.006896551724137931,0.993103448275862
0.441564872895345,0.5564668769716088,0.006896551724137931,0.993103448275862
0.4415784832451499,0.5570977917981073,0.006896551724137931,0.993103448275862
0.4415947949765471,0.5577287066246057,0.006896551724137931,0.993103448275862
0.4416071428571428,0.5583596214511041,0.006896551724137931,0.993103448275862
0.4416251556662515,0.5589905362776025,0.006896551724137931,0.993103448275862
0.4417348130841121,0.559621451104101,0.006896551724137931,0.993103448275862
0.4419107268877911,0.5602523659305993,0.006896551724137931,0.993103448275862
0.4419216847647252,0.5608832807570978,0.006896551724137931,0.993103448275862
0.441929482636428,0.5615141955835962,0.006896551724137931,0.993103448275862
0.4419519363762102,0.5621451104100946,0.006896551724137931,0.993103448275862
0.4420442571127502,0.5627760252365931,0.006896551724137931,0.993103448275862
0.442118582791034,0.5634069400630914,0.006896551724137931,0.993103448275862
0.4422515874377896,0.5640378548895899,0.006896551724137931,0.993103448275862
0.4422717357432222,0.5646687697160884,0.006896551724137931,0.993103448275862
0.4423410632591891,0.5652996845425867,0.006896551724137931,0.993103448275862
0.4423829787234042,0.5659305993690852,0.006896551724137931,0.993103448275862
0.4424407114624506,0.5665615141955836,0.006896551724137931,0.993103448275862
0.4424758398527381,0.567192429022082,0.006896551724137931,0.993103448275862
0.4424915884540464,0.5678233438485805,0.006896551724137931,0.993103448275862
0.442503805175038,0.5684542586750788,0.006896551724137931,0.993103448275862
0.4425536100727916,0.5690851735015773,0.006896551724137931,0.993103448275862
0.4425854952830189,0.5697160883280757,0.006896551724137931,0.993103448275862
0.4426041825675469,0.5703470031545741,0.006896551724137931,0.993103448275862
0.442639405204461,0.5709779179810726,0.006896551724137931,0.993103448275862
0.4426587611171789,0.571608832807571,0.006896551724137931,0.993103448275862
0.4426673658451319,0.5722397476340694,0.006896551724137931,0.993103448275862
0.4426937633700839,0.5728706624605678,0.006896551724137931,0.993103448275862
0.4427351136175153,0.5735015772870663,0.006896551724137931,0.993103448275862
0.4427752097243622,0.5741324921135647,0.006896551724137931,0.993103448275862
0.442775974025974,0.5747634069400631,0.006896551724137931,0.993103448275862
0.4428126897389192,0.5753943217665615,0.006896551724137931,0.993103448275862
0.4428181684117386,0.5760252365930599,0.006896551724137931,0.993103448275862
0.4428548464877029,0.5766561514195584,0.006896551724137931,0.993103448275862
0.4428813559322034,0.5772870662460567,0.006896551724137931,0.993103448275862
0.4428844317096466,0.5779179810725552,0.006896551724137931,0.993103448275862
0.4429202801867912,0.5785488958990537,0.006896551724137931,0.993103448275862
0.4429265041888804,0.579179810725552,0.006896551724137931,0.993103448275862
0.4429817788758493,0.5798107255520505,0.006896551724137931,0.993103448275862
0.4430778934090192,0.580441640378549,0.006896551724137931,0.993103448275862
0.4432940929157031,0.5810725552050473,0.006896551724137931,0.993103448275862
0.4433338772845953,0.5817034700315458,0.006896551724137931,0.993103448275862
0.4433487703609071,0.5823343848580441,0.006896551724137931,0.993103448275862
0.443367540858989,0.5829652996845426,0.006896551724137931,0.993103448275862
0.4433995741660752,0.583596214511041,0.006896551724137931,0.993103448275862
0.4434432515337423,0.5842271293375394,0.006896551724137931,0.993103448275862
0.4434573231484556,0.5848580441640379,0.006896551724137931,0.993103448275862
0.443520782396088,0.5854889589905363,0.006896551724137931,0.993103448275862
0.4435904116727462,0.5861198738170347,0.006896551724137931,0.993103448275862
0.4436086956521739,0.5867507886435331,0.006896551724137931,0.993103448275862
0.4436395115728084,0.5873817034700315,0.006896551724137931,0.993103448275862
0.4436418543911198,0.58801261829653,0.006896551724137931,0.993103448275862
0.4437109937590014,0.5886435331230284,0.006896551724137931,0.993103448275862
0.4437226048841578,0.5892744479495268,0.006896551724137931,0.993103448275862
0.4437910065610497,0.5899053627760252,0.006896551724137931,0.993103448275862
0.4438318092164246,0.5905362776025237,0.006896551724137931,0.993103448275862
0.4438441637498098,0.591167192429022,0.006896551724137931,0.993103448275862
0.4438882532418001,0.5917981072555205,0.006896551724137931,0.993103448275862
0.4439231944141392,0.592429022082019,0.006896551724137931,0.993103448275862
0.4439370384764866,0.5930599369085173,0.006896551724137931,0.993103448275862
0.4439444783404515,0.5936908517350158,0.006896551724137931,0.993103448275862
0.4439469914040114,0.5943217665615141,0.006896551724137931,0.993103448275862
0.443976897689769,0.5949526813880126,0.006896551724137931,0.993103448275862
0.4439911797133407,0.5955835962145111,0.006896551724137931,0.993103448275862
0.4440031152647975,0.5962145110410094,0.006896551724137931,0.993103448275862
0.4440031424581006,0.5968454258675079,0.006896551724137931,0.993103448275862
0.4440104166666667,0.5974763406940063,0.006896551724137931,0.993103448275862
0.4440403155127082,0.5981072555205047,0.006896551724137931,0.993103448275862
0.4440896005757466,0.5987381703470032,0.006896551724137931,0.993103448275862
0.4441049048429522,0.5993690851735016,0.006896551724137931,0.993103448275862
0.4441068672839506,0.6,0.006896551724137931,0.993103448275862
0.4441263230956099,0.6006309148264984,0.006896551724137931,0.993103448275862
0.4441409193669932,0.6012618296529968,0.006896551724137931,0.993103448275862
0.4442243920412675,0.6018927444794953,0.006896551724137931,0.993103448275862
0.4442552819975554,0.6025236593059937,0.006896551724137931,0.993103448275862
0.4442591710338256,0.6031545741324921,0.006896551724137931,0.993103448275862
0.4444270995941305,0.6037854889589905,0.006896551724137931,0.993103448275862
0.4444654754694124,0.6037854889589905,0.0034482758620689655,0.996551724137931
0.4444982853734904,0.604416403785489,0.0034482758620689655,0.996551724137931
0.4445533963273311,0.6050473186119874,0.0034482758620689655,0.996551724137931
0.4445606694560669,0.6056782334384858,0.0034482758620689655,0.996551724137931
0.4445997763220962,0.6063091482649843,0.0034482758620689655,0.996551724137931
0.4446242358863718,0.6069400630914826,0.0034482758620689655,0.996551724137931
0.4446616434461188,0.6075709779179811,0.0034482758620689655,0.996551724137931
0.4448003942828979,0.6082018927444794,0.0034482758620689655,0.996551724137931
0.4449514400535834,0.6088328075709779,0.0034482758620689655,0.996551724137931
0.4449594959495949,0.6094637223974764,0.0034482758620689655,0.996551724137931
0.4449827929722876,0.6100946372239747,0.0034482758620689655,0.996551724137931
0.4449905344400757,0.6107255520504732,0.0034482758620689655,0.996551724137931
0.4450056116722783,0.6113564668769716,0.0034482758620689655,0.996551724137931
0.4450502706883217,0.61198738170347,0.0034482758620689655,0.996551724137931
0.4450725456943659,0.6126182965299685,0.0034482758620689655,0.996551724137931
0.445079883805374,0.6132492113564669,0.0034482758620689655,0.996551724137931
0.445179180887372,0.6138801261829653,0.0034482758620689655,0.996551724137931
0.445191783312125,0.6145110410094637,0.0034482758620689655,0.996551724137931
0.4451941287878788,0.6151419558359621,0.0034482758620689655,0.996551724137931
0.4452112438983336,0.6157728706624606,0.0034482758620689655,0.996551724137931
0.4452574737830646,0.616403785488959,0.0034482758620689655,0.996551724137931
0.4452799629801018,0.616403785488959,0.0,1.0
0.4453098399727613,0.6170347003154574,0.0,1.0
0.4453934585492228,0.6176656151419558,0.0,1.0
0.4453979343863912,0.6182965299684543,0.0,1.0
0.4454625480153649,0.6189274447949527,0.0,1.0
0.4455117160578911,0.6195583596214511,0.0,1.0
0.4455244513564886,0.6201892744479496,0.0,1.0
0.4456379676523443,0.6208201892744479,0.0,1.0
0.4456437560503388,0.6214511041009464,0.0,1.0
0.4456764815505031,0.6220820189274447,0.0,1.0
0.4457621758380771,0.6227129337539432,0.0,1.0
0.4457840819542947,0.6233438485804417,0.0,1.0
0.4458217485325919,0.62397476340694,0.0,1.0
0.4458319550115779,0.6246056782334385,0.0,1.0
0.4459088133523305,0.625236593059937,0.0,1.0
0.4459858323494687,0.6258675078864353,0.0,1.0
0.4460686399128382,0.6264984227129338,0.0,1.0
0.4460829493087557,0.6271293375394322,0.0,1.0
0.4461924304605563,0.6277602523659306,0.0,1.0
0.4462634530847355,0.628391167192429,0.0,1.0
0.4462903768506056,0.6290220820189274,0.0,1.0
0.4463047647145596,0.6296529968454259,0.0,1.0
0.4463131313131313,0.6302839116719243,0.0,1.0
0.4463192791567494,0.6309148264984227,0.0,1.0
0.4465356429047302,0.6315457413249211,0.0,1.0
0.4465713799557597,0.6321766561514196,0.0,1.0
0.4466309499278796,0.632807570977918,0.0,1.0
0.446641156462585,0.6334384858044164,0.0,1.0
0.4466591349257585,0.6340694006309149,0.0,1.0
0.4467509025270758,0.6347003154574132,0.0,1.0
0.4467572620074777,0.6353312302839117,0.0,1.0
0.4467769908946379,0.63596214511041,0.0,1.0
0.4468206770356816,0.6365930599369085,0.0,1.0
0.4468823993685872,0.637223974763407,0.0,1.0
0.4469246031746032,0.6378548895899053,0.0,1.0
0.4469435330685546,0.6384858044164038,0.0,1.0
0.4469670559525884,0.6391167192429023,0.0,1.0
0.4469860064585575,0.6397476340694006,0.0,1.0
0.447016706443914,0.6403785488958991,0.0,1.0
0.447189170546646,0.6410094637223974,0.0,1.0
0.4472398190045248,0.6416403785488959,0.0,1.0
0.447329650092081,0.6422712933753943,0.0,1.0
0.4474387719903415,0.6429022082018927,0.0,1.0
0.4474882260596546,0.6435331230283912,0.0,1.0
0.4474912039161695,0.6441640378548896,0.0,1.0
0.4475413467217956,0.644794952681388,0.0,1.0
0.4476294146105466,0.6454258675078864,0.0,1.0
0.4476518908865468,0.6460567823343849,0.0,1.0
0.4476724285469793,0.6466876971608833,0.0,1.0
0.4477368791828108,0.6473186119873817,0.0,1.0
0.4478741991846243,0.6479495268138801,0.0,1.0
0.4479281550338743,0.6485804416403785,0.0,1.0
0.4479734332425068,0.649211356466877,0.0,1.0
0.4481407370351842,0.6498422712933754,0.0,1.0
0.4481948381321796,0.6504731861198738,0.0,1.0
0.4482461400089941,0.6511041009463723,0.0,1.0
0.4483279395900755,0.6517350157728706,0.0,1.0
0.4483496332518337,0.6523659305993691,0.0,1.0
0.4484279475982533,0.6529968454258676,0.0,1.0
0.448502024291498,0.6536277602523659,0.0,1.0
0.4485590562938629,0.6542586750788644,0.0,1.0
0.4485604992953493,0.6548895899053627,0.0,1.0
0.4486341059602649,0.6555205047318612,0.0,1.0
0.4486504594180704,0.6561514195583596,0.0,1.0
0.4486739171913756,0.656782334384858,0.0,1.0
0.4488011167679422,0.6574132492113565,0.0,1.0
0.4488054607508532,0.6580441640378549,0.0,1.0
0.448807157057654,0.6586750788643533,0.0,1.0
0.448817907444668,0.6593059936908517,0.0,1.0
0.4488523405024399,0.6599369085173502,0.0,1.0
0.4489262913522925,0.6605678233438486,0.0,1.0
0.4490841875315073,0.661198738170347,0.0,1.0
0.4491687368622205,0.6618296529968454,0.0,1.0
0.4491730704978283,0.6624605678233438,0.0,1.0
0.4492105263157894,0.6630914826498423,0.0,1.0
0.449223245109321,0.6637223974763407,0.0,1.0
0.4492348890589135,0.6643533123028391,0.0,1.0
0.4494296577946768,0.6649842271293376,0.0,1.0
0.4494877393349009,0.6656151419558359,0.0,1.0
0.4495269471194458,0.6662460567823344,0.0,1.0
0.4495275590551181,0.6668769716088329,0.0,1.0
0.4495384133938351,0.6675078864353312,0.0,1.0
0.4495913877101996,0.6681388012618297,0.0,1.0
0.4496040626613875,0.668769716088328,0.0,1.0
0.4496117488183659,0.6694006309148265,0.0,1.0
0.4496260905691732,0.670031545741325,0.0,1.0
0.4496969696969697,0.6706624605678233,0.0,1.0
0.4497680967367898,0.6712933753943218,0.0,1.0
0.4498374361356247,0.6719242902208202,0.0,1.0
0.4498378962536023,0.6725552050473186,0.0,1.0
0.4498392282958199,0.673186119873817,0.0,1.0
0.4499239993244384,0.6738170347003155,0.0,1.0
0.449931725079654,0.6744479495268139,0.0,1.0
0.4499916022841787,0.6750788643533123,0.0,1.0
0.45,0.6757097791798107,0.0,1.0
0.4500162813415825,0.6763406940063091,0.0,1.0
0.4500524842547236,0.6769716088328076,0.0,1.0
0.4500566159818829,0.677602523659306,0.0,1.0
0.4500889679715302,0.6782334384858044,0.0,1.0
0.4501567687200295,0.6788643533123029,0.0,1.0
0.4501855913615657,0.6794952681388012,0.0,1.0
0.4502260616825448,0.6801261829652997,0.0,1.0
0.4502487562189055,0.6807570977917982,0.0,1.0
0.4502643504531722,0.6813880126182965,0.0,1.0
0.45028067361668,0.682018927444795,0.0,1.0
0.4503479050068068,0.6826498422712933,0.0,1.0
0.4504128169844702,0.6832807570977918,0.0,1.0
0.4505141388174807,0.6839116719242903,0.0,1.0
0.4505166577587742,0.6845425867507886,0.0,1.0
0.4506067500948047,0.6851735015772871,0.0,1.0
0.4506121773659828,0.6858044164037855,0.0,1.0
0.4506330226833128,0.6864353312302839,0.0,1.0
0.4506464685449633,0.6870662460567823,0.0,1.0
0.4506487889273356,0.6876971608832808,0.0,1.0
0.4506861772486772,0.6883280757097792,0.0,1.0
0.4509060955518945,0.6889589905362776,0.0,1.0
0.4509249033683048,0.689589905362776,0.0,1.0
0.4509430697352483,0.6902208201892744,0.0,1.0
0.45095,0.6908517350157729,0.0,1.0
0.4510005130836326,0.6914826498422713,0.0,1.0
0.4510050251256281,0.6921135646687697,0.0,1.0
0.4510183470796162,0.6927444794952682,0.0,1.0
0.4511045258620689,0.6933753943217665,0.0,1.0
0.4511163734776725,0.694006309148265,0.0,1.0
0.4511258041458184,0.6946372239747634,0.0,1.0
0.4511429003935815,0.6952681388012618,0.0,1.0
0.4511449791118676,0.6958990536277603,0.0,1.0
0.4511499540018399,0.6965299684542586,0.0,1.0
0.4511923829862965,0.6971608832807571,0.0,1.0
0.4511968825385044,0.6977917981072556,0.0,1.0
0.4512316085303356,0.6984227129337539,0.0,1.0
0.4512372013651877,0.6990536277602524,0.0,1.0
0.4512380759082606,0.6996845425867508,0.0,1.0
0.4512834417932032,0.7003154574132492,0.0,1.0
0.4512981777132721,0.7009463722397477,0.0,1.0
0.4513995562382659,0.701577287066246,0.0,1.0
0.4514313143655088,0.7022082018927445,0.0,1.0
0.4514641164522681,0.7028391167192429,0.0,1.0
0.451512639867385,0.7034700315457413,0.0,1.0
0.4515334063526834,0.7041009463722397,0.0,1.0
0.4515512761730093,0.7047318611987382,0.0,1.0
0.4515609514370664,0.7053627760252366,0.0,1.0
0.4515823384498768,0.705993690851735,0.0,1.0
0.4515908313376667,0.7066246056782335,0.0,1.0
0.4515958312978342,0.7072555205047318,0.0,1.0
0.4515960230245944,0.7078864353312303,0.0,1.0
0.4516657038320816,0.7085173501577287,0.0,1.0
0.451824092468846,0.7091482649842271,0.0,1.0
0.451841590612777,0.7097791798107256,0.0,1.0
0.4518538379040907,0.7104100946372239,0.0,1.0
0.4520370069793865,0.7110410094637224,0.0,1.0
0.4521849013533344,0.7116719242902209,0.0,1.0
0.4522582228767796,0.7123028391167192,0.0,1.0
0.4522702895959957,0.7129337539432177,0.0,1.0
0.4522716288061865,0.7135646687697161,0.0,1.0
0.4523037903339439,0.7141955835962145,0.0,1.0
0.4523128473357306,0.714826498422713,0.0,1.0
0.4523349571644549,0.7154574132492113,0.0,1.0
0.4525337282000658,0.7160883280757098,0.0,1.0
0.4525448143405889,0.7167192429022082,0.0,1.0
0.4525521207764198,0.7173501577287066,0.0,1.0
0.4526209677419355,0.717981072555205,0.0,1.0
0.4526546822742475,0.7186119873817035,0.0,1.0
0.4527654046028211,0.7192429022082019,0.0,1.0
0.4528243601059135,0.7198738170347003,0.0,1.0
0.4528744939271255,0.7205047318611988,0.0,1.0
0.4528867102396514,0.7211356466876971,0.0,1.0
0.4529097171863669,0.7217665615141956,0.0,1.0
0.4529158332051085,0.722397476340694,0.0,1.0
0.4529527191179219,0.7230283911671924,0.0,1.0
0.452954368174727,0.7236593059936909,0.0,1.0
0.4530349423631123,0.7242902208201892,0.0,1.0
0.4530400815217391,0.7249211356466877,0.0,1.0
0.453045013239188,0.7255520504731862,0.0,1.0
0.4530705153041456,0.7261829652996845,0.0,1.0
0.453155042824681,0.726813880126183,0.0,1.0
0.4531640700134641,0.7274447949526814,0.0,1.0
0.4531722054380664,0.7280757097791798,0.0,1.0
0.4531920600858369,0.7287066246056783,0.0,1.0
0.4532591414944356,0.7293375394321766,0.0,1.0
0.4532803180914513,0.7299684542586751,0.0,1.0
0.4533170391061452,0.7305993690851735,0.0,1.0
0.4534776018861569,0.7312302839116719,0.0,1.0
0.4535038046363475,0.7318611987381703,0.0,1.0
0.4535064129085643,0.7324921135646688,0.0,1.0
0.4535338345864662,0.7331230283911672,0.0,1.0
0.4535359693433199,0.7337539432176656,0.0,1.0
0.4535516422635536,0.7343848580441641,0.0,1.0
0.4535537347560975,0.7350157728706624,0.0,1.0
0.4536350148367952,0.7356466876971609,0.0,1.0
0.4536352698521829,0.7362776025236593,0.0,1.0
0.4536415289256198,0.7369085173501577,0.0,1.0
0.4536609752345793,0.7375394321766562,0.0,1.0
0.453757893115663,0.7381703470031545,0.0,1.0
0.4537629757785467,0.738801261829653,0.0,1.0
0.4537906137184115,0.7394321766561515,0.0,1.0
0.4538121922227882,0.7400630914826498,0.0,1.0
0.4538728225942838,0.7406940063091483,0.0,1.0
0.4538821833903801,0.7413249211356467,0.0,1.0
0.4538858049167327,0.7419558359621451,0.0,1.0
0.4539423516852219,0.7425867507886436,0.0,1.0
0.4539598332701781,0.7432176656151419,0.0,1.0
0.4539948453608247,0.7438485804416404,0.0,1.0
0.4540018399264029,0.7444794952681388,0.0,1.0
0.4540862146385271,0.7451104100946372,0.0,1.0
0.4540893760539629,0.7457413249211357,0.0,1.0
0.4541324971860427,0.7463722397476341,0.0,1.0
0.4542012927054478,0.7470031545741325,0.0,1.0
0.454236648424231,0.7476340694006309,0.0,1.0
0.4542643529628946,0.7482649842271294,0.0,1.0
0.4542825004017355,0.7488958990536277,0.0,1.0
0.4544186046511628,0.7495268138801262,0.0,1.0
0.454439687267312,0.7501577287066246,0.0,1.0
0.4544943820224719,0.750788643533123,0.0,1.0
0.4545048265999284,0.7514195583596215,0.0,1.0
0.4546593651382959,0.7520504731861198,0.0,1.0
0.4547062986553432,0.7526813880126183,0.0,1.0
0.4548521256931608,0.7533123028391168,0.0,1.0
0.4548555082881033,0.7539432176656151,0.0,1.0
0.4548841730115017,0.7545741324921136,0.0,1.0
0.4549424374751886,0.7552050473186119,0.0,1.0
0.4549905514516406,0.7558359621451104,0.0,1.0
0.4550390964378801,0.7564668769716089,0.0,1.0
0.4550406363479163,0.7570977917981072,0.0,1.0
0.4550457907713984,0.7577287066246057,0.0,1.0
0.455126953125,0.7583596214511041,0.0,1.0
0.4551282051282051,0.7589905362776025,0.0,1.0
0.4551548175056218,0.759621451104101,0.0,1.0
0.4553292894280762,0.7602523659305994,0.0,1.0
0.4553518845700824,0.7608832807570978,0.0,1.0
0.4553600521342457,0.7615141955835962,0.0,1.0
0.4554740495346269,0.7621451104100946,0.0,1.0
0.4554850930653928,0.762776025236593,0.0,1.0
0.4554874005305039,0.7634069400630915,0.0,1.0
0.4556800314465409,0.7640378548895899,0.0,1.0
0.4556820218677182,0.7646687697160883,0.0,1.0
0.4557044079515989,0.7652996845425868,0.0,1.0
0.4559474849731098,0.7659305993690851,0.0,1.0
0.4561044395924308,0.7665615141955836,0.0,1.0
0.4561190403887033,0.7671924290220821,0.0,1.0
0.4561337165330509,0.7678233438485804,0.0,1.0
0.4561573450134771,0.7684542586750789,0.0,1.0
0.4562276473332297,0.7690851735015772,0.0,1.0
0.4563327814569536,0.7697160883280757,0.0,1.0
0.4563782991202346,0.7703470031545742,0.0,1.0
0.4563854489164086,0.7709779179810725,0.0,1.0
0.4564586925850447,0.771608832807571,0.0,1.0
0.4565034429992349,0.7722397476340694,0.0,1.0
0.4565094871313169,0.7728706624605678,0.0,1.0
0.456517047906776,0.7735015772870663,0.0,1.0
0.4565501470107808,0.7741324921135647,0.0,1.0
0.4565592635212888,0.7747634069400631,0.0,1.0
0.4566925010473397,0.7753943217665615,0.0,1.0
0.4567686967497633,0.7760252365930599,0.0,1.0
0.4568268665490888,0.7766561514195583,0.0,1.0
0.4569716775599128,0.7772870662460568,0.0,1.0
0.4569811698717949,0.7779179810725552,0.0,1.0
0.4570195525805883,0.7785488958990536,0.0,1.0
0.4570205479452054,0.7791798107255521,0.0,1.0
0.4570546888393622,0.7798107255520504,0.0,1.0
0.4571940646882294,0.7804416403785489,0.0,1.0
0.4572747212575397,0.7810725552050474,0.0,1.0
0.4574880422233218,0.7817034700315457,0.0,1.0
0.4575308374810647,0.7823343848580442,0.0,1.0
0.4575617283950617,0.7829652996845425,0.0,1.0
0.4575992255566312,0.783596214511041,0.0,1.0
0.4576299797434166,0.7842271293375395,0.0,1.0
0.4576952822892498,0.7848580441640378,0.0,1.0
0.4577076171521621,0.7854889589905363,0.0,1.0
0.4577194828622971,0.7861198738170347,0.0,1.0
0.4577405537708429,0.7867507886435331,0.0,1.0
0.4577591372079089,0.7873817034700316,0.0,1.0
0.4578431372549019,0.78801261829653,0.0,1.0
0.4579097839898348,0.7886435331230284,0.0,1.0
0.4579908675799087,0.7892744479495268,0.0,1.0
0.4580101431980907,0.7899053627760252,0.0,1.0
0.4580212506531963,0.7905362776025237,0.0,1.0
0.4580977718656468,0.7911671924290221,0.0,1.0
0.4582741116751269,0.7917981072555205,0.0,1.0
0.4582753286929621,0.7924290220820189,0.0,1.0
0.4583014244141522,0.7930599369085174,0.0,1.0
0.4583709386281588,0.7936908517350157,0.0,1.0
0.4585407591785936,0.7943217665615142,0.0,1.0
0.4585770750988142,0.7949526813880127,0.0,1.0
0.458580486807118,0.795583596214511,0.0,1.0
0.4586479367866549,0.7962145110410095,0.0,1.0
0.4586480014735679,0.7968454258675078,0.0,1.0
0.4588223787167449,0.7974763406940063,0.0,1.0
0.4588407005838198,0.7981072555205048,0.0,1.0
0.4589820942000778,0.7987381703470031,0.0,1.0
0.4589897260273972,0.7993690851735016,0.0,1.0
0.4591043383610636,0.8,0.0,1.0
0.4591470082799562,0.8006309148264984,0.0,1.0
0.4591836734693877,0.8012618296529969,0.0,1.0
0.45924,0.8018927444794953,0.0,1.0
0.459288402326377,0.8025236593059937,0.0,1.0
0.4594183689380945,0.8031545741324921,0.0,1.0
0.459548967039899,0.8037854889589905,0.0,1.0
0.459766739385803,0.804416403785489,0.0,1.0
0.4597671185262426,0.8050473186119874,0.0,1.0
0.4598393574297189,0.8056782334384858,0.0,1.0
0.4599578503688092,0.8063091482649842,0.0,1.0
0.4599727602905569,0.8069400630914827,0.0,1.0
0.4599872975547793,0.807570977917981,0.0,1.0
0.4600246002460024,0.8082018927444795,0.0,1.0
0.4601219705369871,0.8088328075709779,0.0,1.0
0.4601269998350651,0.8094637223974763,0.0,1.0
0.4601867899094936,0.8100946372239748,0.0,1.0
0.4602659245516388,0.8107255520504731,0.0,1.0
0.4602917341977309,0.8113564668769716,0.0,1.0
0.46045054200542,0.8119873817034701,0.0,1.0
0.4604536636322937,0.8126182965299684,0.0,1.0
0.4606465517241379,0.8132492113564669,0.0,1.0
0.4607124810510358,0.8138801261829653,0.0,1.0
0.4607260209669848,0.8145110410094637,0.0,1.0
0.460742444152431,0.8151419558359622,0.0,1.0
0.4608747993579454,0.8157728706624605,0.0,1.0
0.4608938547486033,0.816403785488959,0.0,1.0
0.4609231026972692,0.8170347003154574,0.0,1.0
0.4609459949256977,0.8176656151419558,0.0,1.0
0.4611331836241147,0.8182965299684543,0.0,1.0
0.4611742424242424,0.8189274447949527,0.0,1.0
0.4612454770519901,0.8195583596214511,0.0,1.0
0.461253171969549,0.8201892744479495,0.0,1.0
0.4613721166892808,0.820820189274448,0.0,1.0
0.4614281160344278,0.8214511041009463,0.0,1.0
0.4614576033637,0.8220820189274448,0.0,1.0
0.4616201456310679,0.8227129337539432,0.0,1.0
0.4616230166316192,0.8233438485804416,0.0,1.0
0.4616740449253976,0.8239747634069401,0.0,1.0
0.4619133011071261,0.8246056782334384,0.0,1.0
0.4620725568477695,0.8252365930599369,0.0,1.0
0.4621144055106319,0.8258675078864354,0.0,1.0
0.4622649429147079,0.8264984227129337,0.0,1.0
0.4623925501432664,0.8271293375394322,0.0,1.0
0.4625264830508475,0.8277602523659306,0.0,1.0
0.4625612020935337,0.828391167192429,0.0,1.0
0.4626029076896129,0.8290220820189275,0.0,1.0
0.4626977152899824,0.8296529968454258,0.0,1.0
0.4627456955660521,0.8302839116719243,0.0,1.0
0.462748504149778,0.8309148264984227,0.0,1.0
0.4628412034269775,0.8315457413249211,0.0,1.0
0.4628576072821846,0.8321766561514196,0.0,1.0
0.4629010695187165,0.832807570977918,0.0,1.0
0.4629022646007151,0.8334384858044164,0.0,1.0
0.4629311987802554,0.8340694006309148,0.0,1.0
0.4629612630805948,0.8347003154574133,0.0,1.0
0.463040505896428,0.8353312302839117,0.0,1.0
0.46311980289498,0.8359621451104101,0.0,1.0
0.4631867176634214,0.8365930599369085,0.0,1.0
0.4632184918263315,0.8372239747634069,0.0,1.0
0.4632212788078322,0.8378548895899054,0.0,1.0
0.4634472150259067,0.8384858044164037,0.0,1.0
0.4634753184713376,0.8391167192429022,0.0,1.0
0.4635042735042735,0.8397476340694007,0.0,1.0
0.463593725972628,0.840378548895899,0.0,1.0
0.4637115839243498,0.8410094637223975,0.0,1.0
0.4638893631551989,0.841640378548896,0.0,1.0
0.4640347633136095,0.8422712933753943,0.0,1.0
0.4642742582197273,0.8429022082018928,0.0,1.0
0.46438323160938,0.8435331230283911,0.0,1.0
0.4643885501355013,0.8441640378548896,0.0,1.0
0.464463601532567,0.844794952681388,0.0,1.0
0.4644983365435125,0.8454258675078864,0.0,1.0
0.464547997901731,0.8460567823343849,0.0,1.0
0.4645887126521579,0.8466876971608833,0.0,1.0
0.4646590731783429,0.8473186119873817,0.0,1.0
0.4646619841966637,0.8479495268138801,0.0,1.0
0.4646822948797038,0.8485804416403786,0.0,1.0
0.464696533979113,0.849211356466877,0.0,1.0
0.4648419429452582,0.8498422712933754,0.0,1.0
0.4648582600195503,0.8504731861198738,0.0,1.0
0.4648673801768264,0.8511041009463722,0.0,1.0
0.4649188701923077,0.8517350157728707,0.0,1.0
0.4649709302325581,0.852365930599369,0.0,1.0
0.465008909768346,0.8529968454258675,0.0,1.0
0.4650207468879668,0.853627760252366,0.0,1.0
0.4651471643933955,0.8542586750788643,0.0,1.0
0.4652181236314637,0.8548895899053628,0.0,1.0
0.4653603918824353,0.8555205047318613,0.0,1.0
0.4655243261012491,0.8561514195583596,0.0,1.0
0.4656541249568519,0.8567823343848581,0.0,1.0
0.4656962025316455,0.8574132492113564,0.0,1.0
0.4657095396298054,0.8580441640378549,0.0,1.0
0.4658115838398284,0.8586750788643533,0.0,1.0
0.4658936459395175,0.8593059936908517,0.0,1.0
0.4659561416960588,0.8599369085173502,0.0,1.0
0.4659906526456351,0.8605678233438486,0.0,1.0
0.4661458333333333,0.861198738170347,0.0,1.0
0.466258584652135,0.8618296529968454,0.0,1.0
0.4662663107947805,0.8624605678233438,0.0,1.0
0.4662729658792651,0.8630914826498423,0.0,1.0
0.466332776850306,0.8637223974763407,0.0,1.0
0.4663759373981089,0.8643533123028391,0.0,1.0
0.4666962044011224,0.8649842271293375,0.0,1.0
0.4667656053246987,0.865615141955836,0.0,1.0
0.466867469879518,0.8662460567823344,0.0,1.0
0.4670539551169823,0.8668769716088328,0.0,1.0
0.4670912951167728,0.8675078864353313,0.0,1.0
0.4672296677069947,0.8681388012618296,0.0,1.0
0.467377812257564,0.8687697160883281,0.0,1.0
0.4675780604658847,0.8694006309148264,0.0,1.0
0.4677093436792758,0.8700315457413249,0.0,1.0
0.4677219468228932,0.8706624605678234,0.0,1.0
0.4677740515615175,0.8712933753943217,0.0,1.0
0.4678006185191923,0.8719242902208202,0.0,1.0
0.467851472922914,0.8725552050473186,0.0,1.0
0.467925478348439,0.873186119873817,0.0,1.0
0.46795542925516,0.8738170347003155,0.0,1.0
0.4679584599797365,0.8744479495268139,0.0,1.0
0.4683200579290369,0.8750788643533123,0.0,1.0
0.468402841012566,0.8757097791798107,0.0,1.0
0.4684148434148434,0.8763406940063091,0.0,1.0
0.4684554973821989,0.8769716088328076,0.0,1.0
0.4685300207039337,0.877602523659306,0.0,1.0
0.4685933989977536,0.8782334384858044,0.0,1.0
0.4686583577712609,0.8788643533123028,0.0,1.0
0.4686866981769075,0.8794952681388013,0.0,1.0
0.4687656380316931,0.8801261829652997,0.0,1.0
0.468845473548802,0.8807570977917981,0.0,1.0
0.4688543314004568,0.8813880126182966,0.0,1.0
0.4688929115853658,0.8820189274447949,0.0,1.0
0.4689327485380117,0.8826498422712934,0.0,1.0
0.4689609236234458,0.8832807570977917,0.0,1.0
0.4689634146341463,0.8839116719242902,0.0,1.0
0.4690257000383582,0.8845425867507887,0.0,1.0
0.4691925151719487,0.885173501577287,0.0,1.0
0.4692492012779553,0.8858044164037855,0.0,1.0
0.4693332329921734,0.886435331230284,0.0,1.0
0.4693640980348862,0.8870662460567823,0.0,1.0
0.4694570135746606,0.8876971608832808,0.0,1.0
0.4694871794871795,0.8883280757097792,0.0,1.0
0.4695368355610818,0.8889589905362776,0.0,1.0
0.46955533097524,0.889589905362776,0.0,1.0
0.4696583616459041,0.8902208201892744,0.0,1.0
0.4697604790419161,0.8908517350157729,0.0,1.0
0.4697643763387708,0.8914826498422713,0.0,1.0
0.4698055271238485,0.8921135646687697,0.0,1.0
0.4698247354497354,0.8927444794952681,0.0,1.0
0.4698947961675747,0.8933753943217666,0.0,1.0
0.4700789793438639,0.894006309148265,0.0,1.0
0.4702695062193743,0.8946372239747634,0.0,1.0
0.4706766271681264,0.8952681388012619,0.0,1.0
0.4710283189395461,0.8958990536277602,0.0,1.0
0.4710343567251462,0.8965299684542587,0.0,1.0
0.4715646384316627,0.897160883280757,0.0,1.0
0.4716273110012813,0.8977917981072555,0.0,1.0
0.4716322234978951,0.898422712933754,0.0,1.0
0.4716349541930937,0.8990536277602523,0.0,1.0
0.4716796875,0.8996845425867508,0.0,1.0
0.471808593144098,0.9003154574132493,0.0,1.0
0.4718149395680602,0.9009463722397476,0.0,1.0
0.4718176914778856,0.9015772870662461,0.0,1.0
0.4720501368678865,0.9022082018927445,0.0,1.0
0.4720959825486275,0.9028391167192429,0.0,1.0
0.4722501255650427,0.9034700315457413,0.0,1.0
0.4723527109023292,0.9041009463722397,0.0,1.0
0.4723580293343362,0.9047318611987382,0.0,1.0
0.4723775631248941,0.9053627760252366,0.0,1.0
0.4724268007903718,0.905993690851735,0.0,1.0
0.4725306595956248,0.9066246056782334,0.0,1.0
0.4726198134448375,0.9072555205047319,0.0,1.0
0.47284318595794,0.9078864353312303,0.0,1.0
0.4729623206684534,0.9085173501577287,0.0,1.0
0.4729778745012695,0.9091482649842272,0.0,1.0
0.4730176211453744,0.9097791798107255,0.0,1.0
0.4731682549601624,0.910410094637224,0.0,1.0
0.4731844907039568,0.9110410094637224,0.0,1.0
0.4731961750217328,0.9116719242902208,0.0,1.0
0.4732915415857319,0.9123028391167193,0.0,1.0
0.4733792671468838,0.9129337539432176,0.0,1.0
0.4734634146341463,0.9135646687697161,0.0,1.0
0.4735199546056364,0.9141955835962146,0.0,1.0
0.4735580469095737,0.9148264984227129,0.0,1.0
0.4735706580366774,0.9154574132492114,0.0,1.0
0.4736324926301998,0.9160883280757098,0.0,1.0
0.473725834797891,0.9167192429022082,0.0,1.0
0.4738398964688482,0.9173501577287066,0.0,1.0
0.4738446726572529,0.917981072555205,0.0,1.0
0.4739949185473023,0.9186119873817035,0.0,1.0
0.4740339398895931,0.9192429022082019,0.0,1.0
0.4740990990990991,0.9198738170347003,0.0,1.0
0.4741632413388139,0.9205047318611987,0.0,1.0
0.4741827326068734,0.9211356466876972,0.0,1.0
0.4741884580703336,0.9217665615141956,0.0,1.0
0.4743682600997908,0.922397476340694,0.0,1.0
0.4749022164276401,0.9230283911671924,0.0,1.0
0.4751246261216351,0.9236593059936908,0.0,1.0
0.4752528602221854,0.9242902208201893,0.0,1.0
0.4753835696251699,0.9249211356466877,0.0,1.0
0.475472765475998,0.9255520504731861,0.0,1.0
0.4755881254667662,0.9261829652996846,0.0,1.0
0.4756983691264331,0.9268138801261829,0.0,1.0
0.4760303133514986,0.9274447949526814,0.0,1.0
0.4761198057204533,0.9280757097791799,0.0,1.0
0.4761572052401747,0.9287066246056782,0.0,1.0
0.4761882744590346,0.9293375394321767,0.0,1.0
0.4762742487637885,0.929968454258675,0.0,1.0
0.4766405409558936,0.9305993690851735,0.0,1.0
0.4766788210270434,0.931230283911672,0.0,1.0
0.4767768876768365,0.9318611987381703,0.0,1.0
0.4768540765657536,0.9324921135646688,0.0,1.0
0.476910454758556,0.9331230283911672,0.0,1.0
0.4774480214621059,0.9337539432176656,0.0,1.0
0.477489659560929,0.934384858044164,0.0,1.0
0.4775422989708704,0.9350157728706625,0.0,1.0
0.4777568331762488,0.9356466876971609,0.0,1.0
0.4779040404040404,0.9362776025236593,0.0,1.0
0.4780445499360964,0.9369085173501577,0.0,1.0
0.4780968077723803,0.9375394321766561,0.0,1.0
0.4782872147041002,0.9381703470031546,0.0,1.0
0.4783011869436201,0.938801261829653,0.0,1.0
0.4783422973492124,0.9394321766561514,0.0,1.0
0.4783728919425359,0.9400630914826499,0.0,1.0
0.4785675032057153,0.9406940063091482,0.0,1.0
0.4787053660482744,0.9413249211356467,0.0,1.0
0.4787196623285262,0.9419558359621452,0.0,1.0
0.4787799603532168,0.9425867507886435,0.0,1.0
0.4790240563270095,0.943217665615142,0.0,1.0
0.4792616625745352,0.9438485804416403,0.0,1.0
0.4793470730862487,0.9444794952681388,0.0,1.0
0.4794889293296936,0.9451104100946373,0.0,1.0
0.4797426120114395,0.9457413249211356,0.0,1.0
0.4797965915338097,0.9463722397476341,0.0,1.0
0.4798682972718721,0.9470031545741325,0.0,1.0
0.4801434569629111,0.9476340694006309,0.0,1.0
0.4805101422948834,0.9482649842271293,0.0,1.0
0.4806861389561009,0.9488958990536278,0.0,1.0
0.4808114035087719,0.9495268138801262,0.0,1.0
0.4809235074626866,0.9501577287066246,0.0,1.0
0.4809381733797447,0.950788643533123,0.0,1.0
0.4810952301811534,0.9514195583596214,0.0,1.0
0.4813108303996686,0.9520504731861199,0.0,1.0
0.4814494425221068,0.9526813880126183,0.0,1.0
0.4817000171027877,0.9533123028391167,0.0,1.0
0.4817210837096214,0.9539432176656152,0.0,1.0
0.4819725864123957,0.9545741324921135,0.0,1.0
0.4820196149654921,0.955205047318612,0.0,1.0
0.4820356714114217,0.9558359621451105,0.0,1.0
0.4821336540113382,0.9564668769716088,0.0,1.0
0.4822462369741412,0.9570977917981073,0.0,1.0
0.4824832980283526,0.9577287066246056,0.0,1.0
0.4824983130904183,0.9583596214511041,0.0,1.0
0.4834063342318059,0.9589905362776026,0.0,1.0
0.4835714285714286,0.9596214511041009,0.0,1.0
0.4837908614773343,0.9602523659305994,0.0,1.0
0.4838155370843989,0.9608832807570978,0.0,1.0
0.4839257010180389,0.9615141955835962,0.0,1.0
0.4839364844903988,0.9621451104100947,0.0,1.0
0.4840015420200462,0.9627760252365931,0.0,1.0
0.484011352885525,0.9634069400630915,0.0,1.0
0.4841411841249187,0.9640378548895899,0.0,1.0
0.4841881042110437,0.9646687697160883,0.0,1.0
0.4847341638884014,0.9652996845425867,0.0,1.0
0.4848425810473815,0.9659305993690852,0.0,1.0
0.4851709699930216,0.9665615141955836,0.0,1.0
0.4854322490867977,0.967192429022082,0.0,1.0
0.4863251879699248,0.9678233438485805,0.0,1.0
0.486992385786802,0.9684542586750788,0.0,1.0
0.4871908913004803,0.9690851735015773,0.0,1.0
0.4872069142563751,0.9697160883280758,0.0,1.0
0.4873297275641026,0.9703470031545741,0.0,1.0
0.4875624190863695,0.9709779179810726,0.0,1.0
0.4876349703935911,0.9716088328075709,0.0,1.0
0.4877069956066238,0.9722397476340694,0.0,1.0
0.4881385115745169,0.9728706624605679,0.0,1.0
0.4882743362831858,0.9735015772870662,0.0,1.0
0.4886133996580133,0.9741324921135647,0.0,1.0
0.489699018187671,0.9747634069400631,0.0,1.0
0.4909199852507375,0.9753943217665615,0.0,1.0
0.4913986237798047,0.97602523659306,0.0,1.0
0.4914318354912414,0.9766561514195583,0.0,1.0
0.4923100823364921,0.9772870662460568,0.0,1.0
0.4924447686536056,0.9779179810725552,0.0,1.0
0.4925696012039127,0.9785488958990536,0.0,1.0
0.4933400605449041,0.979179810725552,0.0,1.0
0.4936353116217556,0.9798107255520505,0.0,1.0
0.4936677220463256,0.9804416403785489,0.0,1.0
0.4940359796636683,0.9810725552050473,0.0,1.0
0.4941850220264317,0.9817034700315458,0.0,1.0
0.4943605518269948,0.9823343848580441,0.0,1.0
0.4944645924794808,0.9829652996845426,0.0,1.0
0.4946269261962692,0.983596214511041,0.0,1.0
0.4956458635703918,0.9842271293375394,0.0,1.0
0.4958847736625514,0.9848580441640379,0.0,1.0
0.496031746031746,0.9854889589905362,0.0,1.0
0.4963276385118952,0.9861198738170347,0.0,1.0
0.4969901168014375,0.9867507886435332,0.0,1.0
0.4979342813220599,0.9873817034700315,0.0,1.0
0.4982728842832469,0.98801261829653,0.0,1.0
0.4985093362623568,0.9886435331230284,0.0,1.0
0.4985336140773048,0.9892744479495268,0.0,1.0
0.4985418016850291,0.9899053627760253,0.0,1.0
0.498632278233685,0.9905362776025236,0.0,1.0
0.4995703125,0.9911671924290221,0.0,1.0
0.4997418688693856,0.9917981072555205,0.0,1.0
0.5,0.9924290220820189,0.0,1.0
0.5003942595805078,0.9930599369085173,0.0,1.0
0.5030966600309666,0.9936908517350158,0.0,1.0
0.5056557087310004,0.9943217665615142,0.0,1.0
0.5058966510622974,0.9949526813880126,0.0,1.0
0.5059591373439274,0.9955835962145111,0.0,1.0
0.506760757994473,0.9962145110410094,0.0,1.0
0.5130828581013083,0.9968454258675079,0.0,1.0
0.5151539448364336,0.9974763406940063,0.0,1.0
0.5156046814044213,0.9981072555205047,0.0,1.0
0.517282837391043,0.9987381703470032,0.0,1.0
0.5258262511803589,0.9993690851735015,0.0,1.0
0.5377410252390656,1.0,0.0,1.0
