family_id,twin_id,eye,subject_id,iris_id,image_idx,filename,relative_path,absolute_path,file_extension,file_size_bytes,sha256,width,height,mode,format,readable,error,filename_pattern_ok,filename_family_id,filename_twin_id,filename_eye,filename_image_idx,folder_filename_consistent,quality_ok,brightness,contrast,focus_score,dark_ratio,bright_ratio,folder_class,flag_low_focus,flag_low_contrast,flag_high_bright_ratio,flag_high_dark_ratio,quality_reject,quality_flag_any,segmentation_ok,pupil_found,iris_found,pupil_x,pupil_y,pupil_r,pupil_score,pupil_method,pupil_inner_mean,pupil_ring_mean,pupil_circularity,iris_x,iris_y,iris_r,iris_score,iris_method,iris_edge_score,iris_contrast,iris_confidence,iris_pupil_radius_ratio,iris_center_offset
1,1,L,F01_T1,F01_T1_L,2,S3011L02.jpg,01/1L/S3011L02.jpg,/Users/sarahoualli/Desktop/BIO/iris_twins_project/data/raw/CASIA-Iris-Twins/01/1L/S3011L02.jpg,.jpg,20369,735d7ab8c3c24e5749d78f2fc7bb0394d743f9943d207a8590424db8bb2d314b,640,480,L,JPEG,True,,True,1,1,L,2,True,True,134.34814453125,41.52907180786133,39.992781300767255,0.0015852864583333,0.0001595052083333,1L,False,False,False,False,False,False,True,True,True,294.2061462402344,212.5189514160156,69.48403930664062,411.12669660651386,threshold_p6,27.923006602336212,106.79307398472056,0.685035702721482,286.2061462402344,220.5189514160156,140.0,75.80953602613934,radial_lateral_search,53.634559631347656,19.959999084472656,high,2.0148512003190366,11.31370849898476
1,1,L,F01_T1,F01_T1_L,3,S3011L03.jpg,01/1L/S3011L03.jpg,/Users/sarahoualli/Desktop/BIO/iris_twins_project/data/raw/CASIA-Iris-Twins/01/1L/S3011L03.jpg,.jpg,17824,d30f535adb43154270e4db4465c09e8bde8471c09b8da745c2866f8945f5cfda,640,480,L,JPEG,True,,True,1,1,L,3,True,True,121.89764404296876,59.50273132324219,22.484911687628433,0.002900390625,0.0030598958333333,1L,False,False,False,False,False,False,True,True,True,351.0,195.0,69.0,382.6624172509589,hough_pupil,24.935106046217157,88.0112114448052,0.75,351.0,203.0,143.0,62.20899264570595,radial_lateral_search,40.13013458251953,19.13500213623047,high,2.072463768115942,8.0
1,1,L,F01_T1,F01_T1_L,4,S3011L04.jpg,01/1L/S3011L04.jpg,/Users/sarahoualli/Desktop/BIO/iris_twins_project/data/raw/CASIA-Iris-Twins/01/1L/S3011L04.jpg,.jpg,19066,281ea9384560c4e3eb2b1ac6ead0772b1307edcf7ff89752dde8afacee3e2295,640,480,L,JPEG,True,,True,1,1,L,4,True,True,131.64028930664062,56.30535507202149,29.740299026478667,0.0016341145833333,0.0001953125,1L,False,False,False,False,False,False,True,True,True,317.0,220.0,67.0,397.6764855416125,hough_pupil,25.826025150355385,95.6567075796727,0.75,317.0,228.0,143.0,64.91027562155652,radial_lateral_search,43.68296432495117,18.349998474121097,high,2.1343283582089554,8.0
1,1,L,F01_T1,F01_T1_L,7,S3011L07.jpg,01/1L/S3011L07.jpg,/Users/sarahoualli/Desktop/BIO/iris_twins_project/data/raw/CASIA-Iris-Twins/01/1L/S3011L07.jpg,.jpg,18117,604cc2632d6bf0ac008a1240a19432525e6f84d229323139d889fd12c96c2677,640,480,L,JPEG,True,,True,1,1,L,7,True,True,123.94527435302734,38.76007843017578,35.702563107638895,0.0012955729166666,4.2317708333333335e-05,1L,False,False,False,False,False,False,True,True,True,283.0,223.0,55.0,393.5354424315514,hough_pupil,27.22626295869673,96.27248023715416,0.75,283.0,223.0,114.0,63.54609250155362,radial_lateral_search,43.68717956542969,16.12000274658203,high,2.0727272727272728,0.0
1,1,R,F01_T1,F01_T1_R,4,S3011R04.jpg,01/1R/S3011R04.jpg,/Users/sarahoualli/Desktop/BIO/iris_twins_project/data/raw/CASIA-Iris-Twins/01/1R/S3011R04.jpg,.jpg,16598,9717fe345da3b18b719b2be230bb51bc987a242732109813aa2e9aed09b6e091,640,480,L,JPEG,True,,True,1,1,R,4,True,True,122.15306091308594,37.16454315185547,24.042781280475197,0.0009635416666666,5.859375e-05,1R,False,False,False,False,False,False,True,True,True,293.0,189.0,53.0,380.36255325565935,hough_pupil,27.434932126696832,90.68914356787492,0.75,293.0,189.0,112.0,61.401412647175334,radial_lateral_search,41.310585021972656,16.169998168945312,high,2.1132075471698113,0.0
1,1,R,F01_T1,F01_T1_R,5,S3011R05.jpg,01/1R/S3011R05.jpg,/Users/sarahoualli/Desktop/BIO/iris_twins_project/data/raw/CASIA-Iris-Twins/01/1R/S3011R05.jpg,.jpg,21844,e36f50afc6267ef10f379da83941271c1a92df306bfb978cae815319a14a019e,640,480,L,JPEG,True,,True,1,1,R,5,True,True,131.66534423828125,40.14927291870117,65.33362723158733,0.00078125,9.440104166666666e-05,1R,False,False,False,False,False,False,True,True,True,283.7034606933594,171.7148895263672,60.29331970214844,414.580881996322,threshold_p3,28.04464161929849,108.39599782194392,0.7659387304286237,283.7034606933594,171.7148895263672,130.0,66.88203154303419,radial_lateral_search,50.315528869628906,13.529998779296877,high,2.156126095597415,0.0
1,2,L,F01_T2,F01_T2_L,1,S3012L01.jpg,01/2L/S3012L01.jpg,/Users/sarahoualli/Desktop/BIO/iris_twins_project/data/raw/CASIA-Iris-Twins/01/2L/S3012L01.jpg,.jpg,16808,2dc89a5271fea28e9375d0a99c6568ba24ac1be31cf45b8318a35c8e26f7c1e6,640,480,L,JPEG,True,,True,1,2,L,1,True,True,131.65557861328125,35.638729095458984,21.217784678893626,0.0015625,9.440104166666666e-05,2L,False,False,False,False,False,False,True,True,True,198.5,196.0,48.15869140625,321.3709151328093,threshold_p3,26.75486707138371,61.7937210282343,0.7284100803998281,198.5,196.0,111.0,72.06523036830119,radial_lateral_search,49.73770904541016,17.220001220703125,high,2.304879903476665,0.0
1,2,L,F01_T2,F01_T2_L,2,S3012L02.jpg,01/2L/S3012L02.jpg,/Users/sarahoualli/Desktop/BIO/iris_twins_project/data/raw/CASIA-Iris-Twins/01/2L/S3012L02.jpg,.jpg,17172,2511e9a05a0d26d47850347ae6c1eac36f56a0f89dc8333115c03472d8bf68d9,640,480,L,JPEG,True,,True,1,2,L,2,True,True,132.15762329101562,35.48655700683594,23.259687011337277,0.0014453125,8.463541666666667e-05,2L,False,False,False,False,False,False,True,True,True,198.2138214111328,191.67042541503903,51.79402160644531,338.83875677834953,threshold_p3,26.662611670785022,71.17529261155816,0.7173375244975407,198.2138214111328,199.67042541503903,110.0,62.97748265064796,radial_lateral_search,44.781288146972656,16.215003967285156,high,2.1237972373690224,8.0
1,2,L,F01_T2,F01_T2_L,7,S3012L07.jpg,01/2L/S3012L07.jpg,/Users/sarahoualli/Desktop/BIO/iris_twins_project/data/raw/CASIA-Iris-Twins/01/2L/S3012L07.jpg,.jpg,19673,180e921b0dd2e077ecef7694159b030e6fdf952d6753529ed9c46e3742b87cbb,640,480,L,JPEG,True,,True,1,2,L,7,True,True,133.97088623046875,41.78773880004883,51.19017060511907,0.0008430989583333,5.5338541666666664e-05,2L,False,False,False,False,False,False,True,True,True,280.5,222.1836700439453,49.38920211791992,334.792842293486,threshold_p3,26.98945273631841,69.70013850415512,0.4806025058506435,288.5,222.1836700439453,105.0,86.3469998356926,radial_lateral_search,63.809120178222656,19.30999755859375,high,2.125970768859673,8.0
1,2,R,F01_T2,F01_T2_R,7,S3012R07.jpg,01/2R/S3012R07.jpg,/Users/sarahoualli/Desktop/BIO/iris_twins_project/data/raw/CASIA-Iris-Twins/01/2R/S3012R07.jpg,.jpg,18397,cd8441e2de18b18ad942ce0323f8461491e1c5dbd7ea5ff1daddd662d6b0bcbf,640,480,L,JPEG,True,,True,1,2,R,7,True,True,115.7553253173828,40.439170837402344,34.6133126271142,0.0021354166666666,8.463541666666667e-05,2R,False,False,False,False,False,False,True,True,True,239.47955322265625,194.8029022216797,48.20001983642578,361.08906643793966,threshold_p10,25.439397111157632,76.1153603034134,0.8722637363323311,242.0,194.0,109.0,135.1471227241363,hough_iris,93.65579223632812,31.50500106811523,high,2.2614098577118504,2.6452417536022437
2,1,L,F02_T1,F02_T1_L,1,S3021L01.jpg,02/1L/S3021L01.jpg,/Users/sarahoualli/Desktop/BIO/iris_twins_project/data/raw/CASIA-Iris-Twins/02/1L/S3021L01.jpg,.jpg,19656,e8a98fb8a5a5f37149955d483156e806cd27214cb33d98309cac037149469133,640,480,L,JPEG,True,,True,2,1,L,1,True,True,144.79774475097656,39.9259033203125,53.29797620645098,0.0006998697916666,7.8125e-05,1L,False,False,False,False,False,False,True,True,True,185.34616088867188,211.78846740722656,47.42383575439453,360.4585585867366,threshold_p4,25.648570795479724,77.74293966623877,0.8052231199811811,185.34616088867188,211.78846740722656,116.0,82.04497066533654,radial_lateral_search,54.490867614746094,20.54999542236328,high,2.446027364820461,0.0
2,1,L,F02_T1,F02_T1_L,2,S3021L02.jpg,02/1L/S3021L02.jpg,/Users/sarahoualli/Desktop/BIO/iris_twins_project/data/raw/CASIA-Iris-Twins/02/1L/S3021L02.jpg,.jpg,16668,f868532e755971cd7897d4237db8f1c9ea3aff0129172549e899978450f3cd90,640,480,L,JPEG,True,,True,2,1,L,2,True,True,144.12139892578125,41.2093391418457,26.181441011386443,0.000302734375,5.5338541666666664e-05,1L,False,False,False,False,False,False,True,True,True,292.5595703125,181.842041015625,49.76886749267578,365.3275212842988,threshold_p8,30.626666666666665,85.30342303126237,0.8811551495437456,292.5595703125,173.842041015625,114.0,64.61771553425558,radial_lateral_search,46.69935989379883,15.540000915527344,high,2.290588589679618,8.0
2,1,L,F02_T1,F02_T1_L,3,S3021L03.jpg,02/1L/S3021L03.jpg,/Users/sarahoualli/Desktop/BIO/iris_twins_project/data/raw/CASIA-Iris-Twins/02/1L/S3021L03.jpg,.jpg,20601,97fea426d3b9943f6509a038e6f47bc6d4eaa2f2142b9e9aad98f26511b0d065,640,480,L,JPEG,True,,True,2,1,L,3,True,True,146.98858642578125,44.78339767456055,66.55018717341954,0.0002473958333333,6.510416666666667e-05,1L,False,False,False,False,False,False,True,True,True,343.7744445800781,182.1656188964844,47.18912124633789,364.92915677442664,threshold_p5,28.901839131398184,82.42008104457452,0.884070169397539,343.7744445800781,174.16561889648438,117.0,75.2479882030747,radial_lateral_search,57.2254524230957,15.074996948242188,high,2.479385013109982,8.0
2,1,L,F02_T1,F02_T1_L,4,S3021L04.jpg,02/1L/S3021L04.jpg,/Users/sarahoualli/Desktop/BIO/iris_twins_project/data/raw/CASIA-Iris-Twins/02/1L/S3021L04.jpg,.jpg,19621,7d9b7c35c69b4a9003e29e9514e3ca5e2ff8e861c236fe120be24b768df4c4c5,640,480,L,JPEG,True,,True,2,1,L,4,True,True,130.58773803710938,42.05365753173828,31.270307004282223,0.0003515625,8.138020833333333e-05,1L,False,False,False,False,False,False,True,True,True,312.2585754394531,200.5513916015625,50.601905822753906,351.20376397228756,threshold_p5,25.108059701492536,71.28135922330097,0.7296190533841053,304.2585754394531,200.5513916015625,126.0,74.216562026439,radial_lateral_search,53.0644645690918,17.279998779296875,high,2.4900247915828935,8.0
2,1,L,F02_T1,F02_T1_L,6,S3021L06.jpg,02/1L/S3021L06.jpg,/Users/sarahoualli/Desktop/BIO/iris_twins_project/data/raw/CASIA-Iris-Twins/02/1L/S3021L06.jpg,.jpg,21270,3c6b469062a2edd7c4301037a51dde6d12e8c9689b836d556c11782c47891f07,640,480,L,JPEG,True,,True,2,1,L,6,True,True,135.67808532714844,40.527679443359375,45.76344243612289,0.0002897135416666,0.0001106770833333,1L,False,False,False,False,False,False,True,True,True,294.5657043457031,201.38571166992188,50.50340270996094,366.0240299537336,threshold_p5,26.764776119402985,79.79815533980583,0.8458596435533664,294.5657043457031,193.38571166992188,123.0,79.51827663831683,radial_lateral_search,54.7553596496582,20.01499938964844,high,2.4354794607877053,8.0
2,1,R,F02_T1,F02_T1_R,1,S3021R01.jpg,02/1R/S3021R01.jpg,/Users/sarahoualli/Desktop/BIO/iris_twins_project/data/raw/CASIA-Iris-Twins/02/1R/S3021R01.jpg,.jpg,17083,2524e2e3c50ae8d8d7f20e500d6b5d90d4715b142823faf837f99d68eefe2b62,640,480,L,JPEG,True,,True,2,1,R,1,True,True,116.52989959716795,32.503173828125,25.42084146625731,0.00087890625,6.8359375e-05,1R,False,False,False,False,False,False,True,True,True,354.1668701171875,235.8430938720703,47.66080093383789,334.57252914013463,threshold_p6,26.619100376689563,62.88735558408216,0.8662464696824885,360.0,237.0,106.0,79.44130000042514,hough_iris,55.1227912902832,19.93499755859375,high,2.224049909424473,5.946750038348799
2,1,R,F02_T1,F02_T1_R,2,S3021R02.jpg,02/1R/S3021R02.jpg,/Users/sarahoualli/Desktop/BIO/iris_twins_project/data/raw/CASIA-Iris-Twins/02/1R/S3021R02.jpg,.jpg,16805,d439a3519ff5349eafef3311780f996cf763e565c4dc8d9d382a07ee0e6f9ac0,640,480,L,JPEG,True,,True,2,1,R,2,True,True,117.133544921875,32.73752975463867,23.102396953487396,0.0006282552083333,6.510416666666667e-05,1R,False,False,False,False,False,False,True,True,True,339.8033142089844,232.62200927734375,47.269561767578125,336.1987455370591,threshold_p6,27.21493463328163,64.2551778478163,0.8713629703710521,344.0,233.0,106.0,81.91598948006003,hough_iris,55.8305778503418,20.834999084472656,high,2.242457853135941,4.213674004349012
2,1,R,F02_T1,F02_T1_R,3,S3021R03.jpg,02/1R/S3021R03.jpg,/Users/sarahoualli/Desktop/BIO/iris_twins_project/data/raw/CASIA-Iris-Twins/02/1R/S3021R03.jpg,.jpg,17599,1f7a65196c31a8b7a021ecae77e13a6871c10fc777ffe51af6d943170738cb37,640,480,L,JPEG,True,,True,2,1,R,3,True,True,119.06798553466795,33.7379035949707,29.86593514806959,0.0006510416666666,6.510416666666667e-05,1R,False,False,False,False,False,False,True,True,True,322.7591857910156,229.1571044921875,46.32822036743164,334.5611995040174,threshold_p6,28.48311204286047,64.93081688848095,0.8747958014625645,322.7591857910156,221.1571044921875,112.0,75.49946078294239,radial_lateral_search,57.7313346862793,15.069995880126951,high,2.417532966121338,8.0
2,1,R,F02_T1,F02_T1_R,4,S3021R04.jpg,02/1R/S3021R04.jpg,/Users/sarahoualli/Desktop/BIO/iris_twins_project/data/raw/CASIA-Iris-Twins/02/1R/S3021R04.jpg,.jpg,21446,3a2d6e937ecadd1f3c8eb9852f09dc42741a79cfdaab908a406ab617ee86af87,640,480,L,JPEG,True,,True,2,1,R,4,True,True,122.36321258544922,37.96932220458984,47.21244151458741,0.0013346354166666,0.000146484375,1R,False,False,False,False,False,False,True,True,True,370.8507385253906,217.8208923339844,54.67234802246094,361.6629638933335,threshold_p8,25.350008227743952,75.64370204603581,0.8221345222662522,373.0,226.0,128.0,94.8274203295374,hough_iris,64.521728515625,24.32500457763672,high,2.3412200980907936,8.456779948568819
2,1,R,F02_T1,F02_T1_R,5,S3021R05.jpg,02/1R/S3021R05.jpg,/Users/sarahoualli/Desktop/BIO/iris_twins_project/data/raw/CASIA-Iris-Twins/02/1R/S3021R05.jpg,.jpg,21826,d1624e7f84d9e2e0f933e5bada5e8fa1d3c59e59e92c860b695abdda0365a907,640,480,L,JPEG,True,,True,2,1,R,5,True,True,123.32589721679688,38.99602508544922,49.72341520435543,0.0015071614583333,0.0001497395833333,1R,False,False,False,False,False,False,True,True,True,358.51519775390625,219.843505859375,55.506439208984375,367.2027331680944,threshold_p8,25.69129504689814,78.44296998420221,0.8320572025773071,362.0,226.0,132.0,95.11343504650674,hough_iris,63.747615814208984,24.729995727539062,high,2.378102466688842,7.074338612049186
2,1,R,F02_T1,F02_T1_R,6,S3021R06.jpg,02/1R/S3021R06.jpg,/Users/sarahoualli/Desktop/BIO/iris_twins_project/data/raw/CASIA-Iris-Twins/02/1R/S3021R06.jpg,.jpg,20442,cdd5f4b6e1a41f0a8e87045ecb23ae292f3dcdee91b0c4098a6b60d20f2768c6,640,480,L,JPEG,True,,True,2,1,R,6,True,True,123.9819793701172,36.357627868652344,32.47773104243808,0.0006673177083333,0.0002180989583333,1R,False,False,False,False,False,False,True,True,True,320.2826843261719,192.9688720703125,56.72797393798828,373.87236734501334,threshold_p6,25.49614840433894,83.89503992628993,0.650442787407402,326.0,202.0,132.0,89.72411368543855,hough_iris,58.801727294921875,25.204994201660156,high,2.3268943139815765,10.688730990935378
2,1,R,F02_T1,F02_T1_R,7,S3021R07.jpg,02/1R/S3021R07.jpg,/Users/sarahoualli/Desktop/BIO/iris_twins_project/data/raw/CASIA-Iris-Twins/02/1R/S3021R07.jpg,.jpg,20606,02c4ce4c6bf72e952fe8f2bb96f65186836a4aece74a4ad64d8fa6096f294d1a,640,480,L,JPEG,True,,True,2,1,R,7,True,True,123.02745819091795,37.73151779174805,37.76370629576577,0.001298828125,0.0002213541666666,1R,False,False,False,False,False,False,True,True,True,334.3301086425781,197.5465545654297,57.64302062988281,372.4538889019142,threshold_p5,24.188981132075472,81.38271042236403,0.660204884030209,340.0,202.0,132.0,91.1601466605758,hough_iris,60.978759765625,24.160003662109375,high,2.289956330490593,7.209774215858804
2,1,R,F02_T1,F02_T1_R,8,S3021R08.jpg,02/1R/S3021R08.jpg,/Users/sarahoualli/Desktop/BIO/iris_twins_project/data/raw/CASIA-Iris-Twins/02/1R/S3021R08.jpg,.jpg,20598,fde9d28282e8e6a5ff20c3427552a4d8791eeffd544130c5d1f18199a4d73a01,640,480,L,JPEG,True,,True,2,1,R,8,True,True,116.3874740600586,43.19745635986328,43.52706468705073,0.00197265625,0.0002278645833333,1R,False,False,False,False,False,False,True,True,True,336.057373046875,202.1156768798828,58.14823532104492,353.6717516910634,threshold_p5,22.755960121369743,69.06378959604766,0.7206584449294402,336.057373046875,202.1156768798828,134.0,85.10833571271156,radial_lateral_search,53.472511291503906,23.87000274658203,high,2.3044551439982035,0.0
2,1,R,F02_T1,F02_T1_R,9,S3021R09.jpg,02/1R/S3021R09.jpg,/Users/sarahoualli/Desktop/BIO/iris_twins_project/data/raw/CASIA-Iris-Twins/02/1R/S3021R09.jpg,.jpg,20459,3881210bfafeb3441d78201a9b646548501e335cca9dc9b0c8dcc08eb50f5381,640,480,L,JPEG,True,,True,2,1,R,9,True,True,118.33251190185548,42.591182708740234,41.97640969974729,0.0024446614583333,0.0001692708333333,1R,False,False,False,False,False,False,True,True,True,335.0,203.0,58.0,357.1219233305506,hough_pupil,22.696905660377357,71.36283057250799,0.75,335.0,203.0,136.0,89.00647404111665,radial_lateral_search,55.34716796875,25.199996948242188,high,2.3448275862068964,0.0
2,2,L,F02_T2,F02_T2_L,1,S3022L01.jpg,02/2L/S3022L01.jpg,/Users/sarahoualli/Desktop/BIO/iris_twins_project/data/raw/CASIA-Iris-Twins/02/2L/S3022L01.jpg,.jpg,17756,3ef3ef1cee7c35f43bfb64b381b07b1b18defcd52c4f853882c40d808118e70b,640,480,L,JPEG,True,,True,2,2,L,1,True,True,118.334716796875,34.6546630859375,33.703040303505794,0.0005533854166666,6.510416666666667e-05,2L,False,False,False,False,False,False,True,True,True,307.4788818359375,230.00926208496097,39.03900909423828,316.46598851505877,threshold_p5,26.865378207264246,53.45514018691589,0.8837240184068403,299.4788818359375,230.00926208496097,110.0,78.71742097654683,radial_lateral_search,50.783203125,21.574996948242188,high,2.817694468998056,8.0
2,2,R,F02_T2,F02_T2_R,1,S3022R01.jpg,02/2R/S3022R01.jpg,/Users/sarahoualli/Desktop/BIO/iris_twins_project/data/raw/CASIA-Iris-Twins/02/2R/S3022R01.jpg,.jpg,17290,5cb2f192978993bd11af62466ea14574bfd07de147ba5ccc45af6c6ab0303970,640,480,L,JPEG,True,,True,2,2,R,1,True,True,123.80333709716795,37.04561996459961,28.05013073895773,0.000595703125,7.161458333333333e-05,2R,False,False,False,False,False,False,True,True,True,294.18817138671875,204.61648559570312,46.881134033203125,336.53587250886227,threshold_p5,27.08730334588965,65.04009126466754,0.8790356364688063,294.18817138671875,204.61648559570312,113.0,73.2488001705536,radial_lateral_search,47.96539688110352,19.029998779296875,high,2.4103512496086124,0.0
2,2,R,F02_T2,F02_T2_R,2,S3022R02.jpg,02/2R/S3022R02.jpg,/Users/sarahoualli/Desktop/BIO/iris_twins_project/data/raw/CASIA-Iris-Twins/02/2R/S3022R02.jpg,.jpg,20223,d9d2626c1a9d7619fe0d6707b48ea03371d626891e5e731d794a7b738fdfd003,640,480,L,JPEG,True,,True,2,2,R,2,True,True,128.40469360351562,38.58464050292969,46.68730464696886,0.000361328125,7.486979166666666e-05,2R,False,False,False,False,False,False,True,True,True,299.1023864746094,173.63404846191406,45.302188873291016,358.7327614665244,threshold_p6,25.83962496915865,75.71127450980393,0.8057184700199189,299.1023864746094,173.63404846191406,120.0,92.02479155869038,radial_lateral_search,61.153282165527344,22.339996337890625,high,2.6488786300290417,0.0
2,2,R,F02_T2,F02_T2_R,4,S3022R04.jpg,02/2R/S3022R04.jpg,/Users/sarahoualli/Desktop/BIO/iris_twins_project/data/raw/CASIA-Iris-Twins/02/2R/S3022R04.jpg,.jpg,19430,f73ea81b02e6726f3c9fc851a7b541db4d031f9f538db739d664c91a14717113,640,480,L,JPEG,True,,True,2,2,R,4,True,True,132.73634338378906,37.72496795654297,31.032086995177803,0.000205078125,0.0001139322916666,2R,False,False,False,False,False,False,True,True,True,299.23443603515625,153.88050842285156,57.43452453613281,387.91660142853794,threshold_p6,30.84090566037736,102.00228681026852,0.620319023264726,307.23443603515625,161.88050842285156,125.0,68.18933522171501,radial_lateral_search,48.385196685791016,17.80500030517578,high,2.1763913083560196,11.31370849898476
4,1,L,F04_T1,F04_T1_L,3,S3041L03.jpg,04/1L/S3041L03.jpg,/Users/sarahoualli/Desktop/BIO/iris_twins_project/data/raw/CASIA-Iris-Twins/04/1L/S3041L03.jpg,.jpg,19694,55e327e309657c642f5b1603cb3c7441840aacf71f48dff46a71cdf7238f4ab9,640,480,L,JPEG,True,,True,4,1,L,3,True,True,136.78561401367188,38.91806411743164,48.01418487442864,0.0009993489583333,0.0001106770833333,1L,False,False,False,False,False,False,True,True,True,339.96173095703125,136.87277221679688,39.32738494873047,351.25190652681664,threshold_p3,23.142952349216927,70.36028037383177,0.732172685937973,334.0,142.0,118.0,97.42667330349364,hough_iris,63.45530319213867,26.384998321533203,high,3.0004537589730886,7.863250011596654
4,1,L,F04_T1,F04_T1_L,4,S3041L04.jpg,04/1L/S3041L04.jpg,/Users/sarahoualli/Desktop/BIO/iris_twins_project/data/raw/CASIA-Iris-Twins/04/1L/S3041L04.jpg,.jpg,20021,9863cb7f0979ed29ecc3a9196e1c70200e998444036d713c1bf4d71f28bf2b98,640,480,L,JPEG,True,,True,4,1,L,4,True,True,141.0794219970703,40.7320556640625,53.684250326156615,0.0014388020833333,0.0001334635416666,1L,False,False,False,False,False,False,True,True,True,315.206298828125,111.24677276611328,42.95975112915039,349.89059698635333,threshold_p4,23.74151724137931,70.69683609958506,0.7438480368936391,307.206298828125,119.24677276611328,117.0,87.3351997481211,radial_lateral_search,55.12971115112305,25.099998474121097,high,2.7234794644936735,11.31370849898476
4,1,L,F04_T1,F04_T1_L,5,S3041L05.jpg,04/1L/S3041L05.jpg,/Users/sarahoualli/Desktop/BIO/iris_twins_project/data/raw/CASIA-Iris-Twins/04/1L/S3041L05.jpg,.jpg,21341,65ce270419393b14d5c853d041b26522fb3e8b0b7d29602157c749bfdcc155f1,640,480,L,JPEG,True,,True,4,1,L,5,True,True,137.62850952148438,40.293216705322266,67.95458084292943,0.00126953125,0.000107421875,1L,False,False,False,False,False,False,True,True,True,322.4482116699219,117.12162017822266,43.01689147949219,347.6457961226937,threshold_p4,23.300137931034484,68.31159232365145,0.7715053991979237,314.4482116699219,125.12162017822266,119.0,84.34854951677241,radial_lateral_search,54.52439880371094,23.36999893188477,high,2.7663551667077546,11.31370849898476
4,1,L,F04_T1,F04_T1_L,6,S3041L06.jpg,04/1L/S3041L06.jpg,/Users/sarahoualli/Desktop/BIO/iris_twins_project/data/raw/CASIA-Iris-Twins/04/1L/S3041L06.jpg,.jpg,22212,c186d58b59cd8373768129f31d0968b93a8e7e506d11f48508f6a8fdeea28bfd,640,480,L,JPEG,True,,True,4,1,L,6,True,True,140.5230255126953,42.760459899902344,69.11588049977622,0.0017350260416666,9.765625e-05,1L,False,False,False,False,False,False,True,True,True,318.1670227050781,116.52204895019533,43.02412033081055,349.6393729208031,threshold_p4,23.52496551724138,69.74610995850622,0.7513432241147777,310.1670227050781,124.52204895019533,121.0,80.32362711738969,radial_lateral_search,52.57356262207031,22.019996643066406,high,2.812375920056851,11.31370849898476
4,1,R,F04_T1,F04_T1_R,1,S3041R01.jpg,04/1R/S3041R01.jpg,/Users/sarahoualli/Desktop/BIO/iris_twins_project/data/raw/CASIA-Iris-Twins/04/1R/S3041R01.jpg,.jpg,20263,af7e939601b12a8a9e762378f8c78e9436fc7510bc3a345ada795f15641b47b8,640,480,L,JPEG,True,,True,4,1,R,1,True,True,172.46641540527344,46.1712646484375,42.1060128272904,0.0002115885416666,8.138020833333333e-05,1R,False,False,False,False,False,False,True,True,True,299.63275146484375,233.9004364013672,45.23515319824219,373.0726733325027,threshold_p3,31.749321490254133,90.40026029342168,0.7971268645672197,299.63275146484375,241.9004364013672,113.0,87.47225503273992,radial_lateral_search,60.91203308105469,21.1199951171875,high,2.4980571969056826,8.0
4,1,R,F04_T1,F04_T1_R,8,S3041R08.jpg,04/1R/S3041R08.jpg,/Users/sarahoualli/Desktop/BIO/iris_twins_project/data/raw/CASIA-Iris-Twins/04/1R/S3041R08.jpg,.jpg,18919,c426e0350172486517c31b4d10b57638e7d02fcc93b8b0fd741ef4eb33e5f2c4,640,480,L,JPEG,True,,True,4,1,R,8,True,True,130.0696563720703,40.88608169555664,32.903986637327414,0.0009830729166666,0.0002473958333333,1R,False,False,False,False,False,False,True,True,True,300.09814453125,166.78819274902344,68.58931732177734,352.42035256843377,threshold_p5,29.152263374485596,83.30351135407906,0.5025950192996577,310.0,177.0,139.0,81.40372797654317,hough_iris,57.235565185546875,21.8699951171875,high,2.026554650601064,14.224195901881828
4,1,R,F04_T1,F04_T1_R,9,S3041R09.jpg,04/1R/S3041R09.jpg,/Users/sarahoualli/Desktop/BIO/iris_twins_project/data/raw/CASIA-Iris-Twins/04/1R/S3041R09.jpg,.jpg,20780,5f921cace7b8c01ef9f38832ddec674b245c0440421ea210ba6899330f3402f7,640,480,L,JPEG,True,,True,4,1,R,9,True,True,158.32017517089844,42.635704040527344,32.99532496435378,0.0001106770833333,0.00021484375,1R,False,False,False,False,False,False,True,True,True,380.9646301269531,168.27076721191406,62.66778945922851,388.14746607390293,threshold_p4,30.749012109623965,103.888720666162,0.5186513810639746,380.9646301269531,176.27076721191406,129.0,78.92452536787259,radial_lateral_search,52.14863204956055,22.529998779296875,high,2.0584737568241023,8.0
4,1,R,F04_T1,F04_T1_R,10,S3041R10.jpg,04/1R/S3041R10.jpg,/Users/sarahoualli/Desktop/BIO/iris_twins_project/data/raw/CASIA-Iris-Twins/04/1R/S3041R10.jpg,.jpg,22201,ff9892c47bcc6c284cfbe1328a40b924674661e987046a0238f81528f297a71e,640,480,L,JPEG,True,,True,4,1,R,10,True,True,150.95925903320312,43.30186462402344,51.42684210119248,0.0001432291666666,0.0001822916666666,1R,False,False,False,False,False,False,True,True,True,380.5812072753906,167.142822265625,62.47831344604492,385.49944840407386,threshold_p4,29.468196303377947,99.0451047186475,0.6377547867180281,380.5812072753906,175.142822265625,126.0,82.16580036942383,radial_lateral_search,56.90800857543945,21.56499481201172,high,2.0166997642919924,8.0
4,2,L,F04_T2,F04_T2_L,1,S3042L01.jpg,04/2L/S3042L01.jpg,/Users/sarahoualli/Desktop/BIO/iris_twins_project/data/raw/CASIA-Iris-Twins/04/2L/S3042L01.jpg,.jpg,18676,78fa104f382ba4cd36f0d609f9665cb7d06ea7871da28f3d3c6f4c078c886ef4,640,480,L,JPEG,True,,True,4,2,L,1,True,True,129.58590698242188,47.65842819213867,30.35329635921055,0.0009765625,9.765625e-05,2L,False,False,False,False,False,False,True,True,True,356.0,182.0,50.0,334.1916886566977,hough_pupil,23.023482587064677,61.34460987561251,0.75,348.0,182.0,137.0,72.11532760620116,radial_lateral_search,43.65632247924805,21.785003662109375,high,2.74,8.0
4,2,L,F04_T2,F04_T2_L,2,S3042L02.jpg,04/2L/S3042L02.jpg,/Users/sarahoualli/Desktop/BIO/iris_twins_project/data/raw/CASIA-Iris-Twins/04/2L/S3042L02.jpg,.jpg,19137,38810135a8835cac78897c83f8fd177aac43499314297c33a5e688f6709444b7,640,480,L,JPEG,True,,True,4,2,L,2,True,True,123.61829376220705,51.237937927246094,38.896027256001375,0.001337890625,7.486979166666666e-05,2L,False,False,False,False,False,False,True,True,True,344.0,176.0,63.0,351.4646908917171,hough_pupil,27.33397068196303,76.36871813546978,0.75,344.0,184.0,135.0,60.77676914760045,radial_lateral_search,38.367332458496094,19.170005798339844,high,2.142857142857143,8.0
4,2,L,F04_T2,F04_T2_L,3,S3042L03.jpg,04/2L/S3042L03.jpg,/Users/sarahoualli/Desktop/BIO/iris_twins_project/data/raw/CASIA-Iris-Twins/04/2L/S3042L03.jpg,.jpg,19223,d5c75808748ee2d273010e8258b16900277d745e19d87a91256d76d6478fc31c,640,480,L,JPEG,True,,True,4,2,L,3,True,True,128.77166748046875,48.874359130859375,36.284683805836565,0.001533203125,0.0001106770833333,2L,False,False,False,False,False,False,True,True,True,372.5,179.02427673339844,52.093544006347656,330.21509608933883,threshold_p4,23.46515837104072,63.45708888089241,0.4914432446628976,364.5,179.02427673339844,134.0,68.29196606107546,radial_lateral_search,43.163780212402344,19.88500213623047,high,2.572295714487614,8.0
4,2,L,F04_T2,F04_T2_L,5,S3042L05.jpg,04/2L/S3042L05.jpg,/Users/sarahoualli/Desktop/BIO/iris_twins_project/data/raw/CASIA-Iris-Twins/04/2L/S3042L05.jpg,.jpg,20239,65fde013154359975660a8cfaa243cc7be6086dff556112bc2b88db7fa1c99eb,640,480,L,JPEG,True,,True,4,2,L,5,True,True,136.1336212158203,43.26778793334961,50.99982668351067,0.0003873697916666,0.0001529947916666,2L,False,False,False,False,False,False,True,True,True,311.3055725097656,167.50657653808594,63.24097442626953,357.3843123487135,threshold_p4,28.497002324727763,84.1897912114591,0.5375835414984014,306.0,174.0,132.0,82.58130753492598,hough_iris,52.70662689208984,24.729995727539062,high,2.0872543662952925,8.38532336359885
4,2,L,F04_T2,F04_T2_L,7,S3042L07.jpg,04/2L/S3042L07.jpg,/Users/sarahoualli/Desktop/BIO/iris_twins_project/data/raw/CASIA-Iris-Twins/04/2L/S3042L07.jpg,.jpg,17898,7cf5ef035db5a5ae6305763858c10708271004a71e7b53270e6dd7f29577563b,640,480,L,JPEG,True,,True,4,2,L,7,True,True,134.960693359375,37.448734283447266,36.44779384094874,0.0002180989583333,0.0001041666666666,2L,False,False,False,False,False,False,True,True,True,330.0968322753906,189.72390747070312,53.62580108642578,359.9244505090776,threshold_p3,29.92071169459319,87.9128479293958,0.4758441886410232,322.0968322753906,197.72390747070312,113.0,65.8836063942615,radial_lateral_search,44.410255432128906,19.19499969482422,high,2.107194628531219,11.31370849898476
4,2,R,F04_T2,F04_T2_R,4,S3042R04.jpg,04/2R/S3042R04.jpg,/Users/sarahoualli/Desktop/BIO/iris_twins_project/data/raw/CASIA-Iris-Twins/04/2R/S3042R04.jpg,.jpg,17864,e01214786d467112b67c03b19f3a1f16a1db8af818c126326b120145c25790fa,640,480,L,JPEG,True,,True,4,2,R,4,True,True,131.69537353515625,38.67134094238281,27.829362656275432,0.0002766927083333,8.7890625e-05,2R,False,False,False,False,False,False,True,True,True,298.443603515625,154.21018981933594,52.18920135498047,344.36403822041603,threshold_p3,33.04452488687783,86.13961856783015,0.4819032499871816,298.443603515625,154.21018981933594,123.0,60.23370806406292,radial_lateral_search,39.58846664428711,15.870002746582031,high,2.356809393640242,0.0
4,2,R,F04_T2,F04_T2_R,7,S3042R07.jpg,04/2R/S3042R07.jpg,/Users/sarahoualli/Desktop/BIO/iris_twins_project/data/raw/CASIA-Iris-Twins/04/2R/S3042R07.jpg,.jpg,20023,b3325601d33711d4e49b81821755cea7733ac0be5c7517e279aa5ee2b59fe16c,640,480,L,JPEG,True,,True,4,2,R,7,True,True,130.5043487548828,36.88314437866211,34.71565335485669,0.000478515625,5.5338541666666664e-05,2R,False,False,False,False,False,False,True,True,True,343.5,170.0,52.73765563964844,347.0928150902064,threshold_p3,26.96343891402715,74.77150722642808,0.6815688707106707,351.5,178.0,116.0,66.61697932119759,radial_lateral_search,45.06114196777344,18.98999786376953,high,2.1995668672232487,11.31370849898476
5,1,L,F05_T1,F05_T1_L,10,S3051L10.jpg,05/1L/S3051L10.jpg,/Users/sarahoualli/Desktop/BIO/iris_twins_project/data/raw/CASIA-Iris-Twins/05/1L/S3051L10.jpg,.jpg,19363,13a7ba10f288ada99cd7e89d7a46ad98f23aef2bcc7629e6cdec1f947bc66a59,640,480,L,JPEG,True,,True,5,1,L,10,True,True,122.26680755615234,39.24124526977539,39.596004832585656,0.0012434895833333,6.184895833333334e-05,1L,False,False,False,False,False,False,True,True,True,418.1678466796875,131.73638916015625,52.40643310546875,352.0694445073805,threshold_p6,25.2841628959276,73.11308024469234,0.8846092495568009,418.1678466796875,131.73638916015625,107.0,80.56385477070788,radial_lateral_search,54.500919342041016,20.63999938964844,high,2.0417340707897607,0.0
5,1,R,F05_T1,F05_T1_R,1,S3051R01.jpg,05/1R/S3051R01.jpg,/Users/sarahoualli/Desktop/BIO/iris_twins_project/data/raw/CASIA-Iris-Twins/05/1R/S3051R01.jpg,.jpg,20394,2651b883b3acdf5d3a0cf7694dbfb055f5b1f7ea5f2d5d73b9e493e2e6c44c10,640,480,L,JPEG,True,,True,5,1,R,1,True,True,112.45526123046876,34.8947868347168,48.92284729045232,0.0032356770833333,9.440104166666666e-05,1R,False,False,False,False,False,False,True,True,True,220.59165954589844,225.58041381835935,50.7078742980957,345.92022701605805,threshold_p6,25.21003611480707,67.57791604754829,0.878614512847953,228.59165954589844,225.58041381835935,114.0,71.89456834339423,radial_lateral_search,57.14887619018555,13.395004272460938,high,2.2481715429408404,8.0
5,1,R,F05_T1,F05_T1_R,2,S3051R02.jpg,05/1R/S3051R02.jpg,/Users/sarahoualli/Desktop/BIO/iris_twins_project/data/raw/CASIA-Iris-Twins/05/1R/S3051R02.jpg,.jpg,20461,cbe1ff822e67a096a6b547136aa4a78501f67fadabb390a42141ae37d94fa8c6,640,480,L,JPEG,True,,True,5,1,R,2,True,True,114.55400848388672,33.91607666015625,55.988997280502325,0.0029427083333333,0.0001041666666666,1R,False,False,False,False,False,False,True,True,True,244.9839782714844,220.6453094482422,51.888423919677734,351.0024874740882,threshold_p6,25.326153846153847,70.0634601316752,0.8774100628253623,244.9839782714844,220.6453094482422,108.0,74.22298224516854,radial_lateral_search,51.116424560546875,18.415000915527344,high,2.0813891007208447,0.0
5,1,R,F05_T1,F05_T1_R,3,S3051R03.jpg,05/1R/S3051R03.jpg,/Users/sarahoualli/Desktop/BIO/iris_twins_project/data/raw/CASIA-Iris-Twins/05/1R/S3051R03.jpg,.jpg,20629,e9ee3aec5374b449f245d8aa0db516dc9a76a36147db19089c81b5b2f19897a3,640,480,L,JPEG,True,,True,5,1,R,3,True,True,117.97824096679688,34.7244758605957,58.96933698627686,0.002861328125,8.7890625e-05,1R,False,False,False,False,False,False,True,True,True,251.4472198486328,216.91839599609375,52.21459197998047,353.8370822883521,threshold_p5,25.644343891402716,71.88718963655991,0.8796612834323265,251.4472198486328,216.91839599609375,109.0,84.72925549375067,radial_lateral_search,57.20209884643555,21.55500030517578,high,2.0875390550172557,0.0
5,2,L,F05_T2,F05_T2_L,1,S3052L01.jpg,05/2L/S3052L01.jpg,/Users/sarahoualli/Desktop/BIO/iris_twins_project/data/raw/CASIA-Iris-Twins/05/2L/S3052L01.jpg,.jpg,21139,5d670bb8bf3721ac421e2815e60192a70abcc9d4da6324a775cd6f9f62945cf7,640,480,L,JPEG,True,,True,5,2,L,1,True,True,131.72764587402344,38.21957778930664,65.99260075165432,0.001171875,0.0001171875,2L,False,False,False,False,False,False,True,True,True,367.2878723144531,172.3030242919922,56.46617889404297,364.2444143737018,threshold_p5,25.437195409526804,77.65380597014925,0.8777643900437723,365.0,169.0,117.0,87.92798216857365,hough_iris,58.63933944702149,23.574996948242188,high,2.072036788951965,4.018000647179091
5,2,L,F05_T2,F05_T2_L,2,S3052L02.jpg,05/2L/S3052L02.jpg,/Users/sarahoualli/Desktop/BIO/iris_twins_project/data/raw/CASIA-Iris-Twins/05/2L/S3052L02.jpg,.jpg,20050,76d5616d191d97ea8becd892f5115a20739e308338c427027fd510afbd1bacd9,640,480,L,JPEG,True,,True,5,2,L,2,True,True,133.1063995361328,36.88368225097656,54.60046471082899,0.0010872395833333,0.0001009114583333,2L,False,False,False,False,False,False,True,True,True,369.1393432617187,168.56967163085938,56.88025665283203,368.9248174052564,threshold_p6,25.121509433962263,79.70216523341523,0.8702961736971264,368.0,158.0,117.0,81.70263800027944,hough_iris,61.750545501708984,18.1300048828125,high,2.056952743974207,10.63090125305552
5,2,L,F05_T2,F05_T2_L,3,S3052L03.jpg,05/2L/S3052L03.jpg,/Users/sarahoualli/Desktop/BIO/iris_twins_project/data/raw/CASIA-Iris-Twins/05/2L/S3052L03.jpg,.jpg,19219,c20dd3326df0bf87ab67bd1e70d3763d3347eae235dfb172310ec363e0515fd4,640,480,L,JPEG,True,,True,5,2,L,3,True,True,122.9652328491211,34.102813720703125,40.9496685953776,0.0015169270833333,0.0001009114583333,2L,False,False,False,False,False,False,True,True,True,340.52008056640625,172.02035522460938,56.16193389892578,354.09586887108827,threshold_p4,25.216789812922496,71.67493777224642,0.8798342695870941,340.52008056640625,172.02035522460938,114.0,69.4047873075778,radial_lateral_search,47.610408782958984,17.625,high,2.0298446311547065,0.0
5,2,R,F05_T2,F05_T2_R,1,S3052R01.jpg,05/2R/S3052R01.jpg,/Users/sarahoualli/Desktop/BIO/iris_twins_project/data/raw/CASIA-Iris-Twins/05/2R/S3052R01.jpg,.jpg,19400,a1ab650f00ea32483d15ae42c14583bce464edfaff8cb218b1e212a30c0c40f0,640,480,L,JPEG,True,,True,5,2,R,1,True,True,140.79385375976562,38.67539978027344,47.8486230875545,0.0015071614583333,8.138020833333333e-05,2R,False,False,False,False,False,False,True,True,True,126.5,171.5,45.962039947509766,344.4718231521131,threshold_p4,26.07011413929653,72.6617441860465,0.7822651001234069,134.5,171.5,113.0,98.0284879060257,radial_lateral_search,63.8842887878418,26.64999771118164,high,2.4585505806324064,8.0
8,1,L,F08_T1,F08_T1_L,2,S3081L02.jpg,08/1L/S3081L02.jpg,/Users/sarahoualli/Desktop/BIO/iris_twins_project/data/raw/CASIA-Iris-Twins/08/1L/S3081L02.jpg,.jpg,21658,ad212a6baa3f94303bf64ea7c34d100d3e43fee4ffcba2544aa59da3485c238d,640,480,L,JPEG,True,,True,8,1,L,2,True,True,117.071044921875,35.06513214111328,83.10259476673338,0.0004231770833333,0.0001041666666666,1L,False,False,False,False,False,False,True,True,True,269.0671691894531,197.2399139404297,36.89181137084961,361.4689312468108,threshold_p12,29.95533498759305,84.26367331855137,0.7256954768401426,269.0671691894531,197.2399139404297,108.0,70.74934641675527,radial_lateral_search,52.279266357421875,13.699996948242188,high,2.9274789170514177,0.0
8,1,L,F08_T1,F08_T1_L,3,S3081L03.jpg,08/1L/S3081L03.jpg,/Users/sarahoualli/Desktop/BIO/iris_twins_project/data/raw/CASIA-Iris-Twins/08/1L/S3081L03.jpg,.jpg,17390,333f791b001c0979d1500f6e15059989a37f1b5e6a26e695aaa3951812fa254a,640,480,L,JPEG,True,,True,8,1,L,3,True,True,128.5225067138672,38.33333969116211,21.444742988067205,0.0003678385416666,0.0001106770833333,1L,False,False,False,False,False,False,True,True,True,234.8815765380859,158.36842346191406,33.882904052734375,339.73841798852226,threshold_p8,32.85539536915684,79.64571068124474,0.7209352887163141,234.8815765380859,158.36842346191406,104.0,64.74950932484043,radial_lateral_search,47.05708312988281,13.550003051757812,high,3.0693945193758303,0.0
8,1,L,F08_T1,F08_T1_L,6,S3081L06.jpg,08/1L/S3081L06.jpg,/Users/sarahoualli/Desktop/BIO/iris_twins_project/data/raw/CASIA-Iris-Twins/08/1L/S3081L06.jpg,.jpg,24929,1860f392cc2321a895b80db1c0711a6f1791c4e790db6f205ee37c98a8cd63c9,640,480,L,JPEG,True,,True,8,1,L,6,True,True,120.46968841552734,39.58274459838867,104.84968535546196,0.001044921875,9.765625e-05,1L,False,False,False,False,False,False,True,True,True,250.79457092285156,119.27509307861328,40.9146614074707,384.0446126910788,threshold_p12,24.886476972719272,88.82067827130852,0.8451690992198697,247.0,124.0,119.0,78.52864193366388,hough_iris,59.8596076965332,14.870002746582031,high,2.908492845996558,6.059992896391767
8,1,L,F08_T1,F08_T1_L,7,S3081L07.jpg,08/1L/S3081L07.jpg,/Users/sarahoualli/Desktop/BIO/iris_twins_project/data/raw/CASIA-Iris-Twins/08/1L/S3081L07.jpg,.jpg,25837,01e186a3f26980a99a33c5ed2038e8f8ecbb4a3a4467157e757ea9df3aa30ba7,640,480,L,JPEG,True,,True,8,1,L,7,True,True,112.69221496582033,35.793861389160156,131.0156673007541,0.0007259114583333,0.0001009114583333,1L,False,False,False,False,False,False,True,True,True,266.1018371582031,153.51852416992188,40.79387664794922,387.9423041504384,threshold_p10,26.19624523320622,91.49744897959184,0.8451443585023344,266.1018371582031,153.51852416992188,119.0,78.96472115008095,radial_lateral_search,57.28913497924805,15.960002899169922,high,2.9171044720012493,0.0
8,1,R,F08_T1,F08_T1_R,1,S3081R01.jpg,08/1R/S3081R01.jpg,/Users/sarahoualli/Desktop/BIO/iris_twins_project/data/raw/CASIA-Iris-Twins/08/1R/S3081R01.jpg,.jpg,29331,21eecc88a733a4ca2708605b41feaa2ca8c8b4df7c89db035354f8d0fae91556,640,480,L,JPEG,True,,True,8,1,R,1,True,True,118.62247467041016,36.7327995300293,167.7841061264038,0.000791015625,0.0001171875,1R,False,False,False,False,False,False,True,True,True,321.5318603515625,186.3726043701172,41.6331672668457,428.0780059903231,threshold_p6,24.113523027280728,107.48262923846582,0.7838041002603612,329.5318603515625,194.3726043701172,123.0,80.76960369597839,radial_lateral_search,57.19953918457031,19.43999481201172,high,2.9543752751655346,11.31370849898476
8,1,R,F08_T1,F08_T1_R,2,S3081R02.jpg,08/1R/S3081R02.jpg,/Users/sarahoualli/Desktop/BIO/iris_twins_project/data/raw/CASIA-Iris-Twins/08/1R/S3081R02.jpg,.jpg,29253,a7740d1acb7c5c6d1e36b76ff7ec009d405ba283b5705cd0f2c1a78c1566eff7,640,480,L,JPEG,True,,True,8,1,R,2,True,True,122.47838592529295,38.02492904663086,171.01241650593016,0.00072265625,9.765625e-05,1R,False,False,False,False,False,False,True,True,True,339.4945373535156,188.763671875,43.11670684814453,426.0121978069377,threshold_p8,25.907310344827582,110.69009336099585,0.6862586491175364,347.4945373535156,196.763671875,123.0,77.06668565982713,radial_lateral_search,55.01499938964844,18.06500244140625,high,2.852722505760969,11.31370849898476
8,1,R,F08_T1,F08_T1_R,3,S3081R03.jpg,08/1R/S3081R03.jpg,/Users/sarahoualli/Desktop/BIO/iris_twins_project/data/raw/CASIA-Iris-Twins/08/1R/S3081R03.jpg,.jpg,29562,2d1b7a6bac448e9e6f39a18ab2b6e617ef9737f84b0122d1da893daaa30cb9f9,640,480,L,JPEG,True,,True,8,1,R,3,True,True,119.66852569580078,36.74679183959961,159.3670400089582,0.0006119791666666,9.114583333333334e-05,1R,False,False,False,False,False,False,True,True,True,333.53680419921875,195.40289306640625,45.54052734375,434.16724567078984,threshold_p12,26.28966197878115,113.36720930232558,0.8045328693355148,333.53680419921875,195.40289306640625,124.0,77.53501048577401,radial_lateral_search,57.34361267089844,14.5,high,2.722849453718893,0.0
8,2,L,F08_T2,F08_T2_L,1,S3082L01.jpg,08/2L/S3082L01.jpg,/Users/sarahoualli/Desktop/BIO/iris_twins_project/data/raw/CASIA-Iris-Twins/08/2L/S3082L01.jpg,.jpg,18086,2687c1bdbdc6f3aaed0e53bc4463dc10f103584037a00c7eb875e309658f5d38,640,480,L,JPEG,True,,True,8,2,L,1,True,True,123.97097778320312,35.32052230834961,29.236439702765157,0.001171875,9.114583333333334e-05,2L,False,False,False,False,False,False,True,True,True,146.23684692382812,196.2894744873047,39.57724380493164,371.0830905067507,threshold_p12,25.160486132751636,82.60802469135803,0.8890396729535235,146.23684692382812,196.2894744873047,105.0,62.64826653342677,radial_lateral_search,44.49311447143555,13.2449951171875,high,2.6530397244821824,0.0
8,2,L,F08_T2,F08_T2_L,2,S3082L02.jpg,08/2L/S3082L02.jpg,/Users/sarahoualli/Desktop/BIO/iris_twins_project/data/raw/CASIA-Iris-Twins/08/2L/S3082L02.jpg,.jpg,18328,62ce3c9efc4fae6a248cf7d59fd5448e75738b725e3c5c6c37ea4f83c3364632,640,480,L,JPEG,True,,True,8,2,L,2,True,True,122.33595275878906,34.94596481323242,34.940218709045006,0.0017708333333333,6.8359375e-05,2L,False,False,False,False,False,False,True,True,True,148.04054260253906,188.6081085205078,38.24671936035156,367.4289264394484,threshold_p10,26.311896034655113,82.45448369565217,0.896525202062181,148.04054260253906,188.6081085205078,104.0,65.21814620621545,radial_lateral_search,45.16739654541016,14.40999984741211,high,2.7191874686070863,0.0
8,2,L,F08_T2,F08_T2_L,5,S3082L05.jpg,08/2L/S3082L05.jpg,/Users/sarahoualli/Desktop/BIO/iris_twins_project/data/raw/CASIA-Iris-Twins/08/2L/S3082L05.jpg,.jpg,20972,993f4cc974a749ea2b2c8a89851466749b5e913f79ccace480e21ab527c53fd9,640,480,L,JPEG,True,,True,8,2,L,5,True,True,103.74407196044922,33.28510284423828,39.897700478617345,0.002060546875,0.0001009114583333,2L,False,False,False,False,False,False,True,True,True,269.0,153.5,48.169071197509766,348.6441383452478,threshold_p10,24.20326564789617,69.16076696165192,0.8254112628409226,269.0,153.5,123.0,67.36586547594302,radial_lateral_search,54.98484420776367,9.404998779296877,high,2.5535057442909306,0.0
8,2,R,F08_T2,F08_T2_R,2,S3082R02.jpg,08/2R/S3082R02.jpg,/Users/sarahoualli/Desktop/BIO/iris_twins_project/data/raw/CASIA-Iris-Twins/08/2R/S3082R02.jpg,.jpg,17365,44414bb3bdee3c42a7c75e2ff6752e2ed2d218d3a02166d5b5fca37384c446ee,640,480,L,JPEG,True,,True,8,2,R,2,True,True,138.13685607910156,36.5882568359375,25.96459720353021,0.00017578125,7.8125e-05,2R,False,False,False,False,False,False,True,True,True,322.8800048828125,197.21600341796875,36.64527893066406,370.213806189669,threshold_p10,35.1217192848992,93.38636363636364,0.8903655497038118,327.0,195.0,105.0,70.17209345776207,hough_iris,52.36385726928711,13.885002136230469,high,2.865307703037786,4.678143960386215
8,2,R,F08_T2,F08_T2_R,5,S3082R05.jpg,08/2R/S3082R05.jpg,/Users/sarahoualli/Desktop/BIO/iris_twins_project/data/raw/CASIA-Iris-Twins/08/2R/S3082R05.jpg,.jpg,25772,7583c230692758c2161b51c0c1df7fca8c60aa8d0540af88506c19ae72a73024,640,480,L,JPEG,True,,True,8,2,R,5,True,True,138.5409698486328,37.4029655456543,131.4498829192691,0.0003483072916666,9.114583333333334e-05,2R,False,False,False,False,False,False,True,True,True,280.9856262207031,205.52088928222656,40.05281066894531,419.299993221695,threshold_p8,28.998130258647553,111.88938188494492,0.7054222255695892,286.0,201.0,122.0,79.31262563496962,hough_iris,60.64540481567383,15.385002136230469,high,3.045978495950895,6.751472750493112
8,2,R,F08_T2,F08_T2_R,6,S3082R06.jpg,08/2R/S3082R06.jpg,/Users/sarahoualli/Desktop/BIO/iris_twins_project/data/raw/CASIA-Iris-Twins/08/2R/S3082R06.jpg,.jpg,22237,51762c697fb7f175e90ab3ae61be6df72fa7387468d89ece7e27af795b6858b6,640,480,L,JPEG,True,,True,8,2,R,6,True,True,135.54476928710938,38.326019287109375,48.37459390322367,0.0003059895833333,6.8359375e-05,2R,False,False,False,False,False,False,True,True,True,277.6632995605469,205.6397247314453,41.8232421875,414.6936460537223,threshold_p10,28.46758580228806,108.93774319066148,0.7018795356818326,285.6632995605469,213.6397247314453,119.0,73.99771445599764,radial_lateral_search,53.43537902832031,16.979995727539062,high,2.845307866532795,11.31370849898476
10,1,L,F10_T1,F10_T1_L,1,S3101L01.jpg,10/1L/S3101L01.jpg,/Users/sarahoualli/Desktop/BIO/iris_twins_project/data/raw/CASIA-Iris-Twins/10/1L/S3101L01.jpg,.jpg,15146,e15193cbc4e06546bcab26ac4c357f49bdb57d1b44426c9547442aa21aac3e68,640,480,L,JPEG,True,,True,10,1,L,1,True,True,126.23682403564452,35.36259841918945,13.922496120198566,0.0004231770833333,9.114583333333334e-05,1L,True,False,False,False,False,True,True,True,True,338.0,254.5,39.538055419921875,326.8123697503918,threshold_p5,30.290121533187907,64.14701104613385,0.8907062590921684,338.0,254.5,105.0,72.96796528994527,radial_lateral_search,47.21428680419922,18.665000915527344,high,2.6556693010019425,0.0
10,1,L,F10_T1,F10_T1_L,2,S3101L02.jpg,10/1L/S3101L02.jpg,/Users/sarahoualli/Desktop/BIO/iris_twins_project/data/raw/CASIA-Iris-Twins/10/1L/S3101L02.jpg,.jpg,15724,5bf353ece9efad154488928a93739a6bcbe21b501c2be11cd2a43bc31d57127e,640,480,L,JPEG,True,,True,10,1,L,2,True,True,127.58472442626952,38.90909957885742,15.783621673583983,0.0003255208333333,9.440104166666666e-05,1L,True,False,False,False,False,True,True,True,True,331.5555419921875,250.88888549804688,40.79619598388672,327.57070453462177,threshold_p5,29.817541801114697,63.68037214885955,0.8733913461598456,328.0,250.0,107.0,86.42825005458957,hough_iris,55.68832015991211,22.974998474121097,high,2.622793557572422,3.664968797527026
10,1,L,F10_T1,F10_T1_L,3,S3101L03.jpg,10/1L/S3101L03.jpg,/Users/sarahoualli/Desktop/BIO/iris_twins_project/data/raw/CASIA-Iris-Twins/10/1L/S3101L03.jpg,.jpg,16376,45433b7eb383668064782c3ed1f7febb4456d8d3505187e409f710ef2b6f10f6,640,480,L,JPEG,True,,True,10,1,L,3,True,True,129.7562713623047,38.48394775390625,18.731821276813083,0.0003352864583333,9.440104166666666e-05,1L,False,False,False,False,False,False,True,True,True,339.5,233.07142639160156,49.50014877319336,363.5319791821675,threshold_p4,30.50786069651741,85.87099327265533,0.761531644091575,335.0,242.0,109.0,91.53018488306375,hough_iris,63.25175476074219,23.54999542236328,high,2.2020135838264103,9.998471217170607
10,1,L,F10_T1,F10_T1_L,4,S3101L04.jpg,10/1L/S3101L04.jpg,/Users/sarahoualli/Desktop/BIO/iris_twins_project/data/raw/CASIA-Iris-Twins/10/1L/S3101L04.jpg,.jpg,16458,68021a486abdb90a509ace80a61a834a174df75b2db932ff6c6b66a054bbb89e,640,480,L,JPEG,True,,True,10,1,L,4,True,True,129.7410888671875,38.294002532958984,17.838998728391857,0.0004134114583333,7.8125e-05,1L,False,False,False,False,False,False,True,True,True,335.5,233.0,49.206298828125,363.4420146597726,threshold_p4,30.046891354406533,85.07633984212713,0.7584578216313873,327.5,241.0,109.0,72.6802594873699,radial_lateral_search,49.0460319519043,20.43000030517578,high,2.21516355824142,11.31370849898476
10,1,L,F10_T1,F10_T1_L,5,S3101L05.jpg,10/1L/S3101L05.jpg,/Users/sarahoualli/Desktop/BIO/iris_twins_project/data/raw/CASIA-Iris-Twins/10/1L/S3101L05.jpg,.jpg,16402,08128285b041f2356350a5b27053da26ba72e52489f87bcb1562a12720e397c1,640,480,L,JPEG,True,,True,10,1,L,5,True,True,129.7742919921875,36.791988372802734,22.648047847737207,0.000380859375,7.486979166666666e-05,1L,False,False,False,False,False,False,True,True,True,330.0,234.24490356445312,49.407188415527344,359.70139386860365,threshold_p5,32.383283582089554,86.6355362089434,0.7526363299207607,326.0,240.0,109.0,84.18790082171999,hough_iris,56.79743194580078,22.37000274658203,high,2.206156705038173,7.008647157793318
10,1,L,F10_T1,F10_T1_L,6,S3101L06.jpg,10/1L/S3101L06.jpg,/Users/sarahoualli/Desktop/BIO/iris_twins_project/data/raw/CASIA-Iris-Twins/10/1L/S3101L06.jpg,.jpg,16867,8c0cfd369751dc1a6793158bf4e0a15bd7375f5710556c97c5d8fd8caadbac26,640,480,L,JPEG,True,,True,10,1,L,6,True,True,127.45150756835938,41.107818603515625,21.080077636708157,0.0007096354166666,7.486979166666666e-05,1L,False,False,False,False,False,False,True,True,True,337.6605529785156,227.6100921630859,48.80350112915039,364.1905726369814,threshold_p4,27.834205568348334,81.73321945337621,0.7838185478741169,332.0,232.0,113.0,68.04897906221363,hough_iris,45.51018524169922,18.6199951171875,high,2.31540765284368,7.163319819691259
10,1,L,F10_T1,F10_T1_L,7,S3101L07.jpg,10/1L/S3101L07.jpg,/Users/sarahoualli/Desktop/BIO/iris_twins_project/data/raw/CASIA-Iris-Twins/10/1L/S3101L07.jpg,.jpg,16918,82295c90c15397800cde958c6b295fdd5806cf2784bc56fd512f238fef19dee8,640,480,L,JPEG,True,,True,10,1,L,7,True,True,127.7077865600586,41.165435791015625,21.16292591650221,0.000537109375,5.859375e-05,1L,False,False,False,False,False,False,True,True,True,336.5,227.76803588867188,48.975311279296875,365.2166840912829,threshold_p4,27.78375549508059,81.69975884244373,0.8074861443972744,332.0,232.0,112.0,77.85627536723385,hough_iris,53.358150482177734,19.92499542236328,high,2.286866526713538,6.1773392524265045
10,1,L,F10_T1,F10_T1_L,8,S3101L08.jpg,10/1L/S3101L08.jpg,/Users/sarahoualli/Desktop/BIO/iris_twins_project/data/raw/CASIA-Iris-Twins/10/1L/S3101L08.jpg,.jpg,17074,619215ef8e8327342703b9a578b55d6e0c8c4425947d338e61715b21eab7313c,640,480,L,JPEG,True,,True,10,1,L,8,True,True,130.42161560058594,39.01162338256836,21.579182967080005,0.0003515625,0.0001009114583333,1L,False,False,False,False,False,False,True,True,True,340.5,223.8030242919922,49.92595672607422,369.5878669137393,threshold_p4,29.180298507462687,86.53937475267115,0.7882766314056823,332.5,231.8030242919922,112.0,75.09797161217689,radial_lateral_search,51.386112213134766,20.404998779296875,high,2.2433220581931708,11.31370849898476
10,1,L,F10_T1,F10_T1_L,9,S3101L09.jpg,10/1L/S3101L09.jpg,/Users/sarahoualli/Desktop/BIO/iris_twins_project/data/raw/CASIA-Iris-Twins/10/1L/S3101L09.jpg,.jpg,17010,c0fc6c31f5d35536e9a5d85364d7c770f9c36d16e5008dc90bb89d6671b8f77c,640,480,L,JPEG,True,,True,10,1,L,9,True,True,127.27332305908205,38.0155143737793,21.561955685763895,0.0004166666666666,9.114583333333334e-05,1L,False,False,False,False,False,False,True,True,True,338.473876953125,241.2098693847656,44.956912994384766,350.9332060726586,threshold_p8,28.877621514927213,73.59891150023662,0.8850523741069317,335.0,236.0,114.0,82.37102245545955,hough_iris,55.26744079589844,21.089996337890625,high,2.535761296916425,6.261833604605857
10,1,L,F10_T1,F10_T1_L,10,S3101L10.jpg,10/1L/S3101L10.jpg,/Users/sarahoualli/Desktop/BIO/iris_twins_project/data/raw/CASIA-Iris-Twins/10/1L/S3101L10.jpg,.jpg,17027,cc74f3d88f75b2391e3ac50fbc4c92fce4b6ab8704d524db10cb2b858513feaf,640,480,L,JPEG,True,,True,10,1,L,10,True,True,126.58041381835938,38.18122482299805,22.562970574177648,0.0004817708333333,9.114583333333334e-05,1L,False,False,False,False,False,False,True,True,True,341.4317626953125,243.7562713623047,44.50849914550781,356.27776030199317,threshold_p10,28.787564766839377,76.4104384653712,0.8783488084328213,337.0,243.0,111.0,103.6697750242223,hough_iris,70.74811553955078,25.04999542236328,high,2.493905706348741,4.495827728128125
10,1,R,F10_T1,F10_T1_R,1,S3101R01.jpg,10/1R/S3101R01.jpg,/Users/sarahoualli/Desktop/BIO/iris_twins_project/data/raw/CASIA-Iris-Twins/10/1R/S3101R01.jpg,.jpg,20558,bcbda9c52261b2c5c6090756b7e93b322bed6bcb4ea26300219993c7c41f0976,640,480,L,JPEG,True,,True,10,1,R,1,True,True,127.20049285888672,37.953094482421875,37.227710404618584,0.0017447916666666,0.0001822916666666,1R,False,False,False,False,False,False,True,True,True,442.3501281738281,203.459716796875,48.151161193847656,361.59891543591255,threshold_p4,25.966506175423905,77.67256637168141,0.8996902168243273,446.0,208.0,129.0,95.4296475875672,hough_iris,63.345760345458984,24.159996032714844,high,2.679063117100539,5.825438688378947
10,1,R,F10_T1,F10_T1_R,2,S3101R02.jpg,10/1R/S3101R02.jpg,/Users/sarahoualli/Desktop/BIO/iris_twins_project/data/raw/CASIA-Iris-Twins/10/1R/S3101R02.jpg,.jpg,20316,ba5ce9fb54bec7645f13d6d76ed789ccb8656ff2c3776ea8eeb3a899b02bb4bf,640,480,L,JPEG,True,,True,10,1,R,2,True,True,123.4329071044922,41.03338241577149,41.195844458643585,0.0024251302083333,0.0001432291666666,1R,False,False,False,False,False,False,True,True,True,459.1689758300781,200.8827209472656,46.83528900146485,348.7689674705718,threshold_p5,26.409037968786397,72.34550195567145,0.892637838319427,459.1689758300781,200.8827209472656,132.0,82.57129651597886,radial_lateral_search,56.46184539794922,18.845001220703125,high,2.818387647738685,0.0
10,1,R,F10_T1,F10_T1_R,3,S3101R03.jpg,10/1R/S3101R03.jpg,/Users/sarahoualli/Desktop/BIO/iris_twins_project/data/raw/CASIA-Iris-Twins/10/1R/S3101R03.jpg,.jpg,19687,35e9c15884558079c21fe77f842497b4d7a2fc16f6654c26517314b87ed0f673,640,480,L,JPEG,True,,True,10,1,R,3,True,True,116.37833404541016,45.279911041259766,30.284816372172045,0.0033984375,0.0001139322916666,1R,False,False,False,False,False,False,True,True,True,465.0,202.0,45.0,328.98338087451856,hough_pupil,24.379471996052303,62.38251301467108,0.75,473.0,210.0,127.0,73.76329616898211,radial_lateral_search,49.587608337402344,19.49500274658203,high,2.8222222222222224,11.31370849898476
10,1,R,F10_T1,F10_T1_R,4,S3101R04.jpg,10/1R/S3101R04.jpg,/Users/sarahoualli/Desktop/BIO/iris_twins_project/data/raw/CASIA-Iris-Twins/10/1R/S3101R04.jpg,.jpg,21465,9b5df9ff1729a6f129ca91db8f4b10dd2a02c92a0d2237b01e7d60c53168c7ec,640,480,L,JPEG,True,,True,10,1,R,4,True,True,122.58463287353516,41.60591125488281,42.35660090429517,0.0025390625,0.0001334635416666,1R,False,False,False,False,False,False,True,True,True,462.5,198.0,46.457069396972656,336.4835949074828,threshold_p5,24.699976706266018,66.50183570445158,0.6960336115108875,470.5,206.0,126.0,90.14589437255536,radial_lateral_search,59.070594787597656,24.325000762939453,high,2.712181410397159,11.31370849898476
10,1,R,F10_T1,F10_T1_R,5,S3101R05.jpg,10/1R/S3101R05.jpg,/Users/sarahoualli/Desktop/BIO/iris_twins_project/data/raw/CASIA-Iris-Twins/10/1R/S3101R05.jpg,.jpg,21718,b66bd3bd29c5a40d73609bacad2b238cf0188adfccbfe84131bfa77a8019b8e4,640,480,L,JPEG,True,,True,10,1,R,5,True,True,129.82086181640625,38.486080169677734,45.652018279647834,0.0014225260416666,0.0001790364583333,1R,False,False,False,False,False,False,True,True,True,466.59222412109375,195.81553649902344,46.10000228881836,354.030871738537,threshold_p4,25.932681108781736,74.83627906976744,0.8750293501767007,466.59222412109375,203.81553649902344,129.0,87.38903732430835,radial_lateral_search,59.328094482421875,21.61000061035156,high,2.798264503151428,8.0
10,1,R,F10_T1,F10_T1_R,6,S3101R06.jpg,10/1R/S3101R06.jpg,/Users/sarahoualli/Desktop/BIO/iris_twins_project/data/raw/CASIA-Iris-Twins/10/1R/S3101R06.jpg,.jpg,20077,b8b4ff2f0022b5c1106e7b93b3722cfa657929d06481f6317e6a168fcac5bf30,640,480,L,JPEG,True,,True,10,1,R,6,True,True,124.85393524169922,41.01507186889648,35.16335288475884,0.0020084635416666,0.00013671875,1R,False,False,False,False,False,False,True,True,True,458.5,196.0,47.27853012084961,343.80566883139403,threshold_p5,25.62818524263239,69.1898919405673,0.8783947502165522,458.5,196.0,131.0,82.31580517184932,radial_lateral_search,58.49406433105469,17.074996948242188,high,2.770813721686107,0.0
10,1,R,F10_T1,F10_T1_R,7,S3101R07.jpg,10/1R/S3101R07.jpg,/Users/sarahoualli/Desktop/BIO/iris_twins_project/data/raw/CASIA-Iris-Twins/10/1R/S3101R07.jpg,.jpg,19604,dec2b2d8e6e67e3f7d3a9357450e088d8f8f69c5eba00ef61bb759d579bb7078,640,480,L,JPEG,True,,True,10,1,R,7,True,True,119.55168151855467,44.80944061279297,34.07094875309202,0.0029752604166666,0.0001171875,1R,False,False,False,False,False,False,True,True,True,481.0,196.0,44.0,316.0493130840154,hough_pupil,25.20166104334285,57.61751269035533,0.75,481.0,204.0,125.0,65.68504527698865,radial_lateral_search,43.023681640625,17.875,high,2.840909090909091,8.0
10,1,R,F10_T1,F10_T1_R,8,S3101R08.jpg,10/1R/S3101R08.jpg,/Users/sarahoualli/Desktop/BIO/iris_twins_project/data/raw/CASIA-Iris-Twins/10/1R/S3101R08.jpg,.jpg,19674,de895077a3bcb92283249a1c3b0cfe557847fbeb7071141fe58e3320ca23d8bc,640,480,L,JPEG,True,,True,10,1,R,8,True,True,125.43838500976562,39.23023223876953,34.8436819808854,0.00123046875,0.0001692708333333,1R,False,False,False,False,False,False,True,True,True,430.771240234375,191.686279296875,48.524410247802734,339.76629996960025,threshold_p6,27.601842160351683,70.023598820059,0.8682198889748738,433.0,197.0,128.0,71.18351931201897,hough_iris,47.466678619384766,18.290000915527344,high,2.637847618267469,5.76220424869581
10,1,R,F10_T1,F10_T1_R,10,S3101R10.jpg,10/1R/S3101R10.jpg,/Users/sarahoualli/Desktop/BIO/iris_twins_project/data/raw/CASIA-Iris-Twins/10/1R/S3101R10.jpg,.jpg,17096,dd61ec33f880e0a73de32cd998f7cc0ade9df608218709e851798f05c5fb366e,640,480,L,JPEG,True,,True,10,1,R,10,True,True,127.52316284179688,34.6763916015625,24.890224082851415,0.0001920572916666,8.138020833333333e-05,1R,False,False,False,False,False,False,True,True,True,345.4259338378906,185.4629669189453,51.81268310546875,344.5384611108652,threshold_p5,34.9091427485269,89.99981711777615,0.3604943664938391,349.0,197.0,114.0,76.32102711821607,hough_iris,53.5745849609375,19.974998474121097,high,2.2002334788944267,12.07795848827464
10,2,L,F10_T2,F10_T2_L,1,S3102L01.jpg,10/2L/S3102L01.jpg,/Users/sarahoualli/Desktop/BIO/iris_twins_project/data/raw/CASIA-Iris-Twins/10/2L/S3102L01.jpg,.jpg,15956,6a8b935029fb79f9c037b8cd44d3d9ffaa9901991f381734d68c3c22be505eac,640,480,L,JPEG,True,,True,10,2,L,1,True,True,123.06614685058594,36.17971420288086,17.31091163329019,0.0004915364583333,0.0001204427083333,2L,False,False,False,False,False,False,True,True,True,269.0,115.0,41.0,316.092420096268,hough_pupil,31.46171897917278,66.9900906002265,0.75,261.0,115.0,111.0,82.29019053389386,radial_lateral_search,54.94192886352539,21.08499526977539,high,2.707317073170732,8.0
10,2,L,F10_T2,F10_T2_L,2,S3102L02.jpg,10/2L/S3102L02.jpg,/Users/sarahoualli/Desktop/BIO/iris_twins_project/data/raw/CASIA-Iris-Twins/10/2L/S3102L02.jpg,.jpg,16851,3d174995d61d694fead3572fe7ea0dfb9f4fcac156936b1f42a6ae8d9aefaa3e,640,480,L,JPEG,True,,True,10,2,L,2,True,True,123.09307098388672,36.6517219543457,20.03732688797844,0.0005859375,9.765625e-05,2L,False,False,False,False,False,False,True,True,True,276.169677734375,107.96371459960938,40.02267074584961,318.29855387710694,threshold_p4,29.921470863197257,65.13326193390454,0.7378363356885694,268.169677734375,115.96371459960938,110.0,74.12338485935216,radial_lateral_search,48.7900390625,20.12000274658203,high,2.748442269095875,11.31370849898476
10,2,L,F10_T2,F10_T2_L,3,S3102L03.jpg,10/2L/S3102L03.jpg,/Users/sarahoualli/Desktop/BIO/iris_twins_project/data/raw/CASIA-Iris-Twins/10/2L/S3102L03.jpg,.jpg,16269,e10a520063b09d9201a9b46f13147198e8bcb1b39b8784ce2d3b43d5d42f4df3,640,480,L,JPEG,True,,True,10,2,L,3,True,True,123.23159790039062,35.71104431152344,17.28945782317056,0.0004915364583333,0.0001204427083333,2L,False,False,False,False,False,False,True,True,True,265.0,117.0,39.0,315.154389788327,hough_pupil,31.38053982005998,66.42534837425349,0.75,258.0,116.0,111.0,86.23006700323856,hough_iris,57.84144592285156,21.81500244140625,high,2.8461538461538463,7.0710678118654755
10,2,L,F10_T2,F10_T2_L,4,S3102L04.jpg,10/2L/S3102L04.jpg,/Users/sarahoualli/Desktop/BIO/iris_twins_project/data/raw/CASIA-Iris-Twins/10/2L/S3102L04.jpg,.jpg,16439,234e2c15f033b79ca9b3bc515dbb77403a7a6d766f4ae16c7e02b1febc664009,640,480,L,JPEG,True,,True,10,2,L,4,True,True,122.89834594726562,35.213157653808594,19.001203142537012,0.0003841145833333,0.0001041666666666,2L,False,False,False,False,False,False,True,True,True,260.0,129.0,39.0,308.6561495924716,hough_pupil,32.682439186937685,64.91423357664233,0.75,256.0,127.0,110.0,76.88436526020467,hough_iris,50.0954475402832,20.13500213623047,high,2.8205128205128207,4.47213595499958
10,2,L,F10_T2,F10_T2_L,5,S3102L05.jpg,10/2L/S3102L05.jpg,/Users/sarahoualli/Desktop/BIO/iris_twins_project/data/raw/CASIA-Iris-Twins/10/2L/S3102L05.jpg,.jpg,22120,589dc86221e3c1e3a1b7ad30d76f0884cbbca2209293112a4a9ed92322abcb4f,640,480,L,JPEG,True,,True,10,2,L,5,True,True,118.8417739868164,35.6865119934082,68.1982575392723,0.000869140625,0.0001302083333333,2L,False,False,False,False,False,False,True,True,True,247.5,133.20370483398438,54.31668472290039,357.37493484714133,threshold_p4,29.875280704784934,88.73049229738781,0.5564711608681504,240.0,145.0,124.0,93.66337595109664,hough_iris,66.65140533447266,23.125,high,2.282908108854451,13.97864727517522
10,2,L,F10_T2,F10_T2_L,6,S3102L06.jpg,10/2L/S3102L06.jpg,/Users/sarahoualli/Desktop/BIO/iris_twins_project/data/raw/CASIA-Iris-Twins/10/2L/S3102L06.jpg,.jpg,22380,f810d54163f6d27efc0e9cb61498450eb626ffad55abaa99ad15b8a8db102791,640,480,L,JPEG,True,,True,10,2,L,6,True,True,122.28064727783205,35.40916061401367,65.58434888406329,0.0004427083333333,0.0001236979166666,2L,False,False,False,False,False,False,True,True,True,250.0,139.8378448486328,56.06135940551758,361.6214983729284,threshold_p6,30.431378714038672,91.0864187927816,0.5493030050082278,246.0,148.0,124.0,90.78701074737668,hough_iris,64.24395751953125,22.12000274658203,high,2.2118621687899327,9.089597170116502
10,2,L,F10_T2,F10_T2_L,7,S3102L07.jpg,10/2L/S3102L07.jpg,/Users/sarahoualli/Desktop/BIO/iris_twins_project/data/raw/CASIA-Iris-Twins/10/2L/S3102L07.jpg,.jpg,21254,0bdfa5025975667f697ac149586ecf49a0ee73e728f3dbbe83edc54046afb537,640,480,L,JPEG,True,,True,10,2,L,7,True,True,123.07029724121094,35.7048454284668,53.109374306191334,0.0005078125,0.000146484375,2L,False,False,False,False,False,False,True,True,True,258.0,138.5,55.93980026245117,363.6221032340668,threshold_p6,31.181103600062883,92.11185438705662,0.6255382747952035,251.0,150.0,123.0,90.95037152772264,hough_iris,65.4829330444336,22.169998168945312,high,2.1987922628061667,13.46291201783626
10,2,L,F10_T2,F10_T2_L,8,S3102L08.jpg,10/2L/S3102L08.jpg,/Users/sarahoualli/Desktop/BIO/iris_twins_project/data/raw/CASIA-Iris-Twins/10/2L/S3102L08.jpg,.jpg,21187,6f73c7afa4158f95c53ed71515ee472f30f7b2046a5a58e30a1613b23764395e,640,480,L,JPEG,True,,True,10,2,L,8,True,True,122.97315216064452,36.695945739746094,51.783849717447495,0.0004524739583333,0.0001204427083333,2L,False,False,False,False,False,False,True,True,True,280.5,139.70388793945312,51.99568557739258,360.9104547785356,threshold_p6,28.632760180995476,84.56513134220943,0.7250946983648697,275.0,148.0,123.0,92.50410255852064,hough_iris,64.7011947631836,22.73500061035156,high,2.3655808868395742,9.953666426053834
10,2,L,F10_T2,F10_T2_L,9,S3102L09.jpg,10/2L/S3102L09.jpg,/Users/sarahoualli/Desktop/BIO/iris_twins_project/data/raw/CASIA-Iris-Twins/10/2L/S3102L09.jpg,.jpg,20818,c76082b709421a54503313f8e561c5aa82ddb6bc39c9c4956e3468e74fd96210,640,480,L,JPEG,True,,True,10,2,L,9,True,True,118.00572967529295,38.542686462402344,50.69576262909571,0.0005598958333333,0.0001106770833333,2L,False,False,False,False,False,False,True,True,True,296.0,134.0,54.14804458618164,362.18785194049946,threshold_p4,29.32907237864916,89.10515740120563,0.5598384048396878,288.0,142.0,124.0,88.41024771416649,radial_lateral_search,61.025596618652344,22.895004272460938,high,2.2900180597037534,11.31370849898476
10,2,L,F10_T2,F10_T2_L,10,S3102L10.jpg,10/2L/S3102L10.jpg,/Users/sarahoualli/Desktop/BIO/iris_twins_project/data/raw/CASIA-Iris-Twins/10/2L/S3102L10.jpg,.jpg,22219,98945ac04422eb61b476b6edbc01fec3e62e687991dbde1026cb288bc3c70e47,640,480,L,JPEG,True,,True,10,2,L,10,True,True,122.01564025878906,38.11916732788086,68.05346600467895,0.0005696614583333,0.0001139322916666,2L,False,False,False,False,False,False,True,True,True,300.5,132.0,55.65304183959961,365.28223189546407,threshold_p5,30.824398679452916,91.17740916271724,0.6830480368215024,292.5,140.0,123.0,87.43877814259633,radial_lateral_search,62.94271087646485,21.06000518798828,high,2.2101217819235184,11.31370849898476
10,2,R,F10_T2,F10_T2_R,1,S3102R01.jpg,10/2R/S3102R01.jpg,/Users/sarahoualli/Desktop/BIO/iris_twins_project/data/raw/CASIA-Iris-Twins/10/2R/S3102R01.jpg,.jpg,17058,5c620fdc00ab785b6cbdbe1036322db6588dfae435d9cb892a20630ad74eeb5b,640,480,L,JPEG,True,,True,10,2,R,1,True,True,111.61377716064452,35.98295974731445,21.172171714772116,0.0007356770833333,0.000126953125,2R,False,False,False,False,False,False,True,True,True,337.0,134.0,41.0,325.05684634736417,hough_pupil,27.89205045467879,64.95894677236693,0.75,337.0,142.0,111.0,74.50885126997785,radial_lateral_search,49.4705810546875,19.435001373291016,high,2.707317073170732,8.0
10,2,R,F10_T2,F10_T2_R,2,S3102R02.jpg,10/2R/S3102R02.jpg,/Users/sarahoualli/Desktop/BIO/iris_twins_project/data/raw/CASIA-Iris-Twins/10/2R/S3102R02.jpg,.jpg,19770,853ce4e8c2136ec1188e077db91d94f03b77cb1e926d2e07919044e74337c49f,640,480,L,JPEG,True,,True,10,2,R,2,True,True,112.88562774658205,37.27811813354492,40.57053183453877,0.0010286458333333,0.000107421875,2R,False,False,False,False,False,False,True,True,True,354.7569274902344,134.5957794189453,41.811737060546875,328.6195549340017,threshold_p5,28.57494866529774,66.16439688715953,0.8446190969271508,354.7569274902344,142.5957794189453,113.0,72.78899403249841,radial_lateral_search,50.30362701416016,17.625003814697266,high,2.7025904194405173,8.0
10,2,R,F10_T2,F10_T2_R,3,S3102R03.jpg,10/2R/S3102R03.jpg,/Users/sarahoualli/Desktop/BIO/iris_twins_project/data/raw/CASIA-Iris-Twins/10/2R/S3102R03.jpg,.jpg,18672,e671d370081649c278f2cfa941c3c34443365a2234f4b5a8284abeee1ec17a05,640,480,L,JPEG,True,,True,10,2,R,3,True,True,114.5859603881836,36.18117904663086,33.48026821386548,0.0010286458333333,0.000107421875,2R,False,False,False,False,False,False,True,True,True,333.0,141.0,43.0,328.62345738839605,hough_pupil,30.01489655172414,69.66610477178423,0.75,340.0,144.0,116.0,77.60844552954443,hough_iris,54.68269348144531,17.884998321533203,high,2.697674418604651,7.615773105863909
10,2,R,F10_T2,F10_T2_R,4,S3102R04.jpg,10/2R/S3102R04.jpg,/Users/sarahoualli/Desktop/BIO/iris_twins_project/data/raw/CASIA-Iris-Twins/10/2R/S3102R04.jpg,.jpg,19369,c27beae5934adfe0903d21831e721f84d6460901c9cd88f5f6981f271d8bb4db,640,480,L,JPEG,True,,True,10,2,R,4,True,True,120.30188751220705,38.08696365356445,35.50734633365207,0.0004524739583333,0.0001204427083333,2R,False,False,False,False,False,False,True,True,True,313.0,141.0,40.0,347.490455720967,hough_pupil,28.15238392022437,76.18864749082007,0.75,313.0,149.0,110.0,78.10747146606445,radial_lateral_search,56.13947296142578,17.119998931884766,high,2.75,8.0
10,2,R,F10_T2,F10_T2_R,5,S3102R05.jpg,10/2R/S3102R05.jpg,/Users/sarahoualli/Desktop/BIO/iris_twins_project/data/raw/CASIA-Iris-Twins/10/2R/S3102R05.jpg,.jpg,18417,d496bd1563b5e8c84383478e345db05de415bc5468e933e531dbcb76ed082737,640,480,L,JPEG,True,,True,10,2,R,5,True,True,120.52474975585938,37.21818923950195,27.182428038692475,0.0004915364583333,0.0001106770833333,2R,False,False,False,False,False,False,True,True,True,345.0,141.0,41.0,331.2114617995608,hough_pupil,30.16808448225286,71.42426387315969,0.75,345.0,141.0,109.0,70.96506369986186,radial_lateral_search,48.04191970825195,16.634998321533203,high,2.658536585365854,0.0
10,2,R,F10_T2,F10_T2_R,6,S3102R06.jpg,10/2R/S3102R06.jpg,/Users/sarahoualli/Desktop/BIO/iris_twins_project/data/raw/CASIA-Iris-Twins/10/2R/S3102R06.jpg,.jpg,18990,096841aaf1544c4c4feceb8a03c02cd1ebbe43dcb6389645d6ac3e797d272017,640,480,L,JPEG,True,,True,10,2,R,6,True,True,129.2978973388672,39.06418228149414,32.17316738128662,0.0002180989583333,0.000126953125,2R,False,False,False,False,False,False,True,True,True,335.0,148.0,40.0,348.28982312339457,hough_pupil,30.727952633219072,80.42564259485924,0.75,335.0,156.0,108.0,75.59937515258788,radial_lateral_search,50.69538497924805,19.35999298095703,high,2.7,8.0
10,2,R,F10_T2,F10_T2_R,7,S3102R07.jpg,10/2R/S3102R07.jpg,/Users/sarahoualli/Desktop/BIO/iris_twins_project/data/raw/CASIA-Iris-Twins/10/2R/S3102R07.jpg,.jpg,19567,a7caebf9c1b49fe58a60020f29d54811465d11968a384e3211dcfa76965b5971,640,480,L,JPEG,True,,True,10,2,R,7,True,True,121.94945526123048,37.53173828125,32.70107591145834,0.0002962239583333,9.114583333333334e-05,2R,False,False,False,False,False,False,True,True,True,333.0,157.0,42.0,348.6796186510865,hough_pupil,28.570758620689656,77.11131183991107,0.75,333.0,165.0,109.0,77.3667365301223,radial_lateral_search,57.03278350830078,16.395000457763672,high,2.5952380952380953,8.0
10,2,R,F10_T2,F10_T2_R,8,S3102R08.jpg,10/2R/S3102R08.jpg,/Users/sarahoualli/Desktop/BIO/iris_twins_project/data/raw/CASIA-Iris-Twins/10/2R/S3102R08.jpg,.jpg,19811,dea84675e705077f3ecdafb22f67ec8ffd0e03c2e1b31e59effad8967cfed3a8,640,480,L,JPEG,True,,True,10,2,R,8,True,True,128.48648071289062,38.65058135986328,36.91700642597411,0.0003483072916666,0.0001139322916666,2R,False,False,False,False,False,False,True,True,True,331.0,159.0,42.0,352.8070081690498,hough_pupil,30.860413793103447,82.5183435241801,0.75,331.0,167.0,109.0,78.09439155941918,radial_lateral_search,56.192440032958984,17.514999389648438,high,2.5952380952380953,8.0
10,2,R,F10_T2,F10_T2_R,9,S3102R09.jpg,10/2R/S3102R09.jpg,/Users/sarahoualli/Desktop/BIO/iris_twins_project/data/raw/CASIA-Iris-Twins/10/2R/S3102R09.jpg,.jpg,19937,53094d29f687e1053bc825dda4a5216bb95665863341c3870dc46f5cda7e55e1,640,480,L,JPEG,True,,True,10,2,R,9,True,True,131.5988311767578,38.80879592895508,35.32866920962864,0.0001888020833333,0.0001139322916666,2R,False,False,False,False,False,False,True,True,True,331.0,159.0,42.0,359.63090036969777,hough_pupil,30.679724137931036,85.65925514174542,0.75,335.0,162.0,113.0,101.12522415887742,hough_iris,67.42431640625,25.13500213623047,high,2.6904761904761907,5.0
10,2,R,F10_T2,F10_T2_R,10,S3102R10.jpg,10/2R/S3102R10.jpg,/Users/sarahoualli/Desktop/BIO/iris_twins_project/data/raw/CASIA-Iris-Twins/10/2R/S3102R10.jpg,.jpg,19871,44159aa253ce658f495afa82c62da2f3f4aab5b282813621e292d8668310cbaf,640,480,L,JPEG,True,,True,10,2,R,10,True,True,130.6460418701172,38.708274841308594,38.711319421884745,0.000234375,0.0001009114583333,2R,False,False,False,False,False,False,True,True,True,322.0,155.0,42.0,347.35441751244304,hough_pupil,33.85103448275862,84.20636464702612,0.75,330.0,163.0,113.0,87.14028763471717,radial_lateral_search,57.55180358886719,23.32500457763672,high,2.6904761904761907,11.31370849898476
11,1,L,F11_T1,F11_T1_L,1,S3111L01.jpg,11/1L/S3111L01.jpg,/Users/sarahoualli/Desktop/BIO/iris_twins_project/data/raw/CASIA-Iris-Twins/11/1L/S3111L01.jpg,.jpg,19281,e5bcab50d5345d017fb7cac382fa4764eb0e1eeb866b084c49df4d10c1203e43,640,480,L,JPEG,True,,True,11,1,L,1,True,True,179.26377868652344,46.2781982421875,50.57519775465859,0.00015625,0.000107421875,1L,False,False,False,False,False,False,True,True,True,354.3941955566406,232.02777099609375,51.505855560302734,391.4103659778305,threshold_p6,34.23512640182475,102.46068032187272,0.8884252352085928,360.0,237.0,112.0,98.361003219768,hough_iris,65.6392593383789,26.355003356933594,high,2.174510039326909,7.493203902502203
11,1,L,F11_T1,F11_T1_L,2,S3111L02.jpg,11/1L/S3111L02.jpg,/Users/sarahoualli/Desktop/BIO/iris_twins_project/data/raw/CASIA-Iris-Twins/11/1L/S3111L02.jpg,.jpg,21174,7590641c1bf91d177739ec75dbedf4b14d0f50d2defbc801209cf59bda327c9f,640,480,L,JPEG,True,,True,11,1,L,2,True,True,129.84478759765625,41.85266876220703,67.1739123195648,0.001103515625,5.5338541666666664e-05,1L,False,False,False,False,False,False,True,True,True,274.5,216.0,54.600921630859375,337.33528905224296,threshold_p8,25.122922494651966,62.522298593350385,0.8886454784735536,282.5,216.0,119.0,101.55749272630447,radial_lateral_search,75.41768646240234,21.730003356933594,high,2.1794503910487752,8.0
11,1,L,F11_T1,F11_T1_L,3,S3111L03.jpg,11/1L/S3111L03.jpg,/Users/sarahoualli/Desktop/BIO/iris_twins_project/data/raw/CASIA-Iris-Twins/11/1L/S3111L03.jpg,.jpg,20833,6f992fce57cbeb3b4764242854ae94a02b2c9448c61b3b1b51a641307d1701cd,640,480,L,JPEG,True,,True,11,1,L,3,True,True,131.97386169433594,40.17127990722656,71.05201952853733,0.0012109375,5.5338541666666664e-05,1L,False,False,False,False,False,False,True,True,True,273.0,212.0,54.6260986328125,334.47768922123555,threshold_p6,25.81717952937305,62.57928388746803,0.867147301345398,279.0,216.0,118.0,97.4192129001699,hough_iris,67.77843475341797,24.144996643066406,high,2.160139621047739,7.211102550927978
11,1,R,F11_T1,F11_T1_R,1,S3111R01.jpg,11/1R/S3111R01.jpg,/Users/sarahoualli/Desktop/BIO/iris_twins_project/data/raw/CASIA-Iris-Twins/11/1R/S3111R01.jpg,.jpg,16572,e1ad0514d95e4550b412d9898beb84e3e6dec24d252c32c0e8a655969b368877,640,480,L,JPEG,True,,True,11,1,R,1,True,True,142.05137634277344,38.82390213012695,21.423645718002316,0.0002408854166666,8.138020833333333e-05,1R,False,False,False,False,False,False,True,True,True,302.0,175.5,44.16173553466797,329.70927139518955,threshold_p5,30.521930962886064,66.96662436548223,0.899008408388995,298.0,178.0,109.0,92.88926961071118,hough_iris,60.48271942138672,24.794998168945312,high,2.468200098577025,4.716990566028302
11,1,R,F11_T1,F11_T1_R,2,S3111R02.jpg,11/1R/S3111R02.jpg,/Users/sarahoualli/Desktop/BIO/iris_twins_project/data/raw/CASIA-Iris-Twins/11/1R/S3111R02.jpg,.jpg,16535,4ace64605cb879f790e7c30f7782c99a0ccc9cd13ea96a9a02d22e9d6be2c8b3,640,480,L,JPEG,True,,True,11,1,R,2,True,True,128.65350341796875,38.01140213012695,22.051418117936453,0.000341796875,7.8125e-05,1R,False,False,False,False,False,False,True,True,True,298.7107849121094,195.6028289794922,43.60871887207031,311.73657527798247,threshold_p5,28.860109005969377,55.270685279187816,0.8827186166467096,298.7107849121094,203.6028289794922,112.0,84.83889535599857,radial_lateral_search,55.74372100830078,22.729999542236328,high,2.568293747141736,8.0
11,1,R,F11_T1,F11_T1_R,3,S3111R03.jpg,11/1R/S3111R03.jpg,/Users/sarahoualli/Desktop/BIO/iris_twins_project/data/raw/CASIA-Iris-Twins/11/1R/S3111R03.jpg,.jpg,16736,d36d93472031d4a262360fe5ec99fd07cdd2afeefaaab452edb55e3b47b91453,640,480,L,JPEG,True,,True,11,1,R,3,True,True,128.57000732421875,38.1550407409668,22.72100388123194,0.0003059895833333,5.859375e-05,1R,False,False,False,False,False,False,True,True,True,303.3515319824219,195.6266937255859,42.84832763671875,311.39198578894076,threshold_p4,29.36855172413793,55.57877461706784,0.8925681067141785,302.0,195.0,112.0,98.21831087712584,hough_iris,65.78026580810547,23.825000762939453,high,2.613870976472415,1.4897596199380576
11,1,R,F11_T1,F11_T1_R,4,S3111R04.jpg,11/1R/S3111R04.jpg,/Users/sarahoualli/Desktop/BIO/iris_twins_project/data/raw/CASIA-Iris-Twins/11/1R/S3111R04.jpg,.jpg,16746,a2849f9844da4d37a673dd534a12c2a5854c57461e0f8e3a0a3cee494eb51ec9,640,480,L,JPEG,True,,True,11,1,R,4,True,True,129.5636749267578,38.29481887817383,22.065274153550465,0.0002604166666666,7.8125e-05,1R,False,False,False,False,False,False,True,True,True,298.31463623046875,194.3527984619141,43.44622421264648,314.58197310212705,threshold_p5,28.934077342330653,56.52107948442535,0.8992899194932035,296.0,192.0,113.0,96.68500594439618,hough_iris,62.88246154785156,25.15999984741211,high,2.600916467376411,3.3004850373518986
11,1,R,F11_T1,F11_T1_R,5,S3111R05.jpg,11/1R/S3111R05.jpg,/Users/sarahoualli/Desktop/BIO/iris_twins_project/data/raw/CASIA-Iris-Twins/11/1R/S3111R05.jpg,.jpg,16532,fd9abc45d0a28b29264eccb8fa4b6e3037f60921323372b518c4504681c63213,640,480,L,JPEG,True,,True,11,1,R,5,True,True,130.0802459716797,37.96251678466797,22.097608333333326,0.00033203125,8.463541666666667e-05,1R,False,False,False,False,False,False,True,True,True,287.013916015625,198.70985412597656,44.88729095458984,315.4724638140457,threshold_p6,28.20898100172711,56.26053005205869,0.8828668064882838,287.013916015625,206.70985412597656,111.0,88.30640246262314,radial_lateral_search,58.017967224121094,23.854995727539062,high,2.4728603049868387,8.0
11,1,R,F11_T1,F11_T1_R,6,S3111R06.jpg,11/1R/S3111R06.jpg,/Users/sarahoualli/Desktop/BIO/iris_twins_project/data/raw/CASIA-Iris-Twins/11/1R/S3111R06.jpg,.jpg,16991,ca4faee2eacb3a2228d83bfd3ebeb3fa54ac406d10195f605b2d666f3e0fa048,640,480,L,JPEG,True,,True,11,1,R,6,True,True,131.1618194580078,38.25448989868164,24.615210367669,0.0002734375,9.765625e-05,1R,False,False,False,False,False,False,True,True,True,283.1009826660156,197.8448944091797,43.50391387939453,318.10237355206215,threshold_p3,28.24266805086945,57.650241675617615,0.8863068339285001,283.1009826660156,197.8448944091797,114.0,92.42305011593776,radial_lateral_search,60.27223587036133,23.334999084472656,high,2.62045388182868,0.0
11,1,R,F11_T1,F11_T1_R,7,S3111R07.jpg,11/1R/S3111R07.jpg,/Users/sarahoualli/Desktop/BIO/iris_twins_project/data/raw/CASIA-Iris-Twins/11/1R/S3111R07.jpg,.jpg,17151,e22e906a12d708f04e8d70837620841867fc39620a65a036aec21710a0fe7fc2,640,480,L,JPEG,True,,True,11,1,R,7,True,True,130.60507202148438,38.97887420654297,24.640362133619515,0.0003873697916666,5.5338541666666664e-05,1R,False,False,False,False,False,False,True,True,True,281.7045593261719,200.0726776123047,45.70992660522461,319.3699275982683,threshold_p6,28.047286279990683,57.94267441860465,0.886333202433385,278.0,201.0,113.0,96.98230901667549,hough_iris,65.14057922363281,24.220001220703125,high,2.4721107293811357,3.818859333865016
11,1,R,F11_T1,F11_T1_R,8,S3111R08.jpg,11/1R/S3111R08.jpg,/Users/sarahoualli/Desktop/BIO/iris_twins_project/data/raw/CASIA-Iris-Twins/11/1R/S3111R08.jpg,.jpg,18044,072be880f13fbfbf0757aa66520dfd95571e6d36f694ba1294ddcf76137cf263,640,480,L,JPEG,True,,True,11,1,R,8,True,True,131.08212280273438,39.12614059448242,34.13108357720905,0.0004622395833333,6.184895833333334e-05,1R,False,False,False,False,False,False,True,True,True,277.9019775390625,200.22869873046875,46.57048797607422,324.2419183550893,threshold_p6,27.937572792918704,60.07893529141808,0.8999955987734178,277.9019775390625,200.22869873046875,118.0,88.72681144422243,radial_lateral_search,59.57563400268555,21.44000244140625,high,2.533793505892036,0.0
11,1,R,F11_T1,F11_T1_R,9,S3111R09.jpg,11/1R/S3111R09.jpg,/Users/sarahoualli/Desktop/BIO/iris_twins_project/data/raw/CASIA-Iris-Twins/11/1R/S3111R09.jpg,.jpg,21374,a97b5bb0265477c6601d0981889d446bc704825fadd586fe79dfe579bfe6ed08,640,480,L,JPEG,True,,True,11,1,R,9,True,True,129.00546264648438,41.10969924926758,67.67173027495278,0.0005436197916666,9.765625e-05,1R,False,False,False,False,False,False,True,True,True,292.413330078125,193.0500640869141,52.11439895629883,332.363582607551,threshold_p6,26.70425339366516,62.51349406261245,0.8812089132360785,289.0,197.0,121.0,100.47633965504184,hough_iris,68.85118103027344,24.74500274658203,high,2.321815130238114,5.220422965595686
11,2,L,F11_T2,F11_T2_L,1,S3112L01.jpg,11/2L/S3112L01.jpg,/Users/sarahoualli/Desktop/BIO/iris_twins_project/data/raw/CASIA-Iris-Twins/11/2L/S3112L01.jpg,.jpg,19312,983ac056aec34d42b728ce95e3e369d77931b6fb0c3b175df7fbd5179058655c,640,480,L,JPEG,True,,True,11,2,L,1,True,True,105.6449737548828,37.260704040527344,46.2867803446028,0.0053059895833333,4.8828125e-05,2L,False,False,False,False,False,False,True,True,True,283.0,218.0,59.0,324.86091882835376,hough_pupil,23.695130761450656,56.768728473019515,0.75,275.0,226.0,120.0,60.68649348817091,radial_lateral_search,41.585323333740234,17.710002899169922,high,2.0338983050847457,11.31370849898476
11,2,L,F11_T2,F11_T2_L,3,S3112L03.jpg,11/2L/S3112L03.jpg,/Users/sarahoualli/Desktop/BIO/iris_twins_project/data/raw/CASIA-Iris-Twins/11/2L/S3112L03.jpg,.jpg,19395,548efc164758aefe6a35d424013445f1c314ab3c0d8560d4d97ca0c99f64075d,640,480,L,JPEG,True,,True,11,2,L,3,True,True,105.56517028808594,37.69331741333008,43.63074321482976,0.0041080729166666,4.557291666666667e-05,2L,False,False,False,False,False,False,True,True,True,290.0502624511719,212.2268218994141,56.08589553833008,311.89057949165215,threshold_p4,23.807420216947023,54.3275513378967,0.4243133449728273,282.0502624511719,220.2268218994141,120.0,61.19864109012643,radial_lateral_search,41.42276763916016,17.889999389648438,high,2.1395753575511676,11.31370849898476
11,2,L,F11_T2,F11_T2_L,4,S3112L04.jpg,11/2L/S3112L04.jpg,/Users/sarahoualli/Desktop/BIO/iris_twins_project/data/raw/CASIA-Iris-Twins/11/2L/S3112L04.jpg,.jpg,19910,9bbd2f20fe8af469cf74ba03ce43a81ac8cc1c633a91d60f739430ea934693a6,640,480,L,JPEG,True,,True,11,2,L,4,True,True,109.07099151611328,35.607059478759766,51.64510843806798,0.0038932291666666,5.859375e-05,2L,False,False,False,False,False,False,True,True,True,287.0,214.0,56.0,325.0898346076339,hough_pupil,23.939632133312372,57.27598008711885,0.75,279.0,222.0,120.0,67.77068089004176,radial_lateral_search,45.174678802490234,19.895000457763672,high,2.142857142857143,11.31370849898476
11,2,L,F11_T2,F11_T2_L,6,S3112L06.jpg,11/2L/S3112L06.jpg,/Users/sarahoualli/Desktop/BIO/iris_twins_project/data/raw/CASIA-Iris-Twins/11/2L/S3112L06.jpg,.jpg,19785,361fdafc48a07468ade65c152b71b8970da1331bf450661c9fde8a21dd9559d0,640,480,L,JPEG,True,,True,11,2,L,6,True,True,108.11678314208984,41.46614456176758,45.72371037418578,0.004013671875,5.208333333333334e-05,2L,False,False,False,False,False,False,True,True,True,291.0,212.0,57.0,313.12030739090295,hough_pupil,23.64301886792453,50.82025491400491,0.75,283.0,220.0,124.0,68.25190010667772,radial_lateral_search,44.81156921386719,20.40500259399414,high,2.175438596491228,11.31370849898476
11,2,L,F11_T2,F11_T2_L,7,S3112L07.jpg,11/2L/S3112L07.jpg,/Users/sarahoualli/Desktop/BIO/iris_twins_project/data/raw/CASIA-Iris-Twins/11/2L/S3112L07.jpg,.jpg,19986,2bc3f7c8e8cd67ade18148b84764ad7c835e9cac4ff9ecda98394abac5ada8ff,640,480,L,JPEG,True,,True,11,2,L,7,True,True,111.6331787109375,38.85748291015625,52.889894559637696,0.0024348958333333,7.161458333333333e-05,2L,False,False,False,False,False,False,True,True,True,292.0,211.0,56.0,320.3077710836665,hough_pupil,24.507781795315204,55.71764156813939,0.75,284.0,219.0,122.0,72.67627301825046,radial_lateral_search,47.109413146972656,21.915000915527344,high,2.1785714285714284,11.31370849898476
11,2,L,F11_T2,F11_T2_L,8,S3112L08.jpg,11/2L/S3112L08.jpg,/Users/sarahoualli/Desktop/BIO/iris_twins_project/data/raw/CASIA-Iris-Twins/11/2L/S3112L08.jpg,.jpg,19834,930fa8fefd5c5a414768070aa15e7e70f9f023662291af48edf1504a13818b23,640,480,L,JPEG,True,,True,11,2,L,8,True,True,113.5413818359375,39.57413864135742,46.14949660948646,0.00177734375,6.8359375e-05,2L,False,False,False,False,False,False,True,True,True,309.8571472167969,196.14285278320312,60.01709747314453,330.8650585421586,threshold_p4,25.138222653542215,64.46385788184045,0.5613789251613275,301.8571472167969,204.14285278320312,126.0,69.14194602418888,radial_lateral_search,46.59376525878906,19.98500061035156,high,2.0994017589134564,11.31370849898476
11,2,L,F11_T2,F11_T2_L,9,S3112L09.jpg,11/2L/S3112L09.jpg,/Users/sarahoualli/Desktop/BIO/iris_twins_project/data/raw/CASIA-Iris-Twins/11/2L/S3112L09.jpg,.jpg,20402,2973f53e399cfca6c900d1a58424fb1d8e1a4d22cb2cb3c1d878c78c7a82ce2d,640,480,L,JPEG,True,,True,11,2,L,9,True,True,115.81639099121094,40.370948791503906,53.64960131818983,0.00216796875,0.0001009114583333,2L,False,False,False,False,False,False,True,True,True,298.0,208.0,56.0,321.85929885492925,hough_pupil,24.74642351831473,56.81230553827007,0.75,290.0,216.0,124.0,74.76377127438886,radial_lateral_search,48.13005447387695,22.575000762939453,high,2.2142857142857144,11.31370849898476
11,2,L,F11_T2,F11_T2_L,10,S3112L10.jpg,11/2L/S3112L10.jpg,/Users/sarahoualli/Desktop/BIO/iris_twins_project/data/raw/CASIA-Iris-Twins/11/2L/S3112L10.jpg,.jpg,19954,d9bf09dd66cc577063155c7d6bf9dab61defd6fe89cb794604bcce54883456f2,640,480,L,JPEG,True,,True,11,2,L,10,True,True,120.27483367919922,38.20400619506836,55.816878279580024,0.0016861979166666,0.0001041666666666,2L,False,False,False,False,False,False,True,True,True,272.4674987792969,198.46066284179688,53.73960876464844,316.9506788511834,threshold_p5,25.41147002936604,52.99414460285132,0.8853684984760352,264.4674987792969,198.46066284179688,120.0,93.89081019253186,radial_lateral_search,64.18384552001953,24.125003814697266,high,2.2329898329840407,8.0
11,2,R,F11_T2,F11_T2_R,3,S3112R03.jpg,11/2R/S3112R03.jpg,/Users/sarahoualli/Desktop/BIO/iris_twins_project/data/raw/CASIA-Iris-Twins/11/2R/S3112R03.jpg,.jpg,20002,3ee3271da1622f6c29b55d9ca11de4668796feb54e78f02ba3da6ecb9cceedab,640,480,L,JPEG,True,,True,11,2,R,3,True,True,125.51945495605467,39.0965576171875,56.42563953271443,0.00216796875,0.0001106770833333,2R,False,False,False,False,False,False,True,True,True,359.1432800292969,150.910400390625,58.09796142578125,330.91840675590214,threshold_p4,24.381735849056604,60.69543737285673,0.83552307916096,359.1432800292969,158.910400390625,120.0,79.42682249187543,radial_lateral_search,56.8789176940918,19.48999786376953,high,2.065476947126572,8.0
11,2,R,F11_T2,F11_T2_R,4,S3112R04.jpg,11/2R/S3112R04.jpg,/Users/sarahoualli/Desktop/BIO/iris_twins_project/data/raw/CASIA-Iris-Twins/11/2R/S3112R04.jpg,.jpg,19555,f172ae96fb5db44053ad9004995171c80f8dcfbff99ac84701e5c6726cd4f913,640,480,L,JPEG,True,,True,11,2,R,4,True,True,123.12435150146484,37.898956298828125,53.640905140516494,0.001435546875,0.0001106770833333,2R,False,False,False,False,False,False,True,True,True,343.4163818359375,158.14111328125,57.26259994506836,335.1080927403058,threshold_p4,24.486037735849056,62.2720566538802,0.8468341665216955,343.4163818359375,166.14111328125,120.0,81.91826225303832,radial_lateral_search,60.292823791503906,18.74500274658203,high,2.095608654079892,8.0
11,2,R,F11_T2,F11_T2_R,5,S3112R05.jpg,11/2R/S3112R05.jpg,/Users/sarahoualli/Desktop/BIO/iris_twins_project/data/raw/CASIA-Iris-Twins/11/2R/S3112R05.jpg,.jpg,19800,913e508abd8caba55a922cfa855019373143994332b0d6113303b27c909c4527,640,480,L,JPEG,True,,True,11,2,R,5,True,True,130.19320678710938,41.20822525024414,42.77453814687729,0.0006412760416666,7.161458333333333e-05,2R,False,False,False,False,False,False,True,True,True,335.0,175.82737731933594,58.14866638183594,338.55805474656506,threshold_p4,25.46279439387372,65.63055797733217,0.809465168782155,335.0,175.82737731933594,120.0,84.98305127999751,radial_lateral_search,57.005348205566406,21.94499969482422,high,2.0636758754192983,0.0
11,2,R,F11_T2,F11_T2_R,6,S3112R06.jpg,11/2R/S3112R06.jpg,/Users/sarahoualli/Desktop/BIO/iris_twins_project/data/raw/CASIA-Iris-Twins/11/2R/S3112R06.jpg,.jpg,20862,d94d7b4600ab90a871a60c9fb8a53fb216dc58e151b8850ff5032c70e1b51b3a,640,480,L,JPEG,True,,True,11,2,R,6,True,True,134.2792510986328,42.68666076660156,53.14729708858066,0.000771484375,7.161458333333333e-05,2R,False,False,False,False,False,False,True,True,True,301.3791809082031,191.41458129882812,57.285404205322266,341.3767352292735,threshold_p5,25.885735849056605,66.67859250516376,0.8415406306144444,301.3791809082031,199.41458129882812,122.0,92.75844967020068,radial_lateral_search,66.52369689941406,21.94000244140625,high,2.129687338204471,8.0
12,1,L,F12_T1,F12_T1_L,1,S3121L01.jpg,12/1L/S3121L01.jpg,/Users/sarahoualli/Desktop/BIO/iris_twins_project/data/raw/CASIA-Iris-Twins/12/1L/S3121L01.jpg,.jpg,24143,dc8e549e29d566fa324445b50fb0e3e0e89777f347e9111fe831ef28c439686e,640,480,L,JPEG,True,,True,12,1,L,1,True,True,155.78744506835938,39.52321243286133,98.5858026028845,0.0008333333333333,0.0001334635416666,1L,False,False,False,False,False,False,True,True,True,284.8916015625,212.8916015625,51.46286392211914,445.3656849519953,threshold_p8,26.613191408477476,119.89292245793708,0.7947976894126494,284.8916015625,212.8916015625,119.0,119.3488692787641,radial_lateral_search,82.15847778320312,27.81500244140625,high,2.312347019398057,0.0
12,1,L,F12_T1,F12_T1_L,2,S3121L02.jpg,12/1L/S3121L02.jpg,/Users/sarahoualli/Desktop/BIO/iris_twins_project/data/raw/CASIA-Iris-Twins/12/1L/S3121L02.jpg,.jpg,26067,5aea283c12d6b408cf69b0145dadef7774a2429023c9fba035e9cd27cdfdb36a,640,480,L,JPEG,True,,True,12,1,L,2,True,True,157.18228149414062,39.14363861083984,98.4540477686564,0.0006217447916666,0.00017578125,1L,False,False,False,False,False,False,True,True,True,298.5,216.0,53.593475341796875,456.3029239576104,threshold_p6,26.926584902401107,125.1158350305499,0.8000549765726664,298.5,216.0,125.0,110.22901932775623,radial_lateral_search,76.23452758789062,25.474998474121097,high,2.332373469024019,0.0
12,1,L,F12_T1,F12_T1_L,3,S3121L03.jpg,12/1L/S3121L03.jpg,/Users/sarahoualli/Desktop/BIO/iris_twins_project/data/raw/CASIA-Iris-Twins/12/1L/S3121L03.jpg,.jpg,23150,14bfb96169ade7b56b2393f9e5e63da1598a53bc0d8112cf9e6d53d8351dec5f,640,480,L,JPEG,True,,True,12,1,L,3,True,True,148.01531982421875,41.80162811279297,75.49599805017043,0.0013834635416666,0.000107421875,1L,False,False,False,False,False,False,True,True,True,333.0,216.0,54.3324089050293,422.8727114417917,threshold_p4,26.618068751079633,108.32317481580708,0.7852203553717069,333.0,216.0,123.0,108.08535078676172,radial_lateral_search,75.57598114013672,24.61000061035156,high,2.2638421980331978,0.0
12,1,R,F12_T1,F12_T1_R,1,S3121R01.jpg,12/1R/S3121R01.jpg,/Users/sarahoualli/Desktop/BIO/iris_twins_project/data/raw/CASIA-Iris-Twins/12/1R/S3121R01.jpg,.jpg,16224,abefd2eec2d3fbdb5de6fbbee927534662a097c8a30d7e556b23852d67b786ce,640,480,L,JPEG,True,,True,12,1,R,1,True,True,140.849609375,33.32687759399414,16.778243214829768,0.001015625,0.000126953125,1R,False,False,False,False,False,False,True,True,True,335.6602783203125,193.8311004638672,42.526798248291016,404.9127362507688,threshold_p4,31.14648275862069,107.5355579868709,0.7067219631066429,338.0,197.0,105.0,103.28396832971488,hough_iris,68.45360565185547,26.38500213623047,high,2.469031394909198,3.9390635700001657
12,1,R,F12_T1,F12_T1_R,2,S3121R02.jpg,12/1R/S3121R02.jpg,/Users/sarahoualli/Desktop/BIO/iris_twins_project/data/raw/CASIA-Iris-Twins/12/1R/S3121R02.jpg,.jpg,17159,f3390c43a34df77e72a29fff4435ee8bc9a867659de38396241568385d5ab32f,640,480,L,JPEG,True,,True,12,1,R,2,True,True,136.47023010253906,33.222251892089844,19.371620713297524,0.000869140625,9.440104166666666e-05,1R,False,False,False,False,False,False,True,True,True,328.97479248046875,201.68067932128903,44.603416442871094,406.82240348642034,threshold_p8,29.36343449296817,103.00174389636273,0.8891116869769998,332.0,204.0,106.0,104.24518672862358,hough_iris,70.15218353271484,26.099998474121097,high,2.376499570066944,3.8119717925142864
12,1,R,F12_T1,F12_T1_R,3,S3121R03.jpg,12/1R/S3121R03.jpg,/Users/sarahoualli/Desktop/BIO/iris_twins_project/data/raw/CASIA-Iris-Twins/12/1R/S3121R03.jpg,.jpg,17235,7b02c2191e4f2df19ffd0b9f06e28ff5ec42f438399a7f7952e2002a57ccfbd0,640,480,L,JPEG,True,,True,12,1,R,3,True,True,134.49046325683594,32.92055130004883,19.342798681259147,0.001064453125,0.000107421875,1R,False,False,False,False,False,False,True,True,True,324.7791748046875,204.6876983642578,44.40266799926758,408.864274929424,threshold_p6,28.829509005674808,102.93809167912308,0.8948709288599784,324.7791748046875,204.6876983642578,108.0,97.78722768525078,radial_lateral_search,66.31207275390625,23.39000701904297,high,2.4322862761710953,0.0
12,1,R,F12_T1,F12_T1_R,4,S3121R04.jpg,12/1R/S3121R04.jpg,/Users/sarahoualli/Desktop/BIO/iris_twins_project/data/raw/CASIA-Iris-Twins/12/1R/S3121R04.jpg,.jpg,18047,70488c55e34d9781397fbf71aa7761396a925d67e0951cfecd1d7b1f236cf3db,640,480,L,JPEG,True,,True,12,1,R,4,True,True,136.2110137939453,32.33909225463867,24.650526224761535,0.001240234375,0.000126953125,1R,False,False,False,False,False,False,True,True,True,310.0762634277344,199.4279632568359,46.118255615234375,415.0454486466686,threshold_p8,28.36477987421384,105.49255813953488,0.899965988900647,314.0,202.0,108.0,106.37113379274383,hough_iris,72.09780883789062,26.48500061035156,high,2.341805832836489,4.691596923939736
12,1,R,F12_T1,F12_T1_R,5,S3121R05.jpg,12/1R/S3121R05.jpg,/Users/sarahoualli/Desktop/BIO/iris_twins_project/data/raw/CASIA-Iris-Twins/12/1R/S3121R05.jpg,.jpg,18767,4847997e588d2fdba956aaed172cdde70fd841b69a5f1d0534b8aa3aee3aeebb,640,480,L,JPEG,True,,True,12,1,R,5,True,True,130.42173767089844,32.88087463378906,29.100373843627505,0.0019986979166666,0.0001236979166666,1R,False,False,False,False,False,False,True,True,True,281.6993408203125,200.74952697753903,46.2784309387207,407.162588247092,threshold_p10,28.099464244118337,101.65683799908214,0.8990614411982499,281.6993408203125,200.74952697753903,111.0,87.62059840893491,radial_lateral_search,57.02249526977539,22.86000061035156,high,2.398525571166835,0.0
12,1,R,F12_T1,F12_T1_R,6,S3121R06.jpg,12/1R/S3121R06.jpg,/Users/sarahoualli/Desktop/BIO/iris_twins_project/data/raw/CASIA-Iris-Twins/12/1R/S3121R06.jpg,.jpg,17988,adc057e78f1bb2566045639c8065543cff7301b4a6e9de7f0f32f1de3888ec54,640,480,L,JPEG,True,,True,12,1,R,6,True,True,129.48385620117188,31.22426414489746,23.01035017343097,0.0021061197916666,9.114583333333334e-05,1R,False,False,False,False,False,False,True,True,True,289.86456298828125,206.46331787109375,48.2279167175293,428.8252194176605,threshold_p8,27.133556625497175,110.91350611040876,0.8947563720167547,289.86456298828125,206.46331787109375,111.0,97.9439127622864,radial_lateral_search,67.50262451171875,23.025001525878903,high,2.3015715285842955,0.0
12,1,R,F12_T1,F12_T1_R,7,S3121R07.jpg,12/1R/S3121R07.jpg,/Users/sarahoualli/Desktop/BIO/iris_twins_project/data/raw/CASIA-Iris-Twins/12/1R/S3121R07.jpg,.jpg,19091,7d1745db93d09449eaeee2303b5ab5f95777a7323ba9e1f8d8d48ea4571db20e,640,480,L,JPEG,True,,True,12,1,R,7,True,True,130.9741668701172,31.40505027770996,32.66608645273844,0.0024251302083333,0.0001106770833333,1R,False,False,False,False,False,False,True,True,True,290.5260314941406,211.67823791503903,48.26090621948242,431.4565075383311,threshold_p10,26.71069709022399,111.23841129372104,0.9015182685711196,293.0,215.0,111.0,112.78750398086936,hough_iris,77.15097045898438,27.479995727539062,high,2.299998253144912,4.141814036997328
12,1,R,F12_T1,F12_T1_R,8,S3121R08.jpg,12/1R/S3121R08.jpg,/Users/sarahoualli/Desktop/BIO/iris_twins_project/data/raw/CASIA-Iris-Twins/12/1R/S3121R08.jpg,.jpg,16989,86bfc95a4a45e3fe3bdf85245bbdc49fab51df92f83bc6fa3bd89fd66b2dc0a2,640,480,L,JPEG,True,,True,12,1,R,8,True,True,130.3525848388672,30.75887107849121,22.876057804997764,0.002001953125,8.138020833333333e-05,1R,False,False,False,False,False,False,True,True,True,273.2320861816406,207.4778289794922,48.903663635253906,421.6582724346798,threshold_p10,29.17186518735608,110.44694533762058,0.903359457545726,273.2320861816406,207.4778289794922,112.0,90.51469551839348,radial_lateral_search,61.126827239990234,22.30500030517578,high,2.2902169627892848,0.0
12,2,L,F12_T2,F12_T2_L,1,S3122L01.jpg,12/2L/S3122L01.jpg,/Users/sarahoualli/Desktop/BIO/iris_twins_project/data/raw/CASIA-Iris-Twins/12/2L/S3122L01.jpg,.jpg,22451,e653138df059eed76656a7a663cdf489dfca0dd6c39ef253100a28bc4d77ac60,640,480,L,JPEG,True,,True,12,2,L,1,True,True,144.84788513183594,36.19453430175781,34.30680273166233,0.0017610677083333,0.000224609375,2L,False,False,False,False,False,False,True,True,True,255.435791015625,190.11575317382812,51.173858642578125,432.4591272731881,threshold_p8,26.02718114426915,112.29467024539878,0.8881562088550395,247.435791015625,198.11575317382812,129.0,114.7522155109967,radial_lateral_search,78.39436340332031,28.645004272460938,high,2.5208183127443173,11.31370849898476
12,2,L,F12_T2,F12_T2_L,2,S3122L02.jpg,12/2L/S3122L02.jpg,/Users/sarahoualli/Desktop/BIO/iris_twins_project/data/raw/CASIA-Iris-Twins/12/2L/S3122L02.jpg,.jpg,23570,cbd26715e37aa407cb18b3e278ab8fb877dd12597cadb65bf1c83516264f3baf,640,480,L,JPEG,True,,True,12,2,L,2,True,True,125.25980377197266,42.1168098449707,56.30905967610677,0.0055078125,0.0001920572916666,2L,False,False,False,False,False,False,True,True,True,288.7054138183594,216.4387054443359,50.45838165283203,419.5103631423104,threshold_p8,21.600199004975124,99.4942718446602,0.7631003071206675,280.7054138183594,224.4387054443359,131.0,118.3610456949972,radial_lateral_search,77.0956802368164,31.93499755859375,high,2.5961990002239297,11.31370849898476
12,2,L,F12_T2,F12_T2_L,3,S3122L03.jpg,12/2L/S3122L03.jpg,/Users/sarahoualli/Desktop/BIO/iris_twins_project/data/raw/CASIA-Iris-Twins/12/2L/S3122L03.jpg,.jpg,22690,08c9f3de28856b4d5a9a9929e02edd2326b52bb41fbb30df8f145348849caa25,640,480,L,JPEG,True,,True,12,2,L,3,True,True,124.0501708984375,42.18838119506836,44.62760451498032,0.005244140625,0.0001692708333333,2L,False,False,False,False,False,False,True,True,True,279.6030578613281,212.5373992919922,50.07465362548828,418.59053128777106,threshold_p5,21.27641791044776,98.70543689320388,0.7764789376550524,275.0,220.0,134.0,119.50040345131606,hough_iris,76.97139739990234,32.154998779296875,high,2.6760045311984593,8.768041457582951
12,2,L,F12_T2,F12_T2_L,4,S3122L04.jpg,12/2L/S3122L04.jpg,/Users/sarahoualli/Desktop/BIO/iris_twins_project/data/raw/CASIA-Iris-Twins/12/2L/S3122L04.jpg,.jpg,24175,8ed72928b355ef6704ad7ca358737f959cc634421f404d57b4411c0cbce0ea9b,640,480,L,JPEG,True,,True,12,2,L,4,True,True,134.8368682861328,36.824798583984375,47.28917944843503,0.0036881510416666,0.0002180989583333,2L,False,False,False,False,False,False,True,True,True,287.165771484375,217.07843017578125,50.18824768066406,443.31531877286653,threshold_p5,21.707661691542288,111.44339805825244,0.770419242519548,279.165771484375,225.07843017578125,133.0,115.52930257358771,radial_lateral_search,74.65763854980469,31.5,high,2.6500227871323085,11.31370849898476
12,2,L,F12_T2,F12_T2_L,5,S3122L05.jpg,12/2L/S3122L05.jpg,/Users/sarahoualli/Desktop/BIO/iris_twins_project/data/raw/CASIA-Iris-Twins/12/2L/S3122L05.jpg,.jpg,24345,4020f5b18b1643cdad68825ef77bc22849fdee3373ba8608d64246a6c167fbce,640,480,L,JPEG,True,,True,12,2,L,5,True,True,134.0020751953125,36.35091018676758,54.78543603447807,0.0034635416666666,0.00025390625,2L,False,False,False,False,False,False,True,True,True,281.5965881347656,218.5174865722656,50.06233215332031,447.6390522271014,threshold_p4,21.36417910447761,113.21815533980582,0.7707968457496427,276.0,222.0,132.0,140.24665949266466,hough_iris,88.79071044921875,38.2550048828125,high,2.636712960070225,6.591638531089945
12,2,L,F12_T2,F12_T2_L,6,S3122L06.jpg,12/2L/S3122L06.jpg,/Users/sarahoualli/Desktop/BIO/iris_twins_project/data/raw/CASIA-Iris-Twins/12/2L/S3122L06.jpg,.jpg,24510,9771743398c18e543fdd951acea49fc25b803a8901d66bb5c911849fe7f77a06,640,480,L,JPEG,True,,True,12,2,L,6,True,True,124.81526184082033,38.43253707885742,72.01351696264477,0.0042838541666666,0.000185546875,2L,False,False,False,False,False,False,True,True,True,283.6512145996094,213.83351135253903,53.4660758972168,431.6843479509704,threshold_p12,24.900328208671617,109.22131704005432,0.8726519519690943,283.6512145996094,213.83351135253903,135.0,107.13054917057224,radial_lateral_search,68.3196792602539,28.365005493164062,high,2.524965554972167,0.0
12,2,L,F12_T2,F12_T2_L,7,S3122L07.jpg,12/2L/S3122L07.jpg,/Users/sarahoualli/Desktop/BIO/iris_twins_project/data/raw/CASIA-Iris-Twins/12/2L/S3122L07.jpg,.jpg,24371,43071af22f08faf97ee61a92f58d170e7cdf75a891d2462f625163b52fa35df3,640,480,L,JPEG,True,,True,12,2,L,7,True,True,132.8913116455078,35.59709548950195,57.4810511967871,0.0035091145833333,0.0002408854166666,2L,False,False,False,False,False,False,True,True,True,297.5213928222656,211.7406463623047,51.96293258666992,448.62496807316353,threshold_p6,21.285067873303166,113.1965635120547,0.7906515220908056,292.0,216.0,134.0,138.2280949439697,hough_iris,87.20439147949219,38.18000030517578,high,2.5787613079092284,6.973368777622094
12,2,L,F12_T2,F12_T2_L,8,S3122L08.jpg,12/2L/S3122L08.jpg,/Users/sarahoualli/Desktop/BIO/iris_twins_project/data/raw/CASIA-Iris-Twins/12/2L/S3122L08.jpg,.jpg,21529,56deb87b2d9fafc673e447bd58e8148b5a08bd1ab0d1ec9468257ff52754a18d,640,480,L,JPEG,True,,True,12,2,L,8,True,True,132.46653747558594,34.74409484863281,33.37818024999831,0.0038899739583333,0.0002864583333333,2L,False,False,False,False,False,False,True,True,True,308.5226135253906,206.41343688964844,53.12199783325195,451.4661914709949,threshold_p8,20.779366515837104,113.71206467661692,0.7972824574334224,300.5226135253906,206.41343688964844,136.0,125.78300729804144,radial_lateral_search,81.43242645263672,33.650001525878906,high,2.5601446772935597,8.0
12,2,L,F12_T2,F12_T2_L,9,S3122L09.jpg,12/2L/S3122L09.jpg,/Users/sarahoualli/Desktop/BIO/iris_twins_project/data/raw/CASIA-Iris-Twins/12/2L/S3122L09.jpg,.jpg,21400,1838e12de7b049128cedc753f32cb91ed8607b14e080513fa41e1ccdb966c131,640,480,L,JPEG,True,,True,12,2,L,9,True,True,138.3324737548828,35.379356384277344,32.784617835828996,0.003505859375,0.0002766927083333,2L,False,False,False,False,False,False,True,True,True,315.07342529296875,200.2023162841797,50.118221282958984,459.8152258700755,threshold_p3,22.735323383084577,121.3464077669903,0.7775488217152022,307.0,201.0,135.0,132.39533320586222,hough_iris,87.17498779296875,33.910003662109375,high,2.693631109488361,8.112736608052332
12,2,L,F12_T2,F12_T2_L,10,S3122L10.jpg,12/2L/S3122L10.jpg,/Users/sarahoualli/Desktop/BIO/iris_twins_project/data/raw/CASIA-Iris-Twins/12/2L/S3122L10.jpg,.jpg,23184,7355039897e5e173bec6dea67943829c90851b41dc628b313641442a38ca2cec,640,480,L,JPEG,True,,True,12,2,L,10,True,True,134.3486785888672,35.561767578125,53.44053883764479,0.0028157552083333,0.0002864583333333,2L,False,False,False,False,False,False,True,True,True,308.2573547363281,218.06130981445312,53.923377990722656,456.10528885011826,threshold_p12,24.56780100190015,120.17347622237106,0.8846190921186312,300.2573547363281,226.06130981445312,136.0,123.35730964987329,radial_lateral_search,83.15835571289062,31.384994506835938,high,2.522097188039636,11.31370849898476
12,2,R,F12_T2,F12_T2_R,1,S3122R01.jpg,12/2R/S3122R01.jpg,/Users/sarahoualli/Desktop/BIO/iris_twins_project/data/raw/CASIA-Iris-Twins/12/2R/S3122R01.jpg,.jpg,20664,8cf8882625b67f919a9c02b89de06858d89bc1ffde48967bf4d448e045b7c290,640,480,L,JPEG,True,,True,12,2,R,1,True,True,139.71852111816406,33.441123962402344,50.13941890283161,0.0012923177083333,0.0001497395833333,2R,False,False,False,False,False,False,True,True,True,273.65789794921875,191.7105255126953,42.977333068847656,470.35328599226904,threshold_p6,21.93544827586207,125.986255186722,0.7956287219872465,281.65789794921875,199.7105255126953,127.0,109.66664120487036,radial_lateral_search,76.13125610351562,26.55999755859375,high,2.9550460889825807,11.31370849898476
12,2,R,F12_T2,F12_T2_R,2,S3122R02.jpg,12/2R/S3122R02.jpg,/Users/sarahoualli/Desktop/BIO/iris_twins_project/data/raw/CASIA-Iris-Twins/12/2R/S3122R02.jpg,.jpg,18268,c539a622e2e8b887b3a07330bdd12563e5212b9e01bdbfb8d479f1e0de4d2f38,640,480,L,JPEG,True,,True,12,2,R,2,True,True,136.4038848876953,35.6632194519043,27.8411479648908,0.000673828125,8.138020833333333e-05,2R,False,False,False,False,False,False,True,True,True,296.6792907714844,160.60353088378906,40.341285705566406,420.40245232582134,threshold_p8,26.02368339046432,106.6875,0.8636075327495332,302.0,166.0,113.0,121.83537785353282,hough_iris,80.4573745727539,31.05500030517578,high,2.801100610048428,7.578378825093781
12,2,R,F12_T2,F12_T2_R,4,S3122R04.jpg,12/2R/S3122R04.jpg,/Users/sarahoualli/Desktop/BIO/iris_twins_project/data/raw/CASIA-Iris-Twins/12/2R/S3122R04.jpg,.jpg,21388,1597024d746831edd2b7025b16a44b0a0e9e615b2a9e77b206504cd2c9832556,640,480,L,JPEG,True,,True,12,2,R,4,True,True,135.08883666992188,35.06077194213867,69.88290983809364,0.0013736979166666,0.0001399739583333,2R,False,False,False,False,False,False,True,True,True,302.97503662109375,201.32020568847656,40.47339630126953,427.3761976002956,threshold_p6,24.019009037083205,107.90271362586606,0.7146988573927033,310.97503662109375,209.32020568847656,118.0,98.7916454864462,radial_lateral_search,66.67305755615234,25.43499755859375,high,2.915495381747805,11.31370849898476
14,1,L,F14_T1,F14_T1_L,1,S3141L01.jpg,14/1L/S3141L01.jpg,/Users/sarahoualli/Desktop/BIO/iris_twins_project/data/raw/CASIA-Iris-Twins/14/1L/S3141L01.jpg,.jpg,17642,84c3229e80718d09d61c359931a7bdf60552d15ac31a791ec702dbe11608cfed,640,480,L,JPEG,True,,True,14,1,L,1,True,True,118.4729461669922,35.662254333496094,29.713982992712666,0.0075130208333333,7.8125e-05,1L,False,False,False,False,False,False,True,True,True,255.7598876953125,209.401611328125,46.52529525756836,317.77739946483644,threshold_p4,22.488702539017005,49.92978430472694,0.8377827626307572,255.7598876953125,209.401611328125,118.0,79.47973875473463,radial_lateral_search,53.377723693847656,19.25499725341797,high,2.536254726525453,0.0
14,1,L,F14_T1,F14_T1_L,2,S3141L02.jpg,14/1L/S3141L02.jpg,/Users/sarahoualli/Desktop/BIO/iris_twins_project/data/raw/CASIA-Iris-Twins/14/1L/S3141L02.jpg,.jpg,20496,dd223345edb88d8c6b179624c1dcec80d2eb6886c753f60f79927fb3989f0b74,640,480,L,JPEG,True,,True,14,1,L,2,True,True,123.5086441040039,37.54041290283203,53.07293033090168,0.0092545572916666,0.0001139322916666,1L,False,False,False,False,False,False,True,True,True,290.25653076171875,225.52169799804688,50.70078659057617,339.5337674266366,threshold_p4,22.34689222581258,59.92858469539376,0.8059683409006659,282.25653076171875,233.52169799804688,126.0,82.61615635372507,radial_lateral_search,55.465911865234375,22.169998168945312,high,2.4851685441783617,11.31370849898476
14,1,L,F14_T1,F14_T1_L,3,S3141L03.jpg,14/1L/S3141L03.jpg,/Users/sarahoualli/Desktop/BIO/iris_twins_project/data/raw/CASIA-Iris-Twins/14/1L/S3141L03.jpg,.jpg,20169,a786d7acb5d058b84e5e6678d12537f2fb67c7c2439af450a2649ff328109346,640,480,L,JPEG,True,,True,14,1,L,3,True,True,121.46536254882812,37.50951385498047,51.814564908176,0.0088997395833333,0.0001497395833333,1L,False,False,False,False,False,False,True,True,True,284.5750732421875,188.3896484375,50.69395065307617,341.2815281439194,threshold_p4,22.50788823417601,61.21796062407133,0.8621974273703147,284.5750732421875,188.3896484375,128.0,89.05875155970269,radial_lateral_search,55.525936126708984,24.594993591308594,high,2.524956101290417,0.0
14,1,R,F14_T1,F14_T1_R,1,S3141R01.jpg,14/1R/S3141R01.jpg,/Users/sarahoualli/Desktop/BIO/iris_twins_project/data/raw/CASIA-Iris-Twins/14/1R/S3141R01.jpg,.jpg,15616,75e177b1c350007216ad20481888f25aa28c82182e1266bec15a1217e547c3a4,640,480,L,JPEG,True,,True,14,1,R,1,True,True,129.32101440429688,37.27775192260742,19.54685361861123,0.0042643229166666,6.184895833333334e-05,1R,False,False,False,False,False,False,True,True,True,263.5,149.0,48.900508880615234,313.16564704474774,threshold_p6,26.738120159095665,54.846764469453376,0.8718361783668157,263.5,149.0,110.0,66.37585591082527,radial_lateral_search,41.73599624633789,19.029998779296875,high,2.249465343367937,0.0
14,1,R,F14_T1,F14_T1_R,2,S3141R02.jpg,14/1R/S3141R02.jpg,/Users/sarahoualli/Desktop/BIO/iris_twins_project/data/raw/CASIA-Iris-Twins/14/1R/S3141R02.jpg,.jpg,15314,66fefaa63ab67eab2f65088df24dbe569f200e7e7b3115379f864c188cc7aad4,640,480,L,JPEG,True,,True,14,1,R,2,True,True,129.8126678466797,36.76518630981445,16.22267202071084,0.0032584635416666,0.0001041666666666,1R,False,False,False,False,False,False,True,True,True,261.8999938964844,187.15625,49.604881286621094,320.77419886652103,threshold_p6,25.36497512437811,55.7288286505738,0.8850389724107866,261.8999938964844,187.15625,106.0,81.91030988387581,radial_lateral_search,50.07676696777344,24.48999786376953,high,2.1368864767062594,0.0
14,1,R,F14_T1,F14_T1_R,3,S3141R03.jpg,14/1R/S3141R03.jpg,/Users/sarahoualli/Desktop/BIO/iris_twins_project/data/raw/CASIA-Iris-Twins/14/1R/S3141R03.jpg,.jpg,15042,a57d5b3a39b18f02c161804c9ac55c16cc1063d26a11ab424cf51557cedff891,640,480,L,JPEG,True,,True,14,1,R,3,True,True,128.0917510986328,36.16751480102539,17.21726743671629,0.003876953125,5.5338541666666664e-05,1R,False,False,False,False,False,False,True,True,True,268.25,191.75,48.45755386352539,316.893403824948,threshold_p5,26.509106133556624,55.10324483775811,0.8827671231635374,268.25,191.75,106.0,78.43955209666797,radial_lateral_search,48.006629943847656,23.34499740600586,high,2.18748144610303,0.0
14,1,R,F14_T1,F14_T1_R,4,S3141R04.jpg,14/1R/S3141R04.jpg,/Users/sarahoualli/Desktop/BIO/iris_twins_project/data/raw/CASIA-Iris-Twins/14/1R/S3141R04.jpg,.jpg,15553,ac062a594ca797c9f684f627ec33f400a93bea28549357504ad4f83848790cc3,640,480,L,JPEG,True,,True,14,1,R,4,True,True,128.80075073242188,35.57832336425781,19.96137426689996,0.0045442708333333,6.510416666666667e-05,1R,False,False,False,False,False,False,True,True,True,305.9318542480469,200.12049865722656,49.377079010009766,322.0704005650317,threshold_p5,26.16398009950249,56.332113177681045,0.8812275722351149,305.9318542480469,200.12049865722656,107.0,81.56312876415002,radial_lateral_search,48.35613632202149,25.38500213623047,high,2.166997362851473,0.0
14,1,R,F14_T1,F14_T1_R,5,S3141R05.jpg,14/1R/S3141R05.jpg,/Users/sarahoualli/Desktop/BIO/iris_twins_project/data/raw/CASIA-Iris-Twins/14/1R/S3141R05.jpg,.jpg,15787,5de672d22958e6d5a36d601d4416cd072b8a3890a3a9ab1af8a743315cb06d34,640,480,L,JPEG,True,,True,14,1,R,5,True,True,126.87979125976562,35.57597351074219,16.795771214760673,0.00490234375,8.7890625e-05,1R,False,False,False,False,False,False,True,True,True,307.2867431640625,198.89480590820312,48.33562850952149,322.82906931429414,threshold_p4,25.087711953108645,54.891908975979774,0.8869901921948761,307.2867431640625,198.89480590820312,107.0,78.56920429552696,radial_lateral_search,48.09444808959961,23.300003051757812,high,2.213687983366605,0.0
14,1,R,F14_T1,F14_T1_R,6,S3141R06.jpg,14/1R/S3141R06.jpg,/Users/sarahoualli/Desktop/BIO/iris_twins_project/data/raw/CASIA-Iris-Twins/14/1R/S3141R06.jpg,.jpg,15867,68294795e6bed100e36b93799869786adbaed7afb9e8f84552aac68b1288b57e,640,480,L,JPEG,True,,True,14,1,R,6,True,True,126.07889556884766,35.347564697265625,20.645833424843673,0.0035807291666666,8.138020833333333e-05,1R,False,False,False,False,False,False,True,True,True,308.1055603027344,200.7524871826172,49.99588394165039,319.1512542901129,threshold_p6,25.824278606965173,54.25187969924812,0.8789306424879731,308.1055603027344,200.7524871826172,106.0,79.63143971811631,radial_lateral_search,47.78074264526367,24.549999237060547,high,2.120174535241968,0.0
14,1,R,F14_T1,F14_T1_R,8,S3141R08.jpg,14/1R/S3141R08.jpg,/Users/sarahoualli/Desktop/BIO/iris_twins_project/data/raw/CASIA-Iris-Twins/14/1R/S3141R08.jpg,.jpg,16153,9bda6070f63c1b80311641a2e25c21f569328e356803419c5e5835354c287557,640,480,L,JPEG,True,,True,14,1,R,8,True,True,125.83895874023438,36.01515197753906,19.0314654941135,0.0059309895833333,0.0001106770833333,1R,False,False,False,False,False,False,True,True,True,300.7997741699219,213.83599853515625,50.67820739746094,322.6089528430627,threshold_p5,24.641513020338337,54.0,0.8783854551024717,300.7997741699219,213.83599853515625,110.0,82.15173364072407,radial_lateral_search,51.19850158691406,23.76499938964844,high,2.1705582270755532,0.0
14,1,R,F14_T1,F14_T1_R,10,S3141R10.jpg,14/1R/S3141R10.jpg,/Users/sarahoualli/Desktop/BIO/iris_twins_project/data/raw/CASIA-Iris-Twins/14/1R/S3141R10.jpg,.jpg,21832,ef4c3a5ffb58ef3f04bb2fe109542949571a948269a58ead429577e6f86b965c,640,480,L,JPEG,True,,True,14,1,R,10,True,True,127.3159637451172,50.72855758666992,63.670597900221075,0.0111295572916666,7.8125e-05,1R,False,False,False,False,False,False,True,True,True,294.1883544921875,267.7488708496094,57.202152252197266,330.0274280154099,threshold_p6,21.585207547169812,53.88787252876955,0.8329234458388799,294.1883544921875,267.7488708496094,124.0,93.85851385346264,radial_lateral_search,59.92750930786133,25.900001525878903,high,2.1677506023427093,0.0
14,2,L,F14_T2,F14_T2_L,1,S3142L01.jpg,14/2L/S3142L01.jpg,/Users/sarahoualli/Desktop/BIO/iris_twins_project/data/raw/CASIA-Iris-Twins/14/2L/S3142L01.jpg,.jpg,20889,9a0255a0f25f6686a7f5204297daf0d8ae2fdcc1cbd0c09d20d10704ea633567,640,480,L,JPEG,True,,True,14,2,L,1,True,True,140.31674194335938,37.1542854309082,51.53712737206352,0.0026399739583333,8.463541666666667e-05,2L,False,False,False,False,False,False,True,True,True,295.4051818847656,224.90948486328125,46.53355026245117,354.7407637673261,threshold_p5,24.005357558816677,69.39410279944929,0.8426987870776004,295.4051818847656,216.90948486328125,118.0,94.03950367484344,radial_lateral_search,68.16828918457031,20.519996643066406,high,2.535804797495034,8.0
14,2,L,F14_T2,F14_T2_L,3,S3142L03.jpg,14/2L/S3142L03.jpg,/Users/sarahoualli/Desktop/BIO/iris_twins_project/data/raw/CASIA-Iris-Twins/14/2L/S3142L03.jpg,.jpg,18471,36042cbf2f166d07ba94c3b791fdc915635b280e6df4f9adb8e500c8c4f2feac,640,480,L,JPEG,True,,True,14,2,L,3,True,True,134.83395385742188,40.047576904296875,37.07329563560486,0.0024869791666666,0.00013671875,2L,False,False,False,False,False,False,True,True,True,440.4090881347656,177.242431640625,46.22990798950195,324.4430052406558,threshold_p6,23.3319357092942,56.66681964203763,0.8505971089919587,440.4090881347656,177.242431640625,105.0,73.87936299021995,radial_lateral_search,47.5283317565918,20.19000244140625,high,2.27125695391485,0.0
14,2,L,F14_T2,F14_T2_L,4,S3142L04.jpg,14/2L/S3142L04.jpg,/Users/sarahoualli/Desktop/BIO/iris_twins_project/data/raw/CASIA-Iris-Twins/14/2L/S3142L04.jpg,.jpg,18423,b63d3141c2e37023b8537d383fd3925ad2a4aa1211af66467cc09dff12c51fb2,640,480,L,JPEG,True,,True,14,2,L,4,True,True,133.45156860351562,39.88279724121094,42.91026670658322,0.0024934895833333,0.0001041666666666,2L,False,False,False,False,False,False,True,True,True,437.7641906738281,174.00242614746094,45.667388916015625,324.36309955011694,threshold_p5,23.37945492662474,56.48988372093023,0.8764949885382788,437.7641906738281,174.00242614746094,106.0,65.64975830384346,radial_lateral_search,40.81422805786133,18.965003967285156,high,2.321131172945726,0.0
14,2,L,F14_T2,F14_T2_L,5,S3142L05.jpg,14/2L/S3142L05.jpg,/Users/sarahoualli/Desktop/BIO/iris_twins_project/data/raw/CASIA-Iris-Twins/14/2L/S3142L05.jpg,.jpg,17038,dec07e6251faba03a564dee349e85d37328b2116920047e2ae11f3d054e06cab,640,480,L,JPEG,True,,True,14,2,L,5,True,True,134.38128662109375,40.38466262817383,30.247353376505107,0.0024609375,0.0001009114583333,2L,False,False,False,False,False,False,True,True,True,441.6428527832031,176.61428833007812,46.65373611450195,319.4146175193313,threshold_p6,24.871651525739576,56.42966957319872,0.8600893899224652,441.6428527832031,176.61428833007812,106.0,66.36366201771648,radial_lateral_search,41.6544303894043,19.01499938964844,high,2.2720581207010926,0.0
14,2,L,F14_T2,F14_T2_L,8,S3142L08.jpg,14/2L/S3142L08.jpg,/Users/sarahoualli/Desktop/BIO/iris_twins_project/data/raw/CASIA-Iris-Twins/14/2L/S3142L08.jpg,.jpg,18350,105cbe7a8a2a5b9ec86b368b66feb0411913a90a9128c6b0c2cb7ec335e57a04,640,480,L,JPEG,True,,True,14,2,L,8,True,True,133.86643981933594,41.41292190551758,38.616783987585706,0.00306640625,0.000322265625,2L,False,False,False,False,False,False,True,True,True,448.0,183.5,46.21968460083008,318.46985852321234,threshold_p4,23.118798043326347,53.3980036714089,0.8781139814905449,448.0,175.5,105.0,71.3771076871118,radial_lateral_search,47.6890754699707,19.714996337890625,high,2.2717593360235577,8.0
14,2,L,F14_T2,F14_T2_L,9,S3142L09.jpg,14/2L/S3142L09.jpg,/Users/sarahoualli/Desktop/BIO/iris_twins_project/data/raw/CASIA-Iris-Twins/14/2L/S3142L09.jpg,.jpg,18052,2bc24a4037070d912d9153f8b426f5a58a71bcb57bf17df5826fa39481321e69,640,480,L,JPEG,True,,True,14,2,L,9,True,True,139.33261108398438,38.19281768798828,33.30866777079899,0.0027506510416666,8.7890625e-05,2L,False,False,False,False,False,False,True,True,True,338.0,239.5,46.74675750732422,341.8596173103771,threshold_p3,24.864896342883764,63.30357962368059,0.878610597288888,338.0,239.5,112.0,78.16885513220298,radial_lateral_search,53.18830871582031,18.854995727539062,high,2.3958880994569944,0.0
14,2,R,F14_T2,F14_T2_R,2,S3142R02.jpg,14/2R/S3142R02.jpg,/Users/sarahoualli/Desktop/BIO/iris_twins_project/data/raw/CASIA-Iris-Twins/14/2R/S3142R02.jpg,.jpg,16503,2b27bb27ae697e11719384cc1c02a73b268e49bd485dbb173a3cf09538dea5b3,640,480,L,JPEG,True,,True,14,2,R,2,True,True,110.73143005371094,32.20920181274414,24.470003934690684,0.0065364583333333,9.440104166666666e-05,2R,False,False,False,False,False,False,True,True,True,398.4944152832031,162.3830108642578,43.45540237426758,308.255022018241,threshold_p4,22.245522969114976,45.71603114930183,0.8873118708751031,398.4944152832031,162.3830108642578,104.0,64.14059431830619,radial_lateral_search,40.22755813598633,18.10000228881836,high,2.393258244493539,0.0
14,2,R,F14_T2,F14_T2_R,3,S3142R03.jpg,14/2R/S3142R03.jpg,/Users/sarahoualli/Desktop/BIO/iris_twins_project/data/raw/CASIA-Iris-Twins/14/2R/S3142R03.jpg,.jpg,16310,e8b540feaeea3802d8b07ca53f9607886a1fe2fadaf8758eca9af4941a4d2b8d,640,480,L,JPEG,True,,True,14,2,R,3,True,True,109.18924713134766,31.3887996673584,24.266906857797835,0.0058951822916666,7.486979166666666e-05,2R,False,False,False,False,False,False,True,True,True,402.368408203125,156.63157653808594,42.01084899902344,306.9407310123213,threshold_p4,22.65103448275862,46.05822679266259,0.8654365816448273,402.368408203125,156.63157653808594,103.0,62.84750799622462,radial_lateral_search,38.84751892089844,17.994998931884766,high,2.4517476426718794,0.0
14,2,R,F14_T2,F14_T2_R,4,S3142R04.jpg,14/2R/S3142R04.jpg,/Users/sarahoualli/Desktop/BIO/iris_twins_project/data/raw/CASIA-Iris-Twins/14/2R/S3142R04.jpg,.jpg,15967,15d5a135b6187ad6df818fbd8b4046a7733b477dd9032f6e7524b2cf2364bbb2,640,480,L,JPEG,True,,True,14,2,R,4,True,True,112.93309783935548,31.642549514770508,20.99500792006387,0.0045833333333333,8.463541666666667e-05,2R,False,False,False,False,False,False,True,True,True,398.40582275390625,139.28021240234375,42.33833312988281,309.75166486681707,threshold_p4,22.98096551724138,48.17259083728278,0.8876779482662963,406.40582275390625,131.28021240234375,104.0,66.86944969575889,radial_lateral_search,42.543270111083984,20.234996795654297,high,2.456402798876269,11.31370849898476
14,2,R,F14_T2,F14_T2_R,5,S3142R05.jpg,14/2R/S3142R05.jpg,/Users/sarahoualli/Desktop/BIO/iris_twins_project/data/raw/CASIA-Iris-Twins/14/2R/S3142R05.jpg,.jpg,17305,a7b74b37b0e0cf2f413e40102615944b53e86b5b0ef593f57783fbb81d030085,640,480,L,JPEG,True,,True,14,2,R,5,True,True,114.05735778808594,32.155399322509766,30.757502155049643,0.0048567708333333,0.000107421875,2R,False,False,False,False,False,False,True,True,True,389.9860229492187,144.8043975830078,44.198787689208984,319.9238514182769,threshold_p5,22.785362055541135,52.49723690533398,0.8946949179266602,397.9860229492187,136.8043975830078,107.0,68.03382487710455,radial_lateral_search,43.2617301940918,20.654998779296875,high,2.420880879185828,11.31370849898476
14,2,R,F14_T2,F14_T2_R,6,S3142R06.jpg,14/2R/S3142R06.jpg,/Users/sarahoualli/Desktop/BIO/iris_twins_project/data/raw/CASIA-Iris-Twins/14/2R/S3142R06.jpg,.jpg,17316,813a8df96181221814ababade74e7c0160b6a30ea96187453fd108d03253ffb0,640,480,L,JPEG,True,,True,14,2,R,6,True,True,117.44354248046876,33.28019714355469,29.74057175317342,0.0042545572916666,7.161458333333333e-05,2R,False,False,False,False,False,False,True,True,True,393.88714599609375,140.1770477294922,44.567684173583984,316.52513651189463,threshold_p5,23.5440414507772,52.46636771300449,0.8653817614377627,401.88714599609375,132.1770477294922,106.0,70.97455876695356,radial_lateral_search,44.328369140625,22.11499786376953,high,2.3784049354493493,11.31370849898476
14,2,R,F14_T2,F14_T2_R,9,S3142R09.jpg,14/2R/S3142R09.jpg,/Users/sarahoualli/Desktop/BIO/iris_twins_project/data/raw/CASIA-Iris-Twins/14/2R/S3142R09.jpg,.jpg,18166,988dd5bab122ebcf2c4c42eccc6fbb88edf97abaf0d207d5086a078217d2e43c,640,480,L,JPEG,True,,True,14,2,R,9,True,True,112.28618621826172,39.385643005371094,36.36178696186277,0.0215462239583333,0.00013671875,2R,False,False,False,True,False,True,True,True,True,305.2862854003906,244.56851196289065,60.1527099609375,329.59359619557705,threshold_p6,23.587411617912103,55.28348761230602,0.8858377213099562,313.2862854003906,252.56851196289065,126.0,69.55857752963884,radial_lateral_search,49.49333190917969,18.224998474121097,high,2.09466872035895,11.31370849898476
14,2,R,F14_T2,F14_T2_R,10,S3142R10.jpg,14/2R/S3142R10.jpg,/Users/sarahoualli/Desktop/BIO/iris_twins_project/data/raw/CASIA-Iris-Twins/14/2R/S3142R10.jpg,.jpg,20639,c5c5fcd8a4c13c498ef3a58545c55b993254a9dcb6761c94b5aca6efce126d07,640,480,L,JPEG,True,,True,14,2,R,10,True,True,111.43136596679688,37.678558349609375,51.46894441286724,0.021826171875,0.0001432291666666,2R,False,False,False,True,False,True,True,True,True,316.4351806640625,234.61566162109375,58.716339111328125,336.3847946473706,threshold_p5,22.75726051148678,57.12342135476464,0.8899849702609129,324.4351806640625,242.61566162109375,125.0,77.27775558558034,radial_lateral_search,54.93365859985352,19.7550048828125,high,2.128879318633879,11.31370849898476
15,1,L,F15_T1,F15_T1_L,1,S3151L01.jpg,15/1L/S3151L01.jpg,/Users/sarahoualli/Desktop/BIO/iris_twins_project/data/raw/CASIA-Iris-Twins/15/1L/S3151L01.jpg,.jpg,23982,919fa8f18b6e8752ccaec372dff0e5ee8693a72bf1aa3d7fe470c9d39d65120c,640,480,L,JPEG,True,,True,15,1,L,1,True,True,120.43734741210938,41.087432861328125,90.04399423801634,0.0045963541666666,0.0002669270833333,1L,False,False,False,False,False,False,True,True,True,286.19921875,262.8611145019531,43.39215469360352,379.6896237058306,threshold_p4,19.995587853620556,75.24342105263158,0.8955354254460426,278.19921875,262.8611145019531,118.0,91.05417350677465,radial_lateral_search,61.21463394165039,22.829998016357425,high,2.7193855855559645,8.0
15,1,L,F15_T1,F15_T1_L,2,S3151L02.jpg,15/1L/S3151L02.jpg,/Users/sarahoualli/Desktop/BIO/iris_twins_project/data/raw/CASIA-Iris-Twins/15/1L/S3151L02.jpg,.jpg,23939,3656478cddc447e705c9bb65c82653e2bf8f67bb95b8d25bb4783b0401f5b4dd,640,480,L,JPEG,True,,True,15,1,L,2,True,True,124.4314422607422,37.459999084472656,75.45983656412761,0.0038053385416666,0.0001595052083333,1L,False,False,False,False,False,False,True,True,True,280.13800048828125,268.7752380371094,46.66303634643555,403.8625898602209,threshold_p4,20.60959701840205,89.14433226250574,0.8600153676072793,272.13800048828125,268.7752380371094,124.0,88.72247311543586,radial_lateral_search,60.16707992553711,22.089996337890625,high,2.6573495792129695,8.0
15,1,L,F15_T1,F15_T1_L,4,S3151L04.jpg,15/1L/S3151L04.jpg,/Users/sarahoualli/Desktop/BIO/iris_twins_project/data/raw/CASIA-Iris-Twins/15/1L/S3151L04.jpg,.jpg,23103,826ebea3dd89cef4b9b3dbd80bde62be9860a863f5c80b2891d24e8c40a504fa,640,480,L,JPEG,True,,True,15,1,L,4,True,True,116.91120910644533,49.2096061706543,61.37623832596672,0.0094694010416666,0.0004296875,1L,False,False,False,False,False,False,True,True,True,271.28240966796875,270.32562255859375,44.5291862487793,366.9249482215948,threshold_p6,19.116210214655812,68.15620328849029,0.8948102469250117,263.28240966796875,278.32562255859375,128.0,73.48524160291637,radial_lateral_search,50.82074737548828,18.564998626708984,high,2.8745191813045747,11.31370849898476
15,1,L,F15_T1,F15_T1_L,5,S3151L05.jpg,15/1L/S3151L05.jpg,/Users/sarahoualli/Desktop/BIO/iris_twins_project/data/raw/CASIA-Iris-Twins/15/1L/S3151L05.jpg,.jpg,23141,2a9a3d61a2b4673e6081f8d595dad32a89f7381825f038533fb5f342989c0a9f,640,480,L,JPEG,True,,True,15,1,L,5,True,True,117.73675537109376,49.68509292602539,60.74871681127548,0.0093619791666666,0.0005598958333333,1L,False,False,False,False,False,False,True,True,True,273.177001953125,268.7109680175781,44.46931838989258,368.32126149864,threshold_p6,19.060942511719713,68.58968609865471,0.900931641320379,265.177001953125,276.7109680175781,128.0,73.20239907240378,radial_lateral_search,51.330379486083984,18.01000213623047,high,2.8783890699141703,11.31370849898476
15,1,L,F15_T1,F15_T1_L,6,S3151L06.jpg,15/1L/S3151L06.jpg,/Users/sarahoualli/Desktop/BIO/iris_twins_project/data/raw/CASIA-Iris-Twins/15/1L/S3151L06.jpg,.jpg,23339,36c21e7e96cf0d83f1dfba1449b8b20202c1b2a7255d9c15a82b93750cb6b7ce,640,480,L,JPEG,True,,True,15,1,L,6,True,True,121.8216781616211,45.01123046875,64.96774223221672,0.006943359375,0.0006022135416666,1L,False,False,False,False,False,False,True,True,True,268.4437561035156,268.6847839355469,44.461769104003906,385.815050552974,threshold_p6,19.55020972119418,78.21898355754858,0.8897760742034175,260.4437561035156,260.6847839355469,128.0,80.71244900635645,radial_lateral_search,56.40638732910156,19.75,high,2.878877799499733,11.31370849898476
15,1,R,F15_T1,F15_T1_R,1,S3151R01.jpg,15/1R/S3151R01.jpg,/Users/sarahoualli/Desktop/BIO/iris_twins_project/data/raw/CASIA-Iris-Twins/15/1R/S3151R01.jpg,.jpg,17934,ed30c32ad2e71da6478e50dc434dae5a3d8c0e7add2cb8580e45d5c3fa4b5360,640,480,L,JPEG,True,,True,15,1,R,1,True,True,138.91429138183594,32.88369369506836,24.791096516757545,0.0008365885416666,0.0001204427083333,1R,False,False,False,False,False,False,True,True,True,332.80206298828125,194.9348602294922,40.16524887084961,399.1859388682346,threshold_p6,26.049548145839825,94.84195226438187,0.8650407646889035,337.0,201.0,106.0,93.74486410339276,hough_iris,60.38853073120117,25.459999084472656,high,2.639097303762276,7.376218244476888
15,1,R,F15_T1,F15_T1_R,2,S3151R02.jpg,15/1R/S3151R02.jpg,/Users/sarahoualli/Desktop/BIO/iris_twins_project/data/raw/CASIA-Iris-Twins/15/1R/S3151R02.jpg,.jpg,23820,5f06c3966ce02ddbe6d422a838af39b7048ea939d55440db5fe8e8f2658d7687,640,480,L,JPEG,True,,True,15,1,R,2,True,True,131.0446319580078,36.39251708984375,82.58284330977335,0.0021451822916666,0.0001302083333333,1R,False,False,False,False,False,False,True,True,True,313.0909118652344,198.58181762695312,45.3895378112793,411.60780485025623,threshold_p8,22.838144584258576,97.22254901960784,0.7804244291669674,318.0,202.0,117.0,102.68298524957706,hough_iris,69.18171691894531,25.48999786376953,high,2.5776865251737706,5.98189911736273
15,1,R,F15_T1,F15_T1_R,3,S3151R03.jpg,15/1R/S3151R03.jpg,/Users/sarahoualli/Desktop/BIO/iris_twins_project/data/raw/CASIA-Iris-Twins/15/1R/S3151R03.jpg,.jpg,25163,5ff3c35648091e27f49bf6c1f34b56dfc0fa87b7695b144169394b1cb6365beb,640,480,L,JPEG,True,,True,15,1,R,3,True,True,135.14613342285156,36.480926513671875,95.88398826073544,0.0026497395833333,0.000166015625,1R,False,False,False,False,False,False,True,True,True,278.55548095703125,210.74961853027344,45.454063415527344,434.0089226526243,threshold_p6,21.194917345176417,104.8408088235294,0.8804711330101709,282.0,216.0,120.0,117.50408248307843,hough_iris,78.7528305053711,29.11499786376953,high,2.6400279971230773,6.279428080249221
15,2,L,F15_T2,F15_T2_L,2,S3152L02.jpg,15/2L/S3152L02.jpg,/Users/sarahoualli/Desktop/BIO/iris_twins_project/data/raw/CASIA-Iris-Twins/15/2L/S3152L02.jpg,.jpg,17326,98008e0918cdec4992645868c819746aa5555e4f832301df3e485ec017194b49,640,480,L,JPEG,True,,True,15,2,L,2,True,True,128.0087432861328,29.64636611938477,25.535126203653544,0.001796875,0.0001106770833333,2L,False,False,False,False,False,False,True,True,True,308.1300964355469,204.91078186035156,38.13519287109375,343.4936002203197,threshold_p2,28.13295568143952,72.80180027173913,0.6840352223683442,300.1300964355469,204.91078186035156,102.0,73.940249319864,radial_lateral_search,55.234474182128906,15.004997253417969,high,2.674694745737484,8.0
15,2,L,F15_T2,F15_T2_L,3,S3152L03.jpg,15/2L/S3152L03.jpg,/Users/sarahoualli/Desktop/BIO/iris_twins_project/data/raw/CASIA-Iris-Twins/15/2L/S3152L03.jpg,.jpg,17733,93b7a7e04e8dac1a9830406587660242874eb44c8818b71c4de8194a2add5db0,640,480,L,JPEG,True,,True,15,2,L,3,True,True,127.96305847167967,30.59961700439453,31.125864189995664,0.001943359375,0.000126953125,2L,False,False,False,False,False,False,True,True,True,324.9400634765625,209.1010284423828,39.21150588989258,346.6758175736442,threshold_p2,25.99466844385205,71.24485981308412,0.6642092685483899,316.9400634765625,201.1010284423828,102.0,69.55390144876132,radial_lateral_search,51.2142219543457,15.544998168945312,high,2.6012772956595938,11.31370849898476
15,2,L,F15_T2,F15_T2_L,4,S3152L04.jpg,15/2L/S3152L04.jpg,/Users/sarahoualli/Desktop/BIO/iris_twins_project/data/raw/CASIA-Iris-Twins/15/2L/S3152L04.jpg,.jpg,18597,658e6480735428757f09bac1e0ac4859e6b0daa70c1118897f801244d32b2c21,640,480,L,JPEG,True,,True,15,2,L,4,True,True,127.89898681640624,32.832637786865234,38.38300557030572,0.0031184895833333,0.0001041666666666,2L,False,False,False,False,False,False,True,True,True,341.2228088378906,213.3678741455078,43.75107955932617,360.145909684794,threshold_p3,24.783804827407216,74.28286802030456,0.8161049390747712,333.2228088378906,205.3678741455078,107.0,80.24888924834801,radial_lateral_search,60.284698486328125,17.150001525878906,high,2.445653937633898,11.31370849898476
15,2,L,F15_T2,F15_T2_L,5,S3152L05.jpg,15/2L/S3152L05.jpg,/Users/sarahoualli/Desktop/BIO/iris_twins_project/data/raw/CASIA-Iris-Twins/15/2L/S3152L05.jpg,.jpg,18072,338fd27d1d6e205fe7a36cac03bb4f9df87af60d9e027877f3139dc25c16a637,640,480,L,JPEG,True,,True,15,2,L,5,True,True,127.32984161376952,31.459487915039062,35.2363532874955,0.0027897135416666,9.765625e-05,2L,False,False,False,False,False,False,True,True,True,342.26019287109375,213.69903564453125,42.32645034790039,355.21212466314125,threshold_p3,26.848827586206895,75.30450236966824,0.7655724472249044,334.26019287109375,205.69903564453125,106.0,72.50072941926771,radial_lateral_search,54.947776794433594,15.260002136230469,high,2.5043441897144145,11.31370849898476
15,2,R,F15_T2,F15_T2_R,1,S3152R01.jpg,15/2R/S3152R01.jpg,/Users/sarahoualli/Desktop/BIO/iris_twins_project/data/raw/CASIA-Iris-Twins/15/2R/S3152R01.jpg,.jpg,22123,36a275c07c05dcc54b16ef5f82afd1ded2cc50167ca88fee2386bdf85f7ec6e9,640,480,L,JPEG,True,,True,15,2,R,1,True,True,134.35455322265625,41.65930938720703,37.82709220012029,0.0030403645833333,0.0001692708333333,2R,False,False,False,False,False,False,True,True,True,261.4930725097656,217.9001007080078,50.76742935180664,383.61711786076097,threshold_p3,23.64892605968447,86.49721396731054,0.7577360396773416,261.4930725097656,217.9001007080078,128.0,73.54903384747175,radial_lateral_search,46.911827087402344,19.68000030517578,high,2.521301583205826,0.0
15,2,R,F15_T2,F15_T2_R,2,S3152R02.jpg,15/2R/S3152R02.jpg,/Users/sarahoualli/Desktop/BIO/iris_twins_project/data/raw/CASIA-Iris-Twins/15/2R/S3152R02.jpg,.jpg,20754,218c488aa90394b45afdb7ed95a667c22c13187c0337801feaa13b5b775420f0,640,480,L,JPEG,True,,True,15,2,R,2,True,True,128.61903381347656,35.616310119628906,26.920084742641453,0.008857421875,0.0003841145833333,2R,False,False,False,False,False,False,True,True,True,284.85107421875,183.91026306152344,52.030887603759766,424.48776878389253,threshold_p4,19.784434389140273,98.2081684059014,0.8959563818120878,292.85107421875,183.91026306152344,138.0,81.97896052549441,radial_lateral_search,52.02287292480469,23.105003356933594,high,2.652270725245673,8.0
15,2,R,F15_T2,F15_T2_R,3,S3152R03.jpg,15/2R/S3152R03.jpg,/Users/sarahoualli/Desktop/BIO/iris_twins_project/data/raw/CASIA-Iris-Twins/15/2R/S3152R03.jpg,.jpg,21257,2139020a4585fe908f80a2115a5763e8ff9ef46e02a818cbf4d015fa3d7b1b64,640,480,L,JPEG,True,,True,15,2,R,3,True,True,115.17292785644533,36.50344467163086,34.90005376175774,0.0056640625,0.0002115885416666,2R,False,False,False,False,False,False,True,True,True,321.5559997558594,183.1161651611328,50.31291198730469,389.6932378225611,threshold_p4,19.887562189054727,80.4788349514563,0.8917707452955531,329.5559997558594,183.1161651611328,129.0,86.92491606694023,radial_lateral_search,58.778106689453125,22.06499481201172,high,2.5639541601676763,8.0
15,2,R,F15_T2,F15_T2_R,4,S3152R04.jpg,15/2R/S3152R04.jpg,/Users/sarahoualli/Desktop/BIO/iris_twins_project/data/raw/CASIA-Iris-Twins/15/2R/S3152R04.jpg,.jpg,23020,65f2c91af7f3fbce3c89bd300d334f56bcf9376d64a3298a0d6b4104c1cdaac5,640,480,L,JPEG,True,,True,15,2,R,4,True,True,130.92767333984375,32.299564361572266,79.18874676758445,0.0024348958333333,0.000107421875,2R,False,False,False,False,False,False,True,True,True,328.86004638671875,211.1804962158203,45.50360107421875,404.4088969772491,threshold_p3,21.5193683691093,91.5943023255814,0.7508083737242304,334.0,209.0,115.0,100.665232540233,hough_iris,71.3609848022461,22.56499481201172,high,2.527272507783043,5.583340119846692
15,2,R,F15_T2,F15_T2_R,5,S3152R05.jpg,15/2R/S3152R05.jpg,/Users/sarahoualli/Desktop/BIO/iris_twins_project/data/raw/CASIA-Iris-Twins/15/2R/S3152R05.jpg,.jpg,16495,bc99dadbbcf0b6e66720c41beec92a095704ae37510c35f6f1180dda53f93e7d,640,480,L,JPEG,True,,True,15,2,R,5,True,True,127.75994873046876,30.394182205200195,20.08060599937439,0.002294921875,0.0001041666666666,2R,False,False,False,False,False,False,True,True,True,323.0,217.0,44.721458435058594,342.3351152241084,threshold_p4,27.018751542067605,67.60538116591928,0.8568158063250721,323.0,209.0,100.0,67.13604519333306,radial_lateral_search,48.68678665161133,16.07500457763672,high,2.236063033257582,8.0
15,2,R,F15_T2,F15_T2_R,7,S3152R07.jpg,15/2R/S3152R07.jpg,/Users/sarahoualli/Desktop/BIO/iris_twins_project/data/raw/CASIA-Iris-Twins/15/2R/S3152R07.jpg,.jpg,17312,b0f3ecdef5208a88141efe73f200b6ca1405da93b43937492e3a131f45172abb,640,480,L,JPEG,True,,True,15,2,R,7,True,True,127.65709686279295,30.723648071289062,24.93890780104532,0.0019954427083333,0.0001009114583333,2R,False,False,False,False,False,False,True,True,True,299.08135986328125,213.63394165039065,40.89609146118164,356.26705765593414,threshold_p3,25.859782927544735,74.21143457382954,0.7459262008636449,307.08135986328125,213.63394165039065,101.0,73.48769581153891,radial_lateral_search,48.80500030517578,19.86000061035156,high,2.4696736629677356,8.0
16,1,L,F16_T1,F16_T1_L,1,S3161L01.jpg,16/1L/S3161L01.jpg,/Users/sarahoualli/Desktop/BIO/iris_twins_project/data/raw/CASIA-Iris-Twins/16/1L/S3161L01.jpg,.jpg,20022,0fe1d9a6352fa517f3f906a56fc92f14836cda744244d8cf78eac5eacbd0fc54,640,480,L,JPEG,True,,True,16,1,L,1,True,True,137.24391174316406,49.90631484985352,37.1484097556962,0.001005859375,4.557291666666667e-05,1L,False,False,False,False,False,False,True,True,True,326.8719177246094,239.96034240722656,55.1943473815918,376.6037448476076,threshold_p4,26.251439855191705,87.22883096366509,0.5921309650768366,318.8719177246094,247.96034240722656,118.0,72.02228057909218,radial_lateral_search,53.695106506347656,16.860000610351562,high,2.13790008574963,11.31370849898476
16,1,L,F16_T1,F16_T1_L,2,S3161L02.jpg,16/1L/S3161L02.jpg,/Users/sarahoualli/Desktop/BIO/iris_twins_project/data/raw/CASIA-Iris-Twins/16/1L/S3161L02.jpg,.jpg,19236,5614a2ad0a21f7a4b6ccdbc01e2a84378f448e3b89bc5507ca1010cc367881de,640,480,L,JPEG,True,,True,16,1,L,2,True,True,135.63656616210938,44.40834045410156,35.66880846082899,0.0012239583333333,0.0001041666666666,1L,False,False,False,False,False,False,True,True,True,296.8174743652344,229.13491821289065,56.409767150878906,364.764665513672,threshold_p4,27.09133783996227,84.54993777224642,0.5167236918591259,296.8174743652344,229.13491821289065,121.0,77.16775675952604,radial_lateral_search,56.39667892456055,16.56500244140625,high,2.1450186042491888,0.0
16,1,R,F16_T1,F16_T1_R,7,S3161R07.jpg,16/1R/S3161R07.jpg,/Users/sarahoualli/Desktop/BIO/iris_twins_project/data/raw/CASIA-Iris-Twins/16/1R/S3161R07.jpg,.jpg,21945,68677fff076424b0e18661c22d782672da0fd12712d14777358cf1fa6ae7d7f4,640,480,L,JPEG,True,,True,16,1,R,7,True,True,131.9812469482422,41.22193908691406,36.68068117394976,0.0007161458333333,7.8125e-05,1R,False,False,False,False,False,False,True,True,True,197.0,209.0,47.0,380.5098991640464,hough_pupil,31.97363173055617,98.92503259452413,0.75,205.0,217.0,105.0,72.77242967249244,radial_lateral_search,55.45368957519531,15.864997863769531,high,2.234042553191489,11.31370849898476
16,2,L,F16_T2,F16_T2_L,1,S3162L01.jpg,16/2L/S3162L01.jpg,/Users/sarahoualli/Desktop/BIO/iris_twins_project/data/raw/CASIA-Iris-Twins/16/2L/S3162L01.jpg,.jpg,15827,bfd89531834a6f6b5861901e476e807445a57f6a66d487dbf9f59d5e38e0c87b,640,480,L,JPEG,True,,True,16,2,L,1,True,True,129.45553588867188,35.88573455810547,17.443544606484302,0.0017643229166666,8.138020833333333e-05,2L,False,False,False,False,False,False,True,True,True,314.5,177.5,45.1276969909668,351.45148501407084,threshold_p6,27.27683197631384,73.06034074775201,0.8877480406838434,309.0,181.0,103.0,100.71866402753162,hough_iris,67.54582214355469,26.194995880126953,high,2.282412063274966,6.519202405202649
16,2,L,F16_T2,F16_T2_L,2,S3162L02.jpg,16/2L/S3162L02.jpg,/Users/sarahoualli/Desktop/BIO/iris_twins_project/data/raw/CASIA-Iris-Twins/16/2L/S3162L02.jpg,.jpg,19308,675e040bca7f24d231f5bbd0e5bdf67a473860a586ea1d8866771382129241e5,640,480,L,JPEG,True,,True,16,2,L,2,True,True,128.35133361816406,39.0835075378418,37.293120789750425,0.0028645833333333,0.0001139322916666,2L,False,False,False,False,False,False,True,True,True,338.0,141.0,52.61188507080078,382.59169702546734,threshold_p5,24.537013574660634,86.83620096352374,0.7987875157143894,331.0,148.0,121.0,86.8866916546919,hough_iris,57.569129943847656,23.9949951171875,high,2.2998605702336663,9.899494936611664
16,2,L,F16_T2,F16_T2_L,3,S3162L03.jpg,16/2L/S3162L03.jpg,/Users/sarahoualli/Desktop/BIO/iris_twins_project/data/raw/CASIA-Iris-Twins/16/2L/S3162L03.jpg,.jpg,22601,c90e5e8ccd33b12347b9c23b855bdfa7da515f1f575c42fb90be9e21bbcd7460,640,480,L,JPEG,True,,True,16,2,L,3,True,True,126.82364654541016,38.884490966796875,69.85839821535747,0.00341796875,0.0001106770833333,2L,False,False,False,False,False,False,True,True,True,323.7489929199219,146.0142059326172,53.08553314208984,367.7636890720894,threshold_p4,24.68054298642534,79.2477789623312,0.7975703863790817,315.7489929199219,154.0142059326172,120.0,92.8982805510174,radial_lateral_search,62.684696197509766,25.0,high,2.2605028695634553,11.31370849898476
16,2,L,F16_T2,F16_T2_L,4,S3162L04.jpg,16/2L/S3162L04.jpg,/Users/sarahoualli/Desktop/BIO/iris_twins_project/data/raw/CASIA-Iris-Twins/16/2L/S3162L04.jpg,.jpg,22670,d9b7e6a19bfb589a160ea9f465fa17c7ea627d43960caa34c9f94a59c14a57e3,640,480,L,JPEG,True,,True,16,2,L,4,True,True,134.52169799804688,40.16121673583984,67.82694393360347,0.0021321614583333,0.0001432291666666,2L,False,False,False,False,False,False,True,True,True,326.5,149.0,54.030181884765625,368.8561792458674,threshold_p6,25.83537743997236,80.10884125920964,0.894567407275253,320.0,153.0,120.0,95.7185188966734,hough_iris,66.20563507080078,23.955001831054688,high,2.220980863176314,7.632168761236874
16,2,R,F16_T2,F16_T2_R,6,S3162R06.jpg,16/2R/S3162R06.jpg,/Users/sarahoualli/Desktop/BIO/iris_twins_project/data/raw/CASIA-Iris-Twins/16/2R/S3162R06.jpg,.jpg,17891,e621c3fe0178d393013abe731ffe91d02b71a7410b9d2afbf31bfe4cff802097,640,480,L,JPEG,True,,True,16,2,R,6,True,True,119.32876586914062,36.37141418457031,29.48906891276041,0.0045247395833333,8.138020833333333e-05,2R,False,False,False,False,False,False,True,True,True,283.1176452636719,157.96078491210938,50.514278411865234,332.5418515281825,threshold_p4,26.21373134328358,63.263883495145635,0.8686728101637747,285.0,160.0,111.0,100.39937570813906,hough_iris,65.79757690429688,26.790000915527344,high,2.197398507704454,2.7751860348556265
16,2,R,F16_T2,F16_T2_R,7,S3162R07.jpg,16/2R/S3162R07.jpg,/Users/sarahoualli/Desktop/BIO/iris_twins_project/data/raw/CASIA-Iris-Twins/16/2R/S3162R07.jpg,.jpg,18878,87d6bb92a42c02411ce2271ba6325e2715eab8f5eeb054630bfa6bb6549625dc,640,480,L,JPEG,True,,True,16,2,R,7,True,True,119.70105743408205,35.4194221496582,29.70294897968506,0.0047330729166666,0.000107421875,2R,False,False,False,False,False,False,True,True,True,227.1787872314453,154.73971557617188,58.831668853759766,380.9126348260202,threshold_p10,24.52651350960844,86.5068886337543,0.8458070070544962,232.0,159.0,120.0,113.54895583330932,hough_iris,77.6225357055664,28.840003967285156,high,2.0397177632048615,6.43382591710308
16,2,R,F16_T2,F16_T2_R,8,S3162R08.jpg,16/2R/S3162R08.jpg,/Users/sarahoualli/Desktop/BIO/iris_twins_project/data/raw/CASIA-Iris-Twins/16/2R/S3162R08.jpg,.jpg,18568,f43a27b6f60f09298daf4da3493e9498641fe45fa067d9bd469fd380908b4296,640,480,L,JPEG,True,,True,16,2,R,8,True,True,120.625244140625,34.80760192871094,28.63744769616657,0.0037369791666666,0.0001106770833333,2R,False,False,False,False,False,False,True,True,True,278.24700927734375,163.89198303222656,57.56610107421875,392.2953761771308,threshold_p10,25.265358490566037,91.49793449395102,0.8706022425558965,284.0,169.0,121.0,108.22226718668212,hough_iris,74.93789672851562,27.0,high,2.101931479500362,7.693421839339776
16,2,R,F16_T2,F16_T2_R,9,S3162R09.jpg,16/2R/S3162R09.jpg,/Users/sarahoualli/Desktop/BIO/iris_twins_project/data/raw/CASIA-Iris-Twins/16/2R/S3162R09.jpg,.jpg,20973,b694c26340cb6401dff45f5641b1cd71233d59d6d30f6ebd8360eedaa6889a6f,640,480,L,JPEG,True,,True,16,2,R,9,True,True,112.05567932128906,34.045719146728516,47.67804570409988,0.007392578125,0.000126953125,2R,False,False,False,False,False,False,True,True,True,294.70849609375,205.2129364013672,55.95197677612305,391.49794440409664,threshold_p8,23.554786983178744,87.15269135034225,0.877491037572172,299.0,208.0,120.0,121.70389228587634,hough_iris,80.82138061523438,31.845001220703125,high,2.1446963434401627,5.117101648412223
16,2,R,F16_T2,F16_T2_R,10,S3162R10.jpg,16/2R/S3162R10.jpg,/Users/sarahoualli/Desktop/BIO/iris_twins_project/data/raw/CASIA-Iris-Twins/16/2R/S3162R10.jpg,.jpg,23640,86e6d51ee8d8ed613b6119cbc7257753cbcc92771b2e44b072b25a6cb6a400f5,640,480,L,JPEG,True,,True,16,2,R,10,True,True,126.62853240966795,37.311431884765625,89.70206563106115,0.005361328125,0.0001627604166666,2R,False,False,False,False,False,False,True,True,True,332.1510009765625,209.48129272460935,56.93227767944336,407.99656860661383,threshold_p10,24.141283018867924,96.42467751842752,0.8408434586374859,338.0,211.0,120.0,118.03189494294504,hough_iris,83.37356567382812,27.669998168945312,high,2.107767419312799,6.042951378630913
18,1,L,F18_T1,F18_T1_L,4,S3181L04.jpg,18/1L/S3181L04.jpg,/Users/sarahoualli/Desktop/BIO/iris_twins_project/data/raw/CASIA-Iris-Twins/18/1L/S3181L04.jpg,.jpg,15998,049e8de26fe74857655f5f0819e77d2204738991b4e534b2717b905dd0b41574,640,480,L,JPEG,True,,True,18,1,L,4,True,True,119.98993682861328,39.00074005126953,22.988534831735823,0.008173828125,8.7890625e-05,1L,False,False,False,False,False,False,True,True,True,356.53271484375,223.9876251220703,43.83218765258789,316.07915981111444,threshold_p3,24.582662860109007,50.497335025380714,0.8959607166763814,356.53271484375,215.9876251220703,111.0,81.37309472312882,radial_lateral_search,53.98955154418945,21.61000061035156,high,2.5323855811117943,8.0
18,1,L,F18_T1,F18_T1_L,7,S3181L07.jpg,18/1L/S3181L07.jpg,/Users/sarahoualli/Desktop/BIO/iris_twins_project/data/raw/CASIA-Iris-Twins/18/1L/S3181L07.jpg,.jpg,18144,887b7a5254e7f03e3dd0ad2c4bb8d5b5fc42b30bb258044cf1eed88a34e0dc1c,640,480,L,JPEG,True,,True,18,1,L,7,True,True,118.63493347167967,38.70927047729492,29.654341120359636,0.0074869791666666,7.161458333333333e-05,1L,False,False,False,False,False,False,True,True,True,317.7843933105469,207.0642242431641,49.041412353515625,320.23104050258934,threshold_p3,23.603098178773287,51.24608118971061,0.8758828244637883,312.0,208.0,110.0,104.40420069273712,hough_iris,67.7940902709961,28.645000457763672,high,2.243002285641034,5.8595974467689595
18,1,R,F18_T1,F18_T1_R,1,S3181R01.jpg,18/1R/S3181R01.jpg,/Users/sarahoualli/Desktop/BIO/iris_twins_project/data/raw/CASIA-Iris-Twins/18/1R/S3181R01.jpg,.jpg,18944,425c7aae434c9026ad6f3acac086a0aee0b73dc1ac0580305848d073b8629fa7,640,480,L,JPEG,True,,True,18,1,R,1,True,True,138.78591918945312,38.63060760498047,26.44430011103948,0.0016438802083333,4.8828125e-05,1R,False,False,False,False,False,False,True,True,True,300.75457763671875,201.8880615234375,44.94316101074219,358.66238044187105,threshold_p2,43.13027387120651,106.2778040700426,0.5296055886666434,308.75457763671875,201.8880615234375,117.0,60.47041515568644,radial_lateral_search,40.02725601196289,16.45000457763672,high,2.603288183758036,8.0
18,1,R,F18_T1,F18_T1_R,4,S3181R04.jpg,18/1R/S3181R04.jpg,/Users/sarahoualli/Desktop/BIO/iris_twins_project/data/raw/CASIA-Iris-Twins/18/1R/S3181R04.jpg,.jpg,18407,ad886612080afc3c5fcdd74c3dd925aab73c1a89bc3edb2928bf94a3ff4c7e31,640,480,L,JPEG,True,,True,18,1,R,4,True,True,128.5354461669922,37.22392654418945,23.649804779010353,0.002568359375,0.0001139322916666,1R,False,False,False,False,False,False,True,True,True,246.8202209472656,162.8651123046875,53.68812942504883,378.1369086380586,threshold_p8,24.25272067714631,85.38450441276306,0.7833730191024134,254.8202209472656,170.8651123046875,120.0,77.24036894301732,radial_lateral_search,51.39126968383789,21.955001831054688,high,2.23513095511226,11.31370849898476
18,2,L,F18_T2,F18_T2_L,1,S3182L01.jpg,18/2L/S3182L01.jpg,/Users/sarahoualli/Desktop/BIO/iris_twins_project/data/raw/CASIA-Iris-Twins/18/2L/S3182L01.jpg,.jpg,19854,b2506647974601ae44796774a915a68c25bac2b17cfbb283a1d97dc59021e70e,640,480,L,JPEG,True,,True,18,2,L,1,True,True,156.9425506591797,58.27298355102539,37.022485395548074,0.0010546875,0.0027669270833333,2L,False,False,False,False,False,False,True,True,True,320.5,277.5,42.36163711547851,368.97030270729186,threshold_p4,22.392827586206895,73.96958925750396,0.8712658991507408,312.5,277.5,122.0,90.7954743121286,radial_lateral_search,56.30632400512695,26.43500518798828,high,2.8799642390454836,8.0
18,2,R,F18_T2,F18_T2_R,1,S3182R01.jpg,18/2R/S3182R01.jpg,/Users/sarahoualli/Desktop/BIO/iris_twins_project/data/raw/CASIA-Iris-Twins/18/2R/S3182R01.jpg,.jpg,19790,4c6b3d4f338b7596c6ad071a66b90482114fd94ee54cd6a4bd2ad7f6a7baa098,640,480,L,JPEG,True,,True,18,2,R,1,True,True,145.5829620361328,53.16974639892578,30.30159895562066,0.0107552083333333,0.0001432291666666,2R,False,False,False,False,False,False,True,True,True,470.0,286.5617980957031,44.841529846191406,330.30760425607787,threshold_p3,19.333333333333332,55.333767155702795,0.7274990040439255,472.0,281.0,127.0,87.33718581604084,hough_iris,54.11558532714844,25.020000457763672,high,2.8321959673458084,5.910465130373997
18,2,R,F18_T2,F18_T2_R,2,S3182R02.jpg,18/2R/S3182R02.jpg,/Users/sarahoualli/Desktop/BIO/iris_twins_project/data/raw/CASIA-Iris-Twins/18/2R/S3182R02.jpg,.jpg,19766,d1fea181c17da2ae0045bed3a6a9c73f064803bbd314b7c9fa7b5dc836881afa,640,480,L,JPEG,True,,True,18,2,R,2,True,True,142.24285888671875,51.32857131958008,33.32729889525309,0.0107421875,0.00013671875,2R,False,False,False,False,False,False,True,True,True,470.5949401855469,274.2088623046875,44.28504943847656,331.4420932113654,threshold_p2,19.586296392421488,55.72573282075925,0.7445092434096792,474.0,270.0,125.0,95.22581145792066,hough_iris,60.90374374389648,25.69000244140625,high,2.822623020296217,5.413774491038847
18,2,R,F18_T2,F18_T2_R,3,S3182R03.jpg,18/2R/S3182R03.jpg,/Users/sarahoualli/Desktop/BIO/iris_twins_project/data/raw/CASIA-Iris-Twins/18/2R/S3182R03.jpg,.jpg,19305,e7692b3917c52d463ae1571b2439f5a125a47c57ca96f301f5955ba2ccdf2f23,640,480,L,JPEG,True,,True,18,2,R,3,True,True,135.47181701660156,54.713111877441406,26.447439736164934,0.01267578125,0.0001106770833333,2R,False,False,False,False,False,False,True,True,True,470.5,269.5,46.95220184326172,321.53305876210527,threshold_p5,20.286948814535787,51.133637548891784,0.7781492190337437,470.5,261.5,127.0,83.44293231631657,radial_lateral_search,54.64841842651367,22.125,high,2.704878472450728,8.0
18,2,R,F18_T2,F18_T2_R,4,S3182R04.jpg,18/2R/S3182R04.jpg,/Users/sarahoualli/Desktop/BIO/iris_twins_project/data/raw/CASIA-Iris-Twins/18/2R/S3182R04.jpg,.jpg,18798,12dafcc5abdb4d6c01f6bf58caf185a3dfbab8f213d4fa94a6621bbc58be10eb,640,480,L,JPEG,True,,True,18,2,R,4,True,True,143.4224853515625,45.023773193359375,30.659367214192287,0.003154296875,7.8125e-05,2R,False,False,False,False,False,False,True,True,True,388.5,289.0,39.70211410522461,351.9885845305001,threshold_p2,21.46120286693674,67.49326805385557,0.7486845297216033,393.0,286.0,115.0,94.23153401424936,hough_iris,66.36389923095703,21.290000915527344,high,2.8965711925367357,5.408326913195984
18,2,R,F18_T2,F18_T2_R,6,S3182R06.jpg,18/2R/S3182R06.jpg,/Users/sarahoualli/Desktop/BIO/iris_twins_project/data/raw/CASIA-Iris-Twins/18/2R/S3182R06.jpg,.jpg,20151,6b0cecea324847318585e1e1e7e3d16aed11bc51eb1bdb37fb632d7c861473ff,640,480,L,JPEG,True,,True,18,2,R,6,True,True,132.3386993408203,46.38975524902344,29.512738473849826,0.0059342447916666,0.0001139322916666,2R,False,False,False,False,False,False,True,True,True,330.04254150390625,274.82977294921875,45.71601104736328,343.94946551214827,threshold_p4,20.532028884230144,59.216511627906975,0.836885595844258,338.04254150390625,282.82977294921875,126.0,85.23084516253522,radial_lateral_search,57.682861328125,21.714996337890625,high,2.7561459784726163,11.31370849898476
18,2,R,F18_T2,F18_T2_R,7,S3182R07.jpg,18/2R/S3182R07.jpg,/Users/sarahoualli/Desktop/BIO/iris_twins_project/data/raw/CASIA-Iris-Twins/18/2R/S3182R07.jpg,.jpg,20438,e7d995d28331accf23900e47da9d029f06488d7e7033b36fdbcd1c2fcbd8458a,640,480,L,JPEG,True,,True,18,2,R,7,True,True,129.78990173339844,47.113311767578125,30.95734223425124,0.00919921875,0.0001236979166666,2R,False,False,False,False,False,False,True,True,True,325.1983337402344,279.88970947265625,44.970970153808594,349.79057464727094,threshold_p3,19.53762644954355,60.914103170847135,0.8305418931973366,333.1983337402344,279.88970947265625,125.0,86.40833459318317,radial_lateral_search,57.34162139892578,22.27499771118164,high,2.7795709003492277,8.0
18,2,R,F18_T2,F18_T2_R,8,S3182R08.jpg,18/2R/S3182R08.jpg,/Users/sarahoualli/Desktop/BIO/iris_twins_project/data/raw/CASIA-Iris-Twins/18/2R/S3182R08.jpg,.jpg,20030,3f70200c84a1591a9fdb889a23cecfe7f4fbcf175307bc6ecf53c7cc22ccc5bf,640,480,L,JPEG,True,,True,18,2,R,8,True,True,124.48351287841795,47.607418060302734,26.67582522544861,0.0100325520833333,0.0001432291666666,2R,False,False,False,False,False,False,True,True,True,340.1038818359375,284.3863525390625,42.395469665527344,353.4721248354261,threshold_p3,19.16055172413793,62.227707877461704,0.8478520662044219,348.1038818359375,284.3863525390625,128.0,90.14721635398917,radial_lateral_search,61.492977142333984,22.665000915527344,high,3.019190517520779,8.0
19,1,L,F19_T1,F19_T1_L,3,S3191L03.jpg,19/1L/S3191L03.jpg,/Users/sarahoualli/Desktop/BIO/iris_twins_project/data/raw/CASIA-Iris-Twins/19/1L/S3191L03.jpg,.jpg,17426,514eb50941632b22fee2b6b8eb9060c07e081fe1356a87b74fd4d8e846dd5c67,640,480,L,JPEG,True,,True,19,1,L,3,True,True,115.45928192138672,33.316444396972656,28.665905850717753,0.0023274739583333,4.8828125e-05,1L,False,False,False,False,False,False,True,True,True,355.0,230.0,47.0,345.7752159331551,hough_pupil,25.205185021050298,69.13939591481964,0.75,347.0,230.0,109.0,63.767031535696475,radial_lateral_search,43.57142639160156,17.085006713867188,high,2.3191489361702127,8.0
19,1,R,F19_T1,F19_T1_R,7,S3191R07.jpg,19/1R/S3191R07.jpg,/Users/sarahoualli/Desktop/BIO/iris_twins_project/data/raw/CASIA-Iris-Twins/19/1R/S3191R07.jpg,.jpg,21048,0d8790c369cd8f2983500f858c451f46a0788a1a951de7ee0cfbcda12a061af0,640,480,L,JPEG,True,,True,19,1,R,7,True,True,127.54842376708984,43.624454498291016,33.8653231353336,0.003759765625,0.0001692708333333,1R,False,False,False,False,False,False,True,True,True,384.6371765136719,269.22564697265625,62.292327880859375,383.2754037712699,threshold_p5,25.8565965583174,89.68865370415949,0.7306232470771161,384.6371765136719,269.22564697265625,132.0,62.15922618893243,radial_lateral_search,43.354061126708984,15.235000610351562,high,2.119041051932814,0.0
19,1,R,F19_T1,F19_T1_R,8,S3191R08.jpg,19/1R/S3191R08.jpg,/Users/sarahoualli/Desktop/BIO/iris_twins_project/data/raw/CASIA-Iris-Twins/19/1R/S3191R08.jpg,.jpg,19759,31a51dec77334dae697e5e3bb9c33bcc658e12d27063588117e5bed173736e1f,640,480,L,JPEG,True,,True,19,1,R,8,True,True,127.12467193603516,45.30775451660156,25.430110421710538,0.0067447916666666,0.0002701822916666,1R,False,False,False,False,False,False,True,True,True,375.96087646484375,249.60183715820312,64.3782958984375,373.6428746293199,threshold_p4,25.24608685418383,85.59614474929045,0.5587948903140186,375.96087646484375,249.60183715820312,138.0,63.62063863300198,radial_lateral_search,41.98732376098633,17.18499755859375,high,2.143579572496099,0.0
19,2,L,F19_T2,F19_T2_L,10,S3192L10.jpg,19/2L/S3192L10.jpg,/Users/sarahoualli/Desktop/BIO/iris_twins_project/data/raw/CASIA-Iris-Twins/19/2L/S3192L10.jpg,.jpg,18929,c218bd636db1c251e0f5e7c05b6d7deab4d9080254d10cf30ebe484bb50110e0,640,480,L,JPEG,True,,True,19,2,L,10,True,True,127.86968994140624,38.10049819946289,38.233533109495376,0.0018912760416666,5.859375e-05,2L,False,False,False,False,False,False,True,True,True,351.578369140625,167.68898010253906,49.440773010253906,371.3437006540992,threshold_p4,26.003383084577113,84.26701622477246,0.7273827684201069,343.578369140625,175.68898010253906,121.0,69.4923298480971,radial_lateral_search,45.83926773071289,19.779998779296875,high,2.447372737778693,11.31370849898476
19,2,R,F19_T2,F19_T2_R,5,S3192R05.jpg,19/2R/S3192R05.jpg,/Users/sarahoualli/Desktop/BIO/iris_twins_project/data/raw/CASIA-Iris-Twins/19/2R/S3192R05.jpg,.jpg,18672,32e97141cce0cb741caec56bb2c971865f3e639f5f076b94bbb49d9ae2773fe4,640,480,L,JPEG,True,,True,19,2,R,5,True,True,115.2242202758789,36.937557220458984,37.666362884140014,0.0117154947916666,7.8125e-05,2R,False,False,False,False,False,False,True,True,True,297.5,169.5,59.06362533569336,328.8843716534164,threshold_p5,22.207051004190145,54.40995587424159,0.881481902583769,305.5,169.5,122.0,75.72978895098655,radial_lateral_search,53.49651336669922,19.26499938964844,high,2.0655691096948785,8.0
20,1,L,F20_T1,F20_T1_L,1,S3201L01.jpg,20/1L/S3201L01.jpg,/Users/sarahoualli/Desktop/BIO/iris_twins_project/data/raw/CASIA-Iris-Twins/20/1L/S3201L01.jpg,.jpg,28014,1b2b758d7cf9b2a08b1d377e6b42f996dee0efda5db4d3552c7f5f8832ffc69d,640,480,L,JPEG,True,,True,20,1,L,1,True,True,122.23240661621094,38.194976806640625,125.19662478090922,0.0024381510416666,0.0001106770833333,1L,False,False,False,False,False,False,True,True,True,306.5284118652344,206.59646606445312,44.04204177856445,371.8673178296444,threshold_p4,25.99792369582144,84.47868020304568,0.6434908743525948,306.5284118652344,198.59646606445312,121.0,72.59904930158405,radial_lateral_search,62.534549713134766,8.625,high,2.7473748971123197,8.0
20,1,L,F20_T1,F20_T1_L,2,S3201L02.jpg,20/1L/S3201L02.jpg,/Users/sarahoualli/Desktop/BIO/iris_twins_project/data/raw/CASIA-Iris-Twins/20/1L/S3201L02.jpg,.jpg,27765,b208aa6fdeb358d2fee5d1a9131d7bbc57a828a2764581e23b082f5dfeab308e,640,480,L,JPEG,True,,True,20,1,L,2,True,True,124.30756378173828,36.976322174072266,118.76922331538732,0.0022037760416666,0.000126953125,1L,False,False,False,False,False,False,True,True,True,316.31341552734375,205.6642608642578,45.45676040649414,393.8636231319818,threshold_p8,25.508758943992103,91.94313725490196,0.8099504566145269,316.31341552734375,197.6642608642578,122.0,72.3625574074495,radial_lateral_search,60.382076263427734,10.175003051757812,high,2.683869217890208,8.0
20,1,L,F20_T1,F20_T1_L,3,S3201L03.jpg,20/1L/S3201L03.jpg,/Users/sarahoualli/Desktop/BIO/iris_twins_project/data/raw/CASIA-Iris-Twins/20/1L/S3201L03.jpg,.jpg,27488,61ac314704caf780881bfa23c5ce13f9d28a62e3ed77a987e3bf3d8ec9ac5201,640,480,L,JPEG,True,,True,20,1,L,3,True,True,122.66887664794922,37.72217559814453,120.00320912593207,0.0029817708333333,0.000107421875,1L,False,False,False,False,False,False,True,True,True,327.3797607421875,188.2561798095703,44.86149978637695,391.7311907954432,threshold_p10,24.720947446336048,89.88405111216281,0.8307128397859611,327.3797607421875,180.2561798095703,119.0,73.65780300914342,radial_lateral_search,63.16036605834961,9.205001831054688,high,2.652608596829315,8.0
20,1,R,F20_T1,F20_T1_R,2,S3201R02.jpg,20/1R/S3201R02.jpg,/Users/sarahoualli/Desktop/BIO/iris_twins_project/data/raw/CASIA-Iris-Twins/20/1R/S3201R02.jpg,.jpg,25807,9cc9ddf6efe777729c52fba86a43c990075972dc64f96835f60f76f8dfd53eef,640,480,L,JPEG,True,,True,20,1,R,2,True,True,129.87034606933594,42.1993522644043,82.18139101637733,0.0054069010416666,6.8359375e-05,1R,False,False,False,False,False,False,True,True,True,452.5,117.0,48.38656234741211,332.7949979310471,threshold_p3,22.98534645174796,62.02791824694479,0.8543994679619661,452.5,125.0,117.0,67.46696995534248,radial_lateral_search,52.5318603515625,13.045001983642578,high,2.4180267066700925,8.0
20,1,R,F20_T1,F20_T1_R,3,S3201R03.jpg,20/1R/S3201R03.jpg,/Users/sarahoualli/Desktop/BIO/iris_twins_project/data/raw/CASIA-Iris-Twins/20/1R/S3201R03.jpg,.jpg,22802,2a594da7404b9864c97c5d3dae7bfd3bef42281c0edd660592ed4f386d1dbd2f,640,480,L,JPEG,True,,True,20,1,R,3,True,True,130.41075134277344,41.769752502441406,55.40455806732178,0.0045052083333333,9.765625e-05,1R,False,False,False,False,False,False,True,True,True,472.3858642578125,109.4148406982422,50.16645431518555,318.72949723955537,threshold_p3,22.778706467661692,57.21233009708738,0.7604640588632505,472.3858642578125,117.4148406982422,115.0,62.91834182744739,radial_lateral_search,46.161865234375,14.705001831054688,high,2.29236850739896,8.0
20,1,R,F20_T1,F20_T1_R,7,S3201R07.jpg,20/1R/S3201R07.jpg,/Users/sarahoualli/Desktop/BIO/iris_twins_project/data/raw/CASIA-Iris-Twins/20/1R/S3201R07.jpg,.jpg,27187,9d3e817151763f277164df834f8362ee538140dc0653141d3f056766c053043d,640,480,L,JPEG,True,,True,20,1,R,7,True,True,120.6893081665039,41.728519439697266,87.91651346499125,0.004453125,0.00017578125,1R,False,False,False,False,False,False,True,True,True,316.71429443359375,183.5,46.6482048034668,363.2389939193024,threshold_p6,24.02702073142325,76.51147315282239,0.6824194747579807,316.71429443359375,183.5,126.0,74.38797943274548,radial_lateral_search,55.02570343017578,13.970001220703123,high,2.7010685733963324,0.0
20,1,R,F20_T1,F20_T1_R,8,S3201R08.jpg,20/1R/S3201R08.jpg,/Users/sarahoualli/Desktop/BIO/iris_twins_project/data/raw/CASIA-Iris-Twins/20/1R/S3201R08.jpg,.jpg,27548,0c06d5030427a0b4639808d2830bb4d08e6e4c34e202133aaf9197c04761c25c,640,480,L,JPEG,True,,True,20,1,R,8,True,True,124.548583984375,39.82584762573242,94.277242835829,0.0032161458333333,0.0001692708333333,1R,False,False,False,False,False,False,True,True,True,293.412353515625,212.2301788330078,44.87638473510742,396.18427243435247,threshold_p6,23.24500370096225,91.05750118315191,0.7072190940262468,293.412353515625,204.2301788330078,127.0,80.37230020205682,radial_lateral_search,62.80528259277344,14.205001831054688,high,2.829996238548292,8.0
20,2,L,F20_T2,F20_T2_L,1,S3202L01.jpg,20/2L/S3202L01.jpg,/Users/sarahoualli/Desktop/BIO/iris_twins_project/data/raw/CASIA-Iris-Twins/20/2L/S3202L01.jpg,.jpg,18178,80ebc10dd2e11797767a80f8783634d310ed6f6bc259dcf4d7891ee3b1354b80,640,480,L,JPEG,True,,True,20,2,L,1,True,True,141.1764678955078,39.4982795715332,24.29964721017414,0.0005924479166666,9.765625e-05,2L,False,False,False,False,False,False,True,True,True,328.3351745605469,207.06004333496097,42.065391540527344,376.4948447938816,threshold_p8,29.987862068965516,88.60408560311284,0.8846365763243119,328.3351745605469,207.06004333496097,105.0,79.93351179540855,radial_lateral_search,62.819061279296875,12.949996948242188,high,2.4961136971431523,0.0
20,2,L,F20_T2,F20_T2_L,2,S3202L02.jpg,20/2L/S3202L02.jpg,/Users/sarahoualli/Desktop/BIO/iris_twins_project/data/raw/CASIA-Iris-Twins/20/2L/S3202L02.jpg,.jpg,18068,0a812815c4e7d4c5287e9ae722909906e492543c3679252e00cad105d1fa455f,640,480,L,JPEG,True,,True,20,2,L,2,True,True,140.0111541748047,39.14356231689453,24.331017248365605,0.0010481770833333,9.765625e-05,2L,False,False,False,False,False,False,True,True,True,341.8322448730469,208.85247802734375,44.04233169555664,380.6572007889528,threshold_p6,29.28133921619517,89.76269035532995,0.8976999903374919,341.8322448730469,208.85247802734375,105.0,76.34256951614545,radial_lateral_search,59.22129821777344,13.274993896484377,high,2.3840699608234703,0.0
20,2,L,F20_T2,F20_T2_L,3,S3202L03.jpg,20/2L/S3202L03.jpg,/Users/sarahoualli/Desktop/BIO/iris_twins_project/data/raw/CASIA-Iris-Twins/20/2L/S3202L03.jpg,.jpg,18005,2cc2f1b53c487be47b0acbda2e0ea9961a927e4e60354e9a838ea4ab4291d3ec,640,480,L,JPEG,True,,True,20,2,L,3,True,True,140.82400512695312,39.31502151489258,21.32027590429518,0.0011328125,9.765625e-05,2L,False,False,False,False,False,False,True,True,True,341.9219970703125,207.27696228027344,44.43501281738281,380.1059609201382,threshold_p4,29.384406612385888,89.6778774289985,0.8958498904388034,341.9219970703125,207.27696228027344,106.0,75.30030892504415,radial_lateral_search,57.760284423828125,13.56999969482422,high,2.3855062321155267,0.0
20,2,L,F20_T2,F20_T2_L,4,S3202L04.jpg,20/2L/S3202L04.jpg,/Users/sarahoualli/Desktop/BIO/iris_twins_project/data/raw/CASIA-Iris-Twins/20/2L/S3202L04.jpg,.jpg,18001,99546b4971ccb48de405331586175ba58797e598b49c4677bf177a3f6101fd97,640,480,L,JPEG,True,,True,20,2,L,4,True,True,140.4111785888672,40.30030822753906,22.77163974503412,0.0008203125,0.0001139322916666,2L,False,False,False,False,False,False,True,True,True,342.1195983886719,207.5216064453125,43.9498405456543,380.5553007891654,threshold_p4,29.755774720996627,90.38451776649748,0.89929778805669,342.1195983886719,207.5216064453125,105.0,74.20353265489999,radial_lateral_search,56.92218399047851,13.375,high,2.3890871661053676,0.0
20,2,L,F20_T2,F20_T2_L,5,S3202L05.jpg,20/2L/S3202L05.jpg,/Users/sarahoualli/Desktop/BIO/iris_twins_project/data/raw/CASIA-Iris-Twins/20/2L/S3202L05.jpg,.jpg,21514,5b447eaffe02741be48c785bf26f7bf80300d96004d986ab6e218bb5bb6b4c80,640,480,L,JPEG,True,,True,20,2,L,5,True,True,141.02523803710938,42.740478515625,58.077855717118595,0.0012076822916666,9.440104166666666e-05,2L,False,False,False,False,False,False,True,True,True,346.7164001464844,184.93218994140625,47.29793930053711,393.5185799253027,threshold_p4,27.463328163084423,94.1919180549302,0.8936594987651921,346.7164001464844,184.93218994140625,111.0,85.64543866244885,radial_lateral_search,72.69813537597656,10.400001525878906,high,2.3468252875604563,0.0
20,2,L,F20_T2,F20_T2_L,6,S3202L06.jpg,20/2L/S3202L06.jpg,/Users/sarahoualli/Desktop/BIO/iris_twins_project/data/raw/CASIA-Iris-Twins/20/2L/S3202L06.jpg,.jpg,20345,2056ceb18330b85396d8cd831f92faf3cca374bb8307bd9f559c89eb90686d45,640,480,L,JPEG,True,,True,20,2,L,6,True,True,140.35020446777344,40.13101577758789,45.42390760039223,0.00078125,0.0001106770833333,2L,False,False,False,False,False,False,True,True,True,323.04327392578125,198.50343322753903,48.01606369018555,394.785355883102,threshold_p6,28.245512962552624,95.2043217800599,0.8890019105512359,323.04327392578125,198.50343322753903,109.0,92.7990643564682,radial_lateral_search,77.54076385498047,12.270004272460938,high,2.270073630010607,0.0
20,2,R,F20_T2,F20_T2_R,1,S3202R01.jpg,20/2R/S3202R01.jpg,/Users/sarahoualli/Desktop/BIO/iris_twins_project/data/raw/CASIA-Iris-Twins/20/2R/S3202R01.jpg,.jpg,25100,4e80171ffb569254274506b46b3e03b8361852f0f427879e5ad093d82ff5a3e2,640,480,L,JPEG,True,,True,20,2,R,1,True,True,135.13543701171875,49.45670700073242,84.2841841392411,0.0035807291666666,8.138020833333333e-05,2R,False,False,False,False,False,False,True,True,True,250.5,270.8571472167969,50.2791633605957,381.57418036932904,threshold_p6,23.65233830845771,83.96543689320389,0.8143792462137527,250.5,262.8571472167969,121.0,69.36430947130324,radial_lateral_search,52.095062255859375,14.7449951171875,high,2.406563512845342,8.0
20,2,R,F20_T2,F20_T2_R,3,S3202R03.jpg,20/2R/S3202R03.jpg,/Users/sarahoualli/Desktop/BIO/iris_twins_project/data/raw/CASIA-Iris-Twins/20/2R/S3202R03.jpg,.jpg,17588,b5a8848e12a90f87fd636397c35616adf24534aeeff989a6f8490f8c8f2ce26d,640,480,L,JPEG,True,,True,20,2,R,3,True,True,139.59466552734375,36.87701797485352,21.328827684868713,0.0006022135416666,0.0001106770833333,2R,False,False,False,False,False,False,True,True,True,315.5174255371094,217.1452789306641,39.568748474121094,378.73560706696594,threshold_p3,28.076347771891555,87.76900584795321,0.8152664924704427,307.5174255371094,217.1452789306641,111.0,61.54623533224348,radial_lateral_search,44.62220764160156,13.675003051757812,high,2.805244145454756,8.0
20,2,R,F20_T2,F20_T2_R,4,S3202R04.jpg,20/2R/S3202R04.jpg,/Users/sarahoualli/Desktop/BIO/iris_twins_project/data/raw/CASIA-Iris-Twins/20/2R/S3202R04.jpg,.jpg,18467,93b75b5dbf53cedd526cb0a2c261a17ea2428c6e6e79c7e06f5ab2479fe9ff9a,640,480,L,JPEG,True,,True,20,2,R,4,True,True,138.7307586669922,36.55654525756836,25.12071773257785,0.0011588541666666,9.440104166666666e-05,2R,False,False,False,False,False,False,True,True,True,274.7417907714844,205.9672088623047,44.481201171875,380.1596962650424,threshold_p6,28.734270910436713,89.33482810164425,0.8869177212959435,274.7417907714844,205.9672088623047,106.0,60.72394484368136,radial_lateral_search,42.8088264465332,13.845001220703123,high,2.383029172040945,0.0
20,2,R,F20_T2,F20_T2_R,5,S3202R05.jpg,20/2R/S3202R05.jpg,/Users/sarahoualli/Desktop/BIO/iris_twins_project/data/raw/CASIA-Iris-Twins/20/2R/S3202R05.jpg,.jpg,18212,71ebec6b013edac28c70fe89dbbba73a610a4642b4a2b8c20f72e867f7f24cd2,640,480,L,JPEG,True,,True,20,2,R,5,True,True,138.1503143310547,38.23366165161133,23.59289208641052,0.0009309895833333,9.114583333333334e-05,2R,False,False,False,False,False,False,True,True,True,248.92532348632812,194.8164825439453,44.74642562866211,381.876775105821,threshold_p4,29.35677276091784,93.71873442949676,0.7606312206466821,248.92532348632812,186.8164825439453,111.0,62.37251465506195,radial_lateral_search,46.35393524169922,13.639999389648438,high,2.4806450669637283,8.0
20,2,R,F20_T2,F20_T2_R,6,S3202R06.jpg,20/2R/S3202R06.jpg,/Users/sarahoualli/Desktop/BIO/iris_twins_project/data/raw/CASIA-Iris-Twins/20/2R/S3202R06.jpg,.jpg,21985,02d8c55f529b35803938ab97495c37f1202d24ef0bc5f6182afab85a467fb16b,640,480,L,JPEG,True,,True,20,2,R,6,True,True,137.1695098876953,39.66663360595703,57.20855526469551,0.0012337239583333,0.0001106770833333,2R,False,False,False,False,False,False,True,True,True,236.49461364746097,188.5539398193359,47.61941909790039,392.85958163623906,threshold_p5,27.10968313760248,96.07317073170732,0.7683159118700219,236.49461364746097,180.5539398193359,116.0,73.46385425443819,radial_lateral_search,55.85992813110352,14.900001525878906,high,2.4359809967760526,8.0
21,1,L,F21_T1,F21_T1_L,1,S3211L01.jpg,21/1L/S3211L01.jpg,/Users/sarahoualli/Desktop/BIO/iris_twins_project/data/raw/CASIA-Iris-Twins/21/1L/S3211L01.jpg,.jpg,23658,dd9ac95ae13d2867a8221fcbe194d30c577a1c43664884160f8fff3371e88947,640,480,L,JPEG,True,,True,21,1,L,1,True,True,134.3234405517578,45.20976257324219,47.70409462304646,0.0014290364583333,8.138020833333333e-05,1L,False,False,False,False,False,False,True,True,True,311.8222961425781,192.7639923095703,57.43889236450195,391.859111256582,threshold_p5,29.382792452830188,101.4448214812629,0.5479038635292971,303.8222961425781,200.7639923095703,125.0,65.01214429334816,radial_lateral_search,44.438663482666016,18.355003356933594,high,2.176225808930323,11.31370849898476
21,1,L,F21_T1,F21_T1_L,2,S3211L02.jpg,21/1L/S3211L02.jpg,/Users/sarahoualli/Desktop/BIO/iris_twins_project/data/raw/CASIA-Iris-Twins/21/1L/S3211L02.jpg,.jpg,23166,2c6c47498a3166747eee0bbe448f83cb804842000d4212b026e7034b7f7dfde9,640,480,L,JPEG,True,,True,21,1,L,2,True,True,137.1817169189453,41.155521392822266,41.63230257541869,0.0011165364583333,0.0001302083333333,1L,False,False,False,False,False,False,True,True,True,305.0,196.0,54.0,406.6418427206732,hough_pupil,27.4259803074797,103.39869390488948,0.75,297.0,204.0,122.0,66.30257048357991,radial_lateral_search,45.94295501708984,17.965003967285156,high,2.259259259259259,11.31370849898476
21,1,L,F21_T1,F21_T1_L,5,S3211L05.jpg,21/1L/S3211L05.jpg,/Users/sarahoualli/Desktop/BIO/iris_twins_project/data/raw/CASIA-Iris-Twins/21/1L/S3211L05.jpg,.jpg,23092,8c3cee189d09cf89e16a30daddff0fc82cdea5331d534a7195f2d8a0a6091476,640,480,L,JPEG,True,,True,21,1,L,5,True,True,133.9405059814453,45.77254486083984,44.79936128996744,0.0016145833333333,8.138020833333333e-05,1L,False,False,False,False,False,False,True,True,True,302.0,194.0,55.0,397.23393572627896,hough_pupil,25.62218199769623,96.09972002635048,0.75,294.0,194.0,126.0,63.68847080577504,radial_lateral_search,42.16383743286133,18.11499786376953,high,2.290909090909091,8.0
21,1,L,F21_T1,F21_T1_L,6,S3211L06.jpg,21/1L/S3211L06.jpg,/Users/sarahoualli/Desktop/BIO/iris_twins_project/data/raw/CASIA-Iris-Twins/21/1L/S3211L06.jpg,.jpg,22553,493737a9d9ccac01e9d915a234cb61a501f0de98711e5c8fa86c93cc8667065b,640,480,L,JPEG,True,,True,21,1,L,6,True,True,137.42649841308594,40.33098983764648,38.44165162145826,0.0011588541666666,0.0001432291666666,1L,False,False,False,False,False,False,True,True,True,310.9015808105469,190.58660888671875,56.834075927734375,406.0164119593397,threshold_p4,28.897972016978464,107.55367014742016,0.5702617500578306,302.9015808105469,198.58660888671875,125.0,70.59335962569419,radial_lateral_search,48.562255859375,19.329994201660156,high,2.1993847521852894,11.31370849898476
21,1,L,F21_T1,F21_T1_L,9,S3211L09.jpg,21/1L/S3211L09.jpg,/Users/sarahoualli/Desktop/BIO/iris_twins_project/data/raw/CASIA-Iris-Twins/21/1L/S3211L09.jpg,.jpg,23262,71421ac86a98f01712b15eead0253d041a8754b825fddec0406f33fc12899a2d,640,480,L,JPEG,True,,True,21,1,L,9,True,True,135.59982299804688,45.13794708251953,45.117829927402056,0.001552734375,8.138020833333333e-05,1L,False,False,False,False,False,False,True,True,True,298.0,185.0,54.0,399.4304272446915,hough_pupil,25.01641043358093,96.6018084393838,0.75,298.0,185.0,126.0,64.98372395833333,radial_lateral_search,42.633392333984375,17.154998779296875,high,2.3333333333333335,0.0
21,1,L,F21_T1,F21_T1_L,10,S3211L10.jpg,21/1L/S3211L10.jpg,/Users/sarahoualli/Desktop/BIO/iris_twins_project/data/raw/CASIA-Iris-Twins/21/1L/S3211L10.jpg,.jpg,23383,e647530a92d2670b611a795de2732885735557831733ea298e266e4f795878e7,640,480,L,JPEG,True,,True,21,1,L,10,True,True,139.28570556640625,40.43722152709961,43.797379308054175,0.00076171875,0.0001692708333333,1L,False,False,False,False,False,False,True,True,True,297.0,184.0,53.0,404.2063031471199,hough_pupil,26.360904977375565,101.05206112295664,0.75,297.0,184.0,126.0,66.90485937730321,radial_lateral_search,44.11943054199219,17.339996337890625,high,2.3773584905660377,0.0
21,1,R,F21_T1,F21_T1_R,5,S3211R05.jpg,21/1R/S3211R05.jpg,/Users/sarahoualli/Desktop/BIO/iris_twins_project/data/raw/CASIA-Iris-Twins/21/1R/S3211R05.jpg,.jpg,22256,f4276cee43defd227cd1bf88aa52ca06b77ea4d91a54cc1f400dda5ef1feb02f,640,480,L,JPEG,True,,True,21,1,R,5,True,True,126.6754913330078,45.625640869140625,59.62760369592247,0.0016341145833333,6.510416666666667e-05,1R,False,False,False,False,False,False,True,True,True,303.0,179.0,57.384765625,368.295950438847,threshold_p4,26.43154716981132,88.4983033343169,0.4009444431229148,311.0,187.0,119.0,70.57885890519815,radial_lateral_search,47.09739303588867,20.725006103515625,high,2.0737211122834487,11.31370849898476
21,1,R,F21_T1,F21_T1_R,6,S3211R06.jpg,21/1R/S3211R06.jpg,/Users/sarahoualli/Desktop/BIO/iris_twins_project/data/raw/CASIA-Iris-Twins/21/1R/S3211R06.jpg,.jpg,22168,03681ca762aa0a153fd4d271bbc3f0ab25f343988f409775325a185f9b7d59db,640,480,L,JPEG,True,,True,21,1,R,6,True,True,128.12986755371094,45.900691986083984,59.04843975947699,0.0015201822916666,7.486979166666666e-05,1R,False,False,False,False,False,False,True,True,True,304.6273193359375,182.9884033203125,52.6812858581543,349.2760783830147,threshold_p4,26.217194570135742,77.21550240880936,0.4493955075657028,312.6273193359375,182.9884033203125,122.0,74.32778625482386,radial_lateral_search,52.6335334777832,18.165000915527344,high,2.315812873825595,8.0
21,1,R,F21_T1,F21_T1_R,9,S3211R09.jpg,21/1R/S3211R09.jpg,/Users/sarahoualli/Desktop/BIO/iris_twins_project/data/raw/CASIA-Iris-Twins/21/1R/S3211R09.jpg,.jpg,22276,5b34e397d151309421d8d722887a551b80037e87b8c11ef546648ba2d0226f0c,640,480,L,JPEG,True,,True,21,1,R,9,True,True,129.9042510986328,42.78653717041016,62.465779973305594,0.0016276041666666,0.0001106770833333,1R,False,False,False,False,False,False,True,True,True,307.9091796875,182.3879241943359,53.53719711303711,368.17790800623527,threshold_p4,26.3605113145621,83.71444331296674,0.631424734333161,315.9091796875,174.38792419433594,125.0,63.12623874026473,radial_lateral_search,47.11936569213867,14.639999389648438,high,2.33482525684111,11.31370849898476
21,2,L,F21_T2,F21_T2_L,3,S3212L03.jpg,21/2L/S3212L03.jpg,/Users/sarahoualli/Desktop/BIO/iris_twins_project/data/raw/CASIA-Iris-Twins/21/2L/S3212L03.jpg,.jpg,18665,3ea012755fed9d00be00ab139fd2cf5597e4d22baba2741a2368f2130953206e,640,480,L,JPEG,True,,True,21,2,L,3,True,True,128.8806915283203,38.98619079589844,29.846757201883527,0.0016080729166666,9.440104166666666e-05,2L,False,False,False,False,False,False,True,True,True,329.0,187.0,51.0,362.2945045315269,hough_pupil,28.13495533168599,82.40567484662577,0.75,321.0,195.0,112.0,76.79533972574401,radial_lateral_search,51.27745056152344,21.830001831054688,high,2.196078431372549,11.31370849898476
21,2,L,F21_T2,F21_T2_L,5,S3212L05.jpg,21/2L/S3212L05.jpg,/Users/sarahoualli/Desktop/BIO/iris_twins_project/data/raw/CASIA-Iris-Twins/21/2L/S3212L05.jpg,.jpg,21924,395619ceab865cf66477bc180966fa75ecc76b666e25fb2a8015780f1522ddbc,640,480,L,JPEG,True,,True,21,2,L,5,True,True,130.31591796875,37.92098617553711,61.9943812517696,0.0017350260416666,9.440104166666666e-05,2L,False,False,False,False,False,False,True,True,True,329.5,181.3252410888672,54.29725646972656,386.63959899555425,threshold_p4,27.1722231818967,92.64844273275284,0.7975074313601058,321.5,189.3252410888672,117.0,82.10714421370636,radial_lateral_search,55.494346618652344,22.730003356933594,high,2.15480500502329,11.31370849898476
21,2,L,F21_T2,F21_T2_L,6,S3212L06.jpg,21/2L/S3212L06.jpg,/Users/sarahoualli/Desktop/BIO/iris_twins_project/data/raw/CASIA-Iris-Twins/21/2L/S3212L06.jpg,.jpg,22320,26b2bd38f1a95197977fd7a205386255f8999068516de1206ac12e0372148a40,640,480,L,JPEG,True,,True,21,2,L,6,True,True,127.5765380859375,41.15853118896485,59.69711142517723,0.0022005208333333,8.463541666666667e-05,2L,False,False,False,False,False,False,True,True,True,350.0,171.0,47.0,345.41694545439157,hough_pupil,24.56857965876357,69.44415471534116,0.75,342.0,171.0,119.0,78.41756130786652,radial_lateral_search,51.23890686035156,21.464996337890625,high,2.5319148936170213,8.0
21,2,R,F21_T2,F21_T2_R,2,S3212R02.jpg,21/2R/S3212R02.jpg,/Users/sarahoualli/Desktop/BIO/iris_twins_project/data/raw/CASIA-Iris-Twins/21/2R/S3212R02.jpg,.jpg,22941,75483845a3543d7617301f386dc90cb77ed5188bb35759087ba55475a224b76c,640,480,L,JPEG,True,,True,21,2,R,2,True,True,131.97349548339844,50.12591171264648,43.30315399470859,0.000498046875,0.0001920572916666,2R,False,False,False,False,False,False,True,True,True,326.28192138671875,206.9537811279297,43.95293045043945,395.60551820848445,threshold_p3,23.276667531793407,89.85291878172589,0.8154711092265946,334.28192138671875,206.9537811279297,129.0,62.194691451540606,radial_lateral_search,42.625526428222656,15.93499755859375,high,2.934957889678326,8.0
21,2,R,F21_T2,F21_T2_R,3,S3212R03.jpg,21/2R/S3212R03.jpg,/Users/sarahoualli/Desktop/BIO/iris_twins_project/data/raw/CASIA-Iris-Twins/21/2R/S3212R03.jpg,.jpg,23389,cd6d846657309a7adef451764b13f38c4805e9c3bf446f2c4d784bc3def37004,640,480,L,JPEG,True,,True,21,2,R,3,True,True,136.7884063720703,42.30339431762695,44.726059970050386,0.0001627604166666,0.0002506510416666,2R,False,False,False,False,False,False,True,True,True,325.4606628417969,205.95953369140625,45.07980728149414,422.22019728959145,threshold_p4,24.159634838391316,104.30726455276856,0.8179701380470089,333.4606628417969,213.95953369140625,127.0,66.43375530009807,radial_lateral_search,45.04507827758789,17.490005493164062,high,2.817225885793331,11.31370849898476
21,2,R,F21_T2,F21_T2_R,5,S3212R05.jpg,21/2R/S3212R05.jpg,/Users/sarahoualli/Desktop/BIO/iris_twins_project/data/raw/CASIA-Iris-Twins/21/2R/S3212R05.jpg,.jpg,21283,acec3d0fe18e2b4978f77ccfeb52678ecc49d7adb2822fc1833a015910e1f1a5,640,480,L,JPEG,True,,True,21,2,R,5,True,True,129.38365173339844,40.42683410644531,48.92763579300773,0.000302734375,9.114583333333334e-05,2R,False,False,False,False,False,False,True,True,True,343.0,237.0,40.0,381.8420082413609,hough_pupil,29.74914303521346,93.5720624235006,0.75,343.0,237.0,116.0,60.32667083740234,radial_lateral_search,49.76167297363281,7.974998474121094,high,2.9,0.0
21,2,R,F21_T2,F21_T2_R,6,S3212R06.jpg,21/2R/S3212R06.jpg,/Users/sarahoualli/Desktop/BIO/iris_twins_project/data/raw/CASIA-Iris-Twins/21/2R/S3212R06.jpg,.jpg,21741,ecc4d33a4b52daf78aa0a7b0e11f121cc83de4f83c91c79d3f7300b7eee5d261,640,480,L,JPEG,True,,True,21,2,R,6,True,True,129.83349609375,40.52571868896485,50.33629690042072,0.0003483072916666,0.0001041666666666,2R,False,False,False,False,False,False,True,True,True,356.50860595703125,239.84674072265625,39.412105560302734,373.3209139281487,threshold_p3,28.929884699283267,90.06183800623053,0.5904142688036852,356.50860595703125,239.84674072265625,114.0,61.5207917222249,radial_lateral_search,47.9438362121582,10.105003356933594,high,2.8925122974100836,0.0
22,1,L,F22_T1,F22_T1_L,1,S3221L01.jpg,22/1L/S3221L01.jpg,/Users/sarahoualli/Desktop/BIO/iris_twins_project/data/raw/CASIA-Iris-Twins/22/1L/S3221L01.jpg,.jpg,19946,3911d384e8524399d9087ff17ccaf82abb808da15855f421cd930108426a27df,640,480,L,JPEG,True,,True,22,1,L,1,True,True,136.1724395751953,46.46656799316406,36.26890741916234,0.0038541666666666,0.00021484375,1L,False,False,False,False,False,False,True,True,True,327.28143310546875,139.2814178466797,65.21034240722656,408.71028805781697,threshold_p6,26.16429327998117,105.86186614892644,0.585038417705695,331.0,150.0,133.0,83.96692052806577,hough_iris,54.2180290222168,25.30500030517578,high,2.039553774605867,11.345296079282395
22,1,L,F22_T1,F22_T1_L,2,S3221L02.jpg,22/1L/S3221L02.jpg,/Users/sarahoualli/Desktop/BIO/iris_twins_project/data/raw/CASIA-Iris-Twins/22/1L/S3221L02.jpg,.jpg,19577,44901e8b10aef4c3485d54c151f1a27cb45643bd4add3a9b22549ac35a08dc35,640,480,L,JPEG,True,,True,22,1,L,2,True,True,103.84368133544922,31.849327087402344,30.71122592365477,0.0149934895833333,0.00013671875,1L,False,False,False,False,False,False,True,True,True,309.66497802734375,145.43397521972656,59.346309661865234,356.56639985782635,threshold_p6,22.360063574627944,71.83418367346938,0.7091195172058914,309.66497802734375,153.43397521972656,126.0,66.41600033589802,radial_lateral_search,45.807472229003906,17.94000244140625,high,2.1231311722313393,8.0
22,1,L,F22_T1,F22_T1_L,3,S3221L03.jpg,22/1L/S3221L03.jpg,/Users/sarahoualli/Desktop/BIO/iris_twins_project/data/raw/CASIA-Iris-Twins/22/1L/S3221L03.jpg,.jpg,18867,5167473c3e55cb9fa3d5c0c47b2c4db4941147450b825c357ad8e0f226c36f2a,640,480,L,JPEG,True,,True,22,1,L,3,True,True,97.37631225585938,33.33668899536133,33.356526151010726,0.0164778645833333,9.440104166666666e-05,1L,False,False,False,False,False,False,True,True,True,319.2278747558594,143.38217163085938,60.65982818603515,348.6653132687119,threshold_p6,22.75906976744186,70.66913148695886,0.5609053608411531,319.2278747558594,143.38217163085938,133.0,63.15205911992167,radial_lateral_search,43.60483932495117,15.55500030517578,high,2.1925548419311,0.0
22,1,L,F22_T1,F22_T1_L,4,S3221L04.jpg,22/1L/S3221L04.jpg,/Users/sarahoualli/Desktop/BIO/iris_twins_project/data/raw/CASIA-Iris-Twins/22/1L/S3221L04.jpg,.jpg,19229,03ecca3c7cdbbc53b21ed3544c138815f25b66e4009d93882bb3258c12fdb42e,640,480,L,JPEG,True,,True,22,1,L,4,True,True,101.91492462158205,33.76659393310547,29.058595404296437,0.017373046875,0.0001041666666666,1L,False,False,False,False,False,False,True,True,True,312.44476318359375,158.9607696533203,61.32100296020508,354.57105264017616,threshold_p6,22.684119601328906,69.0987606506584,0.8424023073742827,304.44476318359375,158.9607696533203,130.0,68.97594726867489,radial_lateral_search,48.17698287963867,18.084999084472656,high,2.1199914176936225,8.0
22,1,L,F22_T1,F22_T1_L,5,S3221L05.jpg,22/1L/S3221L05.jpg,/Users/sarahoualli/Desktop/BIO/iris_twins_project/data/raw/CASIA-Iris-Twins/22/1L/S3221L05.jpg,.jpg,20657,20db095c5e7f4fdaaf95954af29bfb6eed0174630fa513b32e6e5399f022628f,640,480,L,JPEG,True,,True,22,1,L,5,True,True,130.62789916992188,40.930789947509766,37.48188429716958,0.0039973958333333,0.0001139322916666,1L,False,False,False,False,False,False,True,True,True,302.0,169.0,58.0,396.4805355404857,hough_pupil,24.4422641509434,94.60418482999128,0.75,298.0,172.0,127.0,74.86980995967471,hough_iris,48.772186279296875,21.13500213623047,high,2.189655172413793,5.0
22,1,L,F22_T1,F22_T1_L,6,S3221L06.jpg,22/1L/S3221L06.jpg,/Users/sarahoualli/Desktop/BIO/iris_twins_project/data/raw/CASIA-Iris-Twins/22/1L/S3221L06.jpg,.jpg,19525,1128677194d042fea6fe0577bc19551e6f59ccadd2126223113e07dc4182e28a,640,480,L,JPEG,True,,True,22,1,L,6,True,True,123.84072875976562,42.40518951416016,27.93464503970676,0.005361328125,0.0001790364583333,1L,False,False,False,False,False,False,True,True,True,314.167236328125,159.14865112304688,61.181034088134766,390.668747927614,threshold_p6,26.7112292358804,97.7722695584818,0.5065169302680569,314.167236328125,167.14865112304688,130.0,73.47043608296461,radial_lateral_search,49.20807266235352,20.544998168945312,high,2.124841496021914,8.0
22,1,L,F22_T1,F22_T1_L,7,S3221L07.jpg,22/1L/S3221L07.jpg,/Users/sarahoualli/Desktop/BIO/iris_twins_project/data/raw/CASIA-Iris-Twins/22/1L/S3221L07.jpg,.jpg,20329,dc77f0f8056c9e0df6608934afc8f90d60c131776da4e211fc893df7e81480a0,640,480,L,JPEG,True,,True,22,1,L,7,True,True,134.27093505859375,37.755741119384766,30.69470422346328,0.0039192708333333,0.000166015625,1L,False,False,False,False,False,False,True,True,True,306.0511474609375,158.05113220214844,62.55411148071289,413.0349947452768,threshold_p6,25.652772466539197,102.94259399444864,0.8523201329671821,306.0511474609375,166.05113220214844,130.0,76.65807650089783,radial_lateral_search,49.8732795715332,22.479995727539062,high,2.0782007277024865,8.0
22,1,L,F22_T1,F22_T1_L,9,S3221L09.jpg,22/1L/S3221L09.jpg,/Users/sarahoualli/Desktop/BIO/iris_twins_project/data/raw/CASIA-Iris-Twins/22/1L/S3221L09.jpg,.jpg,19557,dec543f7826e0311c6bde4271a8811042bfd5e28e4d5554c75911e8401601e1c,640,480,L,JPEG,True,,True,22,1,L,9,True,True,122.44131469726562,41.76933670043945,29.274882649061414,0.0058170572916666,8.463541666666667e-05,1L,False,False,False,False,False,False,True,True,True,285.0666809082031,150.06666564941406,63.79671096801758,393.96262901304857,threshold_p4,26.27627554141686,98.65176216734596,0.621328114151981,285.0,159.0,128.0,75.95802800114372,hough_iris,51.33192443847656,21.31000518798828,high,2.0063730254709946,8.933583209601704
22,1,R,F22_T1,F22_T1_R,1,S3221R01.jpg,22/1R/S3221R01.jpg,/Users/sarahoualli/Desktop/BIO/iris_twins_project/data/raw/CASIA-Iris-Twins/22/1R/S3221R01.jpg,.jpg,16911,7f6162015b4f9c72025ec4ca6e74df2c3513d09614322effd2ef9c642a87cd8f,640,480,L,JPEG,True,,True,22,1,R,1,True,True,134.17564392089844,40.02218246459961,24.67915480533176,0.0011555989583333,8.7890625e-05,1R,False,False,False,False,False,False,True,True,True,244.7573699951172,156.71983337402344,50.72209930419922,402.09926590309226,threshold_p4,26.484508648545905,99.72678306092124,0.8653405589299265,244.7573699951172,164.71983337402344,108.0,82.26471568672133,radial_lateral_search,53.18971633911133,23.970001220703125,high,2.1292494096564103,8.0
22,1,R,F22_T1,F22_T1_R,3,S3221R03.jpg,22/1R/S3221R03.jpg,/Users/sarahoualli/Desktop/BIO/iris_twins_project/data/raw/CASIA-Iris-Twins/22/1R/S3221R03.jpg,.jpg,15682,d08fb20eb4a77a1ef7b9ea44a1ac25712d8442a6e02fe9148e0329ccfed2df81,640,480,L,JPEG,True,,True,22,1,R,3,True,True,128.03375244140625,37.098819732666016,20.69018573073281,0.0014876302083333,5.5338541666666664e-05,1R,False,False,False,False,False,False,True,True,True,272.9159240722656,179.69468688964844,48.783103942871094,390.8946159807024,threshold_p3,25.705254343730378,92.39057475884243,0.8267111799309621,280.9159240722656,187.69468688964844,100.0,66.91524323346317,radial_lateral_search,46.812103271484375,18.3800048828125,high,2.049890062696871,11.31370849898476
22,1,R,F22_T1,F22_T1_R,4,S3221R04.jpg,22/1R/S3221R04.jpg,/Users/sarahoualli/Desktop/BIO/iris_twins_project/data/raw/CASIA-Iris-Twins/22/1R/S3221R04.jpg,.jpg,15666,21e712d0eadcac0a987c0b0d38e344be0a1a486507a0cd42606986d323f7581b,640,480,L,JPEG,True,,True,22,1,R,4,True,True,127.57266998291016,39.5934944152832,18.07685264628728,0.0012272135416666,5.208333333333334e-05,1R,False,False,False,False,False,False,True,True,True,261.0,195.0,45.0,387.8457437746373,hough_pupil,27.583024919812484,95.12162801703738,0.75,269.0,203.0,101.0,61.485311041215176,radial_lateral_search,42.115966796875,17.29999542236328,high,2.2444444444444445,11.31370849898476
22,1,R,F22_T1,F22_T1_R,5,S3221R05.jpg,22/1R/S3221R05.jpg,/Users/sarahoualli/Desktop/BIO/iris_twins_project/data/raw/CASIA-Iris-Twins/22/1R/S3221R05.jpg,.jpg,17624,fd088e4fe9fd7579c9d679c7462007f68c7856ec44d05b4a97d6cb6a7a41dbb2,640,480,L,JPEG,True,,True,22,1,R,5,True,True,132.18524169921875,41.04572677612305,28.06909548415078,0.0014518229166666,7.8125e-05,1R,False,False,False,False,False,False,True,True,True,276.0711364746094,197.42922973632812,49.60831069946289,401.9649410159491,threshold_p3,26.18407960199005,97.20874554808071,0.8753830299554788,276.0711364746094,205.42922973632812,108.0,71.69562066259466,radial_lateral_search,46.11139678955078,21.340003967285156,high,2.1770545797111636,8.0
22,1,R,F22_T1,F22_T1_R,7,S3221R07.jpg,22/1R/S3221R07.jpg,/Users/sarahoualli/Desktop/BIO/iris_twins_project/data/raw/CASIA-Iris-Twins/22/1R/S3221R07.jpg,.jpg,17918,6b15ebc29bcad48e742833530870337e37323d53ec8541e2859868fcf05de969,640,480,L,JPEG,True,,True,22,1,R,7,True,True,134.34640502929688,39.79837417602539,32.09564430744383,0.00171875,8.138020833333333e-05,1R,False,False,False,False,False,False,True,True,True,296.0,193.8441619873047,51.75663375854492,410.9274616447185,threshold_p4,26.4658810112146,102.23600950987564,0.8570119756162894,296.0,201.8441619873047,108.0,79.01664367094126,radial_lateral_search,52.7648811340332,22.07500457763672,high,2.0866890320541644,8.0
22,1,R,F22_T1,F22_T1_R,9,S3221R09.jpg,22/1R/S3221R09.jpg,/Users/sarahoualli/Desktop/BIO/iris_twins_project/data/raw/CASIA-Iris-Twins/22/1R/S3221R09.jpg,.jpg,18176,b5467120796418d6b71784f13b569611a4b189c44084097eca110e4222a66f9b,640,480,L,JPEG,True,,True,22,1,R,9,True,True,132.11207580566406,42.65964126586914,29.0825466422081,0.0012825520833333,4.557291666666667e-05,1R,False,False,False,False,False,False,True,True,True,259.56036376953125,208.0432281494141,50.868019104003906,401.1724641676025,threshold_p3,34.423683710321235,111.4908060921248,0.7656725146898652,262.0,208.0,113.0,67.12150333511282,hough_iris,46.30477523803711,16.81499481201172,high,2.2214350389576225,2.4400191822847495
22,1,R,F22_T1,F22_T1_R,10,S3221R10.jpg,22/1R/S3221R10.jpg,/Users/sarahoualli/Desktop/BIO/iris_twins_project/data/raw/CASIA-Iris-Twins/22/1R/S3221R10.jpg,.jpg,18311,441c765cd356bc056ee4793ae0bbc0cc74565d7d9ffde5edd9aea9bff9f3da0e,640,480,L,JPEG,True,,True,22,1,R,10,True,True,127.374267578125,42.82649612426758,33.89272912316853,0.0018033854166666,5.859375e-05,1R,False,False,False,False,False,False,True,True,True,248.9849548339844,203.6729278564453,52.16952133178711,405.5755140684943,threshold_p3,27.941719457013576,104.04480028787331,0.7683673676253081,248.9849548339844,211.6729278564453,111.0,63.20167784137459,radial_lateral_search,43.70896530151367,17.12999725341797,high,2.1276790962689405,8.0
22,2,L,F22_T2,F22_T2_L,1,S3222L01.jpg,22/2L/S3222L01.jpg,/Users/sarahoualli/Desktop/BIO/iris_twins_project/data/raw/CASIA-Iris-Twins/22/2L/S3222L01.jpg,.jpg,18383,cf6931cb28117908a0967be2b7fd4f7034b59f9621decdce67544a8822299f3f,640,480,L,JPEG,True,,True,22,2,L,1,True,True,137.16754150390625,52.1423454284668,21.860062262121836,0.0042708333333333,9.765625e-05,2L,False,False,False,False,False,False,True,True,True,277.0,254.0,58.0,397.2171413480202,hough_pupil,23.48754716981132,92.54431851206044,0.75,270.0,251.0,133.0,72.32758840604176,hough_iris,48.003116607666016,20.040000915527344,high,2.293103448275862,7.615773105863909
22,2,L,F22_T2,F22_T2_L,2,S3222L02.jpg,22/2L/S3222L02.jpg,/Users/sarahoualli/Desktop/BIO/iris_twins_project/data/raw/CASIA-Iris-Twins/22/2L/S3222L02.jpg,.jpg,19786,1c1dc25860282332338b363160d517f1744e4cbe6a5f688d66943ac9f3675f04,640,480,L,JPEG,True,,True,22,2,L,2,True,True,142.83624267578125,45.966064453125,25.055386223305593,0.0017578125,0.0001790364583333,2L,False,False,False,False,False,False,True,True,True,325.9389953613281,265.4382019042969,57.497989654541016,408.08238805092617,threshold_p3,30.495245283018868,111.22897609914428,0.5142517508885173,323.0,262.0,132.0,79.3213870552893,hough_iris,54.48624420166016,19.845001220703125,high,2.295732438526658,4.523154437847429
22,2,L,F22_T2,F22_T2_L,3,S3222L03.jpg,22/2L/S3222L03.jpg,/Users/sarahoualli/Desktop/BIO/iris_twins_project/data/raw/CASIA-Iris-Twins/22/2L/S3222L03.jpg,.jpg,19750,b1b0eb5778f18af30d1a8b7735c133758d08363abfa514ad2c46131bd0f4d789,640,480,L,JPEG,True,,True,22,2,L,3,True,True,133.12274169921875,53.09510803222656,31.575208027776085,0.0052115885416666,0.000107421875,2L,False,False,False,False,False,False,True,True,True,300.2979736328125,249.5743865966797,63.16063690185547,388.2536315165105,threshold_p5,29.530527346139728,97.87363437727603,0.6467786455131712,299.0,251.0,132.0,69.67354796574016,hough_iris,46.53191375732422,18.759994506835938,high,2.089909261129098,1.9279805826830836
22,2,L,F22_T2,F22_T2_L,5,S3222L05.jpg,22/2L/S3222L05.jpg,/Users/sarahoualli/Desktop/BIO/iris_twins_project/data/raw/CASIA-Iris-Twins/22/2L/S3222L05.jpg,.jpg,21756,a4a6a201cb7b3b79d2708352f537c507e53f02479f2b43a9e53292fb91599ff9,640,480,L,JPEG,True,,True,22,2,L,5,True,True,141.2200469970703,41.60829544067383,37.011801971594494,0.0013216145833333,9.440104166666666e-05,2L,False,False,False,False,False,False,True,True,True,295.0,250.0,55.0,424.66777734604256,hough_pupil,28.86210301135429,113.87574110671936,0.75,289.0,251.0,122.0,81.18410908888319,hough_iris,55.061073303222656,21.26499938964844,high,2.2181818181818183,6.082762530298219
22,2,L,F22_T2,F22_T2_L,6,S3222L06.jpg,22/2L/S3222L06.jpg,/Users/sarahoualli/Desktop/BIO/iris_twins_project/data/raw/CASIA-Iris-Twins/22/2L/S3222L06.jpg,.jpg,21491,300a840447ce46de9fd99c065c349174273135f7cade0bd4a4382b62dbc5c08f,640,480,L,JPEG,True,,True,22,2,L,6,True,True,136.03839111328125,46.228614807128906,40.58317266693114,0.00216796875,7.486979166666666e-05,2L,False,False,False,False,False,False,True,True,True,297.0992736816406,242.5238342285156,58.3481330871582,401.13525255163705,threshold_p4,32.53200404565814,106.9496512641674,0.7783542419424856,293.0,244.0,122.0,73.75469113129051,hough_iris,49.95634460449219,19.659996032714844,high,2.0908980895371765,4.35696110860466
22,2,L,F22_T2,F22_T2_L,7,S3222L07.jpg,22/2L/S3222L07.jpg,/Users/sarahoualli/Desktop/BIO/iris_twins_project/data/raw/CASIA-Iris-Twins/22/2L/S3222L07.jpg,.jpg,20001,957c0586d3b814837c28d83e100cc4cd25a5322bb794376e72509dbe0754728b,640,480,L,JPEG,True,,True,22,2,L,7,True,True,134.48565673828125,41.726593017578125,38.03445432874891,0.002119140625,4.557291666666667e-05,2L,False,False,False,False,False,False,True,True,True,282.9623718261719,238.8463897705078,54.938228607177734,410.1244233479976,threshold_p4,26.647358894191218,101.7350955204216,0.8277751429766882,278.0,242.0,113.0,75.92883917130067,hough_iris,51.646331787109375,20.375,high,2.0568555423943256,5.879659141544019
22,2,L,F22_T2,F22_T2_L,8,S3222L08.jpg,22/2L/S3222L08.jpg,/Users/sarahoualli/Desktop/BIO/iris_twins_project/data/raw/CASIA-Iris-Twins/22/2L/S3222L08.jpg,.jpg,19493,0f924ca9452d1656fc24c961ed3f56a93eb58e28ea6cd7754d93ec50d674ffe1,640,480,L,JPEG,True,,True,22,2,L,8,True,True,134.10134887695312,41.66171646118164,40.30370373090109,0.00146484375,7.486979166666666e-05,2L,False,False,False,False,False,False,True,True,True,315.2272644042969,236.742431640625,52.67461013793945,404.18876385772666,threshold_p3,27.294117647058822,99.35658981417755,0.8133057487757159,312.0,239.0,114.0,77.56204185703702,hough_iris,52.19674301147461,20.49500274658203,high,2.164230541079796,3.938508655886488
22,2,L,F22_T2,F22_T2_L,9,S3222L09.jpg,22/2L/S3222L09.jpg,/Users/sarahoualli/Desktop/BIO/iris_twins_project/data/raw/CASIA-Iris-Twins/22/2L/S3222L09.jpg,.jpg,20019,d10fadcf68f8fa072ce5227938f0e1d5fc38637c550c5aa3a2921290a34e5fcd,640,480,L,JPEG,True,,True,22,2,L,9,True,True,126.21170806884766,42.92656326293945,44.814739384958486,0.0030013020833333,7.8125e-05,2L,False,False,False,False,False,False,True,True,True,287.6984558105469,197.10678100585935,54.3935546875,386.0126416828612,threshold_p3,26.639789369754812,97.35030140656396,0.3584328276350435,285.0,200.0,119.0,74.73143515974711,hough_iris,51.15947341918945,19.150001525878903,high,2.187759205730803,3.956308874384087
22,2,R,F22_T2,F22_T2_R,1,S3222R01.jpg,22/2R/S3222R01.jpg,/Users/sarahoualli/Desktop/BIO/iris_twins_project/data/raw/CASIA-Iris-Twins/22/2R/S3222R01.jpg,.jpg,18792,cf9fe2e3aa1f7ed5509f6e721ef669f37c0f72f964520b0b1637c1f0e368f8de,640,480,L,JPEG,True,,True,22,2,R,1,True,True,125.23811340332033,53.06159973144531,27.57738671594196,0.0025716145833333,0.0001139322916666,2R,False,False,False,False,False,False,True,True,True,259.8167724609375,197.68878173828125,55.255088806152344,396.0598216027147,threshold_p5,24.154023366792824,96.70679304897314,0.5638065503219094,259.8167724609375,205.68878173828125,132.0,69.21690456142515,radial_lateral_search,46.1942253112793,18.904998779296875,high,2.388920239782558,8.0
22,2,R,F22_T2,F22_T2_R,2,S3222R02.jpg,22/2R/S3222R02.jpg,/Users/sarahoualli/Desktop/BIO/iris_twins_project/data/raw/CASIA-Iris-Twins/22/2R/S3222R02.jpg,.jpg,19109,a2c03b49ff70cea8e3442a8d73cf74668edbefa76ee32c6296fa810cc9f88b03,640,480,L,JPEG,True,,True,22,2,R,2,True,True,134.857421875,44.35882568359375,31.755450706481938,0.0017350260416666,0.000166015625,2R,False,False,False,False,False,False,True,True,True,256.2368469238281,190.23684692382812,54.584720611572266,417.80997727403366,threshold_p6,24.862761230870497,107.02197890025576,0.6699927352070181,256.2368469238281,190.23684692382812,131.0,86.0684228542692,radial_lateral_search,56.95566940307617,21.794998168945312,high,2.3999390036673973,0.0
22,2,R,F22_T2,F22_T2_R,3,S3222R03.jpg,22/2R/S3222R03.jpg,/Users/sarahoualli/Desktop/BIO/iris_twins_project/data/raw/CASIA-Iris-Twins/22/2R/S3222R03.jpg,.jpg,19431,d9f332cd2975931621a30e53e71f268b16d033f2e8c691f2dbf8966ecbf72f01,640,480,L,JPEG,True,,True,22,2,R,3,True,True,133.077392578125,44.030296325683594,31.154365391031902,0.001171875,0.0001627604166666,2R,False,False,False,False,False,False,True,True,True,266.48736572265625,191.3184509277344,53.83629608154297,421.9934798594343,threshold_p5,25.653135256520983,109.8937937062937,0.6983880490784186,271.0,194.0,130.0,82.55246840966439,hough_iris,54.80486297607422,21.715003967285156,high,2.414727785193393,5.249245045530489
22,2,R,F22_T2,F22_T2_R,4,S3222R04.jpg,22/2R/S3222R04.jpg,/Users/sarahoualli/Desktop/BIO/iris_twins_project/data/raw/CASIA-Iris-Twins/22/2R/S3222R04.jpg,.jpg,17892,42040c6c8a3ce082d04ed4a4452940063fa546d48c396194c4d9768ecbb7a6d1,640,480,L,JPEG,True,,True,22,2,R,4,True,True,138.32566833496094,40.18390655517578,27.20469415130615,0.0010188802083333,0.0001497395833333,2R,False,False,False,False,False,False,True,True,True,252.5,192.0,54.362308502197266,428.7801274146288,threshold_p5,25.048713076524443,112.51959142665774,0.6932555490942464,252.5,192.0,133.0,84.21087559046138,radial_lateral_search,54.330684661865234,22.209999084472656,high,2.446548052583607,0.0
22,2,R,F22_T2,F22_T2_R,5,S3222R05.jpg,22/2R/S3222R05.jpg,/Users/sarahoualli/Desktop/BIO/iris_twins_project/data/raw/CASIA-Iris-Twins/22/2R/S3222R05.jpg,.jpg,19275,c4aeb376611a9883b1089be095f6ac850dcc2b58382caed84a84ada0d01cfeba,640,480,L,JPEG,True,,True,22,2,R,5,True,True,133.4457550048828,42.33342742919922,29.13015882869296,0.0010026041666666,0.00013671875,2R,False,False,False,False,False,False,True,True,True,244.0,179.0,50.0,412.2372324159452,hough_pupil,28.082388059701493,108.81511496419148,0.75,252.0,187.0,127.0,76.61790634082999,radial_lateral_search,51.481327056884766,20.57500457763672,high,2.54,11.31370849898476
22,2,R,F22_T2,F22_T2_R,6,S3222R06.jpg,22/2R/S3222R06.jpg,/Users/sarahoualli/Desktop/BIO/iris_twins_project/data/raw/CASIA-Iris-Twins/22/2R/S3222R06.jpg,.jpg,20153,083113b1ee78e2d843efb5c7f920e347af517d32ec07ff2b3031a395223fb0e9,640,480,L,JPEG,True,,True,22,2,R,6,True,True,136.59246826171875,38.48370361328125,40.76145334455702,0.0009212239583333,0.0001139322916666,2R,False,False,False,False,False,False,True,True,True,281.8431091308594,179.77615356445312,54.740325927734375,431.5598719840155,threshold_p6,27.75958532170479,115.86173273657288,0.8364193410715546,282.0,184.0,122.0,86.43392392138956,hough_iris,58.418800354003906,22.25499725341797,high,2.22870430404559,4.226759214327419
22,2,R,F22_T2,F22_T2_R,7,S3222R07.jpg,22/2R/S3222R07.jpg,/Users/sarahoualli/Desktop/BIO/iris_twins_project/data/raw/CASIA-Iris-Twins/22/2R/S3222R07.jpg,.jpg,18966,c23a0c4ca27ec86d2c656a0a919c4664a228eac890dbcb3939702327f27626b1,640,480,L,JPEG,True,,True,22,2,R,7,True,True,131.4413299560547,40.47044372558594,32.50210063472325,0.0014225260416666,9.440104166666666e-05,2R,False,False,False,False,False,False,True,True,True,278.519287109375,179.5476837158203,53.99203872680664,423.78724548714126,threshold_p5,27.866989117291418,112.36034829202949,0.8188354577885877,281.0,177.0,126.0,77.39960998818691,hough_iris,53.283878326416016,19.050003051757812,high,2.3336773896897127,3.555928677795582
22,2,R,F22_T2,F22_T2_R,8,S3222R08.jpg,22/2R/S3222R08.jpg,/Users/sarahoualli/Desktop/BIO/iris_twins_project/data/raw/CASIA-Iris-Twins/22/2R/S3222R08.jpg,.jpg,20037,9f2d734f610243fbfce65257a9620a369c0f3428adf8d7defa3d102b7fcaa761,640,480,L,JPEG,True,,True,22,2,R,8,True,True,133.35426330566406,38.59745788574219,38.47093335290485,0.001416015625,0.0001106770833333,2R,False,False,False,False,False,False,True,True,True,269.42803955078125,181.94053649902344,54.9943962097168,426.739551334153,threshold_p5,28.922823761724533,115.19408761528328,0.8381458199617556,269.42803955078125,181.94053649902344,124.0,80.24849680529502,radial_lateral_search,54.11039733886719,20.084999084472656,high,2.2547751870415262,0.0
22,2,R,F22_T2,F22_T2_R,9,S3222R09.jpg,22/2R/S3222R09.jpg,/Users/sarahoualli/Desktop/BIO/iris_twins_project/data/raw/CASIA-Iris-Twins/22/2R/S3222R09.jpg,.jpg,19622,15971d4a7e42bbf6a65f675a8ca060d3151000dd07a9213e7c1ece6ad777f60e,640,480,L,JPEG,True,,True,22,2,R,9,True,True,127.1238021850586,40.150901794433594,37.033151143222376,0.00197265625,0.0001106770833333,2R,False,False,False,False,False,False,True,True,True,263.90435791015625,176.26971435546875,56.99443817138672,414.84753697011865,threshold_p5,27.926641509433964,110.23840601965604,0.6800303771110124,268.0,181.0,123.0,78.59778266651585,hough_iris,53.33260345458984,20.855003356933594,high,2.158105315998193,6.256987007095196
22,2,R,F22_T2,F22_T2_R,10,S3222R10.jpg,22/2R/S3222R10.jpg,/Users/sarahoualli/Desktop/BIO/iris_twins_project/data/raw/CASIA-Iris-Twins/22/2R/S3222R10.jpg,.jpg,19759,41e1a7082d9c46aa90fd4743fd009c8c2a1c2e87eec71fba61eacd9b8be45a15,640,480,L,JPEG,True,,True,22,2,R,10,True,True,128.42623901367188,42.19913482666016,38.22307942640516,0.0023665364583333,0.0001139322916666,2R,False,False,False,False,False,False,True,True,True,269.14080810546875,172.70526123046875,56.97361373901367,416.5312496618479,threshold_p5,27.605735849056604,108.62507678132678,0.8291906444602424,270.0,173.0,124.0,78.62726433771894,hough_iris,53.1065559387207,20.030006408691406,high,2.176446110089184,0.9083400541058364
24,1,L,F24_T1,F24_T1_L,1,S3241L01.jpg,24/1L/S3241L01.jpg,/Users/sarahoualli/Desktop/BIO/iris_twins_project/data/raw/CASIA-Iris-Twins/24/1L/S3241L01.jpg,.jpg,18775,12b767c2c5f97a965cb8f4daad071a3eb7db7e853eda3dbf6722011fc638422c,640,480,L,JPEG,True,,True,24,1,L,1,True,True,124.47958374023438,36.73713302612305,30.45810368981891,0.0033268229166666,7.8125e-05,1L,False,False,False,False,False,False,True,True,True,456.8302001953125,300.7832946777344,55.10080337524414,366.5149197910755,threshold_p4,23.567056113213756,79.45643939393939,0.7357257239175947,456.8302001953125,300.7832946777344,118.0,72.27990308754579,radial_lateral_search,52.39078521728515,15.94499969482422,high,2.141529574376685,0.0
24,1,L,F24_T1,F24_T1_L,8,S3241L08.jpg,24/1L/S3241L08.jpg,/Users/sarahoualli/Desktop/BIO/iris_twins_project/data/raw/CASIA-Iris-Twins/24/1L/S3241L08.jpg,.jpg,18752,3b4f4159b7cb4b13f40c28040f5194feda3dc698331defd01705a8b047d20f02,640,480,L,JPEG,True,,True,24,1,L,8,True,True,130.09938049316406,37.77751159667969,41.475955198913155,0.0035546875,6.184895833333334e-05,1L,False,False,False,False,False,False,True,True,True,421.9963073730469,207.8717803955078,56.76683044433594,361.6975444876298,threshold_p4,23.26238012891055,75.49332002457002,0.7594066393132426,429.9963073730469,207.8717803955078,139.0,64.69543549978539,radial_lateral_search,51.604984283447266,11.639999389648438,high,2.448613017707581,8.0
24,1,R,F24_T1,F24_T1_R,1,S3241R01.jpg,24/1R/S3241R01.jpg,/Users/sarahoualli/Desktop/BIO/iris_twins_project/data/raw/CASIA-Iris-Twins/24/1R/S3241R01.jpg,.jpg,17086,4727b58b70cf87f8a722f605e1c63913e37b070f6a5c3290cb50872ed2bd24c1,640,480,L,JPEG,True,,True,24,1,R,1,True,True,146.19158935546875,44.03031539916992,24.64525632297728,0.0006380208333333,0.0001041666666666,1R,False,False,False,False,False,False,True,True,True,379.3367614746094,222.76722717285156,54.42665100097656,364.92204090855967,threshold_p5,27.89797597498766,83.8649531145345,0.7074597290884845,379.3367614746094,230.76722717285156,111.0,68.64767827487012,radial_lateral_search,45.0979118347168,20.279998779296875,high,2.0394420372844246,8.0
24,1,R,F24_T1,F24_T1_R,4,S3241R04.jpg,24/1R/S3241R04.jpg,/Users/sarahoualli/Desktop/BIO/iris_twins_project/data/raw/CASIA-Iris-Twins/24/1R/S3241R04.jpg,.jpg,19201,2f5b16c64c917741dda60b53548b88b7ba36f4f1c6ce1af9f576d3e900f690d4,640,480,L,JPEG,True,,True,24,1,R,4,True,True,103.72156524658205,38.223533630371094,32.30545301038954,0.019130859375,0.0001595052083333,1R,False,False,False,False,False,False,True,True,True,349.232177734375,321.6410217285156,58.64887619018555,306.9051101175715,threshold_p6,22.27597168039301,44.19402985074627,0.8772050254360446,351.0,326.0,121.0,64.64716768857795,hough_iris,45.51961898803711,16.46500015258789,high,2.063125636160927,4.703816230903628
24,2,L,F24_T2,F24_T2_L,1,S3242L01.jpg,24/2L/S3242L01.jpg,/Users/sarahoualli/Desktop/BIO/iris_twins_project/data/raw/CASIA-Iris-Twins/24/2L/S3242L01.jpg,.jpg,20241,37cbbce091cf57d39f8990298620a12e573893a26df772ac85b359ef7ac79e2f,640,480,L,JPEG,True,,True,24,2,L,1,True,True,130.7497100830078,42.02320098876953,37.830929176743815,0.0031022135416666,0.0001236979166666,2L,False,False,False,False,False,False,True,True,True,305.0,267.0,49.0,330.9781958582271,hough_pupil,24.02072430395646,60.01627813504823,0.75,305.0,267.0,117.0,66.63907353926679,radial_lateral_search,44.232051849365234,17.040000915527344,high,2.3877551020408165,0.0
24,2,L,F24_T2,F24_T2_L,2,S3242L02.jpg,24/2L/S3242L02.jpg,/Users/sarahoualli/Desktop/BIO/iris_twins_project/data/raw/CASIA-Iris-Twins/24/2L/S3242L02.jpg,.jpg,19044,c42ebe6694c057c4478ec3e7589134f933f8ab48a347a4f422adde33e43a5904,640,480,L,JPEG,True,,True,24,2,L,2,True,True,131.25531005859375,43.09312057495117,33.8638074370914,0.0026953125,0.000126953125,2L,False,False,False,False,False,False,True,True,True,279.0,269.0,49.0,330.63761074264556,hough_pupil,23.67510990161189,59.88745980707395,0.75,271.0,269.0,121.0,76.13258260610152,radial_lateral_search,49.4980354309082,21.25499725341797,high,2.4693877551020407,8.0
24,2,L,F24_T2,F24_T2_L,8,S3242L08.jpg,24/2L/S3242L08.jpg,/Users/sarahoualli/Desktop/BIO/iris_twins_project/data/raw/CASIA-Iris-Twins/24/2L/S3242L08.jpg,.jpg,20909,93912891321c39422393bb990333779568c14061ad3c2d591dc98ee724bed095,640,480,L,JPEG,True,,True,24,2,L,8,True,True,125.0211944580078,45.004512786865234,35.938029996066625,0.0064127604166666,0.0001041666666666,2L,False,False,False,False,False,False,True,True,True,406.0,284.0,56.29397201538086,320.894282446756,threshold_p4,24.12891054865587,55.19321717485999,0.8159675472365829,398.0,284.0,124.0,77.2276701775421,radial_lateral_search,51.40778350830078,21.43499755859375,high,2.2027225218025164,8.0
24,2,L,F24_T2,F24_T2_L,10,S3242L10.jpg,24/2L/S3242L10.jpg,/Users/sarahoualli/Desktop/BIO/iris_twins_project/data/raw/CASIA-Iris-Twins/24/2L/S3242L10.jpg,.jpg,18250,6bda7ac3d840b36c17c4a3961d9126c30466880aa1717763343f849b78753016,640,480,L,JPEG,True,,True,24,2,L,10,True,True,133.31715393066406,37.70832824707031,32.03269740651449,0.002177734375,0.0001139322916666,2L,False,False,False,False,False,False,True,True,True,276.6459045410156,241.15174865722656,58.17524719238281,391.4483629812553,threshold_p6,27.017771998266145,92.18497529787852,0.8631998546007011,274.0,243.0,118.0,71.75605956378223,hough_iris,50.11651992797851,18.095001220703125,high,2.02835408003991,3.2275135733612212
24,2,R,F24_T2,F24_T2_R,5,S3242R05.jpg,24/2R/S3242R05.jpg,/Users/sarahoualli/Desktop/BIO/iris_twins_project/data/raw/CASIA-Iris-Twins/24/2R/S3242R05.jpg,.jpg,23203,b4c79a67ea21f1e2e4d57868f9d97f2ee622ba6c683cc64981df612b87f24e7c,640,480,L,JPEG,True,,True,24,2,R,5,True,True,114.4921646118164,47.824127197265625,46.36209099620184,0.015556640625,8.138020833333333e-05,2R,False,False,False,False,False,False,True,True,True,345.3165283203125,349.40826416015625,59.27067184448242,311.33586643336076,threshold_p6,22.840629966767807,47.66064533921677,0.8922762387884255,345.3165283203125,341.40826416015625,122.0,68.96130512592597,radial_lateral_search,48.170894622802734,18.25499725341797,high,2.058353587084522,8.0
25,1,L,F25_T1,F25_T1_L,1,S3251L01.jpg,25/1L/S3251L01.jpg,/Users/sarahoualli/Desktop/BIO/iris_twins_project/data/raw/CASIA-Iris-Twins/25/1L/S3251L01.jpg,.jpg,20646,8ed279eca5491b565b7a737a0f67a985ec8db94e2b48f9a1740e919d1f48c6ae,640,480,L,JPEG,True,,True,25,1,L,1,True,True,123.88768005371094,36.18409729003906,47.77324258625242,0.00154296875,8.463541666666667e-05,1L,False,False,False,False,False,False,True,True,True,215.5,213.15554809570312,45.18056869506836,340.25284402147435,threshold_p3,25.10905502097212,66.5341930903928,0.8360518060137554,215.5,213.15554809570312,119.0,88.30211715556976,radial_lateral_search,57.6096076965332,22.2550048828125,high,2.6338756557747653,0.0
25,1,R,F25_T1,F25_T1_R,1,S3251R01.jpg,25/1R/S3251R01.jpg,/Users/sarahoualli/Desktop/BIO/iris_twins_project/data/raw/CASIA-Iris-Twins/25/1R/S3251R01.jpg,.jpg,17533,3de9e2e20a66a3616dc36ab89488663a4bf2519ecb14ec60e18653f6e9f7b794,640,480,L,JPEG,True,,True,25,1,R,1,True,True,98.51990509033205,31.072813034057617,28.126322395155167,0.01193359375,0.0001692708333333,1R,False,False,False,False,False,False,True,True,True,331.9082336425781,145.02059936523438,50.21970748901367,344.9961302664564,threshold_p8,24.960597014925373,67.43339805825242,0.8825550081041382,331.9082336425781,145.02059936523438,129.0,62.15396758804995,radial_lateral_search,42.4321174621582,14.604999542236328,high,2.568712691690224,0.0
25,1,R,F25_T1,F25_T1_R,2,S3251R02.jpg,25/1R/S3251R02.jpg,/Users/sarahoualli/Desktop/BIO/iris_twins_project/data/raw/CASIA-Iris-Twins/25/1R/S3251R02.jpg,.jpg,17832,ace3f4aed1e85940f2462443053fb3c70cb79113cf7a2093eae1178641c37661,640,480,L,JPEG,True,,True,25,1,R,2,True,True,107.34940338134766,33.232940673828125,24.79343548545838,0.0088020833333333,0.0001888020833333,1R,False,False,False,False,False,False,True,True,True,398.1974792480469,176.14688110351562,49.53620147705078,355.0413392583567,threshold_p5,23.890547263681594,71.17748318163831,0.895295356315723,398.1974792480469,184.1468811035156,126.0,72.4793134408167,radial_lateral_search,50.146934509277344,17.970001220703125,high,2.543594305638746,8.0
25,1,R,F25_T1,F25_T1_R,3,S3251R03.jpg,25/1R/S3251R03.jpg,/Users/sarahoualli/Desktop/BIO/iris_twins_project/data/raw/CASIA-Iris-Twins/25/1R/S3251R03.jpg,.jpg,19646,75c63041c5909ab97b521ce2db302432b0808764169ace564e09af431ddd30f2,640,480,L,JPEG,True,,True,25,1,R,3,True,True,102.13887786865234,35.71137619018555,35.79306687010659,0.0125618489583333,0.0001009114583333,1R,False,False,False,False,False,False,True,True,True,428.6842041015625,173.73684692382812,48.455841064453125,339.5189303953326,threshold_p5,22.393971111576302,61.82237673830594,0.8919186862088959,428.6842041015625,181.73684692382812,126.0,67.58776075661272,radial_lateral_search,47.37353515625,16.295001983642578,high,2.6003057058157792,8.0
25,1,R,F25_T1,F25_T1_R,4,S3251R04.jpg,25/1R/S3251R04.jpg,/Users/sarahoualli/Desktop/BIO/iris_twins_project/data/raw/CASIA-Iris-Twins/25/1R/S3251R04.jpg,.jpg,18273,4ec98e8bf6d3d29a3a96200a1724c8ec8752bb3edbec9ed65aa8ce2281d6cb8d,640,480,L,JPEG,True,,True,25,1,R,4,True,True,108.12380981445312,34.99061965942383,24.62588907622232,0.0041145833333333,7.486979166666666e-05,1R,False,False,False,False,False,False,True,True,True,300.5,243.5,44.32278060913086,344.59755416948,threshold_p3,24.00726706462497,64.92924763328351,0.7952718271695414,300.5,243.5,114.0,73.5844560685215,radial_lateral_search,49.88729095458984,17.435001373291016,high,2.5720407978310607,0.0
25,1,R,F25_T1,F25_T1_R,5,S3251R05.jpg,25/1R/S3251R05.jpg,/Users/sarahoualli/Desktop/BIO/iris_twins_project/data/raw/CASIA-Iris-Twins/25/1R/S3251R05.jpg,.jpg,19491,e04b68854134a97de7234f3a2a970e5b2577ab63d306f04bd003854a2785d568,640,480,L,JPEG,True,,True,25,1,R,5,True,True,113.7465591430664,34.15963363647461,33.32134472061793,0.0030501302083333,6.8359375e-05,1R,False,False,False,False,False,False,True,True,True,347.4327392578125,269.24859619140625,42.80377197265625,347.08381380641066,threshold_p4,25.15586206896552,68.492204595186,0.789169206168478,347.4327392578125,269.24859619140625,111.0,78.28731732761247,radial_lateral_search,52.125396728515625,19.13500213623047,high,2.5932294020935496,0.0
25,2,L,F25_T2,F25_T2_L,2,S3252L02.jpg,25/2L/S3252L02.jpg,/Users/sarahoualli/Desktop/BIO/iris_twins_project/data/raw/CASIA-Iris-Twins/25/2L/S3252L02.jpg,.jpg,16637,5c60dbdd7a22890bd51ec6be905f785b5bfe78f330ae77510c7180396d2730e8,640,480,L,JPEG,True,,True,25,2,L,2,True,True,124.22626495361328,39.4140510559082,21.5298700357649,0.0027180989583333,5.859375e-05,2L,False,False,False,False,False,False,True,True,True,418.0,107.82666778564452,37.82676315307617,328.0590538043529,threshold_p3,22.76249556894718,60.45414402173913,0.7454813987377729,410.0,115.82666778564452,113.0,78.36189519409169,radial_lateral_search,53.41153335571289,20.520000457763672,high,2.987302919436038,11.31370849898476
25,2,L,F25_T2,F25_T2_L,3,S3252L03.jpg,25/2L/S3252L03.jpg,/Users/sarahoualli/Desktop/BIO/iris_twins_project/data/raw/CASIA-Iris-Twins/25/2L/S3252L03.jpg,.jpg,17345,24303dad72c84e066c929e432c3b0727f998023f58be9b99dd463ec4af847b89,640,480,L,JPEG,True,,True,25,2,L,3,True,True,121.41139221191406,37.69603729248047,22.17268285619948,0.0021354166666666,6.510416666666667e-05,2L,False,False,False,False,False,False,True,True,True,436.0,118.0,36.496673583984375,324.519887366497,threshold_p2,22.775199695701787,59.260570824524315,0.7100661147445855,428.0,126.0,112.0,73.02804057641019,radial_lateral_search,48.78855514526367,20.24500274658203,high,3.068772822330535,11.31370849898476
25,2,L,F25_T2,F25_T2_L,4,S3252L04.jpg,25/2L/S3252L04.jpg,/Users/sarahoualli/Desktop/BIO/iris_twins_project/data/raw/CASIA-Iris-Twins/25/2L/S3252L04.jpg,.jpg,18402,ac0923694cdf3777682c37fa33dfe9396074db3fcbf6c9fcf0f87bd82053006e,640,480,L,JPEG,True,,True,25,2,L,4,True,True,115.50269317626952,37.23368453979492,38.644726435301045,0.0039453125,6.184895833333334e-05,2L,False,False,False,False,False,False,True,True,True,447.8878479003906,182.1027984619141,40.22347640991211,324.50780935677875,threshold_p5,23.77812402617638,59.37729498164015,0.6991934756570621,439.8878479003906,190.1027984619141,118.0,78.6382017835495,radial_lateral_search,55.3350715637207,19.189998626708984,high,2.933610183204397,11.31370849898476
25,2,L,F25_T2,F25_T2_L,5,S3252L05.jpg,25/2L/S3252L05.jpg,/Users/sarahoualli/Desktop/BIO/iris_twins_project/data/raw/CASIA-Iris-Twins/25/2L/S3252L05.jpg,.jpg,18537,73f12d3fbfbe6081f72ffe67a10d95751521260010c50ff79b7cc8b13ac5978e,640,480,L,JPEG,True,,True,25,2,L,5,True,True,117.80441284179688,31.644548416137695,26.68288404438231,0.001748046875,6.8359375e-05,2L,False,False,False,False,False,False,True,True,True,306.5,256.0,39.71470642089844,351.99396916233974,threshold_p4,24.095045185416016,68.3875458996328,0.8400875803570994,299.0,264.0,110.0,77.56014180073743,hough_iris,52.04462814331055,20.23999786376953,high,2.7697548317294487,10.965856099730654
25,2,L,F25_T2,F25_T2_L,6,S3252L06.jpg,25/2L/S3252L06.jpg,/Users/sarahoualli/Desktop/BIO/iris_twins_project/data/raw/CASIA-Iris-Twins/25/2L/S3252L06.jpg,.jpg,16281,235cd66f1526722d0d01dd5da7515449ebea52cf6f3327d79f29a6f2c885b4bc,640,480,L,JPEG,True,,True,25,2,L,6,True,True,117.93429565429688,32.65680694580078,18.855061781141497,0.0014876302083333,7.8125e-05,2L,False,False,False,False,False,False,True,True,True,339.5,224.5,38.91667556762695,328.4700389454437,threshold_p5,28.522825724758412,63.74104180491042,0.8300583233081115,331.5,232.5,109.0,60.112404379404616,radial_lateral_search,39.386253356933594,16.970001220703125,high,2.800855890441789,11.31370849898476
25,2,L,F25_T2,F25_T2_L,7,S3252L07.jpg,25/2L/S3252L07.jpg,/Users/sarahoualli/Desktop/BIO/iris_twins_project/data/raw/CASIA-Iris-Twins/25/2L/S3252L07.jpg,.jpg,17640,670043bf32da6033ae8515d193d91b0bba012cc57115eab0434db425ed4823e8,640,480,L,JPEG,True,,True,25,2,L,7,True,True,116.81114959716795,31.200206756591797,24.65420442437066,0.0018489583333333,9.440104166666666e-05,2L,False,False,False,False,False,False,True,True,True,339.0391540527344,211.6610412597656,37.99677276611328,353.2963581044361,threshold_p6,25.147110953562567,70.67934782608695,0.8526946663568783,331.0391540527344,219.6610412597656,108.0,77.0332043187711,radial_lateral_search,51.49602127075195,20.52499771118164,high,2.8423466557222405,11.31370849898476
25,2,L,F25_T2,F25_T2_L,8,S3252L08.jpg,25/2L/S3252L08.jpg,/Users/sarahoualli/Desktop/BIO/iris_twins_project/data/raw/CASIA-Iris-Twins/25/2L/S3252L08.jpg,.jpg,17984,ea267536d833816919051a69f24728cc7a1deed00c312796f957e7e800d43e37,640,480,L,JPEG,True,,True,25,2,L,8,True,True,118.6539306640625,30.589250564575195,27.835964301172893,0.0013736979166666,7.8125e-05,2L,False,False,False,False,False,False,True,True,True,340.5,215.5985870361328,36.1872444152832,365.08938838314464,threshold_p2,21.88779003423355,72.86327831957989,0.7741158056414832,332.5,223.5985870361328,110.0,80.55253833687199,radial_lateral_search,53.68394470214844,22.040000915527344,high,3.039745130567139,11.31370849898476
25,2,L,F25_T2,F25_T2_L,9,S3252L09.jpg,25/2L/S3252L09.jpg,/Users/sarahoualli/Desktop/BIO/iris_twins_project/data/raw/CASIA-Iris-Twins/25/2L/S3252L09.jpg,.jpg,17651,c9c48c4fa64e338d6279516140d000c0048dc1ec690c650464ff77931c63db9e,640,480,L,JPEG,True,,True,25,2,L,9,True,True,119.5427474975586,31.221843719482425,25.934874034023284,0.0014290364583333,6.8359375e-05,2L,False,False,False,False,False,False,True,True,True,331.4427490234375,244.12596130371097,39.28743743896485,351.3499291056926,threshold_p6,26.95368210596468,72.96869158878505,0.7602666262653599,323.4427490234375,252.12596130371097,108.0,79.53771482947775,radial_lateral_search,53.2082633972168,20.829998016357425,high,2.748970333526686,11.31370849898476
25,2,L,F25_T2,F25_T2_L,10,S3252L10.jpg,25/2L/S3252L10.jpg,/Users/sarahoualli/Desktop/BIO/iris_twins_project/data/raw/CASIA-Iris-Twins/25/2L/S3252L10.jpg,.jpg,17804,5fab2dea342f8bcb410cd2fbc1cabffe4f0a6449be824c20fd9b954645d372cf,640,480,L,JPEG,True,,True,25,2,L,10,True,True,119.3263702392578,31.5738468170166,28.18738530213037,0.00115234375,7.486979166666666e-05,2L,False,False,False,False,False,False,True,True,True,330.5,236.5,39.57913589477539,345.4422720720918,threshold_p6,28.2574010595201,72.46101364522417,0.7372378187249001,323.0,242.0,109.0,97.28191365396891,hough_iris,64.02095794677734,25.429996490478516,high,2.7539762436902633,9.300537618869138
25,2,R,F25_T2,F25_T2_R,1,S3252R01.jpg,25/2R/S3252R01.jpg,/Users/sarahoualli/Desktop/BIO/iris_twins_project/data/raw/CASIA-Iris-Twins/25/2R/S3252R01.jpg,.jpg,16222,9d722efb041a8b7abdb75910929326e56bdb7fd26306f838a92226adb766c895,640,480,L,JPEG,True,,True,25,2,R,1,True,True,129.10372924804688,40.21807861328125,23.135196633868745,0.0047981770833333,8.463541666666667e-05,2R,False,False,False,False,False,False,True,True,True,455.8875427246094,122.6038055419922,46.938289642333984,347.2690566155864,threshold_p8,23.949922446266346,70.24196001738375,0.8524058741299041,455.8875427246094,122.6038055419922,113.0,79.31441983884497,radial_lateral_search,51.172752380371094,21.080001831054688,high,2.4074162237493306,0.0
25,2,R,F25_T2,F25_T2_R,2,S3252R02.jpg,25/2R/S3252R02.jpg,/Users/sarahoualli/Desktop/BIO/iris_twins_project/data/raw/CASIA-Iris-Twins/25/2R/S3252R02.jpg,.jpg,15268,70468224be12b29d8212aaa78be665c458cf3f998393b709ad4162f75d5eb0b2,640,480,L,JPEG,True,,True,25,2,R,2,True,True,118.06255340576172,34.93335723876953,16.567269547515444,0.0031022135416666,6.510416666666667e-05,2R,False,False,False,False,False,False,True,True,True,305.64862060546875,236.67616271972656,41.97272491455078,337.77822432832824,threshold_p3,25.53048275862069,63.238326848249024,0.8257340890655114,305.64862060546875,236.67616271972656,111.0,75.41887207322435,radial_lateral_search,49.723575592041016,18.654998779296875,high,2.6445745475419296,0.0
25,2,R,F25_T2,F25_T2_R,3,S3252R03.jpg,25/2R/S3252R03.jpg,/Users/sarahoualli/Desktop/BIO/iris_twins_project/data/raw/CASIA-Iris-Twins/25/2R/S3252R03.jpg,.jpg,16849,7a6ecc35535c822899e23875310465222c387bad4cddf84554e9d70d9a6aa0e0,640,480,L,JPEG,True,,True,25,2,R,3,True,True,122.3296890258789,33.361934661865234,24.239316000609925,0.0038541666666666,0.0001009114583333,2R,False,False,False,False,False,False,True,True,True,346.7907409667969,181.50958251953125,43.87433242797851,363.47695110619907,threshold_p4,23.438619257721257,73.92170050761422,0.8571465972035566,346.7907409667969,181.50958251953125,113.0,90.98390840722188,radial_lateral_search,59.11076354980469,23.264995574951172,high,2.575537763121389,0.0
25,2,R,F25_T2,F25_T2_R,4,S3252R04.jpg,25/2R/S3252R04.jpg,/Users/sarahoualli/Desktop/BIO/iris_twins_project/data/raw/CASIA-Iris-Twins/25/2R/S3252R04.jpg,.jpg,16095,7c3002a3825e2b7bf1de48d729fd9534c4fdda561852f5bbf4f61e45623f5be9,640,480,L,JPEG,True,,True,25,2,R,4,True,True,122.4111099243164,33.176029205322266,22.617405598788796,0.0042610677083333,9.440104166666666e-05,2R,False,False,False,False,False,False,True,True,True,342.5,191.0,45.01398468017578,364.38781757882134,threshold_p4,24.027140389834692,75.59630856601987,0.8215107514019822,342.5,191.0,113.0,79.88960957053283,radial_lateral_search,50.503292083740234,21.67499542236328,high,2.5103309738710013,0.0
28,1,L,F28_T1,F28_T1_L,3,S3281L03.jpg,28/1L/S3281L03.jpg,/Users/sarahoualli/Desktop/BIO/iris_twins_project/data/raw/CASIA-Iris-Twins/28/1L/S3281L03.jpg,.jpg,25456,c13a634c64d9bf87a61a98aa63cbc101c866d5ac672abb336a3eda0c00581ed1,640,480,L,JPEG,True,,True,28,1,L,3,True,True,128.48489379882812,44.67391204833984,80.69478822627599,0.001943359375,6.184895833333334e-05,1L,False,False,False,False,False,False,True,True,True,286.8257141113281,202.9128570556641,58.47410583496094,397.0599869405168,threshold_p4,25.964600491258487,96.54868678401787,0.7286872353926215,286.8257141113281,210.9128570556641,119.0,71.41395077384782,radial_lateral_search,49.57559585571289,19.06999969482422,high,2.035088836345256,8.0
28,1,R,F28_T1,F28_T1_R,1,S3281R01.jpg,28/1R/S3281R01.jpg,/Users/sarahoualli/Desktop/BIO/iris_twins_project/data/raw/CASIA-Iris-Twins/28/1R/S3281R01.jpg,.jpg,21036,944cf6ee3e23de8d71be1f29fd09ddaa4c1d08d6d0d95017809a9fbf1111e51a,640,480,L,JPEG,True,,True,28,1,R,1,True,True,117.35526275634766,38.81528854370117,36.97920191844305,0.0023209635416666,9.765625e-05,1R,False,False,False,False,False,False,True,True,True,260.52716064453125,131.7813262939453,42.52845001220703,304.3165205255152,threshold_p5,26.089379310344828,52.136624726477024,0.7362750939718383,265.0,135.0,113.0,84.69744465565279,hough_iris,55.27589797973633,22.265003204345703,high,2.657044871552229,5.510549185505735
28,1,R,F28_T1,F28_T1_R,3,S3281R03.jpg,28/1R/S3281R03.jpg,/Users/sarahoualli/Desktop/BIO/iris_twins_project/data/raw/CASIA-Iris-Twins/28/1R/S3281R03.jpg,.jpg,24822,c4b835f7cafdaa38b386da3cacfce90f9aac6feef8e089789c8e74aa89bd7d29,640,480,L,JPEG,True,,True,28,1,R,3,True,True,119.26449584960938,43.85820388793945,74.07368374378416,0.0041178385416666,9.765625e-05,1R,False,False,False,False,False,False,True,True,True,254.0,169.0,51.0,325.8681493899334,hough_pupil,25.230374453525947,61.41765720858896,0.75,262.0,169.0,124.0,78.35295754226983,radial_lateral_search,54.38346862792969,19.459999084472656,high,2.4313725490196076,8.0
28,2,L,F28_T2,F28_T2_L,1,S3282L01.jpg,28/2L/S3282L01.jpg,/Users/sarahoualli/Desktop/BIO/iris_twins_project/data/raw/CASIA-Iris-Twins/28/2L/S3282L01.jpg,.jpg,21040,d17f3b286342008cbde8c76139864b107d67536a927c6c0e1c0dd916c7d7076a,640,480,L,JPEG,True,,True,28,2,L,1,True,True,115.01184844970705,36.34520721435547,48.3386280397945,0.0053287760416666,8.138020833333333e-05,2L,False,False,False,False,False,False,True,True,True,269.0,223.0,46.0,324.8917810412705,hough_pupil,23.74493361285814,57.00209302325582,0.75,261.0,223.0,115.0,82.2361946105957,radial_lateral_search,54.170196533203125,22.189998626708984,high,2.5,8.0
28,2,L,F28_T2,F28_T2_L,3,S3282L03.jpg,28/2L/S3282L03.jpg,/Users/sarahoualli/Desktop/BIO/iris_twins_project/data/raw/CASIA-Iris-Twins/28/2L/S3282L03.jpg,.jpg,22474,44d26b38c19948e3492a16333eb071e82728a2ad460ab505478a465c1007db2f,640,480,L,JPEG,True,,True,28,2,L,3,True,True,111.22300720214844,42.44844055175781,63.67165458844504,0.00693359375,0.0001041666666666,2L,False,False,False,False,False,False,True,True,True,315.0,215.0,54.0,321.936057015147,hough_pupil,25.53446191051995,57.51841929002009,0.75,315.0,223.0,120.0,82.60754199557834,radial_lateral_search,55.12065887451172,22.569995880126953,high,2.2222222222222223,8.0
28,2,L,F28_T2,F28_T2_L,4,S3282L04.jpg,28/2L/S3282L04.jpg,/Users/sarahoualli/Desktop/BIO/iris_twins_project/data/raw/CASIA-Iris-Twins/28/2L/S3282L04.jpg,.jpg,22485,f7f4c42033434382d76284539e11d8229a21d62c03fcdeef3b6b58f37eff0016,640,480,L,JPEG,True,,True,28,2,L,4,True,True,111.33800506591795,42.549293518066406,66.03576207372875,0.0077376302083333,9.114583333333334e-05,2L,False,False,False,False,False,False,True,True,True,322.43389892578125,223.677490234375,45.44930267333984,324.69303877550016,threshold_p3,21.099925980754996,53.145343137254905,0.6155858911041576,314.43389892578125,231.677490234375,118.0,85.16669274388296,radial_lateral_search,57.480926513671875,22.234996795654297,high,2.5962994602603167,11.31370849898476
28,2,L,F28_T2,F28_T2_L,5,S3282L05.jpg,28/2L/S3282L05.jpg,/Users/sarahoualli/Desktop/BIO/iris_twins_project/data/raw/CASIA-Iris-Twins/28/2L/S3282L05.jpg,.jpg,22768,9d12432964ce045c9cdaba9b94675e8d465b1f39c418f384ee2cadc369ae1d5d,640,480,L,JPEG,True,,True,28,2,L,5,True,True,115.10309600830078,39.36714172363281,70.13781679072909,0.0068587239583333,7.486979166666666e-05,2L,False,False,False,False,False,False,True,True,True,317.0,221.0,51.0,331.1820409230451,hough_pupil,23.81068237977571,59.36042944785276,0.75,317.0,229.0,120.0,90.05598772834328,radial_lateral_search,60.114227294921875,23.949996948242188,high,2.3529411764705883,8.0
28,2,L,F28_T2,F28_T2_L,6,S3282L06.jpg,28/2L/S3282L06.jpg,/Users/sarahoualli/Desktop/BIO/iris_twins_project/data/raw/CASIA-Iris-Twins/28/2L/S3282L06.jpg,.jpg,22774,873951eb1ce5cd2d18daa34d365712563b878509206fffd8482f0835f41a8555,640,480,L,JPEG,True,,True,28,2,L,6,True,True,116.50678253173828,35.79696273803711,68.10448932965598,0.0059993489583333,0.0001009114583333,2L,False,False,False,False,False,False,True,True,True,321.5,216.6287078857422,50.92667388916016,339.26418897160454,threshold_p4,24.629348032693404,65.18833580980683,0.6972807796601088,313.5,224.6287078857422,118.0,86.56585324302824,radial_lateral_search,58.70904922485352,23.15500259399414,high,2.3170568778322775,11.31370849898476
28,2,L,F28_T2,F28_T2_L,7,S3282L07.jpg,28/2L/S3282L07.jpg,/Users/sarahoualli/Desktop/BIO/iris_twins_project/data/raw/CASIA-Iris-Twins/28/2L/S3282L07.jpg,.jpg,22124,a12c11718003bf878a7673024acd49731b66e83467746176a59b85b3e6d3ce2d,640,480,L,JPEG,True,,True,28,2,L,7,True,True,111.98538970947266,43.12602996826172,65.11986696623697,0.007880859375,7.161458333333333e-05,2L,False,False,False,False,False,False,True,True,True,339.0,229.0,47.0,320.90728062292135,hough_pupil,21.728783514292044,51.20436766623207,0.75,331.0,237.0,115.0,73.52172195686951,radial_lateral_search,49.492916107177734,20.049999237060547,high,2.4468085106382977,11.31370849898476
28,2,L,F28_T2,F28_T2_L,8,S3282L08.jpg,28/2L/S3282L08.jpg,/Users/sarahoualli/Desktop/BIO/iris_twins_project/data/raw/CASIA-Iris-Twins/28/2L/S3282L08.jpg,.jpg,22057,5fc185c792ede5a929880dc1d00517c0fbb7656d66b1e153028b1addcfd44530,640,480,L,JPEG,True,,True,28,2,L,8,True,True,111.72361755371094,42.78913497924805,62.45606190489662,0.0074088541666666,6.184895833333334e-05,2L,False,False,False,False,False,False,True,True,True,334.0,230.0,46.0,320.9026392850178,hough_pupil,21.54786862334032,50.806976744186045,0.75,326.0,238.0,117.0,81.63414100906411,radial_lateral_search,53.9566535949707,22.38000106811523,high,2.5434782608695654,11.31370849898476
28,2,L,F28_T2,F28_T2_L,9,S3282L09.jpg,28/2L/S3282L09.jpg,/Users/sarahoualli/Desktop/BIO/iris_twins_project/data/raw/CASIA-Iris-Twins/28/2L/S3282L09.jpg,.jpg,22367,b4bbd0cdf5ac02b8a1d195375deb2a677ffa5731a021bb7df2c0af683b178614,640,480,L,JPEG,True,,True,28,2,L,9,True,True,114.99984741210938,39.84371566772461,66.58437054925496,0.0065657552083333,8.7890625e-05,2L,False,False,False,False,False,False,True,True,True,341.0,227.0,46.0,326.7243160936002,hough_pupil,22.744700675518285,55.72790697674419,0.75,333.0,235.0,117.0,84.64246696731605,radial_lateral_search,54.346981048583984,24.25,high,2.5434782608695654,11.31370849898476
28,2,L,F28_T2,F28_T2_L,10,S3282L10.jpg,28/2L/S3282L10.jpg,/Users/sarahoualli/Desktop/BIO/iris_twins_project/data/raw/CASIA-Iris-Twins/28/2L/S3282L10.jpg,.jpg,22681,b42cd2216a440bed5861894258fcbc909b4249d254935f358f63c8552b0322d5,640,480,L,JPEG,True,,True,28,2,L,10,True,True,116.14289093017578,36.58251953125,73.08332864709432,0.00671875,9.114583333333334e-05,2L,False,False,False,False,False,False,True,True,True,340.12384033203125,210.49375915527344,59.5758056640625,347.51199708135726,threshold_p6,29.219048939414947,79.87152777777777,0.5393163376950494,340.12384033203125,218.49375915527344,121.0,82.42893119100496,radial_lateral_search,59.570831298828125,19.80999755859375,high,2.031025827536395,8.0
28,2,R,F28_T2,F28_T2_R,1,S3282R01.jpg,28/2R/S3282R01.jpg,/Users/sarahoualli/Desktop/BIO/iris_twins_project/data/raw/CASIA-Iris-Twins/28/2R/S3282R01.jpg,.jpg,22876,981a97d5433dfe75ffcdcf551a1020d854a70993e2fc3769f30eb66484aeadb2,640,480,L,JPEG,True,,True,28,2,R,1,True,True,126.98023223876952,36.60307693481445,46.01306964450412,0.0077018229166666,0.000234375,2R,False,False,False,False,False,False,True,True,True,208.18045043945312,182.79888916015625,58.43854904174805,387.7800421907603,threshold_p8,24.243028464094785,88.41610785135512,0.8828084915886312,216.18045043945312,182.79888916015625,133.0,101.91689013414218,radial_lateral_search,67.2643051147461,27.535003662109375,high,2.2758949731107427,8.0
28,2,R,F28_T2,F28_T2_R,2,S3282R02.jpg,28/2R/S3282R02.jpg,/Users/sarahoualli/Desktop/BIO/iris_twins_project/data/raw/CASIA-Iris-Twins/28/2R/S3282R02.jpg,.jpg,22771,bf53dae5dc628e6f44a03286fdad25a86f252ba87c394880bb09ed7733bf267c,640,480,L,JPEG,True,,True,28,2,R,2,True,True,118.11558532714844,38.033302307128906,47.030284489568075,0.008759765625,0.0002376302083333,2R,False,False,False,False,False,False,True,True,True,214.012451171875,185.8381805419922,58.0283317565918,372.136073908292,threshold_p8,24.161962264150944,80.2895233943621,0.8826492608319507,222.012451171875,185.8381805419922,132.0,89.23379440966679,radial_lateral_search,59.44379806518555,24.06499481201172,high,2.2747509019162058,8.0
28,2,R,F28_T2,F28_T2_R,3,S3282R03.jpg,28/2R/S3282R03.jpg,/Users/sarahoualli/Desktop/BIO/iris_twins_project/data/raw/CASIA-Iris-Twins/28/2R/S3282R03.jpg,.jpg,22769,5f909d4dd2b1ad88af4b56708d00fbd715c53722188f53cf25dd87fd4c2f73ba,640,480,L,JPEG,True,,True,28,2,R,3,True,True,110.69129943847656,46.74468994140625,43.68479660160276,0.0124869791666666,0.0001953125,2R,False,False,False,False,False,False,True,True,True,233.61843872070312,187.9835205078125,57.1352424621582,350.328948523386,threshold_p8,22.785056603773587,67.0371053408085,0.8765592458332394,241.61843872070312,187.9835205078125,134.0,101.30194637496832,radial_lateral_search,65.9866943359375,27.810001373291016,high,2.3453125291058465,8.0
28,2,R,F28_T2,F28_T2_R,4,S3282R04.jpg,28/2R/S3282R04.jpg,/Users/sarahoualli/Desktop/BIO/iris_twins_project/data/raw/CASIA-Iris-Twins/28/2R/S3282R04.jpg,.jpg,22758,eb9b92f8ef8fd3e8262fd017c92e1d73c90ae9c3b4ecfc5178b524843104ab71,640,480,L,JPEG,True,,True,28,2,R,4,True,True,120.66614532470705,43.97084426879883,46.083922443124976,0.0115071614583333,0.0002473958333333,2R,False,False,False,False,False,False,True,True,True,217.7370147705078,188.907470703125,57.24586486816406,362.08874749021766,threshold_p6,23.207849056603777,73.92637946296843,0.8685026789376314,228.0,192.0,132.0,104.96730496406605,hough_iris,69.44662475585938,28.555004119873047,high,2.3058434055279458,10.718796726909462
28,2,R,F28_T2,F28_T2_R,5,S3282R05.jpg,28/2R/S3282R05.jpg,/Users/sarahoualli/Desktop/BIO/iris_twins_project/data/raw/CASIA-Iris-Twins/28/2R/S3282R05.jpg,.jpg,22651,0728eddbd73207d6dbf5c2567452a9d33fe21bdc52332c767ee398083b578d4d,640,480,L,JPEG,True,,True,28,2,R,5,True,True,120.6469268798828,44.62248992919922,45.6342672849867,0.0127278645833333,0.0002408854166666,2R,False,False,False,False,False,False,True,True,True,214.5,189.5,58.843109130859375,359.59714427778295,threshold_p8,23.210374223378125,72.6562141216992,0.8810054722789329,226.0,197.0,134.0,104.1106888715178,hough_iris,69.14910125732422,28.775001525878903,high,2.277242008099904,13.729530217745982
28,2,R,F28_T2,F28_T2_R,6,S3282R06.jpg,28/2R/S3282R06.jpg,/Users/sarahoualli/Desktop/BIO/iris_twins_project/data/raw/CASIA-Iris-Twins/28/2R/S3282R06.jpg,.jpg,22582,e4698c78fd4ae6aeb70c7ef36e1c7c4459c8191c634d45a11ea452773f6b7367,640,480,L,JPEG,True,,True,28,2,R,6,True,True,117.41966247558594,38.40687942504883,46.9059781771236,0.0109602864583333,0.0002604166666666,2R,False,False,False,False,False,False,True,True,True,228.15122985839844,184.54632568359375,58.04555892944336,371.62600410332266,threshold_p6,24.177811320754717,79.89937518163325,0.8834611832272051,236.15122985839844,184.54632568359375,136.0,96.4383938504442,radial_lateral_search,62.25944900512695,27.00499725341797,high,2.3429871726330225,8.0
28,2,R,F28_T2,F28_T2_R,7,S3282R07.jpg,28/2R/S3282R07.jpg,/Users/sarahoualli/Desktop/BIO/iris_twins_project/data/raw/CASIA-Iris-Twins/28/2R/S3282R07.jpg,.jpg,22467,90e4a2ab3576c7ec8cb59a87369b1fbe97127c1e400e7979cb548732afeda84c,640,480,L,JPEG,True,,True,28,2,R,7,True,True,109.50773620605467,47.262474060058594,40.57590917697483,0.014775390625,0.0002473958333333,2R,False,False,False,False,False,False,True,True,True,237.60166931152344,183.7288818359375,56.475711822509766,344.3295201772278,threshold_p6,21.933343813865743,65.9310447761194,0.6615642263040574,247.0,186.0,135.0,101.39574066940686,hough_iris,65.38632202148438,28.474998474121097,high,2.3904081178166305,9.668846748454284
28,2,R,F28_T2,F28_T2_R,8,S3282R08.jpg,28/2R/S3282R08.jpg,/Users/sarahoualli/Desktop/BIO/iris_twins_project/data/raw/CASIA-Iris-Twins/28/2R/S3282R08.jpg,.jpg,22896,eb970587e7fa0baa31ac6ba9a3f3d1529b766622eafc2e0148b690eb1f124ca3,640,480,L,JPEG,True,,True,28,2,R,8,True,True,120.288818359375,43.62582778930664,48.44910196935865,0.010830078125,0.000234375,2R,False,False,False,False,False,False,True,True,True,232.5,185.0,58.423126220703125,365.1156894473854,threshold_p8,23.16529403265424,75.35994691254541,0.8625919057749674,240.5,185.0,133.0,103.86459287147366,radial_lateral_search,68.3276138305664,28.16499710083008,high,2.276495774936286,8.0
28,2,R,F28_T2,F28_T2_R,9,S3282R09.jpg,28/2R/S3282R09.jpg,/Users/sarahoualli/Desktop/BIO/iris_twins_project/data/raw/CASIA-Iris-Twins/28/2R/S3282R09.jpg,.jpg,22985,fce24f38374f20d9cd24c13116d0e953ff9438b1960fb18a5f9dbf5b21a86182,640,480,L,JPEG,True,,True,28,2,R,9,True,True,126.4457778930664,36.25662612915039,56.398558101643445,0.0100748697916666,0.0002962239583333,2R,False,False,False,False,False,False,True,True,True,239.0,183.0,58.18944549560547,391.4853771768352,threshold_p6,24.217165149544865,89.90780296425457,0.87183020418518,247.0,183.0,134.0,108.4065500189891,radial_lateral_search,71.42725372314453,29.12000274658203,high,2.3028231126574292,8.0
28,2,R,F28_T2,F28_T2_R,10,S3282R10.jpg,28/2R/S3282R10.jpg,/Users/sarahoualli/Desktop/BIO/iris_twins_project/data/raw/CASIA-Iris-Twins/28/2R/S3282R10.jpg,.jpg,22973,b90c84158c31a49162bc0dc7be8a11bd65dd8cbd552eaf447f4fd4982f7bfe5c,640,480,L,JPEG,True,,True,28,2,R,10,True,True,120.07398223876952,36.778228759765625,60.49303338618808,0.01109375,0.0003059895833333,2R,False,False,False,False,False,False,True,True,True,245.5,175.5,58.826114654541016,379.2442869730344,threshold_p8,23.85811298945239,83.67035017221585,0.8462207657951168,253.5,175.5,135.0,101.88941406962576,radial_lateral_search,64.53581237792969,29.410003662109375,high,2.294899141185739,8.0
29,1,L,F29_T1,F29_T1_L,1,S3291L01.jpg,29/1L/S3291L01.jpg,/Users/sarahoualli/Desktop/BIO/iris_twins_project/data/raw/CASIA-Iris-Twins/29/1L/S3291L01.jpg,.jpg,20944,d5713a1085a7402db3851336f30d23aa321bc0e2275ce40ebb19e1d7a4848dc2,640,480,L,JPEG,True,,True,29,1,L,1,True,True,133.760009765625,54.61223983764648,45.69699117770724,0.0046647135416666,0.0002180989583333,1L,False,False,False,False,False,False,True,True,True,418.5,177.5,62.757568359375,346.07032383596106,threshold_p4,24.650987890376037,75.28356043401463,0.4557809497041459,410.5,177.5,135.0,76.011075223816,radial_lateral_search,51.42652893066406,20.70000457763672,high,2.151134971115131,8.0
29,1,L,F29_T1,F29_T1_L,5,S3291L05.jpg,29/1L/S3291L05.jpg,/Users/sarahoualli/Desktop/BIO/iris_twins_project/data/raw/CASIA-Iris-Twins/29/1L/S3291L05.jpg,.jpg,22153,f3b96c89073bc0c46db63f9f19339fa7b62bd933d4b00c9ea0ee1cd07ac676ed,640,480,L,JPEG,True,,True,29,1,L,5,True,True,117.98429870605467,54.05107879638672,48.87533856196933,0.0058561197916666,0.0001106770833333,1L,False,False,False,False,False,False,True,True,True,297.3118591308594,254.7373504638672,54.753170013427734,325.3033960490681,threshold_p6,20.996708902418955,53.39625959079284,0.6395720901696358,289.3118591308594,262.7373504638672,130.0,69.87722606180553,radial_lateral_search,47.552490234375,19.03999710083008,high,2.3742917527536513,11.31370849898476
29,1,L,F29_T1,F29_T1_L,6,S3291L06.jpg,29/1L/S3291L06.jpg,/Users/sarahoualli/Desktop/BIO/iris_twins_project/data/raw/CASIA-Iris-Twins/29/1L/S3291L06.jpg,.jpg,22192,f0575d776e3ec2b174e0cd503ec65a51d7c2acf312b2f293c1313727c9ab1388,640,480,L,JPEG,True,,True,29,1,L,6,True,True,121.44208526611328,51.20054244995117,58.121252383666565,0.00580078125,7.8125e-05,1L,False,False,False,False,False,False,True,True,True,357.25,252.5,53.39778137207031,334.7835757081124,threshold_p6,23.21506305061323,62.749575695858795,0.5384651508490977,349.25,252.5,127.0,67.82741302417753,radial_lateral_search,45.161903381347656,18.680004119873047,high,2.378375968751902,8.0
29,1,L,F29_T1,F29_T1_L,7,S3291L07.jpg,29/1L/S3291L07.jpg,/Users/sarahoualli/Desktop/BIO/iris_twins_project/data/raw/CASIA-Iris-Twins/29/1L/S3291L07.jpg,.jpg,26026,7fff43bbd6df04ea17e68fcd8ab49d291a3e0d27fcecb52c9ca0d97274ac6f5b,640,480,L,JPEG,True,,True,29,1,L,7,True,True,127.59325408935548,45.97368240356445,83.67759271188315,0.001826171875,0.0001139322916666,1L,False,False,False,False,False,False,True,True,True,358.5,287.5,62.27770233154297,374.7862725530321,threshold_p6,29.590439770554493,95.3152227418164,0.4747299215708863,358.5,287.5,128.0,83.6110252440324,radial_lateral_search,57.29777526855469,20.780006408691406,high,2.055310250827437,0.0
29,1,L,F29_T1,F29_T1_L,9,S3291L09.jpg,29/1L/S3291L09.jpg,/Users/sarahoualli/Desktop/BIO/iris_twins_project/data/raw/CASIA-Iris-Twins/29/1L/S3291L09.jpg,.jpg,22238,c09d98026cc9288e264c244c50209372dfdde5877e07004be7ddd92634b2fff4,640,480,L,JPEG,True,,True,29,1,L,9,True,True,125.9972686767578,44.0167236328125,52.41970924055312,0.004404296875,0.0001236979166666,1L,False,False,False,False,False,False,True,True,True,343.2410583496094,195.9642791748047,61.40891647338867,365.1316318010347,threshold_p5,24.9021926910299,80.96127033307513,0.609968714586879,335.2410583496094,203.9642791748047,128.0,84.43774827811959,radial_lateral_search,56.79762268066406,23.665000915527344,high,2.0843878601158567,11.31370849898476
29,1,R,F29_T1,F29_T1_R,1,S3291R01.jpg,29/1R/S3291R01.jpg,/Users/sarahoualli/Desktop/BIO/iris_twins_project/data/raw/CASIA-Iris-Twins/29/1R/S3291R01.jpg,.jpg,21522,6985869d58a9b3c7aa5ef60ef36285734829bc657c061bc2cf94b853accac1fb,640,480,L,JPEG,True,,True,29,1,R,1,True,True,126.88272094726562,47.40549087524414,39.324583775319,0.0030631510416666,0.000107421875,1R,False,False,False,False,False,False,True,True,True,265.0,179.0,58.0,376.6844226999749,hough_pupil,25.69464150943396,87.046934030805,0.75,273.0,179.0,132.0,79.32057168894801,radial_lateral_search,53.42512512207031,21.279998779296875,high,2.2758620689655173,8.0
29,1,R,F29_T1,F29_T1_R,2,S3291R02.jpg,29/1R/S3291R02.jpg,/Users/sarahoualli/Desktop/BIO/iris_twins_project/data/raw/CASIA-Iris-Twins/29/1R/S3291R02.jpg,.jpg,20661,af73e4f139f332f09bf862b687c397fd47846f4f6cb461c41f8137d04af2296a,640,480,L,JPEG,True,,True,29,1,R,2,True,True,124.18502807617188,47.48260116577149,30.186312064859607,0.0029166666666666,0.0001334635416666,1R,False,False,False,False,False,False,True,True,True,272.0,167.0,57.0,361.3726997782517,hough_pupil,25.33388679245283,79.02572174447174,0.75,280.0,175.0,130.0,78.52289170310041,radial_lateral_search,53.093509674072266,21.525001525878903,high,2.280701754385965,11.31370849898476
29,1,R,F29_T1,F29_T1_R,3,S3291R03.jpg,29/1R/S3291R03.jpg,/Users/sarahoualli/Desktop/BIO/iris_twins_project/data/raw/CASIA-Iris-Twins/29/1R/S3291R03.jpg,.jpg,20829,e41c850698dfd584e9ed451dec318e9cc1ac64193983eca76f3573cc11f35756,640,480,L,JPEG,True,,True,29,1,R,3,True,True,136.68765258789062,41.65851974487305,37.13133424622218,0.0009830729166666,0.0001334635416666,1R,False,False,False,False,False,False,True,True,True,242.0,142.0,59.0,388.7887379040204,hough_pupil,27.068198237248954,96.572187141217,0.75,242.0,142.0,138.0,71.38197208986443,radial_lateral_search,56.1280403137207,12.06999969482422,high,2.3389830508474576,0.0
29,1,R,F29_T1,F29_T1_R,7,S3291R07.jpg,29/1R/S3291R07.jpg,/Users/sarahoualli/Desktop/BIO/iris_twins_project/data/raw/CASIA-Iris-Twins/29/1R/S3291R07.jpg,.jpg,16001,793cf28f74413ae81a13ca9395783150ed57269aeb4a4afe152b83ef7a9acee7,640,480,L,JPEG,True,,True,29,1,R,7,True,True,128.98963928222656,34.31675338745117,21.26678018441729,0.0011881510416666,0.0001529947916666,1R,False,False,False,False,False,False,True,True,True,300.5,135.0,45.77399826049805,328.200981059964,threshold_p3,28.772187281621243,64.88209302325582,0.8873852936503144,303.0,134.0,109.0,91.13047252969449,hough_iris,59.720558166503906,23.970001220703125,high,2.3812645637745087,2.692582403567252
29,1,R,F29_T1,F29_T1_R,8,S3291R08.jpg,29/1R/S3291R08.jpg,/Users/sarahoualli/Desktop/BIO/iris_twins_project/data/raw/CASIA-Iris-Twins/29/1R/S3291R08.jpg,.jpg,15865,02935d19acb3c8030e5b58df258d16bb51bd2aa2a2899d58ecddb50443b143c0,640,480,L,JPEG,True,,True,29,1,R,8,True,True,128.89695739746094,33.920013427734375,20.155625385443365,0.001396484375,0.0001725260416666,1R,False,False,False,False,False,False,True,True,True,313.0,151.0,46.0,327.89268321977636,hough_pupil,28.399487537852316,66.5,0.75,313.0,151.0,109.0,88.4043419547703,radial_lateral_search,55.72407531738281,24.430004119873047,high,2.369565217391304,0.0
29,1,R,F29_T1,F29_T1_R,9,S3291R09.jpg,29/1R/S3291R09.jpg,/Users/sarahoualli/Desktop/BIO/iris_twins_project/data/raw/CASIA-Iris-Twins/29/1R/S3291R09.jpg,.jpg,19854,42653400914fd0084b3c4e9182bb899b8fb52c7b7ab8954af3c113ab669bb941,640,480,L,JPEG,True,,True,29,1,R,9,True,True,130.8856658935547,43.43682861328125,28.89930653343201,0.0024153645833333,0.0002018229166666,1R,False,False,False,False,False,False,True,True,True,322.0,173.5,62.54808044433594,379.4415384610525,threshold_p5,26.39133205863607,91.58819076457227,0.505622805028978,322.0,181.5,130.0,92.23716402157572,radial_lateral_search,61.118553161621094,25.57500457763672,high,2.0784011128158,8.0
29,1,R,F29_T1,F29_T1_R,10,S3291R10.jpg,29/1R/S3291R10.jpg,/Users/sarahoualli/Desktop/BIO/iris_twins_project/data/raw/CASIA-Iris-Twins/29/1R/S3291R10.jpg,.jpg,21715,9f5a0f9cbf7562be89b3cf81d2db84d1d4fa70cb25978fd17d4894c21423b739,640,480,L,JPEG,True,,True,29,1,R,10,True,True,130.43350219726562,44.6065673828125,41.23372106725905,0.0032975260416666,0.000185546875,1R,False,False,False,False,False,False,True,True,True,326.0,184.0,59.0,370.9079762874758,hough_pupil,25.218176564080338,82.35677382319173,0.75,327.0,180.0,135.0,91.6596199703832,hough_iris,60.720855712890625,24.154998779296875,high,2.288135593220339,4.123105625617661
29,2,L,F29_T2,F29_T2_L,1,S3292L01.jpg,29/2L/S3292L01.jpg,/Users/sarahoualli/Desktop/BIO/iris_twins_project/data/raw/CASIA-Iris-Twins/29/2L/S3292L01.jpg,.jpg,19007,0d8fa20c5ebe66031d8604f28d89aafb99a095a45be8fad806bbe1228f2b54ea,640,480,L,JPEG,True,,True,29,2,L,1,True,True,119.7656478881836,37.35836410522461,34.052797774208905,0.0038509114583333,5.208333333333334e-05,2L,False,False,False,False,False,False,True,True,True,335.5567932128906,176.31625366210938,49.187217712402344,332.9665231073791,threshold_p4,23.72095457400042,60.88138761944329,0.7898476998703526,335.5567932128906,176.31625366210938,115.0,75.04141984329048,radial_lateral_search,50.41139602661133,18.770000457763672,high,2.338005793952506,0.0
29,2,L,F29_T2,F29_T2_L,2,S3292L02.jpg,29/2L/S3292L02.jpg,/Users/sarahoualli/Desktop/BIO/iris_twins_project/data/raw/CASIA-Iris-Twins/29/2L/S3292L02.jpg,.jpg,21348,c4445765795d54b3275a47e573c3018e030cb62185eac83a96b067f4ec345a83,640,480,L,JPEG,True,,True,29,2,L,2,True,True,118.58649444580078,35.3243522644043,41.7883347574446,0.00400390625,0.000126953125,2L,False,False,False,False,False,False,True,True,True,287.86566162109375,115.78314971923828,49.99440383911133,329.2990135175957,threshold_p3,23.65850746268657,64.49297586070439,0.4981343278351211,287.86566162109375,123.78314971923828,116.0,68.72278833647663,radial_lateral_search,54.8857536315918,12.539997100830078,high,2.320259690930679,8.0
29,2,L,F29_T2,F29_T2_L,3,S3292L03.jpg,29/2L/S3292L03.jpg,/Users/sarahoualli/Desktop/BIO/iris_twins_project/data/raw/CASIA-Iris-Twins/29/2L/S3292L03.jpg,.jpg,22436,4d55f3e4d582b965bd4492d3fd10189b15149289e471d2741747b14d0f96a9a4,640,480,L,JPEG,True,,True,29,2,L,3,True,True,118.25799560546876,35.99396896362305,53.255046328692984,0.0037044270833333,0.000107421875,2L,False,False,False,False,False,False,True,True,True,299.0,129.0,55.0,344.7760701070588,hough_pupil,24.999012670725687,70.68733530961792,0.75,291.0,129.0,126.0,84.83868366588246,radial_lateral_search,60.61905670166016,20.039993286132812,high,2.290909090909091,8.0
29,2,R,F29_T2,F29_T2_R,1,S3292R01.jpg,29/2R/S3292R01.jpg,/Users/sarahoualli/Desktop/BIO/iris_twins_project/data/raw/CASIA-Iris-Twins/29/2R/S3292R01.jpg,.jpg,22572,3930edadb9df6d0bfe7e547cde35ea6f1b5b30c51fa17387e9f396dc9f275c3b,640,480,L,JPEG,True,,True,29,2,R,1,True,True,118.48006439208984,35.400115966796875,42.48489904632569,0.0030598958333333,0.0001106770833333,2R,False,False,False,False,False,False,True,True,True,295.14630126953125,176.56109619140625,49.79829788208008,350.175054751581,threshold_p8,25.39482587064677,71.71755045508507,0.7602723370909884,295.14630126953125,176.56109619140625,126.0,80.76034048251921,radial_lateral_search,59.65251541137695,15.704998016357422,high,2.5302069620604666,0.0
29,2,R,F29_T2,F29_T2_R,3,S3292R03.jpg,29/2R/S3292R03.jpg,/Users/sarahoualli/Desktop/BIO/iris_twins_project/data/raw/CASIA-Iris-Twins/29/2R/S3292R03.jpg,.jpg,23031,d65ce51c88c4a3f2c7a1d2f55a0107aab0ba2c7ac300a325d851110962e7c152,640,480,L,JPEG,True,,True,29,2,R,3,True,True,127.13671875,39.1631965637207,42.213244364251025,0.0027897135416666,0.00013671875,2R,False,False,False,False,False,False,True,True,True,301.0,153.0,51.0,347.7753690904567,hough_pupil,26.10796426534879,73.18634969325153,0.75,301.0,153.0,130.0,82.44350427365771,radial_lateral_search,59.4404296875,17.00499725341797,high,2.549019607843137,0.0
29,2,R,F29_T2,F29_T2_R,4,S3292R04.jpg,29/2R/S3292R04.jpg,/Users/sarahoualli/Desktop/BIO/iris_twins_project/data/raw/CASIA-Iris-Twins/29/2R/S3292R04.jpg,.jpg,23284,60d9adbfd4bb8dc9375c21ac52f8d1f672e728713e04d8a20717fcb8c0417fec,640,480,L,JPEG,True,,True,29,2,R,4,True,True,130.01211547851562,37.20745086669922,38.79489971516928,0.00283203125,0.0001399739583333,2R,False,False,False,False,False,False,True,True,True,301.0,187.0,54.0,367.0770631169556,hough_pupil,26.065987217135948,81.88881446751508,0.75,309.0,195.0,126.0,86.23248418099925,radial_lateral_search,60.501583099365234,21.589996337890625,high,2.3333333333333335,11.31370849898476
29,2,R,F29_T2,F29_T2_R,5,S3292R05.jpg,29/2R/S3292R05.jpg,/Users/sarahoualli/Desktop/BIO/iris_twins_project/data/raw/CASIA-Iris-Twins/29/2R/S3292R05.jpg,.jpg,23135,19c844b461a6733efa86711778b0b62d51b7a2969632dc0da6958afb07e95307,640,480,L,JPEG,True,,True,29,2,R,5,True,True,129.7432403564453,37.044925689697266,36.20852460478676,0.0029850260416666,0.0001497395833333,2R,False,False,False,False,False,False,True,True,True,310.0,189.0,55.0,369.2838356450963,hough_pupil,25.805002468323185,82.37285902503294,0.75,318.0,197.0,126.0,85.42309223449564,radial_lateral_search,60.827880859375,20.900001525878903,high,2.290909090909091,11.31370849898476
29,2,R,F29_T2,F29_T2_R,6,S3292R06.jpg,29/2R/S3292R06.jpg,/Users/sarahoualli/Desktop/BIO/iris_twins_project/data/raw/CASIA-Iris-Twins/29/2R/S3292R06.jpg,.jpg,23348,1d143e1b2f63fe9934a15ea36d81966d3b15ee606960c468e17afb202d18ed47,640,480,L,JPEG,True,,True,29,2,R,6,True,True,123.05648803710938,37.96395492553711,38.522478034453925,0.0042350260416666,0.0001432291666666,2R,False,False,False,False,False,False,True,True,True,331.6487731933594,183.05372619628903,57.413299560546875,356.16961297835314,threshold_p4,24.72769811320755,77.47469755089998,0.5232618611751395,331.6487731933594,191.05372619628903,127.0,81.92839449441274,radial_lateral_search,59.046268463134766,19.310001373291016,high,2.2120310271676416,8.0
29,2,R,F29_T2,F29_T2_R,7,S3292R07.jpg,29/2R/S3292R07.jpg,/Users/sarahoualli/Desktop/BIO/iris_twins_project/data/raw/CASIA-Iris-Twins/29/2R/S3292R07.jpg,.jpg,22402,f5e1257d12631f9c804f992bebc162b9a987c2b63637d25eb311b0ea47a9fd4e,640,480,L,JPEG,True,,True,29,2,R,7,True,True,117.75499725341795,42.79136657714844,36.050128237406405,0.0063118489583333,0.0001399739583333,2R,False,False,False,False,False,False,True,True,True,335.0,184.0,53.0,341.3758264983663,hough_pupil,24.039457013574665,65.99840085287846,0.75,343.0,192.0,126.0,68.67563955846524,radial_lateral_search,49.41863250732422,16.84000015258789,high,2.3773584905660377,11.31370849898476
29,2,R,F29_T2,F29_T2_R,8,S3292R08.jpg,29/2R/S3292R08.jpg,/Users/sarahoualli/Desktop/BIO/iris_twins_project/data/raw/CASIA-Iris-Twins/29/2R/S3292R08.jpg,.jpg,23393,eea7c8f1c0d285d8aac19059312f68b35d8688fc8d8607a0d2bf6642e6054a1f,640,480,L,JPEG,True,,True,29,2,R,8,True,True,125.66349029541016,40.70792007446289,42.68538638194402,0.0049381510416666,0.0001529947916666,2R,False,False,False,False,False,False,True,True,True,349.0,179.0,59.46437454223633,359.5662220477424,threshold_p5,24.6059891861916,77.2226971869829,0.6750072816436387,349.0,187.0,128.0,76.80364980188163,radial_lateral_search,55.56645202636719,18.30500030517578,high,2.1525493370670907,8.0
30,1,L,F30_T1,F30_T1_L,1,S3301L01.jpg,30/1L/S3301L01.jpg,/Users/sarahoualli/Desktop/BIO/iris_twins_project/data/raw/CASIA-Iris-Twins/30/1L/S3301L01.jpg,.jpg,20476,4461daff922c34d2944249bb3cb5dfc3e47452c2a831cbaf204c8435bcc01c7a,640,480,L,JPEG,True,,True,30,1,L,1,True,True,124.1741180419922,38.67793655395508,44.86975412316852,0.0038671875,6.510416666666667e-05,1L,False,False,False,False,False,False,True,True,True,280.5,171.0,59.3486442565918,371.331179702823,threshold_p5,25.485912440398785,85.22069773855488,0.6864650507112141,288.5,163.0,124.0,63.19519835452423,radial_lateral_search,50.83023452758789,12.739997863769531,high,2.089348485601294,11.31370849898476
30,1,L,F30_T1,F30_T1_L,9,S3301L09.jpg,30/1L/S3301L09.jpg,/Users/sarahoualli/Desktop/BIO/iris_twins_project/data/raw/CASIA-Iris-Twins/30/1L/S3301L09.jpg,.jpg,18460,2877e01440439bcda58decac13ca138973566b43c4d25a877d3a9778a43b2aad,640,480,L,JPEG,True,,True,30,1,L,9,True,True,117.58606719970705,38.6798210144043,31.79849833153618,0.007060546875,5.5338541666666664e-05,1L,False,False,False,False,False,False,True,True,True,304.2061767578125,186.8840179443359,52.25398635864258,314.47908394661846,threshold_p4,23.059004524886877,50.148344728319536,0.7630940104446086,298.0,174.0,119.0,86.65275934470871,hough_iris,63.32761764526367,20.56500244140625,high,2.277338214605285,14.30085830777938
30,1,R,F30_T1,F30_T1_R,2,S3301R02.jpg,30/1R/S3301R02.jpg,/Users/sarahoualli/Desktop/BIO/iris_twins_project/data/raw/CASIA-Iris-Twins/30/1R/S3301R02.jpg,.jpg,17254,cf6b2ed12b616723dda1f110092c8b63efc88b8bb7a25956393848ecccd7937a,640,480,L,JPEG,True,,True,30,1,R,2,True,True,124.1636962890625,38.04482650756836,21.881941154384613,0.003662109375,9.765625e-05,1R,False,False,False,False,False,False,True,True,True,257.0,240.5,42.93318557739258,317.12516900496206,threshold_p4,25.50896551724138,54.771135892116185,0.7599998521171165,261.0,239.0,104.0,95.60975969978404,hough_iris,61.51128005981445,26.055004119873047,high,2.422368585078008,4.272001872658765
30,1,R,F30_T1,F30_T1_R,4,S3301R04.jpg,30/1R/S3301R04.jpg,/Users/sarahoualli/Desktop/BIO/iris_twins_project/data/raw/CASIA-Iris-Twins/30/1R/S3301R04.jpg,.jpg,16059,a2cc98d577eec20fa588bfc50cfda2b0e162467ba63966ea0cd18bd3d3a64e78,640,480,L,JPEG,True,,True,30,1,R,4,True,True,126.97471618652344,39.29853820800781,17.683127081966393,0.003046875,8.138020833333333e-05,1R,False,False,False,False,False,False,True,True,True,265.0,202.0,41.0,305.78179859671997,hough_pupil,23.68289821061895,47.97904869762174,0.75,271.0,200.0,103.0,81.47593175781834,hough_iris,50.87029266357422,23.669998168945312,high,2.5121951219512195,6.324555320336759
30,1,R,F30_T1,F30_T1_R,8,S3301R08.jpg,30/1R/S3301R08.jpg,/Users/sarahoualli/Desktop/BIO/iris_twins_project/data/raw/CASIA-Iris-Twins/30/1R/S3301R08.jpg,.jpg,15426,f5b669942dd8fa138a08b2510c8b243d96e46976b13765ebd65cae5637103fcf,640,480,L,JPEG,True,,True,30,1,R,8,True,True,131.11947631835938,38.27497863769531,17.791963698323567,0.0022200520833333,3.580729166666667e-05,1R,False,False,False,False,False,False,True,True,True,316.5,182.5,48.74945831298828,348.98061990936145,threshold_p4,24.68411136696671,70.08450562700965,0.7558256649486731,316.5,182.5,104.0,65.89920955535088,radial_lateral_search,40.78578567504883,19.699996948242188,high,2.1333570381907476,0.0
30,1,R,F30_T1,F30_T1_R,9,S3301R09.jpg,30/1R/S3301R09.jpg,/Users/sarahoualli/Desktop/BIO/iris_twins_project/data/raw/CASIA-Iris-Twins/30/1R/S3301R09.jpg,.jpg,16394,c5a816d1651eef581433df032743fda4d1e8fb0ce1f78689ad49a9fee24a0dc3,640,480,L,JPEG,True,,True,30,1,R,9,True,True,132.26805114746094,39.89790344238281,18.43969783476723,0.001796875,1.953125e-05,1R,False,False,False,False,False,False,True,True,True,274.1451721191406,173.88096618652344,48.863502502441406,363.13532972227966,threshold_p4,24.295373665480422,77.98281752411576,0.7194942809759933,274.1451721191406,173.88096618652344,110.0,69.08151146328856,radial_lateral_search,43.37083435058594,19.790000915527344,high,2.2511689577410867,0.0
30,1,R,F30_T1,F30_T1_R,10,S3301R10.jpg,30/1R/S3301R10.jpg,/Users/sarahoualli/Desktop/BIO/iris_twins_project/data/raw/CASIA-Iris-Twins/30/1R/S3301R10.jpg,.jpg,19331,03eae1daab535a8cb0a5da8503c249dc7b5c5e9da1a180f25120982a25976756,640,480,L,JPEG,True,,True,30,1,R,10,True,True,132.4501495361328,42.2816162109375,48.59718489327959,0.0019694010416666,8.138020833333333e-05,1R,False,False,False,False,False,False,True,True,True,294.5,174.0,51.041748046875,366.601095951044,threshold_p4,23.99885953240829,78.04706671779141,0.775033603133531,294.5,174.0,112.0,73.90997874702927,radial_lateral_search,46.94285202026367,20.849998474121097,high,2.194282215749018,0.0
30,2,L,F30_T2,F30_T2_L,2,S3302L02.jpg,30/2L/S3302L02.jpg,/Users/sarahoualli/Desktop/BIO/iris_twins_project/data/raw/CASIA-Iris-Twins/30/2L/S3302L02.jpg,.jpg,18419,9f33446219bee6ec6be03036fa030d08b36339ac9fd5c7acb58c636f94d7fdbf,640,480,L,JPEG,True,,True,30,2,L,2,True,True,140.044677734375,38.80184555053711,23.682675325351287,0.0014518229166666,7.161458333333333e-05,2L,False,False,False,False,False,False,True,True,True,303.0538024902344,204.15586853027344,51.137168884277344,364.7261223328693,threshold_p3,27.221250712792244,83.73523773006134,0.635498162340546,295.0538024902344,204.15586853027344,107.0,79.34129820205372,radial_lateral_search,54.872657775878906,20.784996032714844,high,2.0924114950935087,8.0
30,2,L,F30_T2,F30_T2_L,3,S3302L03.jpg,30/2L/S3302L03.jpg,/Users/sarahoualli/Desktop/BIO/iris_twins_project/data/raw/CASIA-Iris-Twins/30/2L/S3302L03.jpg,.jpg,21340,e42f854c3f769d03306d58ea5bfcd90eb482bf84f3d71f2235442eadd255b8cc,640,480,L,JPEG,True,,True,30,2,L,3,True,True,139.65682983398438,42.19898986816406,43.658858706156416,0.0019759114583333,8.7890625e-05,2L,False,False,False,False,False,False,True,True,True,318.8012390136719,180.05433654785156,49.99702453613281,388.3994202003687,threshold_p3,25.493930348258708,91.33221210922042,0.7583094078255894,318.8012390136719,188.05433654785156,112.0,78.89107522704492,radial_lateral_search,56.687538146972656,18.74500274658203,high,2.240133308714355,8.0
30,2,R,F30_T2,F30_T2_R,1,S3302R01.jpg,30/2R/S3302R01.jpg,/Users/sarahoualli/Desktop/BIO/iris_twins_project/data/raw/CASIA-Iris-Twins/30/2R/S3302R01.jpg,.jpg,18014,6dd9048cdfa1860582cb63c37ffbb22c21861d667401aaaa6fd4591a303b80f6,640,480,L,JPEG,True,,True,30,2,R,1,True,True,130.1131134033203,38.39938735961914,22.025975173430965,0.00451171875,6.184895833333334e-05,2R,False,False,False,False,False,False,True,True,True,323.5,163.0,53.256553649902344,351.98459864538967,threshold_p3,25.15132147175678,79.22734215885947,0.400439427899417,323.5,163.0,107.0,62.37912483562267,radial_lateral_search,43.06855010986328,15.910003662109377,high,2.0091423997015663,0.0
30,2,R,F30_T2,F30_T2_R,3,S3302R03.jpg,30/2R/S3302R03.jpg,/Users/sarahoualli/Desktop/BIO/iris_twins_project/data/raw/CASIA-Iris-Twins/30/2R/S3302R03.jpg,.jpg,17837,7f59d9612b9255e2ae93463d4f20d9f71252941dbd85d96557a7e72ebaf27e42,640,480,L,JPEG,True,,True,30,2,R,3,True,True,132.26132202148438,38.92830276489258,23.59214124881956,0.00373046875,9.765625e-05,2R,False,False,False,False,False,False,True,True,True,323.5,169.5,53.18374252319336,351.86997086411117,threshold_p4,25.572637761271377,75.40582800284292,0.6654535358989622,323.5,169.5,107.0,61.41701556489522,radial_lateral_search,41.3674430847168,16.43000030517578,high,2.011893013233084,0.0
30,2,R,F30_T2,F30_T2_R,7,S3302R07.jpg,30/2R/S3302R07.jpg,/Users/sarahoualli/Desktop/BIO/iris_twins_project/data/raw/CASIA-Iris-Twins/30/2R/S3302R07.jpg,.jpg,18428,71f68693c263f8e786392fe8e674bc421a19ea6553319c74bd71dea276a31832,640,480,L,JPEG,True,,True,30,2,R,7,True,True,128.93946838378906,39.74578094482422,23.650323560068337,0.006376953125,8.463541666666667e-05,2R,False,False,False,False,False,False,True,True,True,321.0,173.0,47.0,316.5714589101895,hough_pupil,25.32328827830711,55.53498478922208,0.75,329.0,181.0,105.0,71.51367799402563,radial_lateral_search,48.153934478759766,20.18000030517578,high,2.234042553191489,11.31370849898476
30,2,R,F30_T2,F30_T2_R,8,S3302R08.jpg,30/2R/S3302R08.jpg,/Users/sarahoualli/Desktop/BIO/iris_twins_project/data/raw/CASIA-Iris-Twins/30/2R/S3302R08.jpg,.jpg,18661,6161b0d885241f33e9feb5270e1133dbef6c74018510b45b7263fad2b6a15a6f,640,480,L,JPEG,True,,True,30,2,R,8,True,True,124.92440032958984,38.97357177734375,26.377191354868145,0.0054166666666666,9.765625e-05,2R,False,False,False,False,False,False,True,True,True,276.5,177.0,53.30347442626953,326.28189542837043,threshold_p6,24.618241492485748,57.64078411405296,0.8721059102726881,276.5,177.0,107.0,79.99194118046258,radial_lateral_search,52.16945266723633,21.9949951171875,high,2.007373837290937,0.0
30,2,R,F30_T2,F30_T2_R,10,S3302R10.jpg,30/2R/S3302R10.jpg,/Users/sarahoualli/Desktop/BIO/iris_twins_project/data/raw/CASIA-Iris-Twins/30/2R/S3302R10.jpg,.jpg,18682,94a2a51eaf5dedde40beb3d86a60eaa16cf29f2173813c507f9c6a82e0f44b38,640,480,L,JPEG,True,,True,30,2,R,10,True,True,128.0538330078125,40.84134292602539,27.219509903589884,0.0044856770833333,0.0001009114583333,2R,False,False,False,False,False,False,True,True,True,285.45599365234375,175.35211181640625,53.3720703125,327.5663821206783,threshold_p6,24.949386768008292,58.78224711473184,0.8607399632164798,285.45599365234375,175.35211181640625,107.0,76.57326488105747,radial_lateral_search,49.82508850097656,21.23500061035156,high,2.004793881397178,0.0
31,1,L,F31_T1,F31_T1_L,1,S3311L01.jpg,31/1L/S3311L01.jpg,/Users/sarahoualli/Desktop/BIO/iris_twins_project/data/raw/CASIA-Iris-Twins/31/1L/S3311L01.jpg,.jpg,23027,cb74f9253cf0091522da130b408191190c1ae8758671d60c6aae55ea76b97178,640,480,L,JPEG,True,,True,31,1,L,1,True,True,140.5576629638672,45.880863189697266,54.30595521790187,0.0054947916666666,0.000830078125,1L,False,False,False,False,False,False,True,True,True,376.1966552734375,240.0952911376953,55.18196105957031,393.27799318928055,threshold_p4,23.504689814052988,88.24873617693522,0.8411487245411012,368.1966552734375,248.0952911376953,124.0,88.20930031392017,radial_lateral_search,65.5602798461914,19.63500213623047,high,2.247111150438073,11.31370849898476
31,1,L,F31_T1,F31_T1_L,2,S3311L02.jpg,31/1L/S3311L02.jpg,/Users/sarahoualli/Desktop/BIO/iris_twins_project/data/raw/CASIA-Iris-Twins/31/1L/S3311L02.jpg,.jpg,18520,9b86c15b9ea4cc40513ca20937f9739bb3fb7b9069e6971988122947ab394a01,640,480,L,JPEG,True,,True,31,1,L,2,True,True,151.99705505371094,38.21217346191406,25.605817377344763,0.0010319010416666,0.0002278645833333,1L,False,False,False,False,False,False,True,True,True,408.5,175.0,59.94382095336914,413.14795431492286,threshold_p5,30.009427422709,111.88292948543425,0.7836852467761196,408.5,183.0,125.0,76.86591822415994,radial_lateral_search,50.08077621459961,22.459999084472656,high,2.085285822824652,8.0
31,1,L,F31_T1,F31_T1_L,3,S3311L03.jpg,31/1L/S3311L03.jpg,/Users/sarahoualli/Desktop/BIO/iris_twins_project/data/raw/CASIA-Iris-Twins/31/1L/S3311L03.jpg,.jpg,20739,db87161bdb8fa9a89bb5782f024d9cfccd51f5f28dbef2b94efce37bdf025ec4,640,480,L,JPEG,True,,True,31,1,L,3,True,True,150.9160614013672,40.04583740234375,46.25048285919827,0.0014713541666666,0.0002604166666666,1L,False,False,False,False,False,False,True,True,True,431.0,165.0,53.0,384.432186589475,hough_pupil,26.84343891402715,94.10234541577825,0.75,423.0,173.0,126.0,95.12399084630704,radial_lateral_search,65.17098999023438,24.479995727539062,high,2.3773584905660377,11.31370849898476
31,1,L,F31_T1,F31_T1_L,4,S3311L04.jpg,31/1L/S3311L04.jpg,/Users/sarahoualli/Desktop/BIO/iris_twins_project/data/raw/CASIA-Iris-Twins/31/1L/S3311L04.jpg,.jpg,21104,8eb73dc30f1a06c5ebd9466a340e0e9bbe53002422e116d3e76d3bc8dbce9904,640,480,L,JPEG,True,,True,31,1,L,4,True,True,107.06800842285156,35.56190872192383,35.013382643636064,0.0112662760416666,0.0001041666666666,1L,False,False,False,False,False,False,True,True,True,440.7563171386719,167.84295654296875,52.843624114990234,329.2360956980932,threshold_p4,22.210859728506787,57.7863041982106,0.8301018400938913,432.7563171386719,175.84295654296875,124.0,76.43341416030229,radial_lateral_search,53.6806526184082,19.425003051757812,high,2.346546098544833,11.31370849898476
31,1,L,F31_T1,F31_T1_L,5,S3311L05.jpg,31/1L/S3311L05.jpg,/Users/sarahoualli/Desktop/BIO/iris_twins_project/data/raw/CASIA-Iris-Twins/31/1L/S3311L05.jpg,.jpg,21479,c3a1099330ab35e08a63c7b43392ff4073bec52d52e6f132400668975781e253,640,480,L,JPEG,True,,True,31,1,L,5,True,True,97.56035614013672,33.910560607910156,51.877583337900376,0.0156673177083333,0.0001725260416666,1L,False,False,False,False,False,False,True,True,True,448.0,177.5,51.72291946411133,316.51482766656403,threshold_p4,21.417601216498763,50.19678127286028,0.8180655254153288,440.0,185.5,124.0,67.10223013255563,radial_lateral_search,46.47710037231445,17.759998321533203,high,2.397389808710221,11.31370849898476
31,1,L,F31_T1,F31_T1_L,6,S3311L06.jpg,31/1L/S3311L06.jpg,/Users/sarahoualli/Desktop/BIO/iris_twins_project/data/raw/CASIA-Iris-Twins/31/1L/S3311L06.jpg,.jpg,20431,63564a58105f8bb0822367073c3dedb8e1534e9bda7a1246eb0afc0f9e9564bc,640,480,L,JPEG,True,,True,31,1,L,6,True,True,102.72238159179688,30.4976806640625,41.89231052106223,0.0153255208333333,0.00029296875,1L,False,False,False,False,False,False,True,True,True,332.0,176.0,55.0,339.03138631604776,hough_pupil,22.38851406944216,62.49950592885376,0.75,323.0,170.0,131.0,81.46303465519622,hough_iris,59.15192794799805,18.919998168945312,high,2.381818181818182,10.816653826391969
31,1,R,F31_T1,F31_T1_R,1,S3311R01.jpg,31/1R/S3311R01.jpg,/Users/sarahoualli/Desktop/BIO/iris_twins_project/data/raw/CASIA-Iris-Twins/31/1R/S3311R01.jpg,.jpg,20255,76bb1bcc2f48106a275d9925e6ef9d11558ccf5c734c1f718379b802d346ac39,640,480,L,JPEG,True,,True,31,1,R,1,True,True,156.12745666503906,39.563777923583984,36.14320766778522,0.000400390625,0.0004329427083333,1R,False,False,False,False,False,False,True,True,True,349.8192138671875,170.87156677246094,46.0143928527832,387.9039939713939,threshold_p3,33.12392266480317,106.79627906976744,0.4602759521172437,349.8192138671875,178.87156677246094,105.0,69.88222669890999,radial_lateral_search,51.333648681640625,16.014999389648438,high,2.2818947179403897,8.0
31,2,L,F31_T2,F31_T2_L,1,S3312L01.jpg,31/2L/S3312L01.jpg,/Users/sarahoualli/Desktop/BIO/iris_twins_project/data/raw/CASIA-Iris-Twins/31/2L/S3312L01.jpg,.jpg,23119,c9ee1c023a958064d8b8656abb40b4ed0093f90dd135abc8762b3008910c2243,640,480,L,JPEG,True,,True,31,2,L,1,True,True,119.05062866210938,32.38954544067383,68.6451114616288,0.004296875,0.00013671875,2L,False,False,False,False,False,False,True,True,True,316.4831237792969,209.6068115234375,52.59756088256836,373.4681123774744,threshold_p6,25.022262443438915,79.4685134205093,0.8845355118855769,308.4831237792969,217.6068115234375,117.0,79.3011079340035,radial_lateral_search,54.642791748046875,21.134994506835938,high,2.224437750283124,11.31370849898476
31,2,L,F31_T2,F31_T2_L,2,S3312L02.jpg,31/2L/S3312L02.jpg,/Users/sarahoualli/Desktop/BIO/iris_twins_project/data/raw/CASIA-Iris-Twins/31/2L/S3312L02.jpg,.jpg,23847,1460a80170b7c21570d35c42b2e812ab7bec0effd80900f7ee13d0b0a959786d,640,480,L,JPEG,True,,True,31,2,L,2,True,True,123.84113311767578,35.03562545776367,67.64161702457005,0.0045572916666666,0.00015625,2L,False,False,False,False,False,False,True,True,True,316.6837463378906,185.5630340576172,54.65960693359375,392.37236376495434,threshold_p5,25.344577916735233,89.8531010230179,0.8913298718779948,308.6837463378906,193.5630340576172,121.0,80.96420223491849,radial_lateral_search,58.3088264465332,19.73500061035156,high,2.2137005146598208,11.31370849898476
31,2,L,F31_T2,F31_T2_L,3,S3312L03.jpg,31/2L/S3312L03.jpg,/Users/sarahoualli/Desktop/BIO/iris_twins_project/data/raw/CASIA-Iris-Twins/31/2L/S3312L03.jpg,.jpg,23455,cae40a68c0c85471661335dfa3ce3417e3daf67676462481f9cd1dc45f6ff1e3,640,480,L,JPEG,True,,True,31,2,L,3,True,True,119.34741973876952,36.15630340576172,56.473496516927106,0.0060221354166666,0.0001529947916666,2L,False,False,False,False,False,False,True,True,True,287.7103271484375,177.92041015625,56.13861846923828,380.1486352052183,threshold_p5,25.078761201069018,83.99152146857499,0.8973957521641773,279.7103271484375,185.92041015625,120.0,79.266587700276,radial_lateral_search,56.187744140625,20.2550048828125,high,2.137565962114925,11.31370849898476
31,2,R,F31_T2,F31_T2_R,1,S3312R01.jpg,31/2R/S3312R01.jpg,/Users/sarahoualli/Desktop/BIO/iris_twins_project/data/raw/CASIA-Iris-Twins/31/2R/S3312R01.jpg,.jpg,18974,1fd654df7d75249e3df74dc683a9e00225d25935d0a884a36677fa7fbe9b90a4,640,480,L,JPEG,True,,True,31,2,R,1,True,True,123.03294372558594,34.06209182739258,35.41207986576293,0.0083528645833333,0.000263671875,2R,False,False,False,False,False,False,True,True,True,343.3394775390625,198.1854705810547,55.44327926635742,378.77037502822986,threshold_p5,25.29340134935001,84.33546603475513,0.8190339606164352,351.3394775390625,190.1854705810547,127.0,65.97249568614497,radial_lateral_search,55.014400482177734,11.160003662109377,high,2.290629300440074,11.31370849898476
31,2,R,F31_T2,F31_T2_R,2,S3312R02.jpg,31/2R/S3312R02.jpg,/Users/sarahoualli/Desktop/BIO/iris_twins_project/data/raw/CASIA-Iris-Twins/31/2R/S3312R02.jpg,.jpg,21939,c4a33e804ba8e148bc52cbd3c0d6eb392b347152fb9194c0d138c7e67e0663b2,640,480,L,JPEG,True,,True,31,2,R,2,True,True,124.71839904785156,35.50971603393555,48.363172110833055,0.0072623697916666,0.0002473958333333,2R,False,False,False,False,False,False,True,True,True,322.8316650390625,175.31333923339844,57.628047943115234,386.14914965875965,threshold_p6,24.011924528301886,86.22888179884534,0.8351115694366567,330.0,180.0,126.0,76.61347874901745,hough_iris,57.173858642578125,17.024993896484375,high,2.1864353296223893,8.56445066851349
31,2,R,F31_T2,F31_T2_R,3,S3312R03.jpg,31/2R/S3312R03.jpg,/Users/sarahoualli/Desktop/BIO/iris_twins_project/data/raw/CASIA-Iris-Twins/31/2R/S3312R03.jpg,.jpg,20570,60c87f19222f1d3d32cf03c97fa27bd1f2a16cab51f88dccc7e0696ef17f56d3,640,480,L,JPEG,True,,True,31,2,R,3,True,True,114.69219970703124,33.84352493286133,38.02456855197482,0.0057649739583333,9.765625e-05,2R,False,False,False,False,False,False,True,True,True,309.3067626953125,258.6562805175781,52.07719421386719,353.692930592576,threshold_p6,24.480180995475113,68.69485426412379,0.8839598196062399,316.0,261.0,116.0,85.01427011392397,hough_iris,62.61334609985352,18.76000213623047,high,2.227462553447462,7.091716761768215
31,2,R,F31_T2,F31_T2_R,4,S3312R04.jpg,31/2R/S3312R04.jpg,/Users/sarahoualli/Desktop/BIO/iris_twins_project/data/raw/CASIA-Iris-Twins/31/2R/S3312R04.jpg,.jpg,17701,4e06f2db04d895f8a41ec961994ef6f5624f42a97988b72d2668936f9babaeb0,640,480,L,JPEG,True,,True,31,2,R,4,True,True,118.76597595214844,33.97172927856445,22.069958273304835,0.0089583333333333,0.0001595052083333,2R,False,False,False,False,False,False,True,True,True,388.93060302734375,181.8487548828125,51.087345123291016,338.6299921247957,threshold_p4,24.959703478426153,66.10381518404908,0.7437188910311632,396.93060302734375,181.8487548828125,115.0,65.80587292347445,radial_lateral_search,45.26668930053711,17.52499771118164,high,2.251046706820763,8.0
31,2,R,F31_T2,F31_T2_R,5,S3312R05.jpg,31/2R/S3312R05.jpg,/Users/sarahoualli/Desktop/BIO/iris_twins_project/data/raw/CASIA-Iris-Twins/31/2R/S3312R05.jpg,.jpg,20611,984ac914bbf14a699f81b1b7c31c12bc3e277496e935c3afb362dfb12e9cf222,640,480,L,JPEG,True,,True,31,2,R,5,True,True,120.72037506103516,35.4017333984375,35.96674022037718,0.00458984375,0.0001236979166666,2R,False,False,False,False,False,False,True,True,True,402.8600769042969,153.5836944580078,50.09522247314453,341.82803166169657,threshold_p3,24.85472636815921,68.69601941747572,0.737693404416631,411.0,156.0,115.0,82.88184707784896,hough_iris,59.585079193115234,19.455001831054688,high,2.2956280923125987,8.490988191972905
33,1,L,F33_T1,F33_T1_L,1,S3331L01.jpg,33/1L/S3331L01.jpg,/Users/sarahoualli/Desktop/BIO/iris_twins_project/data/raw/CASIA-Iris-Twins/33/1L/S3331L01.jpg,.jpg,23658,6591d5e92a6f33b0cfcfe9c8aeb628253169c30dead7a4e4ece198383850d5f3,640,480,L,JPEG,True,,True,33,1,L,1,True,True,135.48963928222656,45.04694366455078,70.1332256398095,0.0020930989583333,0.0001041666666666,1L,False,False,False,False,False,False,True,True,True,229.1666717529297,192.0490264892578,51.095069885253906,349.5069549605935,threshold_p5,25.403915605398215,72.01840490797547,0.7751430472680072,221.1666717529297,192.0490264892578,121.0,90.37537936069438,radial_lateral_search,63.312843322753906,21.849998474121097,high,2.368134543542737,8.0
33,1,L,F33_T1,F33_T1_L,2,S3331L02.jpg,33/1L/S3331L02.jpg,/Users/sarahoualli/Desktop/BIO/iris_twins_project/data/raw/CASIA-Iris-Twins/33/1L/S3331L02.jpg,.jpg,24321,2dbbfac9edd8a59edaed7308d6d352733579ba146a67fdac0d15cc04dbe9d243,640,480,L,JPEG,True,,True,33,1,L,2,True,True,136.22232055664062,45.407379150390625,77.32844270680748,0.0021419270833333,0.0001041666666666,1L,False,False,False,False,False,False,True,True,True,214.95474243164065,198.21697998046875,50.01789093017578,348.7349493306726,threshold_p4,24.568955223880597,70.93058252427184,0.7367846133875233,214.95474243164065,198.21697998046875,119.0,85.73727349628119,radial_lateral_search,54.79668426513672,23.159996032714844,high,2.379148696335921,0.0
33,1,L,F33_T1,F33_T1_L,3,S3331L03.jpg,33/1L/S3331L03.jpg,/Users/sarahoualli/Desktop/BIO/iris_twins_project/data/raw/CASIA-Iris-Twins/33/1L/S3331L03.jpg,.jpg,24235,063d7f605876b5de70eb80a49d03e2b23667554e3d47897bbed5e671424dc2b9,640,480,L,JPEG,True,,True,33,1,L,3,True,True,131.5990447998047,42.85798645019531,110.44876578759089,0.002216796875,5.859375e-05,1L,False,False,False,False,False,False,True,True,True,335.21673583984375,189.1929626464844,48.133548736572266,363.9333620351875,threshold_p4,25.548880050240736,76.84618626211547,0.8471345615607382,335.21673583984375,189.1929626464844,117.0,88.33978320020266,radial_lateral_search,59.397830963134766,21.58500289916992,high,2.4307370445574987,0.0
33,1,L,F33_T1,F33_T1_L,5,S3331L05.jpg,33/1L/S3331L05.jpg,/Users/sarahoualli/Desktop/BIO/iris_twins_project/data/raw/CASIA-Iris-Twins/33/1L/S3331L05.jpg,.jpg,19604,5b1c5fc295a76847e62ba771e770a6528755c0fb142fe96abbc2d8537d279e9b,640,480,L,JPEG,True,,True,33,1,L,5,True,True,134.0311279296875,43.96124267578125,33.105994968149396,0.002119140625,5.859375e-05,1L,False,False,False,False,False,False,True,True,True,380.39691162109375,178.60308837890625,47.59314727783203,348.15784039335375,threshold_p4,26.931974296476845,71.8124732563115,0.8788599165192935,372.39691162109375,178.60308837890625,112.0,80.51579854376357,radial_lateral_search,57.57267761230469,18.950000762939453,high,2.35327996583591,8.0
33,1,L,F33_T1,F33_T1_L,6,S3331L06.jpg,33/1L/S3331L06.jpg,/Users/sarahoualli/Desktop/BIO/iris_twins_project/data/raw/CASIA-Iris-Twins/33/1L/S3331L06.jpg,.jpg,21090,5203da1099b0b962060cce687f3f2eec962834d7e7213ebc29d9c895c4c2da16,640,480,L,JPEG,True,,True,33,1,L,6,True,True,136.8376922607422,42.75377655029297,57.590143671660954,0.00162109375,7.161458333333333e-05,1L,False,False,False,False,False,False,True,True,True,371.6532897949219,166.40855407714844,47.05728530883789,351.8134608103989,threshold_p4,26.1845778861068,72.79476314645807,0.8774574630753681,368.0,166.0,109.0,86.2214067664609,hough_iris,62.233116149902344,19.03000259399414,high,2.3163257141722235,3.676063486888512
33,1,L,F33_T1,F33_T1_L,7,S3331L07.jpg,33/1L/S3331L07.jpg,/Users/sarahoualli/Desktop/BIO/iris_twins_project/data/raw/CASIA-Iris-Twins/33/1L/S3331L07.jpg,.jpg,21748,dab5e56d6ec42c311f92d0f1e53def341422b3ae6bbbe3a582ce2d77e3594f4c,640,480,L,JPEG,True,,True,33,1,L,7,True,True,137.9202117919922,42.5213623046875,85.45697834201391,0.0015787760416666,6.510416666666667e-05,1L,False,False,False,False,False,False,True,True,True,365.291259765625,165.54835510253906,45.78762435913086,357.54147699374164,threshold_p3,26.646866992778943,76.12197674418604,0.8742412505244592,362.0,164.0,108.0,93.5188509347272,hough_iris,67.39131164550781,20.429996490478516,high,2.3587159524353636,3.6372784287679543
33,1,L,F33_T1,F33_T1_L,8,S3331L08.jpg,33/1L/S3331L08.jpg,/Users/sarahoualli/Desktop/BIO/iris_twins_project/data/raw/CASIA-Iris-Twins/33/1L/S3331L08.jpg,.jpg,22815,21932f0fe91028115034d56afc39279ca05210ec1348f0d1170ba79dbb2d2589,640,480,L,JPEG,True,,True,33,1,L,8,True,True,132.29859924316406,45.420989990234375,97.72641511678697,0.0026595052083333,5.859375e-05,1L,False,False,False,False,False,False,True,True,True,392.0180969238281,186.72865295410156,47.281639099121094,350.8068638815412,threshold_p4,24.88632838466652,70.12449347140928,0.87500267305412,392.0180969238281,178.72865295410156,119.0,74.25590710038118,radial_lateral_search,51.771575927734375,18.154998779296875,high,2.516833220407794,8.0
33,1,L,F33_T1,F33_T1_L,9,S3331L09.jpg,33/1L/S3331L09.jpg,/Users/sarahoualli/Desktop/BIO/iris_twins_project/data/raw/CASIA-Iris-Twins/33/1L/S3331L09.jpg,.jpg,23315,76a6a724d23ed88bc3883f0b8ddd589e82cea4dfdbb041e2153c022cbb61f362,640,480,L,JPEG,True,,True,33,1,L,9,True,True,131.7236328125,45.72126007080078,110.87048306948344,0.002275390625,6.510416666666667e-05,1L,False,False,False,False,False,False,True,True,True,386.8595581054687,189.14044189453125,48.667213439941406,350.83267993087844,threshold_p5,24.79212895122462,69.92793931731985,0.8726406069309429,386.8595581054687,189.14044189453125,118.0,74.13352102086043,radial_lateral_search,50.94200134277344,17.494998931884766,high,2.4246302933620782,0.0
33,1,L,F33_T1,F33_T1_L,10,S3331L10.jpg,33/1L/S3331L10.jpg,/Users/sarahoualli/Desktop/BIO/iris_twins_project/data/raw/CASIA-Iris-Twins/33/1L/S3331L10.jpg,.jpg,24450,828c2894b4c72bccd285f1aee6431439612a9b1d4929cee6b0d0d4e954200b71,640,480,L,JPEG,True,,True,33,1,L,10,True,True,135.1866912841797,45.307315826416016,122.49773734024896,0.0016959635416666,4.557291666666667e-05,1L,False,False,False,False,False,False,True,True,True,384.3863525390625,197.61363220214844,48.07086944580078,357.59263432347836,threshold_p4,25.360070906270774,73.84063136456211,0.8695757013567915,379.0,197.0,112.0,92.13593878845428,hough_iris,65.53366088867188,21.170001983642575,high,2.329893369752307,5.421193425305777
33,1,R,F33_T1,F33_T1_R,1,S3331R01.jpg,33/1R/S3331R01.jpg,/Users/sarahoualli/Desktop/BIO/iris_twins_project/data/raw/CASIA-Iris-Twins/33/1R/S3331R01.jpg,.jpg,18601,881cc4ea0dd13f01ec3a6f892072020b1e1d235ed07d3ec3e4b6bd8b2b5c6473,640,480,L,JPEG,True,,True,33,1,R,1,True,True,123.7705078125,38.08454895019531,33.92811752521728,0.0029264322916666,7.161458333333333e-05,1R,False,False,False,False,False,False,True,True,True,290.7906494140625,197.40394592285156,41.4357795715332,350.1044605318863,threshold_p4,24.851862716339102,70.23716056670602,0.768149654581423,290.7906494140625,197.40394592285156,104.0,93.03217859966256,radial_lateral_search,67.15454864501953,19.169998168945312,high,2.5099081295298964,0.0
33,1,R,F33_T1,F33_T1_R,2,S3331R02.jpg,33/1R/S3331R02.jpg,/Users/sarahoualli/Desktop/BIO/iris_twins_project/data/raw/CASIA-Iris-Twins/33/1R/S3331R02.jpg,.jpg,18548,c56e2dbfccb49663dd6809ada71e3077e0870465078e063fcfc316ba72f01c2f,640,480,L,JPEG,True,,True,33,1,R,2,True,True,128.5901641845703,37.33082580566406,32.65151370339923,0.002431640625,5.5338541666666664e-05,1R,False,False,False,False,False,False,True,True,True,250.38504028320312,181.5401611328125,43.96048355102539,356.56112266460735,threshold_p5,25.927848429794967,74.50329949238579,0.8961400981195895,251.0,183.0,103.0,98.10958784550908,hough_iris,68.6685562133789,22.474998474121097,high,2.3430133538100604,1.5840785875183645
33,1,R,F33_T1,F33_T1_R,3,S3331R03.jpg,33/1R/S3331R03.jpg,/Users/sarahoualli/Desktop/BIO/iris_twins_project/data/raw/CASIA-Iris-Twins/33/1R/S3331R03.jpg,.jpg,18227,45a4dfdc497deba9356ba285667ac13b5f6d412f1ce684a885591b6736a9fa2d,640,480,L,JPEG,True,,True,33,1,R,3,True,True,127.16493225097656,36.9286003112793,33.40900444268121,0.0025455729166666,6.510416666666667e-05,1R,False,False,False,False,False,False,True,True,True,297.5,163.0,41.80022048950195,353.91039820393763,threshold_p4,24.40041067761807,71.8621456364647,0.7934992817098838,297.5,163.0,103.0,86.99517000368618,radial_lateral_search,61.09775924682617,19.31500244140625,high,2.4641018347228156,0.0
33,1,R,F33_T1,F33_T1_R,4,S3331R04.jpg,33/1R/S3331R04.jpg,/Users/sarahoualli/Desktop/BIO/iris_twins_project/data/raw/CASIA-Iris-Twins/33/1R/S3331R04.jpg,.jpg,21606,03c593ab3380a0a77991308801954a62eb78704a819f07ed9cb35924f9d9420a,640,480,L,JPEG,True,,True,33,1,R,4,True,True,124.6961441040039,41.38424301147461,63.5918473280165,0.003134765625,6.184895833333334e-05,1R,False,False,False,False,False,False,True,True,True,281.0,195.0,53.0,340.9193859031845,hough_pupil,24.647782805429863,66.86496090973704,0.75,273.0,203.0,108.0,75.99559900463453,radial_lateral_search,52.11908721923828,21.109996795654297,high,2.037735849056604,11.31370849898476
33,1,R,F33_T1,F33_T1_R,5,S3331R05.jpg,33/1R/S3331R05.jpg,/Users/sarahoualli/Desktop/BIO/iris_twins_project/data/raw/CASIA-Iris-Twins/33/1R/S3331R05.jpg,.jpg,22399,d9fa82a57cdce1bd0242acfd93cf985ffeed52c13520d71a987564820e102385,640,480,L,JPEG,True,,True,33,1,R,5,True,True,128.30799865722656,39.86702728271485,91.62493444204333,0.003359375,5.208333333333334e-05,1R,False,False,False,False,False,False,True,True,True,273.0,200.0,44.0,353.07275495973977,hough_pupil,23.101219828704902,70.6478426395939,0.75,273.0,200.0,109.0,73.39119540127841,radial_lateral_search,49.08610534667969,18.13999938964844,high,2.477272727272727,0.0
33,1,R,F33_T1,F33_T1_R,6,S3331R06.jpg,33/1R/S3331R06.jpg,/Users/sarahoualli/Desktop/BIO/iris_twins_project/data/raw/CASIA-Iris-Twins/33/1R/S3331R06.jpg,.jpg,23311,70e7a62f0e5b20f11f5b3e0b251f3bff656e05be30c565c5ba1f6201006870d1,640,480,L,JPEG,True,,True,33,1,R,6,True,True,125.50260162353516,40.61064529418945,81.96955516014101,0.0033333333333333,0.0001106770833333,1R,False,False,False,False,False,False,True,True,True,283.0,201.0,49.0,348.26621337475353,hough_pupil,23.422022189658783,68.50442122186494,0.75,275.0,201.0,117.0,76.45071523238202,radial_lateral_search,54.44069290161133,18.185001373291016,high,2.3877551020408165,8.0
33,1,R,F33_T1,F33_T1_R,7,S3331R07.jpg,33/1R/S3331R07.jpg,/Users/sarahoualli/Desktop/BIO/iris_twins_project/data/raw/CASIA-Iris-Twins/33/1R/S3331R07.jpg,.jpg,21996,b964f198899c25f2fcab50e4239b087ab7b575bd050203221541df5622bfc4a8,640,480,L,JPEG,True,,True,33,1,R,7,True,True,126.42349243164062,39.516639709472656,80.34096971383624,0.0032161458333333,6.184895833333334e-05,1R,False,False,False,False,False,False,True,True,True,260.8708801269531,160.6934051513672,51.29115295410156,330.80530523325206,threshold_p3,25.180003801558637,70.08202267739576,0.3456177552783416,260.8708801269531,160.6934051513672,113.0,82.96135791246483,radial_lateral_search,60.354923248291016,17.709999084472656,high,2.203108986478024,0.0
33,1,R,F33_T1,F33_T1_R,8,S3331R08.jpg,33/1R/S3331R08.jpg,/Users/sarahoualli/Desktop/BIO/iris_twins_project/data/raw/CASIA-Iris-Twins/33/1R/S3331R08.jpg,.jpg,21106,471f3d9694ec06c9fe93e76c5ff38b8459821a492f6fc190f3a16fbdbb97e33a,640,480,L,JPEG,True,,True,33,1,R,8,True,True,129.2388458251953,39.315223693847656,67.20870121048821,0.002705078125,6.184895833333334e-05,1R,False,False,False,False,False,False,True,True,True,268.0,175.0,45.0,333.40684017109317,hough_pupil,26.352331606217614,66.44025082820635,0.75,265.0,170.0,111.0,87.50318299593384,hough_iris,60.69425964355469,20.999996185302734,high,2.466666666666667,5.830951894845301
33,2,L,F33_T2,F33_T2_L,1,S3332L01.jpg,33/2L/S3332L01.jpg,/Users/sarahoualli/Desktop/BIO/iris_twins_project/data/raw/CASIA-Iris-Twins/33/2L/S3332L01.jpg,.jpg,20235,cff101ecf5a6a0114809ebbbb2de8d81251620ac1b5ab648fb62e0aa0797797e,640,480,L,JPEG,True,,True,33,2,L,1,True,True,120.02503967285156,38.9401969909668,32.52006501223246,0.0024609375,5.859375e-05,2L,False,False,False,False,False,False,True,True,True,308.6882019042969,217.69662475585935,51.8218879699707,362.15595464802,threshold_p3,24.89336628017487,74.72924286759327,0.8514300820665345,308.6882019042969,217.69662475585935,108.0,68.3416398603225,radial_lateral_search,48.24839782714844,16.25499725341797,high,2.084061469597227,0.0
33,2,L,F33_T2,F33_T2_L,4,S3332L04.jpg,33/2L/S3332L04.jpg,/Users/sarahoualli/Desktop/BIO/iris_twins_project/data/raw/CASIA-Iris-Twins/33/2L/S3332L04.jpg,.jpg,20438,3e85250ecd28cbe7f74850df8bc28b6c25bdce4fc5323ec3dff83aa799a47d48,640,480,L,JPEG,True,,True,33,2,L,4,True,True,122.49761962890624,37.38898849487305,34.70267622289657,0.0024739583333333,7.486979166666666e-05,2L,False,False,False,False,False,False,True,True,True,299.92205810546875,212.41482543945312,53.17915344238281,375.00922913985346,threshold_p3,24.74710658144757,81.95771144278606,0.8039508335715839,299.92205810546875,212.41482543945312,111.0,75.69620660480773,radial_lateral_search,55.436073303222656,16.36499786376953,high,2.087284073076933,0.0
33,2,L,F33_T2,F33_T2_L,5,S3332L05.jpg,33/2L/S3332L05.jpg,/Users/sarahoualli/Desktop/BIO/iris_twins_project/data/raw/CASIA-Iris-Twins/33/2L/S3332L05.jpg,.jpg,19411,98d8eb109e599168bfa723d767fe3247a54b73dd96ae20b4d9ff57a4f883520e,640,480,L,JPEG,True,,True,33,2,L,5,True,True,120.39501190185548,36.9053955078125,31.258339691151516,0.002275390625,5.208333333333334e-05,2L,False,False,False,False,False,False,True,True,True,298.2626647949219,209.5458984375,52.2812614440918,361.6374953623351,threshold_p3,25.87764705882353,76.73245771860381,0.8249389447950354,298.2626647949219,209.5458984375,109.0,69.70144422479191,radial_lateral_search,50.51494216918945,15.604995727539062,high,2.084877009261946,0.0
33,2,L,F33_T2,F33_T2_L,9,S3332L09.jpg,33/2L/S3332L09.jpg,/Users/sarahoualli/Desktop/BIO/iris_twins_project/data/raw/CASIA-Iris-Twins/33/2L/S3332L09.jpg,.jpg,19763,859015d249272de4022c8275edfdb201782111d2294ae471c456a5b929a8c0b9,640,480,L,JPEG,True,,True,33,2,L,9,True,True,119.16612243652344,37.87754440307617,32.761843006038674,0.0021744791666666,7.161458333333333e-05,2L,False,False,False,False,False,False,True,True,True,306.5,208.1923065185547,52.213958740234375,357.9226955764904,threshold_p3,25.357466063348415,73.68702770780857,0.840567582227514,306.5,208.1923065185547,107.0,70.97827497057051,radial_lateral_search,50.12123107910156,16.900001525878906,high,2.0492604388096183,0.0
33,2,L,F33_T2,F33_T2_L,10,S3332L10.jpg,33/2L/S3332L10.jpg,/Users/sarahoualli/Desktop/BIO/iris_twins_project/data/raw/CASIA-Iris-Twins/33/2L/S3332L10.jpg,.jpg,20483,c1474156ee0ba62b6852acbdca70dbeb54ff0fc60672d9e5c21226007c198689,640,480,L,JPEG,True,,True,33,2,L,10,True,True,122.50886535644533,35.658023834228516,37.61261650482813,0.002568359375,6.184895833333334e-05,2L,False,False,False,False,False,False,True,True,True,297.9312438964844,213.19923400878903,54.02638626098633,377.8821998966311,threshold_p4,25.311280013819314,83.70989618218353,0.8347515239784218,297.9312438964844,213.19923400878903,112.0,73.13011826023155,radial_lateral_search,55.089874267578125,14.81999969482422,high,2.07306110497488,0.0
33,2,R,F33_T2,F33_T2_R,5,S3332R05.jpg,33/2R/S3332R05.jpg,/Users/sarahoualli/Desktop/BIO/iris_twins_project/data/raw/CASIA-Iris-Twins/33/2R/S3332R05.jpg,.jpg,21970,bf8116d1d16617ec2d3dcf56e2b551553edc9452d4cf75482c87f53d86cf9a41,640,480,L,JPEG,True,,True,33,2,R,5,True,True,116.74432373046876,38.04248809814453,53.671653710587805,0.0044986979166666,4.2317708333333335e-05,2R,False,False,False,False,False,False,True,True,True,307.93548583984375,198.3290252685547,55.4832763671875,391.8117323218337,threshold_p5,23.428994569688992,87.86192733017377,0.846900171739027,315.93548583984375,206.3290252685547,111.0,62.08940932545709,radial_lateral_search,43.779422760009766,17.240001678466797,high,2.000602835085002,11.31370849898476
34,1,L,F34_T1,F34_T1_L,1,S3341L01.jpg,34/1L/S3341L01.jpg,/Users/sarahoualli/Desktop/BIO/iris_twins_project/data/raw/CASIA-Iris-Twins/34/1L/S3341L01.jpg,.jpg,19703,360e2472b936af263fae771ec869443b298e1ce024d4ca98abc38463613c4f8a,640,480,L,JPEG,True,,True,34,1,L,1,True,True,121.55677032470705,39.75455093383789,35.680215106709795,0.0012076822916666,6.184895833333334e-05,1L,False,False,False,False,False,False,True,True,True,352.0,184.0,48.0,337.2326321402507,hough_pupil,24.535563926434744,65.00299529311083,0.75,344.0,192.0,121.0,63.47628453500315,radial_lateral_search,41.16737747192383,18.61000061035156,high,2.5208333333333335,11.31370849898476
34,1,L,F34_T1,F34_T1_L,5,S3341L05.jpg,34/1L/S3341L05.jpg,/Users/sarahoualli/Desktop/BIO/iris_twins_project/data/raw/CASIA-Iris-Twins/34/1L/S3341L05.jpg,.jpg,19649,3d51f69fd9f89dc09227c6994801885dedc63da40564e65ea36412efddefeade,640,480,L,JPEG,True,,True,34,1,L,5,True,True,129.76034545898438,36.653114318847656,39.32990102433098,0.0010026041666666,0.000107421875,1L,False,False,False,False,False,False,True,True,True,357.5417785644531,173.15074157714844,50.70393371582031,346.61802768706855,threshold_p3,28.993537350313627,80.49052748885588,0.4780020833558942,357.5417785644531,173.15074157714844,124.0,62.89655918779122,radial_lateral_search,43.310279846191406,14.860000610351562,high,2.4455696217769063,0.0
34,1,L,F34_T1,F34_T1_L,8,S3341L08.jpg,34/1L/S3341L08.jpg,/Users/sarahoualli/Desktop/BIO/iris_twins_project/data/raw/CASIA-Iris-Twins/34/1L/S3341L08.jpg,.jpg,20083,beb98b762c21d7d2fbc921d3ecdb575b7ba6452607bab9d90956fb2406258222,640,480,L,JPEG,True,,True,34,1,L,8,True,True,124.74015808105467,38.68498611450195,37.65208115234375,0.0008203125,9.440104166666666e-05,1L,False,False,False,False,False,False,True,True,True,320.1807861328125,180.06961059570312,51.4699821472168,346.90605285234517,threshold_p4,27.962554647405437,76.31291148500365,0.6061740325294499,320.1807861328125,188.06961059570312,121.0,63.62748949741757,radial_lateral_search,42.94794464111328,17.340003967285156,high,2.35088482552627,8.0
34,1,L,F34_T1,F34_T1_L,9,S3341L09.jpg,34/1L/S3341L09.jpg,/Users/sarahoualli/Desktop/BIO/iris_twins_project/data/raw/CASIA-Iris-Twins/34/1L/S3341L09.jpg,.jpg,20602,77f661f714ec649d077ae4667c95e8f543f92260d6b3bf0d8e7a8f189966970e,640,480,L,JPEG,True,,True,34,1,L,9,True,True,124.05013275146484,39.33327865600586,41.07872291436725,0.0008756510416666,0.0001106770833333,1L,False,False,False,False,False,False,True,True,True,327.033935546875,175.93572998046875,55.152957916259766,354.8552410858753,threshold_p4,28.32631232516044,82.9249835309618,0.499263723323313,319.033935546875,183.93572998046875,124.0,62.71746942684421,radial_lateral_search,43.11572265625,17.455001831054688,high,2.2482928329659595,11.31370849898476
34,1,L,F34_T1,F34_T1_L,10,S3341L10.jpg,34/1L/S3341L10.jpg,/Users/sarahoualli/Desktop/BIO/iris_twins_project/data/raw/CASIA-Iris-Twins/34/1L/S3341L10.jpg,.jpg,20613,06d9c6460706ba9bda8ac5f2125dac6cba27d870647e33d609840b75015b5c36,640,480,L,JPEG,True,,True,34,1,L,10,True,True,132.8057861328125,36.02739715576172,38.48797182375591,0.0004427083333333,0.0001529947916666,1L,False,False,False,False,False,False,True,True,True,334.21746826171875,167.4459991455078,46.637176513671875,353.8532088342519,threshold_p3,25.09270906126252,76.04761358421294,0.5490798882245261,326.21746826171875,175.4459991455078,122.0,69.35387745952441,radial_lateral_search,47.2945442199707,18.160003662109375,high,2.615938809336693,11.31370849898476
34,1,R,F34_T1,F34_T1_R,1,S3341R01.jpg,34/1R/S3341R01.jpg,/Users/sarahoualli/Desktop/BIO/iris_twins_project/data/raw/CASIA-Iris-Twins/34/1R/S3341R01.jpg,.jpg,15265,fa1de2493f4e02324bf52f113c834d92c618bd395ab5a381f8bcdedd33afb0a6,640,480,L,JPEG,True,,True,34,1,R,1,True,True,125.19769287109376,35.376731872558594,15.326532437547046,0.0003678385416666,7.8125e-05,1R,True,False,False,False,False,True,True,True,True,286.8928527832031,212.4030609130859,39.65692901611328,309.6263224139004,threshold_p3,29.150202555313182,57.06189083820663,0.7094668566442263,294.8928527832031,220.4030609130859,103.0,61.466510559326785,radial_lateral_search,39.782833099365234,17.94499969482422,high,2.597276252988459,11.31370849898476
34,1,R,F34_T1,F34_T1_R,2,S3341R02.jpg,34/1R/S3341R02.jpg,/Users/sarahoualli/Desktop/BIO/iris_twins_project/data/raw/CASIA-Iris-Twins/34/1R/S3341R02.jpg,.jpg,15665,b422ebab438384180e218c60478ce3c859093fb6a69f03cc1ef3dd0e6cb2e27c,640,480,L,JPEG,True,,True,34,1,R,2,True,True,126.12684631347656,35.060726165771484,18.898579899586572,0.0005078125,8.138020833333333e-05,1R,False,False,False,False,False,False,True,True,True,302.09442138671875,213.3883819580078,39.4510383605957,313.7224853015607,threshold_p3,30.066687441570583,57.69299065420561,0.8820676249158196,310.09442138671875,213.3883819580078,104.0,60.37864708539271,radial_lateral_search,40.18193054199219,16.18000030517578,high,2.6361790290386065,8.0
34,1,R,F34_T1,F34_T1_R,4,S3341R04.jpg,34/1R/S3341R04.jpg,/Users/sarahoualli/Desktop/BIO/iris_twins_project/data/raw/CASIA-Iris-Twins/34/1R/S3341R04.jpg,.jpg,15690,69f9de042ea3e9e49f99c905ec86bdf5ad9ec509b6daebf8b31cfd2e5dd67e8f,640,480,L,JPEG,True,,True,34,1,R,4,True,True,125.2322769165039,35.80863952636719,20.5902038953993,0.0003580729166666,8.138020833333333e-05,1R,False,False,False,False,False,False,True,True,True,323.0,218.0,35.0,304.2222491508609,hough_pupil,27.176110884631065,51.006801319043696,0.75,331.0,218.0,102.0,61.550493403843475,radial_lateral_search,38.895633697509766,18.080001831054688,high,2.914285714285714,8.0
34,1,R,F34_T1,F34_T1_R,6,S3341R06.jpg,34/1R/S3341R06.jpg,/Users/sarahoualli/Desktop/BIO/iris_twins_project/data/raw/CASIA-Iris-Twins/34/1R/S3341R06.jpg,.jpg,18906,d15eaa8e70ab87b897b4627999f718ba701169a670d516b4c3f71204a505c652,640,480,L,JPEG,True,,True,34,1,R,6,True,True,129.79464721679688,38.603614807128906,34.69497482486301,0.0004850260416666,8.7890625e-05,1R,False,False,False,False,False,False,True,True,True,348.7648620605469,200.07302856445312,42.87150192260742,334.9596760189703,threshold_p4,28.284137931034483,68.65454048140043,0.6926343624501601,356.7648620605469,200.07302856445312,113.0,61.9821441008989,radial_lateral_search,43.32700729370117,15.080001831054688,high,2.63578356093029,8.0
34,1,R,F34_T1,F34_T1_R,10,S3341R10.jpg,34/1R/S3341R10.jpg,/Users/sarahoualli/Desktop/BIO/iris_twins_project/data/raw/CASIA-Iris-Twins/34/1R/S3341R10.jpg,.jpg,20079,b7e3d56ec46f20950b8e5da1ea2035dbf506831c68950c2fbd560a5b5b917128,640,480,L,JPEG,True,,True,34,1,R,10,True,True,131.04153442382812,39.07686996459961,38.04318694237603,0.0005696614583333,9.765625e-05,1R,False,False,False,False,False,False,True,True,True,361.3992919921875,196.8653106689453,48.55830383300781,351.18087436663643,threshold_p4,28.223571279045427,79.9329962073325,0.4995622944237468,366.0,198.0,118.0,63.789516318061786,hough_iris,44.224884033203125,15.735000610351562,high,2.4300684061330156,4.738568776662358
34,2,L,F34_T2,F34_T2_L,8,S3342L08.jpg,34/2L/S3342L08.jpg,/Users/sarahoualli/Desktop/BIO/iris_twins_project/data/raw/CASIA-Iris-Twins/34/2L/S3342L08.jpg,.jpg,20683,0eba96083cb18a28b8c6799a1c1283f43925d32b6543ec9d31737dff2ab47ced,640,480,L,JPEG,True,,True,34,2,L,8,True,True,132.916015625,47.43509292602539,44.954471351454,0.0011555989583333,0.0001790364583333,2L,False,False,False,False,False,False,True,True,True,327.0,222.40187072753903,59.702266693115234,349.06600139300184,threshold_p4,29.2011645639817,80.19745439695072,0.4821436331804727,327.0,230.40187072753903,129.0,70.37721180978095,radial_lateral_search,44.179317474365234,21.82500457763672,high,2.160721981681075,8.0
34,2,L,F34_T2,F34_T2_L,9,S3342L09.jpg,34/2L/S3342L09.jpg,/Users/sarahoualli/Desktop/BIO/iris_twins_project/data/raw/CASIA-Iris-Twins/34/2L/S3342L09.jpg,.jpg,21107,4d55136624bce16a3f7197cfa17e0bf074cd9a723e6d1d3b46690fadfb1a065a,640,480,L,JPEG,True,,True,34,2,L,9,True,True,135.344482421875,45.86652755737305,46.98837436412175,0.000908203125,0.00017578125,2L,False,False,False,False,False,False,True,True,True,328.6802062988281,223.4738006591797,60.78779983520508,356.98579458267557,threshold_p5,30.414617940199335,85.56964237698305,0.5050983945292069,328.6802062988281,231.4738006591797,129.0,67.86624241289141,radial_lateral_search,45.16169357299805,19.44000244140625,high,2.122136355481154,8.0
34,2,L,F34_T2,F34_T2_L,10,S3342L10.jpg,34/2L/S3342L10.jpg,/Users/sarahoualli/Desktop/BIO/iris_twins_project/data/raw/CASIA-Iris-Twins/34/2L/S3342L10.jpg,.jpg,20396,987215d63654179633dd78277ddfa083fa06ae10fff60bb3dbcb84e19961fb5e,640,480,L,JPEG,True,,True,34,2,L,10,True,True,131.1737823486328,45.56609344482422,40.99243572208616,0.0011588541666666,0.000146484375,2L,False,False,False,False,False,False,True,True,True,332.0,227.5,60.63218688964844,342.9028856436798,threshold_p6,31.95069767441861,81.75598279107287,0.4426437131222503,332.0,235.5,127.0,63.180831145712034,radial_lateral_search,40.62145233154297,19.414993286132812,high,2.0945970533957823,8.0
34,2,R,F34_T2,F34_T2_R,3,S3342R03.jpg,34/2R/S3342R03.jpg,/Users/sarahoualli/Desktop/BIO/iris_twins_project/data/raw/CASIA-Iris-Twins/34/2R/S3342R03.jpg,.jpg,17657,5dc08fa9688e076f6eeb6f1eb323d769cc8d3d425f2d5131399f059eb25b5857,640,480,L,JPEG,True,,True,34,2,R,3,True,True,125.42161560058594,36.47747802734375,31.27500743098789,0.00025390625,9.765625e-05,2R,False,False,False,False,False,False,True,True,True,250.0,151.0,43.0,314.5981061727953,hough_pupil,30.556689655172413,64.31898340248962,0.75,258.0,151.0,109.0,67.06007168792014,radial_lateral_search,45.53253936767578,17.419998168945312,high,2.5348837209302326,8.0
34,2,R,F34_T2,F34_T2_R,4,S3342R04.jpg,34/2R/S3342R04.jpg,/Users/sarahoualli/Desktop/BIO/iris_twins_project/data/raw/CASIA-Iris-Twins/34/2R/S3342R04.jpg,.jpg,18250,fcd0c119933a9a8b03bb3f8f24cae0208406ce28c2cbc4ff5da447c932a7fb2a,640,480,L,JPEG,True,,True,34,2,R,4,True,True,124.792236328125,36.57632827758789,33.29891798628702,0.0002701822916666,9.114583333333334e-05,2R,False,False,False,False,False,False,True,True,True,246.0,161.0,38.11833572387695,320.58409554989333,threshold_p2,25.943282523927685,62.59358016304348,0.6846841063179614,254.0,153.0,110.0,62.08521674679127,radial_lateral_search,43.06365203857422,15.9949951171875,high,2.885750332774814,11.31370849898476
34,2,R,F34_T2,F34_T2_R,5,S3342R05.jpg,34/2R/S3342R05.jpg,/Users/sarahoualli/Desktop/BIO/iris_twins_project/data/raw/CASIA-Iris-Twins/34/2R/S3342R05.jpg,.jpg,19525,cac3665bf439e40ee320bb6fe3d20e7afb4bfd13d425281ff2c158f843bade2d,640,480,L,JPEG,True,,True,34,2,R,5,True,True,125.9030303955078,36.94303131103515,40.474350594033154,0.0002571614583333,6.8359375e-05,2R,False,False,False,False,False,False,True,True,True,248.61331176757812,137.4838104248047,39.64118576049805,322.3355674560601,threshold_p2,26.762231224680587,65.79905782975959,0.6514239166984348,256.6133117675781,137.4838104248047,111.0,62.89608157942065,radial_lateral_search,42.493553161621094,16.145000457763672,high,2.800118055767397,8.0
34,2,R,F34_T2,F34_T2_R,6,S3342R06.jpg,34/2R/S3342R06.jpg,/Users/sarahoualli/Desktop/BIO/iris_twins_project/data/raw/CASIA-Iris-Twins/34/2R/S3342R06.jpg,.jpg,19741,03857a2eecfa40297a248f136a77b9dc429b707a0222cc3b89f36bb121cebf5e,640,480,L,JPEG,True,,True,34,2,R,6,True,True,130.35890197753906,39.020652770996094,43.395691543536714,0.0003938802083333,9.765625e-05,2R,False,False,False,False,False,False,True,True,True,245.0,130.0,47.0,326.46306784279113,hough_pupil,30.482827387547086,70.78520208604954,0.75,253.0,130.0,115.0,71.33342926350046,radial_lateral_search,49.04520034790039,18.214996337890625,high,2.4468085106382977,8.0
34,2,R,F34_T2,F34_T2_R,7,S3342R07.jpg,34/2R/S3342R07.jpg,/Users/sarahoualli/Desktop/BIO/iris_twins_project/data/raw/CASIA-Iris-Twins/34/2R/S3342R07.jpg,.jpg,16359,ba1e83558eb009d5ec78d8a41f14b22e96835ffcc800e417c04b97be2d415f16,640,480,L,JPEG,True,,True,34,2,R,7,True,True,132.50958251953125,38.20900344848633,21.648685464816623,0.0002799479166666,8.7890625e-05,2R,False,False,False,False,False,False,True,True,True,304.0,148.0,39.0,308.7287576521901,hough_pupil,31.60746417860713,61.98390842733908,0.75,310.0,146.0,106.0,68.98919730147631,hough_iris,45.65254211425781,17.889999389648438,high,2.717948717948718,6.324555320336759
39,1,L,F39_T1,F39_T1_L,1,S3391L01.jpg,39/1L/S3391L01.jpg,/Users/sarahoualli/Desktop/BIO/iris_twins_project/data/raw/CASIA-Iris-Twins/39/1L/S3391L01.jpg,.jpg,22743,e4510bf4927aacb619633fd1661110610372cc938147b3f278d221c6bf4e48be,640,480,L,JPEG,True,,True,39,1,L,1,True,True,128.93020629882812,38.01351165771485,52.158363117811426,0.0029817708333333,0.000146484375,1L,False,False,False,False,False,False,True,True,True,375.982177734375,188.24273681640625,47.53727340698242,366.1344195034639,threshold_p6,25.31752714380678,80.26026957637997,0.7093303391812786,367.982177734375,188.24273681640625,108.0,102.83631640014993,radial_lateral_search,68.33971405029297,27.43499755859375,high,2.2719014419564214,8.0
39,1,L,F39_T1,F39_T1_L,2,S3391L02.jpg,39/1L/S3391L02.jpg,/Users/sarahoualli/Desktop/BIO/iris_twins_project/data/raw/CASIA-Iris-Twins/39/1L/S3391L02.jpg,.jpg,23345,b7eaf5bb340c8d86b2c37f366efabe61036f84b4168ff9377b84dda63c9b666a,640,480,L,JPEG,True,,True,39,1,L,2,True,True,131.8671417236328,38.8778190612793,54.02554687287013,0.0016373697916666,0.000126953125,1L,False,False,False,False,False,False,True,True,True,325.0769348144531,199.61538696289065,48.67009735107422,373.6753096585796,threshold_p8,27.126648524178353,84.30488832701222,0.8458912103277874,317.0769348144531,199.61538696289065,108.0,104.46108265493451,radial_lateral_search,71.37998962402344,26.57500457763672,high,2.2190216555549234,8.0
39,1,L,F39_T1,F39_T1_L,3,S3391L03.jpg,39/1L/S3391L03.jpg,/Users/sarahoualli/Desktop/BIO/iris_twins_project/data/raw/CASIA-Iris-Twins/39/1L/S3391L03.jpg,.jpg,23218,b0112cb1a3575f7f0a58932c210b5436463323fdf9dd76ff110b927cfe7cbd8d,640,480,L,JPEG,True,,True,39,1,L,3,True,True,129.0003662109375,38.51353454589844,53.76718909670512,0.0028059895833333,0.0001302083333333,1L,False,False,False,False,False,False,True,True,True,329.6061706542969,203.52178955078125,48.69109344482422,368.8967884198156,threshold_p10,26.905170609168938,81.20037926675094,0.8451341842426275,321.6061706542969,203.52178955078125,110.0,94.43824177774458,radial_lateral_search,63.82868194580078,24.69499969482422,high,2.259140064797473,8.0
39,1,R,F39_T1,F39_T1_R,1,S3391R01.jpg,39/1R/S3391R01.jpg,/Users/sarahoualli/Desktop/BIO/iris_twins_project/data/raw/CASIA-Iris-Twins/39/1R/S3391R01.jpg,.jpg,18723,5753c390382e5b31bf7de13bcbce79d090aa8fcfbe7f0a276e26beb0623495ae,640,480,L,JPEG,True,,True,39,1,R,1,True,True,136.849365234375,43.91907501220703,28.73001443125407,0.0032356770833333,0.0001595052083333,1R,False,False,False,False,False,False,True,True,True,365.6683349609375,149.92237854003906,48.27137756347656,342.2686680720297,threshold_p4,26.998534645174797,69.69732406236831,0.8631707494858095,369.0,148.0,111.0,100.1429773031921,hough_iris,69.83160400390625,23.625,high,2.299499322430475,3.846495961744149
39,1,R,F39_T1,F39_T1_R,2,S3391R02.jpg,39/1R/S3391R02.jpg,/Users/sarahoualli/Desktop/BIO/iris_twins_project/data/raw/CASIA-Iris-Twins/39/1R/S3391R02.jpg,.jpg,18461,673e42bf954d9d804f7a2aadbb9dec6bafb0ded586043980d699a271a948021b,640,480,L,JPEG,True,,True,39,1,R,2,True,True,135.74359130859375,43.16994094848633,26.52925782562891,0.0038802083333333,0.0001529947916666,1R,False,False,False,False,False,False,True,True,True,370.9017028808594,166.08973693847656,48.16044616699219,337.92722086203406,threshold_p4,26.553066778312747,66.83238516645596,0.8570929703415388,374.0,166.0,108.0,83.46537122430748,hough_iris,54.70725631713867,22.544998168945312,high,2.242504141791364,3.09959638608033
39,1,R,F39_T1,F39_T1_R,3,S3391R03.jpg,39/1R/S3391R03.jpg,/Users/sarahoualli/Desktop/BIO/iris_twins_project/data/raw/CASIA-Iris-Twins/39/1R/S3391R03.jpg,.jpg,18273,ac14d2b272c947e336733565e42ddd159f880b0dad6e7839c157b2c54ac86228,640,480,L,JPEG,True,,True,39,1,R,3,True,True,136.56570434570312,43.566925048828125,26.013399244138935,0.0043489583333333,0.0001334635416666,1R,False,False,False,False,False,False,True,True,True,393.0,176.0,48.0,327.5491851712784,hough_pupil,26.70994903611788,64.43196405648267,0.75,393.0,176.0,109.0,71.9622304280599,radial_lateral_search,47.971900939941406,18.50499725341797,high,2.2708333333333335,0.0
39,1,R,F39_T1,F39_T1_R,4,S3391R04.jpg,39/1R/S3391R04.jpg,/Users/sarahoualli/Desktop/BIO/iris_twins_project/data/raw/CASIA-Iris-Twins/39/1R/S3391R04.jpg,.jpg,19926,0736fd831b68a53ab0b4a01d6daeb9baff0129a74cb1d6bbb5755e919b16756b,640,480,L,JPEG,True,,True,39,1,R,4,True,True,124.90409088134766,41.494388580322266,32.782086742994515,0.0041438802083333,0.0001790364583333,1R,False,False,False,False,False,False,True,True,True,313.7598571777344,178.035888671875,52.537261962890625,354.60022705900144,threshold_p5,26.334117647058825,73.39348686577905,0.8806123638097613,320.0,178.0,118.0,86.6715632291004,hough_iris,61.97452545166016,20.19499969482422,high,2.24602492766655,6.240246023919422
39,1,R,F39_T1,F39_T1_R,5,S3391R05.jpg,39/1R/S3391R05.jpg,/Users/sarahoualli/Desktop/BIO/iris_twins_project/data/raw/CASIA-Iris-Twins/39/1R/S3391R05.jpg,.jpg,25796,52e2518a09acfbdc9d6e9d077cef9cb5f034c7cc96547d84892c798b8327bd44,640,480,L,JPEG,True,,True,39,1,R,5,True,True,122.83251190185548,41.4763069152832,88.65242787042192,0.005732421875,0.0001692708333333,1R,False,False,False,False,False,False,True,True,True,322.860595703125,159.59634399414062,53.97917556762695,363.0088815397535,threshold_p5,24.11953705303161,77.05442062960482,0.7029991808751136,326.0,155.0,124.0,101.19722612507135,hough_iris,69.99503326416016,24.57500457763672,high,2.2971821762014235,5.566169010343632
39,1,R,F39_T1,F39_T1_R,6,S3391R06.jpg,39/1R/S3391R06.jpg,/Users/sarahoualli/Desktop/BIO/iris_twins_project/data/raw/CASIA-Iris-Twins/39/1R/S3391R06.jpg,.jpg,23998,382812f261fe054e3a442be9340d87ae88a7c036afa1df945d9133b0f17fb55c,640,480,L,JPEG,True,,True,39,1,R,6,True,True,135.04493713378906,42.52569961547851,76.27545883762572,0.0040787760416666,0.000107421875,1R,False,False,False,False,False,False,True,True,True,343.5,196.0,52.1944465637207,367.6025739737545,threshold_p4,24.99945701357466,78.19377473911479,0.8399122516305876,349.0,192.0,116.0,92.04684841487752,hough_iris,71.18219757080078,17.625,high,2.222458664417169,6.800735254367722
39,2,L,F39_T2,F39_T2_L,4,S3392L04.jpg,39/2L/S3392L04.jpg,/Users/sarahoualli/Desktop/BIO/iris_twins_project/data/raw/CASIA-Iris-Twins/39/2L/S3392L04.jpg,.jpg,18875,36da50e0fad1934e82a4421f6c967cc7ea388161265c16c49c0eaa9342183982,640,480,L,JPEG,True,,True,39,2,L,4,True,True,124.87057495117188,37.536590576171875,28.44338378482394,0.007060546875,0.000146484375,2L,False,False,False,False,False,False,True,True,True,353.15533447265625,216.59671020507812,49.47303009033203,349.2214769351299,threshold_p8,25.314825870646768,68.43757419865453,0.8711550577150655,353.15533447265625,216.59671020507812,101.0,72.46814595097125,radial_lateral_search,52.713077545166016,16.13500213623047,high,2.041516353770644,0.0
39,2,L,F39_T2,F39_T2_L,7,S3392L07.jpg,39/2L/S3392L07.jpg,/Users/sarahoualli/Desktop/BIO/iris_twins_project/data/raw/CASIA-Iris-Twins/39/2L/S3392L07.jpg,.jpg,19547,8ebb6d868fbec1de0712ffc73f6bd949ab4fe3ff2b386725e7dafee50327f357,640,480,L,JPEG,True,,True,39,2,L,7,True,True,129.33847045898438,38.27055358886719,35.319036132642964,0.0045345052083333,0.0001334635416666,2L,False,False,False,False,False,False,True,True,True,330.5653381347656,217.0349273681641,51.11150741577149,369.5748673022351,threshold_p8,25.210606348602926,77.9393213190184,0.875238087887962,326.0,215.0,104.0,97.17473720895438,hough_iris,65.78824615478516,25.355003356933594,high,2.0347668315473846,4.99832388690933
39,2,R,F39_T2,F39_T2_R,1,S3392R01.jpg,39/2R/S3392R01.jpg,/Users/sarahoualli/Desktop/BIO/iris_twins_project/data/raw/CASIA-Iris-Twins/39/2R/S3392R01.jpg,.jpg,16911,4ae40dd65e041b25f2b7762391ee54712a5817856d994bb3353462c333789f80,640,480,L,JPEG,True,,True,39,2,R,1,True,True,126.6882553100586,37.19646835327149,27.831584064229332,0.004697265625,0.0001920572916666,2R,False,False,False,False,False,False,True,True,True,407.0,141.0,42.0,310.27044845675755,hough_pupil,25.788137931034484,55.594774874930515,0.75,415.0,133.0,111.0,69.22734592910426,radial_lateral_search,47.02533721923828,18.18500518798828,high,2.642857142857143,11.31370849898476
39,2,R,F39_T2,F39_T2_R,3,S3392R03.jpg,39/2R/S3392R03.jpg,/Users/sarahoualli/Desktop/BIO/iris_twins_project/data/raw/CASIA-Iris-Twins/39/2R/S3392R03.jpg,.jpg,20601,2404f046b46db71167c7777cabfb45c32883ef5ee75b0d344bb5ac7d3f3c3da8,640,480,L,JPEG,True,,True,39,2,R,3,True,True,142.7537841796875,40.670928955078125,47.31771985133489,0.0042513020833333,0.000126953125,2R,False,False,False,False,False,False,True,True,True,400.93267822265625,212.2776641845703,48.223384857177734,364.0183862401406,threshold_p3,24.87125811178564,79.2031184155078,0.7061538469475375,400.93267822265625,212.2776641845703,117.0,75.85925484966864,radial_lateral_search,57.834415435791016,13.800003051757812,high,2.4262087853541727,0.0
39,2,R,F39_T2,F39_T2_R,4,S3392R04.jpg,39/2R/S3392R04.jpg,/Users/sarahoualli/Desktop/BIO/iris_twins_project/data/raw/CASIA-Iris-Twins/39/2R/S3392R04.jpg,.jpg,24065,23178d2105277a475fe9244deaf972b383ea30c7d85bea051364eed12e11c57e,640,480,L,JPEG,True,,True,39,2,R,4,True,True,123.83533477783205,49.423301696777344,55.0297604865922,0.009609375,0.0018815104166666,2R,False,False,False,False,False,False,True,True,True,301.5,201.5,55.91521453857422,352.6986858253409,threshold_p6,20.84860870932243,65.59186372121967,0.7483141937285378,309.5,201.5,128.0,84.27287361099516,radial_lateral_search,56.79814910888672,22.37000274658203,high,2.2891801642234006,8.0
39,2,R,F39_T2,F39_T2_R,5,S3392R05.jpg,39/2R/S3392R05.jpg,/Users/sarahoualli/Desktop/BIO/iris_twins_project/data/raw/CASIA-Iris-Twins/39/2R/S3392R05.jpg,.jpg,23098,9ed8942ebe109daef870b9fcfa8161f71d80f8454ff46ca3819e1381353aefc4,640,480,L,JPEG,True,,True,39,2,R,5,True,True,125.0472412109375,49.00009536743164,45.31194086100261,0.00859375,0.0017252604166666,2R,False,False,False,False,False,False,True,True,True,298.3671875,200.77557373046875,54.04252243041992,350.10766259599734,threshold_p4,20.321299015373985,64.34226389819156,0.6962604106360571,298.3671875,200.77557373046875,124.0,91.1582604092066,radial_lateral_search,57.035308837890625,25.67499542236328,high,2.2944894950018435,0.0
39,2,R,F39_T2,F39_T2_R,6,S3392R06.jpg,39/2R/S3392R06.jpg,/Users/sarahoualli/Desktop/BIO/iris_twins_project/data/raw/CASIA-Iris-Twins/39/2R/S3392R06.jpg,.jpg,24293,47ac9e7979c21687626542704be7e25e50977e377909c43a0860f8906e9b2abe,640,480,L,JPEG,True,,True,39,2,R,6,True,True,132.16659545898438,46.4949836730957,54.975245996093754,0.0053971354166666,0.0005631510416666,2R,False,False,False,False,False,False,True,True,True,277.0,199.0,56.0,356.22944487875213,hough_pupil,23.639993711680553,72.98226509023024,0.75,285.0,199.0,122.0,97.509088570731,radial_lateral_search,64.2328109741211,26.829994201660156,high,2.1785714285714284,8.0
41,1,L,F41_T1,F41_T1_L,2,S3411L02.jpg,41/1L/S3411L02.jpg,/Users/sarahoualli/Desktop/BIO/iris_twins_project/data/raw/CASIA-Iris-Twins/41/1L/S3411L02.jpg,.jpg,20580,dd372a48928c3e825c14fb34c902cec4388550ffc430cdb30fba622e99b00bf2,640,480,L,JPEG,True,,True,41,1,L,2,True,True,121.60700225830078,45.35508346557617,48.0835198566013,0.0166861979166666,0.0001985677083333,1L,False,False,False,False,False,False,True,True,True,345.43731689453125,191.0406494140625,63.03131103515625,368.8380822556063,threshold_p5,24.719184193753986,78.79776644816702,0.8250669861118373,337.43731689453125,191.0406494140625,129.0,91.70883490952389,radial_lateral_search,61.634429931640625,24.919998168945312,high,2.046601885339957,8.0
41,1,L,F41_T1,F41_T1_L,3,S3411L03.jpg,41/1L/S3411L03.jpg,/Users/sarahoualli/Desktop/BIO/iris_twins_project/data/raw/CASIA-Iris-Twins/41/1L/S3411L03.jpg,.jpg,20356,09645b17ef858c43028156182d0e100a91f0ddd653de9e88de528a80192696a5,640,480,L,JPEG,True,,True,41,1,L,3,True,True,96.61688232421876,30.35142517089844,53.68143491481145,0.015546875,8.138020833333333e-05,1L,False,False,False,False,False,False,True,True,True,305.16558837890625,193.5172576904297,51.47050857543945,325.23194813353217,threshold_p4,22.204713932712412,52.820592538405265,0.8321050793031453,297.16558837890625,193.5172576904297,113.0,70.5933749106855,radial_lateral_search,49.33864212036133,18.195003509521484,high,2.1954319692485225,8.0
41,1,L,F41_T1,F41_T1_L,4,S3411L04.jpg,41/1L/S3411L04.jpg,/Users/sarahoualli/Desktop/BIO/iris_twins_project/data/raw/CASIA-Iris-Twins/41/1L/S3411L04.jpg,.jpg,19921,ce53c499820ea6d59e64a32f9c8846ac3e14e988e87a6cceb03eca3879180eeb,640,480,L,JPEG,True,,True,41,1,L,4,True,True,93.684326171875,32.09721755981445,45.60332534434001,0.018662109375,9.440104166666666e-05,1L,False,False,False,False,False,False,True,True,True,337.7718200683594,193.9075927734375,54.449893951416016,322.66650532360023,threshold_p5,21.440513411222643,50.463580040187544,0.8393226274984285,337.7718200683594,193.9075927734375,117.0,68.33430214191742,radial_lateral_search,48.5632438659668,15.84000015258789,high,2.1487645155818953,0.0
41,1,L,F41_T1,F41_T1_L,5,S3411L05.jpg,41/1L/S3411L05.jpg,/Users/sarahoualli/Desktop/BIO/iris_twins_project/data/raw/CASIA-Iris-Twins/41/1L/S3411L05.jpg,.jpg,20028,4cfee39b4ef69ac17f5bd024e7bbf143746a77b751f607e374a0d655176691a1,640,480,L,JPEG,True,,True,41,1,L,5,True,True,122.67371368408205,42.70418930053711,42.07388846154741,0.0086360677083333,6.184895833333334e-05,1L,False,False,False,False,False,False,True,True,True,337.0,190.0,53.0,366.8368334002659,hough_pupil,24.290316742081448,78.98800639658849,0.75,329.0,198.0,114.0,65.1446854494173,radial_lateral_search,43.839332580566406,18.95000457763672,high,2.150943396226415,11.31370849898476
41,1,L,F41_T1,F41_T1_L,6,S3411L06.jpg,41/1L/S3411L06.jpg,/Users/sarahoualli/Desktop/BIO/iris_twins_project/data/raw/CASIA-Iris-Twins/41/1L/S3411L06.jpg,.jpg,20895,035b54edc0e9f8d4b2bb2154375adf6711342b5562adfe0c83253b5e6053d5b9,640,480,L,JPEG,True,,True,41,1,L,6,True,True,123.3970947265625,41.71503448486328,60.472113221221505,0.0098404947916666,8.463541666666667e-05,1L,False,False,False,False,False,False,True,True,True,345.0,199.0,51.0,358.26424642785156,hough_pupil,23.328834822277138,73.18136503067484,0.75,341.0,191.0,117.0,73.92853890223941,hough_iris,53.49513244628906,17.49500274658203,high,2.2941176470588234,8.94427190999916
41,1,L,F41_T1,F41_T1_L,9,S3411L09.jpg,41/1L/S3411L09.jpg,/Users/sarahoualli/Desktop/BIO/iris_twins_project/data/raw/CASIA-Iris-Twins/41/1L/S3411L09.jpg,.jpg,19968,0a99d5c44b16e801590755062d669cd63a9a252685d4a5a03dbef2bf2905727a,640,480,L,JPEG,True,,True,41,1,L,9,True,True,123.02277374267578,44.3682861328125,40.141320757028794,0.0140592447916666,0.0001236979166666,1L,False,False,False,False,False,False,True,True,True,368.0,191.0,57.0,361.6202522329362,hough_pupil,23.457962264150943,75.71061117936118,0.75,365.0,188.0,121.0,80.77466045821008,hough_iris,54.7620964050293,21.12999725341797,high,2.1228070175438596,4.242640687119285
41,1,L,F41_T1,F41_T1_L,10,S3411L10.jpg,41/1L/S3411L10.jpg,/Users/sarahoualli/Desktop/BIO/iris_twins_project/data/raw/CASIA-Iris-Twins/41/1L/S3411L10.jpg,.jpg,21889,07e7d30eb4c70bb201d7bc1bd9ee50618c4460861590078da8b8aa6a4ac1af9f,640,480,L,JPEG,True,,True,41,1,L,10,True,True,123.98666381835938,44.943058013916016,57.76556078080072,0.014130859375,0.000146484375,1L,False,False,False,False,False,False,True,True,True,371.0,195.0,55.0,356.5642297486793,hough_pupil,22.854368932038835,72.23163702239789,0.75,371.0,195.0,122.0,73.487087319114,radial_lateral_search,48.95835876464844,19.040000915527344,high,2.2181818181818183,0.0
41,1,R,F41_T1,F41_T1_R,2,S3411R02.jpg,41/1R/S3411R02.jpg,/Users/sarahoualli/Desktop/BIO/iris_twins_project/data/raw/CASIA-Iris-Twins/41/1R/S3411R02.jpg,.jpg,18495,1a3d785e82d3340bd5a28b482fb0447d85f5059918a2d224ceb2ba3023583524,640,480,L,JPEG,True,,True,41,1,R,2,True,True,124.78773498535156,40.05080795288086,31.96952984920077,0.00822265625,0.0001529947916666,1R,False,False,False,False,False,False,True,True,True,350.6126403808594,186.68798828125,51.51904296875,381.4287850308201,threshold_p4,24.564151302033835,86.03813094367227,0.7425765758795929,358.6126403808594,194.68798828125,115.0,72.21549494724464,radial_lateral_search,49.88518905639648,19.449996948242188,high,2.2321843220138184,11.31370849898476
41,1,R,F41_T1,F41_T1_R,3,S3411R03.jpg,41/1R/S3411R03.jpg,/Users/sarahoualli/Desktop/BIO/iris_twins_project/data/raw/CASIA-Iris-Twins/41/1R/S3411R03.jpg,.jpg,18870,c8ce03f9d98d6b828f706b496b100b3fde44bb4e380b19a121464cfd3d27f276,640,480,L,JPEG,True,,True,41,1,R,3,True,True,124.7269515991211,41.07552337646485,34.286900637775005,0.008466796875,0.0001399739583333,1R,False,False,False,False,False,False,True,True,True,349.76068115234375,211.25973510742188,50.645633697509766,382.5769216177231,threshold_p4,24.97985173921308,87.3204866270431,0.6916952391027699,356.0,211.0,115.0,77.71135495300425,hough_iris,56.55681610107422,17.595001220703125,high,2.2706794565323905,6.244722732735696
41,2,L,F41_T2,F41_T2_L,3,S3412L03.jpg,41/2L/S3412L03.jpg,/Users/sarahoualli/Desktop/BIO/iris_twins_project/data/raw/CASIA-Iris-Twins/41/2L/S3412L03.jpg,.jpg,22867,bca81752102b64dc5aedcce0cd062bf56ecce84ba9aa1ceda6cd21f8643423b5,640,480,L,JPEG,True,,True,41,2,L,3,True,True,127.70984649658205,41.068260192871094,48.96943258030149,0.0053125,0.0001627604166666,2L,False,False,False,False,False,False,True,True,True,292.3424377441406,186.47279357910156,60.269039154052734,397.20942003495514,threshold_p4,25.262442811590184,95.5240947454397,0.7339073221114434,292.3424377441406,186.47279357910156,130.0,67.87355922253597,radial_lateral_search,49.665584564208984,14.699996948242188,high,2.156994732696983,0.0
41,2,R,F41_T2,F41_T2_R,1,S3412R01.jpg,41/2R/S3412R01.jpg,/Users/sarahoualli/Desktop/BIO/iris_twins_project/data/raw/CASIA-Iris-Twins/41/2R/S3412R01.jpg,.jpg,17255,8d182242a194f5e212e7b170eb7ff7003c69f4a8958b47be54291ca4709c6cb9,640,480,L,JPEG,True,,True,41,2,R,1,True,True,137.7733154296875,35.21629333496094,22.885595053259532,0.00201171875,0.0001627604166666,2R,False,False,False,False,False,False,True,True,True,303.8990783691406,177.08261108398438,46.62659454345703,406.1165952802612,threshold_p4,27.144188213370605,100.03659935750343,0.887773201367722,307.0,177.0,111.0,100.58697477991164,hough_iris,67.80501556396484,25.025001525878903,high,2.3806156354941495,3.102021849041144
41,2,R,F41_T2,F41_T2_R,2,S3412R02.jpg,41/2R/S3412R02.jpg,/Users/sarahoualli/Desktop/BIO/iris_twins_project/data/raw/CASIA-Iris-Twins/41/2R/S3412R02.jpg,.jpg,20740,d1b6a5b7156886beedb13569de211bee1cb6c12e3eb0b8d2135a9f83ecc3d7af,640,480,L,JPEG,True,,True,41,2,R,2,True,True,138.26931762695312,36.281700134277344,56.98841442107092,0.002666015625,0.000107421875,2R,False,False,False,False,False,False,True,True,True,302.64349365234375,190.8609161376953,46.88982391357422,389.7530572229128,threshold_p5,26.017504985597164,89.71110386788352,0.8967309605010567,310.64349365234375,198.8609161376953,107.0,81.10318289695506,radial_lateral_search,60.442832946777344,18.11499786376953,high,2.2819450164116395,11.31370849898476
41,2,R,F41_T2,F41_T2_R,3,S3412R03.jpg,41/2R/S3412R03.jpg,/Users/sarahoualli/Desktop/BIO/iris_twins_project/data/raw/CASIA-Iris-Twins/41/2R/S3412R03.jpg,.jpg,20248,45cc26177d0e749e0492766582db58e1a451c830637038be32e6aadefc0ea908,640,480,L,JPEG,True,,True,41,2,R,3,True,True,133.93153381347656,37.82249450683594,50.45940199580721,0.0019856770833333,8.7890625e-05,2R,False,False,False,False,False,False,True,True,True,284.0833435058594,177.7857208251953,47.06925582885742,377.86947667197006,threshold_p3,25.83425659206736,84.3076923076923,0.8837861072812309,276.0833435058594,177.7857208251953,123.0,84.76630506670354,radial_lateral_search,63.6046257019043,16.93499755859375,high,2.6131706956919984,8.0
41,2,R,F41_T2,F41_T2_R,4,S3412R04.jpg,41/2R/S3412R04.jpg,/Users/sarahoualli/Desktop/BIO/iris_twins_project/data/raw/CASIA-Iris-Twins/41/2R/S3412R04.jpg,.jpg,22694,8e693a2601c19f3441648dc3f603dc021998f6b0e338764068eaad70218aa22b,640,480,L,JPEG,True,,True,41,2,R,4,True,True,136.18878173828125,38.270050048828125,77.2027973734432,0.0013997395833333,0.0001009114583333,2R,False,False,False,False,False,False,True,True,True,279.3059997558594,155.1859130859375,50.567176818847656,386.0706971408025,threshold_p3,27.304676616915422,92.06815533980584,0.8503225796851493,285.0,158.0,112.0,92.93781753566547,hough_iris,65.5231704711914,22.24500274658203,high,2.214875479428679,6.351434793821889
44,1,L,F44_T1,F44_T1_L,1,S3441L01.jpg,44/1L/S3441L01.jpg,/Users/sarahoualli/Desktop/BIO/iris_twins_project/data/raw/CASIA-Iris-Twins/44/1L/S3441L01.jpg,.jpg,17884,9387fe6b994230ba1902a1b28ef79246914d0e7ad34a797262a39f787ed72254,640,480,L,JPEG,True,,True,44,1,L,1,True,True,99.98739624023438,42.80340194702149,20.91864462575912,0.0055598958333333,0.00013671875,1L,False,False,False,False,False,False,True,True,True,370.0,142.0,47.0,364.43429081372966,hough_pupil,23.482162641258583,78.46903520208605,0.75,370.0,142.0,131.0,63.13959913862513,radial_lateral_search,40.923526763916016,15.975006103515623,high,2.7872340425531914,0.0
44,1,L,F44_T1,F44_T1_L,2,S3441L02.jpg,44/1L/S3441L02.jpg,/Users/sarahoualli/Desktop/BIO/iris_twins_project/data/raw/CASIA-Iris-Twins/44/1L/S3441L02.jpg,.jpg,18577,a8eb5e246f445e97a1aeadb91f0ad7d1f083e0905afe8bb126989eb780c633d3,640,480,L,JPEG,True,,True,44,1,L,2,True,True,114.35784912109376,37.070430755615234,23.156812401570217,0.0048600260416666,0.000146484375,1L,False,False,False,False,False,False,True,True,True,338.6952209472656,142.41339111328125,49.35755157470703,373.377048835084,threshold_p3,26.93636173330542,87.49782350613376,0.753121941817539,338.6952209472656,150.41339111328125,131.0,62.53175262906686,radial_lateral_search,39.799339294433594,17.94000244140625,high,2.654102479166129,8.0
44,1,L,F44_T1,F44_T1_L,3,S3441L03.jpg,44/1L/S3441L03.jpg,/Users/sarahoualli/Desktop/BIO/iris_twins_project/data/raw/CASIA-Iris-Twins/44/1L/S3441L03.jpg,.jpg,19415,1989338f3420bf0fa2e4be046e7a3b6f48a3e139817fd2f71114063620b3b53b,640,480,L,JPEG,True,,True,44,1,L,3,True,True,110.5570831298828,42.47282791137695,32.059922226969405,0.00279296875,0.0001171875,1L,False,False,False,False,False,False,True,True,True,295.0,213.0,46.0,360.2650601862009,hough_pupil,31.1022594921966,85.47732558139535,0.75,295.0,205.0,133.0,65.8267610632855,radial_lateral_search,45.52997589111328,16.330001831054688,high,2.891304347826087,8.0
44,1,L,F44_T1,F44_T1_L,4,S3441L04.jpg,44/1L/S3441L04.jpg,/Users/sarahoualli/Desktop/BIO/iris_twins_project/data/raw/CASIA-Iris-Twins/44/1L/S3441L04.jpg,.jpg,20076,fd731d4cb5bb341383b17abe2ee1d1083a6f80ea314d02d749231355f2d86f4e,640,480,L,JPEG,True,,True,44,1,L,4,True,True,111.76799774169922,40.00225830078125,39.86935030615064,0.0025390625,0.0001171875,1L,False,False,False,False,False,False,True,True,True,263.0,196.0,46.0,358.6102926021403,hough_pupil,32.588399720475195,87.94686046511627,0.75,263.0,196.0,129.0,66.3026976543924,radial_lateral_search,45.24708938598633,15.19499969482422,high,2.8043478260869565,0.0
44,1,L,F44_T1,F44_T1_L,5,S3441L05.jpg,44/1L/S3441L05.jpg,/Users/sarahoualli/Desktop/BIO/iris_twins_project/data/raw/CASIA-Iris-Twins/44/1L/S3441L05.jpg,.jpg,21992,782da4bf9f5b732a2c231ec79b85c4cc756312e53e8533e96f07ea95ad235889,640,480,L,JPEG,True,,True,44,1,L,5,True,True,110.8431625366211,39.72218322753906,51.34850201399062,0.0027701822916666,0.00013671875,1L,False,False,False,False,False,False,True,True,True,265.0,195.0,46.0,357.5981014506444,hough_pupil,33.27416724901001,88.4563953488372,0.75,265.0,195.0,127.0,64.5958405867867,radial_lateral_search,42.91831970214844,15.514999389648438,high,2.760869565217391,0.0
44,1,L,F44_T1,F44_T1_L,6,S3441L06.jpg,44/1L/S3441L06.jpg,/Users/sarahoualli/Desktop/BIO/iris_twins_project/data/raw/CASIA-Iris-Twins/44/1L/S3441L06.jpg,.jpg,21853,cc1aa58ddef49b8f0bf99f45e9ceb38b1e08309496ee6539fab45640e1f2c23e,640,480,L,JPEG,True,,True,44,1,L,6,True,True,121.0920181274414,33.419246673583984,46.87015266719393,0.0027311197916666,0.000185546875,1L,False,False,False,False,False,False,True,True,True,342.2568359375,169.17434692382812,48.06036758422851,353.7593981388291,threshold_p3,40.653445601595394,99.86307231493367,0.6164203129643488,342.2568359375,169.17434692382812,129.0,65.86319927632556,radial_lateral_search,45.15469741821289,14.980003356933594,high,2.68412428960141,0.0
44,1,L,F44_T1,F44_T1_L,7,S3441L07.jpg,44/1L/S3441L07.jpg,/Users/sarahoualli/Desktop/BIO/iris_twins_project/data/raw/CASIA-Iris-Twins/44/1L/S3441L07.jpg,.jpg,18876,e7079c328874833c870f63b8571a1cee847819e599d01d436dea7b7e2adfffbf,640,480,L,JPEG,True,,True,44,1,L,7,True,True,119.48420715332033,35.53962326049805,31.412778036234123,0.003828125,0.00021484375,1L,False,False,False,False,False,False,True,True,True,365.0,193.0,46.0,367.5556141775551,hough_pupil,36.48683904029816,98.11093023255812,0.75,365.0,193.0,129.0,68.68668584408967,radial_lateral_search,44.649070739746094,17.32500457763672,high,2.8043478260869565,0.0
44,1,L,F44_T1,F44_T1_L,8,S3441L08.jpg,44/1L/S3441L08.jpg,/Users/sarahoualli/Desktop/BIO/iris_twins_project/data/raw/CASIA-Iris-Twins/44/1L/S3441L08.jpg,.jpg,20312,b687e937e1f37022e437b3de0250840f00863281f713e1fa4cc8c6bd78eead84,640,480,L,JPEG,True,,True,44,1,L,8,True,True,110.8644561767578,43.51698303222656,31.860546861267096,0.0051171875,6.184895833333334e-05,1L,False,False,False,False,False,False,True,True,True,376.0,201.0,46.0,357.6253530016414,hough_pupil,33.35033775914279,88.44755813953488,0.75,376.0,201.0,127.0,65.33802656090778,radial_lateral_search,43.331504821777344,15.75,high,2.760869565217391,0.0
44,1,L,F44_T1,F44_T1_L,9,S3441L09.jpg,44/1L/S3441L09.jpg,/Users/sarahoualli/Desktop/BIO/iris_twins_project/data/raw/CASIA-Iris-Twins/44/1L/S3441L09.jpg,.jpg,19717,0632a91130991b57864855fe1283e530dee6c1b10ef4cf343c21ed3e24b0b7ec,640,480,L,JPEG,True,,True,44,1,L,9,True,True,113.87188720703124,41.49116897583008,29.536780609088467,0.0055794270833333,0.0001139322916666,1L,False,False,False,False,False,False,True,True,True,373.0,205.0,45.0,370.93183775016377,hough_pupil,26.274117937330377,84.32371036441079,0.75,373.0,205.0,127.0,63.44866680569119,radial_lateral_search,40.49055099487305,16.605003356933594,high,2.8222222222222224,0.0
44,1,L,F44_T1,F44_T1_L,10,S3441L10.jpg,44/1L/S3441L10.jpg,/Users/sarahoualli/Desktop/BIO/iris_twins_project/data/raw/CASIA-Iris-Twins/44/1L/S3441L10.jpg,.jpg,21178,e64651db3760a3c906524c34d6d03c0302371afe4a462b04cd5b6bc1ff36881f,640,480,L,JPEG,True,,True,44,1,L,10,True,True,115.46929931640624,37.684783935546875,41.66423384903802,0.0048372395833333,0.0001041666666666,1L,False,False,False,False,False,False,True,True,True,388.0,212.0,45.0,374.24957733992306,hough_pupil,29.449050086355783,90.85565546616183,0.75,388.0,212.0,125.0,71.21591601901584,radial_lateral_search,46.757022857666016,17.550003051757812,high,2.7777777777777777,0.0
44,1,R,F44_T1,F44_T1_R,1,S3441R01.jpg,44/1R/S3441R01.jpg,/Users/sarahoualli/Desktop/BIO/iris_twins_project/data/raw/CASIA-Iris-Twins/44/1R/S3441R01.jpg,.jpg,15297,015e33e10be890e9fb4ca01bbd5a0869e3bde3155d873a56613638fa2ee4353b,640,480,L,JPEG,True,,True,44,1,R,1,True,True,138.72828674316406,34.70738220214844,15.855278881666395,0.0006217447916666,0.0001790364583333,1R,False,False,False,False,False,False,True,True,True,286.3339538574219,219.9372711181641,35.74319839477539,373.9580716065683,threshold_p2,33.07645492582731,94.59991941982273,0.7563989672290421,286.3339538574219,219.9372711181641,108.0,70.440927553797,radial_lateral_search,44.5351448059082,19.279998779296875,high,3.0215538857817057,0.0
44,1,R,F44_T1,F44_T1_R,2,S3441R02.jpg,44/1R/S3441R02.jpg,/Users/sarahoualli/Desktop/BIO/iris_twins_project/data/raw/CASIA-Iris-Twins/44/1R/S3441R02.jpg,.jpg,16192,24b26ba50d72b8e07b5e74a755ed5197b70125b4cd3d60473d6883b80cbd8385,640,480,L,JPEG,True,,True,44,1,R,2,True,True,140.47434997558594,36.86179733276367,20.201946960438622,0.0004915364583333,0.0001627604166666,1R,False,False,False,False,False,False,True,True,True,283.0,237.0,36.0,384.9184922474259,hough_pupil,32.6804868771396,99.78075768942236,0.75,283.0,237.0,110.0,69.04362403021918,radial_lateral_search,43.434844970703125,19.165000915527344,high,3.0555555555555554,0.0
44,1,R,F44_T1,F44_T1_R,4,S3441R04.jpg,44/1R/S3441R04.jpg,/Users/sarahoualli/Desktop/BIO/iris_twins_project/data/raw/CASIA-Iris-Twins/44/1R/S3441R04.jpg,.jpg,16260,611e94f18a08f524f1521ba8e35d78de82d5aaf9a8a4ebc0f35ec5c906158425,640,480,L,JPEG,True,,True,44,1,R,4,True,True,132.4434051513672,34.30012893676758,21.88251163720025,0.0010970052083333,0.0001529947916666,1R,False,False,False,False,False,False,True,True,True,279.940185546875,207.41781616210935,37.90872573852539,384.393000053062,threshold_p3,29.53349875930521,94.53328804347828,0.7893099863455758,279.940185546875,207.41781616210935,110.0,76.32137028181194,radial_lateral_search,49.43919372558594,19.63500213623047,high,2.901706608624162,0.0
44,1,R,F44_T1,F44_T1_R,5,S3441R05.jpg,44/1R/S3441R05.jpg,/Users/sarahoualli/Desktop/BIO/iris_twins_project/data/raw/CASIA-Iris-Twins/44/1R/S3441R05.jpg,.jpg,16972,00a54df11b3ed36bc736bbf7cc01c810150521b08f9117108637fd3f966938a6,640,480,L,JPEG,True,,True,44,1,R,5,True,True,134.44752502441406,36.704376220703125,25.73300365600586,0.0012434895833333,0.00013671875,1R,False,False,False,False,False,False,True,True,True,278.33782958984375,227.2567596435547,37.91632461547851,392.4858943883031,threshold_p2,30.29528535980149,99.80332880434784,0.7673243529751198,278.33782958984375,227.2567596435547,112.0,74.46145963171206,radial_lateral_search,48.24995040893555,19.30500030517578,high,2.953872801117396,0.0
44,1,R,F44_T1,F44_T1_R,6,S3441R06.jpg,44/1R/S3441R06.jpg,/Users/sarahoualli/Desktop/BIO/iris_twins_project/data/raw/CASIA-Iris-Twins/44/1R/S3441R06.jpg,.jpg,19467,f290429538c265a36d1c54172c01c2861d12868ca9d040ca086cfff0dd7f456f,640,480,L,JPEG,True,,True,44,1,R,6,True,True,138.98208618164062,40.64727783203125,46.861364321857025,0.0009049479166666,0.0001920572916666,1R,False,False,False,False,False,False,True,True,True,340.7010803222656,231.89007568359375,41.80971908569336,392.7275724096019,threshold_p4,41.06101496039894,115.66731517509729,0.7767360397674764,340.0,230.0,121.0,66.26885083789914,hough_iris,45.41108703613281,15.669998168945312,high,2.894063931690092,2.015911631986991
44,1,R,F44_T1,F44_T1_R,7,S3441R07.jpg,44/1R/S3441R07.jpg,/Users/sarahoualli/Desktop/BIO/iris_twins_project/data/raw/CASIA-Iris-Twins/44/1R/S3441R07.jpg,.jpg,19412,edd080f05fb9b21c26d6a65d551ad02b236d199ad1f3bb3c0715d2f19f4a66b7,640,480,L,JPEG,True,,True,44,1,R,7,True,True,133.53453063964844,46.108856201171875,36.55523103824193,0.0019791666666666,0.00013671875,1R,False,False,False,False,False,False,True,True,True,342.73529052734375,229.75489807128903,40.33464050292969,396.3756773480733,threshold_p2,29.906201308818947,103.28565242494226,0.6365350540120414,342.73529052734375,229.75489807128903,122.0,63.27423186333152,radial_lateral_search,42.337005615234375,15.740005493164062,high,3.0246953605831344,0.0
44,1,R,F44_T1,F44_T1_R,9,S3441R09.jpg,44/1R/S3441R09.jpg,/Users/sarahoualli/Desktop/BIO/iris_twins_project/data/raw/CASIA-Iris-Twins/44/1R/S3441R09.jpg,.jpg,19133,b9fca13b1e7601ca79e279ded3091df80309a386203a07f349410d83a1bcd1b1,640,480,L,JPEG,True,,True,44,1,R,9,True,True,132.51708984375,42.97560501098633,41.7036950676812,0.0017154947916666,0.000107421875,1R,False,False,False,False,False,False,True,True,True,304.0,208.0,43.0,374.09119883626647,hough_pupil,39.39779310344828,104.788122406639,0.75,304.0,208.0,125.0,66.39236661334371,radial_lateral_search,42.28227615356445,17.669998168945312,high,2.9069767441860463,0.0
44,1,R,F44_T1,F44_T1_R,10,S3441R10.jpg,44/1R/S3441R10.jpg,/Users/sarahoualli/Desktop/BIO/iris_twins_project/data/raw/CASIA-Iris-Twins/44/1R/S3441R10.jpg,.jpg,17820,b1896326d1590b1034e09edf4b1ef67cd3fab030f65adc91b3dc5d12cb1ec5d8,640,480,L,JPEG,True,,True,44,1,R,10,True,True,137.03492736816406,36.8534049987793,52.465382729329015,0.0009635416666666,0.0002962239583333,1R,False,False,False,False,False,False,True,True,True,310.5,199.0,42.2523193359375,391.7723566856448,threshold_p2,36.09737931034483,111.12534741523068,0.5934530510219092,310.5,199.0,122.0,68.32512225489822,radial_lateral_search,42.96078109741211,18.51000213623047,high,2.887415458309137,0.0
44,2,L,F44_T2,F44_T2_L,3,S3442L03.jpg,44/2L/S3442L03.jpg,/Users/sarahoualli/Desktop/BIO/iris_twins_project/data/raw/CASIA-Iris-Twins/44/2L/S3442L03.jpg,.jpg,20480,018706ff8a8be3cbb161bfa49e94729f9092b3d3cff3e3a8d3daf4254d0ad8f5,640,480,L,JPEG,True,,True,44,2,L,3,True,True,106.55258178710938,42.480438232421875,34.01246013716591,0.0058561197916666,0.0001953125,2L,False,False,False,False,False,False,True,True,True,269.0,124.0,56.0,377.36745335964366,hough_pupil,23.62883194466279,85.64390168014934,0.75,269.0,132.0,124.0,75.0944093976702,radial_lateral_search,52.021263122558594,19.44000244140625,high,2.2142857142857144,8.0
44,2,L,F44_T2,F44_T2_L,4,S3442L04.jpg,44/2L/S3442L04.jpg,/Users/sarahoualli/Desktop/BIO/iris_twins_project/data/raw/CASIA-Iris-Twins/44/2L/S3442L04.jpg,.jpg,21342,85a7a4204ee803d525cb993a9eab4a5d8f7927b7cb11d0bbe3faa40b1bed2bb9,640,480,L,JPEG,True,,True,44,2,L,4,True,True,116.3210906982422,35.41280746459961,33.462592671193015,0.0022688802083333,0.0001529947916666,2L,False,False,False,False,False,False,True,True,True,410.4686279296875,121.03069305419922,51.660118103027344,348.8110319508636,threshold_p6,26.591522524234936,76.29791514264814,0.7551945540234368,402.4686279296875,129.03069305419922,118.0,60.69362203970769,radial_lateral_search,40.80141067504883,17.55999755859375,high,2.284160476843452,11.31370849898476
44,2,L,F44_T2,F44_T2_L,6,S3442L06.jpg,44/2L/S3442L06.jpg,/Users/sarahoualli/Desktop/BIO/iris_twins_project/data/raw/CASIA-Iris-Twins/44/2L/S3442L06.jpg,.jpg,21592,435c1fd7c12afab7cc4ab6ae25c39d3c346e9efdca5c466a8c4a663df237c4d5,640,480,L,JPEG,True,,True,44,2,L,6,True,True,114.08075714111328,34.3807258605957,40.348484384653304,0.0049055989583333,0.0001432291666666,2L,False,False,False,False,False,False,True,True,True,351.8214416503906,145.0892791748047,56.06482696533203,348.9415345436162,threshold_p8,30.70444898600849,84.99906658369633,0.4888854474785356,351.8214416503906,145.0892791748047,124.0,90.80151877787776,radial_lateral_search,61.566619873046875,22.419998168945312,high,2.2117253670768666,0.0
44,2,L,F44_T2,F44_T2_L,7,S3442L07.jpg,44/2L/S3442L07.jpg,/Users/sarahoualli/Desktop/BIO/iris_twins_project/data/raw/CASIA-Iris-Twins/44/2L/S3442L07.jpg,.jpg,22209,e0b9a12fbeeb58b1d123de4d9f012ae4ba560964901889f3cf41fe866e98d488,640,480,L,JPEG,True,,True,44,2,L,7,True,True,116.4176025390625,35.931854248046875,47.63476982920964,0.0025716145833333,0.0001334635416666,2L,False,False,False,False,False,False,True,True,True,330.86285400390625,111.75230407714844,50.49140548706055,364.9573320086849,threshold_p6,23.842985074626867,78.41543689320389,0.7937657697747906,330.86285400390625,119.75230407714844,117.0,82.10657814261147,radial_lateral_search,54.064674377441406,22.69499969482422,high,2.317226048104041,8.0
44,2,L,F44_T2,F44_T2_L,10,S3442L10.jpg,44/2L/S3442L10.jpg,/Users/sarahoualli/Desktop/BIO/iris_twins_project/data/raw/CASIA-Iris-Twins/44/2L/S3442L10.jpg,.jpg,21962,860e249066e6e40e1191f95897113bb5fbe8d6469f15fa342d088b5823876ccb,640,480,L,JPEG,True,,True,44,2,L,10,True,True,115.33894348144533,36.51482391357422,46.0056088968489,0.0044173177083333,0.0001204427083333,2L,False,False,False,False,False,False,True,True,True,420.8458557128906,123.4893569946289,57.95240020751953,356.41314041328394,threshold_p10,27.247698113207548,80.95669863411798,0.7562415358273266,410.0,127.0,122.0,86.54246230747029,hough_iris,60.331729888916016,22.599998474121097,high,2.1051759644662664,11.399877212321332
44,2,R,F44_T2,F44_T2_R,4,S3442R04.jpg,44/2R/S3442R04.jpg,/Users/sarahoualli/Desktop/BIO/iris_twins_project/data/raw/CASIA-Iris-Twins/44/2R/S3442R04.jpg,.jpg,19438,cfb4f146161a77353cbb7755000ba792d25755c91c84e45d2875b6d136d21cf6,640,480,L,JPEG,True,,True,44,2,R,4,True,True,112.67476654052734,31.848247528076172,37.19804535309474,0.0031868489583333,0.000107421875,2R,False,False,False,False,False,False,True,True,True,358.4333190917969,151.5,46.52219009399414,350.97313530489043,threshold_p3,24.665734917307244,71.6738182652593,0.8211298938295386,358.4333190917969,159.5,112.0,69.40880489362885,radial_lateral_search,48.77598571777344,17.145004272460938,high,2.407453298602527,8.0
44,2,R,F44_T2,F44_T2_R,6,S3442R06.jpg,44/2R/S3442R06.jpg,/Users/sarahoualli/Desktop/BIO/iris_twins_project/data/raw/CASIA-Iris-Twins/44/2R/S3442R06.jpg,.jpg,18966,9c9de4fe7930e92f4c5f7251401fc9ce47a54ccbfc4ef6aab99bb439508a3dae,640,480,L,JPEG,True,,True,44,2,R,6,True,True,105.20852661132812,34.01197052001953,43.26197250975505,0.0041959635416666,0.0001041666666666,2R,False,False,False,False,False,False,True,True,True,354.0,149.5,54.31630325317383,354.90586852044396,threshold_p3,28.006045949214027,81.77712659075686,0.674777637591663,346.0,141.5,111.0,66.73201492688501,radial_lateral_search,51.393096923828125,14.995002746582031,high,2.0435853206470567,11.31370849898476
44,2,R,F44_T2,F44_T2_R,8,S3442R08.jpg,44/2R/S3442R08.jpg,/Users/sarahoualli/Desktop/BIO/iris_twins_project/data/raw/CASIA-Iris-Twins/44/2R/S3442R08.jpg,.jpg,19003,8e968c857e4b823bff7a7d7d29d3e86f72003aae585db75dfbf922e27395709a,640,480,L,JPEG,True,,True,44,2,R,8,True,True,115.25676727294922,32.379180908203125,37.53054414363436,0.0025846354166666,0.0001236979166666,2R,False,False,False,False,False,False,True,True,True,334.0,159.5,54.33470916748047,372.9144447966746,threshold_p4,27.140956987389877,87.44407233757535,0.7501287891921916,326.0,151.5,115.0,73.14824467548479,radial_lateral_search,53.34563064575195,17.974998474121094,high,2.116510822677375,11.31370849898476
47,1,L,F47_T1,F47_T1_L,1,S3471L01.jpg,47/1L/S3471L01.jpg,/Users/sarahoualli/Desktop/BIO/iris_twins_project/data/raw/CASIA-Iris-Twins/47/1L/S3471L01.jpg,.jpg,29618,598f3943557ea6ae6a5111eb408baa6919082938ade236ddfc2f5d6af1c32eb0,640,480,L,JPEG,True,,True,47,1,L,1,True,True,136.2386932373047,43.76264953613281,126.72562943517896,0.0013704427083333,0.0021549479166666,1L,False,False,False,False,False,False,True,True,True,371.1331481933594,200.8179931640625,53.297576904296875,444.8112930532434,threshold_p10,30.35982034893764,124.38255261371351,0.8896546661368196,363.1331481933594,200.8179931640625,115.0,71.1172289302961,radial_lateral_search,52.708457946777344,16.269989013671875,high,2.1576965910945316,8.0
47,1,L,F47_T1,F47_T1_L,2,S3471L02.jpg,47/1L/S3471L02.jpg,/Users/sarahoualli/Desktop/BIO/iris_twins_project/data/raw/CASIA-Iris-Twins/47/1L/S3471L02.jpg,.jpg,29526,be180e04fcd53475c2dd274453de570389b8d81819cb76d618fada479d55e901,640,480,L,JPEG,True,,True,47,1,L,2,True,True,137.90306091308594,42.070350646972656,115.93583010249672,0.0013020833333333,0.000654296875,1L,False,False,False,False,False,False,True,True,True,362.1194152832031,206.96487426757812,53.16037368774414,449.1565886703746,threshold_p12,31.46605631369839,127.7818052594172,0.8943035625006416,354.1194152832031,206.96487426757812,115.0,71.57167144112798,radial_lateral_search,54.44960021972656,15.335006713867188,high,2.163265455496839,8.0
47,1,R,F47_T1,F47_T1_R,1,S3471R01.jpg,47/1R/S3471R01.jpg,/Users/sarahoualli/Desktop/BIO/iris_twins_project/data/raw/CASIA-Iris-Twins/47/1R/S3471R01.jpg,.jpg,16546,c38d6970e102c74fd755c81af314e5e6fd86d6f164804374a22dea77293cae2a,640,480,L,JPEG,True,,True,47,1,R,1,True,True,147.7705535888672,36.44283676147461,17.42744417978922,0.000107421875,0.0003515625,1R,False,False,False,False,False,False,True,True,True,320.7294616699219,213.2801971435547,35.742496490478516,374.95665014895536,threshold_p8,43.8022061620388,111.55721192586624,0.6615031694557665,327.0,216.0,92.0,62.26396123117354,hough_iris,42.44484329223633,15.879997253417969,high,2.573966819147845,6.834981969757275
47,1,R,F47_T1,F47_T1_R,2,S3471R02.jpg,47/1R/S3471R02.jpg,/Users/sarahoualli/Desktop/BIO/iris_twins_project/data/raw/CASIA-Iris-Twins/47/1R/S3471R02.jpg,.jpg,28810,eeaa86d5a30a1081a45560c1440814c891cc498ecfc362e68cc69f7f42186531,640,480,L,JPEG,True,,True,47,1,R,2,True,True,154.4381866455078,41.729949951171875,115.84605706930157,0.0001106770833333,0.0020052083333333,1R,False,False,False,False,False,False,True,True,True,291.0,168.6977996826172,46.39287185668945,472.1127199713513,threshold_p10,35.42091777311903,149.4876089949518,0.6385633679029283,291.0,168.6977996826172,122.0,78.86869863450931,radial_lateral_search,67.66683959960938,8.345001220703125,high,2.629714331478892,0.0
47,1,R,F47_T1,F47_T1_R,3,S3471R03.jpg,47/1R/S3471R03.jpg,/Users/sarahoualli/Desktop/BIO/iris_twins_project/data/raw/CASIA-Iris-Twins/47/1R/S3471R03.jpg,.jpg,25658,03476a985eec7521534e02538c7ff4d60a6ab7d4876c85660fc67da300811cba,640,480,L,JPEG,True,,True,47,1,R,3,True,True,115.78434753417967,38.0200309753418,64.54561807657875,0.0017740885416666,0.0006412760416666,1R,False,False,False,False,False,False,True,True,True,292.0177001953125,185.5487060546875,53.905513763427734,449.2079891902288,threshold_p10,23.095698738987736,117.28198258539852,0.7825552556502056,300.0177001953125,193.5487060546875,136.0,77.69862137550733,radial_lateral_search,53.40731048583984,20.020004272460938,high,2.522933008242088,11.31370849898476
47,1,R,F47_T1,F47_T1_R,4,S3471R04.jpg,47/1R/S3471R04.jpg,/Users/sarahoualli/Desktop/BIO/iris_twins_project/data/raw/CASIA-Iris-Twins/47/1R/S3471R04.jpg,.jpg,26046,dcceb4bc4abc0f2d121b1397b9fb7d8a9c189cb77c8c576213014a087d0d8b82,640,480,L,JPEG,True,,True,47,1,R,4,True,True,103.69800567626952,34.86136245727539,72.93934996616576,0.0040201822916666,0.0004752604166666,1R,False,False,False,False,False,False,True,True,True,290.5320129394531,187.85430908203125,55.08930206298828,433.0213464661356,threshold_p10,22.592726674345897,108.35375494071148,0.78703212040602,298.5320129394531,195.85430908203125,134.0,78.09032417470216,radial_lateral_search,55.169090270996094,19.300003051757812,high,2.4324141889978277,11.31370849898476
47,1,R,F47_T1,F47_T1_R,5,S3471R05.jpg,47/1R/S3471R05.jpg,/Users/sarahoualli/Desktop/BIO/iris_twins_project/data/raw/CASIA-Iris-Twins/47/1R/S3471R05.jpg,.jpg,23830,981e918659bf78aabdd7bc3a5cf7d672ff6e5c8d804b79d6556ecdb4251adb72,640,480,L,JPEG,True,,True,47,1,R,5,True,True,124.4693374633789,41.91156768798828,54.80008352532917,0.000537109375,0.0136393229166666,1R,False,False,True,False,False,True,True,True,True,287.1291198730469,186.1588897705078,55.26995086669922,463.3686911608603,threshold_p12,25.6577258515715,128.52733017377568,0.7610920379645695,295.1291198730469,194.1588897705078,131.0,82.64250238496581,radial_lateral_search,59.319190979003906,19.76499938964844,high,2.370184846300072,11.31370849898476
47,1,R,F47_T1,F47_T1_R,6,S3471R06.jpg,47/1R/S3471R06.jpg,/Users/sarahoualli/Desktop/BIO/iris_twins_project/data/raw/CASIA-Iris-Twins/47/1R/S3471R06.jpg,.jpg,24353,744a15fe4827d3fdd613a32357084b942ac4ca0ae334c6b60c112093299d5d4a,640,480,L,JPEG,True,,True,47,1,R,6,True,True,130.3395538330078,41.192501068115234,55.69352841439777,0.0002115885416666,0.002314453125,1R,False,False,False,False,False,False,True,True,True,279.0,195.5,51.72291946411133,449.6514415554537,threshold_p6,29.947158334917315,130.03465618141917,0.6407693950735399,287.0,203.5,126.0,77.46498378630088,radial_lateral_search,56.53117752075195,17.87000274658203,high,2.436057386270063,11.31370849898476
47,1,R,F47_T1,F47_T1_R,7,S3471R07.jpg,47/1R/S3471R07.jpg,/Users/sarahoualli/Desktop/BIO/iris_twins_project/data/raw/CASIA-Iris-Twins/47/1R/S3471R07.jpg,.jpg,19577,55f09fe35dfdac6800f55fa94073ea2f97916471025b0da171849437a575440d,640,480,L,JPEG,True,,True,47,1,R,7,True,True,195.2776641845703,43.39066696166992,50.58641817702187,6.510416666666667e-06,0.285478515625,1R,False,False,True,False,False,True,True,True,True,245.48004150390625,272.7993469238281,45.42620849609375,486.8940994171873,threshold_p6,50.633358006415,180.6185049019608,0.6300777280946586,253.48004150390625,272.7993469238281,116.0,78.45684976516164,radial_lateral_search,55.314476013183594,18.520004272460938,high,2.553591942633182,8.0
47,1,R,F47_T1,F47_T1_R,8,S3471R08.jpg,47/1R/S3471R08.jpg,/Users/sarahoualli/Desktop/BIO/iris_twins_project/data/raw/CASIA-Iris-Twins/47/1R/S3471R08.jpg,.jpg,29287,862f9bc1e1bd584020020f1048563cf283590a88d97239e07a15b6bbc9cf66c6,640,480,L,JPEG,True,,True,47,1,R,8,True,True,113.79976654052734,35.07316589355469,115.97009091439776,0.0003841145833333,0.0001920572916666,1R,False,False,False,False,False,False,True,True,True,256.71185302734375,257.214599609375,48.762428283691406,403.56957579689606,threshold_p12,32.861837973623615,111.52311093247587,0.5931623247154195,264.71185302734375,257.214599609375,118.0,69.68644011408139,radial_lateral_search,50.49485397338867,16.080001831054688,high,2.419895894304039,8.0
47,2,L,F47_T2,F47_T2_L,1,S3472L01.jpg,47/2L/S3472L01.jpg,/Users/sarahoualli/Desktop/BIO/iris_twins_project/data/raw/CASIA-Iris-Twins/47/2L/S3472L01.jpg,.jpg,28359,770a688eaf307d8ebc70ab2e1fd78e903d99924ec762b93db1c376ff65bce030,640,480,L,JPEG,True,,True,47,2,L,1,True,True,123.9541015625,40.68452835083008,85.81207525291441,0.0035416666666666,0.000625,2L,False,False,False,False,False,False,True,True,True,345.76324462890625,190.7305603027344,63.48588943481445,414.74670879036336,threshold_p8,28.713324360699865,106.61041303806915,0.8917099435699644,353.76324462890625,182.7305603027344,142.0,81.45861927303535,radial_lateral_search,73.82417297363281,8.94000244140625,high,2.2367175015449954,11.31370849898476
47,2,L,F47_T2,F47_T2_L,2,S3472L02.jpg,47/2L/S3472L02.jpg,/Users/sarahoualli/Desktop/BIO/iris_twins_project/data/raw/CASIA-Iris-Twins/47/2L/S3472L02.jpg,.jpg,30296,5cd163c5196cafa137492bb575cd3530c2ac34fe22e5d582c9de1c554be8e9b3,640,480,L,JPEG,True,,True,47,2,L,2,True,True,130.30331420898438,40.247825622558594,100.98774338403278,0.0008561197916666,0.0005305989583333,2L,False,False,False,False,False,False,True,True,True,323.3671875,203.10470581054688,64.12042236328125,420.9621821201116,threshold_p12,32.875565887678945,115.69072164948452,0.8679289433125352,331.3671875,203.10470581054688,137.0,90.603137507619,radial_lateral_search,75.1627197265625,14.209999084472656,high,2.1366047656986966,8.0
47,2,L,F47_T2,F47_T2_L,3,S3472L03.jpg,47/2L/S3472L03.jpg,/Users/sarahoualli/Desktop/BIO/iris_twins_project/data/raw/CASIA-Iris-Twins/47/2L/S3472L03.jpg,.jpg,29385,3a23a0bd47fc98c1fd8d5705fabba9ccf9dbbd87f85f8dd5746f151edf4ddbf9,640,480,L,JPEG,True,,True,47,2,L,3,True,True,122.6299057006836,41.54901123046875,93.58435231822332,0.0018391927083333,0.0006412760416666,2L,False,False,False,False,False,False,True,True,True,328.0,209.0,62.0,397.0007578832578,hough_pupil,30.54455066921606,102.78074661211966,0.75,328.0,209.0,129.0,86.84477760561052,radial_lateral_search,71.8051986694336,12.654998779296877,high,2.0806451612903225,0.0
47,2,R,F47_T2,F47_T2_R,1,S3472R01.jpg,47/2R/S3472R01.jpg,/Users/sarahoualli/Desktop/BIO/iris_twins_project/data/raw/CASIA-Iris-Twins/47/2R/S3472R01.jpg,.jpg,26347,1a1670a06a76c48c020b13247c07bdb204e6092015d8c55c6ac9fd380b2e426d,640,480,L,JPEG,True,,True,47,2,R,1,True,True,132.06805419921875,41.52500534057617,66.82740892409215,0.00015625,0.0004947916666666,2R,False,False,False,False,False,False,True,True,True,203.0,175.0,57.0,409.1227423923709,hough_pupil,31.646037735849056,113.5082923832924,0.75,203.0,175.0,128.0,89.06381752951103,radial_lateral_search,64.18736267089844,19.209999084472656,high,2.245614035087719,0.0
47,2,R,F47_T2,F47_T2_R,2,S3472R02.jpg,47/2R/S3472R02.jpg,/Users/sarahoualli/Desktop/BIO/iris_twins_project/data/raw/CASIA-Iris-Twins/47/2R/S3472R02.jpg,.jpg,27289,e508786d65f6fb446eaebaa4a9c3b86027f25bab1c97f2ef970f31b76b127925,640,480,L,JPEG,True,,True,47,2,R,2,True,True,140.07070922851562,42.2674674987793,72.81786945469116,0.0001399739583333,0.0006901041666666,2R,False,False,False,False,False,False,True,True,True,196.0,172.0,58.0,403.214082886447,hough_pupil,34.12483018867925,114.4869950595757,0.75,196.0,172.0,126.0,86.16594759184738,radial_lateral_search,64.39628601074219,17.20000457763672,high,2.1724137931034484,0.0
47,2,R,F47_T2,F47_T2_R,3,S3472R03.jpg,47/2R/S3472R03.jpg,/Users/sarahoualli/Desktop/BIO/iris_twins_project/data/raw/CASIA-Iris-Twins/47/2R/S3472R03.jpg,.jpg,26616,cc64916ab5ad9bd6aaf3c646a36211df152624a931fad17ab5cd9848ad9711e0,640,480,L,JPEG,True,,True,47,2,R,3,True,True,125.86974334716795,38.78236770629883,65.44347190084457,0.00029296875,0.00037109375,2R,False,False,False,False,False,False,True,True,True,289.0,172.0,59.0,402.7816825496964,hough_pupil,32.63184510908828,110.214911021814,0.75,297.0,172.0,124.0,71.87559527380992,radial_lateral_search,56.07081604003906,14.56999969482422,high,2.1016949152542375,8.0
47,2,R,F47_T2,F47_T2_R,4,S3472R04.jpg,47/2R/S3472R04.jpg,/Users/sarahoualli/Desktop/BIO/iris_twins_project/data/raw/CASIA-Iris-Twins/47/2R/S3472R04.jpg,.jpg,26433,8036156bb81fc91fd6c8aed499c213747431ccd8b2c438e3235062b2ff60eef8,640,480,L,JPEG,True,,True,47,2,R,4,True,True,117.5502471923828,41.41300964355469,69.00687137514751,0.0015559895833333,0.0006282552083333,2R,False,False,False,False,False,False,True,True,True,313.2964172363281,167.21446228027344,60.84695816040039,388.9005245264746,threshold_p8,30.95734219269103,99.67282871739717,0.7250237122760717,313.2964172363281,167.21446228027344,127.0,73.95616597103475,radial_lateral_search,54.480350494384766,15.80500030517578,high,2.087203762350974,0.0
49,1,L,F49_T1,F49_T1_L,1,S3491L01.jpg,49/1L/S3491L01.jpg,/Users/sarahoualli/Desktop/BIO/iris_twins_project/data/raw/CASIA-Iris-Twins/49/1L/S3491L01.jpg,.jpg,17030,23274b97ca27395901346436f06f4eb0065ba57ce4d8b23a29c5415f9fed3214,640,480,L,JPEG,True,,True,49,1,L,1,True,True,117.36658477783205,35.711421966552734,22.962374826007416,0.0004654947916666,0.000166015625,1L,False,False,False,False,False,False,True,True,True,292.9494323730469,239.4213409423828,44.8055419921875,347.46705393995194,threshold_p6,28.228226005428077,71.14187842551071,0.8881711120255252,284.9494323730469,247.4213409423828,101.0,63.713190241297106,radial_lateral_search,42.47087478637695,18.61000061035156,high,2.25418543129354,11.31370849898476
49,1,L,F49_T1,F49_T1_L,2,S3491L02.jpg,49/1L/S3491L02.jpg,/Users/sarahoualli/Desktop/BIO/iris_twins_project/data/raw/CASIA-Iris-Twins/49/1L/S3491L02.jpg,.jpg,17299,47621138c0f93a24cf7d7ef2cc8569b23ed90f19c824435f42d7b30f3b36b739,640,480,L,JPEG,True,,True,49,1,L,2,True,True,120.8849639892578,37.5999641418457,23.611924807230633,0.0004069010416666,0.0001822916666666,1L,False,False,False,False,False,False,True,True,True,269.3197326660156,260.9393005371094,45.253177642822266,343.1485135919853,threshold_p6,28.097458672588207,69.79375,0.8888481738245175,269.3197326660156,268.9393005371094,103.0,67.47849150941835,radial_lateral_search,46.321163177490234,17.894996643066406,high,2.2760832579087875,8.0
49,1,L,F49_T1,F49_T1_L,3,S3491L03.jpg,49/1L/S3491L03.jpg,/Users/sarahoualli/Desktop/BIO/iris_twins_project/data/raw/CASIA-Iris-Twins/49/1L/S3491L03.jpg,.jpg,17098,699574cf708a0cb413160de1a35e65c0754c7be91e4f519a5dc90bc0ed1e60c4,640,480,L,JPEG,True,,True,49,1,L,3,True,True,119.9818878173828,37.14439010620117,21.31108584781223,0.00046875,0.0001692708333333,1L,False,False,False,False,False,False,True,True,True,280.5,259.0,44.78011703491211,345.3145271149797,threshold_p5,28.03947693066864,70.44419531639262,0.8955830833837998,272.5,267.0,101.0,74.00010749752276,radial_lateral_search,52.76667022705078,18.60000228881836,high,2.2554652977181133,11.31370849898476
49,1,L,F49_T1,F49_T1_L,4,S3491L04.jpg,49/1L/S3491L04.jpg,/Users/sarahoualli/Desktop/BIO/iris_twins_project/data/raw/CASIA-Iris-Twins/49/1L/S3491L04.jpg,.jpg,17038,55546f3d87efdaaef07e0eb8db285e04b4c1f064f0141bf98b0d95c307af02fe,640,480,L,JPEG,True,,True,49,1,L,4,True,True,118.76544189453124,36.715335845947266,22.752025005329983,0.0004622395833333,0.000185546875,1L,False,False,False,False,False,False,True,True,True,288.62945556640625,262.53125,44.74959945678711,344.64972406521446,threshold_p5,27.86454478164323,69.61933233682113,0.907228024439292,280.62945556640625,270.53125,101.0,72.6942254675299,radial_lateral_search,51.98663711547851,18.220001220703125,high,2.2570034419532994,11.31370849898476
49,1,L,F49_T1,F49_T1_L,5,S3491L05.jpg,49/1L/S3491L05.jpg,/Users/sarahoualli/Desktop/BIO/iris_twins_project/data/raw/CASIA-Iris-Twins/49/1L/S3491L05.jpg,.jpg,17142,befc3ba360ded969572cfe504d0cf1fd04a0c927a34f37011a78a2a078153f54,640,480,L,JPEG,True,,True,49,1,L,5,True,True,115.85889434814452,35.77508544921875,21.029820337549843,0.0005436197916666,0.0001399739583333,1L,False,False,False,False,False,False,True,True,True,314.0,245.5,45.40108871459961,343.66246493978787,threshold_p3,27.790032075006167,68.32720588235294,0.8979117458496859,306.0,253.5,102.0,74.92430820084533,radial_lateral_search,50.12116241455078,21.175003051757812,high,2.2466421596449493,11.31370849898476
49,1,L,F49_T1,F49_T1_L,6,S3491L06.jpg,49/1L/S3491L06.jpg,/Users/sarahoualli/Desktop/BIO/iris_twins_project/data/raw/CASIA-Iris-Twins/49/1L/S3491L06.jpg,.jpg,17079,23ef0fc3110689fa1794254bc14046de5c493c13aedeb6455d997c270afe1314,640,480,L,JPEG,True,,True,49,1,L,6,True,True,115.63036346435548,35.73965072631836,20.20134321542315,0.0006022135416666,0.0001432291666666,1L,False,False,False,False,False,False,True,True,True,319.0,248.0,46.529659271240234,342.2233055207236,threshold_p4,27.56696948520848,67.41486920605783,0.8852209096224909,311.0,256.0,102.0,80.31345918891044,radial_lateral_search,54.46128845214844,22.079998016357425,high,2.1921501596519475,11.31370849898476
49,1,L,F49_T1,F49_T1_L,7,S3491L07.jpg,49/1L/S3491L07.jpg,/Users/sarahoualli/Desktop/BIO/iris_twins_project/data/raw/CASIA-Iris-Twins/49/1L/S3491L07.jpg,.jpg,22283,45e1cdbb62d12ffa023c1c12c7ace1986d61adc874c4d4e0a083743eb4030f67,640,480,L,JPEG,True,,True,49,1,L,7,True,True,121.3831787109375,37.701072692871094,66.01176646864147,0.0021875,0.000126953125,1L,False,False,False,False,False,False,True,True,True,349.7746276855469,228.4433135986328,50.82610702514648,375.7636284416509,threshold_p4,26.61452195400114,83.11961367013373,0.8958613757014382,349.7746276855469,228.4433135986328,116.0,72.52127554356153,radial_lateral_search,52.40511703491211,15.704994201660156,high,2.2822916565812994,0.0
49,1,L,F49_T1,F49_T1_L,8,S3491L08.jpg,49/1L/S3491L08.jpg,/Users/sarahoualli/Desktop/BIO/iris_twins_project/data/raw/CASIA-Iris-Twins/49/1L/S3491L08.jpg,.jpg,22292,28f95d5da2de344466e366a5103cc42ef96014613574771c9dbc2ba061a7d1eb,640,480,L,JPEG,True,,True,49,1,L,8,True,True,120.19596099853516,43.98545837402344,53.28558031454086,0.0032682291666666,0.000126953125,1L,False,False,False,False,False,False,True,True,True,358.67864990234375,225.7118682861328,53.705101013183594,365.3866858975409,threshold_p5,25.70893073069615,76.93966395112017,0.8864297449261344,350.67864990234375,233.7118682861328,118.0,79.15963528105081,radial_lateral_search,54.20432662963867,21.424999237060547,high,2.1971842110683903,11.31370849898476
49,1,L,F49_T1,F49_T1_L,9,S3491L09.jpg,49/1L/S3491L09.jpg,/Users/sarahoualli/Desktop/BIO/iris_twins_project/data/raw/CASIA-Iris-Twins/49/1L/S3491L09.jpg,.jpg,23189,edd4c1470690d66ee02e8334bf2ab380be220582ff14dc03e1a1ccc5522d4583,640,480,L,JPEG,True,,True,49,1,L,9,True,True,129.33082580566406,39.12583923339844,60.94395634697807,0.002333984375,0.0001529947916666,1L,False,False,False,False,False,False,True,True,True,377.5325317382813,213.5720367431641,54.81868362426758,380.5845341198613,threshold_p5,26.591081125555373,86.50839920948617,0.8883716201931705,369.5325317382813,213.5720367431641,120.0,91.0268273808571,radial_lateral_search,63.028690338134766,23.029998779296875,high,2.1890346879266804,8.0
49,1,R,F49_T1,F49_T1_R,1,S3491R01.jpg,49/1R/S3491R01.jpg,/Users/sarahoualli/Desktop/BIO/iris_twins_project/data/raw/CASIA-Iris-Twins/49/1R/S3491R01.jpg,.jpg,22192,41211216a4c3250ba9318196f6a453ce121b8ad2b9cdc1d5e788981e2a518246,640,480,L,JPEG,True,,True,49,1,R,1,True,True,141.87118530273438,42.504417419433594,39.427507468064626,0.0008235677083333,0.0003450520833333,1R,False,False,False,False,False,False,True,True,True,344.0754699707031,186.1746368408203,47.62083053588867,427.2179987518476,threshold_p5,22.467095058719256,104.02952503209242,0.853247445559921,352.0754699707031,186.1746368408203,132.0,82.86156674440562,radial_lateral_search,55.724151611328125,20.875,high,2.7718962167306245,8.0
49,1,R,F49_T1,F49_T1_R,2,S3491R02.jpg,49/1R/S3491R02.jpg,/Users/sarahoualli/Desktop/BIO/iris_twins_project/data/raw/CASIA-Iris-Twins/49/1R/S3491R02.jpg,.jpg,19658,6f05453147bb95be07688751e6966957c1e37bded40f1c7b0ccf9a48adc7d388,640,480,L,JPEG,True,,True,49,1,R,2,True,True,141.50799560546875,40.50592803955078,26.315420261372463,0.0003092447916666,0.0002734375,1R,False,False,False,False,False,False,True,True,True,330.96026611328125,189.9438934326172,46.57917022705078,424.8553551799985,threshold_p4,23.27253668763103,104.14387333639284,0.8275707417867882,335.0,190.0,127.0,83.72864353745253,hough_iris,55.747520446777344,20.774993896484375,high,2.7265406270858157,4.040123490984807
49,1,R,F49_T1,F49_T1_R,3,S3491R03.jpg,49/1R/S3491R03.jpg,/Users/sarahoualli/Desktop/BIO/iris_twins_project/data/raw/CASIA-Iris-Twins/49/1R/S3491R03.jpg,.jpg,18257,3a18ed6aa62a8d3ec785027581d6d039f6b3f7cd25c9dbad4596d084f9c20d88,640,480,L,JPEG,True,,True,49,1,R,3,True,True,144.95962524414062,35.3107795715332,24.97358779185613,0.0001139322916666,0.0002604166666666,1R,False,False,False,False,False,False,True,True,True,298.47369384765625,198.73684692382812,45.07698440551758,417.4596418490474,threshold_p3,28.33925487293363,109.77058684335069,0.7186822585653614,306.47369384765625,198.73684692382812,123.0,70.64581326192308,radial_lateral_search,46.30615234375,18.875,high,2.7286652295432696,8.0
49,1,R,F49_T1,F49_T1_R,4,S3491R04.jpg,49/1R/S3491R04.jpg,/Users/sarahoualli/Desktop/BIO/iris_twins_project/data/raw/CASIA-Iris-Twins/49/1R/S3491R04.jpg,.jpg,21277,dc5a6b0a59185136fd2b7978f060b7bc354c75d86f61654854f138f7f9555457,640,480,L,JPEG,True,,True,49,1,R,4,True,True,135.00625610351562,35.612308502197266,42.37583728738361,0.000185546875,0.0001302083333333,1R,False,False,False,False,False,False,True,True,True,264.0,209.08152770996097,46.09246444702149,389.2689050257501,threshold_p4,28.026554856743537,93.97511627906977,0.8312563192203517,272.0,217.08152770996097,121.0,81.02688535408242,radial_lateral_search,60.18368148803711,17.264999389648438,high,2.625157961320922,11.31370849898476
49,1,R,F49_T1,F49_T1_R,5,S3491R05.jpg,49/1R/S3491R05.jpg,/Users/sarahoualli/Desktop/BIO/iris_twins_project/data/raw/CASIA-Iris-Twins/49/1R/S3491R05.jpg,.jpg,19418,0f1bcd0ea05663c3471e74c2d4139a3fb6cdf5e1e47e06564391d063998f5e98,640,480,L,JPEG,True,,True,49,1,R,5,True,True,136.00494384765625,38.0323600769043,34.92183794062933,0.0002408854166666,0.0001009114583333,1R,False,False,False,False,False,False,True,True,True,231.5,172.5,49.4217529296875,373.6019902684573,threshold_p3,29.291940298507463,90.7202216066482,0.7893520811039354,231.5,172.5,121.0,62.278734381900136,radial_lateral_search,42.15647506713867,15.235000610351562,high,2.448314615067319,0.0
49,1,R,F49_T1,F49_T1_R,6,S3491R06.jpg,49/1R/S3491R06.jpg,/Users/sarahoualli/Desktop/BIO/iris_twins_project/data/raw/CASIA-Iris-Twins/49/1R/S3491R06.jpg,.jpg,21061,d8844a2c59d010da41d13061f233a8ffa416f5d03870263077aacdc992eb74e3,640,480,L,JPEG,True,,True,49,1,R,6,True,True,131.4257049560547,36.9179573059082,40.037586935583754,0.000283203125,0.0001139322916666,1R,False,False,False,False,False,False,True,True,True,239.5,175.73655700683594,46.86752700805664,371.6897845450603,threshold_p3,27.54996505939902,86.36864406779661,0.7932921424476802,247.5,183.7365570068359,117.0,71.42216039149837,radial_lateral_search,52.984004974365234,15.914993286132812,high,2.496397985323344,11.31370849898476
49,1,R,F49_T1,F49_T1_R,7,S3491R07.jpg,49/1R/S3491R07.jpg,/Users/sarahoualli/Desktop/BIO/iris_twins_project/data/raw/CASIA-Iris-Twins/49/1R/S3491R07.jpg,.jpg,21398,47ed14a46b75b56f5976c3478d1f6289f798aa9ff3b6123f3551f509d317af19,640,480,L,JPEG,True,,True,49,1,R,7,True,True,129.1375732421875,34.88217544555664,45.39256971866819,0.000341796875,0.000126953125,1R,False,False,False,False,False,False,True,True,True,204.1649627685547,188.3607177734375,48.193790435791016,378.17638912142786,threshold_p5,26.94578187146745,88.03908554572271,0.8482858862004511,212.1649627685547,188.3607177734375,117.0,82.69292274502423,radial_lateral_search,58.276126861572266,19.790000915527344,high,2.4276986504284213,8.0
49,2,L,F49_T2,F49_T2_L,1,S3492L01.jpg,49/2L/S3492L01.jpg,/Users/sarahoualli/Desktop/BIO/iris_twins_project/data/raw/CASIA-Iris-Twins/49/2L/S3492L01.jpg,.jpg,19607,e18e2dd609f640064cd6eb9310556c0f4deaeed96ad056c8364de2f51fb0781f,640,480,L,JPEG,True,,True,49,2,L,1,True,True,128.15780639648438,51.53157806396485,30.15490572305256,0.0025944010416666,0.00029296875,2L,False,False,False,False,False,False,True,True,True,241.5,196.5,62.709747314453125,349.4710674640449,threshold_p5,26.002804333970683,72.41553116326016,0.779748163609137,241.5,204.5,133.0,81.31091001015173,radial_lateral_search,52.16438293457031,24.044998168945312,high,2.1208824097644965,8.0
49,2,L,F49_T2,F49_T2_L,2,S3492L02.jpg,49/2L/S3492L02.jpg,/Users/sarahoualli/Desktop/BIO/iris_twins_project/data/raw/CASIA-Iris-Twins/49/2L/S3492L02.jpg,.jpg,24162,8debf7bf7652bdcefb67058307598fe81135a2ca65df64ce19358e508271dcd8,640,480,L,JPEG,True,,True,49,2,L,2,True,True,146.60533142089844,41.82377243041992,46.007038446797274,0.000302734375,0.0002734375,2L,False,False,False,False,False,False,True,True,True,233.74261474609375,189.0421905517578,61.81489181518555,391.7154157109493,threshold_p4,29.15681063122923,98.29806954743032,0.8111178363504763,233.0,194.0,133.0,97.99422607132374,hough_iris,68.74116516113281,23.5,high,2.1515850969640784,5.013117910661527
49,2,L,F49_T2,F49_T2_L,3,S3492L03.jpg,49/2L/S3492L03.jpg,/Users/sarahoualli/Desktop/BIO/iris_twins_project/data/raw/CASIA-Iris-Twins/49/2L/S3492L03.jpg,.jpg,22162,985695869663bf2ef41c50a68a0a795aa226083d66739e918153c7468e46ffeb,640,480,L,JPEG,True,,True,49,2,L,3,True,True,127.1195068359375,55.48990631103515,45.28626492610507,0.0021875,0.0003190104166666,2L,False,False,False,False,False,False,True,True,True,240.25257873535156,211.48602294921875,61.8421516418457,348.93494732891565,threshold_p5,25.523853820598006,69.96484275121452,0.8574135012201113,240.0,214.0,130.0,95.79223827136256,hough_iris,62.853389739990234,25.830001831054688,high,2.102126083078181,2.5266334576678484
49,2,L,F49_T2,F49_T2_L,4,S3492L04.jpg,49/2L/S3492L04.jpg,/Users/sarahoualli/Desktop/BIO/iris_twins_project/data/raw/CASIA-Iris-Twins/49/2L/S3492L04.jpg,.jpg,22170,3f890463123e2343173fee3afd4fa7c116d4ea37fa470d29ea70ee29f387a62b,640,480,L,JPEG,True,,True,49,2,L,4,True,True,126.71633911132812,55.78639602661133,44.57877177085875,0.0027473958333333,0.0003450520833333,2L,False,False,False,False,False,False,True,True,True,248.6703186035156,212.0087890625,62.03468322753906,349.3703619050518,threshold_p5,25.34161886551944,69.83124520582972,0.8526656160932299,248.6703186035156,220.0087890625,131.0,87.20845381813243,radial_lateral_search,56.376564025878906,25.275001525878903,high,2.1117219140057633,8.0
49,2,L,F49_T2,F49_T2_L,5,S3492L05.jpg,49/2L/S3492L05.jpg,/Users/sarahoualli/Desktop/BIO/iris_twins_project/data/raw/CASIA-Iris-Twins/49/2L/S3492L05.jpg,.jpg,24312,c076feae4bb858c6f1aae3bfe0339e39fb14a329dce7a54cd687f0c67e5e1a7f,640,480,L,JPEG,True,,True,49,2,L,5,True,True,141.04457092285156,48.597904205322266,52.227015038288975,0.0013541666666666,0.0003548177083333,2L,False,False,False,False,False,False,True,True,True,249.4044189453125,210.83810424804688,61.46637344360352,374.2558997445371,threshold_p5,26.620199335548172,84.89291401273886,0.8004631262074389,249.4044189453125,210.83810424804688,130.0,92.69924660091635,radial_lateral_search,61.366336822509766,24.19499969482422,high,2.114977551413169,0.0
49,2,L,F49_T2,F49_T2_L,6,S3492L06.jpg,49/2L/S3492L06.jpg,/Users/sarahoualli/Desktop/BIO/iris_twins_project/data/raw/CASIA-Iris-Twins/49/2L/S3492L06.jpg,.jpg,21533,05823576fd8a2417d06b3905112774cfee01dd8a63c001d4f8b1bb1897cb4c94,640,480,L,JPEG,True,,True,49,2,L,6,True,True,146.42471313476562,40.666709899902344,29.670127791298757,0.0002213541666666,0.00029296875,2L,False,False,False,False,False,False,True,True,True,254.1481475830078,210.6172790527344,61.727657318115234,399.8283054143338,threshold_p8,29.600930232558134,101.79634364612632,0.8199488287691218,254.1481475830078,210.6172790527344,131.0,90.95083230181984,radial_lateral_search,60.253929138183594,23.720001220703125,high,2.1222253636629653,0.0
49,2,L,F49_T2,F49_T2_L,7,S3492L07.jpg,49/2L/S3492L07.jpg,/Users/sarahoualli/Desktop/BIO/iris_twins_project/data/raw/CASIA-Iris-Twins/49/2L/S3492L07.jpg,.jpg,21562,4aec10964facb21109b4d95b1eda61d3594fe922877127427e0249ace2245521,640,480,L,JPEG,True,,True,49,2,L,7,True,True,134.1738739013672,47.00802230834961,33.93556797153685,0.0007845052083333,0.0002734375,2L,False,False,False,False,False,False,True,True,True,258.8114929199219,218.2870178222656,61.562034606933594,378.5199203976103,threshold_p6,28.36518272425249,88.5474389596603,0.8548198170925443,258.8114929199219,218.2870178222656,132.0,90.34437892060592,radial_lateral_search,61.42866134643555,22.38500213623047,high,2.1441786458619276,0.0
49,2,L,F49_T2,F49_T2_L,8,S3492L08.jpg,49/2L/S3492L08.jpg,/Users/sarahoualli/Desktop/BIO/iris_twins_project/data/raw/CASIA-Iris-Twins/49/2L/S3492L08.jpg,.jpg,21961,7b10062289c0fb5a425475039a8b656dff2f1f7e7b8638d7129e1537e97f7ae0,640,480,L,JPEG,True,,True,49,2,L,8,True,True,127.08831787109376,57.98613357543945,42.117739652411146,0.0030924479166666,0.0004264322916666,2L,False,False,False,False,False,False,True,True,True,253.73133850097656,216.030029296875,64.05352783203125,342.973369873583,threshold_p8,25.798115746971735,67.69539678734117,0.838279993220612,245.73133850097656,224.030029296875,131.0,80.9532516119414,radial_lateral_search,54.618019104003906,22.845001220703125,high,2.0451644809248246,11.31370849898476
49,2,L,F49_T2,F49_T2_L,9,S3492L09.jpg,49/2L/S3492L09.jpg,/Users/sarahoualli/Desktop/BIO/iris_twins_project/data/raw/CASIA-Iris-Twins/49/2L/S3492L09.jpg,.jpg,23580,2421fb9a50d2a0d602d77710ae36e9ad17ed795ee5546c24fd753c38c345cd0e,640,480,L,JPEG,True,,True,49,2,L,9,True,True,141.1604766845703,48.88938903808594,43.361349975416395,0.00115234375,0.00025390625,2L,False,False,False,False,False,False,True,True,True,257.2967224121094,218.81597900390625,60.53422164916992,373.603638577002,threshold_p6,26.76140302232081,84.37920139822533,0.8054777633598137,257.2967224121094,226.81597900390625,131.0,91.59416346815335,radial_lateral_search,60.111907958984375,25.589996337890625,high,2.1640651590305255,8.0
49,2,L,F49_T2,F49_T2_L,10,S3492L10.jpg,49/2L/S3492L10.jpg,/Users/sarahoualli/Desktop/BIO/iris_twins_project/data/raw/CASIA-Iris-Twins/49/2L/S3492L10.jpg,.jpg,23930,39cf7f16b8f28d7368da1e2e292aca55b28254df5159caa727a27e0fdd8806e3,640,480,L,JPEG,True,,True,49,2,L,10,True,True,143.5254364013672,40.51869201660156,42.34690727020901,0.0002311197916666,0.0002669270833333,2L,False,False,False,False,False,False,True,True,True,255.7969970703125,221.7593994140625,60.112911224365234,393.2062998751492,threshold_p6,29.774712324968807,98.5854206370814,0.8129721377566949,255.7969970703125,221.7593994140625,130.0,93.94478563744184,radial_lateral_search,63.48540115356445,23.43499755859375,high,2.162596975461535,0.0
49,2,R,F49_T2,F49_T2_R,3,S3492R03.jpg,49/2R/S3492R03.jpg,/Users/sarahoualli/Desktop/BIO/iris_twins_project/data/raw/CASIA-Iris-Twins/49/2R/S3492R03.jpg,.jpg,22951,02f9140c435fc91c6a74ef98fdf19134acfa6c06aa27d6735501dca51d1eb1e7,640,480,L,JPEG,True,,True,49,2,R,3,True,True,140.2468719482422,40.19598388671875,41.17946237325667,0.0003580729166666,0.0003385416666666,2R,False,False,False,False,False,False,True,True,True,279.0,191.0,53.0,402.4188331100236,hough_pupil,24.71873303167421,97.86433901918976,0.75,287.0,191.0,136.0,87.33110040628685,radial_lateral_search,56.66294860839844,23.86000061035156,high,2.5660377358490565,8.0
49,2,R,F49_T2,F49_T2_R,9,S3492R09.jpg,49/2R/S3492R09.jpg,/Users/sarahoualli/Desktop/BIO/iris_twins_project/data/raw/CASIA-Iris-Twins/49/2R/S3492R09.jpg,.jpg,23009,50259e08232698297d4832439f4712fb07fe7d34d3b2148cbe85245e4931d930,640,480,L,JPEG,True,,True,49,2,R,9,True,True,129.50909423828125,39.196136474609375,46.800163411288786,0.000966796875,0.000146484375,2R,False,False,False,False,False,False,True,True,True,263.5,181.0,61.65437698364258,384.11420403713976,threshold_p5,29.726511627906977,96.60336231142932,0.7374224432859091,263.5,181.0,131.0,76.99358489059827,radial_lateral_search,53.81159210205078,18.345001220703125,high,2.1247477698907797,0.0
49,2,R,F49_T2,F49_T2_R,10,S3492R10.jpg,49/2R/S3492R10.jpg,/Users/sarahoualli/Desktop/BIO/iris_twins_project/data/raw/CASIA-Iris-Twins/49/2R/S3492R10.jpg,.jpg,23419,b62836cb48659fa0cfcc0eba4dae422416f5820201641c3e481e1932641d4611,640,480,L,JPEG,True,,True,49,2,R,10,True,True,127.4001007080078,41.99625396728515,48.51582377009922,0.0014778645833333,0.0001692708333333,2R,False,False,False,False,False,False,True,True,True,254.0,188.0,59.0,364.6333968520781,hough_pupil,26.49963878052305,82.20938576349025,0.75,254.0,188.0,130.0,82.03894536939718,radial_lateral_search,58.03138732910156,18.709999084472656,high,2.2033898305084745,0.0
50,1,L,F50_T1,F50_T1_L,1,S3501L01.jpg,50/1L/S3501L01.jpg,/Users/sarahoualli/Desktop/BIO/iris_twins_project/data/raw/CASIA-Iris-Twins/50/1L/S3501L01.jpg,.jpg,22800,5b7a0dd923b88e5b58db34558dc3e3f89d95881930da99055f721b872ac70a86,640,480,L,JPEG,True,,True,50,1,L,1,True,True,155.45921325683594,38.66714859008789,41.25010558658175,0.0010774739583333,0.0005305989583333,1L,False,False,False,False,False,False,True,True,True,362.0,206.0,48.0,454.6473396184023,hough_pupil,27.333702636826946,127.52995293110826,0.75,354.0,206.0,127.0,87.32511876424154,radial_lateral_search,62.47678756713867,19.474998474121097,high,2.6458333333333335,8.0
50,1,L,F50_T1,F50_T1_L,2,S3501L02.jpg,50/1L/S3501L02.jpg,/Users/sarahoualli/Desktop/BIO/iris_twins_project/data/raw/CASIA-Iris-Twins/50/1L/S3501L02.jpg,.jpg,27515,12a6bae5e1be2cce8dfac5fa0e09c05c78835bc3eb1538ca5de668d02d22cc24,640,480,L,JPEG,True,,True,50,1,L,2,True,True,156.57579040527344,40.49422454833984,80.65509104613197,0.0008984375,0.0007161458333333,1L,False,False,False,False,False,False,True,True,True,373.0,201.0,49.0,458.2616436064977,hough_pupil,27.508687460749425,129.944634244373,0.75,368.0,201.0,131.0,99.358304736079,hough_iris,72.66943359375,20.17499542236328,high,2.673469387755102,5.0
50,1,L,F50_T1,F50_T1_L,3,S3501L03.jpg,50/1L/S3501L03.jpg,/Users/sarahoualli/Desktop/BIO/iris_twins_project/data/raw/CASIA-Iris-Twins/50/1L/S3501L03.jpg,.jpg,26456,e03e03d23397cafbb44027b4edf8d6b73d10cbab538c9036c9cf2bd9a6881002,640,480,L,JPEG,True,,True,50,1,L,3,True,True,140.5637664794922,42.4090461730957,78.71573408634399,0.0023046875,0.0004166666666666,1L,False,False,False,False,False,False,True,True,True,375.9724426269531,200.53512573242188,52.06631851196289,441.2166435366438,threshold_p10,24.445610859728507,115.86038143216985,0.7571723472298921,375.9724426269531,192.53512573242188,134.0,82.27388360103772,radial_lateral_search,59.898319244384766,17.915000915527344,high,2.57364076872867,8.0
50,1,R,F50_T1,F50_T1_R,1,S3501R01.jpg,50/1R/S3501R01.jpg,/Users/sarahoualli/Desktop/BIO/iris_twins_project/data/raw/CASIA-Iris-Twins/50/1R/S3501R01.jpg,.jpg,23630,86367b6b057cdb4c9f328a640e192af6bd709bc51be68d82b1c9364feb217020,640,480,L,JPEG,True,,True,50,1,R,1,True,True,147.25018310546875,46.21091079711914,45.3092038491143,0.0002571614583333,0.0005826822916666,1R,False,False,False,False,False,False,True,True,True,308.1470642089844,224.23529052734375,43.288673400878906,413.82406655506304,threshold_p4,23.354009862444848,98.267505186722,0.8159913824017417,316.1470642089844,224.23529052734375,128.0,78.28532779213083,radial_lateral_search,53.65190505981445,19.61499786376953,high,2.956893569240243,8.0
50,1,R,F50_T1,F50_T1_R,2,S3501R02.jpg,50/1R/S3501R02.jpg,/Users/sarahoualli/Desktop/BIO/iris_twins_project/data/raw/CASIA-Iris-Twins/50/1R/S3501R02.jpg,.jpg,23483,7a2e70c40a36eba04dff9ee8f116e737fa8d223d8ad7597862c7f0bd0de4a3f4,640,480,L,JPEG,True,,True,50,1,R,2,True,True,148.329833984375,39.47693634033203,46.95075602005851,0.0001888020833333,0.0003548177083333,1R,False,False,False,False,False,False,True,True,True,307.0,224.0,43.0,422.9940541237421,hough_pupil,24.110344827586207,105.833117219917,0.75,315.0,224.0,131.0,77.64581231405569,radial_lateral_search,55.939849853515625,17.780006408691406,high,3.046511627906977,8.0
50,1,R,F50_T1,F50_T1_R,3,S3501R03.jpg,50/1R/S3501R03.jpg,/Users/sarahoualli/Desktop/BIO/iris_twins_project/data/raw/CASIA-Iris-Twins/50/1R/S3501R03.jpg,.jpg,23106,532397e642b3271b14f905c31db89643cf70b2fdd514b4504206a43e07552d09,640,480,L,JPEG,True,,True,50,1,R,3,True,True,132.6176300048828,43.81015396118164,48.10795979943807,0.0026236979166666,0.0004134114583333,1R,False,False,False,False,False,False,True,True,True,323.4844665527344,214.8039703369141,45.934043884277344,380.71120699512113,threshold_p3,21.947589098532493,81.43674418604651,0.7021505162855689,331.4844665527344,214.8039703369141,131.0,76.0543202227454,radial_lateral_search,50.62297821044922,19.88500213623047,high,2.8519152446066194,8.0
50,1,R,F50_T1,F50_T1_R,4,S3501R04.jpg,50/1R/S3501R04.jpg,/Users/sarahoualli/Desktop/BIO/iris_twins_project/data/raw/CASIA-Iris-Twins/50/1R/S3501R04.jpg,.jpg,22615,750d2707d82c4bd2e685df7c0cb14d2033129f58e77f7b9d0ea229be024d2608,640,480,L,JPEG,True,,True,50,1,R,4,True,True,132.4761505126953,43.92578887939453,46.26533123727376,0.0028255208333333,0.0004134114583333,1R,False,False,False,False,False,False,True,True,True,329.0,213.0,46.0,383.8570276670648,hough_pupil,21.532727696249708,82.60651162790698,0.75,337.0,213.0,129.0,72.92593450131623,radial_lateral_search,48.78133392333984,18.829994201660156,high,2.8043478260869565,8.0
50,2,L,F50_T2,F50_T2_L,2,S3502L02.jpg,50/2L/S3502L02.jpg,/Users/sarahoualli/Desktop/BIO/iris_twins_project/data/raw/CASIA-Iris-Twins/50/2L/S3502L02.jpg,.jpg,24627,2927ad1dbcd6bcbe9d2f024c9b3c4fd435961277ed077a963253d8d0ded74f69,640,480,L,JPEG,True,,True,50,2,L,2,True,True,138.72215270996094,55.078556060791016,46.73100270584954,0.002021484375,0.000390625,2L,False,False,False,False,False,False,True,True,True,263.0,259.0,61.0,348.23071848759366,hough_pupil,28.696212624584717,76.26775109734056,0.75,255.0,259.0,135.0,75.16095968778016,radial_lateral_search,52.631500244140625,19.05500030517578,high,2.2131147540983607,8.0
50,2,L,F50_T2,F50_T2_L,3,S3502L03.jpg,50/2L/S3502L03.jpg,/Users/sarahoualli/Desktop/BIO/iris_twins_project/data/raw/CASIA-Iris-Twins/50/2L/S3502L03.jpg,.jpg,22593,16ce2eb562f1e9959e8860338678c5955812e454db779213611dda3cb68546c8,640,480,L,JPEG,True,,True,50,2,L,3,True,True,125.89899444580078,62.74456024169922,32.76633523860507,0.0056022135416666,0.0002897135416666,2L,False,False,False,False,False,False,True,True,True,254.0,259.0,61.0,327.5060655145771,hough_pupil,23.344717607973426,58.05396333591531,0.75,246.0,251.0,135.0,65.25506903153983,radial_lateral_search,46.8160285949707,16.725006103515625,high,2.2131147540983607,11.31370849898476
50,2,L,F50_T2,F50_T2_L,5,S3502L05.jpg,50/2L/S3502L05.jpg,/Users/sarahoualli/Desktop/BIO/iris_twins_project/data/raw/CASIA-Iris-Twins/50/2L/S3502L05.jpg,.jpg,23540,cedae3185005669ebc45ba91e685ecca0dc593e41e974503149a3ee81793bfb7,640,480,L,JPEG,True,,True,50,2,L,5,True,True,140.510009765625,45.40738296508789,36.74999666273329,0.0004069010416666,0.0002994791666666,2L,False,False,False,False,False,False,True,True,True,247.0,265.0,57.0,363.7201319701992,hough_pupil,31.082716981132076,88.06096437346437,0.75,239.0,257.0,136.0,72.61958291500163,radial_lateral_search,49.919158935546875,19.274993896484375,high,2.3859649122807016,11.31370849898476
50,2,L,F50_T2,F50_T2_L,6,S3502L06.jpg,50/2L/S3502L06.jpg,/Users/sarahoualli/Desktop/BIO/iris_twins_project/data/raw/CASIA-Iris-Twins/50/2L/S3502L06.jpg,.jpg,23855,6f8bf96f3ab793ed4fa05f0d3bc58de46a1d5d19186edb6b96a6b054e184d403,640,480,L,JPEG,True,,True,50,2,L,6,True,True,135.31494140625,54.47501754760742,39.76359494205051,0.001689453125,0.0003190104166666,2L,False,False,False,False,False,False,True,True,True,251.0,262.0,57.0,342.67385029572887,hough_pupil,26.878037735849055,71.07455466830467,0.75,243.0,254.0,138.0,69.73749574287821,radial_lateral_search,51.76871490478515,15.794998168945312,high,2.4210526315789473,11.31370849898476
50,2,L,F50_T2,F50_T2_L,7,S3502L07.jpg,50/2L/S3502L07.jpg,/Users/sarahoualli/Desktop/BIO/iris_twins_project/data/raw/CASIA-Iris-Twins/50/2L/S3502L07.jpg,.jpg,24044,1227e3d3c3cbba2edb7efd8430539bbdb1c517e1f8fbfdc565dca466445a7304,640,480,L,JPEG,True,,True,50,2,L,7,True,True,135.7550811767578,54.50954055786133,41.289808590941966,0.0013248697916666,0.000322265625,2L,False,False,False,False,False,False,True,True,True,248.0,259.0,56.0,347.82641448321704,hough_pupil,25.6269454488288,71.75466708151836,0.75,240.0,251.0,138.0,72.09772513181073,radial_lateral_search,52.087013244628906,17.12999725341797,high,2.4642857142857144,11.31370849898476
50,2,R,F50_T2,F50_T2_R,1,S3502R01.jpg,50/2R/S3502R01.jpg,/Users/sarahoualli/Desktop/BIO/iris_twins_project/data/raw/CASIA-Iris-Twins/50/2R/S3502R01.jpg,.jpg,19964,b9a3c21ea9227442a39f9f4b3f001455e68a2c9dda0cce69e982c54c98b47a1a,640,480,L,JPEG,True,,True,50,2,R,1,True,True,114.10858154296876,38.78923034667969,37.31002475305134,0.00119140625,0.0001302083333333,2R,False,False,False,False,False,False,True,True,True,265.0,205.0,41.0,310.25503768396385,hough_pupil,29.835728952772072,59.36678935447338,0.75,273.0,205.0,111.0,70.38927882124737,radial_lateral_search,46.394012451171875,18.689998626708984,high,2.707317073170732,8.0
50,2,R,F50_T2,F50_T2_R,3,S3502R03.jpg,50/2R/S3502R03.jpg,/Users/sarahoualli/Desktop/BIO/iris_twins_project/data/raw/CASIA-Iris-Twins/50/2R/S3502R03.jpg,.jpg,23734,795d2f73b640ac24d1946a5f4a165f5585c8c9c104ff3c07b123b3cab6df3bf0,640,480,L,JPEG,True,,True,50,2,R,3,True,True,117.87979125976562,37.285255432128906,70.53644652298819,0.0024869791666666,0.0001529947916666,2R,False,False,False,False,False,False,True,True,True,307.6197814941406,199.4791259765625,55.32201385498047,349.15604427576426,threshold_p5,28.469475069935825,73.47685624012638,0.862353885066754,307.6197814941406,191.4791259765625,121.0,73.3110541382503,radial_lateral_search,57.3742790222168,14.419998168945312,high,2.1871944198775175,8.0
50,2,R,F50_T2,F50_T2_R,4,S3502R04.jpg,50/2R/S3502R04.jpg,/Users/sarahoualli/Desktop/BIO/iris_twins_project/data/raw/CASIA-Iris-Twins/50/2R/S3502R04.jpg,.jpg,23444,6b2d1b471fd9db1434abf9d135791352e3a4e2d9f8216cd5ba8037edd3f1f5f2,640,480,L,JPEG,True,,True,50,2,R,4,True,True,115.3702621459961,35.79729461669922,75.31143602430554,0.00271484375,0.0001790364583333,2R,False,False,False,False,False,False,True,True,True,315.5,181.0,51.70357894897461,359.17738716693486,threshold_p4,26.05892415890515,75.80193855157279,0.82184994471302,315.5,173.0,124.0,76.92368300787216,radial_lateral_search,60.32453536987305,14.290000915527344,high,2.398286589065208,8.0
50,2,R,F50_T2,F50_T2_R,5,S3502R05.jpg,50/2R/S3502R05.jpg,/Users/sarahoualli/Desktop/BIO/iris_twins_project/data/raw/CASIA-Iris-Twins/50/2R/S3502R05.jpg,.jpg,24539,15e27205356d604e231207d621e84c47c7c4ee7a1cd0caee15515c2fb683737d,640,480,L,JPEG,True,,True,50,2,R,5,True,True,124.15380096435548,38.08230972290039,70.52025338740876,0.0012337239583333,0.0001692708333333,2R,False,False,False,False,False,False,True,True,True,293.0,175.0,47.0,368.4548806533708,hough_pupil,28.52913804564591,86.74119947848762,0.75,301.0,183.0,123.0,78.64781838202742,radial_lateral_search,57.05315399169922,17.82500457763672,high,2.617021276595745,11.31370849898476
50,2,R,F50_T2,F50_T2_R,6,S3502R06.jpg,50/2R/S3502R06.jpg,/Users/sarahoualli/Desktop/BIO/iris_twins_project/data/raw/CASIA-Iris-Twins/50/2R/S3502R06.jpg,.jpg,25396,38f06e517c9b86aa229b7218cec7947b4bc23715f87994b319ed0d34145d17f4,640,480,L,JPEG,True,,True,50,2,R,6,True,True,130.1751251220703,40.19749069213867,82.83313102339638,0.0008723958333333,0.0001822916666666,2R,False,False,False,False,False,False,True,True,True,299.0,165.0,49.0,355.3603647781489,hough_pupil,30.401088549298724,83.14509646302251,0.75,299.0,165.0,123.0,81.46844312706773,radial_lateral_search,58.78862380981445,16.88500213623047,high,2.510204081632653,0.0
50,2,R,F50_T2,F50_T2_R,7,S3502R07.jpg,50/2R/S3502R07.jpg,/Users/sarahoualli/Desktop/BIO/iris_twins_project/data/raw/CASIA-Iris-Twins/50/2R/S3502R07.jpg,.jpg,24593,e058d336a83fea957f94fc5eb5b3391c82474745bec5dc6c4d3b96812e556a7b,640,480,L,JPEG,True,,True,50,2,R,7,True,True,120.80065155029295,37.82918930053711,75.8574074013604,0.0014518229166666,0.00015625,2R,False,False,False,False,False,False,True,True,True,285.5,186.5,45.23835754394531,352.01302428301614,threshold_p2,23.355785837651123,77.08517156862744,0.4239619186651738,285.5,178.5,121.0,83.75115584046044,radial_lateral_search,59.74626922607422,18.790000915527344,high,2.6747213331619863,8.0
54,1,L,F54_T1,F54_T1_L,1,S3541L01.jpg,54/1L/S3541L01.jpg,/Users/sarahoualli/Desktop/BIO/iris_twins_project/data/raw/CASIA-Iris-Twins/54/1L/S3541L01.jpg,.jpg,26270,696f025724e5de4afa0f519f530d4e9d65aea5f2a3195a9d5faf1bd64ba4c224,640,480,L,JPEG,True,,True,54,1,L,1,True,True,133.9561004638672,43.04827499389648,78.0557303080135,0.0008626302083333,0.0024837239583333,1L,False,False,False,False,False,False,True,True,True,331.9808654785156,218.20864868164065,52.69068145751953,434.8694413484246,threshold_p6,26.824615384615385,114.62370956641432,0.7612687348549942,323.9808654785156,218.20864868164065,130.0,96.18302142034383,radial_lateral_search,71.44710540771484,19.904998779296875,high,2.467229430403345,8.0
54,1,L,F54_T1,F54_T1_L,2,S3541L02.jpg,54/1L/S3541L02.jpg,/Users/sarahoualli/Desktop/BIO/iris_twins_project/data/raw/CASIA-Iris-Twins/54/1L/S3541L02.jpg,.jpg,29654,1e2a8c11c6cf0bf67d1d1bc1e4510f1a3a4e4d057ec5f29dde83bee93f01319e,640,480,L,JPEG,True,,True,54,1,L,2,True,True,136.76504516601562,39.34650802612305,138.0139049524837,0.0007356770833333,0.0005729166666666,1L,False,False,False,False,False,False,True,True,True,327.5,228.0,54.261043548583984,450.9477708589635,threshold_p8,29.02660217654172,124.1718854655057,0.879121733872109,319.5,228.0,129.0,101.46845482693404,radial_lateral_search,80.36087036132812,17.56999969482422,high,2.377396223213006,8.0
54,1,L,F54_T1,F54_T1_L,3,S3541L03.jpg,54/1L/S3541L03.jpg,/Users/sarahoualli/Desktop/BIO/iris_twins_project/data/raw/CASIA-Iris-Twins/54/1L/S3541L03.jpg,.jpg,28284,47fe0d851767c8ffde46531915515b04aa6adb4d118f14b6e57be867a426b5c2,640,480,L,JPEG,True,,True,54,1,L,3,True,True,128.045654296875,42.24847030639648,115.37003576388892,0.00142578125,0.000791015625,1L,False,False,False,False,False,False,True,True,True,340.4165954589844,213.13864135742188,54.15008163452149,428.4163585601387,threshold_p10,27.834340991535672,111.85582719357,0.8724057450759948,340.4165954589844,213.13864135742188,132.0,83.25067171750158,radial_lateral_search,63.53499603271485,14.974998474121094,high,2.4376694552543023,0.0
54,1,R,F54_T1,F54_T1_R,1,S3541R01.jpg,54/1R/S3541R01.jpg,/Users/sarahoualli/Desktop/BIO/iris_twins_project/data/raw/CASIA-Iris-Twins/54/1R/S3541R01.jpg,.jpg,29292,e21c14c9d3fdcbc5d7a1aa0b6175ffddaf71d19096bd7ec26f0133473f3e361b,640,480,L,JPEG,True,,True,54,1,R,1,True,True,137.65127563476562,45.628604888916016,126.28630244690578,0.0007063802083333,0.00197265625,1R,False,False,False,False,False,False,True,True,True,327.8395080566406,254.8024749755859,47.69062423706055,454.036233871852,threshold_p6,26.785951695103037,124.39099272571671,0.7531583628420732,327.8395080566406,262.80247497558594,126.0,77.40135242877832,radial_lateral_search,54.86423873901367,17.834999084472656,high,2.6420287428757323,8.0
54,1,R,F54_T1,F54_T1_R,2,S3541R02.jpg,54/1R/S3541R02.jpg,/Users/sarahoualli/Desktop/BIO/iris_twins_project/data/raw/CASIA-Iris-Twins/54/1R/S3541R02.jpg,.jpg,24690,20fffdbde6e1c0bb2980a1605735564d8609aa01b919c8d6d7fca15105881e26,640,480,L,JPEG,True,,True,54,1,R,2,True,True,141.8355712890625,36.29144287109375,57.651684884982615,0.000126953125,0.000478515625,1R,False,False,False,False,False,False,True,True,True,331.1739807128906,240.0425262451172,46.325382232666016,487.5860138967195,threshold_p8,26.832750989983698,140.1804726938963,0.802658947184874,339.1739807128906,248.0425262451172,130.0,75.10942180207388,radial_lateral_search,51.828800201416016,18.80999755859375,high,2.806236964156799,11.31370849898476
54,1,R,F54_T1,F54_T1_R,3,S3541R03.jpg,54/1R/S3541R03.jpg,/Users/sarahoualli/Desktop/BIO/iris_twins_project/data/raw/CASIA-Iris-Twins/54/1R/S3541R03.jpg,.jpg,28773,b626b423c0c24f6ceafc8c0c4180ab9305c4f48052ff3616abaf34cb55e99e89,640,480,L,JPEG,True,,True,54,1,R,3,True,True,139.66517639160156,36.49577331542969,109.28473917209836,0.0005305989583333,0.0005045572916666,1R,False,False,False,False,False,False,True,True,True,338.5584716796875,237.62274169921875,46.58955383300781,484.2040504628203,threshold_p10,26.45632424877708,138.17255621844882,0.7978212961048367,346.5584716796875,245.62274169921875,130.0,79.67760429599241,radial_lateral_search,54.87032699584961,19.855003356933594,high,2.7903250687045102,11.31370849898476
54,1,R,F54_T1,F54_T1_R,4,S3541R04.jpg,54/1R/S3541R04.jpg,/Users/sarahoualli/Desktop/BIO/iris_twins_project/data/raw/CASIA-Iris-Twins/54/1R/S3541R04.jpg,.jpg,27516,af46ec409fddc4b38e57600bed6209867c8508428344f14f968a1d6f7d80a702,640,480,L,JPEG,True,,True,54,1,R,4,True,True,120.5224380493164,54.29130172729492,93.23290335539711,0.0018684895833333,0.0034212239583333,1R,False,False,False,False,False,False,True,True,True,324.08026123046875,242.01840209960935,49.24446487426758,430.27361581942745,threshold_p6,21.96755285744191,103.7317199833818,0.8392219830934375,332.08026123046875,234.01840209960935,137.0,86.64893012178558,radial_lateral_search,68.7245101928711,14.915000915527344,high,2.782038557019402,11.31370849898476
54,2,L,F54_T2,F54_T2_L,1,S3542L01.jpg,54/2L/S3542L01.jpg,/Users/sarahoualli/Desktop/BIO/iris_twins_project/data/raw/CASIA-Iris-Twins/54/2L/S3542L01.jpg,.jpg,26619,d087c8e64262a57b3d7cdd83f6aee6e6d01605cbdcaaa47ba69d2494934856f1,640,480,L,JPEG,True,,True,54,2,L,1,True,True,135.35211181640625,38.00284194946289,108.12225028885734,0.0011979166666666,0.000322265625,2L,False,False,False,False,False,False,True,True,True,346.2035827636719,226.5658721923828,52.64030075073242,441.0684160245032,threshold_p10,27.687420814479637,117.56202684101858,0.8842210908260631,346.2035827636719,226.5658721923828,122.0,85.76789035714779,radial_lateral_search,62.4514274597168,17.889999389648438,high,2.3176159379807975,0.0
54,2,L,F54_T2,F54_T2_L,3,S3542L03.jpg,54/2L/S3542L03.jpg,/Users/sarahoualli/Desktop/BIO/iris_twins_project/data/raw/CASIA-Iris-Twins/54/2L/S3542L03.jpg,.jpg,23427,6212c87b24e09001d8ea3b3cc2cef5bcac9fc172871557683181c6d963e8d17f,640,480,L,JPEG,True,,True,54,2,L,3,True,True,123.96353912353516,40.57958984375,73.3121766312917,0.00291015625,0.0002669270833333,2L,False,False,False,False,False,False,True,True,True,365.4096374511719,220.2289123535156,52.55864715576172,411.2232006466024,threshold_p4,25.98099547511312,100.4702231018352,0.8946408396016444,365.4096374511719,220.2289123535156,119.0,81.14382310449149,radial_lateral_search,58.0202751159668,17.904998779296875,high,2.2641374243772687,0.0
54,2,R,F54_T2,F54_T2_R,1,S3542R01.jpg,54/2R/S3542R01.jpg,/Users/sarahoualli/Desktop/BIO/iris_twins_project/data/raw/CASIA-Iris-Twins/54/2R/S3542R01.jpg,.jpg,18035,b3e50ff99dcdbe52e8fcf73f13495916f7e32d522db9fd163259431ed250325c,640,480,L,JPEG,True,,True,54,2,R,1,True,True,125.5111083984375,30.83662986755371,21.73563294944763,0.0004947916666666,0.0001497395833333,2R,False,False,False,False,False,False,True,True,True,296.528564453125,186.25714111328125,43.40092086791992,403.4558958860176,threshold_p6,30.4430314041007,103.72368421052632,0.8931565442790818,304.528564453125,186.25714111328125,108.0,66.8123140972689,radial_lateral_search,49.922611236572266,14.239997863769531,high,2.488426462854822,8.0
54,2,R,F54_T2,F54_T2_R,3,S3542R03.jpg,54/2R/S3542R03.jpg,/Users/sarahoualli/Desktop/BIO/iris_twins_project/data/raw/CASIA-Iris-Twins/54/2R/S3542R03.jpg,.jpg,24990,902d54ec3d064ca8585ab95be1dbfec3586d80e9768680ec9c00c963ba5a3bbf,640,480,L,JPEG,True,,True,54,2,R,3,True,True,136.7093505859375,35.63249969482422,99.22110344780812,0.00037109375,0.0001595052083333,2R,False,False,False,False,False,False,True,True,True,299.51214599609375,188.39073181152344,50.51307678222656,449.2064385558019,threshold_p6,29.282587064676616,124.95660194174758,0.8863612981662223,307.51214599609375,188.39073181152344,119.0,83.50655897682226,radial_lateral_search,64.24925994873047,16.30999755859375,high,2.355825611515138,8.0
54,2,R,F54_T2,F54_T2_R,4,S3542R04.jpg,54/2R/S3542R04.jpg,/Users/sarahoualli/Desktop/BIO/iris_twins_project/data/raw/CASIA-Iris-Twins/54/2R/S3542R04.jpg,.jpg,27911,960d504a6ab21007b228fd3885130c97c19a26f60d8fda716c0895646a73da9a,640,480,L,JPEG,True,,True,54,2,R,4,True,True,139.67335510253906,35.99993896484375,145.1667567736202,0.0006705729166666,0.000263671875,2R,False,False,False,False,False,False,True,True,True,300.54229736328125,175.37310791015625,52.40692138671875,457.75103885826144,threshold_p6,29.673484162895928,129.94143576826195,0.89540652395742,304.0,176.0,120.0,89.55170794090392,hough_iris,66.5321273803711,18.38500213623047,high,2.2897738852946827,3.514071885474237
54,2,R,F54_T2,F54_T2_R,5,S3542R05.jpg,54/2R/S3542R05.jpg,/Users/sarahoualli/Desktop/BIO/iris_twins_project/data/raw/CASIA-Iris-Twins/54/2R/S3542R05.jpg,.jpg,26244,8e511c44d8137c79e6baee6cec5679b715e2c8491104f862961bec730f307d1b,640,480,L,JPEG,True,,True,54,2,R,5,True,True,126.17189025878906,33.01970291137695,115.03416828917402,0.0008821614583333,0.0001399739583333,2R,False,False,False,False,False,False,True,True,True,273.1647033691406,179.5059356689453,53.33185958862305,434.97842767620693,threshold_p8,28.12143720849888,116.65699253224712,0.8933113625232624,278.0,181.0,118.0,92.12596539606396,hough_iris,68.33893585205078,19.43000030517578,high,2.2125611390676543,5.060861758014134
55,1,L,F55_T1,F55_T1_L,2,S3551L02.jpg,55/1L/S3551L02.jpg,/Users/sarahoualli/Desktop/BIO/iris_twins_project/data/raw/CASIA-Iris-Twins/55/1L/S3551L02.jpg,.jpg,15853,53aa55bc8f61f625224150922b2574bae2438148dbc328796a98777ff18c61a7,640,480,L,JPEG,True,,True,55,1,L,2,True,True,125.06368255615234,30.685903549194336,18.767912309392297,0.0008072916666666,0.0001497395833333,1L,False,False,False,False,False,False,True,True,True,288.8145446777344,173.756103515625,46.35055160522461,367.2552832406398,threshold_p2,31.78336827393431,89.85429095915558,0.8140247093407122,285.0,173.0,104.0,64.50111390223675,hough_iris,46.08522415161133,15.294998168945312,high,2.243770492437401,3.8887586225905215
55,1,R,F55_T1,F55_T1_R,2,S3551R02.jpg,55/1R/S3551R02.jpg,/Users/sarahoualli/Desktop/BIO/iris_twins_project/data/raw/CASIA-Iris-Twins/55/1R/S3551R02.jpg,.jpg,19342,bf560f315f6ebb4adc8fdd56f683d8a95096503b57654b34653ca59dfae7a3e1,640,480,L,JPEG,True,,True,55,1,R,2,True,True,114.60226440429688,46.42079544067383,30.230914190069836,0.0032649739583333,8.7890625e-05,1R,False,False,False,False,False,False,True,True,True,386.0,181.0,60.0,375.2034208439053,hough_pupil,24.544156384306113,84.74346583174517,0.75,386.0,181.0,126.0,71.05376815795898,radial_lateral_search,47.144771575927734,18.93499755859375,high,2.1,0.0
55,1,R,F55_T1,F55_T1_R,3,S3551R03.jpg,55/1R/S3551R03.jpg,/Users/sarahoualli/Desktop/BIO/iris_twins_project/data/raw/CASIA-Iris-Twins/55/1R/S3551R03.jpg,.jpg,21339,240498c908663bcafa04cb43a064f3d6befb574f2b9f6622a9329eaff971ba6d,640,480,L,JPEG,True,,True,55,1,R,3,True,True,130.52313232421875,35.01807403564453,45.09800417199664,0.0014876302083333,0.0001920572916666,1R,False,False,False,False,False,False,True,True,True,343.33538818359375,190.6672515869141,61.39069747924805,414.73075173553946,threshold_p6,27.81700996677741,108.3772269558482,0.706453183944186,343.33538818359375,182.6672515869141,130.0,69.43019052610657,radial_lateral_search,51.6368522644043,15.94499969482422,high,2.117584672237093,8.0
55,1,R,F55_T1,F55_T1_R,5,S3551R05.jpg,55/1R/S3551R05.jpg,/Users/sarahoualli/Desktop/BIO/iris_twins_project/data/raw/CASIA-Iris-Twins/55/1R/S3551R05.jpg,.jpg,20869,167b9254fd87882ffe299c3c6f164985cc67d1f37539cc30d50ed120f20699a7,640,480,L,JPEG,True,,True,55,1,R,5,True,True,131.2534637451172,35.18284225463867,39.63594521484374,0.0017447916666666,0.000205078125,1R,False,False,False,False,False,False,True,True,True,295.31536865234375,195.63235473632812,59.55744552612305,409.7656340276542,threshold_p5,27.71634548731457,107.17368197278913,0.5902652130341468,295.0,198.0,127.0,85.72975313811015,hough_iris,57.73831558227539,22.18499755859375,high,2.1323950159060354,2.388556359282522
55,1,R,F55_T1,F55_T1_R,6,S3551R06.jpg,55/1R/S3551R06.jpg,/Users/sarahoualli/Desktop/BIO/iris_twins_project/data/raw/CASIA-Iris-Twins/55/1R/S3551R06.jpg,.jpg,20152,cb206d5cfcecb5ae8c8afdf1c24f66ebea4fcc5f967338351a1428e16ad153fc,640,480,L,JPEG,True,,True,55,1,R,6,True,True,122.44711303710938,47.967735290527344,34.49638974978129,0.0034830729166666,7.8125e-05,1R,False,False,False,False,False,False,True,True,True,291.0,195.0,55.0,388.06938855565534,hough_pupil,23.000987329274313,87.77445652173913,0.75,295.0,190.0,126.0,71.46390816072346,hough_iris,48.12605285644531,19.125,high,2.290909090909091,6.4031242374328485
55,1,R,F55_T1,F55_T1_R,7,S3551R07.jpg,55/1R/S3551R07.jpg,/Users/sarahoualli/Desktop/BIO/iris_twins_project/data/raw/CASIA-Iris-Twins/55/1R/S3551R07.jpg,.jpg,21657,86ab1b896828cfb8c44654d978dcc7d7c687caf46e0a3e103c19a655aa9b816c,640,480,L,JPEG,True,,True,55,1,R,7,True,True,136.40231323242188,35.118282318115234,47.388857304795586,0.0009114583333333,0.0001399739583333,1R,False,False,False,False,False,False,True,True,True,315.1943664550781,185.14791870117188,56.84270858764648,423.84373906815534,threshold_p4,28.512812450872502,113.82885442260442,0.6744772097135819,317.0,186.0,123.0,89.63851098083529,hough_iris,60.70219802856445,22.699996948242188,high,2.16386592152527,1.996585845477164
55,1,R,F55_T1,F55_T1_R,10,S3551R10.jpg,55/1R/S3551R10.jpg,/Users/sarahoualli/Desktop/BIO/iris_twins_project/data/raw/CASIA-Iris-Twins/55/1R/S3551R10.jpg,.jpg,19649,e92e8669d197179c3ab2a650fc96a18ea012f5b797472c21ef9b16193cd506e2,640,480,L,JPEG,True,,True,55,1,R,10,True,True,125.63536834716795,38.53189468383789,35.59525747642517,0.0016861979166666,9.114583333333334e-05,1R,False,False,False,False,False,False,True,True,True,295.72894287109375,176.7737274169922,58.85014724731445,405.2744281965532,threshold_p6,26.96387805230458,100.63619402985074,0.8588022067580129,295.72894287109375,176.7737274169922,123.0,72.05088164788134,radial_lateral_search,49.87565612792969,17.725006103515625,high,2.0900542437574434,0.0
55,2,L,F55_T2,F55_T2_L,1,S3552L01.jpg,55/2L/S3552L01.jpg,/Users/sarahoualli/Desktop/BIO/iris_twins_project/data/raw/CASIA-Iris-Twins/55/2L/S3552L01.jpg,.jpg,15656,f7ed0806e50d7c58ff4dcfd6248453b321aee81d58311f7cd33c75e0728cd636,640,480,L,JPEG,True,,True,55,2,L,1,True,True,142.8643798828125,37.69504928588867,18.050864610025616,0.0003548177083333,7.486979166666666e-05,2L,False,False,False,False,False,False,True,True,True,161.0,248.11627197265625,43.30153274536133,326.1774110224345,threshold_p3,26.667791331430056,61.39224585062241,0.8744907850684923,161.0,248.11627197265625,104.0,68.16191167740844,radial_lateral_search,42.191864013671875,19.544998168945312,high,2.4017625568032805,0.0
55,2,L,F55_T2,F55_T2_L,2,S3552L02.jpg,55/2L/S3552L02.jpg,/Users/sarahoualli/Desktop/BIO/iris_twins_project/data/raw/CASIA-Iris-Twins/55/2L/S3552L02.jpg,.jpg,15081,5011cf08b74bbcdc3fb872f1168d1a47b49a8a424650854c80ccd61a367ee79c,640,480,L,JPEG,True,,True,55,2,L,2,True,True,142.83949279785156,37.77389907836914,15.2014653154903,0.0003059895833333,7.161458333333333e-05,2L,True,False,False,False,False,True,True,True,True,168.0005340576172,258.2471008300781,45.15333938598633,324.6302168059138,threshold_p6,26.909696521095483,61.62991008045433,0.8447517399856898,168.0005340576172,258.2471008300781,103.0,72.95243063508234,radial_lateral_search,43.76897048950195,22.18499755859375,high,2.281115890887282,0.0
55,2,L,F55_T2,F55_T2_L,3,S3552L03.jpg,55/2L/S3552L03.jpg,/Users/sarahoualli/Desktop/BIO/iris_twins_project/data/raw/CASIA-Iris-Twins/55/2L/S3552L03.jpg,.jpg,15061,1c1a73e15d7c8f38767f280712b520bc4791fb384c28f0ba86e4ea5faa629418,640,480,L,JPEG,True,,True,55,2,L,3,True,True,142.54360961914062,35.86704635620117,13.809198675780827,0.0003841145833333,3.90625e-05,2L,True,False,False,False,False,True,True,True,True,196.99343872070312,249.97593688964844,40.28668212890625,335.00366996385895,threshold_p2,25.64100966033032,63.58828029375765,0.8627478191829864,196.99343872070312,249.97593688964844,102.0,73.59279331327272,radial_lateral_search,44.98138046264648,21.05999755859375,high,2.531854067148746,0.0
55,2,L,F55_T2,F55_T2_L,4,S3552L04.jpg,55/2L/S3552L04.jpg,/Users/sarahoualli/Desktop/BIO/iris_twins_project/data/raw/CASIA-Iris-Twins/55/2L/S3552L04.jpg,.jpg,14813,5dfa3cf5a86c4e13540ae6de2749a6831fbe71f3f5c074744c90f68f5006c12c,640,480,L,JPEG,True,,True,55,2,L,4,True,True,141.89671325683594,36.69343948364258,12.02199140065511,0.0003125,2.604166666666667e-05,2L,True,False,False,False,False,True,True,True,True,222.57586669921875,256.7655029296875,39.93083190917969,321.9154441598855,threshold_p2,27.45216578373325,60.174877600979194,0.8208413272179185,222.57586669921875,256.7655029296875,101.0,69.42900642613294,radial_lateral_search,41.99651336669922,20.224998474121097,high,2.5293737989160485,0.0
55,2,L,F55_T2,F55_T2_L,5,S3552L05.jpg,55/2L/S3552L05.jpg,/Users/sarahoualli/Desktop/BIO/iris_twins_project/data/raw/CASIA-Iris-Twins/55/2L/S3552L05.jpg,.jpg,20410,0c48eb9dcf8d3df4cc55d786ae2279781830ba09161c08929bdda67362dc6d07,640,480,L,JPEG,True,,True,55,2,L,5,True,True,132.47174072265625,36.92626190185547,48.14950110116536,0.0013346354166666,8.138020833333333e-05,2L,False,False,False,False,False,False,True,True,True,241.0,197.6649475097656,49.16591262817383,342.56523971854716,threshold_p4,24.36780406112623,65.39644786040715,0.8640362062279046,241.0,197.6649475097656,117.0,75.43006705959775,radial_lateral_search,51.2072868347168,18.35999298095703,high,2.3796975128852753,0.0
55,2,L,F55_T2,F55_T2_L,6,S3552L06.jpg,55/2L/S3552L06.jpg,/Users/sarahoualli/Desktop/BIO/iris_twins_project/data/raw/CASIA-Iris-Twins/55/2L/S3552L06.jpg,.jpg,20849,00f10e55dbf261afdd66a0d6eb82480ea7b965ffdeeff299ff26c20028714de8,640,480,L,JPEG,True,,True,55,2,L,6,True,True,123.21659088134766,39.91077423095703,41.454026297844784,0.00203125,0.0001236979166666,2L,False,False,False,False,False,False,True,True,True,242.4367218017578,180.7657012939453,52.2972526550293,336.869779074538,threshold_p5,24.213936651583712,62.58339330694494,0.865368802534383,242.4367218017578,180.7657012939453,123.0,73.10491878215794,radial_lateral_search,46.200164794921875,20.354995727539062,high,2.351939992170342,0.0
55,2,L,F55_T2,F55_T2_L,7,S3552L07.jpg,55/2L/S3552L07.jpg,/Users/sarahoualli/Desktop/BIO/iris_twins_project/data/raw/CASIA-Iris-Twins/55/2L/S3552L07.jpg,.jpg,21244,0639c0ca9347032a068f87e6b906c2b47903116378d66c8393d43e44b4c9ba10,640,480,L,JPEG,True,,True,55,2,L,7,True,True,133.514404296875,38.97032165527344,47.62874568505816,0.0014127604166666,0.0001041666666666,2L,False,False,False,False,False,False,True,True,True,249.5,170.5,54.77692031860352,342.9462080901214,threshold_p4,24.519828862925785,66.75107048748353,0.8405478302773163,249.5,178.5,122.0,81.50617601674715,radial_lateral_search,52.49430847167969,23.645004272460938,high,2.2272153909055374,8.0
55,2,R,F55_T2,F55_T2_R,1,S3552R01.jpg,55/2R/S3552R01.jpg,/Users/sarahoualli/Desktop/BIO/iris_twins_project/data/raw/CASIA-Iris-Twins/55/2R/S3552R01.jpg,.jpg,18142,bf8108dcd733b458a4eb996c0e2a3a5a3d101e70ff4bb53a51a1e8502fb634cc,640,480,L,JPEG,True,,True,55,2,R,1,True,True,96.76203918457033,39.890628814697266,22.69582195498148,0.016826171875,0.0001497395833333,2R,False,False,False,False,False,False,True,True,True,239.76922607421875,246.0576934814453,50.11323165893555,323.0186431898982,threshold_p5,19.462885572139303,48.05601941747573,0.8276351209892466,239.76922607421875,254.0576934814453,133.0,74.08942600223504,radial_lateral_search,49.2154655456543,19.470001220703125,high,2.6539896868990915,8.0
55,2,R,F55_T2,F55_T2_R,2,S3552R02.jpg,55/2R/S3552R02.jpg,/Users/sarahoualli/Desktop/BIO/iris_twins_project/data/raw/CASIA-Iris-Twins/55/2R/S3552R02.jpg,.jpg,18320,156e3004f0634d9bf10a942cc267b8621a57f2d2fbaf1773385cc773e04b15a2,640,480,L,JPEG,True,,True,55,2,R,2,True,True,95.32223510742188,40.83226013183594,24.16361652624342,0.0176334635416666,0.0001627604166666,2R,False,False,False,False,False,False,True,True,True,258.0,260.42498779296875,51.36963653564453,320.14771256269074,threshold_p6,19.80478996388519,47.259418434528165,0.802542360554145,258.0,268.42498779296875,133.0,74.35351996689617,radial_lateral_search,49.05320358276367,19.96000289916992,high,2.589078081323654,8.0
55,2,R,F55_T2,F55_T2_R,3,S3552R03.jpg,55/2R/S3552R03.jpg,/Users/sarahoualli/Desktop/BIO/iris_twins_project/data/raw/CASIA-Iris-Twins/55/2R/S3552R03.jpg,.jpg,18698,bd8b98bdb36f415edebfb4702b77a7ece9c185ab59679849efbdbfc895ce141e,640,480,L,JPEG,True,,True,55,2,R,3,True,True,98.1152114868164,35.046634674072266,36.381261508846286,0.0155403645833333,0.000166015625,2R,False,False,False,False,False,False,True,True,True,283.5173034667969,256.96685791015625,49.097808837890625,333.8850310753321,threshold_p3,20.590537994557252,55.69879518072289,0.7509425664894518,283.5173034667969,264.96685791015625,131.0,75.34527988057249,radial_lateral_search,46.83070755004883,22.029998779296875,high,2.6681435098770105,8.0
55,2,R,F55_T2,F55_T2_R,4,S3552R04.jpg,55/2R/S3552R04.jpg,/Users/sarahoualli/Desktop/BIO/iris_twins_project/data/raw/CASIA-Iris-Twins/55/2R/S3552R04.jpg,.jpg,20257,bb7605d3d22f32994761563cfabd3c04390afff3359736a3c210845fa32b027c,640,480,L,JPEG,True,,True,55,2,R,4,True,True,118.8747787475586,39.08855438232422,41.37819691796833,0.003720703125,0.0002376302083333,2R,False,False,False,False,False,False,True,True,True,351.5,226.5666656494141,54.94768905639648,372.80381740764943,threshold_p8,24.636827381931873,78.99349472990777,0.8855523698343725,351.5,234.5666656494141,134.0,79.70772002096811,radial_lateral_search,54.76398468017578,20.13500213623047,high,2.4386830875174175,8.0
55,2,R,F55_T2,F55_T2_R,5,S3552R05.jpg,55/2R/S3552R05.jpg,/Users/sarahoualli/Desktop/BIO/iris_twins_project/data/raw/CASIA-Iris-Twins/55/2R/S3552R05.jpg,.jpg,20752,c514ab2a6e88d2eebcd688880bf8f21528ad4054a5fe951c8612f7c4cfb2da19,640,480,L,JPEG,True,,True,55,2,R,5,True,True,126.76617431640624,36.48516845703125,49.16680806371902,0.004072265625,0.0002864583333333,2R,False,False,False,False,False,False,True,True,True,364.6700439453125,225.81201171875,54.72822570800781,386.5434312533571,threshold_p8,25.043113378311663,86.56257992327366,0.8932680024183028,364.6700439453125,225.81201171875,133.0,87.02688965495717,radial_lateral_search,56.00812911987305,23.06999969482422,high,2.430190240582557,0.0
55,2,R,F55_T2,F55_T2_R,6,S3552R06.jpg,55/2R/S3552R06.jpg,/Users/sarahoualli/Desktop/BIO/iris_twins_project/data/raw/CASIA-Iris-Twins/55/2R/S3552R06.jpg,.jpg,20057,3f8a3723040c747a782f18f0ae0a9c26a8a5c6a3d4476631f96ca1d62dca8023,640,480,L,JPEG,True,,True,55,2,R,6,True,True,146.3852081298828,43.25437927246094,33.36676627260842,0.001259765625,0.0002473958333333,2R,False,False,False,False,False,False,True,True,True,405.1162414550781,220.0700836181641,56.081295013427734,414.5920666715376,threshold_p10,27.033170885080963,104.8772557560672,0.8759806555158363,405.1162414550781,228.0700836181641,134.0,87.03103336394096,radial_lateral_search,56.628475189208984,24.175003051757812,high,2.3893884755677615,8.0
55,2,R,F55_T2,F55_T2_R,7,S3552R07.jpg,55/2R/S3552R07.jpg,/Users/sarahoualli/Desktop/BIO/iris_twins_project/data/raw/CASIA-Iris-Twins/55/2R/S3552R07.jpg,.jpg,20348,dad7e6caa1e9ee1828aa7757108fcc56a4309c685a565395144a2669927d2591,640,480,L,JPEG,True,,True,55,2,R,7,True,True,156.62770080566406,42.2490119934082,36.05568481377495,0.0004296875,0.0004557291666666,2R,False,False,False,False,False,False,True,True,True,404.0,213.15625,56.165252685546875,424.61316590488383,threshold_p10,27.681811036000628,110.81673926571251,0.886377488398383,404.0,213.15625,134.0,88.22436284170755,radial_lateral_search,58.09709930419922,22.55999755859375,high,2.385816738869271,0.0
55,2,R,F55_T2,F55_T2_R,8,S3552R08.jpg,55/2R/S3552R08.jpg,/Users/sarahoualli/Desktop/BIO/iris_twins_project/data/raw/CASIA-Iris-Twins/55/2R/S3552R08.jpg,.jpg,21584,599f6c48c168526314cd6533870534f9fb0f69eba5c5d888541ffc5cb5e3fabc,640,480,L,JPEG,True,,True,55,2,R,8,True,True,149.87742614746094,45.27701187133789,44.44590282133952,0.0011002604166666,0.0003385416666666,2R,False,False,False,False,False,False,True,True,True,395.8107299804687,209.53204345703125,56.53795623779297,410.4118567431525,threshold_p12,26.23628360320704,101.67238805970148,0.8760736307104028,395.8107299804687,217.53204345703125,131.0,90.64481978999284,radial_lateral_search,61.441707611083984,23.525001525878903,high,2.317027510669596,8.0
55,2,R,F55_T2,F55_T2_R,9,S3552R09.jpg,55/2R/S3552R09.jpg,/Users/sarahoualli/Desktop/BIO/iris_twins_project/data/raw/CASIA-Iris-Twins/55/2R/S3552R09.jpg,.jpg,19774,6ac713c9f1604d5ff05ef9b2bfc87a97c65ef702997fc17075288bba551655bf,640,480,L,JPEG,True,,True,55,2,R,9,True,True,152.28282165527344,40.84613800048828,37.49464970396888,0.0005208333333333,0.000234375,2R,False,False,False,False,False,False,True,True,True,384.9845275878906,174.86062622070312,51.48845672607422,403.0410967104131,threshold_p6,25.717164037255273,97.71680687637162,0.88070271747524,384.9845275878906,174.86062622070312,119.0,87.58488229076137,radial_lateral_search,60.556095123291016,20.55999755859375,high,2.3111976463597776,0.0
55,2,R,F55_T2,F55_T2_R,10,S3552R10.jpg,55/2R/S3552R10.jpg,/Users/sarahoualli/Desktop/BIO/iris_twins_project/data/raw/CASIA-Iris-Twins/55/2R/S3552R10.jpg,.jpg,19809,ee689c7c24aa2e065f97c6e24170f72aeb6a80d41dc38a2a5b2227acf763c420,640,480,L,JPEG,True,,True,55,2,R,10,True,True,152.9201202392578,42.21806716918945,43.47035191513697,0.0005078125,0.0001106770833333,2R,False,False,False,False,False,False,True,True,True,397.7091369628906,166.5970916748047,48.738529205322266,375.99704630496024,threshold_p6,24.95017793594306,84.1657958199357,0.8388749856430513,397.0,172.0,112.0,82.39532876364974,hough_iris,60.169734954833984,18.13999938964844,high,2.2979766075454235,5.449247067494972
58,1,L,F58_T1,F58_T1_L,3,S3581L03.jpg,58/1L/S3581L03.jpg,/Users/sarahoualli/Desktop/BIO/iris_twins_project/data/raw/CASIA-Iris-Twins/58/1L/S3581L03.jpg,.jpg,18357,29c84fb062c54f678bfb76e367eb8453f0f243664626f7ca2e75ca957c7ce15e,640,480,L,JPEG,True,,True,58,1,L,3,True,True,124.25080871582033,31.306467056274418,29.997041194396544,0.0022233072916666,7.486979166666666e-05,1L,False,False,False,False,False,False,True,True,True,283.71429443359375,115.57142639160156,48.5767707824707,373.80181138634265,threshold_p3,25.202218965878167,86.72450484618626,0.7046990318316717,275.71429443359375,123.57142639160156,106.0,62.973370573639194,radial_lateral_search,44.37834167480469,16.925003051757812,high,2.182112937779942,11.31370849898476
58,1,L,F58_T1,F58_T1_L,4,S3581L04.jpg,58/1L/S3581L04.jpg,/Users/sarahoualli/Desktop/BIO/iris_twins_project/data/raw/CASIA-Iris-Twins/58/1L/S3581L04.jpg,.jpg,18158,33e8078c1c1f8eb505059bee5a822702c0fc89992533e9e90d0dc88ec5e2a4cc,640,480,L,JPEG,True,,True,58,1,L,4,True,True,124.20065307617188,31.448110580444336,29.18279001447887,0.0023828125,6.8359375e-05,1L,False,False,False,False,False,False,True,True,True,282.0,117.0,45.541290283203125,371.1608600410485,threshold_p3,24.801381692573404,82.00627906976744,0.8653597880666816,275.0,121.0,104.0,68.97533109949765,hough_iris,48.167335510253906,17.634994506835938,high,2.2836419291870182,8.06225774829855
58,1,L,F58_T1,F58_T1_L,5,S3581L05.jpg,58/1L/S3581L05.jpg,/Users/sarahoualli/Desktop/BIO/iris_twins_project/data/raw/CASIA-Iris-Twins/58/1L/S3581L05.jpg,.jpg,18375,93af473170e96d7c25b986f780ac8d55acc7dd2061295da94b32fead70071dfd,640,480,L,JPEG,True,,True,58,1,L,5,True,True,123.38695526123048,31.090150833129883,31.84108266829385,0.0022233072916666,3.90625e-05,1L,False,False,False,False,False,False,True,True,True,291.0769348144531,119.56410217285156,48.51433181762695,374.4326614270498,threshold_p3,25.704835670923178,87.26938474504846,0.7126526493949961,279.0,127.0,104.0,72.02068159318857,hough_iris,52.1335334777832,18.470001220703125,high,2.1436964316225655,14.182557280277091
58,1,L,F58_T1,F58_T1_L,9,S3581L09.jpg,58/1L/S3581L09.jpg,/Users/sarahoualli/Desktop/BIO/iris_twins_project/data/raw/CASIA-Iris-Twins/58/1L/S3581L09.jpg,.jpg,19110,7c387c427bfbdfcefd5ea83f0d8d48fd17f0872b92fedffa1cb6ca9cf4ac06a1,640,480,L,JPEG,True,,True,58,1,L,9,True,True,120.98967742919922,31.110851287841797,39.28214685439005,0.0022233072916666,6.510416666666667e-05,1L,False,False,False,False,False,False,True,True,True,303.4441833496094,124.88835144042967,46.181365966796875,379.154564162382,threshold_p3,25.22082459818309,86.5692290651307,0.8317927585082938,295.4441833496094,132.8883514404297,105.0,61.252192141559014,radial_lateral_search,44.01304244995117,15.69499969482422,high,2.2736443109000306,11.31370849898476
58,1,L,F58_T1,F58_T1_L,10,S3581L10.jpg,58/1L/S3581L10.jpg,/Users/sarahoualli/Desktop/BIO/iris_twins_project/data/raw/CASIA-Iris-Twins/58/1L/S3581L10.jpg,.jpg,18672,b43b5378f1830c55bb6104f72a4dfa5a9cecafd4c9a1a42d8ebc3ae28d29d345,640,480,L,JPEG,True,,True,58,1,L,10,True,True,124.34455871582033,31.177167892456055,31.124471348063157,0.0018001302083333,8.138020833333333e-05,1L,False,False,False,False,False,False,True,True,True,284.95196533203125,121.64594268798828,47.19376373291016,382.81019121818014,threshold_p4,25.555284732993577,88.82991895542548,0.8616707666670815,284.95196533203125,129.64594268798828,107.0,71.43603891217282,radial_lateral_search,49.82405090332031,18.2449951171875,high,2.2672487111975026,8.0
58,1,R,F58_T1,F58_T1_R,1,S3581R01.jpg,58/1R/S3581R01.jpg,/Users/sarahoualli/Desktop/BIO/iris_twins_project/data/raw/CASIA-Iris-Twins/58/1R/S3581R01.jpg,.jpg,15931,7f5cbb7094ac6366e6544d2a645a1f34012ddf566a424ff1aac854307c847cd7,640,480,L,JPEG,True,,True,58,1,R,1,True,True,118.1545181274414,29.957199096679688,17.507783050537117,0.0025227864583333,8.138020833333333e-05,1R,False,False,False,False,False,False,True,True,True,388.8165588378906,140.85971069335938,39.98673248291016,352.0812601942177,threshold_p3,24.94889373636647,73.25214198286413,0.8256408198527103,388.8165588378906,148.85971069335938,107.0,63.08592938878337,radial_lateral_search,43.44438171386719,15.669998168945312,high,2.675887559598187,8.0
58,1,R,F58_T1,F58_T1_R,2,S3581R02.jpg,58/1R/S3581R02.jpg,/Users/sarahoualli/Desktop/BIO/iris_twins_project/data/raw/CASIA-Iris-Twins/58/1R/S3581R02.jpg,.jpg,16847,e3418e0985e31866a24f87f977e090a713937933d1bf85e73dd5b22e34d43199,640,480,L,JPEG,True,,True,58,1,R,2,True,True,116.28948211669922,30.4852294921875,18.973747706052983,0.0022786458333333,0.0001009114583333,1R,False,False,False,False,False,False,True,True,True,349.0,185.0,38.0,348.93694102108157,hough_pupil,24.507621410847214,70.72860054347827,0.75,349.0,185.0,106.0,62.40844742624383,radial_lateral_search,42.371337890625,14.425003051757812,high,2.789473684210526,0.0
58,1,R,F58_T1,F58_T1_R,3,S3581R03.jpg,58/1R/S3581R03.jpg,/Users/sarahoualli/Desktop/BIO/iris_twins_project/data/raw/CASIA-Iris-Twins/58/1R/S3581R03.jpg,.jpg,18063,94e440f4744f1bf52dbb995ca666954e0304ec02e6d455c3680123e8b9f987df,640,480,L,JPEG,True,,True,58,1,R,3,True,True,117.11339569091795,30.398761749267575,29.39468383025063,0.0016666666666666,6.8359375e-05,1R,False,False,False,False,False,False,True,True,True,337.12884521484375,170.71231079101562,37.39816665649414,344.1351608074551,threshold_p2,24.70648706132577,70.11003460207613,0.5988567504229945,345.12884521484375,178.71231079101562,101.0,69.03849545600555,radial_lateral_search,47.83025741577149,17.30999755859375,high,2.7006671457372495,11.31370849898476
58,1,R,F58_T1,F58_T1_R,4,S3581R04.jpg,58/1R/S3581R04.jpg,/Users/sarahoualli/Desktop/BIO/iris_twins_project/data/raw/CASIA-Iris-Twins/58/1R/S3581R04.jpg,.jpg,18051,38c838596e41ff9389bf71e9ae257a6fc4b9a438f5b14ab4d7f318dfb0d09ac3,640,480,L,JPEG,True,,True,58,1,R,4,True,True,119.86631774902344,30.330089569091797,28.37122062157526,0.0014485677083333,5.859375e-05,1R,False,False,False,False,False,False,True,True,True,338.0,171.0,39.0,354.55083546236085,hough_pupil,25.025658113962013,74.46234240212343,0.75,338.0,171.0,108.0,64.80064421433669,radial_lateral_search,43.97556686401367,14.93000030517578,high,2.769230769230769,0.0
58,1,R,F58_T1,F58_T1_R,5,S3581R05.jpg,58/1R/S3581R05.jpg,/Users/sarahoualli/Desktop/BIO/iris_twins_project/data/raw/CASIA-Iris-Twins/58/1R/S3581R05.jpg,.jpg,18844,e0d9d70f5d9f6261729e0849c2114f91ff11edf338587e9f77244e6eb0bf7fab,640,480,L,JPEG,True,,True,58,1,R,5,True,True,120.07598876953124,31.007719039916992,30.578318272813164,0.001357421875,6.184895833333334e-05,1R,False,False,False,False,False,False,True,True,True,278.5679931640625,170.98068237304688,45.74127578735352,380.02642868990745,threshold_p5,26.97624039133473,91.5136046511628,0.6759449327172455,286.5679931640625,178.98068237304688,108.0,72.43544108813995,radial_lateral_search,48.378440856933594,20.31500244140625,high,2.361105984495948,11.31370849898476
58,1,R,F58_T1,F58_T1_R,6,S3581R06.jpg,58/1R/S3581R06.jpg,/Users/sarahoualli/Desktop/BIO/iris_twins_project/data/raw/CASIA-Iris-Twins/58/1R/S3581R06.jpg,.jpg,19385,fdad895dc5273eb31ce1d1b93cdd72b9bda0497a970fc4b2a4b2aaf5347086b5,640,480,L,JPEG,True,,True,58,1,R,6,True,True,122.1193389892578,30.169958114624023,34.79584024250242,0.00126953125,8.463541666666667e-05,1R,False,False,False,False,False,False,True,True,True,302.7740783691406,159.37391662597656,47.958553314208984,379.63688734249007,threshold_p6,28.909594504764016,94.83344030808728,0.6137350079234546,304.0,166.0,110.0,74.42655674311737,hough_iris,51.53261184692383,18.85999298095703,high,2.293647168197828,6.738535799750472
58,1,R,F58_T1,F58_T1_R,7,S3581R07.jpg,58/1R/S3581R07.jpg,/Users/sarahoualli/Desktop/BIO/iris_twins_project/data/raw/CASIA-Iris-Twins/58/1R/S3581R07.jpg,.jpg,21498,6bfcfbe93915a687637328915a8e020d4ef20b07c13a43691b2711f157657745,640,480,L,JPEG,True,,True,58,1,R,7,True,True,119.6484146118164,32.92790222167969,56.87098221536212,0.0015234375,7.8125e-05,1R,False,False,False,False,False,False,True,True,True,303.0,157.77108764648438,42.19990158081055,371.3067271087472,threshold_p3,25.48551724137931,84.43524180100056,0.6545718945937014,303.0,157.77108764648438,114.0,69.36592053484623,radial_lateral_search,47.02021026611328,16.099998474121094,high,2.701428101240855,0.0
58,1,R,F58_T1,F58_T1_R,8,S3581R08.jpg,58/1R/S3581R08.jpg,/Users/sarahoualli/Desktop/BIO/iris_twins_project/data/raw/CASIA-Iris-Twins/58/1R/S3581R08.jpg,.jpg,22863,ad03b2d4137b635bd99dc7294d978a1f1ee1d62dc49b37c38dfa9f00adc33f7f,640,480,L,JPEG,True,,True,58,1,R,8,True,True,126.37588500976562,31.029029846191406,70.50819998820623,0.0010807291666666,8.463541666666667e-05,1R,False,False,False,False,False,False,True,True,True,307.0,152.5,48.02353286743164,390.6230121292719,threshold_p4,27.99711943274983,98.9841677364142,0.6403076309264737,315.0,160.5,115.0,76.44601165277268,radial_lateral_search,53.87180709838867,19.159996032714844,high,2.3946593083323555,11.31370849898476
58,1,R,F58_T1,F58_T1_R,9,S3581R09.jpg,58/1R/S3581R09.jpg,/Users/sarahoualli/Desktop/BIO/iris_twins_project/data/raw/CASIA-Iris-Twins/58/1R/S3581R09.jpg,.jpg,22123,7aaf37b3e639ccb78ca63776d6616c5ed96328eedde7137e692ff80c1344dc3f,640,480,L,JPEG,True,,True,58,1,R,9,True,True,121.6667938232422,32.39820861816406,67.50839875156615,0.0020052083333333,0.000107421875,1R,False,False,False,False,False,False,True,True,True,329.0,142.0,47.80177307128906,386.8797490003347,threshold_p3,27.66385996011522,96.47913992297818,0.6823151725763126,337.0,150.0,114.0,81.18211284622282,radial_lateral_search,56.379146575927734,20.779998779296875,high,2.3848487760064123,11.31370849898476
58,1,R,F58_T1,F58_T1_R,10,S3581R10.jpg,58/1R/S3581R10.jpg,/Users/sarahoualli/Desktop/BIO/iris_twins_project/data/raw/CASIA-Iris-Twins/58/1R/S3581R10.jpg,.jpg,22207,ef625c855746ad3692f2b007b9dd31940e155d5820195bd345418c8b86f931c8,640,480,L,JPEG,True,,True,58,1,R,10,True,True,121.74298095703124,32.249961853027344,71.02192065674465,0.002177734375,0.0001041666666666,1R,False,False,False,False,False,False,True,True,True,330.940673828125,145.0084686279297,42.42655563354492,376.1327792352902,threshold_p3,24.30510344827586,85.27393326039387,0.6557371936601263,338.940673828125,153.0084686279297,110.0,74.46389821840937,radial_lateral_search,51.16046524047851,19.11499786376953,high,2.592715773349924,11.31370849898476
58,2,L,F58_T2,F58_T2_L,1,S3582L01.jpg,58/2L/S3582L01.jpg,/Users/sarahoualli/Desktop/BIO/iris_twins_project/data/raw/CASIA-Iris-Twins/58/2L/S3582L01.jpg,.jpg,16410,82efe8c7b471e0ccbcbcaf186118066535d3249f7ee6f0f646a81d877081bbd6,640,480,L,JPEG,True,,True,58,2,L,1,True,True,135.67630004882812,37.314510345458984,14.99443092387517,0.0003548177083333,6.510416666666667e-05,2L,True,False,False,False,False,True,True,True,True,326.3412170410156,230.31756591796875,33.45752716064453,345.679404403325,threshold_p2,27.235910878112712,69.95887166236004,0.7972235959612871,326.3412170410156,230.31756591796875,98.0,84.09515806645959,radial_lateral_search,54.89350128173828,21.37000274658203,high,2.9290867651233827,0.0
58,2,L,F58_T2,F58_T2_L,3,S3582L03.jpg,58/2L/S3582L03.jpg,/Users/sarahoualli/Desktop/BIO/iris_twins_project/data/raw/CASIA-Iris-Twins/58/2L/S3582L03.jpg,.jpg,23525,56afe9b3db133ef835048b72dab039f82d056e62103ae4aefae83ccb771be8de,640,480,L,JPEG,True,,True,58,2,L,3,True,True,131.6025390625,39.70682907104492,65.27432386266919,0.0007161458333333,7.161458333333333e-05,2L,False,False,False,False,False,False,True,True,True,321.8768615722656,224.6748809814453,39.57745361328125,369.2857653444304,threshold_p3,25.579931442817077,77.98034437946718,0.8812773355718911,321.8768615722656,224.6748809814453,111.0,77.05544931886914,radial_lateral_search,49.11296081542969,20.11499786376953,high,2.804627126459471,0.0
58,2,L,F58_T2,F58_T2_L,4,S3582L04.jpg,58/2L/S3582L04.jpg,/Users/sarahoualli/Desktop/BIO/iris_twins_project/data/raw/CASIA-Iris-Twins/58/2L/S3582L04.jpg,.jpg,21894,96e257e4aa5c3d9b99e368b40439ba6439fcd07b265bd72b26a4793067ff277e,640,480,L,JPEG,True,,True,58,2,L,4,True,True,131.45265197753906,41.65000915527344,53.18466762860617,0.0012467447916666,9.765625e-05,2L,False,False,False,False,False,False,True,True,True,342.7590026855469,222.95765686035156,38.86888885498047,353.49817770959083,threshold_p5,24.78573808730423,69.73772395487724,0.8584460533222201,342.7590026855469,222.95765686035156,109.0,69.27224807000597,radial_lateral_search,43.162445068359375,18.80500030517578,high,2.804299356399875,0.0
58,2,R,F58_T2,F58_T2_R,1,S3582R01.jpg,58/2R/S3582R01.jpg,/Users/sarahoualli/Desktop/BIO/iris_twins_project/data/raw/CASIA-Iris-Twins/58/2R/S3582R01.jpg,.jpg,22950,41883002300cf09b7ee409f035566b070a3b7e53158ae4d03b005283dd6a5a20,640,480,L,JPEG,True,,True,58,2,R,1,True,True,128.74586486816406,34.68336868286133,34.76634161494573,0.0007552083333333,0.0001692708333333,2R,False,False,False,False,False,False,True,True,True,250.0,143.0,40.0,383.3766709736609,hough_pupil,24.779058896852604,90.25015299877602,0.75,258.0,143.0,122.0,74.22922744750976,radial_lateral_search,51.4172248840332,18.580001831054688,high,3.05,8.0
58,2,R,F58_T2,F58_T2_R,3,S3582R03.jpg,58/2R/S3582R03.jpg,/Users/sarahoualli/Desktop/BIO/iris_twins_project/data/raw/CASIA-Iris-Twins/58/2R/S3582R03.jpg,.jpg,23223,309191b6cb850d9b07cc76a7997584fa42ac5a9e078aa88cc3e32186baf41c78,640,480,L,JPEG,True,,True,58,2,R,3,True,True,128.43002319335938,33.88019561767578,42.53885618793699,0.00064453125,0.000185546875,2R,False,False,False,False,False,False,True,True,True,243.0,155.0,41.0,388.9465357877802,hough_pupil,24.99941331768847,93.18983578708946,0.75,251.0,155.0,123.0,82.0279296875,radial_lateral_search,56.894927978515625,20.095001220703125,high,3.0,8.0
58,2,R,F58_T2,F58_T2_R,4,S3582R04.jpg,58/2R/S3582R04.jpg,/Users/sarahoualli/Desktop/BIO/iris_twins_project/data/raw/CASIA-Iris-Twins/58/2R/S3582R04.jpg,.jpg,19806,0abeadb2e949db1456981145b4b59fb59fec3393dd0f72f034f58174a176db31,640,480,L,JPEG,True,,True,58,2,R,4,True,True,113.36748504638672,35.35641098022461,27.385034437719977,0.0018977864583333,9.765625e-05,2R,False,False,False,False,False,False,True,True,True,379.0,230.5,45.235595703125,353.1932454425947,threshold_p6,28.376757957068836,81.82619498343587,0.4992140178930331,387.0,230.5,121.0,60.652883275284736,radial_lateral_search,42.877349853515625,14.339996337890623,high,2.6748846371805595,8.0
58,2,R,F58_T2,F58_T2_R,5,S3582R05.jpg,58/2R/S3582R05.jpg,/Users/sarahoualli/Desktop/BIO/iris_twins_project/data/raw/CASIA-Iris-Twins/58/2R/S3582R05.jpg,.jpg,16802,d028649175e44da7ae7f8b94075f93b2fe9ac0fbca2f6a094461a684b23c42af,640,480,L,JPEG,True,,True,58,2,R,5,True,True,135.15309143066406,36.29827880859375,15.603090410010024,0.0003938802083333,6.184895833333334e-05,2R,True,False,False,False,False,True,True,True,True,326.6935119628906,193.58795166015625,38.552284240722656,373.5763920684011,threshold_p3,30.060313228923693,90.65118135376756,0.7427512513785159,334.6935119628906,201.58795166015625,97.0,66.808012124652,radial_lateral_search,45.27418518066406,18.06999969482422,high,2.5160636239950525,11.31370849898476
58,2,R,F58_T2,F58_T2_R,6,S3582R06.jpg,58/2R/S3582R06.jpg,/Users/sarahoualli/Desktop/BIO/iris_twins_project/data/raw/CASIA-Iris-Twins/58/2R/S3582R06.jpg,.jpg,18341,e6a2eea7e47b9fe5e7df18aba10ebf7e2c8018bdf6bf1b67a0b66462ea1918c7,640,480,L,JPEG,True,,True,58,2,R,6,True,True,135.43870544433594,35.8370361328125,20.80824819690916,0.0006022135416666,6.184895833333334e-05,2R,False,False,False,False,False,False,True,True,True,345.16571044921875,205.60330200195312,41.02951431274414,384.98707027283257,threshold_p4,29.48665297741273,95.216449603624,0.7624829293291642,353.16571044921875,213.60330200195312,99.0,74.22048678978145,radial_lateral_search,50.922325134277344,19.625,high,2.4128971950625724,11.31370849898476
58,2,R,F58_T2,F58_T2_R,7,S3582R07.jpg,58/2R/S3582R07.jpg,/Users/sarahoualli/Desktop/BIO/iris_twins_project/data/raw/CASIA-Iris-Twins/58/2R/S3582R07.jpg,.jpg,18332,aaefc2b8efe1a92b22aba31e6edb4c5c4287ba2b60651a160e430e40ed38035c,640,480,L,JPEG,True,,True,58,2,R,7,True,True,132.52508544921875,37.34990310668945,19.95095335383945,0.001025390625,4.8828125e-05,2R,False,False,False,False,False,False,True,True,True,357.5969543457031,203.47845458984375,39.71266174316406,378.62867901139583,threshold_p3,25.682143970084137,85.95807833537332,0.7911633772488619,360.0,204.0,100.0,75.59810714342153,hough_iris,50.330509185791016,19.149993896484375,high,2.5180885795753416,2.458991262995895
58,2,R,F58_T2,F58_T2_R,8,S3582R08.jpg,58/2R/S3582R08.jpg,/Users/sarahoualli/Desktop/BIO/iris_twins_project/data/raw/CASIA-Iris-Twins/58/2R/S3582R08.jpg,.jpg,21716,ff49f6cb5278525913724b76b6579fbe499fa2885f474652226766d3babbd7a1,640,480,L,JPEG,True,,True,58,2,R,8,True,True,137.20323181152344,36.908077239990234,36.59636922911538,0.0007389322916666,7.486979166666666e-05,2R,False,False,False,False,False,False,True,True,True,345.70745849609375,202.557373046875,45.209754943847656,423.4404211490846,threshold_p5,26.775721687638782,109.93291528632275,0.7691487488138448,345.70745849609375,202.557373046875,115.0,66.31360903491624,radial_lateral_search,46.943809509277344,14.425003051757812,high,2.5436988132944904,0.0
58,2,R,F58_T2,F58_T2_R,9,S3582R09.jpg,58/2R/S3582R09.jpg,/Users/sarahoualli/Desktop/BIO/iris_twins_project/data/raw/CASIA-Iris-Twins/58/2R/S3582R09.jpg,.jpg,22752,f6e442c66988942f14d8d376ad5d9026227fe78e957480415dcfa4585b4bafad,640,480,L,JPEG,True,,True,58,2,R,9,True,True,130.74339294433594,37.79608154296875,51.10894248707029,0.0010221354166666,6.184895833333334e-05,2R,False,False,False,False,False,False,True,True,True,329.6689758300781,208.92526245117188,45.185115814208984,399.1307900749259,threshold_p5,27.038983469035283,98.33388547089446,0.736295394666834,337.6689758300781,208.92526245117188,107.0,74.54958251835411,radial_lateral_search,53.05943298339844,17.87000274658203,high,2.368036422435208,8.0
58,2,R,F58_T2,F58_T2_R,10,S3582R10.jpg,58/2R/S3582R10.jpg,/Users/sarahoualli/Desktop/BIO/iris_twins_project/data/raw/CASIA-Iris-Twins/58/2R/S3582R10.jpg,.jpg,20173,c6e167ae520c8e56f0cc8da8ea3f776288b502e223307d0a4edd41c2578d2cba,640,480,L,JPEG,True,,True,58,2,R,10,True,True,130.75047302246094,38.6495361328125,32.40462280574375,0.000966796875,3.90625e-05,2R,False,False,False,False,False,False,True,True,True,326.4820251464844,197.24087524414065,40.880653381347656,380.8516164530019,threshold_p3,26.02816075095336,88.59798919567827,0.666444824603168,334.4820251464844,205.24087524414065,101.0,62.25863600453406,radial_lateral_search,43.517635345458984,16.205001831054688,high,2.4706063050861755,11.31370849898476
60,1,L,F60_T1,F60_T1_L,1,S3601L01.jpg,60/1L/S3601L01.jpg,/Users/sarahoualli/Desktop/BIO/iris_twins_project/data/raw/CASIA-Iris-Twins/60/1L/S3601L01.jpg,.jpg,20575,5b8fae2da9246fb7141a0b58a9bb2c6c4ed50caafac14e14d3b88be9b537d16a,640,480,L,JPEG,True,,True,60,1,L,1,True,True,162.90594482421875,48.481422424316406,32.4532482108964,0.0003125,0.0031477864583333,1L,False,False,False,False,False,False,True,True,True,284.0,187.0,45.0,391.5249161926761,hough_pupil,23.939057488280287,91.2543776620918,0.75,276.0,186.0,121.0,123.49133236603952,hough_iris,76.9193344116211,34.8800048828125,high,2.688888888888889,8.06225774829855
60,1,L,F60_T1,F60_T1_L,2,S3601L02.jpg,60/1L/S3601L02.jpg,/Users/sarahoualli/Desktop/BIO/iris_twins_project/data/raw/CASIA-Iris-Twins/60/1L/S3601L02.jpg,.jpg,21165,edad40127fea70beb603a41af93a8941e8087aa6fdde783d258cac1f9d39394c,640,480,L,JPEG,True,,True,60,1,L,2,True,True,174.08102416992188,44.28191757202149,40.321966958575786,0.000185546875,0.0001106770833333,1L,False,False,False,False,False,False,True,True,True,291.49212646484375,181.905517578125,43.74100875854492,409.7017779742838,threshold_p4,26.977420192058137,103.65317258883248,0.7684300210391113,283.49212646484375,181.905517578125,119.0,116.69820935331678,radial_lateral_search,70.92897033691406,34.20500183105469,high,2.72055911323154,8.0
60,1,L,F60_T1,F60_T1_L,3,S3601L03.jpg,60/1L/S3601L03.jpg,/Users/sarahoualli/Desktop/BIO/iris_twins_project/data/raw/CASIA-Iris-Twins/60/1L/S3601L03.jpg,.jpg,19614,222d6e3b515e73610c4ce7270391458cef60b7b91fef2a03e310c4ac917d2b85,640,480,L,JPEG,True,,True,60,1,L,3,True,True,124.47579193115234,43.59538650512695,34.78483614395988,0.00212890625,6.510416666666667e-05,1L,False,False,False,False,False,False,True,True,True,254.0,213.0,39.0,310.5894356099117,hough_pupil,21.090636454515163,46.4228599867286,0.75,246.0,213.0,114.0,100.78951908991888,radial_lateral_search,65.17782592773438,27.36000061035156,high,2.923076923076923,8.0
60,1,L,F60_T1,F60_T1_L,5,S3601L05.jpg,60/1L/S3601L05.jpg,/Users/sarahoualli/Desktop/BIO/iris_twins_project/data/raw/CASIA-Iris-Twins/60/1L/S3601L05.jpg,.jpg,21008,6707935751f0138beacd16059cf924c24f15b70687544f5e8ad0766c95134f80,640,480,L,JPEG,True,,True,60,1,L,5,True,True,122.8066635131836,47.07341003417969,43.49606988372805,0.0030110677083333,4.8828125e-05,1L,False,False,False,False,False,False,True,True,True,264.0,221.0,40.05006790161133,311.36754986809007,threshold_p4,20.58959177313805,44.31288249694003,0.8029553171163409,256.0,221.0,122.0,77.79411743378573,radial_lateral_search,51.403865814208984,21.125,high,3.0461870951058136,8.0
60,1,L,F60_T1,F60_T1_L,6,S3601L06.jpg,60/1L/S3601L06.jpg,/Users/sarahoualli/Desktop/BIO/iris_twins_project/data/raw/CASIA-Iris-Twins/60/1L/S3601L06.jpg,.jpg,22437,12b2b999c365f84c72fd924db87c5232920de6c8a36c5c5f79ab9e8bce048784,640,480,L,JPEG,True,,True,60,1,L,6,True,True,129.07223510742188,39.64775085449219,57.88156927744547,0.0020442708333333,8.138020833333333e-05,1L,False,False,False,False,False,False,True,True,True,255.0,217.5,38.96482849121094,334.8284265963807,threshold_p3,21.861046317894036,58.31834771068347,0.7840591375409486,247.0,217.5,120.0,96.9104607261512,radial_lateral_search,63.5562629699707,26.19499969482422,high,3.079700454143348,8.0
60,1,R,F60_T1,F60_T1_R,1,S3601R01.jpg,60/1R/S3601R01.jpg,/Users/sarahoualli/Desktop/BIO/iris_twins_project/data/raw/CASIA-Iris-Twins/60/1R/S3601R01.jpg,.jpg,20358,e874ddcec46d94796cb4596e4426e60957cf1db929c7212c25ac12e01fb5c924,640,480,L,JPEG,True,,True,60,1,R,1,True,True,123.69602966308594,40.076908111572266,45.689904164589784,0.0037141927083333,0.0003092447916666,1R,False,False,False,False,False,False,True,True,True,363.4751281738281,181.571044921875,54.0970573425293,357.035676249357,threshold_p4,20.908447054759023,69.00920964501005,0.7327693452850532,371.4751281738281,181.571044921875,128.0,127.8093183078516,radial_lateral_search,84.12984466552734,33.72500228881836,high,2.3661176094946423,8.0
60,1,R,F60_T1,F60_T1_R,2,S3601R02.jpg,60/1R/S3601R02.jpg,/Users/sarahoualli/Desktop/BIO/iris_twins_project/data/raw/CASIA-Iris-Twins/60/1R/S3601R02.jpg,.jpg,19718,67ddbe144b913988ea516ce028f36195232182b911381cfe0581902b11a5b754,640,480,L,JPEG,True,,True,60,1,R,2,True,True,124.8904800415039,40.06785202026367,37.79169553625318,0.0043815104166666,0.0002180989583333,1R,False,False,False,False,False,False,True,True,True,370.3081359863281,181.07557678222656,54.57207489013672,356.1728806279208,threshold_p5,21.932532499588618,69.89985613810742,0.7544432987556502,378.3081359863281,181.07557678222656,127.0,131.1221508702656,radial_lateral_search,85.58935546875,35.160003662109375,high,2.32719756864062,8.0
60,1,R,F60_T1,F60_T1_R,3,S3601R03.jpg,60/1R/S3601R03.jpg,/Users/sarahoualli/Desktop/BIO/iris_twins_project/data/raw/CASIA-Iris-Twins/60/1R/S3601R03.jpg,.jpg,19569,0865a341d9ab2f89bfdb73dedddf081271104371438f309934dcb4281af80019,640,480,L,JPEG,True,,True,60,1,R,3,True,True,123.85205841064452,39.64077377319336,37.011092320240856,0.0045442708333333,0.0001529947916666,1R,False,False,False,False,False,False,True,True,True,368.14404296875,167.53292846679688,53.85427474975586,355.64203510208347,threshold_p4,21.609604422179995,69.97281468531469,0.723758933056327,376.14404296875,167.53292846679688,128.0,127.54834853018149,radial_lateral_search,80.59921264648438,36.029998779296875,high,2.376784398170366,8.0
60,1,R,F60_T1,F60_T1_R,4,S3601R04.jpg,60/1R/S3601R04.jpg,/Users/sarahoualli/Desktop/BIO/iris_twins_project/data/raw/CASIA-Iris-Twins/60/1R/S3601R04.jpg,.jpg,21782,6cc3e6bee5df8cd9e544cf2ffc430e52d241392f1394dbbce7be312708475b56,640,480,L,JPEG,True,,True,60,1,R,4,True,True,132.58953857421875,41.48659133911133,47.13577608981663,0.00341796875,0.00015625,1R,False,False,False,False,False,False,True,True,True,362.94244384765625,160.43008422851562,55.46835708618164,363.66287427369673,threshold_p8,22.877571169985192,74.05592417061611,0.8487510670326964,370.94244384765625,160.43008422851562,127.0,121.16947244994068,radial_lateral_search,76.31909942626953,34.779998779296875,high,2.2895936831638815,8.0
60,1,R,F60_T1,F60_T1_R,5,S3601R05.jpg,60/1R/S3601R05.jpg,/Users/sarahoualli/Desktop/BIO/iris_twins_project/data/raw/CASIA-Iris-Twins/60/1R/S3601R05.jpg,.jpg,21125,9808ef8bc64880ba2137fd36416556dcf4a216fd925d17350c23a5d0df3e91d3,640,480,L,JPEG,True,,True,60,1,R,5,True,True,137.18502807617188,41.69130325317383,49.77553342077467,0.0027734375,0.000185546875,1R,False,False,False,False,False,False,True,True,True,366.0838928222656,161.1644287109375,55.175174713134766,370.4525777450254,threshold_p8,23.52789205199934,78.47535545023696,0.8464034627423387,374.0838928222656,161.1644287109375,126.0,125.9886597134572,radial_lateral_search,79.83911895751953,35.724998474121094,high,2.2836357230420328,8.0
60,1,R,F60_T1,F60_T1_R,6,S3601R06.jpg,60/1R/S3601R06.jpg,/Users/sarahoualli/Desktop/BIO/iris_twins_project/data/raw/CASIA-Iris-Twins/60/1R/S3601R06.jpg,.jpg,20649,0f3b43a01aee455fd70ce7100a993ab62d96d7264c74be82b0ffb261e5c98113,640,480,L,JPEG,True,,True,60,1,R,6,True,True,128.580078125,39.108646392822266,47.039079572889534,0.003544921875,0.0001725260416666,1R,False,False,False,False,False,False,True,True,True,365.5,156.5,54.208030700683594,362.6349617850602,threshold_p5,22.577992744860943,74.8832049564635,0.7298320187231943,373.5,156.5,128.0,129.22467264168347,radial_lateral_search,83.0655746459961,35.51000213623047,high,2.361273751241176,8.0
60,1,R,F60_T1,F60_T1_R,7,S3601R07.jpg,60/1R/S3601R07.jpg,/Users/sarahoualli/Desktop/BIO/iris_twins_project/data/raw/CASIA-Iris-Twins/60/1R/S3601R07.jpg,.jpg,21274,f5ed8bd247af6f74425595ac816fd3a51a130fa57712cd2ca77c8f34339ebbe2,640,480,L,JPEG,True,,True,60,1,R,7,True,True,124.4160385131836,39.61922836303711,50.439312304009334,0.0037532552083333,0.00015625,1R,False,False,False,False,False,False,True,True,True,369.6522521972656,152.01036071777344,55.25310134887695,359.7632962621792,threshold_p8,22.980417969392793,72.49383886255924,0.852889259363581,376.0,155.0,128.0,129.37363498638712,hough_iris,82.1533203125,36.220001220703125,high,2.316612043037864,7.016540828994815
60,1,R,F60_T1,F60_T1_R,8,S3601R08.jpg,60/1R/S3601R08.jpg,/Users/sarahoualli/Desktop/BIO/iris_twins_project/data/raw/CASIA-Iris-Twins/60/1R/S3601R08.jpg,.jpg,21130,7d00d6b07b2b67ef0229509e296ca508aa5c913de8a2c50c12248455667c50f1,640,480,L,JPEG,True,,True,60,1,R,8,True,True,133.51141357421875,41.63313674926758,43.31082110543781,0.002373046875,0.0001595052083333,1R,False,False,False,False,False,False,True,True,True,374.1659851074219,155.81796264648438,54.95197677612305,363.35652248887413,threshold_p6,23.292249465196644,74.59724967061923,0.8698042267669093,382.1659851074219,163.81796264648438,126.0,124.26484831537464,radial_lateral_search,81.58062744140625,33.81500244140625,high,2.292911145186459,11.31370849898476
60,1,R,F60_T1,F60_T1_R,9,S3601R09.jpg,60/1R/S3601R09.jpg,/Users/sarahoualli/Desktop/BIO/iris_twins_project/data/raw/CASIA-Iris-Twins/60/1R/S3601R09.jpg,.jpg,20540,9ac75f153310720b0f25fc11feebad990ab115611ffa55906f645a8b6efcd886,640,480,L,JPEG,True,,True,60,1,R,9,True,True,136.88177490234375,42.18099594116211,44.8765456705623,0.0025,0.0001985677083333,1R,False,False,False,False,False,False,True,True,True,381.2293090820313,154.56028747558594,56.56563949584961,366.4093673735625,threshold_p8,23.733689671435307,77.25216417910448,0.8532801404378777,388.0,159.0,126.0,130.17655166269688,hough_iris,84.26866912841797,35.730003356933594,high,2.227500672192436,8.096499416791408
60,1,R,F60_T1,F60_T1_R,10,S3601R10.jpg,60/1R/S3601R10.jpg,/Users/sarahoualli/Desktop/BIO/iris_twins_project/data/raw/CASIA-Iris-Twins/60/1R/S3601R10.jpg,.jpg,20180,80a97b41ced6a00dd5cdd3ee76d72197f67f56257a3bfc7625e5c3833ffb22ea,640,480,L,JPEG,True,,True,60,1,R,10,True,True,127.9772491455078,39.215721130371094,45.63286457481384,0.0030631510416666,0.000166015625,1R,False,False,False,False,False,False,True,True,True,378.0443115234375,151.0529022216797,55.501853942871094,362.3260192359008,threshold_p6,22.94207668257364,73.89225908372828,0.8570566818763653,386.0443115234375,151.0529022216797,127.0,127.1491357075569,radial_lateral_search,80.3932876586914,36.14500045776367,high,2.288211851999089,8.0
60,2,L,F60_T2,F60_T2_L,2,S3602L02.jpg,60/2L/S3602L02.jpg,/Users/sarahoualli/Desktop/BIO/iris_twins_project/data/raw/CASIA-Iris-Twins/60/2L/S3602L02.jpg,.jpg,20283,b2f623171623e59fa0a12bcdbb06e42017a404c8ead2b0a57265b061c62a57ca,640,480,L,JPEG,True,,True,60,2,L,2,True,True,132.0675048828125,47.19869613647461,29.45704720890257,0.00201171875,0.0001204427083333,2L,False,False,False,False,False,False,True,True,True,281.08587646484375,231.52146911621097,43.65445709228515,317.3771990353056,threshold_p4,21.20218011938749,49.057106598984774,0.7185670945651246,275.0,232.0,124.0,83.92941237174084,hough_iris,54.149539947509766,22.6199951171875,high,2.8404888815331053,6.10466085479603
60,2,L,F60_T2,F60_T2_L,3,S3602L03.jpg,60/2L/S3602L03.jpg,/Users/sarahoualli/Desktop/BIO/iris_twins_project/data/raw/CASIA-Iris-Twins/60/2L/S3602L03.jpg,.jpg,21450,bd87da5bbe4644057b92516d8833e13a18aff1a4514b39911c1ce8080c203f5f,640,480,L,JPEG,True,,True,60,2,L,3,True,True,131.17601013183594,43.08780288696289,43.148348459784195,0.00162109375,8.463541666666667e-05,2L,False,False,False,False,False,False,True,True,True,281.04119873046875,204.56459045410156,48.81081008911133,331.3018513250163,threshold_p3,26.01695624869165,68.80888263665595,0.4378743149592548,276.0,212.0,121.0,88.29721872704009,hough_iris,58.398197174072266,23.73500061035156,high,2.4789590621236703,8.98326220007617
60,2,L,F60_T2,F60_T2_L,7,S3602L07.jpg,60/2L/S3602L07.jpg,/Users/sarahoualli/Desktop/BIO/iris_twins_project/data/raw/CASIA-Iris-Twins/60/2L/S3602L07.jpg,.jpg,21223,6410a0b6ef3951e19604d56e3121d7b2c8d0d6dc852e9e25cedb0802f55e0d1d,640,480,L,JPEG,True,,True,60,2,L,7,True,True,129.42942810058594,43.195701599121094,37.14280050387912,0.002451171875,8.138020833333333e-05,2L,False,False,False,False,False,False,True,True,True,291.9698181152344,200.29188537597656,50.51103210449219,343.88046998731676,threshold_p3,25.46268656716418,71.21233009708737,0.6338443958749701,283.9698181152344,208.29188537597656,121.0,83.84963563658778,radial_lateral_search,56.224998474121094,22.76499938964844,high,2.395516285426266,11.31370849898476
60,2,L,F60_T2,F60_T2_L,8,S3602L08.jpg,60/2L/S3602L08.jpg,/Users/sarahoualli/Desktop/BIO/iris_twins_project/data/raw/CASIA-Iris-Twins/60/2L/S3602L08.jpg,.jpg,20798,94d1b3f826f51824f59011a81b1c368832023e27333858bcf1b213edeb2983a4,640,480,L,JPEG,True,,True,60,2,L,8,True,True,131.5147247314453,44.28232955932617,32.74880398203531,0.0014127604166666,6.510416666666667e-05,2L,False,False,False,False,False,False,True,True,True,320.5,205.0,51.10049057006836,342.0612456694172,threshold_p3,24.94297662041437,68.36033358895706,0.65663557850113,313.0,211.0,122.0,86.1365424785131,hough_iris,57.81589889526367,22.980003356933594,high,2.3874526181449296,9.604686356149273
60,2,R,F60_T2,F60_T2_R,1,S3602R01.jpg,60/2R/S3602R01.jpg,/Users/sarahoualli/Desktop/BIO/iris_twins_project/data/raw/CASIA-Iris-Twins/60/2R/S3602R01.jpg,.jpg,20427,7a498a1393a91168d7cde5fb4e279386d1f1404d26e0b2b6a931e78b3a173d34,640,480,L,JPEG,True,,True,60,2,R,1,True,True,129.70826721191406,40.36723709106445,31.318412582386863,0.000712890625,4.2317708333333335e-05,2R,False,False,False,False,False,False,True,True,True,348.35943603515625,211.22244262695312,40.646541595458984,382.0055390481882,threshold_p3,23.46905250806688,84.97403961584634,0.7505105645093519,352.0,215.0,121.0,69.53937031969076,hough_iris,47.95847702026367,17.0,high,2.976883032368935,5.2462982843886845
60,2,R,F60_T2,F60_T2_R,4,S3602R04.jpg,60/2R/S3602R04.jpg,/Users/sarahoualli/Desktop/BIO/iris_twins_project/data/raw/CASIA-Iris-Twins/60/2R/S3602R04.jpg,.jpg,21584,cf4263482736b535f71208ba4ff14305e2d490169ce2083f5f6649f77422a280,640,480,L,JPEG,True,,True,60,2,R,4,True,True,123.13935089111328,36.800498962402344,39.43531819051106,0.0025227864583333,0.000185546875,2R,False,False,False,False,False,False,True,True,True,335.0346984863281,198.2018890380859,41.78659439086914,392.1477048406476,threshold_p6,20.290701085362276,82.46928849360756,0.884964784081382,342.0,197.0,129.0,119.48770575461756,hough_iris,77.9012222290039,31.93000030517578,high,3.0871144653077547,7.068236161605727
60,2,R,F60_T2,F60_T2_R,5,S3602R05.jpg,60/2R/S3602R05.jpg,/Users/sarahoualli/Desktop/BIO/iris_twins_project/data/raw/CASIA-Iris-Twins/60/2R/S3602R05.jpg,.jpg,21395,bbf1c95f78c853b8a4dd290fb9efa625864a96c2f82ea80d31e0e61b7ffc3b48,640,480,L,JPEG,True,,True,60,2,R,5,True,True,117.60755157470705,41.021690368652344,37.07201902719075,0.0062467447916666,0.0001529947916666,2R,False,False,False,False,False,False,True,True,True,342.0,205.5,42.93318557739258,370.3965727993183,threshold_p6,19.543172413793105,70.49455394190872,0.8853141047784512,350.0,205.5,129.0,109.93379091742544,radial_lateral_search,71.26746368408203,29.775001525878903,high,3.00466872572176,8.0
60,2,R,F60_T2,F60_T2_R,9,S3602R09.jpg,60/2R/S3602R09.jpg,/Users/sarahoualli/Desktop/BIO/iris_twins_project/data/raw/CASIA-Iris-Twins/60/2R/S3602R09.jpg,.jpg,20871,5b97a5d8ff9830a78c7c7c6f2ade1ff6667fffce07ffec7d68004dfb679f4704,640,480,L,JPEG,True,,True,60,2,R,9,True,True,128.0391082763672,52.20571517944336,38.84527960331175,0.0022591145833333,0.000166015625,2R,False,False,False,False,False,False,True,True,True,332.6432189941406,215.5464782714844,40.615013122558594,352.13325576610725,threshold_p6,20.569959488937364,62.62304921968788,0.8765582827109794,340.6432189941406,215.5464782714844,125.0,103.95034853783646,radial_lateral_search,67.70407104492188,28.25499725341797,high,3.0776796654676413,8.0
60,2,R,F60_T2,F60_T2_R,10,S3602R10.jpg,60/2R/S3602R10.jpg,/Users/sarahoualli/Desktop/BIO/iris_twins_project/data/raw/CASIA-Iris-Twins/60/2R/S3602R10.jpg,.jpg,16238,79f5ecdbe9f6b95cf7a0f406a509540e03b9ff43d49d9808c8d2440d8a07e006,640,480,L,JPEG,True,,True,60,2,R,10,True,True,142.77223205566406,39.49485397338867,18.599759470356837,0.000419921875,8.138020833333333e-05,2R,False,False,False,False,False,False,True,True,True,306.9158630371094,236.7671813964844,34.92451095581055,327.5169431666462,threshold_p2,28.1182225845903,63.87943116240726,0.6805283318866563,314.9158630371094,236.7671813964844,102.0,90.77409877015836,radial_lateral_search,58.162445068359375,25.20999526977539,high,2.9205849189716373,8.0
61,1,L,F61_T1,F61_T1_L,1,S3611L01.jpg,61/1L/S3611L01.jpg,/Users/sarahoualli/Desktop/BIO/iris_twins_project/data/raw/CASIA-Iris-Twins/61/1L/S3611L01.jpg,.jpg,20477,9f7622b648c5ea9de143a61204159cf934beaa9a502e8121659012b778496666,640,480,L,JPEG,True,,True,61,1,L,1,True,True,108.90656280517578,33.99044418334961,29.414619181145564,0.003681640625,0.0003352864583333,1L,False,False,False,False,False,False,True,True,True,232.7849578857422,196.41957092285156,52.16470718383789,403.9629338196619,threshold_p6,20.375746606334843,90.02689816480749,0.8874605988816129,224.7849578857422,204.41957092285156,141.0,85.24117635952729,radial_lateral_search,59.22169876098633,20.73999786376953,high,2.702976928502453,11.31370849898476
61,1,L,F61_T1,F61_T1_L,2,S3611L02.jpg,61/1L/S3611L02.jpg,/Users/sarahoualli/Desktop/BIO/iris_twins_project/data/raw/CASIA-Iris-Twins/61/1L/S3611L02.jpg,.jpg,21417,7b3a832407d2c1babe5c94d75e71b17fb9e7a3992ee596a359e0f8a9f8408ab2,640,480,L,JPEG,True,,True,61,1,L,2,True,True,126.1422119140625,31.823734283447266,44.7913141377767,0.0017708333333333,0.000185546875,1L,False,False,False,False,False,False,True,True,True,187.0,184.0,54.0,414.08612754471295,hough_pupil,21.835895664190705,101.35289685197588,0.75,179.0,184.0,136.0,87.50357694272643,radial_lateral_search,58.21549987792969,23.01000213623047,high,2.5185185185185186,8.0
61,1,L,F61_T1,F61_T1_L,3,S3611L03.jpg,61/1L/S3611L03.jpg,/Users/sarahoualli/Desktop/BIO/iris_twins_project/data/raw/CASIA-Iris-Twins/61/1L/S3611L03.jpg,.jpg,22140,cc48611a6c54c74a54c4e2ab2b783f8798a05316798bd5cbae0e4dc8766aa2c8,640,480,L,JPEG,True,,True,61,1,L,3,True,True,127.187744140625,31.046878814697266,43.19581872803371,0.001376953125,0.0001399739583333,1L,False,False,False,False,False,False,True,True,True,181.15663146972656,172.0357666015625,49.30624771118164,412.2060601084427,threshold_p3,23.06740632195939,101.18290402991276,0.7892516117451676,173.15663146972656,180.0357666015625,125.0,79.93076390138776,radial_lateral_search,56.97649002075195,19.029998779296875,high,2.535175678591591,11.31370849898476
61,1,L,F61_T1,F61_T1_L,4,S3611L04.jpg,61/1L/S3611L04.jpg,/Users/sarahoualli/Desktop/BIO/iris_twins_project/data/raw/CASIA-Iris-Twins/61/1L/S3611L04.jpg,.jpg,23151,d60e84be34682b08143086d6213aaa70d966509319aab7ba4e695b2e12046e4c,640,480,L,JPEG,True,,True,61,1,L,4,True,True,131.07034301757812,29.211088180541992,49.102798057460795,0.00076171875,0.000126953125,1L,False,False,False,False,False,False,True,True,True,204.1999969482422,193.3999938964844,45.24829864501953,416.2513196691823,threshold_p4,24.334320256600048,104.5468137254902,0.7415469549663941,198.0,201.0,126.0,94.39190037215675,hough_iris,63.970489501953125,23.579994201660156,high,2.7846350862491223,9.80816266849644
61,1,L,F61_T1,F61_T1_L,5,S3611L05.jpg,61/1L/S3611L05.jpg,/Users/sarahoualli/Desktop/BIO/iris_twins_project/data/raw/CASIA-Iris-Twins/61/1L/S3611L05.jpg,.jpg,21029,b997593f994cd6ecba8f9d259a28c9fcdbf21e14d829ffb7a63809f12bc47ded,640,480,L,JPEG,True,,True,61,1,L,5,True,True,119.74353790283205,32.404014587402344,35.7879492796156,0.002509765625,0.0002473958333333,1L,False,False,False,False,False,False,True,True,True,187.9270477294922,197.8591766357422,51.63677978515625,410.26078774645623,threshold_p5,22.03516441741114,97.2759692757864,0.8174156176777282,179.9270477294922,205.8591766357422,136.0,74.7826925851308,radial_lateral_search,51.566986083984375,18.93500518798828,high,2.633781590677256,11.31370849898476
61,1,L,F61_T1,F61_T1_L,6,S3611L06.jpg,61/1L/S3611L06.jpg,/Users/sarahoualli/Desktop/BIO/iris_twins_project/data/raw/CASIA-Iris-Twins/61/1L/S3611L06.jpg,.jpg,23029,5bd35f82149f283b206417934b581288875a96248406c498ad88652628d670ce,640,480,L,JPEG,True,,True,61,1,L,6,True,True,143.2556915283203,35.5360221862793,32.2841365987036,0.0003352864583333,0.0006087239583333,1L,False,False,False,False,False,False,True,True,True,309.2103576660156,209.56109619140625,55.11445236206055,467.463878140424,threshold_p5,22.79973671219352,123.90587944664033,0.8459238158905267,301.2103576660156,209.56109619140625,142.0,89.90081657261516,radial_lateral_search,58.94599533081055,24.034996032714844,high,2.5764566990009565,8.0
61,1,L,F61_T1,F61_T1_L,7,S3611L07.jpg,61/1L/S3611L07.jpg,/Users/sarahoualli/Desktop/BIO/iris_twins_project/data/raw/CASIA-Iris-Twins/61/1L/S3611L07.jpg,.jpg,22907,a82c529bac67d56e9d7a2aa5f732b6fbacfa166bb3f6856bd6680e6ad29886c8,640,480,L,JPEG,True,,True,61,1,L,7,True,True,150.22821044921875,36.30911636352539,55.13425726572674,0.0002278645833333,0.000185546875,1L,False,False,False,False,False,False,True,True,True,378.5,203.0,47.25737380981445,458.235140397724,threshold_p6,27.762242410813208,127.88518685276902,0.8533662210248802,370.5,211.0,123.0,88.32614782308356,radial_lateral_search,62.511505126953125,20.87999725341797,high,2.6027684165228675,11.31370849898476
61,1,R,F61_T1,F61_T1_R,3,S3611R03.jpg,61/1R/S3611R03.jpg,/Users/sarahoualli/Desktop/BIO/iris_twins_project/data/raw/CASIA-Iris-Twins/61/1R/S3611R03.jpg,.jpg,20136,8c12acc81c3b4771827f035f822ae79f91e2d99801d66ccd824a05a1404a3541,640,480,L,JPEG,True,,True,61,1,R,3,True,True,115.98641967773438,28.854211807250977,60.482036249754174,0.0011458333333333,5.208333333333334e-05,1R,False,False,False,False,False,False,True,True,True,258.0,197.0608062744141,37.0609130859375,342.08657088331336,threshold_p2,24.747961715703653,66.3651145602365,0.8296933325126478,266.0,197.0608062744141,114.0,72.5618048137031,radial_lateral_search,58.11387252807617,12.68000030517578,high,3.0760170354047887,8.0
61,1,R,F61_T1,F61_T1_R,4,S3611R04.jpg,61/1R/S3611R04.jpg,/Users/sarahoualli/Desktop/BIO/iris_twins_project/data/raw/CASIA-Iris-Twins/61/1R/S3611R04.jpg,.jpg,21383,2b5cf896a720f3082230f605dc281b4702485e25009ccbaf43bf224c00d3705b,640,480,L,JPEG,True,,True,61,1,R,4,True,True,112.75228118896484,31.135967254638672,36.01465938614739,0.0025,0.00013671875,1R,False,False,False,False,False,False,True,True,True,281.39910888671875,188.3813018798828,41.287200927734375,357.03367572860196,threshold_p3,22.52742739806395,70.10192525481314,0.8155675338842635,289.39910888671875,188.3813018798828,124.0,73.10839656549592,radial_lateral_search,57.59980010986328,13.230003356933594,high,3.0033520610185978,8.0
61,1,R,F61_T1,F61_T1_R,6,S3611R06.jpg,61/1R/S3611R06.jpg,/Users/sarahoualli/Desktop/BIO/iris_twins_project/data/raw/CASIA-Iris-Twins/61/1R/S3611R06.jpg,.jpg,21836,bb32f1e4cbb5ab2b6c02efd14fe633d500145bc3a5db9adedd6ad055df9d1308,640,480,L,JPEG,True,,True,61,1,R,6,True,True,113.52355194091795,32.419639587402344,39.49713103780746,0.002177734375,0.0001595052083333,1R,False,False,False,False,False,False,True,True,True,272.8738708496094,190.7014007568359,42.26423645019531,379.400574767623,threshold_p6,21.64358620689655,79.57306477093206,0.8435393574883522,280.8738708496094,190.7014007568359,126.0,89.96475343512013,radial_lateral_search,70.34273529052734,16.104995727539062,high,2.9812439684904737,8.0
61,1,R,F61_T1,F61_T1_R,7,S3611R07.jpg,61/1R/S3611R07.jpg,/Users/sarahoualli/Desktop/BIO/iris_twins_project/data/raw/CASIA-Iris-Twins/61/1R/S3611R07.jpg,.jpg,22525,1f1df558a4762a28c771935e65e88e61c371bd61ea9739a6f5a5fbe05ab37b03,640,480,L,JPEG,True,,True,61,1,R,7,True,True,119.69127655029295,30.697185516357425,49.69702910864088,0.0016731770833333,0.0001692708333333,1R,False,False,False,False,False,False,True,True,True,275.55712890625,195.09591674804688,42.76898193359375,398.0238901639059,threshold_p5,23.469241379310343,91.88265864332604,0.8109910431159745,283.55712890625,203.09591674804688,127.0,81.57242683814266,radial_lateral_search,62.01762390136719,16.61499786376953,high,2.969441736938922,11.31370849898476
61,2,L,F61_T2,F61_T2_L,2,S3612L02.jpg,61/2L/S3612L02.jpg,/Users/sarahoualli/Desktop/BIO/iris_twins_project/data/raw/CASIA-Iris-Twins/61/2L/S3612L02.jpg,.jpg,26784,984855c565b6616f94aa05e50a36b204c52a569b19e35d84239d1118c0249b63,640,480,L,JPEG,True,,True,61,2,L,2,True,True,137.43507385253906,36.106353759765625,69.90969016007317,0.0004752604166666,0.0002734375,2L,False,False,False,False,False,False,True,True,True,310.686279296875,242.8447723388672,40.53860855102539,444.1473305526323,threshold_p5,22.732626986600188,111.22554021608644,0.8566673632943502,302.686279296875,250.8447723388672,123.0,88.69737547905879,radial_lateral_search,60.20338439941406,23.18499755859375,high,3.0341445944100816,11.31370849898476
61,2,R,F61_T2,F61_T2_R,1,S3612R01.jpg,61/2R/S3612R01.jpg,/Users/sarahoualli/Desktop/BIO/iris_twins_project/data/raw/CASIA-Iris-Twins/61/2R/S3612R01.jpg,.jpg,22796,b8814c0df1da107b161d958fa4c0cbbcaaeef54a3f9e1790d80345d1eff51c79,640,480,L,JPEG,True,,True,61,2,R,1,True,True,141.1742401123047,31.994653701782227,35.826414640257084,0.0014192708333333,0.0001692708333333,2R,False,False,False,False,False,False,True,True,True,353.29217529296875,181.7196502685547,52.740631103515625,432.66467805351726,threshold_p4,23.97285067873303,111.42825189263591,0.6896119939312265,361.2921752929687,189.7196502685547,130.0,83.6395164306441,radial_lateral_search,58.83837890625,20.54999542236328,high,2.4648927644579204,11.31370849898476
61,2,R,F61_T2,F61_T2_R,2,S3612R02.jpg,61/2R/S3612R02.jpg,/Users/sarahoualli/Desktop/BIO/iris_twins_project/data/raw/CASIA-Iris-Twins/61/2R/S3612R02.jpg,.jpg,21140,93d12fcfe95c5dd62c2603ea308c3b66ca61bdb0d12a0d54d197b33978b5580a,640,480,L,JPEG,True,,True,61,2,R,2,True,True,131.8301239013672,33.03315353393555,30.587798931874172,0.0019694010416666,0.0002180989583333,2R,False,False,False,False,False,False,True,True,True,351.1688232421875,184.65513610839844,52.87767028808594,420.48173325388336,threshold_p4,22.611945701357467,102.56894100923952,0.7383245304900147,359.1688232421875,192.65513610839844,132.0,92.66458531171318,radial_lateral_search,64.30070495605469,23.00499725341797,high,2.496327831404883,11.31370849898476
61,2,R,F61_T2,F61_T2_R,3,S3612R03.jpg,61/2R/S3612R03.jpg,/Users/sarahoualli/Desktop/BIO/iris_twins_project/data/raw/CASIA-Iris-Twins/61/2R/S3612R03.jpg,.jpg,19769,ce1b55b4e1ace50eaa14582ecc3e3cedf4133ad770201b9cdff58d7a85ba7277,640,480,L,JPEG,True,,True,61,2,R,3,True,True,126.15929412841795,39.17087936401367,24.6702300895585,0.00236328125,0.0001725260416666,2R,False,False,False,False,False,False,True,True,True,354.4138488769531,205.4106903076172,51.91679382324219,400.5223077073036,threshold_p4,22.506606334841628,91.63362881931349,0.7687094950043094,362.4138488769531,213.4106903076172,130.0,85.0020162118341,radial_lateral_search,59.20441436767578,21.150001525878903,high,2.504006708168512,11.31370849898476
61,2,R,F61_T2,F61_T2_R,4,S3612R04.jpg,61/2R/S3612R04.jpg,/Users/sarahoualli/Desktop/BIO/iris_twins_project/data/raw/CASIA-Iris-Twins/61/2R/S3612R04.jpg,.jpg,24067,783ac9de9efe64c1662d7b3cce65425ed9a8e7370cf12ddeff5e6fbe44c7d5b6,640,480,L,JPEG,True,,True,61,2,R,4,True,True,134.9918975830078,36.021610260009766,61.87978971242904,0.0018782552083333,0.0001139322916666,2R,False,False,False,False,False,False,True,True,True,364.07806396484375,224.01202392578125,50.380130767822266,428.77002755150534,threshold_p5,23.83641791044776,106.68611650485435,0.8158486523593562,372.07806396484375,224.01202392578125,127.0,97.75957925629902,radial_lateral_search,69.76423645019531,22.080001831054688,high,2.520835060656785,8.0
61,2,R,F61_T2,F61_T2_R,5,S3612R05.jpg,61/2R/S3612R05.jpg,/Users/sarahoualli/Desktop/BIO/iris_twins_project/data/raw/CASIA-Iris-Twins/61/2R/S3612R05.jpg,.jpg,23940,1b0a43bbff000ef650c9d6358ab365ca9af87decb8efb1d2ecff5ab379f4784a,640,480,L,JPEG,True,,True,61,2,R,5,True,True,133.97671508789062,30.281957626342773,84.84909305555556,0.0011458333333333,7.8125e-05,2R,False,False,False,False,False,False,True,True,True,381.5302734375,211.1085662841797,45.134281158447266,438.32083116892846,threshold_p10,25.565260301011595,114.1090866067203,0.8789662897117572,389.5302734375,219.1085662841797,115.0,84.92696203458526,radial_lateral_search,57.35757827758789,22.290000915527344,high,2.5479524000013183,11.31370849898476
61,2,R,F61_T2,F61_T2_R,6,S3612R06.jpg,61/2R/S3612R06.jpg,/Users/sarahoualli/Desktop/BIO/iris_twins_project/data/raw/CASIA-Iris-Twins/61/2R/S3612R06.jpg,.jpg,24300,17ea1b84b151b9134946e57016b6f1d5f1c585d48685dd9912f3e12370450add,640,480,L,JPEG,True,,True,61,2,R,6,True,True,132.3920135498047,31.961515426635746,94.5379575012101,0.001162109375,9.114583333333334e-05,2R,False,False,False,False,False,False,True,True,True,348.3775939941406,210.75570678710935,41.65909194946289,433.43596235172737,threshold_p5,23.919917864476385,110.64730405780988,0.7163526893322479,356.3775939941406,218.75570678710935,117.0,94.57611473957822,radial_lateral_search,62.93258285522461,24.790000915527344,high,2.808510568159623,11.31370849898476
62,1,L,F62_T1,F62_T1_L,1,S3621L01.jpg,62/1L/S3621L01.jpg,/Users/sarahoualli/Desktop/BIO/iris_twins_project/data/raw/CASIA-Iris-Twins/62/1L/S3621L01.jpg,.jpg,18206,fd36ae7eb42733d3a3f9905523c33610fa5ab359a1db4159888c2f7a50b5a662,640,480,L,JPEG,True,,True,62,1,L,1,True,True,142.9015350341797,40.94938659667969,30.06035564740499,0.0005924479166666,0.000205078125,1L,False,False,False,False,False,False,True,True,True,282.0135192871094,144.81732177734375,43.74430084228515,347.958644273175,threshold_p4,26.761744095509993,72.88908629441624,0.7973634059679154,278.0,144.0,103.0,92.85662222846382,hough_iris,66.99323272705078,20.33499526977539,high,2.3545924387122836,4.095894524486598
62,1,L,F62_T1,F62_T1_L,2,S3621L02.jpg,62/1L/S3621L02.jpg,/Users/sarahoualli/Desktop/BIO/iris_twins_project/data/raw/CASIA-Iris-Twins/62/1L/S3621L02.jpg,.jpg,23854,63a9e8446e53303501d876d39909fd7b66ab012a7782846fe84b4da17a6fa06e,640,480,L,JPEG,True,,True,62,1,L,2,True,True,127.37332153320312,43.87751007080078,80.73667907290987,0.0038899739583333,0.0003125,1L,False,False,False,False,False,False,True,True,True,280.3920593261719,229.09521484375,46.9410514831543,337.9722209190917,threshold_p6,23.987812984710835,61.77270751847023,0.7836728931403945,280.3920593261719,229.09521484375,111.0,86.18599418927049,radial_lateral_search,56.724327087402344,22.144996643066406,high,2.3646679503937933,0.0
62,1,L,F62_T1,F62_T1_L,4,S3621L04.jpg,62/1L/S3621L04.jpg,/Users/sarahoualli/Desktop/BIO/iris_twins_project/data/raw/CASIA-Iris-Twins/62/1L/S3621L04.jpg,.jpg,18360,7d0dbb4924a096e8efeb43c8185da5a2ad1daae2211b072c821ea4692c5525a7,640,480,L,JPEG,True,,True,62,1,L,4,True,True,129.17556762695312,42.30778121948242,22.154527787907913,0.0011783854166666,0.000107421875,1L,False,False,False,False,False,False,True,True,True,306.0213928222656,281.4121398925781,45.13077545166016,314.2920426566248,threshold_p3,26.835183814458425,54.074301940369146,0.848974303778852,303.0,282.0,102.0,77.45844262810235,hough_iris,52.670562744140625,19.654998779296875,high,2.260098546484157,3.078050371962145
62,1,L,F62_T1,F62_T1_L,5,S3621L05.jpg,62/1L/S3621L05.jpg,/Users/sarahoualli/Desktop/BIO/iris_twins_project/data/raw/CASIA-Iris-Twins/62/1L/S3621L05.jpg,.jpg,17472,11a1efd15156f3adfd5c15d13db1cfd4d0dd1a0f944f4393ce98ca9a2fb8449a,640,480,L,JPEG,True,,True,62,1,L,5,True,True,129.932373046875,40.46321105957031,18.68536253305011,0.0012369791666666,0.0001041666666666,1L,False,False,False,False,False,False,True,True,True,250.0039520263672,320.94073486328125,38.26939392089844,324.2631676372388,threshold_p5,26.586471176274575,61.46739130434783,0.7786915291505568,250.0039520263672,320.94073486328125,98.0,76.91020503438932,radial_lateral_search,54.301029205322266,16.69000244140625,high,2.560793102774576,0.0
62,1,L,F62_T1,F62_T1_L,6,S3621L06.jpg,62/1L/S3621L06.jpg,/Users/sarahoualli/Desktop/BIO/iris_twins_project/data/raw/CASIA-Iris-Twins/62/1L/S3621L06.jpg,.jpg,22419,a73f47b10ec74e3043e2068b58ff5d124dde01250eb451dd4dd9a6c1b23f144b,640,480,L,JPEG,True,,True,62,1,L,6,True,True,120.55149841308594,44.83826446533203,60.88391538340249,0.004990234375,0.0002506510416666,1L,False,False,False,False,False,False,True,True,True,392.1134948730469,249.4755859375,47.5633544921875,355.13504935822124,threshold_p5,22.734766230888543,68.93378262729996,0.7997595246313282,390.0,248.0,112.0,101.1492466123984,hough_iris,73.96764373779297,21.00499725341797,high,2.354754015896766,2.5776373750671717
62,1,R,F62_T1,F62_T1_R,1,S3621R01.jpg,62/1R/S3621R01.jpg,/Users/sarahoualli/Desktop/BIO/iris_twins_project/data/raw/CASIA-Iris-Twins/62/1R/S3621R01.jpg,.jpg,18581,25f6476c60817d2917ee0132529bad5ad9ddc5215c0e5f46978bcd2bc8e3a3b9,640,480,L,JPEG,True,,True,62,1,R,1,True,True,86.21287536621094,34.12531661987305,32.416339036295135,0.0181184895833333,4.557291666666667e-05,1R,False,False,False,False,False,False,True,True,True,258.0,136.0,52.630889892578125,297.70315320918434,threshold_p12,20.553122171945702,39.50989332415692,0.8061095977109451,258.0,128.0,119.0,82.14877538839099,radial_lateral_search,60.65265655517578,18.18000030517578,high,2.26102960149228,8.0
62,1,R,F62_T1,F62_T1_R,2,S3621R02.jpg,62/1R/S3621R02.jpg,/Users/sarahoualli/Desktop/BIO/iris_twins_project/data/raw/CASIA-Iris-Twins/62/1R/S3621R02.jpg,.jpg,17555,68a180615956a7c3fbb67fb422ec03aec8cf107ba83dec8a6103317b492cc631,640,480,L,JPEG,True,,True,62,1,R,2,True,True,80.62968444824219,32.423954010009766,27.71089114312067,0.0190657552083333,8.7890625e-05,1R,False,False,False,False,False,False,True,True,True,249.24801635742188,177.40582275390625,52.84489440917969,296.63958530783697,threshold_p12,21.115656108597285,39.048864418444595,0.7984842207079947,249.24801635742188,177.40582275390625,118.0,77.91093613005913,radial_lateral_search,54.0931396484375,18.48999786376953,high,2.2329498680860684,0.0
62,1,R,F62_T1,F62_T1_R,3,S3621R03.jpg,62/1R/S3621R03.jpg,/Users/sarahoualli/Desktop/BIO/iris_twins_project/data/raw/CASIA-Iris-Twins/62/1R/S3621R03.jpg,.jpg,23009,0587cfc06452d693b44ba9604f8ddeba645dd4c3c24e9e9924f4fac593c70a5b,640,480,L,JPEG,True,,True,62,1,R,3,True,True,108.93543243408205,43.519901275634766,66.05050136159261,0.0083170572916666,0.0001139322916666,1R,False,False,False,False,False,False,True,True,True,206.0,273.5,54.08567810058594,330.0370509383662,threshold_p12,23.67438244947314,58.34368720696584,0.8795964962824765,214.0,273.5,122.0,79.39570943193284,radial_lateral_search,55.33098983764648,20.029998779296875,high,2.255680325817683,8.0
62,1,R,F62_T1,F62_T1_R,4,S3621R04.jpg,62/1R/S3621R04.jpg,/Users/sarahoualli/Desktop/BIO/iris_twins_project/data/raw/CASIA-Iris-Twins/62/1R/S3621R04.jpg,.jpg,24287,d3cf9e07e78f420b161b10a746083cd410303ea120680b64cfdbe6d2db7f2cbe,640,480,L,JPEG,True,,True,62,1,R,4,True,True,103.35708618164062,45.90918731689453,82.64925962014728,0.0134407552083333,7.161458333333333e-05,1R,False,False,False,False,False,False,True,True,True,215.0,281.0,54.341609954833984,317.9193582887723,threshold_p12,21.051476939022283,49.94633288680509,0.7587575261923856,215.0,281.0,123.0,75.66254984345258,radial_lateral_search,52.40171813964844,18.00499725341797,high,2.263458887254747,0.0
62,1,R,F62_T1,F62_T1_R,5,S3621R05.jpg,62/1R/S3621R05.jpg,/Users/sarahoualli/Desktop/BIO/iris_twins_project/data/raw/CASIA-Iris-Twins/62/1R/S3621R05.jpg,.jpg,20860,104ef95ead117179e5b3deae6c8f7dc51bc6f60e1041ad0e84b1ff2fb2b4a618,640,480,L,JPEG,True,,True,62,1,R,5,True,True,137.89385986328125,51.32754135131836,47.6520763059828,0.0028645833333333,0.0001432291666666,1R,False,False,False,False,False,False,True,True,True,190.028564453125,298.9142761230469,55.45284652709961,367.8498486695613,threshold_p12,25.981240743788053,81.45102685624012,0.8870642249055108,190.028564453125,298.9142761230469,123.0,87.5208831906061,radial_lateral_search,57.189483642578125,23.18499755859375,high,2.2181007414991822,0.0
62,1,R,F62_T1,F62_T1_R,6,S3621R06.jpg,62/1R/S3621R06.jpg,/Users/sarahoualli/Desktop/BIO/iris_twins_project/data/raw/CASIA-Iris-Twins/62/1R/S3621R06.jpg,.jpg,23455,ed791b129389c12ad0b7cb6a02ab6f378170968df5f1da2544daabd816f2c1c4,640,480,L,JPEG,True,,True,62,1,R,6,True,True,166.42742919921875,58.51929473876953,66.28799968591264,0.0005859375,0.0018001302083333,1R,False,False,False,False,False,False,True,True,True,204.62452697753903,330.8887634277344,56.321983337402344,410.8972620696123,threshold_p8,26.75192579783053,106.07638456751712,0.7867519231571894,204.62452697753903,322.8887634277344,125.0,101.35312184931848,radial_lateral_search,72.23258972167969,23.74500274658203,high,2.219382070605989,8.0
62,1,R,F62_T1,F62_T1_R,7,S3621R07.jpg,62/1R/S3621R07.jpg,/Users/sarahoualli/Desktop/BIO/iris_twins_project/data/raw/CASIA-Iris-Twins/62/1R/S3621R07.jpg,.jpg,21796,b2b15f5621ba4feca3270527eaad48bebd7d91c75dd2a4bb057e3dd9135d0351,640,480,L,JPEG,True,,True,62,1,R,7,True,True,133.26515197753906,51.68943786621094,45.16738147709105,0.001923828125,0.009111328125,1R,False,False,True,False,False,True,True,True,True,416.5,287.0,57.760379791259766,391.77177200194893,threshold_p6,24.35667924528302,90.12024120895089,0.890693439437405,416.5,287.0,127.0,127.71444149427988,radial_lateral_search,81.66148376464844,34.470001220703125,high,2.1987390051617615,0.0
62,1,R,F62_T1,F62_T1_R,8,S3621R08.jpg,62/1R/S3621R08.jpg,/Users/sarahoualli/Desktop/BIO/iris_twins_project/data/raw/CASIA-Iris-Twins/62/1R/S3621R08.jpg,.jpg,20167,8dca598b5f03a97d5750614c898ed3bbd8cae5795592e59a25ef37b0afc39ff0,640,480,L,JPEG,True,,True,62,1,R,8,True,True,134.09898376464844,49.76377868652344,29.73261196135414,0.001396484375,0.005947265625,1R,False,False,False,False,False,False,True,True,True,408.28167724609375,267.71832275390625,57.629608154296875,399.2531275149348,threshold_p5,24.377811320754716,93.51975083561229,0.866658767534446,411.0,267.0,129.0,123.79554672406982,hough_iris,79.77772521972656,33.404998779296875,high,2.2384327107450885,2.8116305186108503
62,1,R,F62_T1,F62_T1_R,9,S3621R09.jpg,62/1R/S3621R09.jpg,/Users/sarahoualli/Desktop/BIO/iris_twins_project/data/raw/CASIA-Iris-Twins/62/1R/S3621R09.jpg,.jpg,23178,4b3ac4fe364027b6d8b92d84f53d8049bfe56dcad874189e36ebc4d361dd9775,640,480,L,JPEG,True,,True,62,1,R,9,True,True,153.2274627685547,52.04625701904297,64.10853576904933,0.000146484375,0.00654296875,1R,False,False,False,False,False,False,True,True,True,349.26129150390625,302.6934814453125,57.02732467651367,412.3883507910408,threshold_p5,27.896603773584907,104.833921990172,0.8825053706099806,349.26129150390625,294.6934814453125,130.0,117.04964156865088,radial_lateral_search,83.50220489501953,26.73500061035156,high,2.2796089547847864,8.0
62,1,R,F62_T1,F62_T1_R,10,S3621R10.jpg,62/1R/S3621R10.jpg,/Users/sarahoualli/Desktop/BIO/iris_twins_project/data/raw/CASIA-Iris-Twins/62/1R/S3621R10.jpg,.jpg,23279,688c11419fec6f52e161a71406470ae11190fa4d060533a2dbcd1f720e8bef7f,640,480,L,JPEG,True,,True,62,1,R,10,True,True,130.4411163330078,53.17319107055664,62.777197458224826,0.001689453125,0.0065657552083333,1R,False,False,False,False,False,False,True,True,True,354.2474670410156,299.4366760253906,58.85065460205078,381.9913181106019,threshold_p12,22.94061551798873,82.25760619977038,0.87028834561658,356.0,300.0,129.0,122.01369531455404,hough_iris,78.7509536743164,32.82499694824219,high,2.1919892118838846,1.8408437393478656
62,2,L,F62_T2,F62_T2_L,1,S3622L01.jpg,62/2L/S3622L01.jpg,/Users/sarahoualli/Desktop/BIO/iris_twins_project/data/raw/CASIA-Iris-Twins/62/2L/S3622L01.jpg,.jpg,22762,45c5911bd1386d5ceb7364fc9858bf39c082f6fc146ddd402ba27434c55ccd92,640,480,L,JPEG,True,,True,62,2,L,1,True,True,161.3402099609375,52.0413932800293,37.957463256666394,0.000859375,0.0186588541666666,2L,False,False,True,False,False,True,True,True,True,325.13116455078125,227.7722015380859,65.262939453125,456.4005013001037,threshold_p10,26.77674473343533,123.86858448558706,0.8271712509758717,325.13116455078125,219.7722015380859,133.0,113.2990202534107,radial_lateral_search,75.93038177490234,30.154998779296875,high,2.037910046873188,8.0
62,2,L,F62_T2,F62_T2_L,3,S3622L03.jpg,62/2L/S3622L03.jpg,/Users/sarahoualli/Desktop/BIO/iris_twins_project/data/raw/CASIA-Iris-Twins/62/2L/S3622L03.jpg,.jpg,20315,5bf1d016568370dd4056ccedce419d5ce14026faffd5580102c1b1813f807a7b,640,480,L,JPEG,True,,True,62,2,L,3,True,True,169.26531982421875,57.09435272216797,55.081017447312675,0.0005924479166666,0.0072623697916666,2L,False,False,False,False,False,False,True,True,True,400.488037109375,245.04782104492188,55.86368560791016,405.8355947833587,threshold_p4,29.231567363622073,102.88767890479154,0.8886502497134788,398.0,242.0,115.0,93.52733131576731,hough_iris,61.28960037231445,25.705001831054688,high,2.058582400150775,3.934404882507109
62,2,L,F62_T2,F62_T2_L,4,S3622L04.jpg,62/2L/S3622L04.jpg,/Users/sarahoualli/Desktop/BIO/iris_twins_project/data/raw/CASIA-Iris-Twins/62/2L/S3622L04.jpg,.jpg,20476,bae8645d1a4eaebad18cb286525ff141ed7da43547aba50b2b0b447ec8742633,640,480,L,JPEG,True,,True,62,2,L,4,True,True,168.85044860839844,48.49054718017578,37.11147720637851,0.0002669270833333,0.008955078125,2L,False,False,False,False,False,False,True,True,True,267.05560302734375,252.5061187744141,49.18812942504883,396.5677179227216,threshold_p4,29.037889889051705,97.47559202326548,0.8902336121102743,267.05560302734375,252.5061187744141,105.0,111.53459429214206,radial_lateral_search,76.66494750976562,26.665000915527344,high,2.1346613751595367,0.0
62,2,L,F62_T2,F62_T2_L,5,S3622L05.jpg,62/2L/S3622L05.jpg,/Users/sarahoualli/Desktop/BIO/iris_twins_project/data/raw/CASIA-Iris-Twins/62/2L/S3622L05.jpg,.jpg,23374,5cbb07d48c0baf12b0697a7e18d0bfdc3a3813940b947418143367c1ebd5e6e6,640,480,L,JPEG,True,,True,62,2,L,5,True,True,168.46676635742188,49.684688568115234,63.067778383032454,0.000322265625,0.0010904947916666,2L,False,False,False,False,False,False,True,True,True,228.4333343505859,254.3999938964844,50.356964111328125,394.3248842659578,threshold_p4,27.66487562189055,96.66029126213591,0.7715933220067326,226.0,250.0,106.0,123.23511623036735,hough_iris,88.47423553466797,27.56999969482422,high,2.1049720107363386,5.028027679999508
62,2,L,F62_T2,F62_T2_L,6,S3622L06.jpg,62/2L/S3622L06.jpg,/Users/sarahoualli/Desktop/BIO/iris_twins_project/data/raw/CASIA-Iris-Twins/62/2L/S3622L06.jpg,.jpg,19146,36e31e2607e8adfc19331a6f4d109dfec735b7658f699ecb825a007d227c2d24,640,480,L,JPEG,True,,True,62,2,L,6,True,True,139.75595092773438,43.0560188293457,33.002086824374736,0.0015201822916666,0.000126953125,2L,False,False,False,False,False,False,True,True,True,316.1188659667969,215.8794860839844,49.12269592285156,382.19426289144786,threshold_p5,25.372828134812643,85.55224345658496,0.7798098983116959,316.1188659667969,215.8794860839844,109.0,98.30483592131348,radial_lateral_search,66.82210540771484,24.00499725341797,high,2.2189335897033677,0.0
62,2,L,F62_T2,F62_T2_L,7,S3622L07.jpg,62/2L/S3622L07.jpg,/Users/sarahoualli/Desktop/BIO/iris_twins_project/data/raw/CASIA-Iris-Twins/62/2L/S3622L07.jpg,.jpg,25616,c31aa668174a9ba2a09f0b0d4f2082c07ce0b5653c8f30627ded830844aa72d5,640,480,L,JPEG,True,,True,62,2,L,7,True,True,138.1875457763672,45.44644927978515,129.20544858905998,0.0028548177083333,0.000146484375,2L,False,False,False,False,False,False,True,True,True,332.22039794921875,221.23095703125,49.200103759765625,382.7108635188941,threshold_p3,24.418672807201173,84.57010801828001,0.7672170331323931,332.22039794921875,213.23095703125,115.0,112.47411448870972,radial_lateral_search,81.47454071044922,24.75,high,2.3373934445651225,8.0
62,2,L,F62_T2,F62_T2_L,8,S3622L08.jpg,62/2L/S3622L08.jpg,/Users/sarahoualli/Desktop/BIO/iris_twins_project/data/raw/CASIA-Iris-Twins/62/2L/S3622L08.jpg,.jpg,24751,66c73f5a7169cd716cd77a3d6b9b05327587a8cee72a13ab03421bd0b35e8ec4,640,480,L,JPEG,True,,True,62,2,L,8,True,True,141.3357391357422,57.67232894897461,72.738882636759,0.0058561197916666,0.000302734375,2L,False,False,False,False,False,False,True,True,True,427.4582214355469,259.00347900390625,55.51821517944336,362.5714844515338,threshold_p5,23.27826230047721,74.03830963665087,0.8179967888929225,427.4582214355469,251.00347900390625,125.0,95.01484913840936,radial_lateral_search,68.31379699707031,21.924999237060547,high,2.251513302363574,8.0
62,2,L,F62_T2,F62_T2_L,9,S3622L09.jpg,62/2L/S3622L09.jpg,/Users/sarahoualli/Desktop/BIO/iris_twins_project/data/raw/CASIA-Iris-Twins/62/2L/S3622L09.jpg,.jpg,25128,ba8b69b754f7c75125e13c56d2a2d2faf4b916d031b14a8804b72d36bc2c05a8,640,480,L,JPEG,True,,True,62,2,L,9,True,True,141.7840576171875,58.11458969116211,76.77422456037732,0.0068391927083333,0.0002571614583333,2L,False,False,False,False,False,False,True,True,True,429.3085021972656,259.7121887207031,56.24071502685547,360.7542687316955,threshold_p5,23.21647539695017,73.36154324828874,0.8038230107752793,429.3085021972656,251.71218872070312,124.0,98.9993620140533,radial_lateral_search,69.1251220703125,24.32500457763672,high,2.204808383762348,8.0
62,2,L,F62_T2,F62_T2_L,10,S3622L10.jpg,62/2L/S3622L10.jpg,/Users/sarahoualli/Desktop/BIO/iris_twins_project/data/raw/CASIA-Iris-Twins/62/2L/S3622L10.jpg,.jpg,25558,a89479f653ea44f224e873e5590aec73cd6e530d9269958695fecb123b9365f5,640,480,L,JPEG,True,,True,62,2,L,10,True,True,141.32859802246094,57.9620246887207,82.3102808878157,0.0074348958333333,0.0003157552083333,2L,False,False,False,False,False,False,True,True,True,427.1758728027344,259.0101013183594,56.7010383605957,362.5329582266939,threshold_p6,23.20468479798774,74.03324631449631,0.8050239478010202,427.1758728027344,251.01010131835935,125.0,101.00294552429466,radial_lateral_search,71.30476379394531,24.200000762939453,high,2.2045451655585295,8.0
62,2,R,F62_T2,F62_T2_R,3,S3622R03.jpg,62/2R/S3622R03.jpg,/Users/sarahoualli/Desktop/BIO/iris_twins_project/data/raw/CASIA-Iris-Twins/62/2R/S3622R03.jpg,.jpg,20159,50d6a70b8771d82a41dfbf2021ae69daff84e57a27ad50478b3e354c93c156d9,640,480,L,JPEG,True,,True,62,2,R,3,True,True,136.2648162841797,61.79810333251953,33.404260564920634,0.0064615885416666,0.052255859375,2R,False,False,True,False,False,True,True,True,True,307.5,212.0,62.72369766235352,359.00972820465233,threshold_p8,22.852007648183555,69.8327024981075,0.8489203321042116,307.5,204.0,137.0,66.18978081826334,radial_lateral_search,47.28304672241211,16.550003051757812,high,2.1841824558475733,8.0
62,2,R,F62_T2,F62_T2_R,4,S3622R04.jpg,62/2R/S3622R04.jpg,/Users/sarahoualli/Desktop/BIO/iris_twins_project/data/raw/CASIA-Iris-Twins/62/2R/S3622R04.jpg,.jpg,24941,ecb65d4a82e9dd1f20e121ec4bff443d20300ba55beddfceab1eb856befc64cb,640,480,L,JPEG,True,,True,62,2,R,4,True,True,160.2891387939453,53.07542037963867,59.10454983113608,0.0010221354166666,0.004716796875,2R,False,False,False,False,False,False,True,True,True,317.0737609863281,205.89344787597656,63.90975189208984,426.2336985831264,threshold_p8,26.283739141074268,108.75911052505394,0.8285473956261887,317.0737609863281,197.89344787597656,135.0,89.4533652457024,radial_lateral_search,62.86094665527344,22.24500274658203,high,2.11235368630353,8.0
62,2,R,F62_T2,F62_T2_R,5,S3622R05.jpg,62/2R/S3622R05.jpg,/Users/sarahoualli/Desktop/BIO/iris_twins_project/data/raw/CASIA-Iris-Twins/62/2R/S3622R05.jpg,.jpg,23059,289db5b3ae8f3d8228cd3fcda06a3794961721a8176bf24453d9064cc4bfe806,640,480,L,JPEG,True,,True,62,2,R,5,True,True,149.5598907470703,57.63662338256836,50.63113775803247,0.0023828125,0.0498567708333333,2R,False,False,True,False,False,True,True,True,True,318.23956298828125,209.8310089111328,64.5416030883789,397.2409333917994,threshold_p10,24.312816288101683,91.1547421948912,0.8300832355659743,318.23956298828125,201.8310089111328,136.0,82.48029244023043,radial_lateral_search,57.798614501953125,20.895004272460938,high,2.1071679892079964,8.0
62,2,R,F62_T2,F62_T2_R,6,S3622R06.jpg,62/2R/S3622R06.jpg,/Users/sarahoualli/Desktop/BIO/iris_twins_project/data/raw/CASIA-Iris-Twins/62/2R/S3622R06.jpg,.jpg,21507,ac8634b76c40c363978fd53c17b6e5e043d479d44d4d9953fafd66adb5967a15,640,480,L,JPEG,True,,True,62,2,R,6,True,True,136.21115112304688,61.279685974121094,41.00620547475815,0.006123046875,0.051572265625,2R,False,False,True,False,False,True,True,True,True,317.5,208.5,63.94147872924805,365.3453049140175,threshold_p10,23.26905664994494,72.90002397506593,0.8843358094429832,317.5,200.5,139.0,71.39308520048576,radial_lateral_search,50.679630279541016,17.87000274658203,high,2.1738627689324734,8.0
62,2,R,F62_T2,F62_T2_R,7,S3622R07.jpg,62/2R/S3622R07.jpg,/Users/sarahoualli/Desktop/BIO/iris_twins_project/data/raw/CASIA-Iris-Twins/62/2R/S3622R07.jpg,.jpg,23085,2356caf6762266f598b04f305c2f2c70c2f4b77867b048d11900cb590325fec7,640,480,L,JPEG,True,,True,62,2,R,7,True,True,149.4812774658203,56.90518951416016,46.40146320341958,0.0023600260416666,0.0094889322916666,2R,False,False,True,False,False,True,True,True,True,323.57427978515625,209.89013671875,64.03285217285156,403.144752092823,threshold_p8,25.596353848036216,95.25581395348836,0.8933494018260552,323.57427978515625,201.89013671875,137.0,78.49452056780882,radial_lateral_search,54.95741271972656,19.98500061035156,high,2.1395267483975173,8.0
62,2,R,F62_T2,F62_T2_R,8,S3622R08.jpg,62/2R/S3622R08.jpg,/Users/sarahoualli/Desktop/BIO/iris_twins_project/data/raw/CASIA-Iris-Twins/62/2R/S3622R08.jpg,.jpg,21906,5a49b3063f1a35202e9864ce3d55e7fb6d6f2fc6dd14e6bea6ce0ee05d7c2917,640,480,L,JPEG,True,,True,62,2,R,8,True,True,144.6719970703125,60.48958969116211,45.3157054379675,0.0055045572916666,0.0554720052083333,2R,False,False,True,False,False,True,True,True,True,327.5,213.5,66.8768539428711,384.4741017933894,threshold_p12,23.234663750683435,82.96796942291128,0.8525665509117928,327.5,205.5,139.0,77.00011404869171,radial_lateral_search,52.14632797241211,21.099998474121097,high,2.0784470531275203,8.0
62,2,R,F62_T2,F62_T2_R,9,S3622R09.jpg,62/2R/S3622R09.jpg,/Users/sarahoualli/Desktop/BIO/iris_twins_project/data/raw/CASIA-Iris-Twins/62/2R/S3622R09.jpg,.jpg,19838,0c1cee3e0136bc896cae96aa7605d58cdb04bd184de74cd10e13fa9eb4312e37,640,480,L,JPEG,True,,True,62,2,R,9,True,True,158.81968688964844,69.72528076171875,52.57974517795774,0.0006868489583333,0.18765625,2R,False,False,True,False,False,True,True,True,True,272.0,295.0,61.0,352.67037529497594,hough_pupil,24.525581395348837,72.9933514071779,0.75,272.0,295.0,123.0,82.83635471531602,radial_lateral_search,55.796775817871094,21.410003662109375,high,2.0163934426229506,0.0
62,2,R,F62_T2,F62_T2_R,10,S3622R10.jpg,62/2R/S3622R10.jpg,/Users/sarahoualli/Desktop/BIO/iris_twins_project/data/raw/CASIA-Iris-Twins/62/2R/S3622R10.jpg,.jpg,27159,5f405353f85d8e1b1a1eff446f07cec0ffed4d8c2f074f24bc66fd12b40dbd35,640,480,L,JPEG,True,,True,62,2,R,10,True,True,162.03662109375,50.785438537597656,115.42625773006016,0.0008463541666666,0.0005078125,2R,False,False,False,False,False,False,True,True,True,378.2869262695313,148.80030822753906,56.96194839477539,394.0646161545995,threshold_p4,25.78233962264151,95.31710687960688,0.7639624702672292,378.2869262695313,140.80030822753906,122.0,94.56193164013878,radial_lateral_search,75.4818115234375,16.794998168945312,high,2.14178067004446,8.0
63,1,L,F63_T1,F63_T1_L,1,S3631L01.jpg,63/1L/S3631L01.jpg,/Users/sarahoualli/Desktop/BIO/iris_twins_project/data/raw/CASIA-Iris-Twins/63/1L/S3631L01.jpg,.jpg,19540,bc1fc64a3ac1a35a84cc7687abf20cdc71c2543667294ff8f6f98f7e03d9a644,640,480,L,JPEG,True,,True,63,1,L,1,True,True,128.38485717773438,48.79706573486328,28.832789876132537,0.002314453125,0.0005891927083333,1L,False,False,False,False,False,False,True,True,True,345.4488525390625,209.4207763671875,45.05811309814453,417.8965541832167,threshold_p6,21.337527757216876,98.0841221012778,0.8465714969509115,337.4488525390625,209.4207763671875,133.0,76.39992535503077,radial_lateral_search,52.43190002441406,19.125,high,2.951743667345823,8.0
63,1,L,F63_T1,F63_T1_L,2,S3631L02.jpg,63/1L/S3631L02.jpg,/Users/sarahoualli/Desktop/BIO/iris_twins_project/data/raw/CASIA-Iris-Twins/63/1L/S3631L02.jpg,.jpg,21285,ce35bcf5077a5742286afd39dde71eef8e729c3a7084bb450ddb0dd804437b18,640,480,L,JPEG,True,,True,63,1,L,2,True,True,131.1070098876953,47.77121353149414,37.74139494187038,0.0009212239583333,0.000126953125,1L,False,False,False,False,False,False,True,True,True,273.18133544921875,219.87564086914065,41.08496856689453,388.3272018750585,threshold_p5,27.95775887356996,94.8413080407701,0.7651377767869241,273.18133544921875,219.87564086914065,118.0,71.72809371221187,radial_lateral_search,48.31147384643555,17.07500457763672,high,2.8720966357287687,0.0
63,1,L,F63_T1,F63_T1_L,3,S3631L03.jpg,63/1L/S3631L03.jpg,/Users/sarahoualli/Desktop/BIO/iris_twins_project/data/raw/CASIA-Iris-Twins/63/1L/S3631L03.jpg,.jpg,21339,350067feac6c7f8e1be6a9aa8a1acfed5eb6fee9f9c72e4269d7efea6e289f18,640,480,L,JPEG,True,,True,63,1,L,3,True,True,132.21319580078125,48.220062255859375,41.835318216790085,0.0006998697916666,0.0001204427083333,1L,False,False,False,False,False,False,True,True,True,274.5,224.0,43.02625274658203,393.5228213748527,threshold_p6,30.95806896551724,102.5763744813278,0.7291049673506576,282.5,232.0,109.0,65.78535013329017,radial_lateral_search,50.293426513671875,13.705001831054688,high,2.533337045221975,11.31370849898476
63,1,L,F63_T1,F63_T1_L,4,S3631L04.jpg,63/1L/S3631L04.jpg,/Users/sarahoualli/Desktop/BIO/iris_twins_project/data/raw/CASIA-Iris-Twins/63/1L/S3631L04.jpg,.jpg,21592,9fb9704225026737858899e81f5672a3f0f516380072063666d0afc700dd627e,640,480,L,JPEG,True,,True,63,1,L,4,True,True,132.18844604492188,48.14064407348633,43.413335176425505,0.0007161458333333,0.0001399739583333,1L,False,False,False,False,False,False,True,True,True,277.5680236816406,225.69761657714844,39.1012077331543,388.6903772234186,threshold_p5,26.23458847050983,91.35311526479752,0.8058685756584807,285.5680236816406,233.69761657714844,106.0,68.91977863667614,radial_lateral_search,52.42354965209961,13.915000915527344,high,2.710913706896106,11.31370849898476
63,1,L,F63_T1,F63_T1_L,5,S3631L05.jpg,63/1L/S3631L05.jpg,/Users/sarahoualli/Desktop/BIO/iris_twins_project/data/raw/CASIA-Iris-Twins/63/1L/S3631L05.jpg,.jpg,21405,843c36a37e803f86a73f6f86008218147fb4b3f4356e5c54b8d5571d4e85fa9b,640,480,L,JPEG,True,,True,63,1,L,5,True,True,133.51992797851562,50.23991775512695,42.82621420474581,0.0010481770833333,0.0008203125,1L,False,False,False,False,False,False,True,True,True,289.0,223.0,43.68075942993164,403.20242237338215,threshold_p8,27.857254087723852,102.23337563451776,0.7521907013221064,289.0,231.0,110.0,72.59065848778893,radial_lateral_search,54.111572265625,15.290000915527344,high,2.518271235106412,8.0
63,1,L,F63_T1,F63_T1_L,6,S3631L06.jpg,63/1L/S3631L06.jpg,/Users/sarahoualli/Desktop/BIO/iris_twins_project/data/raw/CASIA-Iris-Twins/63/1L/S3631L06.jpg,.jpg,21988,c937aab83c4ffcb6da12692f112e3cd4ac7a1436b901e66176a78a64fa3be303,640,480,L,JPEG,True,,True,63,1,L,6,True,True,136.1688995361328,45.11954116821289,53.271980988979344,0.0003548177083333,0.0001953125,1L,False,False,False,False,False,False,True,True,True,295.93048095703125,227.89013671875,39.93377685546875,421.80242928800067,threshold_p6,24.68245559364288,104.96511627906976,0.8262590360704674,295.93048095703125,227.89013671875,111.0,69.61106495357318,radial_lateral_search,54.44147491455078,10.919998168945312,high,2.7796018493752626,0.0
63,1,L,F63_T1,F63_T1_L,7,S3631L07.jpg,63/1L/S3631L07.jpg,/Users/sarahoualli/Desktop/BIO/iris_twins_project/data/raw/CASIA-Iris-Twins/63/1L/S3631L07.jpg,.jpg,21542,fed381eebfd7697fc0a507078ed09b96506be32aeb4b9c482046ac7913e3d35b,640,480,L,JPEG,True,,True,63,1,L,7,True,True,134.75633239746094,52.62556838989258,38.59887816327413,0.0005598958333333,0.00013671875,1L,False,False,False,False,False,False,True,True,True,327.0,227.5,42.29962539672851,408.43153127349905,threshold_p5,26.74813793103448,102.78975776724592,0.7202658449110205,327.0,227.5,116.0,61.362806055197254,radial_lateral_search,43.36143493652344,12.8800048828125,high,2.7423410706840805,0.0
63,1,L,F63_T1,F63_T1_L,8,S3631L08.jpg,63/1L/S3631L08.jpg,/Users/sarahoualli/Desktop/BIO/iris_twins_project/data/raw/CASIA-Iris-Twins/63/1L/S3631L08.jpg,.jpg,21691,dc41a9d413a56139287955a5b53c8726b856f039ce8ef3eee704ee4287a823b4,640,480,L,JPEG,True,,True,63,1,L,8,True,True,135.06529235839844,53.41448593139648,44.258252164109535,0.0011490885416666,0.0015397135416666,1L,False,False,False,False,False,False,True,True,True,338.3523254394531,227.72938537597656,43.411773681640625,411.43471573446254,threshold_p6,23.339735271217233,98.72408700322234,0.7389253088801424,338.3523254394531,227.72938537597656,116.0,72.43361063425438,radial_lateral_search,50.77926254272461,15.69000244140625,high,2.672086168390255,0.0
63,1,L,F63_T1,F63_T1_L,9,S3631L09.jpg,63/1L/S3631L09.jpg,/Users/sarahoualli/Desktop/BIO/iris_twins_project/data/raw/CASIA-Iris-Twins/63/1L/S3631L09.jpg,.jpg,21571,3b87448dd6d508bf0196a0a27454b3f5fcbd9a445bd8c8b8d3c3b7fb9c562023,640,480,L,JPEG,True,,True,63,1,L,9,True,True,136.64768981933594,51.16097640991211,43.85416017700831,0.0007845052083333,0.0001627604166666,1L,False,False,False,False,False,False,True,True,True,339.55352783203125,226.93212890625,45.21356964111328,417.1311575453692,threshold_p6,26.00814211695041,106.41433980123048,0.7036271165028973,347.55352783203125,234.93212890625,109.0,72.05473845788639,radial_lateral_search,57.256046295166016,13.55999755859375,high,2.410780676358827,11.31370849898476
63,1,L,F63_T1,F63_T1_L,10,S3631L10.jpg,63/1L/S3631L10.jpg,/Users/sarahoualli/Desktop/BIO/iris_twins_project/data/raw/CASIA-Iris-Twins/63/1L/S3631L10.jpg,.jpg,21275,53a7db15f1849e623e92bd49d57b982b7c17cd83fcd37952015b14bff463c6df,640,480,L,JPEG,True,,True,63,1,L,10,True,True,134.67636108398438,53.61109924316406,37.13294169854058,0.0009505208333333,0.0001106770833333,1L,False,False,False,False,False,False,True,True,True,339.821044921875,228.63882446289065,42.14844512939453,395.5551026578399,threshold_p5,23.88,93.52932184546972,0.5903443778193604,347.821044921875,236.63882446289065,106.0,68.21481460253031,radial_lateral_search,54.00055694580078,12.845001220703123,high,2.514920768122834,11.31370849898476
63,1,R,F63_T1,F63_T1_R,1,S3631R01.jpg,63/1R/S3631R01.jpg,/Users/sarahoualli/Desktop/BIO/iris_twins_project/data/raw/CASIA-Iris-Twins/63/1R/S3631R01.jpg,.jpg,21524,1d255e5a13c0e70cfc8a0bb409ad47109926e90a19ade49433a9bc67512cc585,640,480,L,JPEG,True,,True,63,1,R,1,True,True,143.49359130859375,44.61079406738281,26.17566607130898,0.000126953125,0.0002180989583333,1R,False,False,False,False,False,False,True,True,True,318.4117736816406,223.8235321044922,40.854515075683594,440.5483284574236,threshold_p5,25.149897330595483,114.06122448979592,0.8744533051706134,326.4117736816406,231.8235321044922,121.0,73.55603677866802,radial_lateral_search,50.659385681152344,18.979995727539062,high,2.96172894907321,11.31370849898476
63,1,R,F63_T1,F63_T1_R,2,S3631R02.jpg,63/1R/S3631R02.jpg,/Users/sarahoualli/Desktop/BIO/iris_twins_project/data/raw/CASIA-Iris-Twins/63/1R/S3631R02.jpg,.jpg,21794,3de5ec474e7801889884af4a5f415c02dfd3460cd1b9404c8434380ecc5dc6fb,640,480,L,JPEG,True,,True,63,1,R,2,True,True,138.275146484375,52.457515716552734,32.7513876613617,0.0001302083333333,0.00025390625,1R,False,False,False,False,False,False,True,True,True,323.4756774902344,226.06204223632812,46.39223098754883,406.8842027119326,threshold_p5,28.95154903331004,104.67324460761816,0.812881435142182,331.4756774902344,234.06204223632812,124.0,73.78103041391611,radial_lateral_search,50.997013092041016,18.51499938964844,high,2.6728613252783693,11.31370849898476
63,1,R,F63_T1,F63_T1_R,3,S3631R03.jpg,63/1R/S3631R03.jpg,/Users/sarahoualli/Desktop/BIO/iris_twins_project/data/raw/CASIA-Iris-Twins/63/1R/S3631R03.jpg,.jpg,21802,cc2d4fd37956ce32f4df3fd4bb77c8d5bd153569a35c9993f26f1fc7e47b3076,640,480,L,JPEG,True,,True,63,1,R,3,True,True,141.1867218017578,45.26521682739258,30.22799511701797,0.0001041666666666,0.0001953125,1R,False,False,False,False,False,False,True,True,True,311.0,234.5,41.1005859375,430.1728831199481,threshold_p5,23.62217659137577,106.08224801812004,0.8824923703938665,319.0,242.5,124.0,78.96024376621111,radial_lateral_search,53.23262023925781,21.160003662109375,high,3.0169886188134103,11.31370849898476
63,1,R,F63_T1,F63_T1_R,4,S3631R04.jpg,63/1R/S3631R04.jpg,/Users/sarahoualli/Desktop/BIO/iris_twins_project/data/raw/CASIA-Iris-Twins/63/1R/S3631R04.jpg,.jpg,20999,5161fb617d444043923c5d09e80d93f7ad68d7e89ffe09627ce146303581b725,640,480,L,JPEG,True,,True,63,1,R,4,True,True,140.669921875,43.19214630126953,26.421457044718007,0.0002376302083333,0.0001627604166666,1R,False,False,False,False,False,False,True,True,True,304.5,222.0,40.524784088134766,428.6615424036377,threshold_p4,23.41290121533188,105.63295318127253,0.8679554440637698,312.5,222.0,122.0,83.38252942706248,radial_lateral_search,57.388545989990234,20.73999786376953,high,3.010503393051274,8.0
63,1,R,F63_T1,F63_T1_R,5,S3631R05.jpg,63/1R/S3631R05.jpg,/Users/sarahoualli/Desktop/BIO/iris_twins_project/data/raw/CASIA-Iris-Twins/63/1R/S3631R05.jpg,.jpg,22465,2473092aed44697d4517927da269c84bf67800963104a61f0f00d0a237a9cc3f,640,480,L,JPEG,True,,True,63,1,R,5,True,True,141.19989013671875,42.2295036315918,36.47312446831597,0.0002864583333333,0.000166015625,1R,False,False,False,False,False,False,True,True,True,303.0,205.3353729248047,41.44417953491211,437.3072979222005,threshold_p4,25.029334115576415,113.3896103896104,0.8444632932425769,311.0,213.3353729248047,120.0,72.48394861581473,radial_lateral_search,50.63821792602539,18.040000915527344,high,2.89546086680069,11.31370849898476
63,1,R,F63_T1,F63_T1_R,6,S3631R06.jpg,63/1R/S3631R06.jpg,/Users/sarahoualli/Desktop/BIO/iris_twins_project/data/raw/CASIA-Iris-Twins/63/1R/S3631R06.jpg,.jpg,20753,ffd2f87f14ebaab101cdc28efc91eb38a0768f2f27f921274860119351332a27,640,480,L,JPEG,True,,True,63,1,R,6,True,True,135.39199829101562,48.02322006225586,32.449047956297136,0.0004654947916666,0.0001139322916666,1R,False,False,False,False,False,False,True,True,True,312.9212951660156,206.47850036621097,42.23884201049805,376.5898444341375,threshold_p5,26.712827586206895,87.3946637020567,0.7242714238978549,304.9212951660156,214.47850036621097,102.0,61.37301233122006,radial_lateral_search,50.485076904296875,10.7550048828125,high,2.4148389289329693,11.31370849898476
63,1,R,F63_T1,F63_T1_R,7,S3631R07.jpg,63/1R/S3631R07.jpg,/Users/sarahoualli/Desktop/BIO/iris_twins_project/data/raw/CASIA-Iris-Twins/63/1R/S3631R07.jpg,.jpg,16375,0b7e592f0c44ffd640d427c3ccfc94e95daee9e2ac985421d29c146a771142d2,640,480,L,JPEG,True,,True,63,1,R,7,True,True,135.64759826660156,34.824066162109375,18.35441088866128,0.0003483072916666,7.486979166666666e-05,1R,False,False,False,False,False,False,True,True,True,303.0590515136719,187.7638397216797,33.00010299682617,354.30965031503285,threshold_p3,30.35266383781235,81.01226851851852,0.7568334106392087,310.0,187.0,98.0,82.27529901228668,hough_iris,54.897762298583984,21.43000030517578,high,2.9696877009573357,6.982851638856177
63,1,R,F63_T1,F63_T1_R,8,S3631R08.jpg,63/1R/S3631R08.jpg,/Users/sarahoualli/Desktop/BIO/iris_twins_project/data/raw/CASIA-Iris-Twins/63/1R/S3631R08.jpg,.jpg,16113,60238b7def7b08e1324532fa8ffc9f4835fe099c5987e7a3e90376ba014817a5,640,480,L,JPEG,True,,True,63,1,R,8,True,True,135.7937469482422,37.111534118652344,16.994063312742437,0.0002962239583333,8.463541666666667e-05,1R,False,False,False,False,False,False,True,True,True,299.5,203.94285583496097,35.23152160644531,337.1763673696023,threshold_p4,30.640032613126785,73.31327160493827,0.7055027242843787,307.5,203.94285583496097,98.0,73.05280156439115,radial_lateral_search,47.72520065307617,19.61000061035156,high,2.7815999857943043,8.0
63,1,R,F63_T1,F63_T1_R,9,S3631R09.jpg,63/1R/S3631R09.jpg,/Users/sarahoualli/Desktop/BIO/iris_twins_project/data/raw/CASIA-Iris-Twins/63/1R/S3631R09.jpg,.jpg,16361,3ff3a523888ef57d3e2037f0b7c2be6b8bc3d19efa1d18eea5663874176a8822,640,480,L,JPEG,True,,True,63,1,R,9,True,True,135.53993225097656,35.20285415649414,17.075094090737235,0.0005078125,7.8125e-05,1R,False,False,False,False,False,False,True,True,True,272.0,199.19186401367188,43.37678146362305,369.4846389247479,threshold_p4,35.91461199065663,101.00657894736842,0.6011821279859055,280.0,207.19186401367188,98.0,77.83897422060028,radial_lateral_search,54.40630340576172,20.160003662109375,high,2.2592732031579033,11.31370849898476
63,1,R,F63_T1,F63_T1_R,10,S3631R10.jpg,63/1R/S3631R10.jpg,/Users/sarahoualli/Desktop/BIO/iris_twins_project/data/raw/CASIA-Iris-Twins/63/1R/S3631R10.jpg,.jpg,20464,2db459fdaca5c01f43296ed869daa526b48ad22eff39dbc41dc0d0b1869e2967,640,480,L,JPEG,True,,True,63,1,R,10,True,True,134.10658264160156,43.383602142333984,42.22201273600259,0.00087890625,9.765625e-05,1R,False,False,False,False,False,False,True,True,True,262.5,191.5,42.43239974975586,365.404613054619,threshold_p5,26.985931034482757,84.01326586433261,0.6677807952080805,270.5,199.5,106.0,73.23209827029976,radial_lateral_search,50.90916442871094,18.68499755859375,high,2.498091096075939,11.31370849898476
63,2,L,F63_T2,F63_T2_L,1,S3632L01.jpg,63/2L/S3632L01.jpg,/Users/sarahoualli/Desktop/BIO/iris_twins_project/data/raw/CASIA-Iris-Twins/63/2L/S3632L01.jpg,.jpg,18515,edd5e4eb15ace946f9584e6e771a9f69e3f0742f44e1fc38c6f73c3556752de5,640,480,L,JPEG,True,,True,63,2,L,1,True,True,128.7107391357422,40.716529846191406,28.729762206861707,0.001162109375,7.8125e-05,2L,False,False,False,False,False,False,True,True,True,369.03363037109375,245.5044860839844,37.83198165893555,383.5873383640641,threshold_p4,24.42786246012053,85.09646739130434,0.8548056335403134,361.03363037109375,245.5044860839844,105.0,83.06871101189616,radial_lateral_search,57.961421966552734,19.43500518798828,high,2.7754295544600427,8.0
63,2,L,F63_T2,F63_T2_L,2,S3632L02.jpg,63/2L/S3632L02.jpg,/Users/sarahoualli/Desktop/BIO/iris_twins_project/data/raw/CASIA-Iris-Twins/63/2L/S3632L02.jpg,.jpg,18804,5382336bb51423fdf85f7c05a2c84fd2de1c0596e324e3bd48dd6777f7abd85c,640,480,L,JPEG,True,,True,63,2,L,2,True,True,128.98191833496094,41.19028091430664,31.77401587215,0.00138671875,7.486979166666666e-05,2L,False,False,False,False,False,False,True,True,True,374.6681213378906,247.3578186035156,37.89072036743164,382.4431969964753,threshold_p4,24.214817440623893,84.39588994565217,0.8503438586270659,366.6681213378906,247.3578186035156,105.0,79.87449450182271,radial_lateral_search,54.624000549316406,19.525001525878903,high,2.771127045931042,8.0
63,2,L,F63_T2,F63_T2_L,5,S3632L05.jpg,63/2L/S3632L05.jpg,/Users/sarahoualli/Desktop/BIO/iris_twins_project/data/raw/CASIA-Iris-Twins/63/2L/S3632L05.jpg,.jpg,21912,ec3450b00632ef9c45d97829cd852f4f23529d519e5fd69e106470c288b1ed06,640,480,L,JPEG,True,,True,63,2,L,5,True,True,128.4613494873047,48.34897232055664,51.04688402489556,0.0022395833333333,9.765625e-05,2L,False,False,False,False,False,False,True,True,True,405.0,257.6524353027344,42.114471435546875,385.7036206356452,threshold_p4,23.924137931034483,87.49402445803224,0.7717297592313671,397.0,257.6524353027344,118.0,80.80404696953256,radial_lateral_search,56.74759292602539,18.76000213623047,high,2.8018872368038714,8.0
63,2,L,F63_T2,F63_T2_L,6,S3632L06.jpg,63/2L/S3632L06.jpg,/Users/sarahoualli/Desktop/BIO/iris_twins_project/data/raw/CASIA-Iris-Twins/63/2L/S3632L06.jpg,.jpg,22388,21b9d84fdbf484c0f33d9da0f13541908c814d9fd387006b961e77f227bd28ff,640,480,L,JPEG,True,,True,63,2,L,6,True,True,130.2698211669922,42.928070068359375,59.21270916540359,0.00158203125,9.765625e-05,2L,False,False,False,False,False,False,True,True,True,398.4676513671875,258.8206481933594,42.68227005004883,395.1237545561207,threshold_p12,24.980689655172412,92.56879102844638,0.8525395105275109,390.4676513671875,258.8206481933594,113.0,78.07910453130103,radial_lateral_search,54.43522644042969,18.61000061035156,high,2.6474693090947894,8.0
63,2,R,F63_T2,F63_T2_R,10,S3632R10.jpg,63/2R/S3632R10.jpg,/Users/sarahoualli/Desktop/BIO/iris_twins_project/data/raw/CASIA-Iris-Twins/63/2R/S3632R10.jpg,.jpg,20629,c6036f3d9ea40c14865654106667204d5edba028af11c15240a0bc8b16057880,640,480,L,JPEG,True,,True,63,2,R,10,True,True,140.60311889648438,37.79087448120117,41.05635675998265,0.0004850260416666,9.114583333333334e-05,2R,False,False,False,False,False,False,True,True,True,289.72515869140625,226.0046234130859,36.212615966796875,406.2925844692946,threshold_p8,26.751236211487257,99.6072768192048,0.846226976463042,297.72515869140625,226.0046234130859,106.0,98.29648810645072,radial_lateral_search,66.27811431884766,24.80500030517578,high,2.9271566599107546,8.0
64,1,L,F64_T1,F64_T1_L,1,S3641L01.jpg,64/1L/S3641L01.jpg,/Users/sarahoualli/Desktop/BIO/iris_twins_project/data/raw/CASIA-Iris-Twins/64/1L/S3641L01.jpg,.jpg,17341,afda2b4dad57ad33b47570f8f9256805ec5e4ffce92ddf1430f7dfdfbc7b52d4,640,480,L,JPEG,True,,True,64,1,L,1,True,True,144.857421875,42.3207893371582,31.605807996103504,0.0004557291666666,0.0001106770833333,1L,False,False,False,False,False,False,True,True,True,334.214111328125,221.31105041503903,47.333778381347656,351.7815091970656,threshold_p3,29.283625083093288,77.34151283205763,0.7505591156604074,326.214111328125,213.31105041503903,113.0,69.1109811957722,radial_lateral_search,46.097198486328125,19.49500274658203,high,2.3873014972438535,11.31370849898476
64,1,L,F64_T1,F64_T1_L,2,S3641L02.jpg,64/1L/S3641L02.jpg,/Users/sarahoualli/Desktop/BIO/iris_twins_project/data/raw/CASIA-Iris-Twins/64/1L/S3641L02.jpg,.jpg,20443,b086f8b9b60a55c5e51bdd16c58c16f0565a0e05b95acae1bdab0ab95ed9b1c4,640,480,L,JPEG,True,,True,64,1,L,2,True,True,143.96072387695312,42.26717758178711,59.239133494695054,0.0008528645833333,0.0001041666666666,1L,False,False,False,False,False,False,True,True,True,327.0,221.0,45.0,358.10931611151796,hough_pupil,27.555884529977796,78.51999526739233,0.75,327.0,213.0,115.0,88.90395668877497,radial_lateral_search,58.97773361206055,23.36000061035156,high,2.5555555555555554,8.0
64,1,L,F64_T1,F64_T1_L,4,S3641L04.jpg,64/1L/S3641L04.jpg,/Users/sarahoualli/Desktop/BIO/iris_twins_project/data/raw/CASIA-Iris-Twins/64/1L/S3641L04.jpg,.jpg,19245,072ec6cecf46b6a820f27338499063af8a7424011edd9a62327d88c847343d61,640,480,L,JPEG,True,,True,64,1,L,4,True,True,141.49818420410156,39.335784912109375,33.95628333832424,0.0004915364583333,9.114583333333334e-05,1L,False,False,False,False,False,False,True,True,True,282.6445007324219,216.50379943847656,52.232608795166016,370.09489846883326,threshold_p3,29.31529411764706,89.7152752788773,0.6119674433686663,282.6445007324219,216.50379943847656,117.0,76.4616824629651,radial_lateral_search,50.49476623535156,20.00499725341797,high,2.239980018207094,0.0
64,1,L,F64_T1,F64_T1_L,6,S3641L06.jpg,64/1L/S3641L06.jpg,/Users/sarahoualli/Desktop/BIO/iris_twins_project/data/raw/CASIA-Iris-Twins/64/1L/S3641L06.jpg,.jpg,17691,843c569292905f602ab75cc3e92abd1a27dff68e12a1c07ed9ad94e48d9bbe44,640,480,L,JPEG,True,,True,64,1,L,6,True,True,136.58580017089844,39.16377639770508,28.485412749565977,0.000556640625,0.0001236979166666,1L,False,False,False,False,False,False,True,True,True,292.0,221.0,46.0,342.78347407082384,hough_pupil,28.93943629163755,73.34255813953489,0.75,292.0,221.0,117.0,93.40870537135912,radial_lateral_search,61.9157829284668,23.085006713867188,high,2.5434782608695654,0.0
64,1,L,F64_T1,F64_T1_L,7,S3641L07.jpg,64/1L/S3641L07.jpg,/Users/sarahoualli/Desktop/BIO/iris_twins_project/data/raw/CASIA-Iris-Twins/64/1L/S3641L07.jpg,.jpg,18964,3beb0d346edcc866fdf61b3e134b63e03a885b6120f58f2bd836e61e3cb9aac1,640,480,L,JPEG,True,,True,64,1,L,7,True,True,137.24229431152344,36.3086051940918,36.89911811506482,0.0008463541666666,8.7890625e-05,1L,False,False,False,False,False,False,True,True,True,277.29608154296875,208.96926879882812,49.66455841064453,347.87561704383194,threshold_p4,29.53293532338309,78.0885437277404,0.6614199134937216,269.29608154296875,208.96926879882812,118.0,101.45586178242276,radial_lateral_search,71.01610565185547,24.23999786376953,high,2.375939780322485,8.0
64,1,R,F64_T1,F64_T1_R,1,S3641R01.jpg,64/1R/S3641R01.jpg,/Users/sarahoualli/Desktop/BIO/iris_twins_project/data/raw/CASIA-Iris-Twins/64/1R/S3641R01.jpg,.jpg,16476,fb8d634f777781a1a137e894d21eb5412929fbce93f23e655492961f90935793,640,480,L,JPEG,True,,True,64,1,R,1,True,True,126.59782409667967,35.86367416381836,18.813852617009484,0.0009993489583333,6.510416666666667e-05,1R,False,False,False,False,False,False,True,True,True,266.274658203125,196.65933227539065,47.5888671875,322.61641422814733,threshold_p3,28.480389984489253,61.02513906718015,0.8578156994817755,274.274658203125,196.65933227539065,110.0,71.87026635799927,radial_lateral_search,47.47040557861328,20.11000061035156,high,2.3114649812234513,8.0
64,1,R,F64_T1,F64_T1_R,2,S3641R02.jpg,64/1R/S3641R02.jpg,/Users/sarahoualli/Desktop/BIO/iris_twins_project/data/raw/CASIA-Iris-Twins/64/1R/S3641R02.jpg,.jpg,17457,40c53539da4aac0cb47c3f5e3921a26b8e0dc7dbfe83ddd187afc6cfd7a71162,640,480,L,JPEG,True,,True,64,1,R,2,True,True,129.25338745117188,36.40872573852539,26.91188492291769,0.000830078125,0.0001399739583333,1R,False,False,False,False,False,False,True,True,True,220.79544067382812,209.20225524902344,51.37469482421875,345.79426205054915,threshold_p4,27.605208135335488,71.53392465252378,0.8878699712900138,228.79544067382812,209.20225524902344,113.0,72.56861436558657,radial_lateral_search,51.9065055847168,17.76000213623047,high,2.199526447536779,8.0
64,1,R,F64_T1,F64_T1_R,3,S3641R03.jpg,64/1R/S3641R03.jpg,/Users/sarahoualli/Desktop/BIO/iris_twins_project/data/raw/CASIA-Iris-Twins/64/1R/S3641R03.jpg,.jpg,19021,e1fa3ca486884712a9335c78c4fc03ad6132680b802bafa81395e9f7f8b628f0,640,480,L,JPEG,True,,True,64,1,R,3,True,True,127.3276596069336,36.963809967041016,28.073133443154237,0.0014192708333333,0.0001009114583333,1R,False,False,False,False,False,False,True,True,True,331.6618957519531,251.72906494140625,50.01485061645508,347.98508827379993,threshold_p3,27.296915422885572,70.56582524271845,0.8421391169395671,339.6618957519531,251.72906494140625,117.0,76.18342928615299,radial_lateral_search,53.33821105957031,18.919998168945312,high,2.3393051975148067,8.0
64,1,R,F64_T1,F64_T1_R,4,S3641R04.jpg,64/1R/S3641R04.jpg,/Users/sarahoualli/Desktop/BIO/iris_twins_project/data/raw/CASIA-Iris-Twins/64/1R/S3641R04.jpg,.jpg,20100,aae3a541b62695b807523d655bfec7c682f0cf16b73906c82094e51926b54f6a,640,480,L,JPEG,True,,True,64,1,R,4,True,True,126.47396850585938,38.016239166259766,40.457466850747,0.0019661458333333,8.7890625e-05,1R,False,False,False,False,False,False,True,True,True,307.2304382324219,229.35304260253903,51.79741668701172,352.044592602666,threshold_p6,26.3484128492682,71.14456839795172,0.8544052304358258,312.0,232.0,118.0,93.60664149069504,hough_iris,67.07292175292969,21.275001525878903,high,2.2781058891994643,5.454823821051982
64,1,R,F64_T1,F64_T1_R,5,S3641R05.jpg,64/1R/S3641R05.jpg,/Users/sarahoualli/Desktop/BIO/iris_twins_project/data/raw/CASIA-Iris-Twins/64/1R/S3641R05.jpg,.jpg,19719,3c9a76beb0fbea8231a0b0693cebfb884da5bde65160da274724ea85788b1aae,640,480,L,JPEG,True,,True,64,1,R,5,True,True,128.22486877441406,35.95518493652344,35.28131841700872,0.0019563802083333,0.0001009114583333,1R,False,False,False,False,False,False,True,True,True,314.0503845214844,222.63816833496097,49.29014587402344,358.12241164087146,threshold_p3,26.316307305840485,76.22663066057333,0.7001969082265036,322.0503845214844,222.63816833496097,117.0,89.37586914614371,radial_lateral_search,63.950069427490234,20.665000915527344,high,2.3736996092288005,8.0
64,1,R,F64_T1,F64_T1_R,6,S3641R06.jpg,64/1R/S3641R06.jpg,/Users/sarahoualli/Desktop/BIO/iris_twins_project/data/raw/CASIA-Iris-Twins/64/1R/S3641R06.jpg,.jpg,18261,ad3fa29a53573f6888301f39da4eb7dce4efa6e2fe8676b7fed04734f00230fa,640,480,L,JPEG,True,,True,64,1,R,6,True,True,129.43572998046875,36.03642654418945,31.868885333760577,0.0015299479166666,9.114583333333334e-05,1R,False,False,False,False,False,False,True,True,True,304.759033203125,202.87156677246097,48.27677536010742,348.22393538825787,threshold_p6,27.65354825204103,71.6697218710493,0.8634364854278275,312.759033203125,202.87156677246097,113.0,78.54631038914445,radial_lateral_search,54.78562545776367,19.570003509521484,high,2.340670004512674,8.0
64,1,R,F64_T1,F64_T1_R,7,S3641R07.jpg,64/1R/S3641R07.jpg,/Users/sarahoualli/Desktop/BIO/iris_twins_project/data/raw/CASIA-Iris-Twins/64/1R/S3641R07.jpg,.jpg,17655,ba1eb9d8c3a96691b369af8226f66e1e5d598c71d59eae34ee592ecb935da032,640,480,L,JPEG,True,,True,64,1,R,7,True,True,122.99935150146484,34.332054138183594,23.008129036415948,0.0015690104166666,0.0001009114583333,1R,False,False,False,False,False,False,True,True,True,291.0,165.0,48.0,328.0396493011476,hough_pupil,27.211389319742963,64.85643988018828,0.75,299.0,165.0,111.0,81.19024963378907,radial_lateral_search,56.289249420166016,20.46500015258789,high,2.3125,8.0
64,1,R,F64_T1,F64_T1_R,9,S3641R09.jpg,64/1R/S3641R09.jpg,/Users/sarahoualli/Desktop/BIO/iris_twins_project/data/raw/CASIA-Iris-Twins/64/1R/S3641R09.jpg,.jpg,19337,32d2cb8d17e3cc4c666428857a86ac8917a7b64d6af31b4aebc4188dbd6bb602,640,480,L,JPEG,True,,True,64,1,R,9,True,True,117.95403289794922,37.078948974609375,34.389288442134855,0.002607421875,5.208333333333334e-05,1R,False,False,False,False,False,False,True,True,True,327.59368896484375,211.1589202880859,48.41106414794922,319.06253034412737,threshold_p4,25.606656897634497,55.83175305520438,0.7153350512427706,335.59368896484375,219.1589202880859,115.0,75.59220744564529,radial_lateral_search,50.014678955078125,21.359996795654297,high,2.3754900253493316,11.31370849898476
64,2,L,F64_T2,F64_T2_L,1,S3642L01.jpg,64/2L/S3642L01.jpg,/Users/sarahoualli/Desktop/BIO/iris_twins_project/data/raw/CASIA-Iris-Twins/64/2L/S3642L01.jpg,.jpg,21406,aa68d81f07757645a34facfaa384c651b5db87434a1ca89bd1b2be8e7f4f2a0c,640,480,L,JPEG,True,,True,64,2,L,1,True,True,142.19761657714844,44.35835647583008,49.068312379190665,0.0012467447916666,0.0001139322916666,2L,False,False,False,False,False,False,True,True,True,328.6630554199219,165.18389892578125,52.77622604370117,360.61768871803446,threshold_p4,26.20398190045249,76.5516173434274,0.8612138638639961,320.6630554199219,165.18389892578125,126.0,111.84914715938427,radial_lateral_search,72.70439910888672,30.42499542236328,high,2.387438614797241,8.0
64,2,R,F64_T2,F64_T2_R,1,S3642R01.jpg,64/2R/S3642R01.jpg,/Users/sarahoualli/Desktop/BIO/iris_twins_project/data/raw/CASIA-Iris-Twins/64/2R/S3642R01.jpg,.jpg,17003,a8cd754d08b604a5d6ed15da8dfd78afe3360cdb369f1f5866ec3b75b6887acd,640,480,L,JPEG,True,,True,64,2,R,1,True,True,135.19261169433594,44.7154655456543,19.886113248655533,0.0030338541666666,0.0001920572916666,2R,False,False,False,False,False,False,True,True,True,465.154052734375,224.02935791015625,56.98867416381836,347.50171582151677,threshold_p6,25.642716981132075,70.15486793611794,0.8646618605391444,465.154052734375,232.02935791015625,126.0,77.5560985516898,radial_lateral_search,51.50724029541016,21.574996948242188,high,2.2109656321851467,8.0
64,2,R,F64_T2,F64_T2_R,3,S3642R03.jpg,64/2R/S3642R03.jpg,/Users/sarahoualli/Desktop/BIO/iris_twins_project/data/raw/CASIA-Iris-Twins/64/2R/S3642R03.jpg,.jpg,17996,c53d7b7d4301488f5db5d105a32155da2fa47072c255a8a425ba986c7238ed29,640,480,L,JPEG,True,,True,64,2,R,3,True,True,133.4176788330078,39.90229034423828,27.58470246708129,0.0019205729166666,7.486979166666666e-05,2R,False,False,False,False,False,False,True,True,True,312.3830871582031,210.35006713867188,49.93452072143555,342.08613379882325,threshold_p6,27.265273631840795,66.88276612584092,0.9006506108137333,312.3830871582031,210.35006713867188,114.0,73.99913284894103,radial_lateral_search,49.64517974853515,18.729995727539062,high,2.2829897704627986,0.0
64,2,R,F64_T2,F64_T2_R,4,S3642R04.jpg,64/2R/S3642R04.jpg,/Users/sarahoualli/Desktop/BIO/iris_twins_project/data/raw/CASIA-Iris-Twins/64/2R/S3642R04.jpg,.jpg,19194,47f1429908ed5c2967f706ddb383a2da4a92b7cd696b979726d3b6e291199825,640,480,L,JPEG,True,,True,64,2,R,4,True,True,132.6719207763672,41.93202209472656,34.68822963052325,0.0019563802083333,8.7890625e-05,2R,False,False,False,False,False,False,True,True,True,310.05963134765625,213.8119201660156,51.3349609375,344.9712228970174,threshold_p6,26.70937084204524,67.51773957571324,0.8965222317353331,310.05963134765625,213.8119201660156,119.0,73.74332408373466,radial_lateral_search,49.234893798828125,18.73999786376953,high,2.3181083189072993,0.0
64,2,R,F64_T2,F64_T2_R,5,S3642R05.jpg,64/2R/S3642R05.jpg,/Users/sarahoualli/Desktop/BIO/iris_twins_project/data/raw/CASIA-Iris-Twins/64/2R/S3642R05.jpg,.jpg,19961,c82d563d3e15fef7cb1071f61d7f996f9a4c33b42144a14484b71adb599a93a0,640,480,L,JPEG,True,,True,64,2,R,5,True,True,138.03150939941406,37.96244430541992,40.93605759667292,0.001171875,8.7890625e-05,2R,False,False,False,False,False,False,True,True,True,310.6268615722656,210.84515380859375,53.64979934692383,362.2138086278017,threshold_p6,26.8277768181033,76.91047182620503,0.8774740133352278,314.0,209.0,118.0,92.71876844440776,hough_iris,66.18118286132812,21.214996337890625,high,2.1994490461550233,3.8448218983493048
66,1,L,F66_T1,F66_T1_L,1,S3661L01.jpg,66/1L/S3661L01.jpg,/Users/sarahoualli/Desktop/BIO/iris_twins_project/data/raw/CASIA-Iris-Twins/66/1L/S3661L01.jpg,.jpg,22702,6177cec88663e3dd39622508cd863535b7700ad5fb032c87eb743a780ffcbbb4,640,480,L,JPEG,True,,True,66,1,L,1,True,True,138.2842254638672,36.336910247802734,58.672337162907894,0.0003776041666666,0.0002180989583333,1L,False,False,False,False,False,False,True,True,True,305.0,224.0,46.57262420654297,460.6441344922651,threshold_p6,22.64546936873981,120.03751720972924,0.8647159214605159,297.0,232.0,128.0,74.46718127031374,radial_lateral_search,49.91801834106445,19.56000518798828,high,2.748395697702972,11.31370849898476
66,1,L,F66_T1,F66_T1_L,2,S3661L02.jpg,66/1L/S3661L02.jpg,/Users/sarahoualli/Desktop/BIO/iris_twins_project/data/raw/CASIA-Iris-Twins/66/1L/S3661L02.jpg,.jpg,23132,44adc5dcb6bd1d625d472f7870d5bc67f5e03d2a2ab1624ac08cfdfb022467ee,640,480,L,JPEG,True,,True,66,1,L,2,True,True,140.93203735351562,33.71882247924805,68.97225929462644,0.0002278645833333,0.0002180989583333,1L,False,False,False,False,False,False,True,True,True,310.5669250488281,217.29925537109375,42.59678268432617,475.458518805833,threshold_p3,23.00441379310345,127.8101750547046,0.8847553877204347,302.5669250488281,225.29925537109375,128.0,73.04120994781131,radial_lateral_search,50.562313079833984,18.805007934570312,high,3.0049217789187312,11.31370849898476
66,1,L,F66_T1,F66_T1_L,3,S3661L03.jpg,66/1L/S3661L03.jpg,/Users/sarahoualli/Desktop/BIO/iris_twins_project/data/raw/CASIA-Iris-Twins/66/1L/S3661L03.jpg,.jpg,22851,5f99c999a6b854cf295ed7b2a6a3fcecb18915af3de41e9ae0ecdc3fe0cc9fa6,640,480,L,JPEG,True,,True,66,1,L,3,True,True,133.5890350341797,35.83853530883789,60.43889480988184,0.0005013020833333,0.0001888020833333,1L,False,False,False,False,False,False,True,True,True,312.4537353515625,217.6387939453125,44.4464225769043,460.729610814912,threshold_p5,22.603010115963485,119.95391131041356,0.8683034191570205,304.4537353515625,217.6387939453125,126.0,78.96832482742857,radial_lateral_search,54.40681457519531,19.215003967285156,high,2.83487382549149,8.0
66,1,R,F66_T1,F66_T1_R,2,S3661R02.jpg,66/1R/S3661R02.jpg,/Users/sarahoualli/Desktop/BIO/iris_twins_project/data/raw/CASIA-Iris-Twins/66/1R/S3661R02.jpg,.jpg,19676,f67eac919f27f6a74eea15029d5d81693fde67086790245c17b9005b8da56f6b,640,480,L,JPEG,True,,True,66,1,R,2,True,True,80.0392074584961,23.213871002197266,39.58844388626947,0.0131477864583333,6.510416666666667e-05,1R,False,True,False,False,False,True,True,True,True,366.0782165527344,141.8083953857422,43.47504425048828,323.3270027121342,threshold_p8,21.012976901116012,51.78504296455424,0.8296097631211142,374.0782165527344,141.8083953857422,116.0,61.53204176361634,radial_lateral_search,43.860252380371094,14.28499984741211,high,2.6681973992170733,8.0
66,1,R,F66_T1,F66_T1_R,6,S3661R06.jpg,66/1R/S3661R06.jpg,/Users/sarahoualli/Desktop/BIO/iris_twins_project/data/raw/CASIA-Iris-Twins/66/1R/S3661R06.jpg,.jpg,20376,ed09c183896e5f6dcc8e334974482c43e939c5ddf5318fef560825dadf8d1f4c,640,480,L,JPEG,True,,True,66,1,R,6,True,True,103.1924057006836,27.843339920043945,40.80922498235704,0.0029264322916666,0.000126953125,1R,False,True,False,False,False,True,True,True,True,312.08929443359375,158.54464721679688,45.86151123046875,381.50040183062066,threshold_p8,23.294199860237597,83.07244186046512,0.8366356064526623,320.08929443359375,158.54464721679688,119.0,72.65482279633262,radial_lateral_search,48.920753479003906,18.824996948242188,high,2.5947683974474143,8.0
66,1,R,F66_T1,F66_T1_R,7,S3661R07.jpg,66/1R/S3661R07.jpg,/Users/sarahoualli/Desktop/BIO/iris_twins_project/data/raw/CASIA-Iris-Twins/66/1R/S3661R07.jpg,.jpg,23819,3c61db4c8c5eab766a23daacfcc01a1b4f17263a77493699746bfe87aa04b6f3,640,480,L,JPEG,True,,True,66,1,R,7,True,True,135.55816650390625,37.89614486694336,61.40030383283827,0.0005859375,0.0001790364583333,1R,False,False,False,False,False,False,True,True,True,322.8839416503906,255.9716339111328,46.3251953125,439.6321751570908,threshold_p8,22.62497088283252,109.52260211106012,0.8309818022563814,330.8839416503906,255.9716339111328,128.0,83.27063530226076,radial_lateral_search,59.3459358215332,18.55500030517578,high,2.763075236629635,8.0
66,1,R,F66_T1,F66_T1_R,8,S3661R08.jpg,66/1R/S3661R08.jpg,/Users/sarahoualli/Desktop/BIO/iris_twins_project/data/raw/CASIA-Iris-Twins/66/1R/S3661R08.jpg,.jpg,24386,46c55b53cd1f04e953f3cf64cf46a28b25eb5f8f9afa8461c266c9d8940fde07,640,480,L,JPEG,True,,True,66,1,R,8,True,True,134.3358917236328,37.94171142578125,101.98399100230534,0.00064453125,0.0002213541666666,1R,False,False,False,False,False,False,True,True,True,335.3283386230469,232.32615661621097,43.906036376953125,442.5577675293731,threshold_p5,22.61406696080976,110.64530456852792,0.8562432690923801,343.3283386230469,232.32615661621097,123.0,88.92797192691991,radial_lateral_search,60.02571868896485,22.220001220703125,high,2.8014371177573287,8.0
66,2,L,F66_T2,F66_T2_L,1,S3662L01.jpg,66/2L/S3662L01.jpg,/Users/sarahoualli/Desktop/BIO/iris_twins_project/data/raw/CASIA-Iris-Twins/66/2L/S3662L01.jpg,.jpg,19947,b5299ac5ee63afbdafae1ec9ddd694999d74788ae6cdba1a8192b5d4e038a38a,640,480,L,JPEG,True,,True,66,2,L,1,True,True,138.11048889160156,39.610374450683594,64.4754954392751,0.0010026041666666,7.8125e-05,2L,False,False,False,False,False,False,True,True,True,405.0,189.5,38.564979553222656,401.3137512201743,threshold_p10,24.617127624125292,95.73914431673052,0.8684323558019563,397.0,189.5,113.0,84.39812689691666,radial_lateral_search,61.421600341796875,18.355003356933594,high,2.9301195361468104,8.0
66,2,L,F66_T2,F66_T2_L,3,S3662L03.jpg,66/2L/S3662L03.jpg,/Users/sarahoualli/Desktop/BIO/iris_twins_project/data/raw/CASIA-Iris-Twins/66/2L/S3662L03.jpg,.jpg,20643,382046586003675d1a28a27f71f4b940afb22f1b60496df77ef84f956154115c,640,480,L,JPEG,True,,True,66,2,L,3,True,True,134.41383361816406,35.88371276855469,69.93469516066445,0.00109375,7.161458333333333e-05,2L,False,False,False,False,False,False,True,True,True,354.96978759765625,158.68121337890625,36.8062629699707,403.1371148367072,threshold_p2,23.202738683910233,95.34534368070952,0.7865168979230839,346.96978759765625,166.68121337890625,112.0,83.70179281260071,radial_lateral_search,59.926055908203125,19.840003967285156,high,3.0429603812638617,11.31370849898476
66,2,L,F66_T2,F66_T2_L,4,S3662L04.jpg,66/2L/S3662L04.jpg,/Users/sarahoualli/Desktop/BIO/iris_twins_project/data/raw/CASIA-Iris-Twins/66/2L/S3662L04.jpg,.jpg,20444,99a6773db2c9eec680f95fda93bde9436809020a1ab3a17aeb4f205ecccb16c6,640,480,L,JPEG,True,,True,66,2,L,4,True,True,130.2682647705078,34.674957275390625,69.37913354363971,0.001357421875,7.486979166666666e-05,2L,False,False,False,False,False,False,True,True,True,353.0,151.00685119628906,37.64971160888672,408.8767500784311,threshold_p3,23.16377171215881,98.30784526391902,0.7838193478752014,345.0,151.00685119628906,115.0,82.79877200057865,radial_lateral_search,61.866661071777344,17.25,high,3.054472267799676,8.0
66,2,R,F66_T2,F66_T2_R,1,S3662R01.jpg,66/2R/S3662R01.jpg,/Users/sarahoualli/Desktop/BIO/iris_twins_project/data/raw/CASIA-Iris-Twins/66/2R/S3662R01.jpg,.jpg,17355,cf07b041ae0b7e44cf0da6eb6f51368fb8368ddf0c646f4326259cb3f525b952,640,480,L,JPEG,True,,True,66,2,R,1,True,True,135.74220275878906,31.4360408782959,29.617668510850255,0.00048828125,8.7890625e-05,2R,False,False,False,False,False,False,True,True,True,334.88409423828125,182.68463134765625,37.81332778930664,391.4320160587698,threshold_p6,26.732364409783763,93.62686820652172,0.784931131074505,334.88409423828125,182.68463134765625,107.0,80.73367559093361,radial_lateral_search,58.9604377746582,15.779998779296877,high,2.829690118685055,0.0
66,2,R,F66_T2,F66_T2_R,2,S3662R02.jpg,66/2R/S3662R02.jpg,/Users/sarahoualli/Desktop/BIO/iris_twins_project/data/raw/CASIA-Iris-Twins/66/2R/S3662R02.jpg,.jpg,19652,cc9a47e9545afe52ad09c30ef6ce84207f8c8c4e1db199a5230fb28a77d7b660,640,480,L,JPEG,True,,True,66,2,R,2,True,True,135.80154418945312,31.87763023376465,57.51347781752484,0.0007584635416666,8.463541666666667e-05,2R,False,False,False,False,False,False,True,True,True,353.52978515625,184.8517608642578,38.59566879272461,407.0647891123839,threshold_p5,24.952015994668443,98.13868613138686,0.8472281420769923,353.52978515625,176.8517608642578,115.0,82.45666645109466,radial_lateral_search,64.84410095214844,14.665000915527344,high,2.979608945698016,8.0
66,2,R,F66_T2,F66_T2_R,3,S3662R03.jpg,66/2R/S3662R03.jpg,/Users/sarahoualli/Desktop/BIO/iris_twins_project/data/raw/CASIA-Iris-Twins/66/2R/S3662R03.jpg,.jpg,16843,8056f30d029954c06af27dbc8ffefce327220bc9861b8cf8bc2581ac2cb32f17,640,480,L,JPEG,True,,True,66,2,R,3,True,True,132.36782836914062,30.77941513061523,22.445415273443857,0.001044921875,7.486979166666666e-05,2R,False,False,False,False,False,False,True,True,True,391.5,175.0,39.71470642089844,400.3952908152899,threshold_p5,24.890620130881896,95.56074051407587,0.8617645094323779,391.5,175.0,115.0,72.43391567992862,radial_lateral_search,54.57852935791016,13.169998168945312,high,2.895652778626242,0.0
66,2,R,F66_T2,F66_T2_R,4,S3662R04.jpg,66/2R/S3662R04.jpg,/Users/sarahoualli/Desktop/BIO/iris_twins_project/data/raw/CASIA-Iris-Twins/66/2R/S3662R04.jpg,.jpg,17186,6808fa1eb43edea6e15fc57c6f2ea38621408c4f3b31dad57975fd4314c56975,640,480,L,JPEG,True,,True,66,2,R,4,True,True,133.04034423828125,30.811613082885746,26.246973977820076,0.0009505208333333,8.463541666666667e-05,2R,False,False,False,False,False,False,True,True,True,420.38623046875,162.61904907226562,39.14361953735352,397.2630002806314,threshold_p6,24.971342885704765,94.86542056074768,0.86466302112312,420.38623046875,162.61904907226562,112.0,72.98771204148657,radial_lateral_search,50.052738189697266,16.70000457763672,high,2.8612581392255243,0.0
66,2,R,F66_T2,F66_T2_R,5,S3662R05.jpg,66/2R/S3662R05.jpg,/Users/sarahoualli/Desktop/BIO/iris_twins_project/data/raw/CASIA-Iris-Twins/66/2R/S3662R05.jpg,.jpg,18103,8e8b3f70c655a578369b593dfba060d753d768ab5af337184a8ab52454c82829,640,480,L,JPEG,True,,True,66,2,R,5,True,True,133.01954650878906,31.30557632446289,31.69452450051837,0.0007845052083333,0.0001009114583333,2R,False,False,False,False,False,False,True,True,True,432.4864196777344,162.69700622558594,39.71979141235352,394.6724323754365,threshold_p8,24.481146774696168,93.29023867809056,0.8629127112685661,432.4864196777344,170.69700622558594,111.0,79.91873106963244,radial_lateral_search,54.965030670166016,19.3800048828125,high,2.7945766091177697,8.0
66,2,R,F66_T2,F66_T2_R,6,S3662R06.jpg,66/2R/S3662R06.jpg,/Users/sarahoualli/Desktop/BIO/iris_twins_project/data/raw/CASIA-Iris-Twins/66/2R/S3662R06.jpg,.jpg,17765,dedb343684b4fb3a1b2638cdd7d0a9ccba4da52d640db8f2f3fd0b1aeeef783b,640,480,L,JPEG,True,,True,66,2,R,6,True,True,134.74639892578125,31.506519317626953,28.25889988861083,0.0012565104166666,8.463541666666667e-05,2R,False,False,False,False,False,False,True,True,True,425.2368469238281,162.67544555664062,39.80734634399414,397.4650269902101,threshold_p8,24.36584605796198,94.43987148102816,0.8492130461277028,425.2368469238281,170.67544555664062,111.0,76.57996975637222,radial_lateral_search,52.03569030761719,19.06999969482422,high,2.7884300309997156,8.0
66,2,R,F66_T2,F66_T2_R,7,S3662R07.jpg,66/2R/S3662R07.jpg,/Users/sarahoualli/Desktop/BIO/iris_twins_project/data/raw/CASIA-Iris-Twins/66/2R/S3662R07.jpg,.jpg,18513,c4cb4d94281b1d3f84e55e6492a3052eb74b15be617b7f671486e364a5999eca,640,480,L,JPEG,True,,True,66,2,R,7,True,True,135.15354919433594,31.549671173095703,40.75220939937168,0.0008072916666666,9.765625e-05,2R,False,False,False,False,False,False,True,True,True,405.8761596679687,162.3955535888672,40.175254821777344,401.5502735778095,threshold_p8,24.60205671548769,96.7750917992656,0.8351035638565388,405.8761596679687,162.3955535888672,112.0,75.3709565924134,radial_lateral_search,51.53309631347656,17.13500213623047,high,2.7877856779464514,0.0
68,1,L,F68_T1,F68_T1_L,7,S3681L07.jpg,68/1L/S3681L07.jpg,/Users/sarahoualli/Desktop/BIO/iris_twins_project/data/raw/CASIA-Iris-Twins/68/1L/S3681L07.jpg,.jpg,21951,090486ca44fa43960aba1b21d0ecf43a6ae994b27be0b9c06ed382f60bd23f5d,640,480,L,JPEG,True,,True,68,1,L,7,True,True,127.3427734375,41.61656188964844,51.08737188207837,0.0025130208333333,0.0001171875,1L,False,False,False,False,False,False,True,True,True,382.6471557617187,236.2273712158203,44.83451461791992,339.9045829265632,threshold_p10,23.619787811497655,61.902840059790734,0.8513941823118939,377.0,242.0,126.0,110.60408512856884,hough_iris,74.75630187988281,27.21999740600586,high,2.810334874231894,8.075494491178429
68,1,R,F68_T1,F68_T1_R,9,S3681R09.jpg,68/1R/S3681R09.jpg,/Users/sarahoualli/Desktop/BIO/iris_twins_project/data/raw/CASIA-Iris-Twins/68/1R/S3681R09.jpg,.jpg,21697,bd2fcbc24e8dd41230b2b43fe5961eeeec4dbb9e3b4f14865897d5f706d2b647,640,480,L,JPEG,True,,True,68,1,R,9,True,True,124.7485122680664,47.130069732666016,61.61588239334955,0.0042936197916666,0.0001009114583333,1R,False,False,False,False,False,False,True,True,True,249.56344604492188,290.960693359375,43.10832977294922,323.862755901342,threshold_p6,20.203586206896553,50.83272821576764,0.8140145842498845,257.5634460449219,298.960693359375,123.0,86.44706862848177,radial_lateral_search,58.5946044921875,22.209999084472656,high,2.853276864305315,11.31370849898476
68,2,L,F68_T2,F68_T2_L,4,S3682L04.jpg,68/2L/S3682L04.jpg,/Users/sarahoualli/Desktop/BIO/iris_twins_project/data/raw/CASIA-Iris-Twins/68/2L/S3682L04.jpg,.jpg,21638,3b0bba1b933264fb1788a0393bdb06274c73e943657f68578df124356377356c,640,480,L,JPEG,True,,True,68,2,L,4,True,True,112.52334594726562,36.727821350097656,37.1815966184828,0.0061295572916666,0.000146484375,2L,False,False,False,False,False,False,True,True,True,325.40484619140625,206.84262084960935,42.98626327514648,348.419036004263,threshold_p8,20.02813793103448,61.00920643153527,0.8007574000846469,318.0,208.0,126.0,112.36693066764906,hough_iris,76.45829772949219,27.50499725341797,high,2.931168945611745,7.494749736725208
68,2,L,F68_T2,F68_T2_L,5,S3682L05.jpg,68/2L/S3682L05.jpg,/Users/sarahoualli/Desktop/BIO/iris_twins_project/data/raw/CASIA-Iris-Twins/68/2L/S3682L05.jpg,.jpg,22670,d6c94ac7b28e3d2fe71e804f052c80c390432e051e01c6517bdc907b71c277a2,640,480,L,JPEG,True,,True,68,2,L,5,True,True,134.4359130859375,39.08172225952149,62.08943081536824,0.001240234375,0.0001302083333333,2L,False,False,False,False,False,False,True,True,True,315.591796875,201.34666442871097,39.05580520629883,374.069452000061,threshold_p5,21.823392202599138,76.3880062305296,0.8076108802428666,307.591796875,201.34666442871097,118.0,110.56046849110814,radial_lateral_search,71.44273376464844,30.145004272460938,high,3.021317813746399,8.0
68,2,L,F68_T2,F68_T2_L,6,S3682L06.jpg,68/2L/S3682L06.jpg,/Users/sarahoualli/Desktop/BIO/iris_twins_project/data/raw/CASIA-Iris-Twins/68/2L/S3682L06.jpg,.jpg,24151,b7fcc141e793b20614032829e382db747b9dec1f1928a1742abef1949425bc86,640,480,L,JPEG,True,,True,68,2,L,6,True,True,138.1435546875,39.95246124267578,82.52462614177068,0.0012141927083333,9.114583333333334e-05,2L,False,False,False,False,False,False,True,True,True,299.3928527832031,215.1011962890625,40.532989501953125,376.732412107967,threshold_p5,22.216578373325024,78.81482593037215,0.7695508461759912,291.3928527832031,223.1011962890625,119.0,122.16831099513244,radial_lateral_search,78.62326049804688,33.654998779296875,high,2.935880167295972,11.31370849898476
68,2,R,F68_T2,F68_T2_R,6,S3682R06.jpg,68/2R/S3682R06.jpg,/Users/sarahoualli/Desktop/BIO/iris_twins_project/data/raw/CASIA-Iris-Twins/68/2R/S3682R06.jpg,.jpg,20663,867289c8f55748b767813c022a999e3986fcae696f63c3263852848bd4f4c01f,640,480,L,JPEG,True,,True,68,2,R,6,True,True,123.7122039794922,46.95634078979492,51.81111927079095,0.004267578125,0.0001009114583333,2R,False,False,False,False,False,False,True,True,True,328.3981628417969,150.10647583007812,36.754695892333984,313.47628635554884,threshold_p4,36.2700646633701,80.96452328159646,0.2606684968854377,328.3981628417969,158.10647583007812,94.0,61.605610946141624,radial_lateral_search,64.37562561035156,-2.7100067138671875,high,2.5574963339475163,8.0
69,1,L,F69_T1,F69_T1_L,2,S3691L02.jpg,69/1L/S3691L02.jpg,/Users/sarahoualli/Desktop/BIO/iris_twins_project/data/raw/CASIA-Iris-Twins/69/1L/S3691L02.jpg,.jpg,22996,3930a6a0bbdfc2df7a8f5f8686bd8355e0baa103fce62895d2e9bc042ec93c9b,640,480,L,JPEG,True,,True,69,1,L,2,True,True,130.97494506835938,34.44060134887695,59.0162644598643,0.0006868489583333,8.463541666666667e-05,1L,False,False,False,False,False,False,True,True,True,296.0,174.0,43.73795318603515,367.51934247106817,threshold_p4,28.100181676615623,83.52271573604061,0.8438392139037866,296.0,166.0,103.0,84.9106347680922,radial_lateral_search,69.44389343261719,13.605003356933594,high,2.354934158941994,8.0
69,1,L,F69_T1,F69_T1_L,3,S3691L03.jpg,69/1L/S3691L03.jpg,/Users/sarahoualli/Desktop/BIO/iris_twins_project/data/raw/CASIA-Iris-Twins/69/1L/S3691L03.jpg,.jpg,22355,836c975b8db2fe2d2b45044c3ab0961a75488c435dc2df0cc8e495611c412846,640,480,L,JPEG,True,,True,69,1,L,3,True,True,129.68576049804688,30.97903060913086,62.19063844362895,0.00064453125,1.953125e-05,1L,False,False,False,False,False,False,True,True,True,243.0,177.0,43.0,352.47739901094576,hough_pupil,26.339862068965516,76.39302385892117,0.75,251.0,177.0,97.0,72.40206745946129,radial_lateral_search,56.946815490722656,13.879997253417969,high,2.255813953488372,8.0
69,1,L,F69_T1,F69_T1_L,4,S3691L04.jpg,69/1L/S3691L04.jpg,/Users/sarahoualli/Desktop/BIO/iris_twins_project/data/raw/CASIA-Iris-Twins/69/1L/S3691L04.jpg,.jpg,22524,69b122b077a69fec6989e45630bdfd22b88c8caed4359d93aa6f6f54ac9a8572,640,480,L,JPEG,True,,True,69,1,L,4,True,True,134.52622985839844,33.32421112060547,70.004080335829,0.0005794270833333,0.0001106770833333,1L,False,False,False,False,False,False,True,True,True,216.5134429931641,176.02688598632812,41.93739700317383,363.9333954152478,threshold_p2,26.278620689655178,81.41425792106726,0.7687018991984598,224.5134429931641,168.02688598632812,105.0,77.7313675445332,radial_lateral_search,66.33386993408203,10.864997863769531,high,2.503731931480001,11.31370849898476
69,1,L,F69_T1,F69_T1_L,5,S3691L05.jpg,69/1L/S3691L05.jpg,/Users/sarahoualli/Desktop/BIO/iris_twins_project/data/raw/CASIA-Iris-Twins/69/1L/S3691L05.jpg,.jpg,22252,4af71faee39cf632dadc99a2d92def699491d15ab447b60c4763ef838a351449,640,480,L,JPEG,True,,True,69,1,L,5,True,True,129.3444061279297,32.920082092285156,71.93575862959754,0.00103515625,8.463541666666667e-05,1L,False,False,False,False,False,False,True,True,True,228.51673889160156,173.52928161621094,44.55897521972656,395.3816217346396,threshold_p6,24.540093757710338,92.9717239661186,0.8687032753772183,220.51673889160156,181.52928161621097,112.0,82.41228133999584,radial_lateral_search,62.2396125793457,17.105003356933594,high,2.513522796422321,11.31370849898476
69,1,L,F69_T1,F69_T1_L,6,S3691L06.jpg,69/1L/S3691L06.jpg,/Users/sarahoualli/Desktop/BIO/iris_twins_project/data/raw/CASIA-Iris-Twins/69/1L/S3691L06.jpg,.jpg,21757,d481eefb88abb7e9ff2ece785a5eeef794cbaec763fd79a070aa78b9167ec9c6,640,480,L,JPEG,True,,True,69,1,L,6,True,True,126.04093933105467,32.01018142700195,60.12530213211907,0.0009440104166666,0.000107421875,1L,False,False,False,False,False,False,True,True,True,225.972900390625,174.15516662597656,41.92045211791992,391.9003902882624,threshold_p4,25.606620689655173,92.53126737076154,0.8871116740163845,217.972900390625,174.15516662597656,113.0,80.34213022991611,radial_lateral_search,62.168800354003906,14.56500244140625,high,2.6955816144858655,8.0
69,1,L,F69_T1,F69_T1_L,7,S3691L07.jpg,69/1L/S3691L07.jpg,/Users/sarahoualli/Desktop/BIO/iris_twins_project/data/raw/CASIA-Iris-Twins/69/1L/S3691L07.jpg,.jpg,23164,e331257814ff1428ab54c8a696f082c2921cbe7a8518cc4afee917514701bbf0,640,480,L,JPEG,True,,True,69,1,L,7,True,True,121.08601379394533,30.98301124572754,55.290201394557954,0.0009700520833333,8.138020833333333e-05,1L,False,False,False,False,False,False,True,True,True,234.2634735107422,218.90419006347656,36.9259147644043,371.5298067887153,threshold_p4,25.966323998582062,82.31152993348115,0.8438362649532627,242.2634735107422,210.90419006347656,108.0,79.71133160522118,radial_lateral_search,59.87285614013672,16.69000244140625,high,2.9247752070345303,11.31370849898476
69,1,L,F69_T1,F69_T1_L,8,S3691L08.jpg,69/1L/S3691L08.jpg,/Users/sarahoualli/Desktop/BIO/iris_twins_project/data/raw/CASIA-Iris-Twins/69/1L/S3691L08.jpg,.jpg,23875,010f815c0c6f863c8a0fd2b20387f0fd95b3d9beb2b9c0ad7c33c6d03b8b15f2,640,480,L,JPEG,True,,True,69,1,L,8,True,True,121.34867095947266,31.736244201660156,77.22608903465269,0.0015071614583333,7.8125e-05,1L,False,False,False,False,False,False,True,True,True,203.1364288330078,182.4193115234375,40.701805114746094,391.6043445876042,threshold_p12,24.11058961572309,91.03691476590636,0.8397055434304523,195.1364288330078,182.4193115234375,113.0,66.68830151016992,radial_lateral_search,47.674461364746094,15.084999084472656,high,2.7762896432094744,8.0
69,1,R,F69_T1,F69_T1_R,6,S3691R06.jpg,69/1R/S3691R06.jpg,/Users/sarahoualli/Desktop/BIO/iris_twins_project/data/raw/CASIA-Iris-Twins/69/1R/S3691R06.jpg,.jpg,22233,6784f11a5de76a7f82295a56b7f29015a01335b71bec624e34dc665b32847daf,640,480,L,JPEG,True,,True,69,1,R,6,True,True,121.64453125,30.266551971435547,54.32383033954832,0.001142578125,0.0001106770833333,1R,False,False,False,False,False,False,True,True,True,198.1950531005859,108.60989379882812,40.746883392333984,368.7007592701342,threshold_p4,28.044294514520388,88.29951980792318,0.8010308819001198,202.0,116.0,109.0,73.9831314044854,hough_iris,59.18995666503906,12.264999389648438,high,2.675051216812989,8.312117093253661
69,1,R,F69_T1,F69_T1_R,7,S3691R07.jpg,69/1R/S3691R07.jpg,/Users/sarahoualli/Desktop/BIO/iris_twins_project/data/raw/CASIA-Iris-Twins/69/1R/S3691R07.jpg,.jpg,22678,2042879d524f00513e432fd07f91ce85aed0bddd95703381927a471c0390c5b0,640,480,L,JPEG,True,,True,69,1,R,7,True,True,123.92981719970705,32.26021194458008,59.83598654402625,0.0008528645833333,0.000107421875,1R,False,False,False,False,False,False,True,True,True,186.5,112.0,41.4277458190918,382.6103468596141,threshold_p4,27.03050748019947,93.22253680634202,0.8449624206496964,194.5,120.0,110.0,87.24711362392223,radial_lateral_search,63.1406364440918,19.51000213623047,high,2.6552253284634904,11.31370849898476
69,1,R,F69_T1,F69_T1_R,8,S3691R08.jpg,69/1R/S3691R08.jpg,/Users/sarahoualli/Desktop/BIO/iris_twins_project/data/raw/CASIA-Iris-Twins/69/1R/S3691R08.jpg,.jpg,24764,e27cab4bb7e6f72a95d3e50e66bf1d17fa1e8a05f731ef0865ce0316f0f7864b,640,480,L,JPEG,True,,True,69,1,R,8,True,True,123.5452880859375,34.56013107299805,84.62774530384276,0.0018359375,9.440104166666666e-05,1R,False,False,False,False,False,False,True,True,True,189.05795288085935,118.76429748535156,43.19618225097656,372.6035785272586,threshold_p6,27.037373475214117,87.81535269709543,0.8539014961563619,197.05795288085935,126.76429748535156,110.0,82.27315812164342,radial_lateral_search,62.668495178222656,16.605003356933594,high,2.5465213421149775,11.31370849898476
69,1,R,F69_T1,F69_T1_R,9,S3691R09.jpg,69/1R/S3691R09.jpg,/Users/sarahoualli/Desktop/BIO/iris_twins_project/data/raw/CASIA-Iris-Twins/69/1R/S3691R09.jpg,.jpg,20669,d080a3e87e6d179e420916674c4b6eb84cdc9573cbab6453af45ac5f06c14998,640,480,L,JPEG,True,,True,69,1,R,9,True,True,122.4636459350586,32.580955505371094,33.521479625691306,0.001484375,0.00013671875,1R,False,False,False,False,False,False,True,True,True,210.2861328125,109.72543334960938,41.79226303100586,374.0788507148679,threshold_p2,25.96245233206219,88.10839355197332,0.782713756397324,218.2861328125,117.72543334960938,111.0,67.1100531309056,radial_lateral_search,53.0525016784668,12.330001831054688,high,2.655994003427109,11.31370849898476
69,1,R,F69_T1,F69_T1_R,10,S3691R10.jpg,69/1R/S3691R10.jpg,/Users/sarahoualli/Desktop/BIO/iris_twins_project/data/raw/CASIA-Iris-Twins/69/1R/S3691R10.jpg,.jpg,23608,5bd5ddcec56c65cbbed8e3edc0ae904d9f24c100cca76634e6f4ac58ae0b31a1,640,480,L,JPEG,True,,True,69,1,R,10,True,True,115.30223846435548,29.605876922607425,76.66378892004225,0.0032649739583333,9.440104166666666e-05,1R,False,False,False,False,False,False,True,True,True,274.1538391113281,185.0769195556641,44.7862434387207,392.5038434297134,threshold_p5,25.65087589439921,91.9037120079721,0.8791405855445851,274.1538391113281,185.0769195556641,111.0,95.71910361867089,radial_lateral_search,80.22234344482422,11.845001220703123,high,2.4784396162155695,0.0
69,2,L,F69_T2,F69_T2_L,2,S3692L02.jpg,69/2L/S3692L02.jpg,/Users/sarahoualli/Desktop/BIO/iris_twins_project/data/raw/CASIA-Iris-Twins/69/2L/S3692L02.jpg,.jpg,23843,b27187122efd4d8195e6b92ff40ab350ca4689c1e213bdd954ef1efd965df4ee,640,480,L,JPEG,True,,True,69,2,L,2,True,True,115.3080062866211,30.294021606445312,63.030024471664426,0.001689453125,6.184895833333334e-05,2L,False,False,False,False,False,False,True,True,True,323.0,292.0,39.29386520385742,382.02078771028386,threshold_p10,23.596134621792736,82.9202492211838,0.8478819808068512,315.0,292.0,116.0,90.21873359156804,radial_lateral_search,67.59619140625,18.165000915527344,high,2.952114774105054,8.0
69,2,L,F69_T2,F69_T2_L,3,S3692L03.jpg,69/2L/S3692L03.jpg,/Users/sarahoualli/Desktop/BIO/iris_twins_project/data/raw/CASIA-Iris-Twins/69/2L/S3692L03.jpg,.jpg,23309,0019e8015405ae0e5a053e8ba96ba8f6b166238af954ee66f0e6289b24d774e6,640,480,L,JPEG,True,,True,69,2,L,3,True,True,129.30397033691406,30.49637031555176,72.15161156716877,0.0018098958333333,0.0001009114583333,2L,False,False,False,False,False,False,True,True,True,264.0,190.92567443847656,41.55670547485352,412.4287242024108,threshold_p8,24.16573775300675,99.70100354191264,0.8735003877530578,264.0,190.92567443847656,116.0,80.40039507932642,radial_lateral_search,61.13386535644531,13.879997253417969,high,2.7913666079760113,0.0
69,2,R,F69_T2,F69_T2_R,1,S3692R01.jpg,69/2R/S3692R01.jpg,/Users/sarahoualli/Desktop/BIO/iris_twins_project/data/raw/CASIA-Iris-Twins/69/2R/S3692R01.jpg,.jpg,23833,1337867e827d11e79bf8bdb4a2cd6548896acb1a17728a4e03a9d1b37bac075e,640,480,L,JPEG,True,,True,69,2,R,1,True,True,121.87222290039062,33.03740692138672,69.61601725767983,0.00333984375,0.0001236979166666,2R,False,False,False,False,False,False,True,True,True,364.807373046875,196.00035095214844,41.775123596191406,405.0358867176844,threshold_p5,23.53388090349076,94.26612006670372,0.8856240982234126,372.807373046875,196.00035095214844,125.0,75.93981157555974,radial_lateral_search,57.7126579284668,15.139999389648438,high,2.9922113746037153,8.0
69,2,R,F69_T2,F69_T2_R,2,S3692R02.jpg,69/2R/S3692R02.jpg,/Users/sarahoualli/Desktop/BIO/iris_twins_project/data/raw/CASIA-Iris-Twins/69/2R/S3692R02.jpg,.jpg,19197,42c6102e7bf69440c720831e053717a77197fdbe1b2d3a5e3dd87cd617a883d2,640,480,L,JPEG,True,,True,69,2,R,2,True,True,124.74359130859376,31.268861770629883,30.113009921222258,0.0019596354166666,0.0001302083333333,2R,False,False,False,False,False,False,True,True,True,334.5339050292969,178.6610107421875,40.80857467651367,404.3737492598489,threshold_p4,24.884423584628923,96.21443577430972,0.8600477683166503,342.5339050292969,170.6610107421875,115.0,69.04597060917705,radial_lateral_search,54.758541107177734,12.419998168945312,high,2.818035202444483,11.31370849898476
69,2,R,F69_T2,F69_T2_R,3,S3692R03.jpg,69/2R/S3692R03.jpg,/Users/sarahoualli/Desktop/BIO/iris_twins_project/data/raw/CASIA-Iris-Twins/69/2R/S3692R03.jpg,.jpg,20680,dc60c0f442fe66973a3281d30d51c00283185b73657480c38321b4ba3f4f5765,640,480,L,JPEG,True,,True,69,2,R,3,True,True,132.8651123046875,34.61382293701172,50.26347835912704,0.001298828125,0.0001106770833333,2R,False,False,False,False,False,False,True,True,True,187.04258728027344,187.79022216796875,37.64104843139648,381.9195512064268,threshold_p8,26.690889755405884,90.69920462762111,0.793939393798741,195.04258728027344,187.79022216796875,111.0,68.45911763885698,radial_lateral_search,49.512752532958984,15.529998779296877,high,2.9489082962794058,8.0
70,1,L,F70_T1,F70_T1_L,1,S3701L01.jpg,70/1L/S3701L01.jpg,/Users/sarahoualli/Desktop/BIO/iris_twins_project/data/raw/CASIA-Iris-Twins/70/1L/S3701L01.jpg,.jpg,15248,22d0c671685630056b6670202fb4c8dd6502a5e37c1c3b7d9c8a0c21918e534a,640,480,L,JPEG,True,,True,70,1,L,1,True,True,133.00054931640625,35.776302337646484,20.6129390786065,0.0007454427083333,7.161458333333333e-05,1L,False,False,False,False,False,False,True,True,True,363.6363525390625,226.2272796630859,44.52387619018555,359.47218055642907,threshold_p6,26.52380952380953,75.49476831091181,0.869358856912827,363.6363525390625,226.2272796630859,104.0,74.82039883866884,radial_lateral_search,47.92409133911133,20.395004272460938,high,2.3358253795280484,0.0
70,1,L,F70_T1,F70_T1_L,2,S3701L02.jpg,70/1L/S3701L02.jpg,/Users/sarahoualli/Desktop/BIO/iris_twins_project/data/raw/CASIA-Iris-Twins/70/1L/S3701L02.jpg,.jpg,19336,25fd95502dd3844c1ba531cea2c56e09fa2bf663cb03891e4d95c6531f49851a,640,480,L,JPEG,True,,True,70,1,L,2,True,True,130.39625549316406,43.21798324584961,38.80604556439718,0.0027376302083333,9.765625e-05,1L,False,False,False,False,False,False,True,True,True,389.0738525390625,204.96246337890625,51.99393081665039,365.4760747216933,threshold_p6,24.440904977375567,76.69872256207269,0.8607629130709349,389.0738525390625,212.96246337890625,118.0,75.88388242503969,radial_lateral_search,50.797908782958984,20.719993591308594,high,2.2694956535621658,8.0
70,1,L,F70_T1,F70_T1_L,3,S3701L03.jpg,70/1L/S3701L03.jpg,/Users/sarahoualli/Desktop/BIO/iris_twins_project/data/raw/CASIA-Iris-Twins/70/1L/S3701L03.jpg,.jpg,19356,c2e5efb5dbdcbee3dc38236dbdaa5c34801e4a8a791385f667211a6a19a9b0bf,640,480,L,JPEG,True,,True,70,1,L,3,True,True,130.11837768554688,43.20146942138672,39.644998980363205,0.003017578125,9.114583333333334e-05,1L,False,False,False,False,False,False,True,True,True,384.06109619140625,208.57240295410156,51.821720123291016,367.0642987889383,threshold_p5,24.037825508458468,76.46607534747622,0.8837186510844031,384.06109619140625,208.57240295410156,120.0,76.85093789654869,radial_lateral_search,49.49641418457031,20.779998779296875,high,2.3156313552406877,0.0
70,1,L,F70_T1,F70_T1_L,4,S3701L04.jpg,70/1L/S3701L04.jpg,/Users/sarahoualli/Desktop/BIO/iris_twins_project/data/raw/CASIA-Iris-Twins/70/1L/S3701L04.jpg,.jpg,19010,d231fbf6eefa0cc39a243f92494dce32820e4eafbb54ee8e28b868ae62d7cb7b,640,480,L,JPEG,True,,True,70,1,L,4,True,True,129.86900329589844,41.74170684814453,37.95273187331094,0.002451171875,0.0001171875,1L,False,False,False,False,False,False,True,True,True,369.3587646484375,205.79098510742188,51.9467658996582,367.39910975557984,threshold_p5,25.37049773755656,78.39411658870097,0.8824344615066263,369.3587646484375,205.79098510742188,120.0,74.9350247450812,radial_lateral_search,47.966800689697266,20.519996643066406,high,2.310057188772739,0.0
70,1,L,F70_T1,F70_T1_L,5,S3701L05.jpg,70/1L/S3701L05.jpg,/Users/sarahoualli/Desktop/BIO/iris_twins_project/data/raw/CASIA-Iris-Twins/70/1L/S3701L05.jpg,.jpg,20170,002854b6e1b2dd2a8abfd5e1fa5fc0eeb0ac377b196d9b99ec816e754e9a36af,640,480,L,JPEG,True,,True,70,1,L,5,True,True,128.45005798339844,36.79643630981445,56.29665305454465,0.001591796875,0.0001334635416666,1L,False,False,False,False,False,False,True,True,True,327.25238037109375,200.196533203125,50.44095230102539,381.2375522853905,threshold_p5,25.204776119402982,84.44,0.8718405667428072,327.25238037109375,208.196533203125,119.0,75.44064702443762,radial_lateral_search,49.51286697387695,21.06500244140625,high,2.3591941581479796,8.0
70,1,L,F70_T1,F70_T1_L,6,S3701L06.jpg,70/1L/S3701L06.jpg,/Users/sarahoualli/Desktop/BIO/iris_twins_project/data/raw/CASIA-Iris-Twins/70/1L/S3701L06.jpg,.jpg,20252,e66376d257aa58b86857afed7b218483a12c88bc3aecfd5c2930d0cc93012d20,640,480,L,JPEG,True,,True,70,1,L,6,True,True,124.5835189819336,39.473419189453125,52.820061686950275,0.0023795572916666,0.0001236979166666,1L,False,False,False,False,False,False,True,True,True,300.4841613769531,202.6584014892578,51.87421798706055,370.715980108328,threshold_p4,23.469302413989737,77.97302487198245,0.7922183986891143,300.4841613769531,202.6584014892578,120.0,72.35788176358255,radial_lateral_search,45.56572723388672,20.38500213623047,high,2.313287884743297,0.0
70,1,R,F70_T1,F70_T1_R,1,S3701R01.jpg,70/1R/S3701R01.jpg,/Users/sarahoualli/Desktop/BIO/iris_twins_project/data/raw/CASIA-Iris-Twins/70/1R/S3701R01.jpg,.jpg,19346,318585b91cf24e8ef23b34a3104f8cf14b179cc76581248a5782889bd7ae29aa,640,480,L,JPEG,True,,True,70,1,R,1,True,True,136.85009765625,31.64626121520996,37.8077727025244,0.000498046875,0.0001009114583333,1R,False,False,False,False,False,False,True,True,True,277.5,162.9130401611328,46.69332504272461,383.2562936221269,threshold_p3,27.16328907523876,91.06860945387793,0.7976739138705349,282.0,167.0,119.0,90.80736186958605,hough_iris,61.324913024902344,22.720001220703125,high,2.54854414182572,6.078917726414243
70,1,R,F70_T1,F70_T1_R,2,S3701R02.jpg,70/1R/S3701R02.jpg,/Users/sarahoualli/Desktop/BIO/iris_twins_project/data/raw/CASIA-Iris-Twins/70/1R/S3701R02.jpg,.jpg,19104,6bb2ae88cdeac6a6c04b76547b87961714a4cbc8bf4509c0375f77dba5652c71,640,480,L,JPEG,True,,True,70,1,R,2,True,True,134.77667236328125,31.48157501220703,31.5836128844791,0.0005078125,0.0001432291666666,1R,False,False,False,False,False,False,True,True,True,275.2565002441406,158.58340454101562,47.14529800415039,374.8555913679223,threshold_p4,27.131841347219144,85.72602431337235,0.885045884695159,279.0,159.0,121.0,83.81040668443566,hough_iris,59.04692077636719,18.88500213623047,high,2.566533782209795,3.766608845973471
70,1,R,F70_T1,F70_T1_R,3,S3701R03.jpg,70/1R/S3701R03.jpg,/Users/sarahoualli/Desktop/BIO/iris_twins_project/data/raw/CASIA-Iris-Twins/70/1R/S3701R03.jpg,.jpg,19434,8ac692c64a909bd2dba8fda7f77860d4053e961ae69a006bfaa089a4b26ab687,640,480,L,JPEG,True,,True,70,1,R,3,True,True,129.80596923828125,33.84625244140625,39.2057062187089,0.0006705729166666,0.0001009114583333,1R,False,False,False,False,False,False,True,True,True,280.5,164.1630401611328,46.61851119995117,378.7818965735993,threshold_p4,25.799906825064056,86.86989444699404,0.7820273258182525,284.0,169.0,119.0,96.70019653578278,hough_iris,67.22327423095703,22.68499755859375,high,2.55263407039315,5.970442235112412
70,1,R,F70_T1,F70_T1_R,4,S3701R04.jpg,70/1R/S3701R04.jpg,/Users/sarahoualli/Desktop/BIO/iris_twins_project/data/raw/CASIA-Iris-Twins/70/1R/S3701R04.jpg,.jpg,19390,b0d61ab1402a61b47a3c440405c14481890ea5fe8b4b6cb7cc45db2425fd4304,640,480,L,JPEG,True,,True,70,1,R,4,True,True,132.08763122558594,30.52642250061035,33.924197264099114,0.0008756510416666,0.0001041666666666,1R,False,False,False,False,False,False,True,True,True,287.5542907714844,190.67417907714844,46.7064094543457,383.6403963822256,threshold_p6,26.817377125553225,89.33340982101882,0.8341213530946444,287.5542907714844,198.67417907714844,116.0,73.02127414243178,radial_lateral_search,47.827880859375,20.18499755859375,high,2.483599175256385,8.0
70,1,R,F70_T1,F70_T1_R,5,S3701R05.jpg,70/1R/S3701R05.jpg,/Users/sarahoualli/Desktop/BIO/iris_twins_project/data/raw/CASIA-Iris-Twins/70/1R/S3701R05.jpg,.jpg,19312,226e90942c59c4c94efd1058146a8e960fd8f20b79bcb5cfbe80fa88dd892c52,640,480,L,JPEG,True,,True,70,1,R,5,True,True,132.29957580566406,30.612218856811523,34.89251247277791,0.000693359375,8.7890625e-05,1R,False,False,False,False,False,False,True,True,True,280.700439453125,187.41131591796875,46.35383987426758,382.0483254965987,threshold_p5,26.731423247146516,88.37195961450206,0.8506230627641289,286.0,190.0,118.0,95.25711428162496,hough_iris,66.8190689086914,21.95000457763672,high,2.54563592401555,5.898018927280246
70,1,R,F70_T1,F70_T1_R,6,S3701R06.jpg,70/1R/S3701R06.jpg,/Users/sarahoualli/Desktop/BIO/iris_twins_project/data/raw/CASIA-Iris-Twins/70/1R/S3701R06.jpg,.jpg,19328,bd96307e3cf412adfc1a3ec873cbda63ee6986a8442972ad0c5a0ba0387f87ed,640,480,L,JPEG,True,,True,70,1,R,6,True,True,130.61734008789062,32.515689849853516,37.08088292740715,0.000947265625,8.463541666666667e-05,1R,False,False,False,False,False,False,True,True,True,277.45172119140625,188.11380004882812,46.3376579284668,373.405591569897,threshold_p5,26.64640111809923,83.67783386874713,0.8722755103315163,285.45172119140625,188.11380004882812,116.0,73.7888238932492,radial_lateral_search,50.39236831665039,18.845001220703125,high,2.503363466903606,8.0
70,1,R,F70_T1,F70_T1_R,7,S3701R07.jpg,70/1R/S3701R07.jpg,/Users/sarahoualli/Desktop/BIO/iris_twins_project/data/raw/CASIA-Iris-Twins/70/1R/S3701R07.jpg,.jpg,18935,fbcbf81477b82d6943f98014c7816c75890c080af8b3737a6110ab39c6f77d7c,640,480,L,JPEG,True,,True,70,1,R,7,True,True,131.6146240234375,32.192413330078125,33.636163245635565,0.000634765625,7.486979166666666e-05,1R,False,False,False,False,False,False,True,True,True,281.98419189453125,192.30865478515625,45.58554458618164,379.4879820313367,threshold_p2,25.097458672588207,84.76976744186047,0.8328953191874496,281.98419189453125,192.30865478515625,116.0,71.79581005650373,radial_lateral_search,49.552146911621094,16.474998474121094,high,2.5446663202782736,0.0
70,1,R,F70_T1,F70_T1_R,8,S3701R08.jpg,70/1R/S3701R08.jpg,/Users/sarahoualli/Desktop/BIO/iris_twins_project/data/raw/CASIA-Iris-Twins/70/1R/S3701R08.jpg,.jpg,18929,3f6eacfc1fa007be56c1a8c0eddd952876b732539890c94b0737f9b49683075f,640,480,L,JPEG,True,,True,70,1,R,8,True,True,131.5809783935547,32.20384216308594,32.75010557030571,0.0007486979166666,0.0001009114583333,1R,False,False,False,False,False,False,True,True,True,282.6616516113281,190.9398498535156,45.70697021484375,379.8792706626178,threshold_p2,24.9811320754717,85.05453488372093,0.8114127984862904,282.6616516113281,190.9398498535156,116.0,77.46531471500019,radial_lateral_search,53.62468719482422,17.63500213623047,high,2.5379061323633296,0.0
70,1,R,F70_T1,F70_T1_R,9,S3701R09.jpg,70/1R/S3701R09.jpg,/Users/sarahoualli/Desktop/BIO/iris_twins_project/data/raw/CASIA-Iris-Twins/70/1R/S3701R09.jpg,.jpg,18649,b9ede15d0a47ba822cff7c1ca82379d39614f74f849f0b79e675cabf19895337,640,480,L,JPEG,True,,True,70,1,R,9,True,True,132.01708984375,31.786298751831055,34.27811181704203,0.0007356770833333,0.0001106770833333,1R,False,False,False,False,False,False,True,True,True,278.2272644042969,191.5,47.98051071166992,375.6380713668496,threshold_p5,26.50830932860625,85.48620025673941,0.7934475085089729,278.2272644042969,191.5,117.0,70.1022880064272,radial_lateral_search,46.74333190917969,17.574996948242188,high,2.4384900924271116,0.0
70,2,L,F70_T2,F70_T2_L,1,S3702L01.jpg,70/2L/S3702L01.jpg,/Users/sarahoualli/Desktop/BIO/iris_twins_project/data/raw/CASIA-Iris-Twins/70/2L/S3702L01.jpg,.jpg,21501,d9cc17737ea077966b4abfb160707017e0e4aa44a9af267aefca92f12319ff1e,640,480,L,JPEG,True,,True,70,2,L,1,True,True,119.57334899902344,33.37452697753906,49.4469450708919,0.0031901041666666,0.0001692708333333,2L,False,False,False,False,False,False,True,True,True,323.0849609375,214.44601440429688,48.20829772949219,382.807791238233,threshold_p3,23.419510152815576,84.18879056047197,0.7280476581413471,320.0,215.0,122.0,88.60073862490266,hough_iris,62.73057556152344,19.665000915527344,high,2.530684669360656,3.134307583206764
70,2,L,F70_T2,F70_T2_L,2,S3702L02.jpg,70/2L/S3702L02.jpg,/Users/sarahoualli/Desktop/BIO/iris_twins_project/data/raw/CASIA-Iris-Twins/70/2L/S3702L02.jpg,.jpg,22599,16f037e375b6209d2ae9d2b7e7e3e507368d24a2d0b9c65ffcd9d4d8e31acbf3,640,480,L,JPEG,True,,True,70,2,L,2,True,True,119.72796630859376,33.33284378051758,58.859200294960864,0.0027376302083333,0.0001302083333333,2L,False,False,False,False,False,False,True,True,True,326.01177978515625,211.57708740234375,48.09109878540039,381.6516181429377,threshold_p3,23.33724795036561,83.95519348268839,0.7007885077355573,321.0,214.0,121.0,87.68719478989341,hough_iris,60.635643005371094,20.98500061035156,high,2.516058128343981,5.56672633338322
70,2,L,F70_T2,F70_T2_L,3,S3702L03.jpg,70/2L/S3702L03.jpg,/Users/sarahoualli/Desktop/BIO/iris_twins_project/data/raw/CASIA-Iris-Twins/70/2L/S3702L03.jpg,.jpg,21114,54f1b0b8d166fe2844adc450b6ef3fef42d5771faaee5a04914fcf6a26085fdf,640,480,L,JPEG,True,,True,70,2,L,3,True,True,121.550537109375,30.81022834777832,45.755858634058626,0.00212890625,9.440104166666666e-05,2L,False,False,False,False,False,False,True,True,True,325.755126953125,206.00987243652344,53.22040557861328,392.75477648565067,threshold_p3,28.655035411988255,100.08990760483296,0.601057112499166,327.0,214.0,116.0,77.46333063833151,hough_iris,56.251502990722656,18.224998474121097,high,2.1796151070035217,8.08652257669907
70,2,L,F70_T2,F70_T2_L,4,S3702L04.jpg,70/2L/S3702L04.jpg,/Users/sarahoualli/Desktop/BIO/iris_twins_project/data/raw/CASIA-Iris-Twins/70/2L/S3702L04.jpg,.jpg,21072,332a4559e249efe2c6b024f0b67219bce6cee916f5e62240aa50ec742fdae105,640,480,L,JPEG,True,,True,70,2,L,4,True,True,120.77127838134766,30.7045841217041,49.29238602956136,0.0025520833333333,0.0001432291666666,2L,False,False,False,False,False,False,True,True,True,316.3702697753906,206.87542724609375,54.4124870300293,385.633392292385,threshold_p3,29.0835938785585,97.07886805090422,0.59967203380485,324.3702697753906,214.87542724609375,117.0,76.74928156801084,radial_lateral_search,56.6157341003418,18.115005493164062,high,2.1502417254963877,11.31370849898476
70,2,L,F70_T2,F70_T2_L,5,S3702L05.jpg,70/2L/S3702L05.jpg,/Users/sarahoualli/Desktop/BIO/iris_twins_project/data/raw/CASIA-Iris-Twins/70/2L/S3702L05.jpg,.jpg,20901,1961f5546a8a3fa89bf7664a3c2966a7ecbd065875dbca5e3297fd304fba4bc9,640,480,L,JPEG,True,,True,70,2,L,5,True,True,118.82316589355467,33.734886169433594,43.96592096709145,0.003330078125,8.7890625e-05,2L,False,False,False,False,False,False,True,True,True,322.0,212.0,51.0,376.9245585267542,hough_pupil,24.723436609009696,83.81566334355828,0.75,324.0,214.0,118.0,81.30854194473447,hough_iris,56.166748046875,19.709999084472656,high,2.313725490196078,2.8284271247461903
70,2,L,F70_T2,F70_T2_L,6,S3702L06.jpg,70/2L/S3702L06.jpg,/Users/sarahoualli/Desktop/BIO/iris_twins_project/data/raw/CASIA-Iris-Twins/70/2L/S3702L06.jpg,.jpg,22160,db61c972458cbe8b8ff8eea1164fe6eb0efb6120a678332c0361947139471b6d,640,480,L,JPEG,True,,True,70,2,L,6,True,True,124.1850814819336,30.706783294677734,62.76905266503228,0.002080078125,0.0001432291666666,2L,False,False,False,False,False,False,True,True,True,330.6144104003906,207.1865234375,52.48775863647461,393.97545291926815,threshold_p4,25.320180995475113,94.40905001799209,0.6770787458122041,330.6144104003906,215.1865234375,117.0,91.14881865106688,radial_lateral_search,63.87245178222656,22.400001525878903,high,2.229091183152461,8.0
70,2,R,F70_T2,F70_T2_R,1,S3702R01.jpg,70/2R/S3702R01.jpg,/Users/sarahoualli/Desktop/BIO/iris_twins_project/data/raw/CASIA-Iris-Twins/70/2R/S3702R01.jpg,.jpg,22652,13f53c707cb44855729445ad7501a1de0299bdec2109df800db1d7f522d11c81,640,480,L,JPEG,True,,True,70,2,R,1,True,True,134.1487274169922,37.55836868286133,58.172332517454365,0.001298828125,8.7890625e-05,2R,False,False,False,False,False,False,True,True,True,260.2650451660156,227.79798889160156,39.0859489440918,390.01623566977435,threshold_p2,21.46017994001999,83.88084112149532,0.8569122017914497,265.0,226.0,121.0,86.07463351784945,hough_iris,61.1228141784668,19.714996337890625,high,3.0957416480556055,5.064835765767199
70,2,R,F70_T2,F70_T2_R,2,S3702R02.jpg,70/2R/S3702R02.jpg,/Users/sarahoualli/Desktop/BIO/iris_twins_project/data/raw/CASIA-Iris-Twins/70/2R/S3702R02.jpg,.jpg,18512,6acc5894961c84c1f25217dd756cd246b6ccf556a072c2e3716d88b157536384,640,480,L,JPEG,True,,True,70,2,R,2,True,True,128.71536254882812,32.66197967529297,29.94715454911126,0.0009016927083333,8.7890625e-05,2R,False,False,False,False,False,False,True,True,True,308.5123291015625,194.7342529296875,38.99628448486328,370.01295112948225,threshold_p2,25.857047650783073,82.40527538155276,0.7185744040889867,310.0,202.0,106.0,73.42257460041691,hough_iris,56.139862060546875,13.760002136230469,high,2.718207680558509,7.416484692346672
70,2,R,F70_T2,F70_T2_R,3,S3702R03.jpg,70/2R/S3702R03.jpg,/Users/sarahoualli/Desktop/BIO/iris_twins_project/data/raw/CASIA-Iris-Twins/70/2R/S3702R03.jpg,.jpg,20230,3e1b215d34abc74ab1fc9aa6aff07d9ce635209bc2943af1b4dc3c2ec1f35e39,640,480,L,JPEG,True,,True,70,2,R,3,True,True,129.59043884277344,33.648983001708984,43.69534816470675,0.00095703125,0.0001009114583333,2R,False,False,False,False,False,False,True,True,True,298.5,190.5,40.03133773803711,379.3038753055777,threshold_p2,24.231847927703335,84.24158506731946,0.7671021347296323,300.0,194.0,113.0,77.4461024002982,hough_iris,55.35123062133789,16.669998168945312,high,2.822788504832535,3.8078865529319543
70,2,R,F70_T2,F70_T2_R,4,S3702R04.jpg,70/2R/S3702R04.jpg,/Users/sarahoualli/Desktop/BIO/iris_twins_project/data/raw/CASIA-Iris-Twins/70/2R/S3702R04.jpg,.jpg,21518,c23e20c46786f164af6956776f43a517449a3ae103eb807fb18aa99259c745aa,640,480,L,JPEG,True,,True,70,2,R,4,True,True,130.6080322265625,35.03671646118164,46.36730918986003,0.0010026041666666,8.7890625e-05,2R,False,False,False,False,False,False,True,True,True,280.8055419921875,182.97222900390625,42.42696762084961,393.49629902855224,threshold_p3,22.40496551724138,88.22237417943107,0.8274725157671944,285.0,183.0,123.0,81.43942044442024,hough_iris,54.279449462890625,20.57500457763672,high,2.899099485478074,4.194549940998014
70,2,R,F70_T2,F70_T2_R,5,S3702R05.jpg,70/2R/S3702R05.jpg,/Users/sarahoualli/Desktop/BIO/iris_twins_project/data/raw/CASIA-Iris-Twins/70/2R/S3702R05.jpg,.jpg,20953,9d3c09243f3528350710269a522b039270a751d3c8196b52b916d3c70a5d3b6e,640,480,L,JPEG,True,,True,70,2,R,5,True,True,132.48536682128906,37.24639129638672,35.38034212086996,0.0014615885416666,0.0001399739583333,2R,False,False,False,False,False,False,True,True,True,268.0,188.6265106201172,44.04000473022461,398.8092667237676,threshold_p3,21.621334025434727,89.12753807106598,0.8736583541658169,271.0,190.0,127.0,85.43210694224116,hough_iris,58.23894500732422,20.394996643066406,high,2.883741742944002,3.2994655744000227
70,2,R,F70_T2,F70_T2_R,6,S3702R06.jpg,70/2R/S3702R06.jpg,/Users/sarahoualli/Desktop/BIO/iris_twins_project/data/raw/CASIA-Iris-Twins/70/2R/S3702R06.jpg,.jpg,19751,6e0f9e195ab1e348487a4bf01645ecba6c83465bb001ab8a6d850e984821b5ac,640,480,L,JPEG,True,,True,70,2,R,6,True,True,128.45608520507812,43.72646713256836,26.96720303640366,0.003505859375,0.0003059895833333,2R,False,False,False,False,False,False,True,True,True,288.5,181.5,49.38127136230469,425.30782424005247,threshold_p4,20.56776119402985,100.18045112781957,0.8928510733462443,296.5,181.5,141.0,77.80355600657866,radial_lateral_search,48.297889709472656,22.80500030517578,high,2.855333532535022,8.0
70,2,R,F70_T2,F70_T2_R,7,S3702R07.jpg,70/2R/S3702R07.jpg,/Users/sarahoualli/Desktop/BIO/iris_twins_project/data/raw/CASIA-Iris-Twins/70/2R/S3702R07.jpg,.jpg,19687,b3eb59ac81b18b1cda0aca9aa94a3e9d86339461b781362bceb5c7ffc46b44e2,640,480,L,JPEG,True,,True,70,2,R,7,True,True,140.24053955078125,35.244075775146484,21.352211098734536,0.001494140625,0.0003190104166666,2R,False,False,False,False,False,False,True,True,True,281.0961608886719,177.71153259277344,49.34479904174805,445.2768704062207,threshold_p4,21.78877956876701,112.3498130452846,0.8881447525398297,286.0,174.0,142.0,82.71108000622752,hough_iris,54.44243240356445,21.654998779296875,high,2.8777095612419306,6.150049773539311
70,2,R,F70_T2,F70_T2_R,8,S3702R08.jpg,70/2R/S3702R08.jpg,/Users/sarahoualli/Desktop/BIO/iris_twins_project/data/raw/CASIA-Iris-Twins/70/2R/S3702R08.jpg,.jpg,19351,3ebc2f4b7252855e01825d6c2522bf6143982be28d354b93cab95a5fa2fb0190,640,480,L,JPEG,True,,True,70,2,R,8,True,True,135.9502410888672,36.85391616821289,30.609871702024673,0.00048828125,9.765625e-05,2R,False,False,False,False,False,False,True,True,True,328.5,224.5,39.65485763549805,384.42632212590246,threshold_p2,25.359925210345903,87.6595191682911,0.7401588719709223,332.0,228.0,112.0,102.39541509722066,hough_iris,70.60333251953125,23.80500030517578,high,2.824370245620057,4.949747468305833
70,2,R,F70_T2,F70_T2_R,9,S3702R09.jpg,70/2R/S3702R09.jpg,/Users/sarahoualli/Desktop/BIO/iris_twins_project/data/raw/CASIA-Iris-Twins/70/2R/S3702R09.jpg,.jpg,18978,d61ee3435499ce71ede9f39835f5e5f2527d10281460d58314202d402e902563,640,480,L,JPEG,True,,True,70,2,R,9,True,True,136.2342987060547,36.1685676574707,34.04098967843586,0.000419921875,8.7890625e-05,2R,False,False,False,False,False,False,True,True,True,324.0,228.15789794921875,38.484188079833984,382.83533143634173,threshold_p2,25.75241586137954,87.04469987228607,0.7502007289860005,326.0,229.0,108.0,90.42516715494568,hough_iris,61.7580680847168,21.025001525878903,high,2.806347369884954,2.1700543458471233
70,2,R,F70_T2,F70_T2_R,10,S3702R10.jpg,70/2R/S3702R10.jpg,/Users/sarahoualli/Desktop/BIO/iris_twins_project/data/raw/CASIA-Iris-Twins/70/2R/S3702R10.jpg,.jpg,18693,04e93b155d1f980ff996d845f0daedc740eb4d16ba81ddc5063893e74fc6b5e7,640,480,L,JPEG,True,,True,70,2,R,10,True,True,135.98695373535156,35.641849517822266,32.113284948465555,0.0003255208333333,8.463541666666667e-05,2R,False,False,False,False,False,False,True,True,True,329.0,229.586669921875,38.06264877319336,381.1319690344598,threshold_p2,25.662176533144276,86.47944972826087,0.7245893018314553,331.0,228.0,109.0,89.50729672457746,hough_iris,60.689334869384766,21.36499786376953,high,2.863699808426527,2.55294368151411
71,1,L,F71_T1,F71_T1_L,1,S3711L01.jpg,71/1L/S3711L01.jpg,/Users/sarahoualli/Desktop/BIO/iris_twins_project/data/raw/CASIA-Iris-Twins/71/1L/S3711L01.jpg,.jpg,19235,3a29714ba2f52b5afe4240c495b7afdfa1930fdd7729c720823402a0dc0257c1,640,480,L,JPEG,True,,True,71,1,L,1,True,True,137.0453643798828,29.45388984680176,42.33436625463697,0.0005078125,0.00013671875,1L,False,False,False,False,False,False,True,True,True,277.5052185058594,216.49034118652344,49.53263473510742,415.6597867022912,threshold_p8,26.85233830845771,104.906015037594,0.826979098078764,277.5052185058594,216.49034118652344,108.0,94.72264883430528,radial_lateral_search,63.681121826171875,23.800003051757812,high,2.1803806839181212,0.0
71,1,L,F71_T1,F71_T1_L,2,S3711L02.jpg,71/1L/S3711L02.jpg,/Users/sarahoualli/Desktop/BIO/iris_twins_project/data/raw/CASIA-Iris-Twins/71/1L/S3711L02.jpg,.jpg,19786,af5afe6aac2b6fce0ccd2d27ac3c4230abffaa5e88c96416b90a1693b464290b,640,480,L,JPEG,True,,True,71,1,L,2,True,True,138.5204315185547,29.792724609375,51.296190340667295,0.0004622395833333,0.0001041666666666,1L,False,False,False,False,False,False,True,True,True,281.0745849609375,219.3215179443359,48.46944046020508,412.7258676503305,threshold_p5,27.18903077245133,102.92878213232196,0.8853384964678999,281.0745849609375,219.3215179443359,110.0,86.3410989769736,radial_lateral_search,57.43521881103515,22.019996643066406,high,2.269471216411368,0.0
71,1,L,F71_T1,F71_T1_L,3,S3711L03.jpg,71/1L/S3711L03.jpg,/Users/sarahoualli/Desktop/BIO/iris_twins_project/data/raw/CASIA-Iris-Twins/71/1L/S3711L03.jpg,.jpg,20678,4f19d0bdbb1465bd6daeb36312bba87056b273dfc25fcf70ae21d1464228bbec,640,480,L,JPEG,True,,True,71,1,L,3,True,True,136.4800262451172,31.299514770507812,69.80333809533649,0.0006901041666666,0.0001171875,1L,False,False,False,False,False,False,True,True,True,292.9285583496094,221.5,52.087650299072266,405.86167229676977,threshold_p10,27.12633484162896,99.7356962936308,0.8493367286962159,292.9285583496094,221.5,110.0,91.80843112590443,radial_lateral_search,62.21013641357422,22.964996337890625,high,2.111824959820835,0.0
71,1,R,F71_T1,F71_T1_R,1,S3711R01.jpg,71/1R/S3711R01.jpg,/Users/sarahoualli/Desktop/BIO/iris_twins_project/data/raw/CASIA-Iris-Twins/71/1R/S3711R01.jpg,.jpg,21365,eb4160c350ad76674843dc0967339d7e7b678cbe5071713e09551df9788ff631,640,480,L,JPEG,True,,True,71,1,R,1,True,True,147.0845947265625,48.0914192199707,34.33895167219374,0.0005240885416666,0.0001692708333333,1R,False,False,False,False,False,False,True,True,True,261.7604675292969,216.52671813964844,61.90570068359375,387.3571821187949,threshold_p6,28.74136392606756,98.13308616722064,0.5712272648902722,261.7604675292969,216.52671813964844,131.0,73.99625353162052,radial_lateral_search,50.918758392333984,18.295005798339844,high,2.116121755402691,0.0
71,1,R,F71_T1,F71_T1_R,2,S3711R02.jpg,71/1R/S3711R02.jpg,/Users/sarahoualli/Desktop/BIO/iris_twins_project/data/raw/CASIA-Iris-Twins/71/1R/S3711R02.jpg,.jpg,18536,14f81f79e3640f2120b21e4fc8838b1caa5e337273519443f51cfc119369ed03,640,480,L,JPEG,True,,True,71,1,R,2,True,True,102.8047103881836,33.77241897583008,25.966469389332676,0.008095703125,0.0003450520833333,1R,False,False,False,False,False,False,True,True,True,311.0,218.5,56.93207550048828,341.1794128765615,threshold_p5,24.246490566037735,62.47235872235872,0.873899515223646,311.0,218.5,128.0,68.96139344580912,radial_lateral_search,50.276222229003906,14.779998779296877,high,2.2482932314473976,0.0
71,1,R,F71_T1,F71_T1_R,3,S3711R03.jpg,71/1R/S3711R03.jpg,/Users/sarahoualli/Desktop/BIO/iris_twins_project/data/raw/CASIA-Iris-Twins/71/1R/S3711R03.jpg,.jpg,20312,be4e717b35f2750477cc74ced843df20965332bd8704c609e645f3f70f4d0b6c,640,480,L,JPEG,True,,True,71,1,R,3,True,True,143.12786865234375,55.94796371459961,32.20439742829006,0.001220703125,0.0017122395833333,1R,False,False,False,False,False,False,True,True,True,295.56158447265625,236.16128540039065,61.081398010253906,399.1565230677956,threshold_p10,25.85873754152824,93.25774593338495,0.8943693739798663,295.56158447265625,236.16128540039065,134.0,84.18607200877413,radial_lateral_search,54.4208984375,22.849998474121097,high,2.1937939268761504,0.0
71,1,R,F71_T1,F71_T1_R,4,S3711R04.jpg,71/1R/S3711R04.jpg,/Users/sarahoualli/Desktop/BIO/iris_twins_project/data/raw/CASIA-Iris-Twins/71/1R/S3711R04.jpg,.jpg,21170,3827cbaa683688023c75b43b52123b9f4dc1fc1100c9bf5b0aae244619f7977d,640,480,L,JPEG,True,,True,71,1,R,4,True,True,137.43931579589844,39.7646484375,51.31046019452413,0.0008821614583333,0.0001041666666666,1R,False,False,False,False,False,False,True,True,True,244.2409820556641,205.94590759277344,50.220218658447266,375.48384448039184,threshold_p4,26.182487562189056,84.68320388349514,0.8205799179717677,244.2409820556641,205.94590759277344,113.0,75.40457201170523,radial_lateral_search,61.836219787597656,11.1199951171875,high,2.250089765011266,0.0
71,1,R,F71_T1,F71_T1_R,5,S3711R05.jpg,71/1R/S3711R05.jpg,/Users/sarahoualli/Desktop/BIO/iris_twins_project/data/raw/CASIA-Iris-Twins/71/1R/S3711R05.jpg,.jpg,17542,18b2753f65a38b527dff2e98aa96dad3f4fdc9cf936ebac5f504a61ede634d3e,640,480,L,JPEG,True,,True,71,1,R,5,True,True,139.599609375,32.851444244384766,26.61376915079753,0.0003287760416666,0.0001595052083333,1R,False,False,False,False,False,False,True,True,True,312.68133544921875,206.6190643310547,48.57339859008789,387.1598670714574,threshold_p4,28.005861419300818,92.06194690265488,0.8138103878697223,312.68133544921875,206.6190643310547,110.0,66.66381806408496,radial_lateral_search,50.223365783691406,13.129997253417969,high,2.2646140314020995,0.0
71,1,R,F71_T1,F71_T1_R,6,S3711R06.jpg,71/1R/S3711R06.jpg,/Users/sarahoualli/Desktop/BIO/iris_twins_project/data/raw/CASIA-Iris-Twins/71/1R/S3711R06.jpg,.jpg,18572,09861f371a045548dd91891a024acb4103bc067ec0d9b79e939eede92899d8c2,640,480,L,JPEG,True,,True,71,1,R,6,True,True,137.56680297851562,32.51063919067383,29.87785839572482,0.000595703125,0.0001204427083333,1R,False,False,False,False,False,False,True,True,True,341.6612854003906,205.07513427734375,49.376346588134766,384.41794440719207,threshold_p6,26.457114427860695,88.8342896715473,0.8186293732139367,341.6612854003906,205.07513427734375,111.0,69.84705026496847,radial_lateral_search,52.4578857421875,13.855003356933594,high,2.248039955768488,0.0
71,1,R,F71_T1,F71_T1_R,7,S3711R07.jpg,71/1R/S3711R07.jpg,/Users/sarahoualli/Desktop/BIO/iris_twins_project/data/raw/CASIA-Iris-Twins/71/1R/S3711R07.jpg,.jpg,20118,bd79a8c0380594b2fc0269ad3effb6bc088b1363c69592b45024bc2294958076,640,480,L,JPEG,True,,True,71,1,R,7,True,True,137.57289123535156,32.84601593017578,52.128512709289105,0.0007584635416666,0.000126953125,1R,False,False,False,False,False,False,True,True,True,350.77105712890625,204.0133056640625,47.824581146240234,384.14818098981294,threshold_p5,25.575670285840904,87.05445014976466,0.8486834665857957,350.77105712890625,204.0133056640625,112.0,85.63921302152752,radial_lateral_search,60.0556526184082,19.43999481201172,high,2.3418919165757286,0.0
71,1,R,F71_T1,F71_T1_R,8,S3711R08.jpg,71/1R/S3711R08.jpg,/Users/sarahoualli/Desktop/BIO/iris_twins_project/data/raw/CASIA-Iris-Twins/71/1R/S3711R08.jpg,.jpg,21384,f973c5a06ae9207c4402df5c35cb840066e73aa7b496c25c2d7c40e8218b9138,640,480,L,JPEG,True,,True,71,1,R,8,True,True,135.21697998046875,36.68722915649414,57.10398363442951,0.0006608072916666,0.0001302083333333,1R,False,False,False,False,False,False,True,True,True,353.9502868652344,226.54080200195312,47.58090591430664,377.21653214471826,threshold_p3,25.68247285619322,82.54353872486094,0.8933694842430298,353.9502868652344,226.54080200195312,114.0,87.5579019092364,radial_lateral_search,61.303226470947266,19.76499938964844,high,2.395919073195335,0.0
71,1,R,F71_T1,F71_T1_R,9,S3711R09.jpg,71/1R/S3711R09.jpg,/Users/sarahoualli/Desktop/BIO/iris_twins_project/data/raw/CASIA-Iris-Twins/71/1R/S3711R09.jpg,.jpg,21942,3f3c1532c9545cffdf214ed0e15f755a9a01c267f611615d72560c2b5d6ae12a,640,480,L,JPEG,True,,True,71,1,R,9,True,True,133.96463012695312,34.54265594482422,63.375019598897296,0.0005305989583333,0.000146484375,1R,False,False,False,False,False,False,True,True,True,295.6780700683594,231.39041137695312,50.1471061706543,382.9586414006585,threshold_p4,27.582885572139304,89.71067961165049,0.7666737906908399,295.6780700683594,231.39041137695312,119.0,78.69005135979779,radial_lateral_search,55.571983337402344,17.589996337890625,high,2.3730182873371444,0.0
71,2,L,F71_T2,F71_T2_L,1,S3712L01.jpg,71/2L/S3712L01.jpg,/Users/sarahoualli/Desktop/BIO/iris_twins_project/data/raw/CASIA-Iris-Twins/71/2L/S3712L01.jpg,.jpg,17327,954d9db4961ff7b58c2368c5353da4a4152cc9bd0a7c5e55cf660686a6c40abd,640,480,L,JPEG,True,,True,71,2,L,1,True,True,134.43353271484375,30.55865478515625,27.57430673010084,0.00029296875,0.0001139322916666,2L,False,False,False,False,False,False,True,True,True,220.1086883544922,164.55435180664062,40.98012924194336,362.9192395583774,threshold_p3,28.001760046934585,83.12514156285391,0.7954868454621647,220.1086883544922,164.55435180664062,103.0,72.08103720302739,radial_lateral_search,50.1513786315918,16.340003967285156,high,2.513413254309091,0.0
71,2,L,F71_T2,F71_T2_L,2,S3712L02.jpg,71/2L/S3712L02.jpg,/Users/sarahoualli/Desktop/BIO/iris_twins_project/data/raw/CASIA-Iris-Twins/71/2L/S3712L02.jpg,.jpg,21110,a105b280af1da0e998d05a317498260329ba90660218c354e65b4e2bf03913fd,640,480,L,JPEG,True,,True,71,2,L,2,True,True,129.68780517578125,33.610416412353516,43.81379387749567,0.0008951822916666,0.0001822916666666,2L,False,False,False,False,False,False,True,True,True,305.2402648925781,143.1099853515625,50.16560363769531,400.0595585829501,threshold_p10,25.588258706467663,95.94456310679612,0.8657033427788423,305.2402648925781,135.1099853515625,121.0,83.36293984005944,radial_lateral_search,63.915889739990234,16.285003662109375,high,2.41201124327902,8.0
71,2,L,F71_T2,F71_T2_L,3,S3712L03.jpg,71/2L/S3712L03.jpg,/Users/sarahoualli/Desktop/BIO/iris_twins_project/data/raw/CASIA-Iris-Twins/71/2L/S3712L03.jpg,.jpg,21201,a130cad6aafa7c05e7a134dc9f79f3bece2f9f44961a49a95d5e16cd434f3e41,640,480,L,JPEG,True,,True,71,2,L,3,True,True,134.61093139648438,36.77644729614258,53.67001261137856,0.0019889322916666,0.0001888020833333,2L,False,False,False,False,False,False,True,True,True,343.8619384765625,126.59832763671876,51.04863739013672,413.4811245017739,threshold_p12,24.791484508648544,102.77099309815952,0.8371983417381079,335.8619384765625,126.59832763671876,122.0,107.68570555424516,radial_lateral_search,74.88019561767578,25.88999938964844,high,2.389877697765387,8.0
71,2,L,F71_T2,F71_T2_L,4,S3712L04.jpg,71/2L/S3712L04.jpg,/Users/sarahoualli/Desktop/BIO/iris_twins_project/data/raw/CASIA-Iris-Twins/71/2L/S3712L04.jpg,.jpg,19317,056d7fa4f23f0e9ed1846d95e912e30910b2729f6fd36aa7ddcaabb497103352,640,480,L,JPEG,True,,True,71,2,L,4,True,True,134.50961303710938,35.23925018310547,31.75949496252273,0.0011783854166666,0.000205078125,2L,False,False,False,False,False,False,True,True,True,320.1739196777344,124.60869598388672,46.30495071411133,410.6332539425494,threshold_p5,24.931283484742604,100.23061037173017,0.8719545902849459,312.1739196777344,132.60869598388672,121.0,93.42816933343292,radial_lateral_search,64.3521499633789,23.18000030517578,high,2.6131115168885284,11.31370849898476
71,2,L,F71_T2,F71_T2_L,5,S3712L05.jpg,71/2L/S3712L05.jpg,/Users/sarahoualli/Desktop/BIO/iris_twins_project/data/raw/CASIA-Iris-Twins/71/2L/S3712L05.jpg,.jpg,21087,a29580ea0c09adeb464e0e7f88e928c5876235cf778d244b630f59ab9cc6deff,640,480,L,JPEG,True,,True,71,2,L,5,True,True,131.2447052001953,34.8298454284668,41.98331535033119,0.0012174479166666,0.00013671875,2L,False,False,False,False,False,False,True,True,True,333.0556945800781,131.8970489501953,49.93502426147461,409.46072929478373,threshold_p10,24.44179104477612,100.18955282944202,0.8205232027634999,328.0,131.0,120.0,106.8075799644672,hough_iris,73.5477523803711,25.665000915527344,high,2.403122893695703,5.134661089699868
71,2,L,F71_T2,F71_T2_L,6,S3712L06.jpg,71/2L/S3712L06.jpg,/Users/sarahoualli/Desktop/BIO/iris_twins_project/data/raw/CASIA-Iris-Twins/71/2L/S3712L06.jpg,.jpg,20521,9983c1fcadf3c655d29be8a67801b64471e3c465618568339fd2993cd8b1a5ae,640,480,L,JPEG,True,,True,71,2,L,6,True,True,124.36051940917967,33.244972229003906,39.91246412489149,0.0015494791666666,0.0001432291666666,2L,False,False,False,False,False,False,True,True,True,374.3847351074219,140.6494140625,47.011329650878906,401.15721110556115,threshold_p10,24.674052736538886,96.29802259887006,0.8491808874220297,366.3847351074219,148.6494140625,121.0,93.85232721540577,radial_lateral_search,64.70236206054688,23.345001220703125,high,2.573847642655175,11.31370849898476
71,2,L,F71_T2,F71_T2_L,7,S3712L07.jpg,71/2L/S3712L07.jpg,/Users/sarahoualli/Desktop/BIO/iris_twins_project/data/raw/CASIA-Iris-Twins/71/2L/S3712L07.jpg,.jpg,21086,9e156d172efe454c0f4beb6e12fd6220ca6bd4ad199892bccc109df8078aefce,640,480,L,JPEG,True,,True,71,2,L,7,True,True,130.87823486328125,38.994415283203125,49.071107523557885,0.00365234375,0.0002180989583333,2L,False,False,False,False,False,False,True,True,True,414.5415954589844,140.3787078857422,53.29029083251953,392.9800830854449,threshold_p12,25.050440490585594,94.64918533604887,0.7851982758528453,407.0,144.0,128.0,105.94322726883084,hough_iris,75.05696105957031,24.550003051757812,high,2.4019384769784384,8.36596788445662
71,2,L,F71_T2,F71_T2_L,8,S3712L08.jpg,71/2L/S3712L08.jpg,/Users/sarahoualli/Desktop/BIO/iris_twins_project/data/raw/CASIA-Iris-Twins/71/2L/S3712L08.jpg,.jpg,16321,02fc3b802c4a58293eef23c004478d176b4efc32f2680172cb86816acc42fa66,640,480,L,JPEG,True,,True,71,2,L,8,True,True,107.18486785888672,29.729887008666992,20.578732538339825,0.0026106770833333,9.765625e-05,2L,False,False,False,False,False,False,True,True,True,318.3353576660156,142.31201171875,51.446441650390625,309.62982211129975,threshold_p3,26.34537160235697,57.87810899780541,0.49868033252398,310.3353576660156,150.31201171875,107.0,64.18403252935295,radial_lateral_search,48.14712905883789,15.389999389648438,high,2.07983286243836,11.31370849898476
71,2,L,F71_T2,F71_T2_L,10,S3712L10.jpg,71/2L/S3712L10.jpg,/Users/sarahoualli/Desktop/BIO/iris_twins_project/data/raw/CASIA-Iris-Twins/71/2L/S3712L10.jpg,.jpg,17876,921043d32464d803c02c66ac751c6a5f92d64a4a7435bbdd1df6bcfae9cb61bf,640,480,L,JPEG,True,,True,71,2,L,10,True,True,117.80359649658205,30.42729759216309,29.704574706512037,0.0020182291666666,0.0001041666666666,2L,False,False,False,False,False,False,True,True,True,261.572509765625,117.2619171142578,52.923709869384766,339.66310988268253,threshold_p4,25.905158371040724,68.63734896943852,0.8386260930853691,261.572509765625,117.2619171142578,114.0,73.46893175983607,radial_lateral_search,53.17975616455078,16.19499969482422,high,2.1540440056328434,0.0
71,2,R,F71_T2,F71_T2_R,1,S3712R01.jpg,71/2R/S3712R01.jpg,/Users/sarahoualli/Desktop/BIO/iris_twins_project/data/raw/CASIA-Iris-Twins/71/2R/S3712R01.jpg,.jpg,16807,44e08fc3c2883ad2dfbd6155c50986110565c0a48887559e6b4220636998b732,640,480,L,JPEG,True,,True,71,2,R,1,True,True,137.33531188964844,31.201669692993164,20.62037613588969,0.00072265625,0.0001106770833333,2R,False,False,False,False,False,False,True,True,True,364.3863525390625,153.5,37.645450592041016,362.49293446188983,threshold_p4,26.331797235023043,78.75759219088937,0.8606688857642312,368.0,162.0,99.0,88.40344560057929,hough_iris,63.991310119628906,19.43000030517578,high,2.629799841496134,9.23625724912099
71,2,R,F71_T2,F71_T2_R,2,S3712R02.jpg,71/2R/S3712R02.jpg,/Users/sarahoualli/Desktop/BIO/iris_twins_project/data/raw/CASIA-Iris-Twins/71/2R/S3712R02.jpg,.jpg,20248,b0d99b6ba56e0429e036e69901253a012a2ad10ed58c327b01b80fe1e08ff552,640,480,L,JPEG,True,,True,71,2,R,2,True,True,132.9512176513672,31.789806365966797,55.825998137145554,0.0011946614583333,0.0001595052083333,2R,False,False,False,False,False,False,True,True,True,363.11187744140625,122.04801940917967,39.881797790527344,373.28509037387965,threshold_p5,25.29666562792147,82.89794981640146,0.8909358562819061,363.11187744140625,130.0480194091797,105.0,86.6589123998264,radial_lateral_search,62.989784240722656,18.670005798339844,high,2.632780010356991,8.0
71,2,R,F71_T2,F71_T2_R,3,S3712R03.jpg,71/2R/S3712R03.jpg,/Users/sarahoualli/Desktop/BIO/iris_twins_project/data/raw/CASIA-Iris-Twins/71/2R/S3712R03.jpg,.jpg,20421,a8d230b6bac2d77a8a6482e5b882fae3bafcae68d90c6d0a114b293e18b3da26,640,480,L,JPEG,True,,True,71,2,R,3,True,True,132.47427368164062,31.721370697021484,55.417153593179926,0.0012174479166666,0.000126953125,2R,False,False,False,False,False,False,True,True,True,349.9263610839844,121.0974578857422,40.33797073364258,374.5219216836877,threshold_p6,24.995325646618884,83.25259815242494,0.8674410225287387,355.0,125.0,110.0,89.43293583781269,hough_iris,68.13033294677734,16.42499542236328,high,2.7269591900481513,6.400909841863424
71,2,R,F71_T2,F71_T2_R,4,S3712R04.jpg,71/2R/S3712R04.jpg,/Users/sarahoualli/Desktop/BIO/iris_twins_project/data/raw/CASIA-Iris-Twins/71/2R/S3712R04.jpg,.jpg,20744,30d3dbf8064cf24c73e5491b97c4ee0f1ff75e98f5fbee6da023f17336cd2143,640,480,L,JPEG,True,,True,71,2,R,4,True,True,131.99720764160156,31.731098175048828,59.80120768229167,0.001533203125,0.0001334635416666,2R,False,False,False,False,False,False,True,True,True,349.1097106933594,119.25078582763672,39.58208465576172,376.6830105323758,threshold_p4,24.575880336553443,83.6600064977258,0.8666953370267001,354.0,124.0,109.0,96.31902218289008,hough_iris,70.69631958007812,19.530006408691406,high,2.753771079718348,6.8168882019305475
71,2,R,F71_T2,F71_T2_R,5,S3712R05.jpg,71/2R/S3712R05.jpg,/Users/sarahoualli/Desktop/BIO/iris_twins_project/data/raw/CASIA-Iris-Twins/71/2R/S3712R05.jpg,.jpg,21018,c315efb9f1daa43c9873be152d25e0855cd89e0dc31492c79dadcdc5c58784c0,640,480,L,JPEG,True,,True,71,2,R,5,True,True,137.1186065673828,34.19612503051758,58.95011092783609,0.000830078125,0.0001236979166666,2R,False,False,False,False,False,False,True,True,True,348.5,115.66666412353516,41.05730438232422,375.91050809090217,threshold_p6,25.112643003813435,84.52151755379388,0.8523654842846905,356.5,115.66666412353516,112.0,87.22137464827443,radial_lateral_search,64.73279571533203,17.55500030517578,high,2.7278946264240784,8.0
71,2,R,F71_T2,F71_T2_R,6,S3712R06.jpg,71/2R/S3712R06.jpg,/Users/sarahoualli/Desktop/BIO/iris_twins_project/data/raw/CASIA-Iris-Twins/71/2R/S3712R06.jpg,.jpg,22754,18c40753182b720610731fc3ecc7e712d198eb20be00f6a6786564fd92748160,640,480,L,JPEG,True,,True,71,2,R,6,True,True,136.40533447265625,35.53566360473633,67.57419901350868,0.0013248697916666,0.00015625,2R,False,False,False,False,False,False,True,True,True,326.45135498046875,111.63790893554688,40.33230972290039,390.6417501675034,threshold_p3,22.078217513244,87.52367205542726,0.7972054824978247,334.45135498046875,119.63790893554688,114.0,97.19590700603732,radial_lateral_search,70.67840576171875,21.18000030517578,high,2.826518014545337,11.31370849898476
71,2,R,F71_T2,F71_T2_R,7,S3712R07.jpg,71/2R/S3712R07.jpg,/Users/sarahoualli/Desktop/BIO/iris_twins_project/data/raw/CASIA-Iris-Twins/71/2R/S3712R07.jpg,.jpg,21761,7c5830d75dd699be2a91715f1b5b8aef5828a2dded9247f01f37840ae7c4ed23,640,480,L,JPEG,True,,True,71,2,R,7,True,True,132.21694946289062,32.86121368408203,58.99958941539128,0.0014518229166666,0.0001432291666666,2R,False,False,False,False,False,False,True,True,True,326.0714416503906,111.35713958740234,40.176361083984375,390.3749132651722,threshold_p3,22.328139607354316,87.67763157894737,0.8042109703862563,332.0,118.0,115.0,106.24087913196858,hough_iris,73.90231323242188,25.01000213623047,high,2.8623796903757617,8.903673318691569
71,2,R,F71_T2,F71_T2_R,8,S3712R08.jpg,71/2R/S3712R08.jpg,/Users/sarahoualli/Desktop/BIO/iris_twins_project/data/raw/CASIA-Iris-Twins/71/2R/S3712R08.jpg,.jpg,21476,f89005b36ad1859f901371123c7463ad45a7cd1cc60f247ce02ab53583402e7a,640,480,L,JPEG,True,,True,71,2,R,8,True,True,133.73135375976562,33.49704360961914,56.54638759145736,0.0009798177083333,0.000126953125,2R,False,False,False,False,False,False,True,True,True,323.5983581542969,117.48360443115234,40.40909576416016,393.9261990574232,threshold_p3,22.16734185104394,88.82751154734412,0.8186818185945911,327.0,120.0,114.0,102.5703744128477,hough_iris,67.73677825927734,25.839996337890625,high,2.82114701762541,4.23124259589954
71,2,R,F71_T2,F71_T2_R,9,S3712R09.jpg,71/2R/S3712R09.jpg,/Users/sarahoualli/Desktop/BIO/iris_twins_project/data/raw/CASIA-Iris-Twins/71/2R/S3712R09.jpg,.jpg,21546,c486a4b29a967edcea37764495ad9748ea268de3e85c7312349f8bcd7153c9f7,640,480,L,JPEG,True,,True,71,2,R,9,True,True,136.20245361328125,34.987430572509766,56.89498364660476,0.0009016927083333,0.0001236979166666,2R,False,False,False,False,False,False,True,True,True,326.2806701660156,118.90745544433594,40.2429084777832,390.5111546904413,threshold_p3,22.329697725148023,87.98347613219094,0.7725135945878255,331.0,122.0,113.0,102.73245516769089,hough_iris,66.9038314819336,26.76499938964844,high,2.8079481397917254,5.642331602334484
72,1,L,F72_T1,F72_T1_L,1,S3721L01.jpg,72/1L/S3721L01.jpg,/Users/sarahoualli/Desktop/BIO/iris_twins_project/data/raw/CASIA-Iris-Twins/72/1L/S3721L01.jpg,.jpg,17032,2a0cf0439edadb76db83b04bd084098ee07f043de29b52113b66f0659cd28e68,640,480,L,JPEG,True,,True,72,1,L,1,True,True,131.48867797851562,34.174190521240234,17.620540910837395,0.0016438802083333,8.7890625e-05,1L,False,False,False,False,False,False,True,True,True,349.3533630371094,210.3494110107422,43.165496826171875,349.04446712963556,threshold_p6,27.28056060212821,71.48366182572614,0.8793409007607447,349.3533630371094,202.3494110107422,104.0,86.93948822141283,radial_lateral_search,59.18015670776367,22.230003356933594,high,2.409331703485532,8.0
72,1,L,F72_T1,F72_T1_L,2,S3721L02.jpg,72/1L/S3721L02.jpg,/Users/sarahoualli/Desktop/BIO/iris_twins_project/data/raw/CASIA-Iris-Twins/72/1L/S3721L02.jpg,.jpg,18362,86ce8256be59ec34b13f1c5d25f7eba4911bc0d04a97a38e7a77f67c493046ab,640,480,L,JPEG,True,,True,72,1,L,2,True,True,130.8018341064453,35.71107482910156,25.099064969370104,0.00224609375,0.0001139322916666,1L,False,False,False,False,False,False,True,True,True,346.3245849609375,205.50299072265625,47.126346588134766,353.0811671838288,threshold_p8,26.32195878573011,72.87114298131247,0.8367081960947839,346.3245849609375,197.50299072265625,109.0,88.03205110391605,radial_lateral_search,61.9183235168457,21.330001831054688,high,2.3129312558984463,8.0
72,1,L,F72_T1,F72_T1_L,4,S3721L04.jpg,72/1L/S3721L04.jpg,/Users/sarahoualli/Desktop/BIO/iris_twins_project/data/raw/CASIA-Iris-Twins/72/1L/S3721L04.jpg,.jpg,25277,ebd788ef5c6c981fc6d577e131a32a86ff4da6315bf078a695939e6c833e3e18,640,480,L,JPEG,True,,True,72,1,L,4,True,True,132.80319213867188,39.04691696166992,127.87022974470987,0.003076171875,0.0001627604166666,1L,False,False,False,False,False,False,True,True,True,352.23187255859375,181.23817443847656,54.410179138183594,384.85554161463546,threshold_p8,24.76715484614119,86.87659075686537,0.8562917414668935,344.23187255859375,173.23817443847656,119.0,97.23177062888466,radial_lateral_search,77.28683471679688,17.875,high,2.187090759208492,11.31370849898476
72,1,L,F72_T1,F72_T1_L,5,S3721L05.jpg,72/1L/S3721L05.jpg,/Users/sarahoualli/Desktop/BIO/iris_twins_project/data/raw/CASIA-Iris-Twins/72/1L/S3721L05.jpg,.jpg,26293,303639d783fa03e41085c51bd0c23e13db27d8fee2e0750e3d70b3b4c8a08041,640,480,L,JPEG,True,,True,72,1,L,5,True,True,128.6676025390625,40.092166900634766,121.50418724360996,0.00548828125,0.00015625,1L,False,False,False,False,False,False,True,True,True,365.7587890625,181.8309783935547,54.34990310668945,381.97074299887834,threshold_p5,23.638279495595093,83.27277294038848,0.8835256537039302,365.7587890625,173.8309783935547,131.0,96.27256698870066,radial_lateral_search,71.23233032226562,20.285003662109375,high,2.4103078848704764,8.0
72,1,R,F72_T1,F72_T1_R,1,S3721R01.jpg,72/1R/S3721R01.jpg,/Users/sarahoualli/Desktop/BIO/iris_twins_project/data/raw/CASIA-Iris-Twins/72/1R/S3721R01.jpg,.jpg,21172,749d55d0382051c940c9e5b0684096831405778087cf18cee121195654fe4ffa,640,480,L,JPEG,True,,True,72,1,R,1,True,True,125.72079467773438,38.20039367675781,50.72718391366534,0.0019889322916666,7.8125e-05,1R,False,False,False,False,False,False,True,True,True,298.9623107910156,162.2755126953125,47.764923095703125,353.157599596957,threshold_p8,25.815200531797032,73.09306803594352,0.8520942942757842,302.0,164.0,108.0,101.08611568754942,hough_iris,69.68508911132812,24.449996948242188,high,2.261073461452209,3.4930519885063944
72,1,R,F72_T1,F72_T1_R,2,S3721R02.jpg,72/1R/S3721R02.jpg,/Users/sarahoualli/Desktop/BIO/iris_twins_project/data/raw/CASIA-Iris-Twins/72/1R/S3721R02.jpg,.jpg,25124,f08d9d5eebe291d32134574916fc393decad121f6e7ed2ac19cc8ba18e265cc0,640,480,L,JPEG,True,,True,72,1,R,2,True,True,131.7978057861328,42.64224624633789,97.08010509871376,0.0024967447916666,8.463541666666667e-05,1R,False,False,False,False,False,False,True,True,True,268.0180358886719,154.72926330566406,52.88223648071289,374.75333540373487,threshold_p10,25.51203619909502,84.40467306325515,0.8582302372052752,276.0180358886719,154.72926330566406,116.0,94.30897544468966,radial_lateral_search,68.77075958251953,21.26000213623047,high,2.1935532178618673,8.0
72,1,R,F72_T1,F72_T1_R,3,S3721R03.jpg,72/1R/S3721R03.jpg,/Users/sarahoualli/Desktop/BIO/iris_twins_project/data/raw/CASIA-Iris-Twins/72/1R/S3721R03.jpg,.jpg,24696,58189335fe40cd87dbadeb1aca800252ce1a5d3754b2e5941a9c809647652565,640,480,L,JPEG,True,,True,72,1,R,3,True,True,127.12345123291016,41.03065872192383,79.31680560089745,0.0028548177083333,0.0001041666666666,1R,False,False,False,False,False,False,True,True,True,278.68182373046875,146.5,52.06985855102539,364.4723314876582,threshold_p12,25.060633484162896,78.53643396905362,0.8373236279962507,286.68182373046875,146.5,120.0,95.07865258118238,radial_lateral_search,70.9512710571289,19.93499755859375,high,2.304596235505558,8.0
72,1,R,F72_T1,F72_T1_R,4,S3721R04.jpg,72/1R/S3721R04.jpg,/Users/sarahoualli/Desktop/BIO/iris_twins_project/data/raw/CASIA-Iris-Twins/72/1R/S3721R04.jpg,.jpg,25593,faf7db7d4370bc50a7c10e0776f1ad41221a41733740c00e096d360e3efc0ea8,640,480,L,JPEG,True,,True,72,1,R,4,True,True,121.86007690429688,39.667762756347656,83.57473160551922,0.0038704427083333,0.000126953125,1R,False,False,False,False,False,False,True,True,True,285.72900390625,136.9426727294922,53.15155029296875,359.4094158979604,threshold_p12,24.955778200034548,75.77149964463398,0.8519160366032689,293.72900390625,136.9426727294922,124.0,100.07949817429268,radial_lateral_search,73.59169006347656,21.540000915527344,high,2.33295170726946,8.0
72,2,L,F72_T2,F72_T2_L,1,S3722L01.jpg,72/2L/S3722L01.jpg,/Users/sarahoualli/Desktop/BIO/iris_twins_project/data/raw/CASIA-Iris-Twins/72/2L/S3722L01.jpg,.jpg,24483,6986cda309b1a9be3d36eb4032764ff244713c77e34e4b81f97043e1e464b3a8,640,480,L,JPEG,True,,True,72,2,L,1,True,True,126.25204467773438,40.74971389770508,103.71859508255852,0.0043619791666666,0.0001139322916666,2L,False,False,False,False,False,False,True,True,True,369.5,148.6875,49.05463790893555,372.48030932193075,threshold_p8,22.8576512455516,79.04788117989199,0.876538947718105,361.5,148.6875,125.0,85.99843438024693,radial_lateral_search,61.9957160949707,19.150001525878903,high,2.5481790372614417,8.0
72,2,L,F72_T2,F72_T2_L,2,S3722L02.jpg,72/2L/S3722L02.jpg,/Users/sarahoualli/Desktop/BIO/iris_twins_project/data/raw/CASIA-Iris-Twins/72/2L/S3722L02.jpg,.jpg,19001,4a8a0426c421e09f040aa7e08454b7c337a70986c4f6dad9987ed5fb633065a0,640,480,L,JPEG,True,,True,72,2,L,2,True,True,118.10712432861328,47.19520950317383,26.454593734698825,0.012626953125,0.000185546875,2L,False,False,False,False,False,False,True,True,True,417.4656372070313,142.6717529296875,51.73396682739258,341.0198705081397,threshold_p3,19.97376924539061,62.939465983906366,0.674445479474945,409.4656372070313,142.6717529296875,138.0,74.7575266036725,radial_lateral_search,47.80655288696289,20.915000915527344,high,2.6674931087428324,8.0
72,2,L,F72_T2,F72_T2_L,3,S3722L03.jpg,72/2L/S3722L03.jpg,/Users/sarahoualli/Desktop/BIO/iris_twins_project/data/raw/CASIA-Iris-Twins/72/2L/S3722L03.jpg,.jpg,23433,79e78535646707f01020ae6abb9e09bdab262a967bee6c9228e8a0fc1085dbac,640,480,L,JPEG,True,,True,72,2,L,3,True,True,132.5418701171875,45.25445938110352,61.22971758202447,0.0070735677083333,0.0003190104166666,2L,False,False,False,False,False,False,True,True,True,407.9693908691406,137.7244873046875,56.99557876586914,370.0357073649371,threshold_p10,24.08920754716981,82.24378071253071,0.7660402213837886,399.9693908691406,137.7244873046875,134.0,91.0211243553893,radial_lateral_search,61.1708869934082,23.88999938964844,high,2.351059554118322,8.0
72,2,L,F72_T2,F72_T2_L,4,S3722L04.jpg,72/2L/S3722L04.jpg,/Users/sarahoualli/Desktop/BIO/iris_twins_project/data/raw/CASIA-Iris-Twins/72/2L/S3722L04.jpg,.jpg,21158,23bfeee5700d33f6c06b56adf17dfbc41d715b41a4cafb8007167b8a08ee0e00,640,480,L,JPEG,True,,True,72,2,L,4,True,True,116.7203369140625,43.07343673706055,41.97622901152506,0.011435546875,0.0001920572916666,2L,False,False,False,False,False,False,True,True,True,415.4936828613281,130.95899963378906,56.150672912597656,361.6072602940126,threshold_p10,23.113189750039304,77.00202240199128,0.7534692096497175,407.4936828613281,138.95899963378906,136.0,87.44705965360271,radial_lateral_search,58.603271484375,23.55999755859375,high,2.422054677985663,11.31370849898476
72,2,L,F72_T2,F72_T2_L,6,S3722L06.jpg,72/2L/S3722L06.jpg,/Users/sarahoualli/Desktop/BIO/iris_twins_project/data/raw/CASIA-Iris-Twins/72/2L/S3722L06.jpg,.jpg,15904,9916c69a661e9307ab8d08c9dc680d9a189eeee26d0fbf9721408b39fe8f6ac8,640,480,L,JPEG,True,,True,72,2,L,6,True,True,129.7280731201172,35.779476165771484,16.37203846739663,0.0015397135416666,6.8359375e-05,2L,False,False,False,False,False,False,True,True,True,333.0,182.8000030517578,40.80500411987305,334.3490120623551,threshold_p6,27.348489293047816,65.88205282112845,0.8536665352228578,330.0,186.0,99.0,77.82563860480157,hough_iris,51.5875358581543,20.449996948242188,high,2.426173018122171,4.386340213521896
72,2,L,F72_T2,F72_T2_L,7,S3722L07.jpg,72/2L/S3722L07.jpg,/Users/sarahoualli/Desktop/BIO/iris_twins_project/data/raw/CASIA-Iris-Twins/72/2L/S3722L07.jpg,.jpg,21907,a45a476086ad87f87acc774ba0434d960fceb9a7ef2feb7232a7edbcf13b4bd0,640,480,L,JPEG,True,,True,72,2,L,7,True,True,127.96222686767578,40.657718658447266,81.91823908894857,0.003447265625,9.440104166666666e-05,2L,False,False,False,False,False,False,True,True,True,361.9426574707031,186.5482177734375,44.19260787963867,359.0279670649141,threshold_p6,22.91357383856735,71.54403553299493,0.8569700859049915,356.0,184.0,117.0,88.0878712468585,hough_iris,65.24335479736328,17.764999389648438,high,2.647501598426977,6.465956358881989
72,2,L,F72_T2,F72_T2_L,8,S3722L08.jpg,72/2L/S3722L08.jpg,/Users/sarahoualli/Desktop/BIO/iris_twins_project/data/raw/CASIA-Iris-Twins/72/2L/S3722L08.jpg,.jpg,22385,e76f0579b401158e26d2d6ddcb44216240644d6c2a745b796ee372124ec25568,640,480,L,JPEG,True,,True,72,2,L,8,True,True,127.39390563964844,40.21541595458984,85.71634939319824,0.0030208333333333,9.765625e-05,2L,False,False,False,False,False,False,True,True,True,345.0,185.5,45.40108871459961,360.38294598253515,threshold_p6,23.280039476930668,72.8125,0.8318813058765977,338.0,188.0,115.0,94.4194005893044,hough_iris,70.8327407836914,18.795001983642575,high,2.53297890548205,7.433034373659253
72,2,L,F72_T2,F72_T2_L,9,S3722L09.jpg,72/2L/S3722L09.jpg,/Users/sarahoualli/Desktop/BIO/iris_twins_project/data/raw/CASIA-Iris-Twins/72/2L/S3722L09.jpg,.jpg,23591,98c0eaa5f6983214c2e95bb0b232bfefd4325cc0a91a0cc2d1d0a162d920add0,640,480,L,JPEG,True,,True,72,2,L,9,True,True,128.98101806640625,40.97359848022461,105.03369254378214,0.00400390625,8.138020833333333e-05,2L,False,False,False,False,False,False,True,True,True,351.5,182.69317626953125,45.77080154418945,365.45853177124593,threshold_p6,22.963894712322386,74.80383720930233,0.8500691912250855,343.5,182.69317626953125,116.0,88.72103578672011,radial_lateral_search,67.91656494140625,16.90500259399414,high,2.534366803430517,8.0
72,2,L,F72_T2,F72_T2_L,10,S3722L10.jpg,72/2L/S3722L10.jpg,/Users/sarahoualli/Desktop/BIO/iris_twins_project/data/raw/CASIA-Iris-Twins/72/2L/S3722L10.jpg,.jpg,25021,3beee631957d4169fe05cc09360c8545026273de627bb3695a603b9f1a5b5f5f,640,480,L,JPEG,True,,True,72,2,L,10,True,True,128.01744079589844,42.691627502441406,108.95046647388672,0.004306640625,0.0001595052083333,2L,False,False,False,False,False,False,True,True,True,366.8211975097656,182.0695648193359,48.465145111083984,374.96007572567186,threshold_p6,22.912288046891355,79.49926253687316,0.8668894629545877,358.8211975097656,182.0695648193359,122.0,89.09004984532598,radial_lateral_search,65.9599609375,18.61499786376953,high,2.51727297463716,8.0
72,2,R,F72_T2,F72_T2_R,1,S3722R01.jpg,72/2R/S3722R01.jpg,/Users/sarahoualli/Desktop/BIO/iris_twins_project/data/raw/CASIA-Iris-Twins/72/2R/S3722R01.jpg,.jpg,17868,fecccf87d759b8cea7855e4b884017501728f36f4a4fa5e560b5191f4517774a,640,480,L,JPEG,True,,True,72,2,R,1,True,True,129.39617919921875,36.09230422973633,25.21952752048703,0.0007454427083333,8.463541666666667e-05,2R,False,False,False,False,False,False,True,True,True,301.5,173.0,41.03971481323242,351.0383851457687,threshold_p10,27.707245526547375,74.56653454133635,0.8539093466521203,301.5,173.0,109.0,76.56043158185759,radial_lateral_search,48.92257308959961,20.01000213623047,high,2.655963875383831,0.0
72,2,R,F72_T2,F72_T2_R,2,S3722R02.jpg,72/2R/S3722R02.jpg,/Users/sarahoualli/Desktop/BIO/iris_twins_project/data/raw/CASIA-Iris-Twins/72/2R/S3722R02.jpg,.jpg,18157,6d46e9e932f3cc759394051546fdb3600d8bb4ddf52b003efa1face2a1af2d03,640,480,L,JPEG,True,,True,72,2,R,2,True,True,128.53273010253906,36.18196487426758,26.375762125481504,0.0007161458333333,0.0001041666666666,2R,False,False,False,False,False,False,True,True,True,301.32952880859375,170.23876953125,41.32524490356445,352.580923782464,threshold_p10,27.785567615136404,75.53015288788222,0.855728079540626,307.0,173.0,106.0,91.42442939991624,hough_iris,59.693115234375,24.31999969482422,high,2.56501807181927,6.307030777958957
72,2,R,F72_T2,F72_T2_R,3,S3722R03.jpg,72/2R/S3722R03.jpg,/Users/sarahoualli/Desktop/BIO/iris_twins_project/data/raw/CASIA-Iris-Twins/72/2R/S3722R03.jpg,.jpg,18142,7a2961a9d1c975d042863de65fb665069a38b889ee95b47617d96085bee8a152,640,480,L,JPEG,True,,True,72,2,R,3,True,True,130.01869201660156,35.848426818847656,27.121844047535795,0.0006966145833333,0.00015625,2R,False,False,False,False,False,False,True,True,True,309.4505310058594,171.4788055419922,41.88689041137695,355.4333985500933,threshold_p10,27.579310344827583,76.80642023346303,0.8222867016095394,313.0,172.0,109.0,89.96367755578119,hough_iris,58.663578033447266,23.419998168945312,high,2.60224616650928,3.5875303209065312
72,2,R,F72_T2,F72_T2_R,4,S3722R04.jpg,72/2R/S3722R04.jpg,/Users/sarahoualli/Desktop/BIO/iris_twins_project/data/raw/CASIA-Iris-Twins/72/2R/S3722R04.jpg,.jpg,19476,72027abf50d64d8f9a8552a530237ea2749634c7e6fed9403ecf306ec76c8172,640,480,L,JPEG,True,,True,72,2,R,4,True,True,130.21636962890625,35.93639373779297,37.39930508829752,0.0011686197916666,0.000146484375,2R,False,False,False,False,False,False,True,True,True,321.998779296875,166.34112548828125,42.764400482177734,357.781316113409,threshold_p10,26.713103448275863,76.42628555798687,0.8450745672543246,327.0,172.0,107.0,89.61305275324584,hough_iris,60.992767333984375,22.5,high,2.502081142107739,7.552156596677948
72,2,R,F72_T2,F72_T2_R,5,S3722R05.jpg,72/2R/S3722R05.jpg,/Users/sarahoualli/Desktop/BIO/iris_twins_project/data/raw/CASIA-Iris-Twins/72/2R/S3722R05.jpg,.jpg,19137,0df28952d5e2263e20e8e25464d23a3a87b99fa4349753a58c0dae08063b2407,640,480,L,JPEG,True,,True,72,2,R,5,True,True,127.8403778076172,35.99982833862305,32.85430479981105,0.0009375,7.486979166666666e-05,2R,False,False,False,False,False,False,True,True,True,314.5,167.5,42.43239974975586,356.98178993362376,threshold_p10,26.912275862068967,76.10188730853392,0.8612653813087475,322.5,167.5,108.0,83.6249326119032,radial_lateral_search,57.15602493286133,20.920005798339844,high,2.5452248903415224,8.0
72,2,R,F72_T2,F72_T2_R,6,S3722R06.jpg,72/2R/S3722R06.jpg,/Users/sarahoualli/Desktop/BIO/iris_twins_project/data/raw/CASIA-Iris-Twins/72/2R/S3722R06.jpg,.jpg,19183,225f1039f1ce6a4cbdcebb7ccbd2b687db9cab0ab1d55f2e2d55bc57823725a4,640,480,L,JPEG,True,,True,72,2,R,6,True,True,128.50575256347656,36.44573593139648,33.013587562391486,0.000703125,8.463541666666667e-05,2R,False,False,False,False,False,False,True,True,True,310.69232177734375,167.0,42.13014602661133,358.08378496817113,threshold_p10,27.11696551724138,77.33129516397999,0.8324183864342465,318.69232177734375,167.0,108.0,85.4531597610252,radial_lateral_search,57.889217376708984,21.650001525878903,high,2.5634850620214387,8.0
72,2,R,F72_T2,F72_T2_R,7,S3722R07.jpg,72/2R/S3722R07.jpg,/Users/sarahoualli/Desktop/BIO/iris_twins_project/data/raw/CASIA-Iris-Twins/72/2R/S3722R07.jpg,.jpg,19323,61e67b37e5cb35f5b3e5c8bd32d4cfed016301ca56b328081ef9bedd39373ade,640,480,L,JPEG,True,,True,72,2,R,7,True,True,130.806396484375,36.273460388183594,33.16475979207357,0.000732421875,0.0001529947916666,2R,False,False,False,False,False,False,True,True,True,314.13116455078125,167.60646057128906,41.644771575927734,356.63957046466675,threshold_p8,27.24229979466119,78.48679822123403,0.6966923281027383,318.0,170.0,108.0,93.08991223639728,hough_iris,61.666805267333984,23.705001831054688,high,2.593362765913888,4.549386632275336
72,2,R,F72_T2,F72_T2_R,8,S3722R08.jpg,72/2R/S3722R08.jpg,/Users/sarahoualli/Desktop/BIO/iris_twins_project/data/raw/CASIA-Iris-Twins/72/2R/S3722R08.jpg,.jpg,19463,408002692d5d48780816ae91a2e91aadda7807efa56ea76a534b9a5868cf8da3,640,480,L,JPEG,True,,True,72,2,R,8,True,True,131.88479614257812,36.33821487426758,36.59206625746621,0.0006119791666666,0.000146484375,2R,False,False,False,False,False,False,True,True,True,309.0,168.5,43.00300598144531,360.6905042355461,threshold_p10,27.034206896551723,78.36345954356847,0.8484327411002943,309.0,168.5,111.0,84.09988632296357,radial_lateral_search,55.09502029418945,21.20000457763672,high,2.5812149050206776,0.0
72,2,R,F72_T2,F72_T2_R,9,S3722R09.jpg,72/2R/S3722R09.jpg,/Users/sarahoualli/Desktop/BIO/iris_twins_project/data/raw/CASIA-Iris-Twins/72/2R/S3722R09.jpg,.jpg,22346,6cb61b7da3718000aff7d15700f992e9012edc21911819a013dc026231cf5bd1,640,480,L,JPEG,True,,True,72,2,R,9,True,True,125.15302276611328,36.73909378051758,72.83015968296264,0.001787109375,0.000107421875,2R,False,False,False,False,False,False,True,True,True,332.9468078613281,154.6914825439453,45.41136169433594,369.38618016217606,threshold_p10,25.204539847026897,81.35980392156863,0.7773832589624134,340.9468078613281,162.6914825439453,118.0,87.2921526698995,radial_lateral_search,61.69070816040039,20.73999786376953,high,2.5984686562419883,11.31370849898476
72,2,R,F72_T2,F72_T2_R,10,S3722R10.jpg,72/2R/S3722R10.jpg,/Users/sarahoualli/Desktop/BIO/iris_twins_project/data/raw/CASIA-Iris-Twins/72/2R/S3722R10.jpg,.jpg,24088,4275579fab0d29218b7d5fbededfe7e7fe77e0e63b6e33a8b101fccbc2b712f4,640,480,L,JPEG,True,,True,72,2,R,10,True,True,127.74864959716795,37.80682373046875,92.39587944026523,0.0030403645833333,0.0001529947916666,2R,False,False,False,False,False,False,True,True,True,351.5,151.5,45.54677963256836,376.85235904020954,threshold_p4,22.815445349124104,82.09046511627906,0.7695631480899959,359.5,151.5,122.0,86.56882914785528,radial_lateral_search,59.44056701660156,21.01000213623047,high,2.678564785132768,8.0
73,1,L,F73_T1,F73_T1_L,3,S3731L03.jpg,73/1L/S3731L03.jpg,/Users/sarahoualli/Desktop/BIO/iris_twins_project/data/raw/CASIA-Iris-Twins/73/1L/S3731L03.jpg,.jpg,20976,a62e48090f95605fd281b6ddd56384562e17093e091010480af5b18e8496ad23,640,480,L,JPEG,True,,True,73,1,L,3,True,True,136.54800415039062,29.378498077392575,60.42037047703001,0.0007649739583333,0.0001236979166666,1L,False,False,False,False,False,False,True,True,True,305.5020751953125,214.25550842285156,40.77913284301758,420.9100865796668,threshold_p8,23.250513347022583,102.68517406962783,0.7745081933139291,305.5020751953125,206.25550842285156,119.0,92.73534371086896,radial_lateral_search,67.1769790649414,20.165000915527344,high,2.9181591589526854,8.0
73,1,R,F73_T1,F73_T1_R,1,S3731R01.jpg,73/1R/S3731R01.jpg,/Users/sarahoualli/Desktop/BIO/iris_twins_project/data/raw/CASIA-Iris-Twins/73/1R/S3731R01.jpg,.jpg,20309,2b5191929c4ca6021f6abee4ffdf0fe94d57ca3624e26506775d052c79c6f067,640,480,L,JPEG,True,,True,73,1,R,1,True,True,131.29623413085938,27.385366439819336,50.53676170551512,0.0017024739583333,0.0001725260416666,1R,False,True,False,False,False,True,True,True,True,353.4910888671875,203.96441650390625,37.195804595947266,389.8801278473343,threshold_p2,21.91350584898972,85.5560553633218,0.7659277260193529,361.4910888671875,211.96441650390625,114.0,78.7814105631711,radial_lateral_search,57.277286529541016,18.279998779296875,high,3.0648617831598424,11.31370849898476
73,1,R,F73_T1,F73_T1_R,2,S3731R02.jpg,73/1R/S3731R02.jpg,/Users/sarahoualli/Desktop/BIO/iris_twins_project/data/raw/CASIA-Iris-Twins/73/1R/S3731R02.jpg,.jpg,22715,52311534a57ba83bedfdbc83f977550407c2743ff04a366741751f3e60212f1b,640,480,L,JPEG,True,,True,73,1,R,2,True,True,123.39230346679688,29.750329971313477,88.79978716505899,0.003046875,0.0001171875,1R,False,False,False,False,False,False,True,True,True,355.0,207.5,39.131290435791016,403.2315960221771,threshold_p6,20.345551482839053,88.76355140186917,0.8422545409816841,360.0,209.0,120.0,103.0739856085628,hough_iris,70.70841979980469,24.955001831054688,high,3.0665996102761612,5.220153254455275
73,2,L,F73_T2,F73_T2_L,1,S3732L01.jpg,73/2L/S3732L01.jpg,/Users/sarahoualli/Desktop/BIO/iris_twins_project/data/raw/CASIA-Iris-Twins/73/2L/S3732L01.jpg,.jpg,16806,74710faddffd99729a25dff913f147f48a16201a1ee4723129d869577c88d135,640,480,L,JPEG,True,,True,73,2,L,1,True,True,120.09745025634766,28.7905330657959,21.353921550740132,0.0015462239583333,8.138020833333333e-05,2L,False,False,False,False,False,False,True,True,True,312.1847229003906,219.80581665039065,37.70497131347656,355.35883340248785,threshold_p2,24.74406238922368,72.71240057845264,0.6996264275524288,312.1847229003906,219.80581665039065,105.0,70.75720030830337,radial_lateral_search,46.84431457519531,17.18000030517578,high,2.7847786735345097,0.0
73,2,L,F73_T2,F73_T2_L,2,S3732L02.jpg,73/2L/S3732L02.jpg,/Users/sarahoualli/Desktop/BIO/iris_twins_project/data/raw/CASIA-Iris-Twins/73/2L/S3732L02.jpg,.jpg,16623,3cc1a5816a7e415b49a7ba58c56a985307806fc3aa923dcbf2e8e6d5f640a286,640,480,L,JPEG,True,,True,73,2,L,2,True,True,122.68235778808594,28.989593505859375,19.2915984123124,0.00087890625,5.5338541666666664e-05,2L,False,False,False,False,False,False,True,True,True,313.0430908203125,217.76109313964844,38.079593658447266,347.7263838918938,threshold_p2,24.58383551931939,69.42136548913044,0.6653387709140697,313.0430908203125,217.76109313964844,104.0,68.27904869811702,radial_lateral_search,45.842559814453125,16.080001831054688,high,2.7311215800468367,0.0
73,2,L,F73_T2,F73_T2_L,3,S3732L03.jpg,73/2L/S3732L03.jpg,/Users/sarahoualli/Desktop/BIO/iris_twins_project/data/raw/CASIA-Iris-Twins/73/2L/S3732L03.jpg,.jpg,18483,2bf1ac36a043bbf5ab8766e5a00262ce557406945fdead0eb1a683d2e3612cca,640,480,L,JPEG,True,,True,73,2,L,3,True,True,121.19103240966795,28.00132942199707,33.6760578748915,0.0019498697916666,9.440104166666666e-05,2L,False,True,False,False,False,True,True,True,True,304.2742004394531,218.7580718994141,38.75331115722656,346.67847699404024,threshold_p4,26.65078307230923,70.56718646317186,0.7515187733877235,304.2742004394531,210.7580718994141,109.0,75.80493469883483,radial_lateral_search,55.158592224121094,16.354995727539062,high,2.8126628859602394,8.0
73,2,L,F73_T2,F73_T2_L,4,S3732L04.jpg,73/2L/S3732L04.jpg,/Users/sarahoualli/Desktop/BIO/iris_twins_project/data/raw/CASIA-Iris-Twins/73/2L/S3732L04.jpg,.jpg,18432,bd3e5b4a0385389ca73cdea02b5ec6dba5077ff6a7a9c4e57cbc7b9d9f5de34b,640,480,L,JPEG,True,,True,73,2,L,4,True,True,120.74456787109376,28.501466751098633,27.404787190585672,0.003076171875,6.8359375e-05,2L,False,False,False,False,False,False,True,True,True,260.3467102050781,237.7189788818359,40.22295379638672,363.9385389993268,threshold_p4,23.682767217201626,74.18053855569156,0.8213931651951974,260.3467102050781,229.7189788818359,106.0,70.28199028111646,radial_lateral_search,48.037750244140625,17.644996643066406,high,2.635311184170719,8.0
73,2,L,F73_T2,F73_T2_L,5,S3732L05.jpg,73/2L/S3732L05.jpg,/Users/sarahoualli/Desktop/BIO/iris_twins_project/data/raw/CASIA-Iris-Twins/73/2L/S3732L05.jpg,.jpg,16753,90819ef15c4f8efe5fc034da3c208beb2636509ab233adbf1dd37f53b0618ab0,640,480,L,JPEG,True,,True,73,2,L,5,True,True,124.41049194335938,29.553823471069336,22.003392916827735,0.0016048177083333,7.8125e-05,2L,False,False,False,False,False,False,True,True,True,307.49798583984375,224.8955841064453,41.519508361816406,367.63665994326976,threshold_p5,26.7471399237313,79.04929161747343,0.8915046456536581,299.49798583984375,224.8955841064453,104.0,77.45677202134024,radial_lateral_search,52.248382568359375,20.13500213623047,high,2.5048466155645532,8.0
73,2,L,F73_T2,F73_T2_L,6,S3732L06.jpg,73/2L/S3732L06.jpg,/Users/sarahoualli/Desktop/BIO/iris_twins_project/data/raw/CASIA-Iris-Twins/73/2L/S3732L06.jpg,.jpg,15730,712dbbd596912d4df71bf9d8f6fe210a2c7599dd75d4f132714d622d73c5b962,640,480,L,JPEG,True,,True,73,2,L,6,True,True,123.69489288330078,27.99121856689453,15.824118867227767,0.0016438802083333,6.8359375e-05,2L,True,True,False,False,False,True,True,True,True,296.12054443359375,225.51785278320312,40.94230651855469,359.5380191016743,threshold_p6,26.645643883836904,75.57142857142857,0.8604302811050256,296.12054443359375,217.51785278320312,97.0,70.86887867306788,radial_lateral_search,51.46712875366211,16.375,high,2.369187479851446,8.0
73,2,L,F73_T2,F73_T2_L,7,S3732L07.jpg,73/2L/S3732L07.jpg,/Users/sarahoualli/Desktop/BIO/iris_twins_project/data/raw/CASIA-Iris-Twins/73/2L/S3732L07.jpg,.jpg,17611,0d50f74cfbc6d29ee16fe29e75cf007890cbd803003a3c1752ff8d00017628ba,640,480,L,JPEG,True,,True,73,2,L,7,True,True,125.25696563720705,29.646900177001953,25.837814864052675,0.0019010416666666,8.7890625e-05,2L,False,False,False,False,False,False,True,True,True,326.7020568847656,220.96595764160156,44.5311164855957,369.28784348706233,threshold_p8,25.84653343202566,80.12817638266068,0.8018493624236601,318.7020568847656,220.96595764160156,104.0,77.2362587130263,radial_lateral_search,54.210479736328125,19.05999755859375,high,2.3354455986667313,8.0
73,2,R,F73_T2,F73_T2_R,1,S3732R01.jpg,73/2R/S3732R01.jpg,/Users/sarahoualli/Desktop/BIO/iris_twins_project/data/raw/CASIA-Iris-Twins/73/2R/S3732R01.jpg,.jpg,18076,0a1e625344765238c3917fdceb3515ebc464e3fabb73701a689aba5b2bcb38c2,640,480,L,JPEG,True,,True,73,2,R,1,True,True,119.15239715576172,31.619150161743164,28.263525,0.003525390625,7.486979166666666e-05,2R,False,False,False,False,False,False,True,True,True,236.85647583007812,122.79268646240234,40.36159896850586,334.3069063714212,threshold_p6,22.91025241508258,61.71449191685912,0.8292917062185523,244.85647583007812,122.79268646240234,108.0,81.5265202423679,radial_lateral_search,56.02628326416016,19.854995727539062,high,2.6758107399132616,8.0
73,2,R,F73_T2,F73_T2_R,2,S3732R02.jpg,73/2R/S3732R02.jpg,/Users/sarahoualli/Desktop/BIO/iris_twins_project/data/raw/CASIA-Iris-Twins/73/2R/S3732R02.jpg,.jpg,19642,229fa1d6fac9fcd1afe6053b060f2efc5c9b2c90fe9850678f244d345cf7dd54,640,480,L,JPEG,True,,True,73,2,R,2,True,True,120.8289566040039,30.985811233520508,48.65142219539217,0.0029231770833333,6.510416666666667e-05,2R,False,False,False,False,False,False,True,True,True,239.5,130.0,37.312965393066406,341.160009551674,threshold_p2,20.456575682382137,60.32941176470588,0.8755886624026662,247.5,130.0,112.0,78.90313510470753,radial_lateral_search,62.70869064331055,13.714996337890623,high,3.0016376029124756,8.0
73,2,R,F73_T2,F73_T2_R,3,S3732R03.jpg,73/2R/S3732R03.jpg,/Users/sarahoualli/Desktop/BIO/iris_twins_project/data/raw/CASIA-Iris-Twins/73/2R/S3732R03.jpg,.jpg,18827,9a55f7c679c80f02550de469a1a50906c2d18a5ee849c6acdc12d33314bb0282,640,480,L,JPEG,True,,True,73,2,R,3,True,True,109.9281768798828,31.10731506347656,35.78050146652858,0.0042252604166666,8.7890625e-05,2R,False,False,False,False,False,False,True,True,True,217.81932067871097,124.18067169189452,42.2657470703125,346.65602593116495,threshold_p3,21.010758620689653,66.1129541864139,0.7784102939457941,225.81932067871097,124.18067169189452,114.0,80.35737497097348,radial_lateral_search,54.65950012207031,19.93499755859375,high,2.6972195667179797,8.0
73,2,R,F73_T2,F73_T2_R,4,S3732R04.jpg,73/2R/S3732R04.jpg,/Users/sarahoualli/Desktop/BIO/iris_twins_project/data/raw/CASIA-Iris-Twins/73/2R/S3732R04.jpg,.jpg,18308,a39d8c4a7add914c3db53ffa2b115bc2384ca9d2e608ac2c4c991b179e868e35,640,480,L,JPEG,True,,True,73,2,R,4,True,True,111.21379852294922,31.50012588500977,29.387608019977147,0.0039518229166666,8.463541666666667e-05,2R,False,False,False,False,False,False,True,True,True,202.7864990234375,162.7372283935547,41.2325439453125,349.97391745341275,threshold_p2,20.469345849222645,66.80294450736127,0.7435721527223398,210.7864990234375,162.7372283935547,112.0,73.82895976427002,radial_lateral_search,48.334754943847656,19.73500061035156,high,2.7163009914825462,8.0
73,2,R,F73_T2,F73_T2_R,5,S3732R05.jpg,73/2R/S3732R05.jpg,/Users/sarahoualli/Desktop/BIO/iris_twins_project/data/raw/CASIA-Iris-Twins/73/2R/S3732R05.jpg,.jpg,20297,93a395083d5888e33d79ed4cb94ed15e7053b2746238ba58a7073d88d8563a37,640,480,L,JPEG,True,,True,73,2,R,5,True,True,111.31403350830078,31.483802795410156,52.62966260439554,0.0044140625,9.114583333333334e-05,2R,False,False,False,False,False,False,True,True,True,208.31817626953125,184.68182373046875,42.96968078613281,351.1668361725457,threshold_p4,22.427586206896553,68.45798755186722,0.8181332143222336,211.0,184.0,115.0,89.64882895993884,hough_iris,60.01039123535156,21.875,high,2.6763056624128527,2.7671397002565024
73,2,R,F73_T2,F73_T2_R,6,S3732R06.jpg,73/2R/S3732R06.jpg,/Users/sarahoualli/Desktop/BIO/iris_twins_project/data/raw/CASIA-Iris-Twins/73/2R/S3732R06.jpg,.jpg,19090,4ed97cb1891ebef84da30ab63fc4a7629a1d9f0cc638f509820e33c3e3c64097,640,480,L,JPEG,True,,True,73,2,R,6,True,True,107.87555694580078,32.946144104003906,40.53294509849549,0.0049739583333333,8.138020833333333e-05,2R,False,False,False,False,False,False,True,True,True,198.7196502685547,197.03179931640625,43.044227600097656,339.6736903092368,threshold_p4,20.346758620689656,59.73042012448133,0.8023042701582387,204.0,202.0,113.0,79.6024279314717,hough_iris,53.753143310546875,20.115001678466797,high,2.6252068233126717,7.25018008871752
73,2,R,F73_T2,F73_T2_R,7,S3732R07.jpg,73/2R/S3732R07.jpg,/Users/sarahoualli/Desktop/BIO/iris_twins_project/data/raw/CASIA-Iris-Twins/73/2R/S3732R07.jpg,.jpg,19380,474a7cb4d1ee30f2c97dc280849292d5f5e372506c4a81f912a623d6f19f7b3d,640,480,L,JPEG,True,,True,73,2,R,7,True,True,107.40425872802734,32.72608947753906,44.65403948957655,0.0051041666666666,9.114583333333334e-05,2R,False,False,False,False,False,False,True,True,True,210.3890380859375,202.66273498535156,42.28807067871094,336.96667592477013,threshold_p4,20.379310344827587,57.95918904686677,0.8026159581259136,210.3890380859375,202.66273498535156,112.0,75.65572756594159,radial_lateral_search,50.672725677490234,18.134998321533203,high,2.64850105957622,0.0
73,2,R,F73_T2,F73_T2_R,8,S3732R08.jpg,73/2R/S3732R08.jpg,/Users/sarahoualli/Desktop/BIO/iris_twins_project/data/raw/CASIA-Iris-Twins/73/2R/S3732R08.jpg,.jpg,19989,5eb5055ac851432585971dbb1410d4e01f16244c89c4f336171861095c493210,640,480,L,JPEG,True,,True,73,2,R,8,True,True,105.87259674072266,32.055381774902344,50.01854124653074,0.0053125,9.440104166666666e-05,2R,False,False,False,False,False,False,True,True,True,233.55154418945312,207.9226837158203,41.53186798095703,347.1084710791786,threshold_p3,19.851862716339102,61.07378984651712,0.8470501019751503,233.55154418945312,207.9226837158203,114.0,78.35990237361663,radial_lateral_search,51.38138198852539,19.28499984741211,high,2.7448801496785715,0.0
73,2,R,F73_T2,F73_T2_R,9,S3732R09.jpg,73/2R/S3732R09.jpg,/Users/sarahoualli/Desktop/BIO/iris_twins_project/data/raw/CASIA-Iris-Twins/73/2R/S3732R09.jpg,.jpg,20685,8090c79f204e965c6549b46d72b8b78205d2e567a98373743a6ac745d9713641,640,480,L,JPEG,True,,True,73,2,R,9,True,True,108.8003158569336,28.13833236694336,49.90316919749577,0.004580078125,0.0001009114583333,2R,False,False,False,False,False,False,True,True,True,291.5,202.5,38.347198486328125,365.2346404314105,threshold_p3,20.508497167610795,70.86107336956522,0.7801185916182289,296.0,205.0,112.0,88.07020563953748,hough_iris,60.67489242553711,20.974998474121097,high,2.9206827205364485,5.1478150704935
74,1,L,F74_T1,F74_T1_L,1,S3741L01.jpg,74/1L/S3741L01.jpg,/Users/sarahoualli/Desktop/BIO/iris_twins_project/data/raw/CASIA-Iris-Twins/74/1L/S3741L01.jpg,.jpg,20643,8229e53e5d8073669dedcc85544a5cebd395bc3b2ce224a79582c322efb56267,640,480,L,JPEG,True,,True,74,1,L,1,True,True,122.28955841064452,32.146644592285156,41.720701820203985,0.003681640625,7.8125e-05,1L,False,False,False,False,False,False,True,True,True,399.4144592285156,156.2105255126953,38.4254264831543,352.2428120676008,threshold_p2,24.50016661112962,72.48978288633461,0.7943371079877942,391.4144592285156,156.2105255126953,107.0,101.89557212572537,radial_lateral_search,71.35102844238281,23.345001220703125,high,2.784614506410457,8.0
74,1,L,F74_T1,F74_T1_L,2,S3741L02.jpg,74/1L/S3741L02.jpg,/Users/sarahoualli/Desktop/BIO/iris_twins_project/data/raw/CASIA-Iris-Twins/74/1L/S3741L02.jpg,.jpg,20328,cca24303117ad08080e6f49c26852a170af359434fbc26e711603122a35b4d0a,640,480,L,JPEG,True,,True,74,1,L,2,True,True,122.90855407714844,33.54496383666992,41.147780478541065,0.003359375,6.8359375e-05,1L,False,False,False,False,False,False,True,True,True,403.5666809082031,151.5,39.638938903808594,352.6045348330591,threshold_p2,24.514490495481457,73.25178687459389,0.7763556755254873,397.0,145.0,107.0,102.25937197508549,hough_iris,70.9338150024414,24.170005798339844,high,2.699365900274369,9.23965898451666
74,1,L,F74_T1,F74_T1_L,3,S3741L03.jpg,74/1L/S3741L03.jpg,/Users/sarahoualli/Desktop/BIO/iris_twins_project/data/raw/CASIA-Iris-Twins/74/1L/S3741L03.jpg,.jpg,19926,0ae60a3a6270c1984e6a474a99875fce02ab6d8deb5e3f401c14ecc77fba9ce4,640,480,L,JPEG,True,,True,74,1,L,3,True,True,119.6091766357422,32.375179290771484,37.30404797765944,0.003447265625,6.510416666666667e-05,1L,False,False,False,False,False,False,True,True,True,419.5,153.1413116455078,46.46803665161133,352.54595891278575,threshold_p4,25.21034241788959,76.36163377696191,0.7129916619686739,411.5,161.1413116455078,104.0,74.5256790136037,radial_lateral_search,54.46770858764648,17.81000518798828,high,2.2380975718799534,11.31370849898476
74,1,R,F74_T1,F74_T1_R,1,S3741R01.jpg,74/1R/S3741R01.jpg,/Users/sarahoualli/Desktop/BIO/iris_twins_project/data/raw/CASIA-Iris-Twins/74/1R/S3741R01.jpg,.jpg,15681,6de4ea49b2e5927e6ab2a0e6948f1ee428aeade4610946535d90904c896ba425,640,480,L,JPEG,True,,True,74,1,R,1,True,True,149.57550048828125,31.36317443847656,16.23379568014145,0.0003092447916666,9.765625e-05,1R,False,False,False,False,False,False,True,True,True,390.75238037109375,206.46197509765625,36.91304016113281,355.27047407173484,threshold_p2,33.11627082594825,87.23651145602365,0.7497960382378162,390.75238037109375,206.46197509765625,94.0,80.67761985015889,radial_lateral_search,56.34751892089844,17.959999084472656,high,2.5465255527496833,0.0
74,1,R,F74_T1,F74_T1_R,2,S3741R02.jpg,74/1R/S3741R02.jpg,/Users/sarahoualli/Desktop/BIO/iris_twins_project/data/raw/CASIA-Iris-Twins/74/1R/S3741R02.jpg,.jpg,16637,1cb52effae1a52dc3a2e7bd1b2a3780a350a0c1e6254b6bf10680b3af2a34d60,640,480,L,JPEG,True,,True,74,1,R,2,True,True,145.89834594726562,31.627674102783203,21.32000152164036,0.0003059895833333,9.440104166666666e-05,1R,False,False,False,False,False,False,True,True,True,326.6980285644531,203.49505615234375,38.03081512451172,364.23348196656815,threshold_p3,31.971286777738392,90.55587635869566,0.5960747505794192,334.6980285644531,211.49505615234375,98.0,98.699349871763,radial_lateral_search,66.86334991455078,25.25499725341797,high,2.576857731793311,11.31370849898476
74,1,R,F74_T1,F74_T1_R,3,S3741R03.jpg,74/1R/S3741R03.jpg,/Users/sarahoualli/Desktop/BIO/iris_twins_project/data/raw/CASIA-Iris-Twins/74/1R/S3741R03.jpg,.jpg,17557,9473e4f523d1bdbb8e8fce78b2c7aeb74048f717bf53d3480a3b4b3a352fd39e,640,480,L,JPEG,True,,True,74,1,R,3,True,True,146.09231567382812,32.24360275268555,26.55618816501829,0.000361328125,7.486979166666666e-05,1R,False,False,False,False,False,False,True,True,True,313.0,207.25,36.250099182128906,364.0144948623359,threshold_p2,30.06922784328642,87.0890847711928,0.6249250559418512,321.0,215.25,96.0,89.74112820573436,radial_lateral_search,61.62348556518555,22.394996643066406,high,2.648268616250503,11.31370849898476
74,1,R,F74_T1,F74_T1_R,4,S3741R04.jpg,74/1R/S3741R04.jpg,/Users/sarahoualli/Desktop/BIO/iris_twins_project/data/raw/CASIA-Iris-Twins/74/1R/S3741R04.jpg,.jpg,18070,4bb306eb4cf47715446022f6e6e3a51b79b53362531513f2b3ea092ce2e4dd7e,640,480,L,JPEG,True,,True,74,1,R,4,True,True,139.95729064941406,36.4465446472168,26.396926472981765,0.0005598958333333,6.184895833333334e-05,1R,False,False,False,False,False,False,True,True,True,285.0,207.0,33.0,354.2843569103934,hough_pupil,24.736445073078738,73.28981481481482,0.75,285.0,215.0,98.0,88.20435726281369,radial_lateral_search,60.64714813232422,21.73999786376953,high,2.9696969696969697,8.0
74,1,R,F74_T1,F74_T1_R,5,S3741R05.jpg,74/1R/S3741R05.jpg,/Users/sarahoualli/Desktop/BIO/iris_twins_project/data/raw/CASIA-Iris-Twins/74/1R/S3741R05.jpg,.jpg,18361,e31fb9bdde9b285830b55bf01ac40a78a14df67dc379a4471e5940f414fac7fe,640,480,L,JPEG,True,,True,74,1,R,5,True,True,137.10772705078125,36.24625396728515,33.244567731221515,0.0007454427083333,6.184895833333334e-05,1R,False,False,False,False,False,False,True,True,True,284.4193420410156,201.64515686035156,37.52616882324219,349.785003570167,threshold_p2,27.634526763559023,76.98114186851211,0.6263508493338255,292.4193420410156,209.64515686035156,99.0,87.00639728901643,radial_lateral_search,62.58318328857422,19.785003662109375,high,2.6381589995588204,11.31370849898476
74,1,R,F74_T1,F74_T1_R,6,S3741R06.jpg,74/1R/S3741R06.jpg,/Users/sarahoualli/Desktop/BIO/iris_twins_project/data/raw/CASIA-Iris-Twins/74/1R/S3741R06.jpg,.jpg,18324,aaf56cd296e29d16cc9e3135102578c052c73816f5bbc673722685e4fbcb0b4e,640,480,L,JPEG,True,,True,74,1,R,6,True,True,137.16993713378906,36.3466911315918,33.773665184487236,0.0009147135416666,8.463541666666667e-05,1R,False,False,False,False,False,False,True,True,True,280.92254638671875,200.09683227539065,37.40034866333008,349.22466149734623,threshold_p2,27.42006380716058,75.7652249134948,0.6808714823432265,288.92254638671875,208.09683227539065,99.0,92.17669859669222,radial_lateral_search,65.5899887084961,21.30500030517578,high,2.6470341464240557,11.31370849898476
74,1,R,F74_T1,F74_T1_R,9,S3741R09.jpg,74/1R/S3741R09.jpg,/Users/sarahoualli/Desktop/BIO/iris_twins_project/data/raw/CASIA-Iris-Twins/74/1R/S3741R09.jpg,.jpg,18390,9f0455035971f7bc2c1bd74b2efb0e568710d88c9af170d5ec97d256679921a5,640,480,L,JPEG,True,,True,74,1,R,9,True,True,135.51980590820312,36.74848175048828,31.71840247386297,0.000712890625,8.138020833333333e-05,1R,False,False,False,False,False,False,True,True,True,271.46343994140625,202.06915283203125,37.93473434448242,349.9703818666056,threshold_p2,27.616802552286423,76.80349864130434,0.6732358449486106,279.46343994140625,202.06915283203125,104.0,88.62656835939727,radial_lateral_search,68.36537170410156,15.92499542236328,high,2.7415507659967764,8.0
74,2,L,F74_T2,F74_T2_L,1,S3742L01.jpg,74/2L/S3742L01.jpg,/Users/sarahoualli/Desktop/BIO/iris_twins_project/data/raw/CASIA-Iris-Twins/74/2L/S3742L01.jpg,.jpg,16238,579ab75c9d9594b4d3331f43d2bddf3d6ecdef867b969f1e63ecccbfc73c4b8d,640,480,L,JPEG,True,,True,74,2,L,1,True,True,133.08023071289062,34.37470245361328,16.634554539987768,0.0009114583333333,8.7890625e-05,2L,False,False,False,False,False,False,True,True,True,380.5,188.5,45.50284576416016,345.4036384933055,threshold_p3,29.08734270910437,77.15325581395349,0.7309280418962147,372.5,196.5,98.0,78.90357871559965,radial_lateral_search,55.795166015625,20.229995727539062,high,2.153711451541536,11.31370849898476
74,2,L,F74_T2,F74_T2_L,2,S3742L02.jpg,74/2L/S3742L02.jpg,/Users/sarahoualli/Desktop/BIO/iris_twins_project/data/raw/CASIA-Iris-Twins/74/2L/S3742L02.jpg,.jpg,17310,3a456f4000739bad61514218f5ca4636d92c062cadd5fa837a1945003eec9991,640,480,L,JPEG,True,,True,74,2,L,2,True,True,133.73175048828125,34.46223068237305,21.364606673812865,0.0010384114583333,8.7890625e-05,2L,False,False,False,False,False,False,True,True,True,385.6905517578125,194.4359130859375,40.834468841552734,358.0374132827578,threshold_p3,27.01994719859196,77.0390156062425,0.8721505137553326,385.6905517578125,194.4359130859375,97.0,84.77526291558425,radial_lateral_search,67.49948120117188,13.410003662109377,high,2.375444146864812,0.0
74,2,L,F74_T2,F74_T2_L,3,S3742L03.jpg,74/2L/S3742L03.jpg,/Users/sarahoualli/Desktop/BIO/iris_twins_project/data/raw/CASIA-Iris-Twins/74/2L/S3742L03.jpg,.jpg,17473,64e463d3facb8c498dc74b0a7093206939d8063977706b9cc2753caf07de57f6,640,480,L,JPEG,True,,True,74,2,L,3,True,True,134.12857055664062,34.968666076660156,23.069987967766657,0.00091796875,8.463541666666667e-05,2L,False,False,False,False,False,False,True,True,True,403.5,188.2831268310547,41.79180145263672,347.13082364981136,threshold_p3,27.04928131416838,74.41439688715953,0.7189922732780221,403.5,196.2831268310547,99.0,94.8999720410446,radial_lateral_search,73.98043060302734,17.459999084472656,high,2.36888567993888,8.0
74,2,L,F74_T2,F74_T2_L,4,S3742L04.jpg,74/2L/S3742L04.jpg,/Users/sarahoualli/Desktop/BIO/iris_twins_project/data/raw/CASIA-Iris-Twins/74/2L/S3742L04.jpg,.jpg,19502,2ce6759ce059e416cab87be6177a4698b36c5e92ea9594297badeb8212cd5ab5,640,480,L,JPEG,True,,True,74,2,L,4,True,True,136.72763061523438,38.20783996582031,36.77948806965087,0.0018359375,7.8125e-05,2L,False,False,False,False,False,False,True,True,True,450.5,183.5,40.62644577026367,347.0410578382662,threshold_p2,24.245526547374595,69.62274909963986,0.826239747281232,442.5,191.5,103.0,98.24613055758051,radial_lateral_search,73.24038696289062,20.4949951171875,high,2.5352943888433956,11.31370849898476
74,2,L,F74_T2,F74_T2_L,5,S3742L05.jpg,74/2L/S3742L05.jpg,/Users/sarahoualli/Desktop/BIO/iris_twins_project/data/raw/CASIA-Iris-Twins/74/2L/S3742L05.jpg,.jpg,21402,272bd4b169018a72cdba8570c4d5ff9e3e6a5703ea312b6308a0aa68ed7c5b9d,640,480,L,JPEG,True,,True,74,2,L,5,True,True,131.51014709472656,38.23662567138672,55.36534072917301,0.0024055989583333,6.184895833333334e-05,2L,False,False,False,False,False,False,True,True,True,457.2160949707031,187.1057891845703,44.483516693115234,339.49168698984937,threshold_p3,24.81988650382433,67.13166417538615,0.8053071546604536,457.2160949707031,187.1057891845703,104.0,106.21034413330273,radial_lateral_search,79.49456787109375,20.259998321533203,high,2.3379446530156236,0.0
74,2,R,F74_T2,F74_T2_R,1,S3742R01.jpg,74/2R/S3742R01.jpg,/Users/sarahoualli/Desktop/BIO/iris_twins_project/data/raw/CASIA-Iris-Twins/74/2R/S3742R01.jpg,.jpg,20950,f8aca8ed38702fcd2a92cb859066c86eddd1d6e201da637683338fb4d3da1605,640,480,L,JPEG,True,,True,74,2,R,1,True,True,166.16201782226562,37.060821533203125,47.044463880062125,0.0001888020833333,0.0001888020833333,2R,False,False,False,False,False,False,True,True,True,362.8294677734375,197.8179168701172,41.98487854003906,467.6468444408018,threshold_p6,29.514758620689655,135.22373540856032,0.8509931770966455,362.8294677734375,205.8179168701172,109.0,89.00613364410752,radial_lateral_search,60.73044967651367,22.06499481201172,high,2.596172807694362,8.0
74,2,R,F74_T2,F74_T2_R,2,S3742R02.jpg,74/2R/S3742R02.jpg,/Users/sarahoualli/Desktop/BIO/iris_twins_project/data/raw/CASIA-Iris-Twins/74/2R/S3742R02.jpg,.jpg,17474,33ad7e98dbc66e8314a233992643e793686c19fe4d49b8bc1018687029586311,640,480,L,JPEG,True,,True,74,2,R,2,True,True,111.99948120117188,35.77931594848633,21.53303099632263,0.0018098958333333,8.463541666666667e-05,2R,False,False,False,False,False,False,True,True,True,265.99114990234375,216.22300720214844,41.0126838684082,367.2649071718299,threshold_p12,27.97946611909651,82.09187429218574,0.8852498518198029,273.99114990234375,216.22300720214844,99.0,80.13070439574537,radial_lateral_search,60.34714889526367,16.520004272460938,high,2.4138873797590956,8.0
74,2,R,F74_T2,F74_T2_R,3,S3742R03.jpg,74/2R/S3742R03.jpg,/Users/sarahoualli/Desktop/BIO/iris_twins_project/data/raw/CASIA-Iris-Twins/74/2R/S3742R03.jpg,.jpg,23592,6656243681edd4624de9156832b35f4b6468e0d86d7445e422441b9aff7d5098,640,480,L,JPEG,True,,True,74,2,R,3,True,True,121.73381805419922,33.26704406738281,74.64430812834632,0.0018033854166666,0.0001106770833333,2R,False,False,False,False,False,False,True,True,True,256.5,129.5,44.32278060913086,397.1568878436142,threshold_p3,25.051907604464056,97.501370204285,0.7061767915218713,256.5,129.5,118.0,95.81562323626896,radial_lateral_search,69.30046844482422,19.19000244140625,high,2.6622878433689925,0.0
74,2,R,F74_T2,F74_T2_R,4,S3742R04.jpg,74/2R/S3742R04.jpg,/Users/sarahoualli/Desktop/BIO/iris_twins_project/data/raw/CASIA-Iris-Twins/74/2R/S3742R04.jpg,.jpg,23924,6c8bab728e83fe067fb77ba665e5b18a1e68721a1f63a52935d19651c479c507,640,480,L,JPEG,True,,True,74,2,R,4,True,True,125.68302154541016,35.691619873046875,73.84824448766705,0.0008365885416666,0.0001041666666666,2R,False,False,False,False,False,False,True,True,True,250.20118713378903,149.67135620117188,44.84708023071289,402.4499512340733,threshold_p10,26.305206020231928,100.52082347373404,0.7952432346271987,250.20118713378903,149.67135620117188,117.0,94.25324150626297,radial_lateral_search,71.66878509521484,16.534996032714844,high,2.6088654913118337,0.0
76,1,L,F76_T1,F76_T1_L,1,S3761L01.jpg,76/1L/S3761L01.jpg,/Users/sarahoualli/Desktop/BIO/iris_twins_project/data/raw/CASIA-Iris-Twins/76/1L/S3761L01.jpg,.jpg,20117,c7107a5e9fe826f7e3f61ef956875cc0f8c184baf7621704974c58fbadc1ec51,640,480,L,JPEG,True,,True,76,1,L,1,True,True,138.88682556152344,36.19382095336914,44.4149552561336,0.0003385416666666,0.0001041666666666,1L,False,False,False,False,False,False,True,True,True,297.0,179.5,37.71282958984375,407.1569784928706,threshold_p6,25.961361219425736,101.1055676066522,0.7539542532508211,292.0,183.0,111.0,104.7718788472412,hough_iris,68.85087585449219,27.300003051757812,high,2.943295456936301,6.103277807866851
76,1,L,F76_T1,F76_T1_L,2,S3761L02.jpg,76/1L/S3761L02.jpg,/Users/sarahoualli/Desktop/BIO/iris_twins_project/data/raw/CASIA-Iris-Twins/76/1L/S3761L02.jpg,.jpg,20309,168c73e2308140fbaf4cf7d669d382044ba799491aeacd077be70aaf483c5d9a,640,480,L,JPEG,True,,True,76,1,L,2,True,True,140.31129455566406,35.644840240478516,47.16186072666381,0.00025390625,0.0001334635416666,1L,False,False,False,False,False,False,True,True,True,303.5,178.74658203125,36.83162307739258,408.5556826691079,threshold_p3,26.184480791175353,102.16777531411678,0.7470875205911021,295.5,178.74658203125,112.0,111.43530180729488,radial_lateral_search,81.53776550292969,23.61499786376953,high,3.0408651762280368,8.0
76,1,L,F76_T1,F76_T1_L,3,S3761L03.jpg,76/1L/S3761L03.jpg,/Users/sarahoualli/Desktop/BIO/iris_twins_project/data/raw/CASIA-Iris-Twins/76/1L/S3761L03.jpg,.jpg,19524,ddd93d9cc55d53548f566684d00d404f59ea7d6658927a152fb9bb0b24c2e013,640,480,L,JPEG,True,,True,76,1,L,3,True,True,138.4446563720703,34.650081634521484,37.14364069514805,0.000263671875,0.0001139322916666,1L,False,False,False,False,False,False,True,True,True,310.05670166015625,168.8505096435547,39.16383361816406,403.5652963675834,threshold_p8,27.4488503832056,100.36760124610592,0.8353420715982784,302.05670166015625,168.8505096435547,114.0,106.51223357229225,radial_lateral_search,77.2076187133789,22.82000732421875,high,2.910848848748228,8.0
76,1,R,F76_T1,F76_T1_R,1,S3761R01.jpg,76/1R/S3761R01.jpg,/Users/sarahoualli/Desktop/BIO/iris_twins_project/data/raw/CASIA-Iris-Twins/76/1R/S3761R01.jpg,.jpg,18022,7c96cb80cc9fefb5e26df6d69afeb38916ecc637f509dd1727ca8d6f8ac514c1,640,480,L,JPEG,True,,True,76,1,R,1,True,True,140.8373260498047,35.745792388916016,23.018842848714193,0.00033203125,0.0001041666666666,1R,False,False,False,False,False,False,True,True,True,311.6036376953125,197.6754150390625,36.565486907958984,394.415815073245,threshold_p5,28.726511981742107,97.23590556730092,0.8145758596933816,318.0,198.0,112.0,101.1187881860462,hough_iris,68.56592559814453,25.290000915527344,high,3.0629976371413132,6.404592581085388
76,1,R,F76_T1,F76_T1_R,2,S3761R02.jpg,76/1R/S3761R02.jpg,/Users/sarahoualli/Desktop/BIO/iris_twins_project/data/raw/CASIA-Iris-Twins/76/1R/S3761R02.jpg,.jpg,17807,73d6df844e930037ce8adab544e691082abaeaf2243ab93f9a35722c6ba08538,640,480,L,JPEG,True,,True,76,1,R,2,True,True,142.7379913330078,35.124053955078125,21.41837342341741,0.0002766927083333,0.000107421875,1R,False,False,False,False,False,False,True,True,True,312.13671875,199.04942321777344,36.77629089355469,395.94850477698367,threshold_p6,29.05211106884747,98.54582409460458,0.8036477307910997,318.0,204.0,107.0,104.9984877343388,hough_iris,69.92985534667969,26.875,high,2.9094831860477948,7.673739472598888
76,1,R,F76_T1,F76_T1_R,3,S3761R03.jpg,76/1R/S3761R03.jpg,/Users/sarahoualli/Desktop/BIO/iris_twins_project/data/raw/CASIA-Iris-Twins/76/1R/S3761R03.jpg,.jpg,17680,8e38ce0d7e4f195d5c20efd2e2291287bc9099b8fc0cf03c962ce5300273e4aa,640,480,L,JPEG,True,,True,76,1,R,3,True,True,142.46961975097656,35.98799133300781,19.99598885023329,0.0002864583333333,0.0001041666666666,1R,False,False,False,False,False,False,True,True,True,298.0,205.0,36.0,394.6905742295335,hough_pupil,28.215671357930773,98.50993998499624,0.75,303.0,206.0,107.0,115.84172580058402,hough_iris,79.38636016845703,27.585006713867188,high,2.9722222222222223,5.0990195135927845
76,1,R,F76_T1,F76_T1_R,4,S3761R04.jpg,76/1R/S3761R04.jpg,/Users/sarahoualli/Desktop/BIO/iris_twins_project/data/raw/CASIA-Iris-Twins/76/1R/S3761R04.jpg,.jpg,17485,f494ff0eec79d01144128f1c4919cec1c47619df76b9603df5b20c409860f02c,640,480,L,JPEG,True,,True,76,1,R,4,True,True,142.52981567382812,36.14705276489258,19.162155013179778,0.00044921875,0.0001106770833333,1R,False,False,False,False,False,False,True,True,True,338.0,205.0,36.0,387.4176233576152,hough_pupil,28.92963103841765,95.86627906976744,0.75,342.0,204.0,107.0,114.49364952404264,hough_iris,79.56531524658203,26.31999969482422,high,2.9722222222222223,4.123105625617661
76,1,R,F76_T1,F76_T1_R,5,S3761R05.jpg,76/1R/S3761R05.jpg,/Users/sarahoualli/Desktop/BIO/iris_twins_project/data/raw/CASIA-Iris-Twins/76/1R/S3761R05.jpg,.jpg,18733,e22417edf63d54840d3f14042e5c215f5897d204a4f887f6d7968c795022905b,640,480,L,JPEG,True,,True,76,1,R,5,True,True,141.68052673339844,36.66615676879883,28.392793740579812,0.0003580729166666,9.765625e-05,1R,False,False,False,False,False,False,True,True,True,311.05615234375,212.74810791015625,37.62091064453125,394.9040634880842,threshold_p5,28.738036157390997,97.03796095444686,0.8344024168751837,319.05615234375,212.74810791015625,111.0,94.28588089168018,radial_lateral_search,63.90782165527344,23.70000457763672,high,2.9504867930711685,8.0
76,1,R,F76_T1,F76_T1_R,6,S3761R06.jpg,76/1R/S3761R06.jpg,/Users/sarahoualli/Desktop/BIO/iris_twins_project/data/raw/CASIA-Iris-Twins/76/1R/S3761R06.jpg,.jpg,18635,1fc169d7542cf159c67ece3efdf86d45d90e70c96ddbbb3aa8d97c1e730cec2c,640,480,L,JPEG,True,,True,76,1,R,6,True,True,141.9495086669922,35.834232330322266,26.861340405262823,0.000380859375,9.114583333333334e-05,1R,False,False,False,False,False,False,True,True,True,326.433837890625,221.63607788085935,37.831295013427734,394.72073282126655,threshold_p4,28.546614675646932,96.68478260869566,0.7871698098742729,332.0,220.0,112.0,103.66351554954558,hough_iris,71.24297332763672,24.794998168945312,high,2.9605119243273865,5.8016300692201375
76,1,R,F76_T1,F76_T1_R,7,S3761R07.jpg,76/1R/S3761R07.jpg,/Users/sarahoualli/Desktop/BIO/iris_twins_project/data/raw/CASIA-Iris-Twins/76/1R/S3761R07.jpg,.jpg,18558,dbc393deded4c1e5570406760a6dc559d1e5bba6b10c3f4bfc524f52526ea025,640,480,L,JPEG,True,,True,76,1,R,7,True,True,142.07627868652344,35.87511444091797,24.756438021808197,0.000439453125,0.0001041666666666,1R,False,False,False,False,False,False,True,True,True,329.5,223.5,37.90128707885742,391.0976784661831,threshold_p5,29.31726338177951,96.3023097826087,0.7674952521076254,335.0,223.0,112.0,100.00209117824704,hough_iris,68.23194122314453,24.26499938964844,high,2.9550447658142267,5.522680508593631
76,1,R,F76_T1,F76_T1_R,10,S3761R10.jpg,76/1R/S3761R10.jpg,/Users/sarahoualli/Desktop/BIO/iris_twins_project/data/raw/CASIA-Iris-Twins/76/1R/S3761R10.jpg,.jpg,18208,65e35fd085418d0729bf9deca311831d6f6ebaf929ce4ade60bc7bc6f4b46432,640,480,L,JPEG,True,,True,76,1,R,10,True,True,140.3782958984375,36.8728141784668,23.743873535113863,0.0003645833333333,0.0001009114583333,1R,False,False,False,False,False,False,True,True,True,345.1129150390625,229.7580718994141,36.66694259643555,386.84661552356187,threshold_p4,28.610117915557247,92.9678492239468,0.7874406371171612,349.0,232.0,109.0,107.92967636355722,hough_iris,76.14631652832031,24.13999938964844,high,2.972704902060639,4.487278808113371
76,2,L,F76_T2,F76_T2_L,2,S3762L02.jpg,76/2L/S3762L02.jpg,/Users/sarahoualli/Desktop/BIO/iris_twins_project/data/raw/CASIA-Iris-Twins/76/2L/S3762L02.jpg,.jpg,23655,5f23077a8e117d9a336d20491ca4d094c4785b87afd527b61579d00cfa825e7b,640,480,L,JPEG,True,,True,76,2,L,2,True,True,136.64183044433594,36.97945022583008,89.08024035373263,0.0017024739583333,0.000126953125,2L,False,False,False,False,False,False,True,True,True,365.15093994140625,193.90640258789065,38.58625411987305,418.97627433608505,threshold_p5,22.93602132622459,101.99601857996018,0.7606007133121565,358.0,198.0,118.0,118.0456147042452,hough_iris,77.0138931274414,31.659996032714844,high,3.058083835591249,8.239750106527977
76,2,L,F76_T2,F76_T2_L,3,S3762L03.jpg,76/2L/S3762L03.jpg,/Users/sarahoualli/Desktop/BIO/iris_twins_project/data/raw/CASIA-Iris-Twins/76/2L/S3762L03.jpg,.jpg,23844,b5a8060b459978098786ae7c8987e51c21f1a1796a80b9451d07c71ef5990684,640,480,L,JPEG,True,,True,76,2,L,3,True,True,133.26937866210938,36.96360397338867,85.58402301364474,0.0014615885416666,9.765625e-05,2L,False,False,False,False,False,False,True,True,True,368.9613952636719,185.10301208496097,39.14698791503906,417.8397622752203,threshold_p3,21.84971676107964,99.89127725856696,0.780295361753442,360.9613952636719,185.10301208496097,120.0,110.48889407995438,radial_lateral_search,71.44937896728516,30.214996337890625,high,3.065369940094413,8.0
76,2,R,F76_T2,F76_T2_R,1,S3762R01.jpg,76/2R/S3762R01.jpg,/Users/sarahoualli/Desktop/BIO/iris_twins_project/data/raw/CASIA-Iris-Twins/76/2R/S3762R01.jpg,.jpg,18698,f821fe14efcb19ad74f56efad7fe7e46c73f1e0a11ede7486aa5d87f8410b640,640,480,L,JPEG,True,,True,76,2,R,1,True,True,129.27532958984375,34.93212890625,25.173479510741764,0.001259765625,9.114583333333334e-05,2R,False,False,False,False,False,False,True,True,True,284.4975280761719,197.17076110839844,35.962154388427734,388.69968615675936,threshold_p6,25.418029669075693,89.43810952738184,0.8388906763075878,292.4975280761719,197.17076110839844,108.0,115.37159698410588,radial_lateral_search,77.78422546386719,29.0,high,3.0031571199403264,8.0
76,2,R,F76_T2,F76_T2_R,2,S3762R02.jpg,76/2R/S3762R02.jpg,/Users/sarahoualli/Desktop/BIO/iris_twins_project/data/raw/CASIA-Iris-Twins/76/2R/S3762R02.jpg,.jpg,18486,c66dbd0bb1edf231bf19b12fe853ce03e772572ab983215ce72ab45731a0066e,640,480,L,JPEG,True,,True,76,2,R,2,True,True,129.10826110839844,34.51716995239258,24.606298583889014,0.0008072916666666,0.000107421875,2R,False,False,False,False,False,False,True,True,True,285.3125,192.75,36.19968795776367,387.8335529671064,threshold_p8,25.635222518067707,89.57801950487622,0.8252689575879962,293.3125,192.75,106.0,115.1730362752307,radial_lateral_search,78.58084869384766,28.074996948242188,high,2.9282020365390027,8.0
76,2,R,F76_T2,F76_T2_R,3,S3762R03.jpg,76/2R/S3762R03.jpg,/Users/sarahoualli/Desktop/BIO/iris_twins_project/data/raw/CASIA-Iris-Twins/76/2R/S3762R03.jpg,.jpg,17647,e285cba0c07e05d7791a39ac539e58be0e91f6b3bee5fdd53a7b2342d2e8ee14,640,480,L,JPEG,True,,True,76,2,R,3,True,True,129.9549102783203,33.817047119140625,19.64905957513386,0.0009505208333333,8.7890625e-05,2R,False,False,False,False,False,False,True,True,True,271.8571472167969,196.0,35.721527099609375,388.39475358878786,threshold_p6,25.476987447698743,89.42365028203062,0.8544841754827618,279.8571472167969,196.0,108.0,118.70225285438312,radial_lateral_search,80.81779479980469,29.270004272460938,high,3.02338698171672,8.0
76,2,R,F76_T2,F76_T2_R,4,S3762R04.jpg,76/2R/S3762R04.jpg,/Users/sarahoualli/Desktop/BIO/iris_twins_project/data/raw/CASIA-Iris-Twins/76/2R/S3762R04.jpg,.jpg,18808,f5deac195ac6f0e6f45e568f26e7be8808edd707c5cf2d5c29b40156a918d376,640,480,L,JPEG,True,,True,76,2,R,4,True,True,127.91510772705078,34.85324478149414,27.07984592992994,0.00109375,9.440104166666666e-05,2R,False,False,False,False,False,False,True,True,True,258.1046142578125,202.5427398681641,35.9322509765625,388.1290691767925,threshold_p6,25.15747432483834,88.69954988747187,0.8676922363683195,267.0,206.0,108.0,120.92044244556202,hough_iris,84.40796661376953,28.515003204345703,high,3.005656396824264,9.543612267977725
76,2,R,F76_T2,F76_T2_R,5,S3762R05.jpg,76/2R/S3762R05.jpg,/Users/sarahoualli/Desktop/BIO/iris_twins_project/data/raw/CASIA-Iris-Twins/76/2R/S3762R05.jpg,.jpg,19000,bceb6b09754bcfc71e1adc1c0c393b5fe5ff3ac4f9b70f0b8dc2f417ef84e83b,640,480,L,JPEG,True,,True,76,2,R,5,True,True,126.68344116210938,35.19597244262695,25.03012503556146,0.00123046875,9.440104166666666e-05,2R,False,False,False,False,False,False,True,True,True,259.2760314941406,193.1228179931641,36.939476013183594,392.9181119760877,threshold_p8,25.205955334987593,91.25277161862527,0.879217458998758,267.2760314941406,193.1228179931641,110.0,113.48195405941992,radial_lateral_search,77.53632354736328,27.7550048828125,high,2.977844080970215,8.0
76,2,R,F76_T2,F76_T2_R,6,S3762R06.jpg,76/2R/S3762R06.jpg,/Users/sarahoualli/Desktop/BIO/iris_twins_project/data/raw/CASIA-Iris-Twins/76/2R/S3762R06.jpg,.jpg,19331,76786377fd7f60cf67c2a1439ed4b4eafa35c6a5145cbfbad8f1476f89c55c2f,640,480,L,JPEG,True,,True,76,2,R,6,True,True,129.4010772705078,33.676761627197266,29.038822105820977,0.0011946614583333,0.000107421875,2R,False,False,False,False,False,False,True,True,True,268.3823547363281,191.91175842285156,37.50038146972656,397.4771464501518,threshold_p8,25.272243885147113,93.92854671280276,0.8457670267103968,276.3823547363281,191.91175842285156,109.0,119.53852881417232,radial_lateral_search,80.9490737915039,29.44000244140625,high,2.906637098825086,8.0
76,2,R,F76_T2,F76_T2_R,7,S3762R07.jpg,76/2R/S3762R07.jpg,/Users/sarahoualli/Desktop/BIO/iris_twins_project/data/raw/CASIA-Iris-Twins/76/2R/S3762R07.jpg,.jpg,19543,9422148fee814195d416584c40d1e47dd5edaf667f8fb6f3268ab9d0f98446a1,640,480,L,JPEG,True,,True,76,2,R,7,True,True,130.04295349121094,33.017433166503906,30.429194528537323,0.0008072916666666,9.114583333333334e-05,2R,False,False,False,False,False,False,True,True,True,281.237548828125,202.3868103027344,37.427101135253906,399.32775477013735,threshold_p6,25.015597305919886,93.84498269896194,0.8570574863776872,290.0,205.0,109.0,117.99914433927135,hough_iris,78.45140838623047,30.345001220703125,high,2.912328144413222,9.143812713162315
76,2,R,F76_T2,F76_T2_R,8,S3762R08.jpg,76/2R/S3762R08.jpg,/Users/sarahoualli/Desktop/BIO/iris_twins_project/data/raw/CASIA-Iris-Twins/76/2R/S3762R08.jpg,.jpg,19778,3e29714aa127b9b57c524e21a42deb63a8afc70453b1bb915a954b109cfa532b,640,480,L,JPEG,True,,True,76,2,R,8,True,True,127.36223602294922,32.82283020019531,32.910474194166405,0.0010807291666666,0.0001041666666666,2R,False,False,False,False,False,False,True,True,True,283.71905517578125,212.0705718994141,37.79356384277344,401.5078745555515,threshold_p8,24.63204537398086,94.14402173913044,0.8462865608260965,291.71905517578125,212.0705718994141,111.0,111.52394974322992,radial_lateral_search,74.9319839477539,28.099998474121097,high,2.9370080170733748,8.0
76,2,R,F76_T2,F76_T2_R,10,S3762R10.jpg,76/2R/S3762R10.jpg,/Users/sarahoualli/Desktop/BIO/iris_twins_project/data/raw/CASIA-Iris-Twins/76/2R/S3762R10.jpg,.jpg,20177,c5758360be6d6f3c877688a4f3e248b949ece41cbc8c9a31db150f3c169d819d,640,480,L,JPEG,True,,True,76,2,R,10,True,True,131.4763946533203,31.93910789489746,40.92071749063067,0.0007649739583333,9.765625e-05,2R,False,False,False,False,False,False,True,True,True,298.0,218.0,35.60908508300781,401.973997543158,threshold_p6,25.329392580513655,94.93788580246914,0.85262488533457,306.0,218.0,110.0,117.81054308555088,radial_lateral_search,79.20194244384766,29.974998474121097,high,3.0890993055165734,8.0
77,1,L,F77_T1,F77_T1_L,1,S3771L01.jpg,77/1L/S3771L01.jpg,/Users/sarahoualli/Desktop/BIO/iris_twins_project/data/raw/CASIA-Iris-Twins/77/1L/S3771L01.jpg,.jpg,16365,6b3a775ea6e5b291b7044131b8286cdc8638edfd9a1e8a54f71873c2cffd6945,640,480,L,JPEG,True,,True,77,1,L,1,True,True,137.32229614257812,40.341552734375,21.6407163611412,0.00140625,0.000126953125,1L,False,False,False,False,False,False,True,True,True,367.0169677734375,188.4623260498047,39.56098556518555,374.81987576734554,threshold_p8,29.121533187909005,87.49301494476933,0.8963285137198509,367.0169677734375,188.4623260498047,99.0,85.32750863557334,radial_lateral_search,55.328643798828125,22.13500213623047,high,2.50246546150564,0.0
77,1,L,F77_T1,F77_T1_L,2,S3771L02.jpg,77/1L/S3771L02.jpg,/Users/sarahoualli/Desktop/BIO/iris_twins_project/data/raw/CASIA-Iris-Twins/77/1L/S3771L02.jpg,.jpg,16357,e80d3bde21f648c7295b6883f299e4d092d6d198388078d73fdcb833977188a3,640,480,L,JPEG,True,,True,77,1,L,2,True,True,137.1952362060547,38.853004455566406,20.625228634982637,0.0011588541666666,0.0001302083333333,1L,False,False,False,False,False,False,True,True,True,350.1981506347656,182.20855712890625,40.76792526245117,374.30580388329855,threshold_p4,28.49691991786448,86.06227490996399,0.9018016670511048,350.1981506347656,182.20855712890625,99.0,86.64546591880521,radial_lateral_search,56.27095031738281,22.61499786376953,high,2.4283796480362665,0.0
77,1,L,F77_T1,F77_T1_L,3,S3771L03.jpg,77/1L/S3771L03.jpg,/Users/sarahoualli/Desktop/BIO/iris_twins_project/data/raw/CASIA-Iris-Twins/77/1L/S3771L03.jpg,.jpg,19033,26fa403e5ad27693d13d866526674c2e8203657a1570cc90fb005ced9ca8b658,640,480,L,JPEG,True,,True,77,1,L,3,True,True,133.83901977539062,38.05597305297851,32.320983984110086,0.0007063802083333,0.0001009114583333,1L,False,False,False,False,False,False,True,True,True,320.5,205.5,43.410926818847656,390.0247361653116,threshold_p3,27.74227874383597,91.7313372717508,0.8955641455259379,312.5,205.5,104.0,98.41016927542071,radial_lateral_search,68.97633361816406,23.464996337890625,high,2.3957101960524483,8.0
77,1,L,F77_T1,F77_T1_L,4,S3771L04.jpg,77/1L/S3771L04.jpg,/Users/sarahoualli/Desktop/BIO/iris_twins_project/data/raw/CASIA-Iris-Twins/77/1L/S3771L04.jpg,.jpg,19552,d561b14c2c2a118edc63dfddb987854197f5341f5f16d02d202a2c480c0a1718,640,480,L,JPEG,True,,True,77,1,L,4,True,True,130.4265899658203,38.263450622558594,31.69320555342569,0.0011295572916666,9.114583333333334e-05,1L,False,False,False,False,False,False,True,True,True,305.9476318359375,205.9112243652344,43.37983703613281,391.89253746475714,threshold_p5,26.867376070594343,91.6843447905478,0.8877895761978813,297.9476318359375,205.9112243652344,104.0,96.04707715471574,radial_lateral_search,67.3063735961914,22.964996337890625,high,2.397427171369367,8.0
77,1,L,F77_T1,F77_T1_L,5,S3771L05.jpg,77/1L/S3771L05.jpg,/Users/sarahoualli/Desktop/BIO/iris_twins_project/data/raw/CASIA-Iris-Twins/77/1L/S3771L05.jpg,.jpg,18971,86eeb26cdd19cc38070f5804a94caf21cd31600f23a6344b451f8b0840a04d0e,640,480,L,JPEG,True,,True,77,1,L,5,True,True,132.53878784179688,37.71161651611328,33.62685493001937,0.0009049479166666,9.114583333333334e-05,1L,False,False,False,False,False,False,True,True,True,311.9996032714844,191.20639038085935,43.391204833984375,400.6448942193231,threshold_p6,26.90163508954062,96.53651987110634,0.8844786093737815,303.9996032714844,191.20639038085935,106.0,85.3698382014093,radial_lateral_search,57.140281677246094,22.469993591308594,high,2.4428913740827927,8.0
77,1,R,F77_T1,F77_T1_R,1,S3771R01.jpg,77/1R/S3771R01.jpg,/Users/sarahoualli/Desktop/BIO/iris_twins_project/data/raw/CASIA-Iris-Twins/77/1R/S3771R01.jpg,.jpg,20139,c8db403a0625d3e8a045404e2405cabe24aa3bb2a70923c8ef97b4e4a4c9958d,640,480,L,JPEG,True,,True,77,1,R,1,True,True,106.58092498779295,29.074708938598633,35.08413453975254,0.0033268229166666,0.0001302083333333,1R,False,False,False,False,False,False,True,True,True,261.273193359375,231.9438018798828,45.59029769897461,396.6109470101106,threshold_p12,22.21046138662719,88.06244186046511,0.8297880181938876,261.273193359375,231.9438018798828,116.0,97.15174882773552,radial_lateral_search,62.400150299072266,25.409996032714844,high,2.5444010207156205,0.0
77,1,R,F77_T1,F77_T1_R,2,S3771R02.jpg,77/1R/S3771R02.jpg,/Users/sarahoualli/Desktop/BIO/iris_twins_project/data/raw/CASIA-Iris-Twins/77/1R/S3771R02.jpg,.jpg,21909,6dd0dbd664e6aafd65b574c75cb36f7371baf60bc5ff911146511d708bcad009,640,480,L,JPEG,True,,True,77,1,R,2,True,True,108.2248306274414,27.724124908447266,51.11503303421868,0.003935546875,0.0001171875,1R,False,True,False,False,False,True,True,True,True,283.05145263671875,237.30665588378903,44.315887451171875,403.5529458191637,threshold_p8,22.62548663379185,91.80692575984057,0.8170302130564131,283.05145263671875,229.30665588378903,118.0,101.32839111910654,radial_lateral_search,71.42159271240234,23.039993286132812,high,2.662701951529567,8.0
77,1,R,F77_T1,F77_T1_R,3,S3771R03.jpg,77/1R/S3771R03.jpg,/Users/sarahoualli/Desktop/BIO/iris_twins_project/data/raw/CASIA-Iris-Twins/77/1R/S3771R03.jpg,.jpg,21480,a21572ea88c7207e66d09a2677491396a4c66bb1b03ba622ad0e1c6f57cde64a,640,480,L,JPEG,True,,True,77,1,R,3,True,True,103.5966567993164,27.65377616882324,44.06813593733045,0.0036881510416666,0.0001236979166666,1R,False,True,False,False,False,True,True,True,True,286.2484436035156,224.56040954589844,42.80545425415039,402.85500962884373,threshold_p4,20.564137931034484,88.83438183807439,0.8019360850787812,286.2484436035156,224.56040954589844,119.0,96.49999241765228,radial_lateral_search,61.11606979370117,25.36000061035156,high,2.780019557635271,0.0
77,1,R,F77_T1,F77_T1_R,4,S3771R04.jpg,77/1R/S3771R04.jpg,/Users/sarahoualli/Desktop/BIO/iris_twins_project/data/raw/CASIA-Iris-Twins/77/1R/S3771R04.jpg,.jpg,22887,ddc3b3144554b757689d6c9a33a270e223e6a29cb5e31c4d1ca53834581565bf,640,480,L,JPEG,True,,True,77,1,R,4,True,True,106.29210662841795,31.68027114868164,47.309838988876336,0.004375,0.0002180989583333,1R,False,False,False,False,False,False,True,True,True,337.4722595214844,232.1371307373047,45.401309967041016,411.2881868439449,threshold_p4,20.489513940291143,92.21752450980392,0.8185856194882853,337.4722595214844,232.1371307373047,128.0,106.5724337702265,radial_lateral_search,70.62464141845703,25.875,high,2.819301912057633,0.0
77,1,R,F77_T1,F77_T1_R,5,S3771R05.jpg,77/1R/S3771R05.jpg,/Users/sarahoualli/Desktop/BIO/iris_twins_project/data/raw/CASIA-Iris-Twins/77/1R/S3771R05.jpg,.jpg,20729,29d1ab3b3184ce03d2ca4831cae88f578cd5360eb3805b8d48f760033dd90a2e,640,480,L,JPEG,True,,True,77,1,R,5,True,True,107.04566192626952,32.20970916748047,31.246928055816223,0.0044661458333333,0.0002408854166666,1R,False,False,False,False,False,False,True,True,True,315.4635314941406,228.6614532470703,47.671146392822266,416.4668710507949,threshold_p8,20.23997341014846,93.99422336328628,0.8367471875738689,315.4635314941406,228.6614532470703,130.0,105.12256924513984,radial_lateral_search,66.99449920654297,27.300003051757812,high,2.7270164415339884,0.0
77,1,R,F77_T1,F77_T1_R,6,S3771R06.jpg,77/1R/S3771R06.jpg,/Users/sarahoualli/Desktop/BIO/iris_twins_project/data/raw/CASIA-Iris-Twins/77/1R/S3771R06.jpg,.jpg,22516,8ebee3a79565dfa63305539b93167c7b9a548cc8fec2da8247477d417af12d7e,640,480,L,JPEG,True,,True,77,1,R,6,True,True,112.73605346679688,29.467010498046875,37.9948262339168,0.00310546875,0.00025390625,1R,False,False,False,False,False,False,True,True,True,293.353759765625,230.60903930664065,47.58225631713867,433.9377607967597,threshold_p5,20.764901395967208,103.73170731707316,0.8533196561731107,296.0,226.0,129.0,126.76283973309198,hough_iris,85.75013732910156,30.354995727539062,high,2.711094638728501,5.314680677913147
77,1,R,F77_T1,F77_T1_R,7,S3771R07.jpg,77/1R/S3771R07.jpg,/Users/sarahoualli/Desktop/BIO/iris_twins_project/data/raw/CASIA-Iris-Twins/77/1R/S3771R07.jpg,.jpg,21325,db04c3a3e41b5f32103e58cc642ea045171e6c34c66037a2e9ed20d690d4936b,640,480,L,JPEG,True,,True,77,1,R,7,True,True,104.75572967529295,32.934871673583984,33.16595416598851,0.0064095052083333,0.0002571614583333,1R,False,False,False,False,False,False,True,True,True,292.1713562011719,239.5544891357422,49.17914962768555,415.1974194023528,threshold_p6,19.862675319238015,92.41649356044869,0.8849703065133294,292.1713562011719,239.5544891357422,131.0,106.94857275058,radial_lateral_search,67.79965209960938,28.209999084472656,high,2.6637304831772277,0.0
77,1,R,F77_T1,F77_T1_R,8,S3771R08.jpg,77/1R/S3771R08.jpg,/Users/sarahoualli/Desktop/BIO/iris_twins_project/data/raw/CASIA-Iris-Twins/77/1R/S3771R08.jpg,.jpg,21285,9a2e5fd1442c9c9685542c7941794dc84509cc050a0b9dba798945dad746d700,640,480,L,JPEG,True,,True,77,1,R,8,True,True,117.5479965209961,29.048633575439453,55.63699172709782,0.0020963541666666,9.440104166666666e-05,1R,False,False,False,False,False,False,True,True,True,307.8092956542969,186.0165100097656,47.35863494873047,410.47533956111016,threshold_p3,25.542654553512076,99.5144079243584,0.8871146212209042,307.8092956542969,186.0165100097656,117.0,106.92208064808725,radial_lateral_search,72.4450454711914,25.42499542236328,high,2.4705103963968114,0.0
77,1,R,F77_T1,F77_T1_R,9,S3771R09.jpg,77/1R/S3771R09.jpg,/Users/sarahoualli/Desktop/BIO/iris_twins_project/data/raw/CASIA-Iris-Twins/77/1R/S3771R09.jpg,.jpg,21249,de9d444f567e227842e5017101fd5e6578e381d1aaaddd17bc2b6c04b38975c4,640,480,L,JPEG,True,,True,77,1,R,9,True,True,117.98648071289062,29.244298934936523,57.485943588214454,0.002119140625,0.0001041666666666,1R,False,False,False,False,False,False,True,True,True,310.5358581542969,186.91531372070312,49.3083610534668,408.81894020171495,threshold_p8,25.29683902030563,98.2498961362692,0.8888175364533509,310.5358581542969,186.91531372070312,115.0,106.8151687711499,radial_lateral_search,72.21912384033203,25.904998779296875,high,2.33226165995056,0.0
77,1,R,F77_T1,F77_T1_R,10,S3771R10.jpg,77/1R/S3771R10.jpg,/Users/sarahoualli/Desktop/BIO/iris_twins_project/data/raw/CASIA-Iris-Twins/77/1R/S3771R10.jpg,.jpg,21842,8c6803739ca0cf7c72874c63188e3197f4935e9e1c11d6d17dbbcf6c256c1eda,640,480,L,JPEG,True,,True,77,1,R,10,True,True,122.8875503540039,31.121458053588867,64.6120439306895,0.0016634114583333,0.0001106770833333,1R,False,False,False,False,False,False,True,True,True,323.59735107421875,202.6979522705078,47.91202926635742,415.3343272638117,threshold_p4,23.96920008863284,100.00641848523748,0.8183576197322232,323.59735107421875,202.6979522705078,113.0,117.33348042733527,radial_lateral_search,78.90853118896484,28.56499481201172,high,2.35848912538851,0.0
77,2,L,F77_T2,F77_T2_L,1,S3772L01.jpg,77/2L/S3772L01.jpg,/Users/sarahoualli/Desktop/BIO/iris_twins_project/data/raw/CASIA-Iris-Twins/77/2L/S3772L01.jpg,.jpg,17229,7085e63d18e0e96170ef1610fea05c3930481cc3918d0759100d24130d40c47a,640,480,L,JPEG,True,,True,77,2,L,1,True,True,134.11402893066406,42.20401382446289,28.67372132008871,0.0016178385416666,0.0001139322916666,2L,False,False,False,False,False,False,True,True,True,411.36187744140625,206.6531982421875,42.625526428222656,380.9312723617365,threshold_p6,27.00193103448276,87.88211159737418,0.8918371673024547,411.36187744140625,198.6531982421875,102.0,85.3673942723748,radial_lateral_search,59.99766540527344,20.56999969482422,high,2.392932323586862,8.0
77,2,L,F77_T2,F77_T2_L,2,S3772L02.jpg,77/2L/S3772L02.jpg,/Users/sarahoualli/Desktop/BIO/iris_twins_project/data/raw/CASIA-Iris-Twins/77/2L/S3772L02.jpg,.jpg,17344,0366b965926904e3d559d7785c4f8903bab7ea65e1cc28a494281c4d20d4e0f5,640,480,L,JPEG,True,,True,77,2,L,2,True,True,132.96640014648438,41.02664566040039,28.7639145922237,0.0014225260416666,0.0001139322916666,2L,False,False,False,False,False,False,True,True,True,396.6008911132813,196.83038330078125,43.46489715576172,382.9851716946516,threshold_p8,26.965221905009084,88.85257787325456,0.8923984087671089,393.0,195.0,103.0,100.99504716263364,hough_iris,64.66897583007812,27.7550048828125,high,2.3697283725505445,4.0393959743366015
77,2,L,F77_T2,F77_T2_L,3,S3772L03.jpg,77/2L/S3772L03.jpg,/Users/sarahoualli/Desktop/BIO/iris_twins_project/data/raw/CASIA-Iris-Twins/77/2L/S3772L03.jpg,.jpg,17275,59a2a5249d53be455c75ae4f983cb316a0527c360a76da5e82c6d82f8543c65f,640,480,L,JPEG,True,,True,77,2,L,3,True,True,134.0264434814453,40.83181381225586,25.729576611158578,0.0015690104166666,9.114583333333334e-05,2L,False,False,False,False,False,False,True,True,True,409.1827392578125,198.069580078125,43.1999626159668,379.99141159816463,threshold_p8,26.882429275888917,87.37551867219916,0.8930085996262328,409.1827392578125,198.069580078125,102.0,90.29382471823124,radial_lateral_search,57.69637680053711,24.394996643066406,high,2.361113154350291,0.0
77,2,L,F77_T2,F77_T2_L,4,S3772L04.jpg,77/2L/S3772L04.jpg,/Users/sarahoualli/Desktop/BIO/iris_twins_project/data/raw/CASIA-Iris-Twins/77/2L/S3772L04.jpg,.jpg,20647,c99ce639e5e20de2251577f820702589c82ab430ae384c558f96f5706e6bd367,640,480,L,JPEG,True,,True,77,2,L,4,True,True,132.14859008789062,42.74187088012695,57.423253374724915,0.0017545572916666,0.0001139322916666,2L,False,False,False,False,False,False,True,True,True,393.3421020507813,201.5,47.41593933105469,390.7279625926945,threshold_p4,26.020607134943496,90.9837910850968,0.8957816864027283,393.3421020507813,201.5,112.0,99.64374941612644,radial_lateral_search,68.42845153808594,23.404998779296875,high,2.3620748967562157,0.0
77,2,L,F77_T2,F77_T2_L,5,S3772L05.jpg,77/2L/S3772L05.jpg,/Users/sarahoualli/Desktop/BIO/iris_twins_project/data/raw/CASIA-Iris-Twins/77/2L/S3772L05.jpg,.jpg,21171,317fdea442de687e350ed411c0357df6f2271c05aae3eb974725a3f2f21b436e,640,480,L,JPEG,True,,True,77,2,L,5,True,True,131.90740966796875,42.793331146240234,64.66346963220171,0.0021256510416666,0.0001041666666666,2L,False,False,False,False,False,False,True,True,True,407.39794921875,210.19387817382812,47.14027786254883,391.72724438647606,threshold_p5,25.55883004653224,90.88613646240763,0.8985292395861113,407.39794921875,210.19387817382812,111.0,95.87355019186234,radial_lateral_search,61.474857330322266,25.699996948242188,high,2.354674283500253,0.0
77,2,R,F77_T2,F77_T2_R,1,S3772R01.jpg,77/2R/S3772R01.jpg,/Users/sarahoualli/Desktop/BIO/iris_twins_project/data/raw/CASIA-Iris-Twins/77/2R/S3772R01.jpg,.jpg,19411,246198fef8d1ceef851b3a8da5583dec9d2b58d1d5a3a5ea8033340101b2703b,640,480,L,JPEG,True,,True,77,2,R,1,True,True,130.40423583984375,34.95848846435547,40.7643850579156,0.0005013020833333,0.0001236979166666,2R,False,False,False,False,False,False,True,True,True,224.46481323242188,147.66525268554688,45.071048736572266,368.213857617562,threshold_p6,28.030347890451516,84.78726928537624,0.8879729547874596,232.46481323242188,147.66525268554688,109.0,95.02996401549603,radial_lateral_search,63.70634841918945,24.75,high,2.418403899076648,8.0
77,2,R,F77_T2,F77_T2_R,2,S3772R02.jpg,77/2R/S3772R02.jpg,/Users/sarahoualli/Desktop/BIO/iris_twins_project/data/raw/CASIA-Iris-Twins/77/2R/S3772R02.jpg,.jpg,20161,b9f0dda06e3745b5faacac5c409b71cdc2065698c31bdc6653c739d6a3c077d8,640,480,L,JPEG,True,,True,77,2,R,2,True,True,134.04061889648438,35.05072784423828,49.781596837351046,0.0005110677083333,0.0001041666666666,2R,False,False,False,False,False,False,True,True,True,226.90444946289065,151.77723693847656,44.776241302490234,369.05605891350854,threshold_p5,27.541080680977053,84.3957399103139,0.8878402061473817,234.90444946289065,151.77723693847656,111.0,95.67201624794237,radial_lateral_search,63.105037689208984,25.465003967285156,high,2.4789932511335366,8.0
77,2,R,F77_T2,F77_T2_R,3,S3772R03.jpg,77/2R/S3772R03.jpg,/Users/sarahoualli/Desktop/BIO/iris_twins_project/data/raw/CASIA-Iris-Twins/77/2R/S3772R03.jpg,.jpg,19981,4e87f4c6975b62f92804b47b9beb3f912b27297c4fe5f19fb2df1bbfd01aac9b,640,480,L,JPEG,True,,True,77,2,R,3,True,True,125.00454711914062,32.938697814941406,42.14980828310649,0.0011946614583333,0.000107421875,2R,False,False,False,False,False,False,True,True,True,248.28646850585935,135.82847595214844,43.72932815551758,369.9536943691864,threshold_p6,27.0563197508435,84.37157360406091,0.8687032812183544,256.2864685058594,127.82847595214844,113.0,83.55622213910749,radial_lateral_search,59.0693359375,19.98500061035156,high,2.5840781179653716,11.31370849898476
77,2,R,F77_T2,F77_T2_R,4,S3772R04.jpg,77/2R/S3772R04.jpg,/Users/sarahoualli/Desktop/BIO/iris_twins_project/data/raw/CASIA-Iris-Twins/77/2R/S3772R04.jpg,.jpg,19561,176e24e9eb5b633a13c1657ecc5d8abaa171de385c9c8986518b3b223efcd892,640,480,L,JPEG,True,,True,77,2,R,4,True,True,123.17432403564452,33.00362014770508,37.48644285884434,0.0010807291666666,0.000107421875,2R,False,False,False,False,False,False,True,True,True,246.4584197998047,142.3370819091797,43.8675537109375,375.13258596540715,threshold_p4,26.633013236439137,85.87791878172588,0.8896552408084533,251.0,145.0,109.0,100.73457039384746,hough_iris,66.27774047851562,26.30999755859375,high,2.484752186507793,5.264701650922319
77,2,R,F77_T2,F77_T2_R,5,S3772R05.jpg,77/2R/S3772R05.jpg,/Users/sarahoualli/Desktop/BIO/iris_twins_project/data/raw/CASIA-Iris-Twins/77/2R/S3772R05.jpg,.jpg,19691,25cc87942edb11b2897d9f72c2413a0f9bf32e3834e847bae81e7cc21eeb2ef3,640,480,L,JPEG,True,,True,77,2,R,5,True,True,120.35132598876952,32.92796325683594,44.59205133357578,0.0015364583333333,0.0001139322916666,2R,False,False,False,False,False,False,True,True,True,250.02804565429688,141.33168029785156,47.17136001586914,374.49205721709114,threshold_p10,27.089076002658985,86.57406573615488,0.8661120956629975,254.0,136.0,111.0,100.72870699016266,hough_iris,73.0173568725586,22.11499786376953,high,2.3531227414825007,6.6485514304131295
77,2,R,F77_T2,F77_T2_R,6,S3772R06.jpg,77/2R/S3772R06.jpg,/Users/sarahoualli/Desktop/BIO/iris_twins_project/data/raw/CASIA-Iris-Twins/77/2R/S3772R06.jpg,.jpg,18917,cd6c4e23858954201badcbe96e4559e0342e268d2fb4133bcab2d3415c8fde56,640,480,L,JPEG,True,,True,77,2,R,6,True,True,124.9312515258789,33.78971481323242,29.010058048237696,0.0014029947916666,9.440104166666666e-05,2R,False,False,False,False,False,False,True,True,True,247.4038848876953,143.30447387695312,45.79894256591797,369.2496506492507,threshold_p6,26.571861169345446,82.76,0.8915350585762137,253.0,142.0,109.0,96.69768107778482,hough_iris,65.41234588623047,24.43000030517578,high,2.3799676126390334,5.746142744991463
77,2,R,F77_T2,F77_T2_R,7,S3772R07.jpg,77/2R/S3772R07.jpg,/Users/sarahoualli/Desktop/BIO/iris_twins_project/data/raw/CASIA-Iris-Twins/77/2R/S3772R07.jpg,.jpg,19543,9a69a13e4115dbe039c316d5c9e45c5672306b8438af925233551465da0390d7,640,480,L,JPEG,True,,True,77,2,R,7,True,True,120.55242156982422,32.602237701416016,38.9067954029931,0.0011002604166666,0.000126953125,2R,False,False,False,False,False,False,True,True,True,253.2164764404297,139.62220764160156,44.442138671875,377.4700669801178,threshold_p6,27.288428324697755,87.89735924265072,0.8924171253405191,253.2164764404297,139.62220764160156,110.0,84.22676409525097,radial_lateral_search,54.28824234008789,22.170005798339844,high,2.475128409371824,0.0
77,2,R,F77_T2,F77_T2_R,8,S3772R08.jpg,77/2R/S3772R08.jpg,/Users/sarahoualli/Desktop/BIO/iris_twins_project/data/raw/CASIA-Iris-Twins/77/2R/S3772R08.jpg,.jpg,19560,b9e98605fc68328c190159926f6674fe5fc98ee2daa3bf5a06ff43fc8f75e72d,640,480,L,JPEG,True,,True,77,2,R,8,True,True,124.8104019165039,33.57729721069336,34.39420781957839,0.001142578125,0.0001041666666666,2R,False,False,False,False,False,False,True,True,True,247.746337890625,146.01087951660156,43.42347717285156,374.2840316631761,threshold_p5,26.599013755515184,85.36734693877551,0.8833586126377146,253.0,146.0,109.0,101.23830185413829,hough_iris,67.39107513427734,25.79999542236328,high,2.5101628680290715,5.253673374255775
77,2,R,F77_T2,F77_T2_R,9,S3772R09.jpg,77/2R/S3772R09.jpg,/Users/sarahoualli/Desktop/BIO/iris_twins_project/data/raw/CASIA-Iris-Twins/77/2R/S3772R09.jpg,.jpg,19701,75a88a81cee27e47914f58a580ce86fca17257a5dfc0a999c7ed92af8d81a91b,640,480,L,JPEG,True,,True,77,2,R,9,True,True,120.9539566040039,32.591888427734375,38.28801033146115,0.0010319010416666,0.0001236979166666,2R,False,False,False,False,False,False,True,True,True,249.719970703125,151.0184326171875,44.52852249145508,373.7983472904881,threshold_p12,27.068591167036764,86.13178873941206,0.8505766283358841,257.719970703125,143.0184326171875,112.0,82.18025955376172,radial_lateral_search,58.52872085571289,19.584999084472656,high,2.515241776133321,11.31370849898476
77,2,R,F77_T2,F77_T2_R,10,S3772R10.jpg,77/2R/S3772R10.jpg,/Users/sarahoualli/Desktop/BIO/iris_twins_project/data/raw/CASIA-Iris-Twins/77/2R/S3772R10.jpg,.jpg,19664,bce4b4ec658b1b08127fb9aef119bb07e161efc15fe921fc9de4dc6effb1cf98,640,480,L,JPEG,True,,True,77,2,R,10,True,True,125.34973907470705,33.31243133544922,42.21580712822807,0.0010384114583333,9.765625e-05,2R,False,False,False,False,False,False,True,True,True,236.1385498046875,149.4154510498047,44.62349319458008,371.0839666528619,threshold_p12,26.209967924993833,83.77441454907823,0.8485750718955772,242.0,150.0,109.0,95.46671001342534,hough_iris,63.910701751708984,24.470001220703125,high,2.442659509525781,5.89052594148463
78,1,L,F78_T1,F78_T1_L,1,S3781L01.jpg,78/1L/S3781L01.jpg,/Users/sarahoualli/Desktop/BIO/iris_twins_project/data/raw/CASIA-Iris-Twins/78/1L/S3781L01.jpg,.jpg,17928,d0768b2643ef6214e687178c6414e409a4a57942f9b9a205d67c12ab8197d1bc,640,480,L,JPEG,True,,True,78,1,L,1,True,True,135.51174926757812,37.766357421875,38.1570827304416,0.0028515625,7.8125e-05,1L,False,False,False,False,False,False,True,True,True,375.0,189.5,43.68362045288086,344.52156452345616,threshold_p6,24.861406696080977,67.4747461928934,0.8407645408870532,368.0,195.0,106.0,83.15093496912166,hough_iris,54.0013427734375,23.334999084472656,high,2.426538801067014,8.902246907382429
78,1,L,F78_T1,F78_T1_L,2,S3781L02.jpg,78/1L/S3781L02.jpg,/Users/sarahoualli/Desktop/BIO/iris_twins_project/data/raw/CASIA-Iris-Twins/78/1L/S3781L02.jpg,.jpg,17538,a9d6b50aa6031b2691ae4fb65605f7aeebf01d904638e1bb54b774be1a0ec659,640,480,L,JPEG,True,,True,78,1,L,2,True,True,135.8157958984375,38.3606071472168,32.36154708810382,0.002080078125,6.510416666666667e-05,1L,False,False,False,False,False,False,True,True,True,385.5,184.5,39.65485763549805,337.61448000683373,threshold_p2,24.411654721096916,63.90675763482781,0.8043442946139281,377.5,192.5,107.0,79.6549516619481,radial_lateral_search,51.37224578857422,22.37000274658203,high,2.698282288226304,11.31370849898476
78,1,L,F78_T1,F78_T1_L,3,S3781L03.jpg,78/1L/S3781L03.jpg,/Users/sarahoualli/Desktop/BIO/iris_twins_project/data/raw/CASIA-Iris-Twins/78/1L/S3781L03.jpg,.jpg,17384,4bad16f99320122fb6686fe1cf81806cf15afce8edf9e55dbe0ccc082e3729aa,640,480,L,JPEG,True,,True,78,1,L,3,True,True,137.40985107421875,38.22919464111328,34.23777862496905,0.0018815104166666,8.138020833333333e-05,1L,False,False,False,False,False,False,True,True,True,393.0332336425781,174.8975067138672,41.869049072265625,332.13230211304256,threshold_p4,26.196538574361984,64.61964980544747,0.7864851771328857,393.0332336425781,174.8975067138672,105.0,65.88884619332299,radial_lateral_search,41.93757629394531,17.79999542236328,high,2.507819077017271,0.0
78,1,L,F78_T1,F78_T1_L,4,S3781L04.jpg,78/1L/S3781L04.jpg,/Users/sarahoualli/Desktop/BIO/iris_twins_project/data/raw/CASIA-Iris-Twins/78/1L/S3781L04.jpg,.jpg,16547,2520286bb654abb87464abe2869d541e70770c30d32000a150ee355816b04182,640,480,L,JPEG,True,,True,78,1,L,4,True,True,135.14183044433594,37.16408920288086,25.85159964361191,0.0018977864583333,8.463541666666667e-05,1L,False,False,False,False,False,False,True,True,True,376.5549926757813,172.85853576660156,39.85165786743164,326.6183699593166,threshold_p4,26.800560922405733,60.93956548347613,0.8868953669443235,368.5549926757813,180.85853576660156,103.0,70.58792677222522,radial_lateral_search,46.925018310546875,19.394996643066406,high,2.584585071532888,11.31370849898476
78,1,L,F78_T1,F78_T1_L,5,S3781L05.jpg,78/1L/S3781L05.jpg,/Users/sarahoualli/Desktop/BIO/iris_twins_project/data/raw/CASIA-Iris-Twins/78/1L/S3781L05.jpg,.jpg,16286,51f70ec9dbbc31e896bdfa86656957292d9fe83ec2132c17221ab18779637aa9,640,480,L,JPEG,True,,True,78,1,L,5,True,True,134.8878173828125,36.37435531616211,23.19309337005615,0.001123046875,9.765625e-05,1L,False,False,False,False,False,False,True,True,True,327.8409118652344,221.0,42.01068115234375,341.82557666393774,threshold_p3,27.06786206896552,66.94427459699833,0.8891062983341559,319.8409118652344,221.0,105.0,63.05133019574099,radial_lateral_search,39.84587097167969,18.720001220703125,high,2.499364378769234,8.0
78,1,L,F78_T1,F78_T1_L,6,S3781L06.jpg,78/1L/S3781L06.jpg,/Users/sarahoualli/Desktop/BIO/iris_twins_project/data/raw/CASIA-Iris-Twins/78/1L/S3781L06.jpg,.jpg,17385,0920744b75a930b5577c13475c78f1bfc2c531870115cae00560ed1eebad38ce,640,480,L,JPEG,True,,True,78,1,L,6,True,True,134.62692260742188,35.84754180908203,32.88930116652382,0.0013671875,8.7890625e-05,1L,False,False,False,False,False,False,True,True,True,306.7596130371094,223.8076934814453,42.816776275634766,349.04928788505464,threshold_p4,26.39751724137931,69.38238512035011,0.8932409394562613,298.7596130371094,223.8076934814453,105.0,69.45501861285922,radial_lateral_search,44.190773010253906,20.32500457763672,high,2.4523097984784785,8.0
78,1,L,F78_T1,F78_T1_L,7,S3781L07.jpg,78/1L/S3781L07.jpg,/Users/sarahoualli/Desktop/BIO/iris_twins_project/data/raw/CASIA-Iris-Twins/78/1L/S3781L07.jpg,.jpg,17674,61bab0820d47bd66a265c8c6a9a9d77986e1e5eb652bc029e4119cf61f18c0ac,640,480,L,JPEG,True,,True,78,1,L,7,True,True,134.3975372314453,35.14628982543945,31.52972533305486,0.0012858072916666,0.0001041666666666,1L,False,False,False,False,False,False,True,True,True,292.5,218.9166717529297,43.56717300415039,351.7552803791647,threshold_p4,27.477030885024657,73.13654822335026,0.8770822492584396,284.5,218.9166717529297,106.0,76.19362607804312,radial_lateral_search,48.997535705566406,21.759994506835938,high,2.4330245157265997,8.0
78,1,L,F78_T1,F78_T1_L,8,S3781L08.jpg,78/1L/S3781L08.jpg,/Users/sarahoualli/Desktop/BIO/iris_twins_project/data/raw/CASIA-Iris-Twins/78/1L/S3781L08.jpg,.jpg,18140,3a73e74c612d54d995fbcb14ddb72327ddc5ee46f8c4b2ceaaaa7f61b6086c76,640,480,L,JPEG,True,,True,78,1,L,8,True,True,131.48081970214844,37.32558822631836,34.23298779699538,0.0015169270833333,9.114583333333334e-05,1L,False,False,False,False,False,False,True,True,True,310.4875793457031,213.35552978515625,42.24354553222656,340.82323377492276,threshold_p4,26.78262068965517,65.86172873818788,0.8968375107063334,302.4875793457031,213.35552978515625,108.0,70.0529524305961,radial_lateral_search,45.127532958984375,19.785003662109375,high,2.556603586164647,8.0
78,1,L,F78_T1,F78_T1_L,9,S3781L09.jpg,78/1L/S3781L09.jpg,/Users/sarahoualli/Desktop/BIO/iris_twins_project/data/raw/CASIA-Iris-Twins/78/1L/S3781L09.jpg,.jpg,20274,6e428f18aa8eca7edde2d734b785f7c6b2d0682e44f99f92b3f687e4fb041e70,640,480,L,JPEG,True,,True,78,1,L,9,True,True,127.45194244384766,34.19538497924805,42.04104125022888,0.0012532552083333,9.765625e-05,1L,False,False,False,False,False,False,True,True,True,313.5632629394531,163.18365478515625,55.824951171875,359.5874520098813,threshold_p5,30.129539380600537,87.09349719975108,0.6012883524213332,305.5632629394531,171.18365478515625,118.0,80.78606833461325,radial_lateral_search,52.86749649047851,23.779998779296875,high,2.113750169466323,11.31370849898476
78,1,R,F78_T1,F78_T1_R,4,S3781R04.jpg,78/1R/S3781R04.jpg,/Users/sarahoualli/Desktop/BIO/iris_twins_project/data/raw/CASIA-Iris-Twins/78/1R/S3781R04.jpg,.jpg,18938,7cf4cdfd0e9d2ccbf061ccd83629e18499f2550b69d7534c9be87db03502171f,640,480,L,JPEG,True,,True,78,1,R,4,True,True,120.85482788085938,35.93388748168945,37.00293328920999,0.001806640625,0.0001236979166666,1R,False,False,False,False,False,False,True,True,True,332.0,161.0,50.15984344482422,335.1833092774248,threshold_p4,26.085373134328357,67.70776699029126,0.6337717754540324,335.0,163.0,109.0,76.03020801602014,hough_iris,49.25837707519531,21.41500473022461,high,2.1730530343440946,3.605551275463989
78,1,R,F78_T1,F78_T1_R,5,S3781R05.jpg,78/1R/S3781R05.jpg,/Users/sarahoualli/Desktop/BIO/iris_twins_project/data/raw/CASIA-Iris-Twins/78/1R/S3781R05.jpg,.jpg,19400,c57217bcf3a42e9d150d877a5d593baf94daaae45114777cd6ba9c26c507276c,640,480,L,JPEG,True,,True,78,1,R,5,True,True,127.51181030273438,35.51912307739258,33.17139427337648,0.0013053385416666,0.0001139322916666,1R,False,False,False,False,False,False,True,True,True,328.26019287109375,162.959228515625,50.71803283691406,344.17622056736593,threshold_p4,26.192358867135525,68.43954309063894,0.8768823047231042,328.26019287109375,162.959228515625,114.0,68.85956937413637,radial_lateral_search,46.21468353271485,17.610000610351562,high,2.2477212467323353,0.0
78,2,L,F78_T2,F78_T2_L,1,S3782L01.jpg,78/2L/S3782L01.jpg,/Users/sarahoualli/Desktop/BIO/iris_twins_project/data/raw/CASIA-Iris-Twins/78/2L/S3782L01.jpg,.jpg,17878,b84a7945014ed5e95b5a90d4935f9da1987754dcee853aa7a998ed5749eca7ac,640,480,L,JPEG,True,,True,78,2,L,1,True,True,134.20289611816406,39.72060012817383,38.18089981840982,0.0027701822916666,0.0001595052083333,2L,False,False,False,False,False,False,True,True,True,347.6825866699219,212.25254821777344,44.990333557128906,369.86798463750546,threshold_p6,22.644954354798916,76.41800757217227,0.7484207676108529,339.6825866699219,212.25254821777344,121.0,75.90878426730578,radial_lateral_search,47.4349250793457,21.93999481201172,high,2.6894666127859157,8.0
78,2,L,F78_T2,F78_T2_L,2,S3782L02.jpg,78/2L/S3782L02.jpg,/Users/sarahoualli/Desktop/BIO/iris_twins_project/data/raw/CASIA-Iris-Twins/78/2L/S3782L02.jpg,.jpg,18564,5e0cbd35f03fa2305ecb3d5060f0c0b6936e52a5d955e9cd4ae4bb2c98dcec59,640,480,L,JPEG,True,,True,78,2,L,2,True,True,136.1773223876953,41.43767547607422,27.21826167462667,0.003388671875,0.0002734375,2L,False,False,False,False,False,False,True,True,True,381.06976318359375,214.60464477539065,57.120121002197266,396.6254868274232,threshold_p5,26.836075471698113,98.9648863971673,0.6912512448765112,373.06976318359375,222.60464477539065,134.0,79.61829249071789,radial_lateral_search,51.54098129272461,23.230003356933594,high,2.3459334057581103,11.31370849898476
78,2,L,F78_T2,F78_T2_L,3,S3782L03.jpg,78/2L/S3782L03.jpg,/Users/sarahoualli/Desktop/BIO/iris_twins_project/data/raw/CASIA-Iris-Twins/78/2L/S3782L03.jpg,.jpg,18038,790b3eb8a772a7846fdfa82b16cf23fb5ed1d8a7cf53fba995a2330d003d721c,640,480,L,JPEG,True,,True,78,2,L,3,True,True,128.017578125,48.589881896972656,29.637957590219703,0.00302734375,0.00021484375,2L,False,False,False,False,False,False,True,True,True,351.4214782714844,236.7905731201172,56.41058349609375,382.3967486306354,threshold_p8,26.939160509353876,90.77022401991287,0.6950766967484799,351.4214782714844,244.7905731201172,131.0,65.92917452978674,radial_lateral_search,42.45212936401367,19.420005798339844,high,2.3222592620243208,8.0
78,2,L,F78_T2,F78_T2_L,5,S3782L05.jpg,78/2L/S3782L05.jpg,/Users/sarahoualli/Desktop/BIO/iris_twins_project/data/raw/CASIA-Iris-Twins/78/2L/S3782L05.jpg,.jpg,20090,3bbfaf594c24480e8250387347d5b1b143848b0bf38924d01cff5aa43dcfea26,640,480,L,JPEG,True,,True,78,2,L,5,True,True,134.36624145507812,40.40883255004883,46.10444384151034,0.0024283854166666,0.0001236979166666,2L,False,False,False,False,False,False,True,True,True,346.5,222.5,44.11925506591797,369.48084944271255,threshold_p5,21.852063327277445,74.75393401015228,0.7566887543066841,338.5,222.5,119.0,80.0866543297082,radial_lateral_search,52.06471252441406,21.595001220703125,high,2.6972350240774405,8.0
78,2,L,F78_T2,F78_T2_L,6,S3782L06.jpg,78/2L/S3782L06.jpg,/Users/sarahoualli/Desktop/BIO/iris_twins_project/data/raw/CASIA-Iris-Twins/78/2L/S3782L06.jpg,.jpg,20209,1626b6d39abbecd59b544fe19a1fa41e04ed16b6723bb17a210d23ec3609a0ae,640,480,L,JPEG,True,,True,78,2,L,6,True,True,135.97015380859375,37.57673263549805,43.9563059434255,0.0019303385416666,0.00013671875,2L,False,False,False,False,False,False,True,True,True,350.1234436035156,217.59259033203125,51.05788803100586,383.4019927357978,threshold_p5,28.777038585820183,96.0556940184049,0.5868526572119755,342.1234436035156,225.59259033203125,119.0,78.88124449763481,radial_lateral_search,52.544921875,22.029998779296875,high,2.330687864091343,11.31370849898476
78,2,L,F78_T2,F78_T2_L,7,S3782L07.jpg,78/2L/S3782L07.jpg,/Users/sarahoualli/Desktop/BIO/iris_twins_project/data/raw/CASIA-Iris-Twins/78/2L/S3782L07.jpg,.jpg,19668,3c9e08ef2f2f7d6ab11b0d1cc2bec713fb9862f25ae035a7a86f680d872dd728,640,480,L,JPEG,True,,True,78,2,L,7,True,True,131.14990234375,42.05233383178711,45.05426425509981,0.001650390625,0.0001139322916666,2L,False,False,False,False,False,False,True,True,True,333.0,230.0,52.9245719909668,381.0034721256171,threshold_p6,28.639276018099547,93.93256929637526,0.5836134477384252,333.0,238.0,122.0,73.87709980392246,radial_lateral_search,48.21443176269531,21.029998779296875,high,2.305167437552883,8.0
78,2,L,F78_T2,F78_T2_L,8,S3782L08.jpg,78/2L/S3782L08.jpg,/Users/sarahoualli/Desktop/BIO/iris_twins_project/data/raw/CASIA-Iris-Twins/78/2L/S3782L08.jpg,.jpg,20684,de3d12ac57ac60965f8a8fef4e5eb999ea40c389985db3208130803c7b665727,640,480,L,JPEG,True,,True,78,2,L,8,True,True,129.3543243408203,46.57006072998047,53.52256370442708,0.002080078125,0.0001041666666666,2L,False,False,False,False,False,False,True,True,True,336.0,233.05612182617188,49.31037521362305,372.2759709027213,threshold_p4,25.05547414695415,82.39146240132946,0.6967576859232322,328.0,241.05612182617188,119.0,72.63661334658941,radial_lateral_search,47.5098991394043,20.93000030517578,high,2.413285226171301,11.31370849898476
78,2,L,F78_T2,F78_T2_L,9,S3782L09.jpg,78/2L/S3782L09.jpg,/Users/sarahoualli/Desktop/BIO/iris_twins_project/data/raw/CASIA-Iris-Twins/78/2L/S3782L09.jpg,.jpg,20994,9423314891b061e5202124fa6732f2f5097260ab5f22e599f91315f3a495c569,640,480,L,JPEG,True,,True,78,2,L,9,True,True,135.45346069335938,41.21702575683594,52.76066626548768,0.0013736979166666,0.0001139322916666,2L,False,False,False,False,False,False,True,True,True,334.1479187011719,227.58436584472656,49.684288024902344,374.21656092414617,threshold_p4,28.667064676616917,90.42530668777206,0.5895884499935893,326.1479187011719,235.58436584472656,120.0,74.62013121247057,radial_lateral_search,50.808555603027344,19.98500061035156,high,2.415250469924307,11.31370849898476
78,2,L,F78_T2,F78_T2_L,10,S3782L10.jpg,78/2L/S3782L10.jpg,/Users/sarahoualli/Desktop/BIO/iris_twins_project/data/raw/CASIA-Iris-Twins/78/2L/S3782L10.jpg,.jpg,20625,b18adf0311e5807aad5db6e3776ebdd076da7fb64b48b6cabd69b2fae710070a,640,480,L,JPEG,True,,True,78,2,L,10,True,True,136.5204620361328,37.9050178527832,54.18545856084823,0.0015169270833333,0.0001139322916666,2L,False,False,False,False,False,False,True,True,True,343.5820007324219,224.5326232910156,50.0451545715332,383.7974069152819,threshold_p5,29.754427860696516,96.04252427184466,0.6779329039613934,335.5820007324219,232.5326232910156,119.0,79.2881757680121,radial_lateral_search,52.077186584472656,22.520004272460938,high,2.377852581710075,11.31370849898476
78,2,R,F78_T2,F78_T2_R,3,S3782R03.jpg,78/2R/S3782R03.jpg,/Users/sarahoualli/Desktop/BIO/iris_twins_project/data/raw/CASIA-Iris-Twins/78/2R/S3782R03.jpg,.jpg,20609,80802b410bef3f0ae7589dd568fbf13ae67ca833dffba2421301eccf7f621257,640,480,L,JPEG,True,,True,78,2,R,3,True,True,121.73087310791016,42.75331497192383,44.9740371538692,0.002509765625,4.8828125e-05,2R,False,False,False,False,False,False,True,True,True,271.102783203125,203.283447265625,47.03523254394531,371.8609731160376,threshold_p4,24.593396853534234,82.83909169926119,0.6872249536123181,271.102783203125,211.283447265625,117.0,61.615024023722555,radial_lateral_search,41.82404327392578,16.31499481201172,high,2.487497003245092,8.0
78,2,R,F78_T2,F78_T2_R,4,S3782R04.jpg,78/2R/S3782R04.jpg,/Users/sarahoualli/Desktop/BIO/iris_twins_project/data/raw/CASIA-Iris-Twins/78/2R/S3782R04.jpg,.jpg,20799,c2b7b29cc7d795c4a248a1349948de46417a77d5d997da6ebf332ddcebfa97f0,640,480,L,JPEG,True,,True,78,2,R,4,True,True,125.80004119873048,40.26015090942383,44.739131103473234,0.001943359375,9.765625e-05,2R,False,False,False,False,False,False,True,True,True,270.53179931640625,203.5650329589844,51.8592643737793,384.6804665489564,threshold_p5,27.369131343850977,93.36622165325532,0.7022717000715015,270.53179931640625,203.5650329589844,120.0,68.66207960243298,radial_lateral_search,47.1452522277832,16.615005493164062,high,2.3139549210550223,0.0
78,2,R,F78_T2,F78_T2_R,5,S3782R05.jpg,78/2R/S3782R05.jpg,/Users/sarahoualli/Desktop/BIO/iris_twins_project/data/raw/CASIA-Iris-Twins/78/2R/S3782R05.jpg,.jpg,20941,2997a09762975f6e12e823ae493d08874b6c8ebda3f6f0244872573bd7e906ac,640,480,L,JPEG,True,,True,78,2,R,5,True,True,123.27919006347656,39.4682502746582,44.588363449001314,0.0024153645833333,8.7890625e-05,2R,False,False,False,False,False,False,True,True,True,268.72662353515625,212.12828063964844,50.11188507080078,378.94076873882375,threshold_p5,26.783482587064675,89.49533980582524,0.6678321153680429,268.72662353515625,220.12828063964844,117.0,60.9297345078967,radial_lateral_search,41.14762878417969,16.74500274658203,high,2.3347754696255403,8.0
78,2,R,F78_T2,F78_T2_R,7,S3782R07.jpg,78/2R/S3782R07.jpg,/Users/sarahoualli/Desktop/BIO/iris_twins_project/data/raw/CASIA-Iris-Twins/78/2R/S3782R07.jpg,.jpg,19602,060743ae590b647b7960310da86b7e006b50d484847e7b1de1801447f43bb030,640,480,L,JPEG,True,,True,78,2,R,7,True,True,114.35598754882812,35.391048431396484,42.75329519140456,0.0056966145833333,7.486979166666666e-05,2R,False,False,False,False,False,False,True,True,True,317.55828857421875,220.90806579589844,50.99580383300781,357.8692716409846,threshold_p6,23.79015396312488,69.70331671779141,0.8956614579012605,320.0,222.0,118.0,98.98423457929384,hough_iris,66.07526397705078,25.229995727539062,high,2.3139158740669306,2.674747650317244
78,2,R,F78_T2,F78_T2_R,8,S3782R08.jpg,78/2R/S3782R08.jpg,/Users/sarahoualli/Desktop/BIO/iris_twins_project/data/raw/CASIA-Iris-Twins/78/2R/S3782R08.jpg,.jpg,20430,d3f0367b44b4010c2684ccd6d8c5b1148b7f5a335d55fc0d96bd5660cc6472f1,640,480,L,JPEG,True,,True,78,2,R,8,True,True,118.00718688964844,43.96002960205078,46.358364511066014,0.0044759114583333,0.0001009114583333,2R,False,False,False,False,False,False,True,True,True,322.83612060546875,255.0964508056641,47.165321350097656,338.8595051255338,threshold_p5,22.96188787945934,60.10175596578118,0.8107542709207984,322.83612060546875,255.0964508056641,119.0,83.92367309748144,radial_lateral_search,53.37351608276367,22.46999740600586,high,2.523040161577392,0.0
78,2,R,F78_T2,F78_T2_R,9,S3782R09.jpg,78/2R/S3782R09.jpg,/Users/sarahoualli/Desktop/BIO/iris_twins_project/data/raw/CASIA-Iris-Twins/78/2R/S3782R09.jpg,.jpg,20351,9f926865a006eb85c8441d1f9e75b3202b5c1583e35193c0e44d582374614b92,640,480,L,JPEG,True,,True,78,2,R,9,True,True,118.03790283203124,43.01934814453125,45.74285505675209,0.0038736979166666,9.440104166666666e-05,2R,False,False,False,False,False,False,True,True,True,314.983154296875,250.35838317871097,47.161582946777344,338.6048611729963,threshold_p5,23.521604254376246,60.961503827104906,0.7989334055540722,318.0,257.0,117.0,88.3341743618625,hough_iris,59.06951141357422,22.97500228881836,high,2.4808327602582065,7.294685188361017
78,2,R,F78_T2,F78_T2_R,10,S3782R10.jpg,78/2R/S3782R10.jpg,/Users/sarahoualli/Desktop/BIO/iris_twins_project/data/raw/CASIA-Iris-Twins/78/2R/S3782R10.jpg,.jpg,20344,169c7bd6d7d77090c6b161f412d36da27c9172c53a40794048913efbf4f0775c,640,480,L,JPEG,True,,True,78,2,R,10,True,True,119.56226348876952,41.21272659301758,51.385790799193906,0.0039583333333333,9.765625e-05,2R,False,False,False,False,False,False,True,True,True,312.4251403808594,249.30213928222656,45.713741302490234,337.7332316818311,threshold_p4,24.81201956673655,62.52162790697675,0.7868688075935235,316.0,251.0,115.0,97.36687001376556,hough_iris,64.39164733886719,24.929996490478516,high,2.515654958955097,3.9575689903677462
81,1,L,F81_T1,F81_T1_L,1,S3811L01.jpg,81/1L/S3811L01.jpg,/Users/sarahoualli/Desktop/BIO/iris_twins_project/data/raw/CASIA-Iris-Twins/81/1L/S3811L01.jpg,.jpg,17960,04a814ea43e9342e3d46c6a3b0f945da6dbbae41f219284eb5248132bd5db5c0,640,480,L,JPEG,True,,True,81,1,L,1,True,True,139.23963928222656,38.656864166259766,33.250756467013886,0.001513671875,0.0001171875,1L,False,False,False,False,False,False,True,True,True,282.0,201.5,52.67124938964844,351.1325579485837,threshold_p3,27.199276018099543,73.5600481761872,0.8500886102981963,282.0,201.5,112.0,67.99352617522625,radial_lateral_search,48.395938873291016,15.779998779296877,high,2.1263972527299027,0.0
81,1,R,F81_T1,F81_T1_R,1,S3811R01.jpg,81/1R/S3811R01.jpg,/Users/sarahoualli/Desktop/BIO/iris_twins_project/data/raw/CASIA-Iris-Twins/81/1R/S3811R01.jpg,.jpg,18245,2cfdc9e8a72b6b990b97e0840144ea5ccf8cff386e8d236577b01bdd1b758f6d,640,480,L,JPEG,True,,True,81,1,R,1,True,True,125.86831665039062,36.02096939086914,30.746857564279768,0.0013639322916666,9.440104166666666e-05,1R,False,False,False,False,False,False,True,True,True,276.5,161.0,52.1944465637207,338.1765189509649,threshold_p3,27.09628959276018,72.59850665707089,0.5834245507906302,284.5,161.0,117.0,75.39524389893393,radial_lateral_search,53.28377914428711,18.67499542236328,high,2.241617790834558,8.0
81,1,R,F81_T1,F81_T1_R,2,S3811R02.jpg,81/1R/S3811R02.jpg,/Users/sarahoualli/Desktop/BIO/iris_twins_project/data/raw/CASIA-Iris-Twins/81/1R/S3811R02.jpg,.jpg,19485,d73d2cb14bb4540aaa4e3a01841889cdc81ae8644ab8a7b6e09a5b79004510cc,640,480,L,JPEG,True,,True,81,1,R,2,True,True,130.85845947265625,35.41464614868164,39.83043802760442,0.0018391927083333,0.0001106770833333,1R,False,False,False,False,False,False,True,True,True,285.0,181.0,47.0,341.56321340169274,hough_pupil,27.171282960336804,71.25858322468493,0.75,293.0,181.0,113.0,66.69714365208404,radial_lateral_search,44.173126220703125,18.50499725341797,high,2.404255319148936,8.0
81,1,R,F81_T1,F81_T1_R,3,S3811R03.jpg,81/1R/S3811R03.jpg,/Users/sarahoualli/Desktop/BIO/iris_twins_project/data/raw/CASIA-Iris-Twins/81/1R/S3811R03.jpg,.jpg,16787,9902b5d270bc2b83fb87cbceb46b3fa68db53789c38c6ed8f95486f6513fc9ec,640,480,L,JPEG,True,,True,81,1,R,3,True,True,128.39515686035156,35.85355758666992,23.712439774407287,0.0016861979166666,0.0001334635416666,1R,False,False,False,False,False,False,True,True,True,293.7490234375,171.2626495361328,50.590457916259766,330.75751214049035,threshold_p3,27.356616915422887,69.04320388349515,0.5330687837918485,301.7490234375,171.2626495361328,110.0,60.85588910000728,radial_lateral_search,40.67259979248047,17.48999786376953,high,2.1743230745623676,8.0
81,1,R,F81_T1,F81_T1_R,4,S3811R04.jpg,81/1R/S3811R04.jpg,/Users/sarahoualli/Desktop/BIO/iris_twins_project/data/raw/CASIA-Iris-Twins/81/1R/S3811R04.jpg,.jpg,16809,2ba7ae2c8173fc80f3c7bce385148aa53c677c51d06d64e16e148b291158af5b,640,480,L,JPEG,True,,True,81,1,R,4,True,True,132.3261260986328,35.09291076660156,24.282508239481185,0.001298828125,0.000126953125,1R,False,False,False,False,False,False,True,True,True,285.0,175.0,46.0,329.0922995435376,hough_pupil,27.61495457721873,65.84488372093023,0.75,293.0,175.0,107.0,62.017427660071334,radial_lateral_search,41.563079833984375,17.25,high,2.3260869565217392,8.0
81,1,R,F81_T1,F81_T1_R,5,S3811R05.jpg,81/1R/S3811R05.jpg,/Users/sarahoualli/Desktop/BIO/iris_twins_project/data/raw/CASIA-Iris-Twins/81/1R/S3811R05.jpg,.jpg,16641,9f5a59581ef69619013fb395533be159655bb431311d7e0108d0e81c90ab4d78,640,480,L,JPEG,True,,True,81,1,R,5,True,True,129.81072998046875,35.59919738769531,25.29423111545774,0.000673828125,0.000126953125,1R,False,False,False,False,False,False,True,True,True,306.7894592285156,160.80262756347656,49.58792495727539,328.94596405223774,threshold_p3,27.48955223880597,68.36485951721409,0.5180451842861787,314.7894592285156,160.80262756347656,108.0,66.35216389366249,radial_lateral_search,45.65736389160156,17.845001220703125,high,2.1779495732691383,8.0
81,1,R,F81_T1,F81_T1_R,6,S3811R06.jpg,81/1R/S3811R06.jpg,/Users/sarahoualli/Desktop/BIO/iris_twins_project/data/raw/CASIA-Iris-Twins/81/1R/S3811R06.jpg,.jpg,16864,9ea6194854bedb9c8c31b771b149d39d2a4a5dde1c1762c98f80d074a633929d,640,480,L,JPEG,True,,True,81,1,R,6,True,True,133.19110107421875,35.31350326538086,26.18906734457016,0.00140625,0.0001204427083333,1R,False,False,False,False,False,False,True,True,True,312.8224792480469,174.5894317626953,51.176876068115234,350.09898358714736,threshold_p4,27.218399543812964,74.06115797546012,0.8021841412051759,320.8224792480469,174.5894317626953,109.0,64.59851707069475,radial_lateral_search,43.816036224365234,18.045005798339844,high,2.129868182163435,8.0
81,1,R,F81_T1,F81_T1_R,7,S3811R07.jpg,81/1R/S3811R07.jpg,/Users/sarahoualli/Desktop/BIO/iris_twins_project/data/raw/CASIA-Iris-Twins/81/1R/S3811R07.jpg,.jpg,17077,73a3a31b2aac4650c831d71689c1edba48d8f999226214f7f9477ad48357e08a,640,480,L,JPEG,True,,True,81,1,R,7,True,True,129.60304260253906,36.14594268798828,23.85568859353595,0.00181640625,8.7890625e-05,1R,False,False,False,False,False,False,True,True,True,318.71600341796875,173.00399780273438,49.54313659667969,334.2759037310102,threshold_p3,26.58208955223881,68.76869806094183,0.5459015989626419,326.71600341796875,173.00399780273438,110.0,65.12284255843471,radial_lateral_search,43.62168884277344,18.300003051757812,high,2.220287360800084,8.0
81,1,R,F81_T1,F81_T1_R,8,S3811R08.jpg,81/1R/S3811R08.jpg,/Users/sarahoualli/Desktop/BIO/iris_twins_project/data/raw/CASIA-Iris-Twins/81/1R/S3811R08.jpg,.jpg,16845,849516c9882c7c3db0624e35dfde26d3d0d5c8ad36ccef79d38a6f5b956c7565,640,480,L,JPEG,True,,True,81,1,R,8,True,True,133.0973663330078,35.57865905761719,26.43735282023748,0.0016048177083333,0.0001139322916666,1R,False,False,False,False,False,False,True,True,True,331.5,178.5,48.626224517822266,336.91035560461137,threshold_p3,26.90349591794013,69.5034766118837,0.6132874518914486,339.5,178.5,106.0,69.81286547086677,radial_lateral_search,45.56829071044922,20.375,high,2.1798936901043873,8.0
81,1,R,F81_T1,F81_T1_R,9,S3811R09.jpg,81/1R/S3811R09.jpg,/Users/sarahoualli/Desktop/BIO/iris_twins_project/data/raw/CASIA-Iris-Twins/81/1R/S3811R09.jpg,.jpg,17124,a771e2c4070748bc556ae96ddbfb3e715bb200be3155c9839f4b61a0d140b750,640,480,L,JPEG,True,,True,81,1,R,9,True,True,129.82318115234375,36.55645751953125,22.55998355482949,0.002080078125,9.114583333333334e-05,1R,False,False,False,False,False,False,True,True,True,330.75628662109375,182.1473388671875,49.39429473876953,335.9414470801633,threshold_p3,26.428457711442785,68.90848832607836,0.5579442829675761,338.75628662109375,182.1473388671875,107.0,65.42063697835378,radial_lateral_search,41.363670349121094,20.279998779296875,high,2.1662420845542676,8.0
81,1,R,F81_T1,F81_T1_R,10,S3811R10.jpg,81/1R/S3811R10.jpg,/Users/sarahoualli/Desktop/BIO/iris_twins_project/data/raw/CASIA-Iris-Twins/81/1R/S3811R10.jpg,.jpg,17137,e616290669c4737f99d84a2aa930887d8375b35421399af095cc991653ae722b,640,480,L,JPEG,True,,True,81,1,R,10,True,True,133.5849609375,35.42235565185547,24.103227724191875,0.00150390625,0.0001106770833333,1R,False,False,False,False,False,False,True,True,True,327.9828796386719,181.43214416503903,50.5632209777832,353.1815695243923,threshold_p4,27.0318407960199,74.08805825242719,0.8542330251283616,332.0,180.0,109.0,67.63323980938512,hough_iris,45.5125617980957,18.26000213623047,high,2.1557170981629734,4.264773488340552
81,2,L,F81_T2,F81_T2_L,3,S3812L03.jpg,81/2L/S3812L03.jpg,/Users/sarahoualli/Desktop/BIO/iris_twins_project/data/raw/CASIA-Iris-Twins/81/2L/S3812L03.jpg,.jpg,18274,82b20186082fb259624ddb4c824937780d682712ee981e61db67556d1fc9be80,640,480,L,JPEG,True,,True,81,2,L,3,True,True,125.64389038085938,35.304813385009766,37.52907106525633,0.0032389322916666,0.000146484375,2L,False,False,False,False,False,False,True,True,True,241.3145446777344,126.03277587890624,55.50200653076172,355.0142606665058,threshold_p4,24.736383083758433,75.52006319115324,0.8087985515555521,233.3145446777344,134.03277587890625,115.0,70.36206701518954,radial_lateral_search,48.91050720214844,19.279998779296875,high,2.0719971616929165,11.31370849898476
81,2,L,F81_T2,F81_T2_L,4,S3812L04.jpg,81/2L/S3812L04.jpg,/Users/sarahoualli/Desktop/BIO/iris_twins_project/data/raw/CASIA-Iris-Twins/81/2L/S3812L04.jpg,.jpg,18633,37e665eccba5d59d78813282536b37a3b15f3b72bfd2c521073b67c351d040ee,640,480,L,JPEG,True,,True,81,2,L,4,True,True,126.19214630126952,35.4290771484375,41.57430805069605,0.0010709635416666,6.510416666666667e-05,2L,False,False,False,False,False,False,True,True,True,265.3375244140625,132.23281860351562,51.83568572998047,365.4614295800166,threshold_p2,28.56130013305455,89.03922823701537,0.6290467927461005,265.3375244140625,132.23281860351562,120.0,61.96311675791544,radial_lateral_search,42.60508728027344,15.06999969482422,high,2.3150074762220227,0.0
81,2,L,F81_T2,F81_T2_L,5,S3812L05.jpg,81/2L/S3812L05.jpg,/Users/sarahoualli/Desktop/BIO/iris_twins_project/data/raw/CASIA-Iris-Twins/81/2L/S3812L05.jpg,.jpg,20153,f870e74c25c01b6ad59231bb5e08d6554599500d65909c3b408fea3e7192fca4,640,480,L,JPEG,True,,True,81,2,L,5,True,True,126.21843719482422,36.439327239990234,57.79670891655817,0.00314453125,0.0001009114583333,2L,False,False,False,False,False,False,True,True,True,258.0,136.0,50.15984344482422,338.33366776013355,threshold_p4,23.924975124378108,64.98456310679612,0.77857762828755,254.0,138.0,120.0,84.12662106129498,hough_iris,57.506248474121094,20.834999084472656,high,2.392351964415517,4.47213595499958
81,2,R,F81_T2,F81_T2_R,2,S3812R02.jpg,81/2R/S3812R02.jpg,/Users/sarahoualli/Desktop/BIO/iris_twins_project/data/raw/CASIA-Iris-Twins/81/2R/S3812R02.jpg,.jpg,17023,7166c4bba71dacd79660eee1370e5b0d523962d787c20921fb6ef2368814687b,640,480,L,JPEG,True,,True,81,2,R,2,True,True,127.89823150634766,37.65766143798828,23.43564028395547,0.0006608072916666,9.765625e-05,2R,False,False,False,False,False,False,True,True,True,215.3488311767578,192.3488311767578,46.612422943115234,315.4003365426564,threshold_p6,32.01816911250874,63.106241395135385,0.8978268117041746,215.3488311767578,192.3488311767578,110.0,61.530400562058766,radial_lateral_search,38.457855224609375,17.595001220703125,high,2.3598859071162543,0.0
81,2,R,F81_T2,F81_T2_R,4,S3812R04.jpg,81/2R/S3812R04.jpg,/Users/sarahoualli/Desktop/BIO/iris_twins_project/data/raw/CASIA-Iris-Twins/81/2R/S3812R04.jpg,.jpg,16364,4cacd0e83e5a9f42fc85caacacb7f4033b850af532a15eed5caca88dd585ab1a,640,480,L,JPEG,True,,True,81,2,R,4,True,True,125.8585968017578,37.17897033691406,20.29569209390217,0.00103515625,0.0001236979166666,2R,False,False,False,False,False,False,True,True,True,219.9402313232422,203.22601318359375,47.28279113769531,326.3803676125863,threshold_p8,31.173055617106137,67.07890589824403,0.8888543067216796,223.0,200.0,110.0,66.61549072745518,hough_iris,44.032344818115234,18.13500213623047,high,2.326427804984308,4.446273205279781
81,2,R,F81_T2,F81_T2_R,6,S3812R06.jpg,81/2R/S3812R06.jpg,/Users/sarahoualli/Desktop/BIO/iris_twins_project/data/raw/CASIA-Iris-Twins/81/2R/S3812R06.jpg,.jpg,16663,e712a58bd55c17b7d2ec624bd52fcd85ae1cb07490658e34097449dd3565669d,640,480,L,JPEG,True,,True,81,2,R,6,True,True,125.5210418701172,37.50483703613281,20.813831122832827,0.0009212239583333,0.0001106770833333,2R,False,False,False,False,False,False,True,True,True,198.8758544921875,203.727783203125,45.960548400878906,319.5840176564682,threshold_p5,31.065455392499416,63.92558139534883,0.8875985244057657,198.8758544921875,195.727783203125,109.0,61.84070437189753,radial_lateral_search,41.204307556152344,17.25,high,2.3715992039362956,8.0
81,2,R,F81_T2,F81_T2_R,8,S3812R08.jpg,81/2R/S3812R08.jpg,/Users/sarahoualli/Desktop/BIO/iris_twins_project/data/raw/CASIA-Iris-Twins/81/2R/S3812R08.jpg,.jpg,16654,b31f980afad56b9a728a9b4fed84854dc8d7a340767d2adf1d9bc8a74b9096bf,640,480,L,JPEG,True,,True,81,2,R,8,True,True,127.74078369140624,39.16562271118164,22.79177302016153,0.0009440104166666,0.0001204427083333,2R,False,False,False,False,False,False,True,True,True,163.0467987060547,204.3972625732422,49.449703216552734,328.943023226325,threshold_p8,27.68278606965174,64.0591610605461,0.9049940640186366,171.0467987060547,196.3972625732422,111.0,60.34260663400708,radial_lateral_search,40.45421600341797,17.669998168945312,high,2.2447050797029657,11.31370849898476
81,2,R,F81_T2,F81_T2_R,10,S3812R10.jpg,81/2R/S3812R10.jpg,/Users/sarahoualli/Desktop/BIO/iris_twins_project/data/raw/CASIA-Iris-Twins/81/2R/S3812R10.jpg,.jpg,16987,41c50ca48df9bdaa9e061958232cc31f61958b176b79b31ea08ee2b448bcef18,640,480,L,JPEG,True,,True,81,2,R,10,True,True,129.84823608398438,40.0919303894043,25.684891906568737,0.0011263020833333,0.0001204427083333,2R,False,False,False,False,False,False,True,True,True,156.2608642578125,208.2608642578125,51.13383102416992,330.43203747248816,threshold_p8,27.60007603117278,64.82879601226993,0.8957569531616473,164.2608642578125,200.2608642578125,117.0,62.376549206270376,radial_lateral_search,45.32452774047851,15.519996643066406,high,2.28811332256127,11.31370849898476
84,1,L,F84_T1,F84_T1_L,1,S3841L01.jpg,84/1L/S3841L01.jpg,/Users/sarahoualli/Desktop/BIO/iris_twins_project/data/raw/CASIA-Iris-Twins/84/1L/S3841L01.jpg,.jpg,20012,5feff986c3da9d54210e272071c9f1c2fb7d2e31076756c89f90957b7850f940,640,480,L,JPEG,True,,True,84,1,L,1,True,True,130.0885772705078,40.74005508422851,29.693346205382863,0.0017024739583333,0.0003483072916666,1L,False,False,False,False,False,False,True,True,True,216.4396209716797,177.1308135986328,56.92689895629883,377.364033331689,threshold_p8,26.84890566037736,87.03270884520884,0.8836363079627316,216.4396209716797,177.1308135986328,126.0,88.47559628712796,radial_lateral_search,53.72513198852539,26.355003356933594,high,2.2133648997238833,0.0
84,1,L,F84_T1,F84_T1_L,2,S3841L02.jpg,84/1L/S3841L02.jpg,/Users/sarahoualli/Desktop/BIO/iris_twins_project/data/raw/CASIA-Iris-Twins/84/1L/S3841L02.jpg,.jpg,20510,1b9eebb71f529a2b1e9fb11788100a2f02306b00a5c8222d84abb00e89bea22e,640,480,L,JPEG,True,,True,84,1,L,2,True,True,125.92025756835938,40.592140197753906,34.41594400973849,0.0019401041666666,0.0001888020833333,1L,False,False,False,False,False,False,True,True,True,221.9276123046875,197.4869079589844,55.961891174316406,377.7039559219105,threshold_p5,28.128438924697377,88.45177349097698,0.8922073149215342,221.9276123046875,197.4869079589844,126.0,90.47900020236602,radial_lateral_search,56.149871826171875,25.94499969482422,high,2.251532200860064,0.0
84,1,L,F84_T1,F84_T1_L,3,S3841L03.jpg,84/1L/S3841L03.jpg,/Users/sarahoualli/Desktop/BIO/iris_twins_project/data/raw/CASIA-Iris-Twins/84/1L/S3841L03.jpg,.jpg,21090,d69e7664ab64ae5d9403d720d39582b321177862bae4aa6cc703bcc4c410ed35,640,480,L,JPEG,True,,True,84,1,L,3,True,True,130.09268188476562,41.526649475097656,38.134945987690806,0.0018587239583333,0.0003450520833333,1L,False,False,False,False,False,False,True,True,True,231.0,194.0,56.0,373.55505700989585,hough_pupil,25.22056280459047,85.04457062850031,0.75,223.0,194.0,128.0,85.01733147757393,radial_lateral_search,50.86448287963867,27.149993896484375,high,2.2857142857142856,8.0
84,1,L,F84_T1,F84_T1_L,4,S3841L04.jpg,84/1L/S3841L04.jpg,/Users/sarahoualli/Desktop/BIO/iris_twins_project/data/raw/CASIA-Iris-Twins/84/1L/S3841L04.jpg,.jpg,20003,802caaadb460e8f69bd1b893244026076df6a6e63976e7728a5ebe76fe5ae734,640,480,L,JPEG,True,,True,84,1,L,4,True,True,122.97863006591795,40.867652893066406,30.394685726155178,0.0023958333333333,0.0001953125,1L,False,False,False,False,False,False,True,True,True,214.52008056640625,198.3686065673828,57.00557327270508,378.4118894418417,threshold_p5,27.80875471698113,88.28224815724816,0.8947580873152837,214.52008056640625,198.3686065673828,126.0,85.74121104104543,radial_lateral_search,52.19997024536133,25.5,high,2.210310198921028,0.0
84,1,L,F84_T1,F84_T1_L,5,S3841L05.jpg,84/1L/S3841L05.jpg,/Users/sarahoualli/Desktop/BIO/iris_twins_project/data/raw/CASIA-Iris-Twins/84/1L/S3841L05.jpg,.jpg,20393,13209ef60efc0c93d2160a390fec6f037e8598e281b0f5bca9f950139ec38181,640,480,L,JPEG,True,,True,84,1,L,5,True,True,135.05523681640625,40.61927032470703,31.38674187163247,0.0021451822916666,0.0004427083333333,1L,False,False,False,False,False,False,True,True,True,249.8199005126953,193.01370239257812,59.18299865722656,390.53010367445074,threshold_p8,27.941193469151855,97.68656922228352,0.645711328129855,241.8199005126953,193.01370239257812,130.0,84.86949265540518,radial_lateral_search,53.65618515014648,25.30500030517578,high,2.1965767695031504,8.0
84,1,L,F84_T1,F84_T1_L,6,S3841L06.jpg,84/1L/S3841L06.jpg,/Users/sarahoualli/Desktop/BIO/iris_twins_project/data/raw/CASIA-Iris-Twins/84/1L/S3841L06.jpg,.jpg,20672,be3220552e393598395fd8c23ccdc27b3a4dfbd5bb8b1f33cf2b2bbd078d7a34,640,480,L,JPEG,True,,True,84,1,L,6,True,True,112.84262084960938,46.697357177734375,40.86320683770706,0.009501953125,0.0002669270833333,1L,False,False,False,False,False,False,True,True,True,292.1822814941406,200.30148315429688,57.93088912963867,373.93242541363435,threshold_p6,20.19879245283019,74.70226678291195,0.7812579399041091,292.1822814941406,200.30148315429688,128.0,84.3165521669836,radial_lateral_search,50.89042663574219,25.420005798339844,high,2.20952935339141,0.0
84,1,L,F84_T1,F84_T1_L,7,S3841L07.jpg,84/1L/S3841L07.jpg,/Users/sarahoualli/Desktop/BIO/iris_twins_project/data/raw/CASIA-Iris-Twins/84/1L/S3841L07.jpg,.jpg,23100,272a1f4391d20a36486e0150a98bd362c49b2bb6319d85434c6e2a326e2a0c39,640,480,L,JPEG,True,,True,84,1,L,7,True,True,169.0249786376953,45.33985900878906,58.675531700547545,0.00013671875,0.021455078125,1L,False,False,True,False,False,True,True,True,True,298.3567199707031,175.51705932617188,53.85947799682617,445.4724600375744,threshold_p4,27.16151321471757,123.48758741258742,0.64326027691472,290.3567199707031,175.51705932617188,124.0,92.229315796639,radial_lateral_search,56.19017028808594,28.449996948242188,high,2.3022874452534996,8.0
84,1,L,F84_T1,F84_T1_L,8,S3841L08.jpg,84/1L/S3841L08.jpg,/Users/sarahoualli/Desktop/BIO/iris_twins_project/data/raw/CASIA-Iris-Twins/84/1L/S3841L08.jpg,.jpg,21276,d695e45be5ba971005694dc8609e0e1ec303a102dd463cef7d4afcd6203e9b98,640,480,L,JPEG,True,,True,84,1,L,8,True,True,121.0033187866211,37.32554626464844,51.15578301492269,0.0041569010416666,0.000146484375,1L,False,False,False,False,False,False,True,True,True,320.00018310546875,178.50474548339844,53.64471054077149,361.6015494845096,threshold_p8,25.846087407151497,75.50500678886625,0.8928107906578411,320.00018310546875,178.50474548339844,117.0,78.47984993144756,radial_lateral_search,52.95878982543945,19.854995727539062,high,2.181016521863357,0.0
84,1,L,F84_T1,F84_T1_L,9,S3841L09.jpg,84/1L/S3841L09.jpg,/Users/sarahoualli/Desktop/BIO/iris_twins_project/data/raw/CASIA-Iris-Twins/84/1L/S3841L09.jpg,.jpg,20340,b663d5394cb6c795f8c6965115db21a5568c6b8b929c4ba72d37c3ead3129f17,640,480,L,JPEG,True,,True,84,1,L,9,True,True,114.90919494628906,39.16155624389648,46.994296389166514,0.0047298177083333,0.00013671875,1L,False,False,False,False,False,False,True,True,True,343.38751220703125,173.39822387695312,51.18027877807617,341.12187942581164,threshold_p5,25.116327694354684,64.62356211656441,0.902645325228094,343.38751220703125,173.39822387695312,113.0,77.31919304928786,radial_lateral_search,53.81166076660156,18.340003967285156,high,2.207881682121771,0.0
84,1,L,F84_T1,F84_T1_L,10,S3841L10.jpg,84/1L/S3841L10.jpg,/Users/sarahoualli/Desktop/BIO/iris_twins_project/data/raw/CASIA-Iris-Twins/84/1L/S3841L10.jpg,.jpg,21335,6d7535fdeaf5694859627889613916f554afeb8bc4acfc77ee53280571e2e985,640,480,L,JPEG,True,,True,84,1,L,10,True,True,125.4300765991211,38.81576919555664,72.06964830897645,0.002060546875,0.000126953125,1L,False,False,False,False,False,False,True,True,True,332.41986083984375,156.9791259765625,49.60107421875,355.6340870348929,threshold_p5,25.60318407960199,72.80282944202612,0.9021498069734364,332.41986083984375,156.9791259765625,112.0,78.26849128440223,radial_lateral_search,51.501426696777344,20.525001525878903,high,2.2580156128486064,0.0
84,1,R,F84_T1,F84_T1_R,5,S3841R05.jpg,84/1R/S3841R05.jpg,/Users/sarahoualli/Desktop/BIO/iris_twins_project/data/raw/CASIA-Iris-Twins/84/1R/S3841R05.jpg,.jpg,18922,3750e4ee9406fe0b437d70e25dbc734b4209518a1b156bf338b0619a1af3189d,640,480,L,JPEG,True,,True,84,1,R,5,True,True,131.46522521972656,35.86790466308594,39.758811365498424,0.000625,0.0002278645833333,1R,False,False,False,False,False,False,True,True,True,380.7110595703125,163.45472717285156,46.693077087402344,346.09812700276046,threshold_p4,25.253202888423015,68.68666819642037,0.8884060114040991,388.7110595703125,155.45472717285156,100.0,68.69221518647655,radial_lateral_search,44.07106018066406,21.345001220703125,high,2.141645105393573,11.31370849898476
84,1,R,F84_T1,F84_T1_R,6,S3841R06.jpg,84/1R/S3841R06.jpg,/Users/sarahoualli/Desktop/BIO/iris_twins_project/data/raw/CASIA-Iris-Twins/84/1R/S3841R06.jpg,.jpg,18876,e43067d18252e2214e83498c095302b87ee8fac6165cccf3b02d524b62d68313,640,480,L,JPEG,True,,True,84,1,R,6,True,True,133.10440063476562,34.555755615234375,40.19331902245416,0.0003515625,0.0002669270833333,1R,False,False,False,False,False,False,True,True,True,362.6339111328125,165.5250244140625,46.28745651245117,357.5764039427852,threshold_p4,26.161658513859773,75.25929325378614,0.889074475846699,370.6339111328125,157.5250244140625,101.0,77.33190106415351,radial_lateral_search,50.029266357421875,23.144996643066406,high,2.1820166327962163,11.31370849898476
84,1,R,F84_T1,F84_T1_R,7,S3841R07.jpg,84/1R/S3841R07.jpg,/Users/sarahoualli/Desktop/BIO/iris_twins_project/data/raw/CASIA-Iris-Twins/84/1R/S3841R07.jpg,.jpg,20206,d66d2c6af6afde6b6afcea10d0d3ff8e70e91b9593250bc25c67dd4a4fab31e9,640,480,L,JPEG,True,,True,84,1,R,7,True,True,124.8523941040039,33.490413665771484,71.65105620914036,0.0003776041666666,0.000244140625,1R,False,False,False,False,False,False,True,True,True,297.5,163.5,44.794071197509766,364.948242122896,threshold_p5,26.62126819639773,79.15458395615346,0.8894009631000983,305.5,155.5,103.0,82.6751230454944,radial_lateral_search,57.95489883422851,20.965003967285156,high,2.2994114454532117,11.31370849898476
84,1,R,F84_T1,F84_T1_R,8,S3841R08.jpg,84/1R/S3841R08.jpg,/Users/sarahoualli/Desktop/BIO/iris_twins_project/data/raw/CASIA-Iris-Twins/84/1R/S3841R08.jpg,.jpg,21210,74d5d0994862056fd6001928240b747587696b431af4e58e872eb6f30e9d64b8,640,480,L,JPEG,True,,True,84,1,R,8,True,True,127.68949127197266,33.46641159057617,76.16866106630961,0.0004817708333333,0.0001692708333333,1R,False,False,False,False,False,False,True,True,True,174.8297882080078,145.65957641601562,47.36958694458008,379.0893152396127,threshold_p8,27.559937957013073,90.81888788833858,0.8785318603290148,174.0,149.0,99.0,96.12525124245944,hough_iris,66.58594512939453,23.599998474121097,high,2.0899485595224796,3.441943955178212
84,1,R,F84_T1,F84_T1_R,9,S3841R09.jpg,84/1R/S3841R09.jpg,/Users/sarahoualli/Desktop/BIO/iris_twins_project/data/raw/CASIA-Iris-Twins/84/1R/S3841R09.jpg,.jpg,21223,8bb4738721f4397bb6ccbb306d3941165686eb7d758dff8571038b54738f7264,640,480,L,JPEG,True,,True,84,1,R,9,True,True,127.62872314453124,33.51751708984375,74.60282727012633,0.0005110677083333,0.00013671875,1R,False,False,False,False,False,False,True,True,True,175.5,144.0,48.127532958984375,379.9151546797205,threshold_p8,27.19196148210174,90.67035398230088,0.8860283934389082,173.0,146.0,98.0,90.72140228710415,hough_iris,65.61376953125,20.544998168945312,high,2.036256462252456,3.2015621187164243
84,1,R,F84_T1,F84_T1_R,10,S3841R10.jpg,84/1R/S3841R10.jpg,/Users/sarahoualli/Desktop/BIO/iris_twins_project/data/raw/CASIA-Iris-Twins/84/1R/S3841R10.jpg,.jpg,21378,97e3435fbe0b01de56b358ac197a77a48986faad21fb87dd3ffceb4997c8cf8b,640,480,L,JPEG,True,,True,84,1,R,10,True,True,128.1009521484375,34.152099609375,77.19232147546346,0.0006022135416666,0.0001822916666666,1R,False,False,False,False,False,False,True,True,True,264.40423583984375,149.80369567871094,47.938838958740234,368.2426659130099,threshold_p6,26.505207179259916,82.69747539580659,0.8107215856952258,272.40423583984375,141.80369567871094,107.0,83.4673928021677,radial_lateral_search,59.83578109741211,20.37999725341797,high,2.2320106686791528,11.31370849898476
84,2,L,F84_T2,F84_T2_L,3,S3842L03.jpg,84/2L/S3842L03.jpg,/Users/sarahoualli/Desktop/BIO/iris_twins_project/data/raw/CASIA-Iris-Twins/84/2L/S3842L03.jpg,.jpg,18838,66762d5b5a9197df26708564d24a555fcab9788fab1742789a6ec9693cf0b01a,640,480,L,JPEG,True,,True,84,2,L,3,True,True,134.2084197998047,39.40644073486328,46.02054446597628,0.0007942708333333,0.000126953125,2L,False,False,False,False,False,False,True,True,True,326.0,146.0,49.0,320.61897560807404,hough_pupil,27.51433954364664,61.64610128617363,0.75,326.0,138.0,111.0,80.39018872319436,radial_lateral_search,53.892967224121094,21.73999786376953,high,2.2653061224489797,8.0
84,2,L,F84_T2,F84_T2_L,4,S3842L04.jpg,84/2L/S3842L04.jpg,/Users/sarahoualli/Desktop/BIO/iris_twins_project/data/raw/CASIA-Iris-Twins/84/2L/S3842L04.jpg,.jpg,20691,1056413a1349e0bebdbe553fc25a7b25cf9b0e71f704e8dd93e878978eabf686,640,480,L,JPEG,True,,True,84,2,L,4,True,True,123.8629913330078,33.74399185180664,52.1810375717057,0.0012141927083333,0.0001888020833333,2L,False,False,False,False,False,False,True,True,True,275.4334411621094,162.73936462402344,53.9929313659668,374.98088654491386,threshold_p8,26.221972706857834,84.23635298057602,0.880829280634397,274.0,162.0,115.0,106.97274368322635,hough_iris,71.79032897949219,27.19000244140625,high,2.129908435986263,1.612889832718526
84,2,L,F84_T2,F84_T2_L,5,S3842L05.jpg,84/2L/S3842L05.jpg,/Users/sarahoualli/Desktop/BIO/iris_twins_project/data/raw/CASIA-Iris-Twins/84/2L/S3842L05.jpg,.jpg,20883,638ef6dace2bc63038a1db01b9a7ad64723dc900a4dd7983fde871228ceaba81,640,480,L,JPEG,True,,True,84,2,L,5,True,True,124.13106536865234,35.116844177246094,50.4285731402927,0.0019921875,0.0001302083333333,2L,False,False,False,False,False,False,True,True,True,265.8302001953125,175.5792999267578,54.30215072631836,368.4709160703785,threshold_p8,26.43133529106927,81.25008372404555,0.8731067993505918,265.8302001953125,175.5792999267578,117.0,90.9236113210535,radial_lateral_search,60.545166015625,23.400001525878903,high,2.154610792299506,0.0
84,2,R,F84_T2,F84_T2_R,1,S3842R01.jpg,84/2R/S3842R01.jpg,/Users/sarahoualli/Desktop/BIO/iris_twins_project/data/raw/CASIA-Iris-Twins/84/2R/S3842R01.jpg,.jpg,21480,2d5a41b65fb14d9f432b562a09488869f9c9240d2b42f836e0d8f51b40a8f2d6,640,480,L,JPEG,True,,True,84,2,R,1,True,True,125.63185119628906,37.92917251586914,43.75619286006293,0.0016569010416666,8.463541666666667e-05,2R,False,False,False,False,False,False,True,True,True,295.003173828125,192.39808654785156,50.8487548828125,384.0222113106677,threshold_p4,26.12849268199962,90.02200965824666,0.7185613949330729,295.003173828125,192.39808654785156,126.0,68.03347029966443,radial_lateral_search,47.9117317199707,15.149993896484377,high,2.4779367811538986,0.0
84,2,R,F84_T2,F84_T2_R,2,S3842R02.jpg,84/2R/S3842R02.jpg,/Users/sarahoualli/Desktop/BIO/iris_twins_project/data/raw/CASIA-Iris-Twins/84/2R/S3842R02.jpg,.jpg,19128,e47e114e4c80e61316b42038bdbe9e610c35f6d3657237d85697d6b15333f6af,640,480,L,JPEG,True,,True,84,2,R,2,True,True,117.8282699584961,38.42796325683594,27.433755787648096,0.0024739583333333,0.0001041666666666,2R,False,False,False,False,False,False,True,True,True,310.0869445800781,177.6086883544922,57.31983184814453,362.5048711205507,threshold_p6,24.70128301886793,79.98266450280319,0.5535584370589292,302.0869445800781,177.6086883544922,130.0,74.12237757914525,radial_lateral_search,51.6464729309082,18.86000061035156,high,2.2679759484362156,8.0
84,2,R,F84_T2,F84_T2_R,3,S3842R03.jpg,84/2R/S3842R03.jpg,/Users/sarahoualli/Desktop/BIO/iris_twins_project/data/raw/CASIA-Iris-Twins/84/2R/S3842R03.jpg,.jpg,21173,ce0722e6c4db550bfbe31622acb7bb7bf2c0ac17ce8dea937ba1314a80a5dcf1,640,480,L,JPEG,True,,True,84,2,R,3,True,True,111.24327850341795,42.08480453491211,52.52976697281732,0.0051822916666666,0.0001009114583333,2R,False,False,False,False,False,False,True,True,True,310.5,172.5521697998047,57.814483642578125,340.00555355468765,threshold_p6,24.13433962264151,66.95066841034583,0.6507127659004411,310.5,172.5521697998047,129.0,81.50205687311492,radial_lateral_search,54.127952575683594,21.035003662109375,high,2.231274792619552,0.0
84,2,R,F84_T2,F84_T2_R,4,S3842R04.jpg,84/2R/S3842R04.jpg,/Users/sarahoualli/Desktop/BIO/iris_twins_project/data/raw/CASIA-Iris-Twins/84/2R/S3842R04.jpg,.jpg,21513,e4ff0e5832f74b2966263768bd71e363aa41e964fa523681eb0de48752df5997,640,480,L,JPEG,True,,True,84,2,R,4,True,True,118.15044403076172,39.50372695922851,49.27326439577738,0.0038541666666666,0.0001725260416666,2R,False,False,False,False,False,False,True,True,True,311.0,173.5,64.44581604003906,349.2635229422477,threshold_p6,29.5306578792515,80.38948675496688,0.6517630894858325,310.0,169.0,133.0,82.6663933840798,hough_iris,58.38883972167969,20.125,high,2.063749179890428,4.6097722286464435
84,2,R,F84_T2,F84_T2_R,5,S3842R05.jpg,84/2R/S3842R05.jpg,/Users/sarahoualli/Desktop/BIO/iris_twins_project/data/raw/CASIA-Iris-Twins/84/2R/S3842R05.jpg,.jpg,21919,df18a474b270d7ab947ec2f9a4aad17fe53e0c7c70d618ea44858c8ca440ea0e,640,480,L,JPEG,True,,True,84,2,R,5,True,True,121.87777709960938,38.6855354309082,55.375011799070585,0.0029069010416666,0.0002897135416666,2R,False,False,False,False,False,False,True,True,True,284.3717346191406,165.9869384765625,54.27962493896485,351.49283017102834,threshold_p4,23.537571255830024,71.41309444072337,0.6860504410191853,284.3717346191406,157.9869384765625,133.0,105.60247575343097,radial_lateral_search,70.09138488769531,27.649993896484375,high,2.450274852664382,8.0
84,2,R,F84_T2,F84_T2_R,6,S3842R06.jpg,84/2R/S3842R06.jpg,/Users/sarahoualli/Desktop/BIO/iris_twins_project/data/raw/CASIA-Iris-Twins/84/2R/S3842R06.jpg,.jpg,20688,4eb606874e5ceddf902ed60370d4350c1cf97bd01f1f60ce55abf71f7028a113,640,480,L,JPEG,True,,True,84,2,R,6,True,True,116.82442474365234,46.74897384643555,43.86843513789706,0.0047135416666666,0.0002408854166666,2R,False,False,False,False,False,False,True,True,True,273.6506042480469,164.97982788085938,56.50031280517578,342.641199636866,threshold_p5,22.22276371639679,65.2989552238806,0.6855151130174956,273.6506042480469,172.97982788085938,129.0,83.7898384917396,radial_lateral_search,52.34214782714844,25.224998474121097,high,2.283173200205412,8.0
84,2,R,F84_T2,F84_T2_R,7,S3842R07.jpg,84/2R/S3842R07.jpg,/Users/sarahoualli/Desktop/BIO/iris_twins_project/data/raw/CASIA-Iris-Twins/84/2R/S3842R07.jpg,.jpg,20695,5b5068d56d8fc809cfcc455ecfb4f1754dececa90066c1bbd66de5f9a7fb5695,640,480,L,JPEG,True,,True,84,2,R,7,True,True,117.7425537109375,46.38884735107422,42.72521415327919,0.004033203125,0.0002701822916666,2R,False,False,False,False,False,False,True,True,True,275.9390869140625,163.25543212890625,55.973934173583984,343.8679859931025,threshold_p5,22.32510611539066,65.81012756689483,0.6941092586852688,275.9390869140625,171.25543212890625,128.0,83.66816274337917,radial_lateral_search,53.49405288696289,24.304996490478516,high,2.2867786924365876,8.0
84,2,R,F84_T2,F84_T2_R,8,S3842R08.jpg,84/2R/S3842R08.jpg,/Users/sarahoualli/Desktop/BIO/iris_twins_project/data/raw/CASIA-Iris-Twins/84/2R/S3842R08.jpg,.jpg,20680,039155367a6825c78c4baccaa34433255af1d002bf3af791cb057314107e8e11,640,480,L,JPEG,True,,True,84,2,R,8,True,True,117.6426010131836,46.14152526855469,47.0160164364179,0.004150390625,0.00025390625,2R,False,False,False,False,False,False,True,True,True,279.0,171.0,50.0,345.50954114358007,hough_pupil,20.61452736318408,63.774217866566154,0.75,279.0,171.0,131.0,91.19656646728517,radial_lateral_search,53.18156433105469,27.525001525878903,high,2.62,0.0
84,2,R,F84_T2,F84_T2_R,9,S3842R09.jpg,84/2R/S3842R09.jpg,/Users/sarahoualli/Desktop/BIO/iris_twins_project/data/raw/CASIA-Iris-Twins/84/2R/S3842R09.jpg,.jpg,22089,3e798faf313dca97f25482a4e4a1eacdd568b0fe5385259d46abd3f124230252,640,480,L,JPEG,True,,True,84,2,R,9,True,True,134.37548828125,39.169071197509766,50.68453727887471,0.0023828125,0.0002994791666666,2R,False,False,False,False,False,False,True,True,True,279.0,163.0,54.0,374.2718604235578,hough_pupil,24.471238555881843,84.14877762893504,0.75,279.0,163.0,130.0,94.11460811473704,radial_lateral_search,57.78997421264648,26.925003051757812,high,2.407407407407407,0.0
84,2,R,F84_T2,F84_T2_R,10,S3842R10.jpg,84/2R/S3842R10.jpg,/Users/sarahoualli/Desktop/BIO/iris_twins_project/data/raw/CASIA-Iris-Twins/84/2R/S3842R10.jpg,.jpg,21514,93f00bd73bbcb0409b32b5ba7668c7630066ca5fc1497555366da25fc560b500,640,480,L,JPEG,True,,True,84,2,R,10,True,True,126.41867065429688,39.875244140625,51.68073100830715,0.0030924479166666,0.0003059895833333,2R,False,False,False,False,False,False,True,True,True,282.76531982421875,162.0506591796875,55.99406433105469,360.8921915256424,threshold_p5,23.936330765602893,75.98584318606099,0.7334766120594979,282.76531982421875,162.0506591796875,132.0,101.7546571195011,radial_lateral_search,62.24208450317383,29.345001220703125,high,2.357392726835725,0.0
87,1,L,F87_T1,F87_T1_L,4,S3871L04.jpg,87/1L/S3871L04.jpg,/Users/sarahoualli/Desktop/BIO/iris_twins_project/data/raw/CASIA-Iris-Twins/87/1L/S3871L04.jpg,.jpg,16912,c3b8d39ee8c33328b5cc1e7bbd5b16f4118a7bc5a7752a5abf755d50a353fcc1,640,480,L,JPEG,True,,True,87,1,L,4,True,True,122.40538024902344,30.190814971923828,29.21362432844373,0.000703125,0.0001171875,1L,False,False,False,False,False,False,True,True,True,319.80401611328125,182.26808166503903,51.23982620239258,334.20484409715664,threshold_p4,31.686371412279033,75.96951687116564,0.5783254353963727,319.80401611328125,190.26808166503903,105.0,70.25044097750674,radial_lateral_search,46.65469741821289,20.284996032714844,high,2.0491872783732656,8.0
87,1,L,F87_T1,F87_T1_L,5,S3871L05.jpg,87/1L/S3871L05.jpg,/Users/sarahoualli/Desktop/BIO/iris_twins_project/data/raw/CASIA-Iris-Twins/87/1L/S3871L05.jpg,.jpg,16480,075e2ab80d29bfd11f0afe0267c56f43213b8abbf21f0b6978edaa0e2ce63b17,640,480,L,JPEG,True,,True,87,1,L,5,True,True,124.99097442626952,29.729835510253903,24.81470887548659,0.0005533854166666,0.000107421875,1L,False,False,False,False,False,False,True,True,True,321.17474365234375,200.6729278564453,46.24637985229492,343.2343278752804,threshold_p4,31.266014442115072,77.8663377696191,0.6771158409696069,313.17474365234375,200.6729278564453,107.0,66.30423677060978,radial_lateral_search,45.65446472167969,17.42499542236328,high,2.313694614405375,8.0
87,1,L,F87_T1,F87_T1_L,6,S3871L06.jpg,87/1L/S3871L06.jpg,/Users/sarahoualli/Desktop/BIO/iris_twins_project/data/raw/CASIA-Iris-Twins/87/1L/S3871L06.jpg,.jpg,18941,28b123cf886cc636e09a060c2a8aae805fc1c3b639eeaea32618f267ef1f6ab3,640,480,L,JPEG,True,,True,87,1,L,6,True,True,119.61175537109376,34.523048400878906,43.72618154219521,0.0007259114583333,0.0001497395833333,1L,False,False,False,False,False,False,True,True,True,325.3656921386719,169.12071228027344,49.17302322387695,352.4262735380478,threshold_p4,27.530039773916684,77.34794349813045,0.6938898038574058,317.3656921386719,169.12071228027344,119.0,69.92071188349188,radial_lateral_search,48.719608306884766,17.514999389648438,high,2.4200261077748246,8.0
87,1,L,F87_T1,F87_T1_L,7,S3871L07.jpg,87/1L/S3871L07.jpg,/Users/sarahoualli/Desktop/BIO/iris_twins_project/data/raw/CASIA-Iris-Twins/87/1L/S3871L07.jpg,.jpg,18284,8ee6800d52fea8c6867192700cb64b50f5514685c0803764304f3dcf10cc538e,640,480,L,JPEG,True,,True,87,1,L,7,True,True,116.57482147216795,39.29838562011719,27.427249817053475,0.0013639322916666,0.0001953125,1L,False,False,False,False,False,False,True,True,True,278.64776611328125,170.2783660888672,52.577877044677734,354.21419539631245,threshold_p4,25.97393665158371,77.3149514213746,0.6658129466834404,270.64776611328125,170.2783660888672,123.0,76.41982354015224,radial_lateral_search,53.833274841308594,18.73500061035156,high,2.3393869610878637,8.0
87,1,L,F87_T1,F87_T1_L,8,S3871L08.jpg,87/1L/S3871L08.jpg,/Users/sarahoualli/Desktop/BIO/iris_twins_project/data/raw/CASIA-Iris-Twins/87/1L/S3871L08.jpg,.jpg,19446,91866651c7c78f13f2aefae7630b65a16ca167a97bf3ec30f404ba6a607c83e4,640,480,L,JPEG,True,,True,87,1,L,8,True,True,125.5234603881836,36.41954040527344,31.607362053924128,0.0016861979166666,0.0002083333333333,1L,False,False,False,False,False,False,True,True,True,342.98077392578125,236.0769195556641,53.67975997924805,375.63022157820313,threshold_p4,25.79184660563137,84.25577053632044,0.7466689714931545,334.98077392578125,236.0769195556641,123.0,86.69073503860263,radial_lateral_search,58.15727615356445,23.1199951171875,high,2.291366430243919,8.0
87,1,L,F87_T1,F87_T1_L,9,S3871L09.jpg,87/1L/S3871L09.jpg,/Users/sarahoualli/Desktop/BIO/iris_twins_project/data/raw/CASIA-Iris-Twins/87/1L/S3871L09.jpg,.jpg,20208,f03b7fbb7a24295e3c8d6ff4fb990189558994262efa5ed4aeb49bddc86d03cc,640,480,L,JPEG,True,,True,87,1,L,9,True,True,128.19642639160156,36.022151947021484,33.70811181207233,0.0034765625,0.0003059895833333,1L,False,False,False,False,False,False,True,True,True,321.69378662109375,231.4486389160156,53.55253219604492,375.40356766541186,threshold_p5,23.619105199516323,78.57051934826885,0.831618468426817,313.69378662109375,223.4486389160156,127.0,88.048310510447,radial_lateral_search,60.141719818115234,23.035003662109375,high,2.371503172531205,11.31370849898476
87,1,L,F87_T1,F87_T1_L,10,S3871L10.jpg,87/1L/S3871L10.jpg,/Users/sarahoualli/Desktop/BIO/iris_twins_project/data/raw/CASIA-Iris-Twins/87/1L/S3871L10.jpg,.jpg,19498,38cf80da019adb6bfa7bb2a4a93e78c8a2749f810fd4d96cb0a668fe0d40bd5b,640,480,L,JPEG,True,,True,87,1,L,10,True,True,133.63253784179688,44.387054443359375,35.09695017749999,0.0004166666666666,0.0001692708333333,1L,False,False,False,False,False,False,True,True,True,314.7945251464844,297.9315185546875,52.208648681640625,372.5949208966797,threshold_p5,23.70914027149321,79.13844908240374,0.8317160797221813,306.7945251464844,297.9315185546875,123.0,72.79869929700341,radial_lateral_search,50.901973724365234,18.19499969482422,high,2.355931499971066,8.0
87,1,R,F87_T1,F87_T1_R,1,S3871R01.jpg,87/1R/S3871R01.jpg,/Users/sarahoualli/Desktop/BIO/iris_twins_project/data/raw/CASIA-Iris-Twins/87/1R/S3871R01.jpg,.jpg,17240,89a18e30fe3a019aa35215a1d1fd6d35b80275f0eb26aacf92be65eeef171314,640,480,L,JPEG,True,,True,87,1,R,1,True,True,133.45533752441406,35.20539093017578,28.09305913285149,0.0005045572916666,9.765625e-05,1R,False,False,False,False,False,False,True,True,True,335.0,239.7901306152344,42.18130874633789,354.36202684130205,threshold_p2,27.10951724137931,74.10047248471373,0.8126293809750559,335.0,247.7901306152344,102.0,75.64702935833327,radial_lateral_search,46.221492767333984,23.395004272460938,high,2.4181326523884934,8.0
87,1,R,F87_T1,F87_T1_R,2,S3871R02.jpg,87/1R/S3871R02.jpg,/Users/sarahoualli/Desktop/BIO/iris_twins_project/data/raw/CASIA-Iris-Twins/87/1R/S3871R02.jpg,.jpg,16638,d1be349130789a2013c51673732fce49a17b6b94a9277f509689d59b2cc926c2,640,480,L,JPEG,True,,True,87,1,R,2,True,True,130.3504638671875,36.532447814941406,20.69434175363117,0.000556640625,0.0001236979166666,1R,False,False,False,False,False,False,True,True,True,319.0,242.15383911132812,43.17888641357422,347.3561995711025,threshold_p2,29.206332727744616,75.03864107883817,0.7342883869896003,327.0,242.15383911132812,106.0,76.12462199174772,radial_lateral_search,52.27800750732422,19.30500030517578,high,2.454903514294352,8.0
87,1,R,F87_T1,F87_T1_R,4,S3871R04.jpg,87/1R/S3871R04.jpg,/Users/sarahoualli/Desktop/BIO/iris_twins_project/data/raw/CASIA-Iris-Twins/87/1R/S3871R04.jpg,.jpg,18167,b22a444db1d5f53d7e431559be826117042d59dff0e0ad526afdbd6ce6c1d403,640,480,L,JPEG,True,,True,87,1,R,4,True,True,132.80821228027344,33.50440216064453,33.58688130517535,0.000341796875,0.0001302083333333,1R,False,False,False,False,False,False,True,True,True,321.0,253.0,46.0,353.50422047417646,hough_pupil,32.92499417656651,83.99767441860465,0.75,331.0,250.0,108.0,80.15169509730744,hough_iris,58.10646438598633,18.76000213623047,high,2.347826086956522,10.44030650891055
87,1,R,F87_T1,F87_T1_R,5,S3871R05.jpg,87/1R/S3871R05.jpg,/Users/sarahoualli/Desktop/BIO/iris_twins_project/data/raw/CASIA-Iris-Twins/87/1R/S3871R05.jpg,.jpg,17086,f63a9d69dcffed0e822e0f18aac4da7dd3cb8855d049f029daaaf366dcc06104,640,480,L,JPEG,True,,True,87,1,R,5,True,True,130.67262268066406,35.52436447143555,27.468783965682984,0.0009147135416666,0.000107421875,1R,False,False,False,False,False,False,True,True,True,307.5,248.8809509277344,43.177223205566406,347.5442878916888,threshold_p2,27.06773942382559,74.10554979253112,0.5817871465214103,307.5,256.8809509277344,104.0,76.84123104617531,radial_lateral_search,48.643524169921875,22.544998168945312,high,2.4086773599325007,8.0
87,1,R,F87_T1,F87_T1_R,6,S3871R06.jpg,87/1R/S3871R06.jpg,/Users/sarahoualli/Desktop/BIO/iris_twins_project/data/raw/CASIA-Iris-Twins/87/1R/S3871R06.jpg,.jpg,16531,263b68f0bab70c9578b2b2e569f2a5faf4bb353a10d90b91f26eeb1813b1a5a8,640,480,L,JPEG,True,,True,87,1,R,6,True,True,129.35818481445312,29.430923461914062,24.77637335119247,0.0008951822916666,9.440104166666666e-05,1R,False,False,False,False,False,False,True,True,True,317.5,220.0,41.60839080810547,356.98658959909056,threshold_p3,27.18715165737753,75.9129279811098,0.7831221847878679,318.0,219.0,104.0,92.62274048287117,hough_iris,62.01225662231445,22.780006408691406,high,2.4994958463940504,1.118033988749895
87,1,R,F87_T1,F87_T1_R,7,S3871R07.jpg,87/1R/S3871R07.jpg,/Users/sarahoualli/Desktop/BIO/iris_twins_project/data/raw/CASIA-Iris-Twins/87/1R/S3871R07.jpg,.jpg,15675,14a92cd42d25503ee24e7b8c2fae3792d10e51430141e33d43f34032a3343098,640,480,L,JPEG,True,,True,87,1,R,7,True,True,129.9502716064453,30.186683654785156,19.66997569270664,0.0004166666666666,0.0001236979166666,1R,False,False,False,False,False,False,True,True,True,270.9136962890625,212.81979370117188,43.458984375,351.8096863367755,threshold_p3,30.906306773942383,82.70743823845328,0.6455568408215169,270.9136962890625,220.81979370117188,100.0,78.91245016127425,radial_lateral_search,50.984375,22.659996032714844,high,2.3010201788683653,8.0
87,1,R,F87_T1,F87_T1_R,9,S3871R09.jpg,87/1R/S3871R09.jpg,/Users/sarahoualli/Desktop/BIO/iris_twins_project/data/raw/CASIA-Iris-Twins/87/1R/S3871R09.jpg,.jpg,15206,a180d7ef33f30c89bf60dcd87dcb835b852d3902cfc578881579d0d4e9749210,640,480,L,JPEG,True,,True,87,1,R,9,True,True,131.8984832763672,27.667713165283203,16.506376419056785,0.000146484375,0.0001692708333333,1R,False,True,False,False,False,True,True,True,True,267.0,196.0,35.0,340.24400391712226,hough_pupil,31.37178964533225,76.86067600989283,0.75,267.0,204.0,98.0,69.52258148193359,radial_lateral_search,44.15657806396485,19.69000244140625,high,2.8,8.0
87,1,R,F87_T1,F87_T1_R,10,S3871R10.jpg,87/1R/S3871R10.jpg,/Users/sarahoualli/Desktop/BIO/iris_twins_project/data/raw/CASIA-Iris-Twins/87/1R/S3871R10.jpg,.jpg,15897,5bc69586febb8fbc69d126a1cd719e0b1c5547b3e24ae5a93b957c6d202a826e,640,480,L,JPEG,True,,True,87,1,R,10,True,True,128.10768127441406,28.752120971679688,21.667171145587492,0.0002766927083333,0.0001236979166666,1R,False,False,False,False,False,False,True,True,True,247.67478942871097,228.97561645507812,39.30350112915039,341.89485834137133,threshold_p3,31.432855714761747,76.08457943925234,0.7951147334312096,251.0,228.0,100.0,87.10129299409917,hough_iris,57.857425689697266,22.095001220703125,high,2.544302597150374,3.4653791727358985
87,2,L,F87_T2,F87_T2_L,1,S3872L01.jpg,87/2L/S3872L01.jpg,/Users/sarahoualli/Desktop/BIO/iris_twins_project/data/raw/CASIA-Iris-Twins/87/2L/S3872L01.jpg,.jpg,16674,a335ed7d51d926120530ca865e191bb5e3f7a3d66bc31b051eef3e5d484ca4af,640,480,L,JPEG,True,,True,87,2,L,1,True,True,130.55819702148438,31.858407974243164,24.78477857715818,0.0009830729166666,0.0001432291666666,2L,False,False,False,False,False,False,True,True,True,315.6349792480469,228.6288299560547,35.20903778076172,350.629426731439,threshold_p2,24.58948226661231,69.5246913580247,0.7077779864379943,309.0,230.0,104.0,86.22382211093095,hough_iris,54.992767333984375,24.099998474121097,high,2.953787054550687,6.7751794744807805
87,2,L,F87_T2,F87_T2_L,2,S3872L02.jpg,87/2L/S3872L02.jpg,/Users/sarahoualli/Desktop/BIO/iris_twins_project/data/raw/CASIA-Iris-Twins/87/2L/S3872L02.jpg,.jpg,16108,ec8526fb7975d69ad31b2ee4d6d84ff68efa67cb571eafad84829149dcc28b61,640,480,L,JPEG,True,,True,87,2,L,2,True,True,133.15304565429688,31.295692443847656,20.696301677693267,0.0017317708333333,0.0001171875,2L,False,False,False,False,False,False,True,True,True,351.3081970214844,207.5964508056641,38.731693267822266,347.456090554795,threshold_p6,29.11562812395868,73.8279694757797,0.8523848855063001,343.3081970214844,207.5964508056641,103.0,97.48261655483152,radial_lateral_search,60.561336517333984,28.05999755859375,high,2.659320863866567,8.0
87,2,L,F87_T2,F87_T2_L,3,S3872L03.jpg,87/2L/S3872L03.jpg,/Users/sarahoualli/Desktop/BIO/iris_twins_project/data/raw/CASIA-Iris-Twins/87/2L/S3872L03.jpg,.jpg,16634,7048952532b4dacec24e4bb09167c3c2eeb2958a33e57c9b65899161411a6f3b,640,480,L,JPEG,True,,True,87,2,L,3,True,True,133.0714569091797,31.06531143188477,24.81479175049463,0.001123046875,0.0001041666666666,2L,False,False,False,False,False,False,True,True,True,336.7434997558594,205.9630126953125,39.324214935302734,345.89723440853953,threshold_p6,29.343218927024324,73.37429906542056,0.8412799572039112,328.7434997558594,205.9630126953125,104.0,103.07969404404297,radial_lateral_search,66.17496490478516,28.090003967285156,high,2.6446808962646458,8.0
87,2,L,F87_T2,F87_T2_L,4,S3872L04.jpg,87/2L/S3872L04.jpg,/Users/sarahoualli/Desktop/BIO/iris_twins_project/data/raw/CASIA-Iris-Twins/87/2L/S3872L04.jpg,.jpg,16330,a53cd6172898d478af395f002c9237a644ad932e7baba15bcee2e7ac08f24cbd,640,480,L,JPEG,True,,True,87,2,L,4,True,True,130.0979461669922,31.771217346191406,23.22492820221584,0.00119140625,0.0001106770833333,2L,False,False,False,False,False,False,True,True,True,320.0599060058594,211.6223602294922,35.095176696777344,355.8441323779595,threshold_p2,23.612719119445575,70.70816158285243,0.739616460436904,312.0599060058594,211.6223602294922,102.0,94.48940995924778,radial_lateral_search,59.923946380615234,26.56499481201172,high,2.906382289545967,8.0
87,2,L,F87_T2,F87_T2_L,5,S3872L05.jpg,87/2L/S3872L05.jpg,/Users/sarahoualli/Desktop/BIO/iris_twins_project/data/raw/CASIA-Iris-Twins/87/2L/S3872L05.jpg,.jpg,16645,f7a520026101f5282cc71c8f83bf75fcc0c26ef51e2ee00d0ed5851267fb711b,640,480,L,JPEG,True,,True,87,2,L,5,True,True,130.11643981933594,31.51049041748047,24.970860899353028,0.0008430989583333,9.765625e-05,2L,False,False,False,False,False,False,True,True,True,312.5798645019531,208.18055725097656,35.26380157470703,353.293678982359,threshold_p2,24.551977170811252,71.21026234567901,0.7291097911919909,304.5798645019531,208.18055725097656,104.0,91.99920794666058,radial_lateral_search,58.963016510009766,25.594993591308594,high,2.949199897795308,8.0
87,2,R,F87_T2,F87_T2_R,1,S3872R01.jpg,87/2R/S3872R01.jpg,/Users/sarahoualli/Desktop/BIO/iris_twins_project/data/raw/CASIA-Iris-Twins/87/2R/S3872R01.jpg,.jpg,19888,d76e8aa7dc2ff6d842b1d83b1ccb3d8bc37104bf83e84366598e976d3e04c5b9,640,480,L,JPEG,True,,True,87,2,R,1,True,True,135.98182678222656,48.56481170654297,36.66769309352239,0.0099153645833333,0.0005794270833333,2R,False,False,False,False,False,False,True,True,True,290.5793151855469,235.80014038085935,54.241661071777344,397.3144273211486,threshold_p5,19.552081533943685,83.24120897521769,0.8828739219662318,290.5793151855469,235.80014038085935,141.0,90.85304395156255,radial_lateral_search,55.77614212036133,25.48499298095703,high,2.5994779144653477,0.0
87,2,R,F87_T2,F87_T2_R,5,S3872R05.jpg,87/2R/S3872R05.jpg,/Users/sarahoualli/Desktop/BIO/iris_twins_project/data/raw/CASIA-Iris-Twins/87/2R/S3872R05.jpg,.jpg,16932,cc89f4497615fcd354b2372e7de02d04033a456cfaee354921ddfb734dc83673,640,480,L,JPEG,True,,True,87,2,R,5,True,True,90.64479064941406,25.98311233520508,26.101492729653256,0.0061588541666666,0.0001106770833333,2R,False,True,False,False,False,True,True,True,True,302.8148193359375,180.3703765869141,42.60275650024414,309.5975802509969,threshold_p4,22.815448275862067,46.0679704595186,0.8369586912075467,302.8148193359375,180.3703765869141,108.0,86.31606402504403,radial_lateral_search,59.287872314453125,19.920001983642575,high,2.535047233372824,0.0
87,2,R,F87_T2,F87_T2_R,7,S3872R07.jpg,87/2R/S3872R07.jpg,/Users/sarahoualli/Desktop/BIO/iris_twins_project/data/raw/CASIA-Iris-Twins/87/2R/S3872R07.jpg,.jpg,16501,e98b1d61b0d97810ef34393e3147f39a601015f2fbb763f2563bd516965d2142,640,480,L,JPEG,True,,True,87,2,R,7,True,True,90.39307403564452,26.16376495361328,24.040904841094548,0.008427734375,0.0001041666666666,2R,False,True,False,False,False,True,True,True,True,315.7876892089844,213.75830078125,41.7966423034668,308.71697718545283,threshold_p4,23.044587855676152,45.00194552529183,0.8408557593145861,320.0,209.0,110.0,79.0989977474198,hough_iris,54.0705680847168,19.349998474121097,high,2.631790352950819,6.35491845147922
87,2,R,F87_T2,F87_T2_R,9,S3872R09.jpg,87/2R/S3872R09.jpg,/Users/sarahoualli/Desktop/BIO/iris_twins_project/data/raw/CASIA-Iris-Twins/87/2R/S3872R09.jpg,.jpg,17545,e8bbf75997c7d2fe20981a17525a2ca53b33ca3de324eeaafdfbcf763963d0a4,640,480,L,JPEG,True,,True,87,2,R,9,True,True,119.38678741455078,31.74702262878418,34.00116837691201,0.0028776041666666,0.0001041666666666,2R,False,False,False,False,False,False,True,True,True,314.09942626953125,227.661376953125,42.92993927001953,354.20033432250364,threshold_p5,23.619862068965517,68.49559128630706,0.8283900942785264,320.0,223.0,109.0,102.535160736774,hough_iris,74.64099884033203,21.8699951171875,high,2.5390205961954626,7.519654609609594
90,1,L,F90_T1,F90_T1_L,4,S3901L04.jpg,90/1L/S3901L04.jpg,/Users/sarahoualli/Desktop/BIO/iris_twins_project/data/raw/CASIA-Iris-Twins/90/1L/S3901L04.jpg,.jpg,18779,8e35ca59924e119df8951ee5bbfc1fcc9e9c3fd30cf7a006a1219bab5608806c,640,480,L,JPEG,True,,True,90,1,L,4,True,True,117.82601928710938,43.82770538330078,26.688407777902817,0.0116959635416666,0.0001106770833333,1L,False,False,False,False,False,False,True,True,True,415.59515380859375,242.62925720214844,54.93727111816406,323.3140886690744,threshold_p4,22.567878887609016,56.82806324110672,0.582586564541826,407.59515380859375,250.62925720214844,128.0,60.56693860625757,radial_lateral_search,40.67364501953125,17.43000030517578,high,2.3299300710566055,11.31370849898476
90,1,L,F90_T1,F90_T1_L,6,S3901L06.jpg,90/1L/S3901L06.jpg,/Users/sarahoualli/Desktop/BIO/iris_twins_project/data/raw/CASIA-Iris-Twins/90/1L/S3901L06.jpg,.jpg,18472,2aeef4018b2730ed1ebb27bc261c99f221c25060d67f8d2f02c25ef5fdfe1d8e,640,480,L,JPEG,True,,True,90,1,L,6,True,True,119.39421844482422,35.537086486816406,25.983811667505893,0.0060514322916666,0.0001334635416666,1L,False,False,False,False,False,False,True,True,True,298.0,145.5,55.50910568237305,341.0882767078266,threshold_p4,24.205529043936153,67.27480252764613,0.7002633453871283,290.0,145.5,131.0,76.94157571714867,radial_lateral_search,50.6746826171875,21.30500030517578,high,2.3599731681787683,8.0
90,1,L,F90_T1,F90_T1_L,7,S3901L07.jpg,90/1L/S3901L07.jpg,/Users/sarahoualli/Desktop/BIO/iris_twins_project/data/raw/CASIA-Iris-Twins/90/1L/S3901L07.jpg,.jpg,19670,4426e29971ff9a713729deb8a4ad946d572240fdfcfeb0db2fac6834b898bfac,640,480,L,JPEG,True,,True,90,1,L,7,True,True,120.10520935058594,38.414058685302734,33.943243328475944,0.0043294270833333,8.463541666666667e-05,1L,False,False,False,False,False,False,True,True,True,328.2038879394531,230.565673828125,55.38254165649414,351.6292090263141,threshold_p5,24.18940266578904,68.87156398104266,0.7920446561338809,320.2038879394531,238.565673828125,125.0,73.90895382329107,radial_lateral_search,52.018272399902344,19.06499481201172,high,2.257028952829624,11.31370849898476
90,1,L,F90_T1,F90_T1_L,8,S3901L08.jpg,90/1L/S3901L08.jpg,/Users/sarahoualli/Desktop/BIO/iris_twins_project/data/raw/CASIA-Iris-Twins/90/1L/S3901L08.jpg,.jpg,19696,5b752aa8ed484abd8bc989311e44e50ed4d746dd422dc6f9a02d3417f83d57b2,640,480,L,JPEG,True,,True,90,1,L,8,True,True,119.87432098388672,39.54957580566406,36.36954207288955,0.0046158854166666,8.463541666666667e-05,1L,False,False,False,False,False,False,True,True,True,324.3334655761719,243.1563720703125,55.28484725952149,348.68596252037884,threshold_p5,23.877900279743297,66.28364928909953,0.8162350406661681,316.3334655761719,243.1563720703125,127.0,72.9387166118413,radial_lateral_search,49.687950134277344,19.329994201660156,high,2.297193648809934,8.0
90,1,L,F90_T1,F90_T1_L,9,S3901L09.jpg,90/1L/S3901L09.jpg,/Users/sarahoualli/Desktop/BIO/iris_twins_project/data/raw/CASIA-Iris-Twins/90/1L/S3901L09.jpg,.jpg,20695,c0422e95c85d42780935d038e7c828afa5a86acdc11483e21a9c03cb8f367325,640,480,L,JPEG,True,,True,90,1,L,9,True,True,124.1489486694336,40.854366302490234,45.818465614149304,0.0057161458333333,0.0001139322916666,1L,False,False,False,False,False,False,True,True,True,310.56951904296875,246.3747406005859,55.56934356689453,353.94003687618357,threshold_p5,24.026328780648345,68.78199052132702,0.8481415666891653,302.56951904296875,254.3747406005859,125.0,74.87673570669655,radial_lateral_search,51.86139678955078,19.88999938964844,high,2.2494417240960325,11.31370849898476
90,1,R,F90_T1,F90_T1_R,2,S3901R02.jpg,90/1R/S3901R02.jpg,/Users/sarahoualli/Desktop/BIO/iris_twins_project/data/raw/CASIA-Iris-Twins/90/1R/S3901R02.jpg,.jpg,17704,301d090e379f67cdda1fa3b81be2a5ea4db6b9a89cedfcf4a0b3f935a2c6f383,640,480,L,JPEG,True,,True,90,1,R,2,True,True,119.46189880371094,39.65341567993164,24.662962954616543,0.015107421875,0.000185546875,1R,False,False,False,False,False,False,True,True,True,388.0,177.0,54.0,305.5387543623568,hough_pupil,22.367593712212816,46.789517749497655,0.75,396.0,177.0,136.0,82.0583605730975,radial_lateral_search,51.678279876708984,23.79000473022461,high,2.5185185185185186,8.0
90,1,R,F90_T1,F90_T1_R,5,S3901R05.jpg,90/1R/S3901R05.jpg,/Users/sarahoualli/Desktop/BIO/iris_twins_project/data/raw/CASIA-Iris-Twins/90/1R/S3901R05.jpg,.jpg,19110,127274c37be3bfcb058fb1c98d2127508681ecffcc1866bbc1cc0677f3f55030,640,480,L,JPEG,True,,True,90,1,R,5,True,True,127.84890747070312,43.30746078491211,42.25242050805622,0.0072395833333333,0.0002669270833333,1R,False,False,False,False,False,False,True,True,True,305.66986083984375,146.60740661621094,59.76457977294922,323.8508971633803,threshold_p4,22.738527658394567,57.20936564116526,0.6480513241103071,313.66986083984375,154.60740661621094,139.0,73.15988768100219,radial_lateral_search,46.06614685058594,22.584999084472656,high,2.325792309225179,11.31370849898476
90,1,R,F90_T1,F90_T1_R,6,S3901R06.jpg,90/1R/S3901R06.jpg,/Users/sarahoualli/Desktop/BIO/iris_twins_project/data/raw/CASIA-Iris-Twins/90/1R/S3901R06.jpg,.jpg,19868,495838da6259c50a77741b841cfec640eeda4d8ceb50add346d4fe38783f2d05,640,480,L,JPEG,True,,True,90,1,R,6,True,True,128.46243286132812,41.82123947143555,49.57772056732178,0.0075911458333333,0.0002799479166666,1R,False,False,False,False,False,False,True,True,True,348.5434875488281,234.3913116455078,60.153282165527344,331.5649928019548,threshold_p5,24.04325523360599,59.23318812959434,0.7496636515847835,356.5434875488281,234.3913116455078,138.0,83.95315498362703,radial_lateral_search,51.782588958740234,25.710006713867188,high,2.29413915636818,8.0
90,2,L,F90_T2,F90_T2_L,2,S3902L02.jpg,90/2L/S3902L02.jpg,/Users/sarahoualli/Desktop/BIO/iris_twins_project/data/raw/CASIA-Iris-Twins/90/2L/S3902L02.jpg,.jpg,21579,3445b9cb87e83f8ff62836d016648849348f95a2a89f713383cfa0307794e74e,640,480,L,JPEG,True,,True,90,2,L,2,True,True,131.78895568847656,36.01444625854492,45.118035109191474,0.0016471354166666,0.000146484375,2L,False,False,False,False,False,False,True,True,True,344.0,199.0,48.0,370.56256224885345,hough_pupil,24.693108796809216,81.3574026529739,0.75,336.0,199.0,129.0,71.05025177001953,radial_lateral_search,46.09825134277344,19.43000030517578,high,2.6875,8.0
90,2,L,F90_T2,F90_T2_L,3,S3902L03.jpg,90/2L/S3902L03.jpg,/Users/sarahoualli/Desktop/BIO/iris_twins_project/data/raw/CASIA-Iris-Twins/90/2L/S3902L03.jpg,.jpg,23333,4c56cd2695b3b5db13f7bd7c58ad749d1e85e370a0c9bbd01f32353a732412e8,640,480,L,JPEG,True,,True,90,2,L,3,True,True,128.2267303466797,40.20488739013672,57.49006851382783,0.0039453125,0.0002180989583333,2L,False,False,False,False,False,False,True,True,True,273.0364990234375,130.897216796875,46.43356704711914,383.37544184260366,threshold_p6,20.8851618914512,82.05105553005966,0.8170285391498222,265.0364990234375,138.897216796875,134.0,93.75829444347494,radial_lateral_search,60.93309020996094,25.855003356933594,high,2.885843335361713,11.31370849898476
90,2,L,F90_T2,F90_T2_L,4,S3902L04.jpg,90/2L/S3902L04.jpg,/Users/sarahoualli/Desktop/BIO/iris_twins_project/data/raw/CASIA-Iris-Twins/90/2L/S3902L04.jpg,.jpg,20863,8e383ac760b187f99c262af0656d690c8695f41e031a384174e5bb2ec937ecac,640,480,L,JPEG,True,,True,90,2,L,4,True,True,111.32025909423828,34.4823112487793,41.8179720644527,0.0078743489583333,0.000224609375,2L,False,False,False,False,False,False,True,True,True,263.3535461425781,127.79187774658205,46.37866973876953,377.8642952915926,threshold_p4,19.72536687631027,77.42760440569069,0.8569213952084909,255.35354614257812,135.79187774658203,132.0,85.16161549796223,radial_lateral_search,53.33958435058594,25.025001525878903,high,2.8461359660269996,11.31370849898476
90,2,L,F90_T2,F90_T2_L,5,S3902L05.jpg,90/2L/S3902L05.jpg,/Users/sarahoualli/Desktop/BIO/iris_twins_project/data/raw/CASIA-Iris-Twins/90/2L/S3902L05.jpg,.jpg,22325,8f364fa086bfa22d66dfd7db3e10d7506ceb4a266de97b2a6ca64c29f2491a18,640,480,L,JPEG,True,,True,90,2,L,5,True,True,122.94109344482422,36.564491271972656,46.93080078124999,0.0048958333333333,0.0002506510416666,2L,False,False,False,False,False,False,True,True,True,260.0,127.0,48.0,375.8246775930723,hough_pupil,21.24706403722579,81.39751818570818,0.75,252.0,135.0,133.0,103.5460810336197,radial_lateral_search,65.76683807373047,29.06500244140625,high,2.7708333333333335,11.31370849898476
90,2,L,F90_T2,F90_T2_L,6,S3902L06.jpg,90/2L/S3902L06.jpg,/Users/sarahoualli/Desktop/BIO/iris_twins_project/data/raw/CASIA-Iris-Twins/90/2L/S3902L06.jpg,.jpg,21946,9c9363eb92f41f2a85a9292168411a4d2fa00f62f604592aa92ee97dca99824d,640,480,L,JPEG,True,,True,90,2,L,6,True,True,128.2734832763672,39.86289978027344,45.64688391061358,0.00560546875,0.00033203125,2L,False,False,False,False,False,False,True,True,True,251.0,137.5,51.50980758666992,383.3645038619723,threshold_p10,23.91750617753279,86.48692392099488,0.861640541324082,243.0,137.5,133.0,105.64336306208804,radial_lateral_search,71.02622985839844,26.63500213623047,high,2.582032553241738,8.0
90,2,L,F90_T2,F90_T2_L,7,S3902L07.jpg,90/2L/S3902L07.jpg,/Users/sarahoualli/Desktop/BIO/iris_twins_project/data/raw/CASIA-Iris-Twins/90/2L/S3902L07.jpg,.jpg,21126,d4f1a1dabc6be2a001cc8b747949f8315e1b96c2d076adf7f36c0b8dd4cd393c,640,480,L,JPEG,True,,True,90,2,L,7,True,True,108.11433410644533,36.25937271118164,47.151312581210675,0.0085286458333333,0.0002115885416666,2L,False,False,False,False,False,False,True,True,True,257.0401611328125,156.6004180908203,48.45137405395508,375.8017839639279,threshold_p6,19.7150931546996,75.67878213232196,0.8622394928652846,253.0,158.0,135.0,124.9353350198413,hough_iris,81.09046173095703,32.18499755859375,high,2.7862986888599908,4.275714150828121
90,2,L,F90_T2,F90_T2_L,8,S3902L08.jpg,90/2L/S3902L08.jpg,/Users/sarahoualli/Desktop/BIO/iris_twins_project/data/raw/CASIA-Iris-Twins/90/2L/S3902L08.jpg,.jpg,22665,34975bfae1b6f5a41bc8aaf35c8edf3523bc3e24318783028dbe295aa4082653,640,480,L,JPEG,True,,True,90,2,L,8,True,True,120.16065216064452,37.14522171020508,55.67953261259925,0.005517578125,0.0002864583333333,2L,False,False,False,False,False,False,True,True,True,250.7215576171875,170.53237915039062,49.14288711547851,381.5111086821528,threshold_p8,20.922964203474983,79.97174906522642,0.8715895263867955,246.0,167.0,135.0,117.6647170347659,hough_iris,77.51451873779297,29.740001678466797,high,2.747091347782843,5.896677776047772
90,2,R,F90_T2,F90_T2_R,2,S3902R02.jpg,90/2R/S3902R02.jpg,/Users/sarahoualli/Desktop/BIO/iris_twins_project/data/raw/CASIA-Iris-Twins/90/2R/S3902R02.jpg,.jpg,17524,7d36fd12c9a809d886c8a8f57d15944855029d832e5326ae982dc0b9d0315414,640,480,L,JPEG,True,,True,90,2,R,2,True,True,119.2173309326172,33.7702522277832,25.661556746419272,0.0022526041666666,5.208333333333334e-05,2R,False,False,False,False,False,False,True,True,True,396.69085693359375,189.88897705078125,50.33878707885742,353.51230744179406,threshold_p3,24.71601990049751,75.04378640776699,0.6859635797173661,396.69085693359375,189.88897705078125,119.0,70.22959545009755,radial_lateral_search,46.79066467285156,17.845001220703125,high,2.363982267065403,0.0
90,2,R,F90_T2,F90_T2_R,4,S3902R04.jpg,90/2R/S3902R04.jpg,/Users/sarahoualli/Desktop/BIO/iris_twins_project/data/raw/CASIA-Iris-Twins/90/2R/S3902R04.jpg,.jpg,16888,2d8fe5dc1b96284c08508cb71c2eee3a3f3d0daec226366a22e53c5630c7ad27,640,480,L,JPEG,True,,True,90,2,R,4,True,True,122.0993194580078,31.344371795654297,23.07925640868081,0.0012272135416666,0.0001302083333333,2R,False,False,False,False,False,False,True,True,True,224.24008178710935,115.98527526855467,38.986106872558594,328.2110618862165,threshold_p4,23.543152282572475,61.31270736562708,0.7491959729963609,232.24008178710935,123.98527526855467,104.0,76.46143312077864,radial_lateral_search,48.02838897705078,22.56500244140625,high,2.667616962626324,11.31370849898476
90,2,R,F90_T2,F90_T2_R,7,S3902R07.jpg,90/2R/S3902R07.jpg,/Users/sarahoualli/Desktop/BIO/iris_twins_project/data/raw/CASIA-Iris-Twins/90/2R/S3902R07.jpg,.jpg,19517,93ed7b1f67dde8ea178a14c75c16b309de6799e449f0956db1e569951088dc65,640,480,L,JPEG,True,,True,90,2,R,7,True,True,109.47278594970705,33.433162689208984,30.12856244909499,0.004814453125,0.000166015625,2R,False,False,False,False,False,False,True,True,True,254.0,210.680419921875,48.69078826904297,341.19124648535677,threshold_p5,24.34477705673017,65.08449220396123,0.8190374083382317,262.0,218.680419921875,112.0,73.60965238959125,radial_lateral_search,52.148162841796875,18.634998321533203,high,2.30022975559852,11.31370849898476
90,2,R,F90_T2,F90_T2_R,8,S3902R08.jpg,90/2R/S3902R08.jpg,/Users/sarahoualli/Desktop/BIO/iris_twins_project/data/raw/CASIA-Iris-Twins/90/2R/S3902R08.jpg,.jpg,20863,77d8c09bfba73b7a634f674bbec8b04873a91fea85d8570d9242f806c871d65f,640,480,L,JPEG,True,,True,90,2,R,8,True,True,108.01985931396484,44.197723388671875,41.034064693832406,0.00697265625,9.440104166666666e-05,2R,False,False,False,False,False,False,True,True,True,218.0,225.0,51.0,321.3125544615547,hough_pupil,22.894696825698535,54.88113496932515,0.75,226.0,225.0,130.0,88.8003402111577,radial_lateral_search,61.18925857543945,21.72500228881836,high,2.549019607843137,8.0
91,1,L,F91_T1,F91_T1_L,5,S3911L05.jpg,91/1L/S3911L05.jpg,/Users/sarahoualli/Desktop/BIO/iris_twins_project/data/raw/CASIA-Iris-Twins/91/1L/S3911L05.jpg,.jpg,18356,9436a5b38cfc04b68aea0e34e046a49c7ba4980dfa4d632f2a7cf4d2c52b394d,640,480,L,JPEG,True,,True,91,1,L,5,True,True,127.23942565917967,35.90911865234375,27.880474566131173,0.002646484375,3.90625e-05,1L,False,False,False,False,False,False,True,True,True,268.0,218.0,42.0,335.38170219885893,hough_pupil,23.648275862068967,62.25180655919956,0.75,265.0,214.0,108.0,98.36148866925922,hough_iris,68.57376861572266,22.680004119873047,high,2.5714285714285716,5.0
91,1,L,F91_T1,F91_T1_L,7,S3911L07.jpg,91/1L/S3911L07.jpg,/Users/sarahoualli/Desktop/BIO/iris_twins_project/data/raw/CASIA-Iris-Twins/91/1L/S3911L07.jpg,.jpg,18923,d30fec6fba543fd25709a7e0e261d1010e29449ed0466e145415cae5feca3756,640,480,L,JPEG,True,,True,91,1,L,7,True,True,127.17196655273438,36.0905647277832,33.29705618218316,0.0020703125,7.161458333333333e-05,1L,False,False,False,False,False,False,True,True,True,245.0,206.0,52.0,321.1660999928697,hough_pupil,31.579004524886876,67.80181720043181,0.75,250.0,211.0,108.0,83.11629711986265,hough_iris,59.233367919921875,20.24500274658203,high,2.076923076923077,7.0710678118654755
91,1,L,F91_T1,F91_T1_L,8,S3911L08.jpg,91/1L/S3911L08.jpg,/Users/sarahoualli/Desktop/BIO/iris_twins_project/data/raw/CASIA-Iris-Twins/91/1L/S3911L08.jpg,.jpg,18443,828de535b97d174345fbc78a5504fbaf2f3c46efd8821a062247538c248787cb,640,480,L,JPEG,True,,True,91,1,L,8,True,True,131.77198791503906,33.906410217285156,31.60811090213988,0.0020703125,0.0001236979166666,1L,False,False,False,False,False,False,True,True,True,271.0,205.0,51.0,335.45137461705025,hough_pupil,29.670024710131155,71.59921395705521,0.75,260.0,212.0,103.0,73.71628805568987,hough_iris,49.63645553588867,21.615001678466797,high,2.019607843137255,13.038404810405298
91,1,R,F91_T1,F91_T1_R,1,S3911R01.jpg,91/1R/S3911R01.jpg,/Users/sarahoualli/Desktop/BIO/iris_twins_project/data/raw/CASIA-Iris-Twins/91/1R/S3911R01.jpg,.jpg,16629,ce5fe9b2c6eac6fa05521110b66eb1181d2a78fe73bf4e100f9c483a984cd947,640,480,L,JPEG,True,,True,91,1,R,1,True,True,128.78173828125,35.36766052246094,17.26413904163572,0.0014680989583333,8.7890625e-05,1R,False,False,False,False,False,False,True,True,True,291.5,222.0,52.53818130493164,370.6098716755404,threshold_p5,28.375565610859727,86.88718963655991,0.7314637484189449,298.0,226.0,106.0,75.57912398043251,hough_iris,54.8808479309082,18.23999786376953,high,2.017580307639047,7.632168761236874
91,1,R,F91_T1,F91_T1_R,2,S3911R02.jpg,91/1R/S3911R02.jpg,/Users/sarahoualli/Desktop/BIO/iris_twins_project/data/raw/CASIA-Iris-Twins/91/1R/S3911R02.jpg,.jpg,16474,d546d9a2643f75723f99e768ceddf8727d50ddff7763edfd3367b1d932054e1e,640,480,L,JPEG,True,,True,91,1,R,2,True,True,126.2449722290039,37.179534912109375,17.449026114527374,0.0018033854166666,8.463541666666667e-05,1R,False,False,False,False,False,False,True,True,True,282.5,224.5,53.16493606567383,368.21797279662235,threshold_p5,28.69528415961306,86.8071250888415,0.6827126342583838,290.5,224.5,107.0,63.85582955148072,radial_lateral_search,45.544403076171875,16.615005493164062,high,2.0126046962197894,8.0
91,1,R,F91_T1,F91_T1_R,4,S3911R04.jpg,91/1R/S3911R04.jpg,/Users/sarahoualli/Desktop/BIO/iris_twins_project/data/raw/CASIA-Iris-Twins/91/1R/S3911R04.jpg,.jpg,16733,81ca8392274bd3fd6d34e5fd0a61a24bdf6a5276d649ed3287ed13d589651c08,640,480,L,JPEG,True,,True,91,1,R,4,True,True,125.54324340820312,37.36759948730469,17.85379886600706,0.0019173177083333,6.510416666666667e-05,1R,False,False,False,False,False,False,True,True,True,283.0,233.0,47.29703521728515,348.91182673740803,threshold_p5,25.873476623088855,69.10108059432687,0.8675202127987018,289.0,230.0,107.0,74.25802687386238,hough_iris,51.57988357543945,18.790000915527344,high,2.262298249952374,6.708203932499369
91,1,R,F91_T1,F91_T1_R,7,S3911R07.jpg,91/1R/S3911R07.jpg,/Users/sarahoualli/Desktop/BIO/iris_twins_project/data/raw/CASIA-Iris-Twins/91/1R/S3911R07.jpg,.jpg,20782,3efc3a39b7468090c74f3e37158d792cf2f8d0b6640641df9a49c73ebc300a35,640,480,L,JPEG,True,,True,91,1,R,7,True,True,130.9069061279297,39.95766067504883,44.78356529785792,0.0012923177083333,9.765625e-05,1R,False,False,False,False,False,False,True,True,True,295.0259704589844,193.3961639404297,53.74705505371094,391.7420254614064,threshold_p5,28.644843669027463,98.55558384249832,0.6710735077761936,303.0259704589844,201.3961639404297,114.0,67.99275892612444,radial_lateral_search,46.54800796508789,19.134994506835938,high,2.1210464440531043,11.31370849898476
91,1,R,F91_T1,F91_T1_R,8,S3911R08.jpg,91/1R/S3911R08.jpg,/Users/sarahoualli/Desktop/BIO/iris_twins_project/data/raw/CASIA-Iris-Twins/91/1R/S3911R08.jpg,.jpg,21020,b46122c34690066f32f065e6b1e69b352047dffd7d32abab6cb06149f8f43ed0,640,480,L,JPEG,True,,True,91,1,R,8,True,True,129.2216339111328,38.74968719482422,51.273815368482815,0.0022981770833333,0.000146484375,1R,False,False,False,False,False,False,True,True,True,294.79132080078125,204.4213409423828,53.674766540527344,365.8173018516875,threshold_p6,27.56037312143721,81.35794297352342,0.8451363115334458,302.79132080078125,196.4213409423828,119.0,73.59898235641266,radial_lateral_search,55.655181884765625,16.360000610351562,high,2.217056685475261,11.31370849898476
91,1,R,F91_T1,F91_T1_R,9,S3911R09.jpg,91/1R/S3911R09.jpg,/Users/sarahoualli/Desktop/BIO/iris_twins_project/data/raw/CASIA-Iris-Twins/91/1R/S3911R09.jpg,.jpg,20530,58e9c0998d292dd95e63bfa269d03a30671be97f24d2ab197745057a171320e5,640,480,L,JPEG,True,,True,91,1,R,9,True,True,124.8853759765625,37.63792419433594,52.79182440757753,0.0029947916666666,9.114583333333334e-05,1R,False,False,False,False,False,False,True,True,True,281.5,181.60476684570312,53.64253234863281,359.4250205711684,threshold_p6,26.138538607704263,76.16827902240325,0.8799960141106193,290.0,183.0,114.0,77.6433393624439,hough_iris,54.01606369018555,20.199996948242188,high,2.125179312175137,8.613749215925038
91,1,R,F91_T1,F91_T1_R,10,S3911R10.jpg,91/1R/S3911R10.jpg,/Users/sarahoualli/Desktop/BIO/iris_twins_project/data/raw/CASIA-Iris-Twins/91/1R/S3911R10.jpg,.jpg,21237,3ffb42f579bc7020173f3f603fd933db838de1e75ee918dae193a9cf6ddc5a46,640,480,L,JPEG,True,,True,91,1,R,10,True,True,132.75477600097656,37.4114990234375,53.31917344664467,0.0016341145833333,0.0001171875,1R,False,False,False,False,False,False,True,True,True,278.5,171.5,54.72212219238281,367.8970816139725,threshold_p6,26.898140529866712,82.14122442455243,0.8527197031359349,288.0,174.0,114.0,82.64688706184135,hough_iris,58.20174407958984,21.1199951171875,high,2.0832525390593957,9.82344135219425
91,2,L,F91_T2,F91_T2_L,5,S3912L05.jpg,91/2L/S3912L05.jpg,/Users/sarahoualli/Desktop/BIO/iris_twins_project/data/raw/CASIA-Iris-Twins/91/2L/S3912L05.jpg,.jpg,19069,ada13eabe383fcccdff732916932feb33efbf28274c6116d5863baff81ec024e,640,480,L,JPEG,True,,True,91,2,L,5,True,True,118.5170669555664,35.55921936035156,30.79629390707016,0.0021614583333333,0.000107421875,2L,False,False,False,False,False,False,True,True,True,310.0,136.0,44.0,319.4453874376241,hough_pupil,24.75266026472878,57.25532994923858,0.75,304.0,138.0,114.0,83.00525983213616,hough_iris,56.56476593017578,20.46999740600586,high,2.590909090909091,6.324555320336759
91,2,L,F91_T2,F91_T2_L,6,S3912L06.jpg,91/2L/S3912L06.jpg,/Users/sarahoualli/Desktop/BIO/iris_twins_project/data/raw/CASIA-Iris-Twins/91/2L/S3912L06.jpg,.jpg,20183,42510ec5fd2e6210200275c42aabc4d7fcee5ef2ae73bf6fc0b1912b4ed73de7,640,480,L,JPEG,True,,True,91,2,L,6,True,True,114.30127716064452,33.351051330566406,44.83097346317503,0.0015071614583333,7.8125e-05,2L,False,False,False,False,False,False,True,True,True,331.0,145.0,43.0,315.74545514081655,hough_pupil,25.13489655172414,55.76387448132781,0.75,331.0,145.0,117.0,75.33587699712709,radial_lateral_search,47.8791618347168,19.694995880126953,high,2.7209302325581395,0.0
91,2,L,F91_T2,F91_T2_L,7,S3912L07.jpg,91/2L/S3912L07.jpg,/Users/sarahoualli/Desktop/BIO/iris_twins_project/data/raw/CASIA-Iris-Twins/91/2L/S3912L07.jpg,.jpg,19933,546f859ad9b12e180c0c7332a061f39319cef72896d1a92b8c7808d9460a6b00,640,480,L,JPEG,True,,True,91,2,L,7,True,True,118.59461212158205,33.70378494262695,44.681342615752754,0.0033821614583333,7.486979166666666e-05,2L,False,False,False,False,False,False,True,True,True,288.5029602050781,186.53536987304688,42.53842544555664,327.71917429789113,threshold_p3,24.188413793103447,58.066192560175054,0.7932016942952526,280.5029602050781,186.53536987304688,112.0,83.02838759874827,radial_lateral_search,56.831729888916016,20.47500228881836,high,2.6329136263716357,8.0
91,2,L,F91_T2,F91_T2_L,8,S3912L08.jpg,91/2L/S3912L08.jpg,/Users/sarahoualli/Desktop/BIO/iris_twins_project/data/raw/CASIA-Iris-Twins/91/2L/S3912L08.jpg,.jpg,18598,4e53003256655c086a50737bdc6020ea220920aad8c66335928c2f9a640403b5,640,480,L,JPEG,True,,True,91,2,L,8,True,True,124.7300796508789,33.52235412597656,34.18791555273269,0.001484375,8.463541666666667e-05,2L,False,False,False,False,False,False,True,True,True,295.3288879394531,175.3564453125,39.81328201293945,330.78744622180176,threshold_p2,24.866625116858835,61.559669522643816,0.7462633607460367,287.3288879394531,175.3564453125,111.0,83.19367182294617,radial_lateral_search,57.61872863769531,19.80500030517578,high,2.7880143104988084,8.0
91,2,L,F91_T2,F91_T2_L,9,S3912L09.jpg,91/2L/S3912L09.jpg,/Users/sarahoualli/Desktop/BIO/iris_twins_project/data/raw/CASIA-Iris-Twins/91/2L/S3912L09.jpg,.jpg,19292,2731b497758ec51de3b244bed131ee8bbfc5f348d7c35f53ca2b873b2989be54,640,480,L,JPEG,True,,True,91,2,L,9,True,True,125.11566162109376,33.922035217285156,41.44275516493057,0.0016438802083333,7.8125e-05,2L,False,False,False,False,False,False,True,True,True,294.5,167.0,42.500099182128906,332.21084903456847,threshold_p3,25.262344827586208,62.79171225382933,0.7698191515541247,286.5,167.0,112.0,83.12221113586887,radial_lateral_search,57.12605285644531,20.32500457763672,high,2.635287967683037,8.0
91,2,R,F91_T2,F91_T2_R,5,S3912R05.jpg,91/2R/S3912R05.jpg,/Users/sarahoualli/Desktop/BIO/iris_twins_project/data/raw/CASIA-Iris-Twins/91/2R/S3912R05.jpg,.jpg,19961,3ff7e148e51a9b60b59f58826c0f2a5e1e68ba419ddca861668301e6b4b9d893,640,480,L,JPEG,True,,True,91,2,R,5,True,True,126.43683624267578,37.58161926269531,41.199224514759905,0.0010579427083333,9.440104166666666e-05,2R,False,False,False,False,False,False,True,True,True,322.5,153.5,56.1472282409668,343.74541658126907,threshold_p4,26.6379500078604,74.73965463596764,0.5323569679942806,322.5,161.5,114.0,67.21791546079199,radial_lateral_search,45.118404388427734,19.270004272460938,high,2.030376272729737,8.0
91,2,R,F91_T2,F91_T2_R,6,S3912R06.jpg,91/2R/S3912R06.jpg,/Users/sarahoualli/Desktop/BIO/iris_twins_project/data/raw/CASIA-Iris-Twins/91/2R/S3912R06.jpg,.jpg,19201,fd05ba47ab81bf1801832196cf4738013839f659aab417806b68ec830e5ca29a,640,480,L,JPEG,True,,True,91,2,R,6,True,True,123.76293182373048,35.32206344604492,37.48416920953326,0.0022233072916666,9.114583333333334e-05,2R,False,False,False,False,False,False,True,True,True,300.0,194.0,49.040897369384766,343.9717445874931,threshold_p5,26.235084781243454,68.02783360128618,0.8704398875281896,308.0,202.0,107.0,69.44187343613493,radial_lateral_search,47.998897552490234,18.95999526977539,high,2.181852407676331,11.31370849898476
91,2,R,F91_T2,F91_T2_R,7,S3912R07.jpg,91/2R/S3912R07.jpg,/Users/sarahoualli/Desktop/BIO/iris_twins_project/data/raw/CASIA-Iris-Twins/91/2R/S3912R07.jpg,.jpg,19960,e7a3ce2476f5a221a46606aad6ef56f5c6992728119c33d6ca5166ba0a9f37f1,640,480,L,JPEG,True,,True,91,2,R,7,True,True,123.20135498046876,35.475772857666016,48.976695995065896,0.00341796875,9.114583333333334e-05,2R,False,False,False,False,False,False,True,True,True,289.7275085449219,199.16607666015625,48.304805755615234,340.68983726201276,threshold_p4,25.541343939711115,67.48145806995365,0.7076827788307883,297.7275085449219,207.16607666015625,107.0,67.97948621796039,radial_lateral_search,47.95051193237305,17.854999542236328,high,2.2151005128006687,11.31370849898476
91,2,R,F91_T2,F91_T2_R,10,S3912R10.jpg,91/2R/S3912R10.jpg,/Users/sarahoualli/Desktop/BIO/iris_twins_project/data/raw/CASIA-Iris-Twins/91/2R/S3912R10.jpg,.jpg,19047,de144ef1cfd4d8512406411746e794985a52bd76dbf06062aac399d5664e2ea7,640,480,L,JPEG,True,,True,91,2,R,10,True,True,126.6918487548828,34.596900939941406,39.53815598547194,0.00283203125,8.463541666666667e-05,2R,False,False,False,False,False,False,True,True,True,264.53009033203125,194.09649658203125,52.67105865478515,341.4723782780149,threshold_p4,26.80597285067873,71.66285271851342,0.6608885444790488,268.0,198.0,107.0,75.7370853423842,hough_iris,53.71588516235352,18.714996337890625,high,2.0314761603957066,5.2227973383960355
92,1,L,F92_T1,F92_T1_L,1,S3921L01.jpg,92/1L/S3921L01.jpg,/Users/sarahoualli/Desktop/BIO/iris_twins_project/data/raw/CASIA-Iris-Twins/92/1L/S3921L01.jpg,.jpg,20960,dc2d6a4e943ad481a0ab4e8fcca2c3a4f9f3af10e1004bb775bed3253eae90d7,640,480,L,JPEG,True,,True,92,1,L,1,True,True,134.0286407470703,40.93448638916016,43.98784365234374,0.0004817708333333,0.00013671875,1L,False,False,False,False,False,False,True,True,True,245.22666931152344,176.0933380126953,55.15497589111328,371.4348428869172,threshold_p4,26.72947177883824,86.46319169960475,0.7402639312280294,237.22666931152344,184.0933380126953,116.0,75.66577476558555,radial_lateral_search,52.09455108642578,20.704994201660156,high,2.1031647303954353,11.31370849898476
92,1,L,F92_T1,F92_T1_L,3,S3921L03.jpg,92/1L/S3921L03.jpg,/Users/sarahoualli/Desktop/BIO/iris_twins_project/data/raw/CASIA-Iris-Twins/92/1L/S3921L03.jpg,.jpg,21428,5182510a3c091264ea072bd30918fe459f0951553be645ee884b5343bbee93b0,640,480,L,JPEG,True,,True,92,1,L,3,True,True,135.794921875,37.49074935913086,37.676521445337926,0.0002799479166666,0.0001595052083333,1L,False,False,False,False,False,False,True,True,True,305.5148620605469,166.0093536376953,59.09535598754883,380.1482776563772,threshold_p5,30.57766218754515,98.87051847766134,0.5030505896313983,297.5148620605469,166.0093536376953,126.0,85.78018883281948,radial_lateral_search,62.28660202026367,19.974998474121097,high,2.1321472371965697,8.0
92,1,L,F92_T1,F92_T1_L,4,S3921L04.jpg,92/1L/S3921L04.jpg,/Users/sarahoualli/Desktop/BIO/iris_twins_project/data/raw/CASIA-Iris-Twins/92/1L/S3921L04.jpg,.jpg,20949,6281bff3799ed6f0e9c28973ea6eff0c5232364046e98397ae686a5f51069a79,640,480,L,JPEG,True,,True,92,1,L,4,True,True,135.86862182617188,37.59028625488281,32.99109548771116,0.000185546875,0.00017578125,1L,False,False,False,False,False,False,True,True,True,295.31536865234375,173.63235473632812,59.55744552612305,376.8744998943048,threshold_p6,31.51365589907112,99.02232142857144,0.4650948077871681,287.31536865234375,181.63235473632812,123.0,81.88195543149142,radial_lateral_search,57.783447265625,21.19000244140625,high,2.0652329681609634,11.31370849898476
92,1,L,F92_T1,F92_T1_L,5,S3921L05.jpg,92/1L/S3921L05.jpg,/Users/sarahoualli/Desktop/BIO/iris_twins_project/data/raw/CASIA-Iris-Twins/92/1L/S3921L05.jpg,.jpg,21643,e54b6e9a8172987420f817e385af4dc6aa60bb4c7fc662cf5597b52ae35df91f,640,480,L,JPEG,True,,True,92,1,L,5,True,True,132.34140014648438,41.51484298706055,40.692532727040195,0.0005208333333333,0.0001334635416666,1L,False,False,False,False,False,False,True,True,True,292.4635314941406,173.6949462890625,58.67190170288086,366.8478651627915,threshold_p4,29.059095506429703,90.9766791044776,0.4459590359207566,284.4635314941406,181.6949462890625,123.0,81.76073132402736,radial_lateral_search,56.33354949951172,22.04999542236328,high,2.0964038394883073,11.31370849898476
92,1,R,F92_T1,F92_T1_R,3,S3921R03.jpg,92/1R/S3921R03.jpg,/Users/sarahoualli/Desktop/BIO/iris_twins_project/data/raw/CASIA-Iris-Twins/92/1R/S3921R03.jpg,.jpg,16519,d524e8656da926f283406e97200dacedd84ab1967574c0a406bb13dd87921a3f,640,480,L,JPEG,True,,True,92,1,R,3,True,True,131.6585235595703,39.11153030395508,18.098286574935912,0.0007259114583333,6.184895833333334e-05,1R,False,False,False,False,False,False,True,True,True,334.0,266.2371826171875,44.77408981323242,362.8066584643949,threshold_p2,26.58697261287935,85.71076233183857,0.3039124042396211,342.0,274.2371826171875,99.0,63.9139969937519,radial_lateral_search,43.369022369384766,18.23500061035156,high,2.2111002236552846,11.31370849898476
92,1,R,F92_T1,F92_T1_R,4,S3921R04.jpg,92/1R/S3921R04.jpg,/Users/sarahoualli/Desktop/BIO/iris_twins_project/data/raw/CASIA-Iris-Twins/92/1R/S3921R04.jpg,.jpg,18987,f28e58978585339c174e92660e111113fd9a131f2f7f6a2eb73c9ba8d0c9eb81,640,480,L,JPEG,True,,True,92,1,R,4,True,True,127.18648529052734,42.05735397338867,34.25497756241692,0.0020279947916666,6.8359375e-05,1R,False,False,False,False,False,False,True,True,True,341.0,217.0,47.0,370.3871251369419,hough_pupil,25.63505428761356,82.15525858322468,0.75,349.0,217.0,109.0,61.18654218633124,radial_lateral_search,41.368953704833984,16.81499481201172,high,2.3191489361702127,8.0
92,1,R,F92_T1,F92_T1_R,7,S3921R07.jpg,92/1R/S3921R07.jpg,/Users/sarahoualli/Desktop/BIO/iris_twins_project/data/raw/CASIA-Iris-Twins/92/1R/S3921R07.jpg,.jpg,17099,43120289af918513242163dd3d06ed01178313709ef0798e8f4a82a42408ff79,640,480,L,JPEG,True,,True,92,1,R,7,True,True,128.02850341796875,34.023468017578125,22.347137384955087,0.00013671875,2.9296875e-05,1R,False,False,False,False,False,False,True,True,True,294.47540283203125,189.5901641845703,49.46329498291016,370.6403122416371,threshold_p3,38.42268656716418,101.5815195884448,0.8157777889824555,302.47540283203125,197.5901641845703,103.0,61.66216780238437,radial_lateral_search,43.92118835449219,16.599998474121094,high,2.0823521772172087,11.31370849898476
92,1,R,F92_T1,F92_T1_R,8,S3921R08.jpg,92/1R/S3921R08.jpg,/Users/sarahoualli/Desktop/BIO/iris_twins_project/data/raw/CASIA-Iris-Twins/92/1R/S3921R08.jpg,.jpg,20515,4741b7d1f2ce37a12fa60cbb158f6d7dea2cf159e5433c4509823f29b79610ee,640,480,L,JPEG,True,,True,92,1,R,8,True,True,131.1468048095703,34.36882019042969,64.7402453409407,0.000322265625,9.114583333333334e-05,1R,False,False,False,False,False,False,True,True,True,203.0,177.0,53.0,395.864687857778,hough_pupil,28.242533936651583,101.72192608386638,0.75,211.0,177.0,114.0,67.74546898895841,radial_lateral_search,48.9716911315918,16.550003051757812,high,2.150943396226415,8.0
92,1,R,F92_T1,F92_T1_R,10,S3921R10.jpg,92/1R/S3921R10.jpg,/Users/sarahoualli/Desktop/BIO/iris_twins_project/data/raw/CASIA-Iris-Twins/92/1R/S3921R10.jpg,.jpg,17393,d82e4ad6e79dfe373d8e73d26a87a2c8e7d5ada636714a371251b9c55da2c495,640,480,L,JPEG,True,,True,92,1,R,10,True,True,109.7066650390625,30.28723526000977,34.302642050584154,0.002490234375,0.0001041666666666,1R,False,False,False,False,False,False,True,True,True,190.9611663818359,147.42233276367188,47.68122863769531,321.76597203451195,threshold_p3,25.171947706625303,60.59424475823705,0.7515838472424504,198.9611663818359,147.42233276367188,108.0,72.93654327238151,radial_lateral_search,50.16437149047851,19.080001831054688,high,2.265042304606608,8.0
92,2,L,F92_T2,F92_T2_L,1,S3922L01.jpg,92/2L/S3922L01.jpg,/Users/sarahoualli/Desktop/BIO/iris_twins_project/data/raw/CASIA-Iris-Twins/92/2L/S3922L01.jpg,.jpg,18033,73f426a6d91b148b0556d37dc7fa7a6bcdd26e817ff5371b233ce22f1b4db063,640,480,L,JPEG,True,,True,92,2,L,1,True,True,124.08088684082033,34.6778564453125,33.63916789320841,0.0003385416666666,8.7890625e-05,2L,False,False,False,False,False,False,True,True,True,274.6524658203125,184.3923797607422,49.159908294677734,341.80395470466925,threshold_p4,27.04291396273812,69.07249688408808,0.8616879073496377,272.0,187.0,107.0,93.80467534232764,hough_iris,62.476287841796875,24.68000030517578,high,2.1765703743508467,3.7195776964748344
92,2,L,F92_T2,F92_T2_L,2,S3922L02.jpg,92/2L/S3922L02.jpg,/Users/sarahoualli/Desktop/BIO/iris_twins_project/data/raw/CASIA-Iris-Twins/92/2L/S3922L02.jpg,.jpg,16404,13cdc3cfe75d8dd01a772c9e6b2182c7ab0db32925f0ad061151d98983b99702,640,480,L,JPEG,True,,True,92,2,L,2,True,True,125.71388244628906,32.37818908691406,21.15687206640243,0.0003678385416666,7.8125e-05,2L,False,False,False,False,False,False,True,True,True,252.2067108154297,158.2045440673828,52.14500427246094,364.59928783613,threshold_p3,27.71710407239819,86.23641597697014,0.6419916176628929,260.2067108154297,166.2045440673828,105.0,65.1231243535624,radial_lateral_search,44.507080078125,18.850006103515625,high,2.0136157138154287,11.31370849898476
92,2,L,F92_T2,F92_T2_L,7,S3922L07.jpg,92/2L/S3922L07.jpg,/Users/sarahoualli/Desktop/BIO/iris_twins_project/data/raw/CASIA-Iris-Twins/92/2L/S3922L07.jpg,.jpg,19242,b1827078d313c32eab82c509a9fce836547e78a5705592a4f578c1bce9c68101,640,480,L,JPEG,True,,True,92,2,L,7,True,True,123.2839813232422,36.23560333251953,41.68185294510524,0.0008528645833333,9.114583333333334e-05,2L,False,False,False,False,False,False,True,True,True,238.0,173.0,56.0,360.57725196944904,hough_pupil,26.00345857569565,80.14016801493466,0.75,244.0,176.0,113.0,75.35992400554005,hough_iris,49.92855453491211,21.454994201660156,high,2.017857142857143,6.708203932499369
92,2,R,F92_T2,F92_T2_R,1,S3922R01.jpg,92/2R/S3922R01.jpg,/Users/sarahoualli/Desktop/BIO/iris_twins_project/data/raw/CASIA-Iris-Twins/92/2R/S3922R01.jpg,.jpg,16324,e3e5f00b24e56f9f11fc6f83344b6d754987299a686581f7f376dd2ce1fd8a99,640,480,L,JPEG,True,,True,92,2,R,1,True,True,136.170654296875,32.95345687866211,19.03725797318352,0.0002571614583333,8.7890625e-05,2R,False,False,False,False,False,False,True,True,True,323.4895935058594,198.1686859130859,40.54903793334961,358.52128219845287,threshold_p6,30.06544094733562,80.12620048019208,0.8731975726250849,323.4895935058594,198.1686859130859,103.0,71.87404636307139,radial_lateral_search,47.45051193237305,18.044998168945312,high,2.540134248543725,0.0
92,2,R,F92_T2,F92_T2_R,2,S3922R02.jpg,92/2R/S3922R02.jpg,/Users/sarahoualli/Desktop/BIO/iris_twins_project/data/raw/CASIA-Iris-Twins/92/2R/S3922R02.jpg,.jpg,19248,b566ce64da89f4ac1f7bc27bfce2e08d1a3eff25245085d0daa735e58381d50b,640,480,L,JPEG,True,,True,92,2,R,2,True,True,122.9023666381836,44.91435623168945,29.786662922498916,0.003251953125,0.0001725260416666,2R,False,False,False,False,False,False,True,True,True,320.750732421875,200.53924560546875,49.412723541259766,364.3293011261216,threshold_p3,21.509850746268658,71.8255836960823,0.7724197410110353,324.0,201.0,129.0,93.1694097248763,hough_iris,66.72919464111328,19.87000274658203,high,2.6106636257822267,3.2817730583229183
92,2,R,F92_T2,F92_T2_R,3,S3922R03.jpg,92/2R/S3922R03.jpg,/Users/sarahoualli/Desktop/BIO/iris_twins_project/data/raw/CASIA-Iris-Twins/92/2R/S3922R03.jpg,.jpg,19272,bda504825df2e436e650f1279e00198d4b1f0645a3e3cd92d3b70015a75d9db0,640,480,L,JPEG,True,,True,92,2,R,3,True,True,119.59039306640624,46.77064895629883,25.84987041180928,0.0059798177083333,0.0001985677083333,2R,False,False,False,False,False,False,True,True,True,322.6201171875,201.9925537109375,50.864994049072266,362.75987803553625,threshold_p4,20.739973389089528,69.38252228826151,0.7946913023780721,322.6201171875,209.9925537109375,132.0,83.83046727222799,radial_lateral_search,56.04204559326172,21.720001220703125,high,2.595104992495474,8.0
92,2,R,F92_T2,F92_T2_R,4,S3922R04.jpg,92/2R/S3922R04.jpg,/Users/sarahoualli/Desktop/BIO/iris_twins_project/data/raw/CASIA-Iris-Twins/92/2R/S3922R04.jpg,.jpg,21433,c1af7d61aa89238d959b2c18d76bfa51b70ed432f47d960b3b22b142c0dc2ac9,640,480,L,JPEG,True,,True,92,2,R,4,True,True,158.0400848388672,40.82417678833008,53.219323628478584,0.0002994791666666,0.000234375,2R,False,False,False,False,False,False,True,True,True,380.8341979980469,170.7410430908203,48.74055862426758,410.2438459278371,threshold_p4,26.99225455306678,103.12399517684888,0.8724389785055787,386.0,176.0,115.0,101.66286058268405,hough_iris,69.92805480957031,25.100006103515625,high,2.35943130825633,7.371712019333886
92,2,R,F92_T2,F92_T2_R,5,S3922R05.jpg,92/2R/S3922R05.jpg,/Users/sarahoualli/Desktop/BIO/iris_twins_project/data/raw/CASIA-Iris-Twins/92/2R/S3922R05.jpg,.jpg,19532,7b7b22cd552838b6de7b1008b92f73156355676ab59793a923d009172ce1b7ee,640,480,L,JPEG,True,,True,92,2,R,5,True,True,115.04352569580078,31.93680000305176,46.304702227263974,0.00203125,9.440104166666666e-05,2R,False,False,False,False,False,False,True,True,True,362.2034912109375,161.85464477539062,47.48600769042969,328.80938457755195,threshold_p3,24.96255262574784,63.181857081728715,0.6051706993973281,366.0,167.0,111.0,77.75492843293893,hough_iris,56.19540023803711,17.720001220703125,high,2.337530683219994,6.394384987850184
92,2,R,F92_T2,F92_T2_R,6,S3922R06.jpg,92/2R/S3922R06.jpg,/Users/sarahoualli/Desktop/BIO/iris_twins_project/data/raw/CASIA-Iris-Twins/92/2R/S3922R06.jpg,.jpg,20245,8564694518b9168e7c809fde13465f3086e9c0244a70e710a0483cb2b3d29bf5,640,480,L,JPEG,True,,True,92,2,R,6,True,True,113.81424713134766,32.92670822143555,57.081017525185466,0.0040234375,0.0001009114583333,2R,False,False,False,False,False,False,True,True,True,379.0,171.0,48.0,329.6196767652506,hough_pupil,22.84334145801019,59.52406931964057,0.75,387.0,171.0,115.0,76.32914250691731,radial_lateral_search,57.47880554199219,15.90500259399414,high,2.3958333333333335,8.0
93,1,L,F93_T1,F93_T1_L,1,S3931L01.jpg,93/1L/S3931L01.jpg,/Users/sarahoualli/Desktop/BIO/iris_twins_project/data/raw/CASIA-Iris-Twins/93/1L/S3931L01.jpg,.jpg,19991,227baf71961fb33ed8ddb3a1d2cc46b0e29f6adae0f783e044ccaf8cb0626157,640,480,L,JPEG,True,,True,93,1,L,1,True,True,102.50027465820312,39.06589126586914,47.35126530965169,0.0081608072916666,9.114583333333334e-05,1L,False,False,False,False,False,False,True,True,True,349.0,138.0,45.541290283203125,307.7635539230958,threshold_p5,21.211941771527265,46.00279069767442,0.7101971188904821,341.0,138.0,124.0,68.19869750180105,radial_lateral_search,48.929481506347656,15.270000457763672,high,2.7228038386460605,8.0
93,1,L,F93_T1,F93_T1_L,4,S3931L04.jpg,93/1L/S3931L04.jpg,/Users/sarahoualli/Desktop/BIO/iris_twins_project/data/raw/CASIA-Iris-Twins/93/1L/S3931L04.jpg,.jpg,21245,9d590087331b0e22c759fc77123811e687760595b2727fe50e9fb44f618d300a,640,480,L,JPEG,True,,True,93,1,L,4,True,True,123.92596435546876,38.40336227416992,53.423533693938786,0.0028287760416666,0.0001595052083333,1L,False,False,False,False,False,False,True,True,True,242.0,116.0,48.0,335.1561313082157,hough_pupil,22.65610458674939,63.814826700898585,0.75,234.0,124.0,121.0,69.48218358285472,radial_lateral_search,49.112274169921875,17.22500228881836,high,2.5208333333333335,11.31370849898476
93,1,L,F93_T1,F93_T1_L,9,S3931L09.jpg,93/1L/S3931L09.jpg,/Users/sarahoualli/Desktop/BIO/iris_twins_project/data/raw/CASIA-Iris-Twins/93/1L/S3931L09.jpg,.jpg,22259,e1bdcf8b6a7192b8edf540a8da8d00efee952c00cb7cb682f197b6a09672b7da,640,480,L,JPEG,True,,True,93,1,L,9,True,True,138.18780517578125,40.2501106262207,64.49188937902453,0.0002734375,0.0002083333333333,1L,False,False,False,False,False,False,True,True,True,286.5,179.96987915039062,42.115665435791016,377.60591041079783,threshold_p3,23.270344827586207,81.83588104502502,0.8005764036197116,278.5,187.96987915039065,124.0,91.27649768200044,radial_lateral_search,61.359004974365234,23.94500732421875,high,2.944272605381215,11.31370849898476
93,1,L,F93_T1,F93_T1_L,10,S3931L10.jpg,93/1L/S3931L10.jpg,/Users/sarahoualli/Desktop/BIO/iris_twins_project/data/raw/CASIA-Iris-Twins/93/1L/S3931L10.jpg,.jpg,22085,6a5904a407f1c6a4027563c39c4aef68dd902cd05fbc15761bb4f93ee486e582,640,480,L,JPEG,True,,True,93,1,L,10,True,True,135.36351013183594,41.02362823486328,69.80578270937603,0.0003157552083333,0.0001529947916666,1L,False,False,False,False,False,False,True,True,True,283.96832275390625,176.6900177001953,42.880069732666016,372.01963492283807,threshold_p4,23.033379310344827,78.46471553610503,0.8242538954992904,275.96832275390625,184.6900177001953,121.0,86.65930068631936,radial_lateral_search,58.716026306152344,22.18499755859375,high,2.8218237692795136,11.31370849898476
93,1,R,F93_T1,F93_T1_R,1,S3931R01.jpg,93/1R/S3931R01.jpg,/Users/sarahoualli/Desktop/BIO/iris_twins_project/data/raw/CASIA-Iris-Twins/93/1R/S3931R01.jpg,.jpg,18164,1055db0d0e3da981ce548c72b0d0dc34f74baa792af28f268e005ac8aef9726f,640,480,L,JPEG,True,,True,93,1,R,1,True,True,122.7080307006836,38.95759582519531,28.458510658253555,0.0012760416666666,9.114583333333334e-05,1R,False,False,False,False,False,False,True,True,True,281.470947265625,173.73236083984375,45.73615646362305,326.81451104129945,threshold_p6,24.93151642208246,59.265,0.8113609524704648,289.470947265625,181.73236083984375,116.0,81.56869216897032,radial_lateral_search,51.3859748840332,24.189998626708984,high,2.536286583072681,11.31370849898476
93,1,R,F93_T1,F93_T1_R,2,S3931R02.jpg,93/1R/S3931R02.jpg,/Users/sarahoualli/Desktop/BIO/iris_twins_project/data/raw/CASIA-Iris-Twins/93/1R/S3931R02.jpg,.jpg,19923,c5f735a83e24d6ab5273f95188dbb11854b4962a030492a0c3319984ed4f1c0a,640,480,L,JPEG,True,,True,93,1,R,2,True,True,126.74747467041016,39.15997695922851,41.66297366577785,0.00146484375,9.440104166666666e-05,1R,False,False,False,False,False,False,True,True,True,276.285400390625,192.79188537597656,46.8477783203125,338.6360922675874,threshold_p6,24.788027020731423,64.07627118644068,0.8300368577797768,284.285400390625,192.79188537597656,123.0,85.99392474182721,radial_lateral_search,56.80982971191406,22.62999725341797,high,2.625524718782001,8.0
93,1,R,F93_T1,F93_T1_R,3,S3931R03.jpg,93/1R/S3931R03.jpg,/Users/sarahoualli/Desktop/BIO/iris_twins_project/data/raw/CASIA-Iris-Twins/93/1R/S3931R03.jpg,.jpg,19893,f945c1856723a6314670327a1000ccb2f8a24b2d134ba9f156c66429d334115d,640,480,L,JPEG,True,,True,93,1,R,3,True,True,129.3870086669922,36.71006774902344,48.06330421650145,0.001357421875,9.765625e-05,1R,False,False,False,False,False,False,True,True,True,288.831298828125,165.07247924804688,46.48371124267578,339.9679688029415,threshold_p4,24.48008385744235,64.96718678292795,0.8147880894083164,296.831298828125,165.07247924804688,122.0,88.80433220368944,radial_lateral_search,58.65103530883789,23.324996948242188,high,2.624575291828123,8.0
93,1,R,F93_T1,F93_T1_R,6,S3931R06.jpg,93/1R/S3931R06.jpg,/Users/sarahoualli/Desktop/BIO/iris_twins_project/data/raw/CASIA-Iris-Twins/93/1R/S3931R06.jpg,.jpg,18669,196c5eb50bc1fa4b5b25bca0f16a3e017cf30cd5eeecea7aa97ff56b03cf4b13,640,480,L,JPEG,True,,True,93,1,R,6,True,True,123.76783752441406,35.38969039916992,38.64094836408827,0.0016764322916666,8.463541666666667e-05,1R,False,False,False,False,False,False,True,True,True,295.0,153.0,42.0,317.6506063150505,hough_pupil,24.62951724137931,56.02348526959422,0.75,303.0,153.0,117.0,90.23116629464286,radial_lateral_search,59.3060302734375,23.6199951171875,high,2.7857142857142856,8.0
93,1,R,F93_T1,F93_T1_R,7,S3931R07.jpg,93/1R/S3931R07.jpg,/Users/sarahoualli/Desktop/BIO/iris_twins_project/data/raw/CASIA-Iris-Twins/93/1R/S3931R07.jpg,.jpg,18712,dcdf32fee94b7d80490e4928e49acac9f408e931d3127459e669a3a35b5d835f,640,480,L,JPEG,True,,True,93,1,R,7,True,True,128.76927185058594,35.61878204345703,38.6996076787207,0.0018717447916666,8.463541666666667e-05,1R,False,False,False,False,False,False,True,True,True,313.0,153.0,44.0,322.79666868497554,hough_pupil,25.4814430314041,59.52284263959391,0.75,321.0,153.0,117.0,87.59726070057262,radial_lateral_search,53.735897064208984,25.875,high,2.659090909090909,8.0
93,1,R,F93_T1,F93_T1_R,8,S3931R08.jpg,93/1R/S3931R08.jpg,/Users/sarahoualli/Desktop/BIO/iris_twins_project/data/raw/CASIA-Iris-Twins/93/1R/S3931R08.jpg,.jpg,16574,f333637295cd05b158aff871bfdce663282236ca56ea8f5dfd826e9bbb8e3416,640,480,L,JPEG,True,,True,93,1,R,8,True,True,129.19085693359375,34.820926666259766,21.420985105037683,0.001328125,6.184895833333334e-05,1R,False,False,False,False,False,False,True,True,True,350.24603271484375,126.26190185546876,49.81852340698242,351.1140386608985,threshold_p3,26.203383084577116,75.66610605461021,0.7698393023746729,358.24603271484375,134.26190185546875,108.0,62.69738281204672,radial_lateral_search,41.24732971191406,19.0050048828125,high,2.167868347235338,11.31370849898476
93,1,R,F93_T1,F93_T1_R,9,S3931R09.jpg,93/1R/S3931R09.jpg,/Users/sarahoualli/Desktop/BIO/iris_twins_project/data/raw/CASIA-Iris-Twins/93/1R/S3931R09.jpg,.jpg,17434,cefa7f1a9d7d57cbaee6a07de170c7a096a15813b5182107f5f20cfbbed56d6e,640,480,L,JPEG,True,,True,93,1,R,9,True,True,129.716796875,35.92576599121094,29.71483583984375,0.00162109375,9.440104166666666e-05,1R,False,False,False,False,False,False,True,True,True,359.2819519042969,137.96617126464844,52.68890380859375,356.36416064175376,threshold_p3,26.116923076923076,80.73133172746043,0.5907129449898493,367.2819519042969,145.96617126464844,112.0,66.96696787169083,radial_lateral_search,43.41765594482422,20.625,high,2.1256847629031976,11.31370849898476
93,2,L,F93_T2,F93_T2_L,5,S3932L05.jpg,93/2L/S3932L05.jpg,/Users/sarahoualli/Desktop/BIO/iris_twins_project/data/raw/CASIA-Iris-Twins/93/2L/S3932L05.jpg,.jpg,19765,5d82a7d501e0bd8de3ab627f76f10eab797a85578bd080a0d554a6bca456bade,640,480,L,JPEG,True,,True,93,2,L,5,True,True,131.77154541015625,36.10764694213867,47.07828821813796,0.0009993489583333,0.0001529947916666,2L,False,False,False,False,False,False,True,True,True,235.0,116.0,48.0,320.1243555374037,hough_pupil,26.10635940615998,61.61103979460847,0.75,235.0,124.0,119.0,68.20484949747721,radial_lateral_search,44.58318710327149,19.074996948242188,high,2.4791666666666665,8.0
93,2,L,F93_T2,F93_T2_L,6,S3932L06.jpg,93/2L/S3932L06.jpg,/Users/sarahoualli/Desktop/BIO/iris_twins_project/data/raw/CASIA-Iris-Twins/93/2L/S3932L06.jpg,.jpg,19630,a909b8d567a78b0eb0114e494533ecb5f3778592aa033c02fa632782ef8c280a,640,480,L,JPEG,True,,True,93,2,L,6,True,True,131.69161987304688,35.86750411987305,48.6506658993933,0.0007682291666666,0.0001302083333333,2L,False,False,False,False,False,False,True,True,True,242.0,129.0,45.27702331542969,321.7058370003185,threshold_p2,25.164816185541575,61.16151960784314,0.7001451573149814,234.0,137.0,118.0,75.60148741751803,radial_lateral_search,48.80720138549805,21.56999969482422,high,2.6061783960030667,11.31370849898476
93,2,L,F93_T2,F93_T2_L,7,S3932L07.jpg,93/2L/S3932L07.jpg,/Users/sarahoualli/Desktop/BIO/iris_twins_project/data/raw/CASIA-Iris-Twins/93/2L/S3932L07.jpg,.jpg,19793,ca3837be7daf27372225c0cccea5e4e897698a062fe15f63863afabc029e2205,640,480,L,JPEG,True,,True,93,2,L,7,True,True,128.68370056152344,36.25515365600586,50.24373320816889,0.00072265625,0.0001529947916666,2L,False,False,False,False,False,False,True,True,True,285.0,139.0,40.0,327.65096889113084,hough_pupil,22.947023995014025,59.059822521419825,0.75,277.0,139.0,118.0,78.7439437866211,radial_lateral_search,50.281951904296875,22.329994201660156,high,2.95,8.0
93,2,L,F93_T2,F93_T2_L,8,S3932L08.jpg,93/2L/S3932L08.jpg,/Users/sarahoualli/Desktop/BIO/iris_twins_project/data/raw/CASIA-Iris-Twins/93/2L/S3932L08.jpg,.jpg,19764,6afb92da5ed90139559b45dad099d4fdf4640b948553ebd4f9779054a9e7acaf,640,480,L,JPEG,True,,True,93,2,L,8,True,True,128.96958923339844,36.65458679199219,44.337241081227184,0.0006477864583333,0.0001106770833333,2L,False,False,False,False,False,False,True,True,True,291.0,138.26666259765625,45.44314956665039,322.3310392801126,threshold_p3,26.184061189242534,61.23823529411764,0.6980926222738483,283.0,146.26666259765625,116.0,72.54961628046905,radial_lateral_search,48.34248352050781,19.875,high,2.552639971176856,11.31370849898476
93,2,L,F93_T2,F93_T2_L,9,S3932L09.jpg,93/2L/S3932L09.jpg,/Users/sarahoualli/Desktop/BIO/iris_twins_project/data/raw/CASIA-Iris-Twins/93/2L/S3932L09.jpg,.jpg,20003,0d411057c8431bdcf11f5b9286d59d67a14105ee84139e4be19a03529f853a62,640,480,L,JPEG,True,,True,93,2,L,9,True,True,129.70138549804688,36.40874099731445,55.846266953531895,0.0008138020833333,0.0001334635416666,2L,False,False,False,False,False,False,True,True,True,287.0,135.0,39.0,324.64064371023915,hough_pupil,22.53982005998001,57.00895819508958,0.75,279.0,135.0,116.0,74.65534501687074,radial_lateral_search,52.212772369384766,18.100006103515625,high,2.9743589743589745,8.0
93,2,L,F93_T2,F93_T2_L,10,S3932L10.jpg,93/2L/S3932L10.jpg,/Users/sarahoualli/Desktop/BIO/iris_twins_project/data/raw/CASIA-Iris-Twins/93/2L/S3932L10.jpg,.jpg,20220,207599b7f87248461ed32ee571c6d36984eea2383983cc9e5ca1e77111ab7111,640,480,L,JPEG,True,,True,93,2,L,10,True,True,130.26939392089844,37.61941909790039,52.850326383421155,0.00119140625,0.0001236979166666,2L,False,False,False,False,False,False,True,True,True,313.0505676269531,122.2528076171875,43.6740608215332,326.9087553415117,threshold_p2,23.44095509992214,59.47271573604061,0.7266748511186889,305.0505676269531,130.2528076171875,118.0,75.84113078662196,radial_lateral_search,49.378231048583984,21.05999755859375,high,2.701832570188227,11.31370849898476
93,2,R,F93_T2,F93_T2_R,4,S3932R04.jpg,93/2R/S3932R04.jpg,/Users/sarahoualli/Desktop/BIO/iris_twins_project/data/raw/CASIA-Iris-Twins/93/2R/S3932R04.jpg,.jpg,18849,26ed80c14658a5b42da39f651e5c664b3a286a62e406d40b2ba17ddb3026f0d3,640,480,L,JPEG,True,,True,93,2,R,4,True,True,128.6923065185547,36.71132278442383,44.5030326198578,0.0006640625,0.00013671875,2R,False,False,False,False,False,False,True,True,True,281.47198486328125,145.68038940429688,44.121437072753906,323.48823372225223,threshold_p3,26.840124578250713,61.89835025380711,0.7237203599973397,289.47198486328125,153.68038940429688,111.0,78.17468869781086,radial_lateral_search,50.79698181152344,22.24499893188477,high,2.5157838765987357,11.31370849898476
93,2,R,F93_T2,F93_T2_R,5,S3932R05.jpg,93/2R/S3932R05.jpg,/Users/sarahoualli/Desktop/BIO/iris_twins_project/data/raw/CASIA-Iris-Twins/93/2R/S3932R05.jpg,.jpg,17533,f86f598a38d183dc013a15b419c57d9575e614745762999a2ef7dc77590bcc20,640,480,L,JPEG,True,,True,93,2,R,5,True,True,131.48341369628906,36.39408493041992,32.070291446940104,0.0004720052083333,9.440104166666666e-05,2R,False,False,False,False,False,False,True,True,True,291.0909118652344,130.52272033691406,45.39692687988281,325.12888031761963,threshold_p4,28.6239822353812,63.50723039215686,0.885057666499178,299.0909118652344,138.52272033691406,108.0,73.59775209565215,radial_lateral_search,48.32111358642578,21.13500213623047,high,2.3790156608124744,11.31370849898476
93,2,R,F93_T2,F93_T2_R,6,S3932R06.jpg,93/2R/S3932R06.jpg,/Users/sarahoualli/Desktop/BIO/iris_twins_project/data/raw/CASIA-Iris-Twins/93/2R/S3932R06.jpg,.jpg,17618,f8f52ef2973472636f9bba26dc8340b2ee549394ccd01f4e6f9c3d57c273e827,640,480,L,JPEG,True,,True,93,2,R,6,True,True,131.335693359375,36.395503997802734,34.30768396059671,0.0005533854166666,0.0001009114583333,2R,False,False,False,False,False,False,True,True,True,281.41497802734375,129.45005798339844,46.51289367675781,327.4861844889433,threshold_p5,28.228744467738174,64.41211564938045,0.8774674344489373,289.41497802734375,129.45005798339844,108.0,70.45892796787709,radial_lateral_search,46.51417922973633,19.75500106811523,high,2.3219368106948566,8.0
93,2,R,F93_T2,F93_T2_R,7,S3932R07.jpg,93/2R/S3932R07.jpg,/Users/sarahoualli/Desktop/BIO/iris_twins_project/data/raw/CASIA-Iris-Twins/93/2R/S3932R07.jpg,.jpg,17228,04e573a6611aa0e6d7aa5e7d253b2743a7ece6b66fc71aaeef1470a038298a09,640,480,L,JPEG,True,,True,93,2,R,7,True,True,131.1351318359375,36.560916900634766,27.274280637571543,0.0008170572916666,9.114583333333334e-05,2R,False,False,False,False,False,False,True,True,True,309.17474365234375,139.138427734375,46.17461395263672,328.82038982749003,threshold_p4,27.882133706033077,63.76960567124502,0.886551639486771,317.17474365234375,139.138427734375,107.0,66.67331136254235,radial_lateral_search,43.54514694213867,19.185001373291016,high,2.317290624449064,8.0
94,1,L,F94_T1,F94_T1_L,1,S3941L01.jpg,94/1L/S3941L01.jpg,/Users/sarahoualli/Desktop/BIO/iris_twins_project/data/raw/CASIA-Iris-Twins/94/1L/S3941L01.jpg,.jpg,16210,7acaffb17ace2eb03761a81e025147f1834543fa479a43fdaf839961d4bb5e28,640,480,L,JPEG,True,,True,94,1,L,1,True,True,136.5086212158203,30.550800323486328,23.043722021314835,0.0006575520833333,0.0001106770833333,1L,False,False,False,False,False,False,True,True,True,333.46075439453125,188.67404174804688,48.95905303955078,392.4912594218435,threshold_p3,28.268578605819553,97.88605305466238,0.7163105132146453,325.46075439453125,188.67404174804688,115.0,74.90034746760426,radial_lateral_search,52.33174133300781,18.69499969482422,high,2.3489016404606335,8.0
94,1,L,F94_T1,F94_T1_L,2,S3941L02.jpg,94/1L/S3941L02.jpg,/Users/sarahoualli/Desktop/BIO/iris_twins_project/data/raw/CASIA-Iris-Twins/94/1L/S3941L02.jpg,.jpg,16931,f2ef2bbdafc34a8d1ed42a512efc743af5a4d36e6b93153d4686ad9488611328,640,480,L,JPEG,True,,True,94,1,L,2,True,True,133.1429901123047,34.93327331542969,25.041686024305555,0.0013118489583333,0.000126953125,1L,False,False,False,False,False,False,True,True,True,339.0,195.0,49.396453857421875,379.97244371443713,threshold_p2,27.497512437810947,90.40225563909776,0.7314135947557718,331.0,195.0,119.0,85.47874251472922,radial_lateral_search,60.45743179321289,20.274993896484375,high,2.4090798166095504,8.0
94,1,L,F94_T1,F94_T1_L,4,S3941L04.jpg,94/1L/S3941L04.jpg,/Users/sarahoualli/Desktop/BIO/iris_twins_project/data/raw/CASIA-Iris-Twins/94/1L/S3941L04.jpg,.jpg,20638,69e6d50ba70c71984a7fb9d2ae1373e6539dec388edb3858ad72fe8d8102c8a9,640,480,L,JPEG,True,,True,94,1,L,4,True,True,137.79257202148438,33.26820373535156,39.63754501342773,0.0007845052083333,0.0001236979166666,1L,False,False,False,False,False,False,True,True,True,283.3486633300781,230.7432403564453,54.55038070678711,404.29885541948056,threshold_p5,28.599802534145137,102.11013427109974,0.8258871731054493,275.3486633300781,238.7432403564453,119.0,101.63317688484643,radial_lateral_search,67.95571899414062,27.70000457763672,high,2.181469651690151,11.31370849898476
94,1,L,F94_T1,F94_T1_L,8,S3941L08.jpg,94/1L/S3941L08.jpg,/Users/sarahoualli/Desktop/BIO/iris_twins_project/data/raw/CASIA-Iris-Twins/94/1L/S3941L08.jpg,.jpg,19146,0a039039fdd3e7fa2b7c4aa1f52331a9cea5369dbba81ccb30ddf9fcdc28efb9,640,480,L,JPEG,True,,True,94,1,L,8,True,True,121.39432525634766,52.838409423828125,23.203524538665352,0.006748046875,0.000185546875,1L,False,False,False,False,False,False,True,True,True,309.44775390625,247.8207092285156,59.43928146362305,342.1865976582528,threshold_p4,23.578816026618604,65.5426778819636,0.6576401428843492,301.44775390625,247.8207092285156,132.0,78.72567732623666,radial_lateral_search,52.420658111572266,21.730003356933594,high,2.220753628739342,8.0
94,1,L,F94_T1,F94_T1_L,10,S3941L10.jpg,94/1L/S3941L10.jpg,/Users/sarahoualli/Desktop/BIO/iris_twins_project/data/raw/CASIA-Iris-Twins/94/1L/S3941L10.jpg,.jpg,20187,272365a9d8a4ebd5f2f8ad6e51a405fedcf099dd15a0a210211d41a63beb947b,640,480,L,JPEG,True,,True,94,1,L,10,True,True,136.6234130859375,35.14728927612305,29.288030949529013,0.0016536458333333,0.0002766927083333,1L,False,False,False,False,False,False,True,True,True,300.0,214.2209320068359,65.15628051757812,406.4482944603265,threshold_p5,28.322584441567617,104.91217450890818,0.7099543113652856,290.0,219.0,132.0,105.78229279399125,hough_iris,71.50051879882812,28.535003662109375,high,2.025898331694801,11.083297834276816
94,1,R,F94_T1,F94_T1_R,1,S3941R01.jpg,94/1R/S3941R01.jpg,/Users/sarahoualli/Desktop/BIO/iris_twins_project/data/raw/CASIA-Iris-Twins/94/1R/S3941R01.jpg,.jpg,16579,d232435808f7fa07d3add0bccc99d7e6c5d0e1e5871e9a4754ad6c1096681186,640,480,L,JPEG,True,,True,94,1,R,1,True,True,124.6497802734375,40.747413635253906,18.9313647418552,0.0004752604166666,0.0001236979166666,1R,False,False,False,False,False,False,True,True,True,327.80645751953125,173.9516143798828,50.09653091430664,359.57641525965175,threshold_p8,28.584278606965174,80.05631067961166,0.8499997752507981,327.80645751953125,173.9516143798828,107.0,75.95613774009374,radial_lateral_search,47.78763198852539,21.875,high,2.135876437892086,0.0
94,1,R,F94_T1,F94_T1_R,2,S3941R02.jpg,94/1R/S3941R02.jpg,/Users/sarahoualli/Desktop/BIO/iris_twins_project/data/raw/CASIA-Iris-Twins/94/1R/S3941R02.jpg,.jpg,17242,e20854a279a51d44632b2a04bb9dfff512e50dbd897d8f8f55876262dc71a439,640,480,L,JPEG,True,,True,94,1,R,2,True,True,119.01573181152344,41.56553268432617,23.575084080155687,0.0003580729166666,0.0001041666666666,1R,False,False,False,False,False,False,True,True,True,260.9730529785156,171.51641845703125,46.52785110473633,348.43481601423207,threshold_p12,29.733286745865364,76.3625516291877,0.8794158523174417,260.9730529785156,171.51641845703125,106.0,108.47424266286264,radial_lateral_search,69.2784194946289,29.345001220703125,high,2.278205364812339,0.0
94,1,R,F94_T1,F94_T1_R,3,S3941R03.jpg,94/1R/S3941R03.jpg,/Users/sarahoualli/Desktop/BIO/iris_twins_project/data/raw/CASIA-Iris-Twins/94/1R/S3941R03.jpg,.jpg,20509,f4d3b3157bcbfccadcdae8ae605ca5f1631266a251d95444149db485f57c2fef,640,480,L,JPEG,True,,True,94,1,R,3,True,True,128.3312530517578,44.85734939575195,41.409885585689544,0.0001725260416666,0.000146484375,1R,False,False,False,False,False,False,True,True,True,263.5,176.5,52.15851211547851,382.2608327270289,threshold_p10,31.75601809954751,97.6960237495502,0.8203171771377636,263.5,176.5,113.0,91.92442942515984,radial_lateral_search,61.51253890991211,23.38999938964844,high,2.1664728424349784,0.0
94,1,R,F94_T1,F94_T1_R,4,S3941R04.jpg,94/1R/S3941R04.jpg,/Users/sarahoualli/Desktop/BIO/iris_twins_project/data/raw/CASIA-Iris-Twins/94/1R/S3941R04.jpg,.jpg,21776,6d301ee89919d4975e9cdfa6035673b3b670198d522c992d8fe87d6c6b9810f8,640,480,L,JPEG,True,,True,94,1,R,4,True,True,110.78466033935548,41.04990005493164,53.113304821607805,0.0010611979166666,0.000126953125,1R,False,False,False,False,False,False,True,True,True,260.8088684082031,193.27330017089844,46.73379898071289,355.20266513083465,threshold_p12,28.870719776380152,77.80862781092245,0.8837230030093765,260.0,197.0,115.0,108.12084874725171,hough_iris,73.01924133300781,26.579994201660156,high,2.4607458094185897,3.813470823018667
94,1,R,F94_T1,F94_T1_R,5,S3941R05.jpg,94/1R/S3941R05.jpg,/Users/sarahoualli/Desktop/BIO/iris_twins_project/data/raw/CASIA-Iris-Twins/94/1R/S3941R05.jpg,.jpg,18970,34429acfbf1f712cc84d35c2b6d7b32a5bdd3f69247559390e91bf1134491cf5,640,480,L,JPEG,True,,True,94,1,R,5,True,True,113.20675659179688,38.15932846069336,34.690552798112236,0.0008072916666666,0.000126953125,1R,False,False,False,False,False,False,True,True,True,305.6132507324219,167.30429077148438,45.76726531982422,354.83925379755476,threshold_p12,29.455392499417655,78.14697674418605,0.8921487112831675,305.6132507324219,167.30429077148438,112.0,114.32931192488152,radial_lateral_search,75.11566162109375,28.874996185302734,high,2.4471639110909886,0.0
94,1,R,F94_T1,F94_T1_R,6,S3941R06.jpg,94/1R/S3941R06.jpg,/Users/sarahoualli/Desktop/BIO/iris_twins_project/data/raw/CASIA-Iris-Twins/94/1R/S3941R06.jpg,.jpg,23234,6637577e86d46f15dd1cdae4fda0c20e364ffe056382d0e9874e0dadb9244dde,640,480,L,JPEG,True,,True,94,1,R,6,True,True,118.98424530029295,40.47227478027344,81.20501338779664,0.0008561197916666,0.0001171875,1R,False,False,False,False,False,False,True,True,True,315.5854187011719,202.0697784423828,44.95258331298828,373.32275476334314,threshold_p10,28.088082901554404,86.2419545669664,0.7441823666501852,315.5854187011719,202.0697784423828,117.0,124.1092603351275,radial_lateral_search,81.43829345703125,30.89999771118164,high,2.6027425206104864,0.0
94,1,R,F94_T1,F94_T1_R,7,S3941R07.jpg,94/1R/S3941R07.jpg,/Users/sarahoualli/Desktop/BIO/iris_twins_project/data/raw/CASIA-Iris-Twins/94/1R/S3941R07.jpg,.jpg,21530,f719874c6af0bd8c8f4688a0924f12db49f84726f3c4f0ba703502761adb46d8,640,480,L,JPEG,True,,True,94,1,R,7,True,True,119.080810546875,37.87630462646485,53.66301577452555,0.00228515625,0.0001236979166666,1R,False,False,False,False,False,False,True,True,True,375.1325988769531,204.19485473632812,46.81328582763672,373.36993844536977,threshold_p12,24.769857908222686,81.51379834854411,0.8075800272356761,375.1325988769531,204.19485473632812,118.0,111.34352239410008,radial_lateral_search,73.68391418457031,27.55500030517578,high,2.5206519455709184,0.0
94,2,L,F94_T2,F94_T2_L,1,S3942L01.jpg,94/2L/S3942L01.jpg,/Users/sarahoualli/Desktop/BIO/iris_twins_project/data/raw/CASIA-Iris-Twins/94/2L/S3942L01.jpg,.jpg,21248,2aa4afa8aa1fee3827305942d3d071b00f941dde84ba43e6a390f04fcebe6ac4,640,480,L,JPEG,True,,True,94,2,L,1,True,True,113.52559661865234,40.58627700805664,36.42526113636229,0.0063932291666666,0.0001334635416666,2L,False,False,False,False,False,False,True,True,True,314.9103698730469,211.3207244873047,56.2024040222168,353.56636118748,threshold_p8,23.434208457789655,68.29402613565651,0.80718088816404,310.0,214.0,129.0,112.70115032597664,hough_iris,74.1004867553711,29.87000274658203,high,2.295275482326456,5.593768815660432
94,2,L,F94_T2,F94_T2_L,2,S3942L02.jpg,94/2L/S3942L02.jpg,/Users/sarahoualli/Desktop/BIO/iris_twins_project/data/raw/CASIA-Iris-Twins/94/2L/S3942L02.jpg,.jpg,20330,3f44e45ac19db98f9a59dc6c84f2d0ee840681d7d6a3cd59aef9944d539952bf,640,480,L,JPEG,True,,True,94,2,L,2,True,True,122.86018371582033,36.67824935913086,27.510950180466978,0.004111328125,0.0001497395833333,2L,False,False,False,False,False,False,True,True,True,320.0,218.0,55.03644943237305,366.9972334397438,threshold_p5,24.99078492677308,77.17794795783927,0.8049160460821744,316.0,216.0,129.0,106.6675058183821,hough_iris,73.14293670654297,25.904998779296875,high,2.3439012023933503,4.47213595499958
94,2,L,F94_T2,F94_T2_L,3,S3942L03.jpg,94/2L/S3942L03.jpg,/Users/sarahoualli/Desktop/BIO/iris_twins_project/data/raw/CASIA-Iris-Twins/94/2L/S3942L03.jpg,.jpg,22732,ac77b72f5fb9a3cb6a461b47bd17a1745f525044f58de7b0588138cd52f31ab5,640,480,L,JPEG,True,,True,94,2,L,3,True,True,125.70964813232422,33.80751037597656,53.89491778903537,0.002646484375,0.0001790364583333,2L,False,False,False,False,False,False,True,True,True,325.0,224.0,55.0,377.2714495282788,hough_pupil,25.74526904722725,85.2679512516469,0.75,318.0,228.0,126.0,122.7364660916008,hough_iris,83.11840057373047,31.04999542236328,high,2.290909090909091,8.06225774829855
94,2,L,F94_T2,F94_T2_L,4,S3942L04.jpg,94/2L/S3942L04.jpg,/Users/sarahoualli/Desktop/BIO/iris_twins_project/data/raw/CASIA-Iris-Twins/94/2L/S3942L04.jpg,.jpg,21298,e658f98a7fff6f10facb253d661408f991aeb34fa76ffa79bce3530a82af9fb1,640,480,L,JPEG,True,,True,94,2,L,4,True,True,119.35051727294922,36.490936279296875,38.20775283605787,0.0035970052083333,0.0001953125,2L,False,False,False,False,False,False,True,True,True,317.5,220.5,57.1183967590332,368.9670383819121,threshold_p8,25.934037735849056,78.5213927412216,0.8904559739411746,314.0,216.0,130.0,100.18952517602486,hough_iris,72.25585174560547,22.324996948242188,high,2.275974246063562,5.70087712549569
94,2,L,F94_T2,F94_T2_L,5,S3942L05.jpg,94/2L/S3942L05.jpg,/Users/sarahoualli/Desktop/BIO/iris_twins_project/data/raw/CASIA-Iris-Twins/94/2L/S3942L05.jpg,.jpg,20583,ea031131687e93055b9d8900a359f4acaadde952cd86f5a4778c592ca2fcd244,640,480,L,JPEG,True,,True,94,2,L,5,True,True,116.34314727783205,39.1356315612793,32.406055956353086,0.0054654947916666,0.0001529947916666,2L,False,False,False,False,False,False,True,True,True,301.5,209.0,54.8658447265625,355.0331875313592,threshold_p5,24.272667434589437,71.69449934123847,0.7314577562885218,298.0,208.0,128.0,113.84687745256704,hough_iris,77.07103729248047,28.11000061035156,high,2.332963260438614,3.640054944640259
94,2,L,F94_T2,F94_T2_L,6,S3942L06.jpg,94/2L/S3942L06.jpg,/Users/sarahoualli/Desktop/BIO/iris_twins_project/data/raw/CASIA-Iris-Twins/94/2L/S3942L06.jpg,.jpg,21760,e5f619dba870e1b75a42011cc57b4946de802ff190a03913471266f65dc8c03d,640,480,L,JPEG,True,,True,94,2,L,6,True,True,123.65022277832033,35.517513275146484,42.15396098564995,0.0038346354166666,0.0001529947916666,2L,False,False,False,False,False,False,True,True,True,287.5,208.5,56.608402252197266,370.06908411447273,threshold_p8,25.657443798144943,79.3289552238806,0.8982795612215023,284.0,206.0,126.0,115.03454562432952,hough_iris,77.71856689453125,28.919998168945312,high,2.225817987913787,4.301162633521313
94,2,L,F94_T2,F94_T2_L,7,S3942L07.jpg,94/2L/S3942L07.jpg,/Users/sarahoualli/Desktop/BIO/iris_twins_project/data/raw/CASIA-Iris-Twins/94/2L/S3942L07.jpg,.jpg,21884,c436471e2f926d57f45d389897d5ca003cf585b481df1af21c304281e2177cd1,640,480,L,JPEG,True,,True,94,2,L,7,True,True,122.06651306152344,36.92935943603515,47.06502721082901,0.0037239583333333,0.000146484375,2L,False,False,False,False,False,False,True,True,True,312.0,225.0,58.52359771728515,373.790514720033,threshold_p8,25.91735298367288,81.07383347303715,0.8871573446268041,310.0,226.0,126.0,112.17439796175104,hough_iris,75.71150207519531,28.150001525878903,high,2.1529776861750496,2.23606797749979
94,2,L,F94_T2,F94_T2_L,8,S3942L08.jpg,94/2L/S3942L08.jpg,/Users/sarahoualli/Desktop/BIO/iris_twins_project/data/raw/CASIA-Iris-Twins/94/2L/S3942L08.jpg,.jpg,22436,268e4ff7f57b3f83e6ec7581e8355810ae9ad522daeb0f21cb826b011901053f,640,480,L,JPEG,True,,True,94,2,L,8,True,True,121.89215087890624,36.74620056152344,53.91543470251294,0.0036295572916666,0.0001432291666666,2L,False,False,False,False,False,False,True,True,True,304.6191101074219,224.8573455810547,57.61746597290039,372.9521594049518,threshold_p8,25.82309433962264,80.45632930067866,0.8857734524043407,300.0,228.0,124.0,114.52782666013242,hough_iris,76.26702880859375,30.03499984741211,high,2.152125191661878,5.586810805943175
94,2,L,F94_T2,F94_T2_L,9,S3942L09.jpg,94/2L/S3942L09.jpg,/Users/sarahoualli/Desktop/BIO/iris_twins_project/data/raw/CASIA-Iris-Twins/94/2L/S3942L09.jpg,.jpg,21858,7588d22021b56aba2a9d6a262ee4b1bf72402e029226303baaea9604f2ac298b,640,480,L,JPEG,True,,True,94,2,L,9,True,True,120.42047119140624,40.15652847290039,51.40825453566447,0.0046940104166666,0.00013671875,2L,False,False,False,False,False,False,True,True,True,305.8298645019531,221.56678771972656,57.47429275512695,361.9578498961066,threshold_p8,25.89690566037736,75.03002360578341,0.8943619448004736,303.0,222.0,127.0,111.49054720401672,hough_iris,74.21551513671875,28.680004119873047,high,2.2096835630686567,2.862831811195712
94,2,L,F94_T2,F94_T2_L,10,S3942L10.jpg,94/2L/S3942L10.jpg,/Users/sarahoualli/Desktop/BIO/iris_twins_project/data/raw/CASIA-Iris-Twins/94/2L/S3942L10.jpg,.jpg,23015,e1522322b870c95d416d0e456b9c504b5a67d649a7cb60d928ae13e8cef5a33d,640,480,L,JPEG,True,,True,94,2,L,10,True,True,126.30599212646484,37.17290496826172,58.708143744405106,0.003115234375,0.0001432291666666,2L,False,False,False,False,False,False,True,True,True,309.6056213378906,219.5422515869141,57.95904541015625,377.1871769515533,threshold_p8,25.301735849056605,81.77462946817785,0.8909531553335485,304.0,220.0,126.0,119.7359870180851,hough_iris,79.87126159667969,31.125,high,2.17394884798984,5.6242798822158
94,2,R,F94_T2,F94_T2_R,1,S3942R01.jpg,94/2R/S3942R01.jpg,/Users/sarahoualli/Desktop/BIO/iris_twins_project/data/raw/CASIA-Iris-Twins/94/2R/S3942R01.jpg,.jpg,19664,7bd47f102a1b544791c70267abfd2bc0a7a6df871dde7363eedfa3d70461b187,640,480,L,JPEG,True,,True,94,2,R,1,True,True,119.6801528930664,31.94388198852539,27.67573194020589,0.0009928385416666,0.0001041666666666,2R,False,False,False,False,False,False,True,True,True,298.0865478515625,212.6680450439453,44.6035041809082,339.0455862712613,threshold_p5,27.92992844806316,67.02889885401096,0.8932221775532158,303.0,211.0,110.0,105.96245856623813,hough_iris,71.1829833984375,26.579998016357425,high,2.4661739479895775,5.188871388232282
94,2,R,F94_T2,F94_T2_R,2,S3942R02.jpg,94/2R/S3942R02.jpg,/Users/sarahoualli/Desktop/BIO/iris_twins_project/data/raw/CASIA-Iris-Twins/94/2R/S3942R02.jpg,.jpg,19739,83805fdd3ad1e5a1e36a7d9a298a4859c1b538e964ad0a70ff1cd08a0f00f945,640,480,L,JPEG,True,,True,94,2,R,2,True,True,118.45183563232422,32.856624603271484,30.809066731092663,0.000859375,0.0001204427083333,2R,False,False,False,False,False,False,True,True,True,301.0,217.0,44.721458435058594,335.00308965836695,threshold_p5,28.454231433506045,65.83183856502242,0.886680777693401,306.0,215.0,110.0,105.47320889845597,hough_iris,73.23983001708984,24.81499481201172,high,2.45966933658334,5.385164807134504
94,2,R,F94_T2,F94_T2_R,3,S3942R03.jpg,94/2R/S3942R03.jpg,/Users/sarahoualli/Desktop/BIO/iris_twins_project/data/raw/CASIA-Iris-Twins/94/2R/S3942R03.jpg,.jpg,19869,113a7f18ef2878d2749dcf2a430f248a2a3edaa2b40fb10ba096fe5e971c61d5,640,480,L,JPEG,True,,True,94,2,R,3,True,True,122.26897430419922,32.75774383544922,32.7519823190901,0.000703125,0.0001106770833333,2R,False,False,False,False,False,False,True,True,True,301.5,211.03260803222656,46.100547790527344,341.82767097306754,threshold_p6,28.188912182622875,69.32662790697674,0.8660482184145355,304.0,212.0,108.0,129.3068251902021,hough_iris,85.84716796875,32.68499755859375,high,2.3427053511540192,2.6806430607808576
94,2,R,F94_T2,F94_T2_R,4,S3942R04.jpg,94/2R/S3942R04.jpg,/Users/sarahoualli/Desktop/BIO/iris_twins_project/data/raw/CASIA-Iris-Twins/94/2R/S3942R04.jpg,.jpg,19507,86073dbc103f5b991cbd598b6d022a7675a0521dfc7b37bbe11a9b7b3adbdd9a,640,480,L,JPEG,True,,True,94,2,R,4,True,True,121.73448181152344,32.6850700378418,29.065576619296596,0.000947265625,0.000126953125,2R,False,False,False,False,False,False,True,True,True,311.5316467285156,227.6329040527344,45.70317459106445,342.8741509370067,threshold_p5,28.206848357791753,69.03081395348838,0.8723772874366301,314.0,229.0,108.0,120.77712433983298,hough_iris,82.01724243164062,29.294998168945312,high,2.363074358977141,2.821651856958564
94,2,R,F94_T2,F94_T2_R,5,S3942R05.jpg,94/2R/S3942R05.jpg,/Users/sarahoualli/Desktop/BIO/iris_twins_project/data/raw/CASIA-Iris-Twins/94/2R/S3942R05.jpg,.jpg,18405,67008be00b3fd3704b8f3afe92f8f7bbd550afee3c798357a41b2408bd275ab3,640,480,L,JPEG,True,,True,94,2,R,5,True,True,121.09851837158205,32.477882385253906,20.49668505651685,0.000908203125,0.0001139322916666,2R,False,False,False,False,False,False,True,True,True,303.5115661621094,231.33230590820312,45.80260467529297,339.6840193507964,threshold_p5,28.659678546471,67.97383720930233,0.8908986515222375,307.0,232.0,109.0,110.1447035396388,hough_iris,73.07553100585938,28.170001983642575,high,2.379777324296957,3.551758162031977
94,2,R,F94_T2,F94_T2_R,6,S3942R06.jpg,94/2R/S3942R06.jpg,/Users/sarahoualli/Desktop/BIO/iris_twins_project/data/raw/CASIA-Iris-Twins/94/2R/S3942R06.jpg,.jpg,20125,60e54aabdaa78704c583f4abe9f2a53ca8c28ea5180886443b12f3f204bc9fc5,640,480,L,JPEG,True,,True,94,2,R,6,True,True,119.88833618164062,33.63844680786133,34.8998925007714,0.001279296875,0.0001204427083333,2R,False,False,False,False,False,False,True,True,True,301.8975830078125,228.43373107910156,45.75066375732422,339.42737518200533,threshold_p5,28.526438388073608,67.72732558139535,0.8908284023142009,304.0,229.0,110.0,103.50708497366692,hough_iris,67.7460708618164,26.920001983642575,high,2.4043367017246853,2.177341888591274
94,2,R,F94_T2,F94_T2_R,7,S3942R07.jpg,94/2R/S3942R07.jpg,/Users/sarahoualli/Desktop/BIO/iris_twins_project/data/raw/CASIA-Iris-Twins/94/2R/S3942R07.jpg,.jpg,20820,c3e5a15a96deb959c0eed648c5b632dd69e7458f85cdd742d44a4fe23d583a23,640,480,L,JPEG,True,,True,94,2,R,7,True,True,122.68467712402344,33.91891860961914,38.69168730179468,0.0008365885416666,0.0001302083333333,2R,False,False,False,False,False,False,True,True,True,301.5852966308594,224.8696746826172,47.56497573852539,350.06841712336353,threshold_p6,27.207179259915797,71.52064612751391,0.8753040540199134,306.0,230.0,107.0,116.1299691583459,hough_iris,76.5008316040039,30.944995880126953,high,2.2495543903607005,6.768296957114148
94,2,R,F94_T2,F94_T2_R,8,S3942R08.jpg,94/2R/S3942R08.jpg,/Users/sarahoualli/Desktop/BIO/iris_twins_project/data/raw/CASIA-Iris-Twins/94/2R/S3942R08.jpg,.jpg,17052,3103f6658a8d795b7410a1ff2573eeca7ac46b2f8158771ddb6996e14d2cef26,640,480,L,JPEG,True,,True,94,2,R,8,True,True,131.679931640625,34.3071174621582,22.877289041985406,0.000703125,0.0001041666666666,2R,False,False,False,False,False,False,True,True,True,283.51654052734375,231.26014709472656,45.73401641845703,341.51876477456426,threshold_p5,28.36827393431167,68.92593023255814,0.8769386387138903,285.0,233.0,107.0,122.6761527540157,hough_iris,80.32730102539062,31.829998016357425,high,2.3396152006631468,2.28642518771159
94,2,R,F94_T2,F94_T2_R,9,S3942R09.jpg,94/2R/S3942R09.jpg,/Users/sarahoualli/Desktop/BIO/iris_twins_project/data/raw/CASIA-Iris-Twins/94/2R/S3942R09.jpg,.jpg,16664,9cf4885834e36a1dbe4d0b418924afac58259306732af7cfe8b59ebb2dc26d04,640,480,L,JPEG,True,,True,94,2,R,9,True,True,132.84149169921875,35.427154541015625,22.120330851872765,0.0007486979166666,0.000126953125,2R,False,False,False,False,False,False,True,True,True,278.0,228.5,43.66072082519531,339.15822948949614,threshold_p5,28.378146898520633,67.72931472081218,0.8887501057423031,281.0,230.0,105.0,117.99352486081182,hough_iris,77.14842224121094,30.759998321533203,high,2.4049076152542037,3.3541019662496847
94,2,R,F94_T2,F94_T2_R,10,S3942R10.jpg,94/2R/S3942R10.jpg,/Users/sarahoualli/Desktop/BIO/iris_twins_project/data/raw/CASIA-Iris-Twins/94/2R/S3942R10.jpg,.jpg,21649,2b3910de9b18a781425c8ae349c24426381ddf555668ed66092fcd4783307df5,640,480,L,JPEG,True,,True,94,2,R,10,True,True,141.71311950683594,36.4990234375,61.71008788501953,0.0005045572916666,0.0001171875,2R,False,False,False,False,False,False,True,True,True,285.2760925292969,171.60462951660156,49.99570083618164,372.5627631098914,threshold_p6,29.70149253731343,87.72863078749505,0.882518914394362,289.0,176.0,121.0,144.2017235213415,hough_iris,96.21109008789062,36.25,high,2.420208097421707,5.7607958249437
95,1,L,F95_T1,F95_T1_L,1,S3951L01.jpg,95/1L/S3951L01.jpg,/Users/sarahoualli/Desktop/BIO/iris_twins_project/data/raw/CASIA-Iris-Twins/95/1L/S3951L01.jpg,.jpg,19236,402f23ad97c6e78343eb6a058dfb6bb8066cd970cae653ad57e2c8d19d80f582,640,480,L,JPEG,True,,True,95,1,L,1,True,True,137.32994079589844,38.67168426513672,34.047599881225175,0.0001888020833333,8.7890625e-05,1L,False,False,False,False,False,False,True,True,True,313.14788818359375,210.42605590820312,49.20460510253906,390.1062489888473,threshold_p4,31.212895122461795,97.9045492314084,0.8596506020592577,313.14788818359375,210.42605590820312,111.0,87.42351894035181,radial_lateral_search,63.800968170166016,18.285003662109375,high,2.2558864108081655,0.0
95,1,L,F95_T1,F95_T1_L,2,S3951L02.jpg,95/1L/S3951L02.jpg,/Users/sarahoualli/Desktop/BIO/iris_twins_project/data/raw/CASIA-Iris-Twins/95/1L/S3951L02.jpg,.jpg,19767,2e98cba8dfbb999ee8a3884cace0b120ea75e25152e6d84dacdf5235499bbd48,640,480,L,JPEG,True,,True,95,1,L,2,True,True,137.5585479736328,39.2157096862793,43.12569440901016,0.000224609375,7.486979166666666e-05,1L,False,False,False,False,False,False,True,True,True,312.4535217285156,212.57620239257812,49.604698181152344,389.5007229189997,threshold_p4,31.264477611940297,97.72111199050258,0.8548968221380818,312.4535217285156,212.57620239257812,112.0,89.1487075901463,radial_lateral_search,64.94430541992188,18.69499969482422,high,2.2578506493676276,0.0
95,1,L,F95_T1,F95_T1_L,3,S3951L03.jpg,95/1L/S3951L03.jpg,/Users/sarahoualli/Desktop/BIO/iris_twins_project/data/raw/CASIA-Iris-Twins/95/1L/S3951L03.jpg,.jpg,19373,b857c5197c5dcabcfff2718b6aaa6d3876d8018a51f14a2585de5e8979689e22,640,480,L,JPEG,True,,True,95,1,L,3,True,True,137.9286346435547,39.42599105834961,34.01362204843097,0.0002376302083333,0.000107421875,1L,False,False,False,False,False,False,True,True,True,317.0,212.0,51.0,391.29551340343386,hough_pupil,30.81714502946208,100.16123466257667,0.75,309.0,212.0,114.0,80.9564779842601,radial_lateral_search,60.43830108642578,17.55500030517578,high,2.235294117647059,8.0
95,1,L,F95_T1,F95_T1_L,4,S3951L04.jpg,95/1L/S3951L04.jpg,/Users/sarahoualli/Desktop/BIO/iris_twins_project/data/raw/CASIA-Iris-Twins/95/1L/S3951L04.jpg,.jpg,21191,4b7c326e525f201bdfadc8fa346fc69364c1f3359b36179c6d06d3adf6059c8d,640,480,L,JPEG,True,,True,95,1,L,4,True,True,139.35067749023438,40.816368103027344,54.37766482924357,0.0002180989583333,0.0001725260416666,1L,False,False,False,False,False,False,True,True,True,306.7225036621094,200.1396942138672,54.687652587890625,398.8777353055475,threshold_p5,32.17936481816686,106.59303069053708,0.7221459609940989,310.0,200.0,115.0,91.32432237373968,hough_iris,69.82003784179688,17.794998168945312,high,2.102851275526575,3.2804720267477405
95,1,L,F95_T1,F95_T1_L,6,S3951L06.jpg,95/1L/S3951L06.jpg,/Users/sarahoualli/Desktop/BIO/iris_twins_project/data/raw/CASIA-Iris-Twins/95/1L/S3951L06.jpg,.jpg,23257,398b2fa3bc6e8d972822c3f9d2d22a1f830de82b32c1ca7dbd20d3f3a00b6c6a,640,480,L,JPEG,True,,True,95,1,L,6,True,True,136.69580078125,44.09743881225586,64.03338160594303,0.0004459635416666,0.0001041666666666,1L,False,False,False,False,False,False,True,True,True,334.1302185058594,211.67225646972656,54.10822677612305,414.5156172428948,threshold_p5,30.780272931421663,113.07309109176155,0.6411564246136021,334.1302185058594,219.67225646972656,116.0,76.0028425967571,radial_lateral_search,52.13343811035156,20.209999084472656,high,2.1438514420359573,8.0
95,1,L,F95_T1,F95_T1_L,7,S3951L07.jpg,95/1L/S3951L07.jpg,/Users/sarahoualli/Desktop/BIO/iris_twins_project/data/raw/CASIA-Iris-Twins/95/1L/S3951L07.jpg,.jpg,23447,60d2b5638e460212a8e40079e337918c5de5110694d50df7299c937961a74654,640,480,L,JPEG,True,,True,95,1,L,7,True,True,139.2250518798828,45.743160247802734,62.76589532893499,0.000263671875,0.0001106770833333,1L,False,False,False,False,False,False,True,True,True,335.9040832519531,217.17739868164065,54.554237365722656,412.20680494107927,threshold_p4,30.982886292578577,112.02062020460356,0.6487364214805652,327.9040832519531,225.17739868164065,117.0,79.50323874021855,radial_lateral_search,55.465049743652344,20.919998168945312,high,2.144654671197238,11.31370849898476
95,1,L,F95_T1,F95_T1_L,8,S3951L08.jpg,95/1L/S3951L08.jpg,/Users/sarahoualli/Desktop/BIO/iris_twins_project/data/raw/CASIA-Iris-Twins/95/1L/S3951L08.jpg,.jpg,18834,9e433c63f08e03a453b51b7c7844f95f0a1b5511a7aeb57e93c36a75ae4c69f3,640,480,L,JPEG,True,,True,95,1,L,8,True,True,132.1802215576172,43.8331413269043,34.70844343582789,0.0002897135416666,0.000166015625,1L,False,False,False,False,False,False,True,True,True,345.67474365234375,225.4597320556641,56.71102142333984,411.47258311960223,threshold_p6,29.79531520201226,107.71944103194105,0.8087709967870619,345.67474365234375,233.4597320556641,115.0,68.08909503038907,radial_lateral_search,47.56779479980469,18.150001525878903,high,2.0278245235884764,8.0
95,1,L,F95_T1,F95_T1_L,9,S3951L09.jpg,95/1L/S3951L09.jpg,/Users/sarahoualli/Desktop/BIO/iris_twins_project/data/raw/CASIA-Iris-Twins/95/1L/S3951L09.jpg,.jpg,20244,fa9ca768489c09682071a18e8b79f7346128d7d644b0c26d7a1e78d32797455f,640,480,L,JPEG,True,,True,95,1,L,9,True,True,132.36244201660156,46.13898086547851,37.36478303899765,0.0006217447916666,0.0001106770833333,1L,False,False,False,False,False,False,True,True,True,375.2899169921875,236.3505859375,55.87521743774414,403.7370739135754,threshold_p5,28.915736519415187,105.28274735532048,0.6174460622457141,375.2899169921875,244.3505859375,116.0,68.10885920408519,radial_lateral_search,47.996639251708984,17.720001220703125,high,2.0760545608479566,8.0
95,1,L,F95_T1,F95_T1_L,10,S3951L10.jpg,95/1L/S3951L10.jpg,/Users/sarahoualli/Desktop/BIO/iris_twins_project/data/raw/CASIA-Iris-Twins/95/1L/S3951L10.jpg,.jpg,22854,d774cb32399054586d143a23e1491d8411beafb8eb579afc6be1b4306f74edf3,640,480,L,JPEG,True,,True,95,1,L,10,True,True,132.29330444335938,48.36296081542969,63.85481949182087,0.00123046875,0.0001399739583333,1L,False,False,False,False,False,False,True,True,True,387.0079650878906,237.5559844970703,57.7877197265625,391.5707335466407,threshold_p5,30.152603773584907,102.91993606509736,0.5224270189742561,387.0079650878906,245.5559844970703,117.0,69.51315036984217,radial_lateral_search,48.6545524597168,18.399993896484375,high,2.024651613761811,8.0
95,1,R,F95_T1,F95_T1_R,1,S3951R01.jpg,95/1R/S3951R01.jpg,/Users/sarahoualli/Desktop/BIO/iris_twins_project/data/raw/CASIA-Iris-Twins/95/1R/S3951R01.jpg,.jpg,17447,46cd596a9a4b280de5eef49d5778527a00e1b5d12073f7f3462d6a36d7f52bf8,640,480,L,JPEG,True,,True,95,1,R,1,True,True,120.96051788330078,41.73875045776367,26.81208956569036,0.001201171875,0.000166015625,1R,False,False,False,False,False,False,True,True,True,315.0,157.0,54.0,383.8422699125279,hough_pupil,27.50837795819658,92.94281647689216,0.75,315.0,165.0,116.0,69.8882224754051,radial_lateral_search,47.422630310058594,19.19499969482422,high,2.1481481481481484,8.0
95,1,R,F95_T1,F95_T1_R,2,S3951R02.jpg,95/1R/S3951R02.jpg,/Users/sarahoualli/Desktop/BIO/iris_twins_project/data/raw/CASIA-Iris-Twins/95/1R/S3951R02.jpg,.jpg,17347,5de26ebaed38a96890b74829ab81699c5e26c6839ef54846ffd457922f7b9d42,640,480,L,JPEG,True,,True,95,1,R,2,True,True,126.6935043334961,41.88982772827149,20.584601807392968,0.0003450520833333,0.000126953125,1R,False,False,False,False,False,False,True,True,True,307.568603515625,225.12269592285156,51.002410888671875,397.8396156958089,threshold_p6,28.933472723816767,98.24606978527608,0.8714917989196453,307.568603515625,233.12269592285156,110.0,77.37098160603264,radial_lateral_search,51.32193374633789,21.730003356933594,high,2.1567607899969303,8.0
95,1,R,F95_T1,F95_T1_R,3,S3951R03.jpg,95/1R/S3951R03.jpg,/Users/sarahoualli/Desktop/BIO/iris_twins_project/data/raw/CASIA-Iris-Twins/95/1R/S3951R03.jpg,.jpg,17377,0de814e48bfc95a301bd2a6a836240dd1ac15df0ae3e80c56b34f20f02da3f79,640,480,L,JPEG,True,,True,95,1,R,3,True,True,124.28160095214844,41.31616973876953,21.04726731834411,0.0007552083333333,0.00013671875,1R,False,False,False,False,False,False,True,True,True,283.0809020996094,242.3381805419922,54.13606643676758,392.2038450944596,threshold_p8,29.727241319744344,98.231748158071,0.7988069980602477,279.0,253.0,109.0,75.76965781926123,hough_iris,51.889915466308594,21.199996948242188,high,2.013445142478444,11.416135778000813
95,1,R,F95_T1,F95_T1_R,6,S3951R06.jpg,95/1R/S3951R06.jpg,/Users/sarahoualli/Desktop/BIO/iris_twins_project/data/raw/CASIA-Iris-Twins/95/1R/S3951R06.jpg,.jpg,18010,5c8546163bd8e7f924a173e611a2220d5ade75e7c3993a0fa431021fd39fb4fc,640,480,L,JPEG,True,,True,95,1,R,6,True,True,123.90365600585938,42.85300064086914,21.69780529351765,0.0014583333333333,0.0001236979166666,1R,False,False,False,False,False,False,True,True,True,274.581298828125,214.33740234375,55.24909210205078,391.8289192863913,threshold_p8,28.894684877406615,98.38609794628752,0.7396627283371807,272.0,219.0,112.0,75.63253837318321,hough_iris,50.80616760253906,20.75,high,2.0271826330308635,5.329439045917262
95,1,R,F95_T1,F95_T1_R,7,S3951R07.jpg,95/1R/S3951R07.jpg,/Users/sarahoualli/Desktop/BIO/iris_twins_project/data/raw/CASIA-Iris-Twins/95/1R/S3951R07.jpg,.jpg,19894,6b09d3fd621cd93371dafcda197a333575993e75b5af82864ee55a4e68bac6da,640,480,L,JPEG,True,,True,95,1,R,7,True,True,125.58838653564452,40.24886703491211,35.596836840301094,0.0010286458333333,0.0001204427083333,1R,False,False,False,False,False,False,True,True,True,272.94183349609375,205.2216033935547,52.40177536010742,399.1304209646831,threshold_p8,27.9158371040724,98.90230298668584,0.8377095212329995,278.0,209.0,113.0,93.45775664042716,hough_iris,65.27349853515625,22.954994201660156,high,2.1564154882818145,6.3135829207223235
95,1,R,F95_T1,F95_T1_R,8,S3951R08.jpg,95/1R/S3951R08.jpg,/Users/sarahoualli/Desktop/BIO/iris_twins_project/data/raw/CASIA-Iris-Twins/95/1R/S3951R08.jpg,.jpg,18792,ab0a603ad5c1f0494eeb9fc52c7d5694ebbae14ac7a94ec2e3de97875932c172,640,480,L,JPEG,True,,True,95,1,R,8,True,True,124.82575225830078,51.07926940917969,26.44183476103677,0.0012760416666666,0.0001595052083333,1R,False,False,False,False,False,False,True,True,True,312.7329406738281,194.02914428710935,55.79254531860352,407.66466900836474,threshold_p5,25.809463920767175,101.62207412223668,0.6995095363138636,312.7329406738281,202.02914428710935,120.0,68.1484872858109,radial_lateral_search,46.050193786621094,18.92499542236328,high,2.150824976970303,8.0
95,1,R,F95_T1,F95_T1_R,9,S3951R09.jpg,95/1R/S3951R09.jpg,/Users/sarahoualli/Desktop/BIO/iris_twins_project/data/raw/CASIA-Iris-Twins/95/1R/S3951R09.jpg,.jpg,21972,f1d54b909d1928358b4980eb77a0e80f81e6e778cb6aac66d08968f6f8d80882,640,480,L,JPEG,True,,True,95,1,R,9,True,True,124.50257873535156,49.99077606201172,43.20536184857687,0.0013704427083333,0.00015625,1R,False,False,False,False,False,False,True,True,True,307.0,179.0,56.0,404.71802891999835,hough_pupil,27.83084420688571,103.4477286869944,0.75,312.0,192.0,121.0,81.41464953889314,hough_iris,55.130889892578125,22.94499969482422,high,2.1607142857142856,13.92838827718412
95,1,R,F95_T1,F95_T1_R,10,S3951R10.jpg,95/1R/S3951R10.jpg,/Users/sarahoualli/Desktop/BIO/iris_twins_project/data/raw/CASIA-Iris-Twins/95/1R/S3951R10.jpg,.jpg,23009,46f71ec22244b60fa3fb79efb5391f376c9bef188496775c5c57627765a3f476,640,480,L,JPEG,True,,True,95,1,R,10,True,True,134.197509765625,46.63330078125,45.430602050770645,0.0004361979166666,0.0001529947916666,1R,False,False,False,False,False,False,True,True,True,297.83544921875,181.65817260742188,57.1939582824707,420.40642761769135,threshold_p8,28.491622641509434,111.56712894659192,0.7618756728305774,302.0,187.0,123.0,82.85702723171512,hough_iris,56.62406921386719,21.659996032714844,high,2.150576803803735,6.773374572671144
95,2,L,F95_T2,F95_T2_L,1,S3952L01.jpg,95/2L/S3952L01.jpg,/Users/sarahoualli/Desktop/BIO/iris_twins_project/data/raw/CASIA-Iris-Twins/95/2L/S3952L01.jpg,.jpg,17657,68e201cfb7f114c15ed54974e4b07ff979b0967e36ec622a857cf8a51d3d28ed,640,480,L,JPEG,True,,True,95,2,L,1,True,True,126.20043182373048,33.31025314331055,26.49944530978733,0.000869140625,0.0001139322916666,2L,False,False,False,False,False,False,True,True,True,316.75,157.75,48.25074768066406,374.6382186495175,threshold_p3,28.470169562486916,87.9700800674252,0.8125587902965363,308.75,165.75,109.0,68.04220698140156,radial_lateral_search,45.55550384521485,19.48500061035156,high,2.2590323516101805,11.31370849898476
95,2,L,F95_T2,F95_T2_L,2,S3952L02.jpg,95/2L/S3952L02.jpg,/Users/sarahoualli/Desktop/BIO/iris_twins_project/data/raw/CASIA-Iris-Twins/95/2L/S3952L02.jpg,.jpg,18527,70856e3eae6a5f8293e6cf07a8a65bffa6a8f55bf22484fba4c04d890e707530,640,480,L,JPEG,True,,True,95,2,L,2,True,True,127.2423858642578,33.52299499511719,37.95936829120847,0.00099609375,0.00013671875,2L,False,False,False,False,False,False,True,True,True,319.125,149.5625,52.87690734863281,375.2525284841972,threshold_p4,32.58461538461538,95.38930348258708,0.819418007887342,311.125,149.5625,112.0,72.60912183909994,radial_lateral_search,49.28361892700195,19.894996643066406,high,2.1181269029512535,8.0
95,2,L,F95_T2,F95_T2_L,3,S3952L03.jpg,95/2L/S3952L03.jpg,/Users/sarahoualli/Desktop/BIO/iris_twins_project/data/raw/CASIA-Iris-Twins/95/2L/S3952L03.jpg,.jpg,17474,1bf869f4db49ae83fe5f40bfbd7fc556a8c3fa3d72b8cb98eb1917f9b956fc75,640,480,L,JPEG,True,,True,95,2,L,3,True,True,128.72515869140625,34.472530364990234,26.722342019610945,0.0009407552083333,0.0001106770833333,2L,False,False,False,False,False,False,True,True,True,314.40472412109375,136.81829833984375,55.09928512573242,381.0320992368878,threshold_p5,27.99703801217706,91.56760540184452,0.8200189654030755,306.40472412109375,144.81829833984375,112.0,76.27144014231615,radial_lateral_search,50.490089416503906,22.48500061035156,high,2.0326942490165605,11.31370849898476
95,2,L,F95_T2,F95_T2_L,4,S3952L04.jpg,95/2L/S3952L04.jpg,/Users/sarahoualli/Desktop/BIO/iris_twins_project/data/raw/CASIA-Iris-Twins/95/2L/S3952L04.jpg,.jpg,17932,c9e2d76f670b41fe174285c977b34dce76067b1e40ea9d0b5320e0be8340308c,640,480,L,JPEG,True,,True,95,2,L,4,True,True,124.2621612548828,33.5836296081543,28.622889653142305,0.0019921875,9.765625e-05,2L,False,False,False,False,False,False,True,True,True,335.107421875,172.36944580078125,50.39358139038086,352.0077954536493,threshold_p4,26.74547263681592,73.02708737864077,0.8771655233652116,327.107421875,180.36944580078125,109.0,85.39573094729903,radial_lateral_search,54.620262145996094,25.68000030517578,high,2.162973874700756,11.31370849898476
95,2,L,F95_T2,F95_T2_L,5,S3952L05.jpg,95/2L/S3952L05.jpg,/Users/sarahoualli/Desktop/BIO/iris_twins_project/data/raw/CASIA-Iris-Twins/95/2L/S3952L05.jpg,.jpg,17766,d21b811630a3ccf0f511697f7285bad1a330772c589ec2ae37376b556c64ab13,640,480,L,JPEG,True,,True,95,2,L,5,True,True,127.75215911865234,34.981590270996094,29.239293090650772,0.0016145833333333,0.0001529947916666,2L,False,False,False,False,False,False,True,True,True,320.5288391113281,190.0482635498047,53.05987548828125,366.6646250864667,threshold_p5,27.71873303167421,81.023276474769,0.8779808674729355,318.0,188.0,119.0,85.51563069672025,hough_iris,58.860206604003906,21.06999969482422,high,2.2427493262075635,3.254291139471286
95,2,L,F95_T2,F95_T2_L,6,S3952L06.jpg,95/2L/S3952L06.jpg,/Users/sarahoualli/Desktop/BIO/iris_twins_project/data/raw/CASIA-Iris-Twins/95/2L/S3952L06.jpg,.jpg,17442,d443485882c6ecef19e8a54d72c10731059d4ab136e9e09d5c67dde8cccd90a9,640,480,L,JPEG,True,,True,95,2,L,6,True,True,127.07239532470705,38.55036163330078,28.018254719670615,0.0015299479166666,0.0002213541666666,2L,False,False,False,False,False,False,True,True,True,276.7919616699219,208.3101348876953,52.88077926635742,378.10349008155714,threshold_p5,28.35131221719457,87.91320184790334,0.882271114084991,276.7919616699219,208.3101348876953,120.0,71.39500378090267,radial_lateral_search,47.27097702026367,18.605003356933594,high,2.269255515232991,0.0
95,2,L,F95_T2,F95_T2_L,8,S3952L08.jpg,95/2L/S3952L08.jpg,/Users/sarahoualli/Desktop/BIO/iris_twins_project/data/raw/CASIA-Iris-Twins/95/2L/S3952L08.jpg,.jpg,18617,dccc4a71488b0c1205a288d8fd409f0f0426f842cba6310d6bb372fe4cbde3ef,640,480,L,JPEG,True,,True,95,2,L,8,True,True,128.10018920898438,35.36854934692383,36.5427879562272,0.0009407552083333,0.0001529947916666,2L,False,False,False,False,False,False,True,True,True,295.8079528808594,168.1099853515625,54.20415496826172,356.215725500953,threshold_p5,28.97287959923994,82.24966510381782,0.6394988216172106,293.0,170.0,115.0,97.0076092013371,hough_iris,63.81336975097656,26.11000061035156,high,2.121608575345123,3.384782822048527
95,2,L,F95_T2,F95_T2_L,9,S3952L09.jpg,95/2L/S3952L09.jpg,/Users/sarahoualli/Desktop/BIO/iris_twins_project/data/raw/CASIA-Iris-Twins/95/2L/S3952L09.jpg,.jpg,18878,7c2e15ece09eb986f7966a10c295e8a821e60eb01445b39984b5c7ceff070f44,640,480,L,JPEG,True,,True,95,2,L,9,True,True,123.3669891357422,36.8757209777832,38.64686395055983,0.0042708333333333,0.0001236979166666,2L,False,False,False,False,False,False,True,True,True,386.0,150.12921142578125,52.589508056640625,355.7059818209459,threshold_p4,25.830950226244344,77.67016517549897,0.6778310295803541,378.0,158.12921142578125,117.0,85.977734388906,radial_lateral_search,56.817039489746094,24.350006103515625,high,2.2247783697460557,11.31370849898476
95,2,L,F95_T2,F95_T2_L,10,S3952L10.jpg,95/2L/S3952L10.jpg,/Users/sarahoualli/Desktop/BIO/iris_twins_project/data/raw/CASIA-Iris-Twins/95/2L/S3952L10.jpg,.jpg,19892,afce6f34cb76d5052604ada7f31eb72f5c7347158f7ff19a242c6f6014cfa3c4,640,480,L,JPEG,True,,True,95,2,L,10,True,True,124.20516967773438,37.2330322265625,48.26837847789127,0.0038671875,0.0001302083333333,2L,False,False,False,False,False,False,True,True,True,394.80523681640625,150.4156951904297,54.46660614013672,366.0510823465653,threshold_p4,25.468158630903407,80.86026456798392,0.8239098284946078,394.0,152.0,120.0,78.21501299591198,hough_iris,52.54557800292969,20.214996337890625,high,2.2031848228482036,1.7771966858295951
95,2,R,F95_T2,F95_T2_R,1,S3952R01.jpg,95/2R/S3952R01.jpg,/Users/sarahoualli/Desktop/BIO/iris_twins_project/data/raw/CASIA-Iris-Twins/95/2R/S3952R01.jpg,.jpg,16566,e10fd4c430cc35e2a39864dbe66671ecef12d2eddad47bf4e276309d72b9963a,640,480,L,JPEG,True,,True,95,2,R,1,True,True,130.4944305419922,35.10747528076172,23.69828616294861,0.0002864583333333,0.00013671875,2R,False,False,False,False,False,False,True,True,True,271.865478515625,154.1168212890625,43.59468078613281,359.3820380830719,threshold_p4,29.91227614845575,82.44327411167512,0.8718219599118353,275.0,156.0,106.0,84.49308415380817,hough_iris,55.132301330566406,22.535003662109375,high,2.4314893030187736,3.6567180631457874
95,2,R,F95_T2,F95_T2_R,2,S3952R02.jpg,95/2R/S3952R02.jpg,/Users/sarahoualli/Desktop/BIO/iris_twins_project/data/raw/CASIA-Iris-Twins/95/2R/S3952R02.jpg,.jpg,16671,db508a4cb4907b5da2eeb6dbff139dd12bb51c26894f48011a2bdd920fda8ebc,640,480,L,JPEG,True,,True,95,2,R,2,True,True,129.77120971679688,33.90697479248047,22.637067038122815,0.000341796875,0.0001497395833333,2R,False,False,False,False,False,False,True,True,True,283.87152099609375,144.87872314453125,44.2321662902832,359.83875398851166,threshold_p3,30.13366208149494,87.79444978375781,0.5618428661807967,286.0,149.0,107.0,81.40755476607595,hough_iris,54.86195373535156,20.73500061035156,high,2.419054027283883,4.638463731613316
95,2,R,F95_T2,F95_T2_R,3,S3952R03.jpg,95/2R/S3952R03.jpg,/Users/sarahoualli/Desktop/BIO/iris_twins_project/data/raw/CASIA-Iris-Twins/95/2R/S3952R03.jpg,.jpg,16411,1287cb7b431a291e94a828e62a5c9c971d5ee2f3652736c99ae675ecef56d889,640,480,L,JPEG,True,,True,95,2,R,3,True,True,129.72604370117188,34.827213287353516,19.31041953934564,0.0003092447916666,0.0001204427083333,2R,False,False,False,False,False,False,True,True,True,274.0,145.0,42.0,348.2979210281255,hough_pupil,31.230620689655172,81.86728738187882,0.75,279.0,145.0,106.0,79.1852397737049,hough_iris,52.317996978759766,20.730003356933594,high,2.5238095238095237,5.0
95,2,R,F95_T2,F95_T2_R,10,S3952R10.jpg,95/2R/S3952R10.jpg,/Users/sarahoualli/Desktop/BIO/iris_twins_project/data/raw/CASIA-Iris-Twins/95/2R/S3952R10.jpg,.jpg,18138,6a80e63f4723aaf8e887a903fdd89fc7823134d7720dc681070522a7b67103b9,640,480,L,JPEG,True,,True,95,2,R,10,True,True,126.27434539794922,54.75682830810547,25.79339039398829,0.0048372395833333,0.0001595052083333,2R,False,False,False,False,False,False,True,True,True,329.0,243.20689392089844,58.34427261352539,345.29715390653536,threshold_p5,25.4629388816645,68.25254286544609,0.7263402457721648,334.0,248.0,126.0,89.24451443660955,hough_iris,59.75871276855469,23.98500061035156,high,2.15959501003001,6.9263169062294825
98,1,L,F98_T1,F98_T1_L,1,S3981L01.jpg,98/1L/S3981L01.jpg,/Users/sarahoualli/Desktop/BIO/iris_twins_project/data/raw/CASIA-Iris-Twins/98/1L/S3981L01.jpg,.jpg,24762,5c91fd0a434f2ec589fd6edd32ba47bca0472643509639cff766caa26706a22f,640,480,L,JPEG,True,,True,98,1,L,1,True,True,144.65394592285156,52.285621643066406,60.35137090020712,0.0014453125,0.0006868489583333,1L,False,False,False,False,False,False,True,True,True,221.0,259.5,48.01311874389648,349.4736576344071,threshold_p3,22.054287613560824,67.05145485665383,0.7278801609470267,221.0,259.5,131.0,81.04941004444291,radial_lateral_search,51.651729583740234,21.05999755859375,high,2.728420969667857,0.0
98,1,L,F98_T1,F98_T1_L,2,S3981L02.jpg,98/1L/S3981L02.jpg,/Users/sarahoualli/Desktop/BIO/iris_twins_project/data/raw/CASIA-Iris-Twins/98/1L/S3981L02.jpg,.jpg,25028,4b9324db6384cd50f35b037c1ad8c2907871c51393d73af04e87018297f9e4a2,640,480,L,JPEG,True,,True,98,1,L,2,True,True,141.45245361328125,51.85185241699219,60.31805904117158,0.0016373697916666,0.00068359375,1L,False,False,False,False,False,False,True,True,True,232.13636779785156,261.5,48.320011138916016,347.32054720284754,threshold_p3,22.2497383294955,65.65771175726928,0.7714387073509718,232.13636779785156,261.5,129.0,86.6338530927216,radial_lateral_search,54.279052734375,23.339996337890625,high,2.6697013713249302,0.0
98,1,L,F98_T1,F98_T1_L,3,S3981L03.jpg,98/1L/S3981L03.jpg,/Users/sarahoualli/Desktop/BIO/iris_twins_project/data/raw/CASIA-Iris-Twins/98/1L/S3981L03.jpg,.jpg,25884,07002551bfa5b84b6ca0488aed05a19e5d52a446719a5393c645aec8cc99415a,640,480,L,JPEG,True,,True,98,1,L,3,True,True,141.70408630371094,52.951446533203125,69.05967541706298,0.002119140625,0.00072265625,1L,False,False,False,False,False,False,True,True,True,231.42889404296875,261.7223205566406,49.85601806640625,347.366430619321,threshold_p4,22.112636815920396,64.97477245745944,0.8005954111219781,228.0,258.0,129.0,86.70408253175492,hough_iris,57.7915153503418,22.019996643066406,high,2.587450923741585,5.0609272553847235
98,1,L,F98_T1,F98_T1_L,5,S3981L05.jpg,98/1L/S3981L05.jpg,/Users/sarahoualli/Desktop/BIO/iris_twins_project/data/raw/CASIA-Iris-Twins/98/1L/S3981L05.jpg,.jpg,25055,d8803524af73567832de4c86f66fdb5a7b076d12559bc933ad376d619cfe1c96,640,480,L,JPEG,True,,True,98,1,L,5,True,True,141.59994506835938,44.23472213745117,53.9840745707194,0.0011848958333333,0.0006184895833333,1L,False,False,False,False,False,False,True,True,True,239.5,269.45001220703125,51.259769439697266,359.54435011030984,threshold_p5,26.252043337768484,78.7535467791411,0.6933543784901893,239.5,269.45001220703125,133.0,89.99564732899552,radial_lateral_search,58.92813491821289,22.63500213623047,high,2.594627355014991,0.0
98,1,L,F98_T1,F98_T1_L,6,S3981L06.jpg,98/1L/S3981L06.jpg,/Users/sarahoualli/Desktop/BIO/iris_twins_project/data/raw/CASIA-Iris-Twins/98/1L/S3981L06.jpg,.jpg,24010,a9a2a8820ab34fd4bf7f969e7e078a8601b3f38ee0b33fc9c54d4fdee9a00e78,640,480,L,JPEG,True,,True,98,1,L,6,True,True,126.51089477539062,59.902923583984375,58.34170494583977,0.0055826822916666,0.0010026041666666,1L,False,False,False,False,False,False,True,True,True,237.84486389160156,267.9130859375,48.72273635864258,316.74069062713113,threshold_p4,20.23215407159305,46.9751808681672,0.7938803200269069,237.84486389160156,267.9130859375,132.0,72.94319497699355,radial_lateral_search,45.246368408203125,19.89999771118164,high,2.709207443284032,0.0
98,1,L,F98_T1,F98_T1_L,7,S3981L07.jpg,98/1L/S3981L07.jpg,/Users/sarahoualli/Desktop/BIO/iris_twins_project/data/raw/CASIA-Iris-Twins/98/1L/S3981L07.jpg,.jpg,24630,4536e9d233085099c7bd45377131b06cfec72073dcd71361495de2a40b94467a,640,480,L,JPEG,True,,True,98,1,L,7,True,True,137.32772827148438,54.00202560424805,57.27024511972002,0.0031868489583333,0.0006640625,1L,False,False,False,False,False,False,True,True,True,232.42955017089844,273.7385559082031,49.87176513671875,335.13719114153,threshold_p4,21.67044776119403,58.60417491096162,0.808557666894147,229.0,274.0,129.0,89.5436909595538,hough_iris,58.78703689575195,23.04999542236328,high,2.586633932975074,3.4395010376281316
98,1,L,F98_T1,F98_T1_L,9,S3981L09.jpg,98/1L/S3981L09.jpg,/Users/sarahoualli/Desktop/BIO/iris_twins_project/data/raw/CASIA-Iris-Twins/98/1L/S3981L09.jpg,.jpg,23194,85d0cc9d0f127885d8998fc87bb229683748bb75699aca248b38cf7da2aedc2d,640,480,L,JPEG,True,,True,98,1,L,9,True,True,124.08919525146484,42.330474853515625,63.30760456526013,0.0029752604166666,0.00021484375,1L,False,False,False,False,False,False,True,True,True,217.0,229.0,48.0,318.05576298531406,hough_pupil,24.325060935076447,55.31364997860505,0.75,214.0,226.0,124.0,76.8779549913875,hough_iris,48.1762809753418,21.73500061035156,high,2.5833333333333335,4.242640687119285
98,1,L,F98_T1,F98_T1_L,10,S3981L10.jpg,98/1L/S3981L10.jpg,/Users/sarahoualli/Desktop/BIO/iris_twins_project/data/raw/CASIA-Iris-Twins/98/1L/S3981L10.jpg,.jpg,21422,2c1b8d1c7a24877f014979c0cb29371ae591cfacf73fa5a964ab5230aebc6ead,640,480,L,JPEG,True,,True,98,1,L,10,True,True,128.31312561035156,41.68455123901367,59.10262234317991,0.0022298177083333,0.0004036458333333,1L,False,False,False,False,False,False,True,True,True,155.0513153076172,218.7434539794922,48.769100189208984,302.8927304355946,threshold_p3,25.631358593259367,50.397307073954984,0.7965706359107374,155.0513153076172,210.7434539794922,122.0,60.66619311804722,radial_lateral_search,39.999855041503906,16.900001525878906,high,2.501583985078212,8.0
98,1,R,F98_T1,F98_T1_R,1,S3981R01.jpg,98/1R/S3981R01.jpg,/Users/sarahoualli/Desktop/BIO/iris_twins_project/data/raw/CASIA-Iris-Twins/98/1R/S3981R01.jpg,.jpg,22508,ea87573d869f5ed856a138b2d7c91dc408bcb1acaede29e595b674e3b04a3f1e,640,480,L,JPEG,True,,True,98,1,R,1,True,True,126.5442352294922,44.204132080078125,50.346731012460914,0.0003938802083333,0.0006282552083333,1R,False,False,False,False,False,False,True,True,True,331.0,225.0,43.0,355.38993537165544,hough_pupil,22.67393103448276,69.81133298755186,0.75,331.0,225.0,133.0,79.88151644329692,radial_lateral_search,52.09861373901367,20.824996948242188,high,3.0930232558139537,0.0
98,1,R,F98_T1,F98_T1_R,2,S3981R02.jpg,98/1R/S3981R02.jpg,/Users/sarahoualli/Desktop/BIO/iris_twins_project/data/raw/CASIA-Iris-Twins/98/1R/S3981R02.jpg,.jpg,22721,c96e61aa63591b17676c7410690668b23047b1e1b95e3e41f4b33822d23a9c87,640,480,L,JPEG,True,,True,98,1,R,2,True,True,135.6044158935547,38.06621170043945,41.87942950943841,8.463541666666667e-05,0.0006640625,1R,False,False,False,False,False,False,True,True,True,343.12225341796875,230.0900421142578,44.20780944824219,378.1613818899688,threshold_p3,25.26991954321308,84.38863527150409,0.757827615500015,343.12225341796875,230.0900421142578,135.0,91.37791407506997,radial_lateral_search,59.083953857421875,23.93499755859375,high,3.0537590910957912,0.0
98,1,R,F98_T1,F98_T1_R,3,S3981R03.jpg,98/1R/S3981R03.jpg,/Users/sarahoualli/Desktop/BIO/iris_twins_project/data/raw/CASIA-Iris-Twins/98/1R/S3981R03.jpg,.jpg,22244,13daa63564a4ae2b1d3239265384c2597041e1b98c147d8f6b23f5da4b5852e5,640,480,L,JPEG,True,,True,98,1,R,3,True,True,119.0923309326172,58.671852111816406,38.76178938114378,0.0024186197916666,0.0012044270833333,1R,False,False,False,False,False,False,True,True,True,313.0,235.0,44.0,334.0494273029772,hough_pupil,20.66234103296133,55.78515228426396,0.75,313.0,235.0,135.0,77.02509148337623,radial_lateral_search,50.48681640625,19.865001678466797,high,3.0681818181818183,0.0
98,1,R,F98_T1,F98_T1_R,7,S3981R07.jpg,98/1R/S3981R07.jpg,/Users/sarahoualli/Desktop/BIO/iris_twins_project/data/raw/CASIA-Iris-Twins/98/1R/S3981R07.jpg,.jpg,21697,823c107f853e1e07ae6a91f40d751466d4200fd3b90154c9198647f40c2e49ca,640,480,L,JPEG,True,,True,98,1,R,7,True,True,137.75677490234375,37.01848602294922,37.808567437065975,0.0001953125,0.0011458333333333,1R,False,False,False,False,False,False,True,True,True,293.3211975097656,223.0401153564453,45.161598205566406,386.7178437831895,threshold_p3,23.090303478904517,84.41658778987222,0.8330505180841635,293.3211975097656,231.0401153564453,135.0,84.32740750058713,radial_lateral_search,56.35846328735352,22.090003967285156,high,2.9892653352414027,8.0
98,1,R,F98_T1,F98_T1_R,8,S3981R08.jpg,98/1R/S3981R08.jpg,/Users/sarahoualli/Desktop/BIO/iris_twins_project/data/raw/CASIA-Iris-Twins/98/1R/S3981R08.jpg,.jpg,20830,2ed246660b625a82fdb368429721bc41eb55a0a0fd6d20bcab7311f9a3b47759,640,480,L,JPEG,True,,True,98,1,R,8,True,True,115.0796127319336,59.99140930175781,30.35949007745319,0.003994140625,0.001591796875,1R,False,False,False,False,False,False,True,True,True,315.0,219.0,48.0,327.73600803981174,hough_pupil,20.268779082650124,52.41570389388104,0.75,320.0,223.0,140.0,90.63380807231496,hough_iris,58.06925964355469,24.87999725341797,high,2.9166666666666665,6.4031242374328485
98,1,R,F98_T1,F98_T1_R,9,S3981R09.jpg,98/1R/S3981R09.jpg,/Users/sarahoualli/Desktop/BIO/iris_twins_project/data/raw/CASIA-Iris-Twins/98/1R/S3981R09.jpg,.jpg,22461,a4637c8aef8d5d947217dacae7f6873613e255f07b49105798fc144fac943fc3,640,480,L,JPEG,True,,True,98,1,R,9,True,True,136.73728942871094,38.19091033935547,42.92887127681309,0.0004915364583333,0.0011067708333333,1R,False,False,False,False,False,False,True,True,True,325.14373779296875,215.8890686035156,47.60734176635742,387.7223940810084,threshold_p3,23.05982716596499,85.35579803166453,0.7895381154019759,328.0,214.0,140.0,98.9834633315834,hough_iris,64.31446838378906,25.919998168945312,high,2.9407228970497465,3.424443602120423
98,1,R,F98_T1,F98_T1_R,10,S3981R10.jpg,98/1R/S3981R10.jpg,/Users/sarahoualli/Desktop/BIO/iris_twins_project/data/raw/CASIA-Iris-Twins/98/1R/S3981R10.jpg,.jpg,18151,0d699cf8a4bd5d3415861128cbe1fed32062928be811a2bf8f2510efbcc821af,640,480,L,JPEG,True,,True,98,1,R,10,True,True,138.3214111328125,34.32398986816406,27.86867464674844,0.0001399739583333,0.000185546875,1R,False,False,False,False,False,False,True,True,True,279.5,206.0,41.33108139038086,316.8260357189329,threshold_p2,35.39835728952772,71.22550962627406,0.6348048585185048,282.0,205.0,111.0,84.8791888524532,hough_iris,55.63982009887695,21.54999542236328,high,2.6856301907898654,2.692582403567252
98,2,L,F98_T2,F98_T2_L,1,S3982L01.jpg,98/2L/S3982L01.jpg,/Users/sarahoualli/Desktop/BIO/iris_twins_project/data/raw/CASIA-Iris-Twins/98/2L/S3982L01.jpg,.jpg,20475,0f617f04ed4ee8b236a30cb931ddf9c1ebe025c07ce1329ea7b9789597a44757,640,480,L,JPEG,True,,True,98,2,L,1,True,True,120.77909088134766,39.72262954711914,35.26847695006266,0.002421875,0.0008626302083333,2L,False,False,False,False,False,False,True,True,True,295.0518493652344,200.87960815429688,53.26116943359375,365.74835784529427,threshold_p6,21.908792537571255,73.25364901561439,0.8063609993434863,287.0518493652344,192.87960815429688,131.0,77.18616962074714,radial_lateral_search,54.44328308105469,19.095001220703125,high,2.4595779888635634,11.31370849898476
98,2,L,F98_T2,F98_T2_L,2,S3982L02.jpg,98/2L/S3982L02.jpg,/Users/sarahoualli/Desktop/BIO/iris_twins_project/data/raw/CASIA-Iris-Twins/98/2L/S3982L02.jpg,.jpg,21788,1af5031dc211af4916cfaeda57ba04400c2a10bf653c182bbe52dede76c01b98,640,480,L,JPEG,True,,True,98,2,L,2,True,True,121.3024444580078,41.8424186706543,43.86326900048786,0.0015983072916666,0.0013704427083333,2L,False,False,False,False,False,False,True,True,True,302.4176025390625,216.9700164794922,52.706600189208984,364.405912113526,threshold_p6,21.976651583710407,72.02761527873365,0.8095411657678632,294.4176025390625,216.9700164794922,132.0,78.76971121392704,radial_lateral_search,52.2609977722168,21.06499481201172,high,2.5044301762234578,8.0
98,2,L,F98_T2,F98_T2_L,3,S3982L03.jpg,98/2L/S3982L03.jpg,/Users/sarahoualli/Desktop/BIO/iris_twins_project/data/raw/CASIA-Iris-Twins/98/2L/S3982L03.jpg,.jpg,22237,8939863f38df937a98c0cdf48e42719a2a93615b1d9a8debf5ccf7620b691838,640,480,L,JPEG,True,,True,98,2,L,3,True,True,128.48146057128906,38.70293426513672,48.2417226275974,0.0007552083333333,0.0003515625,2L,False,False,False,False,False,False,True,True,True,317.61407470703125,217.3455810546875,55.329200744628906,381.6239776710533,threshold_p8,25.113049201908836,85.9391785150079,0.7652030737820932,313.0,215.0,135.0,100.98964310991896,hough_iris,67.50188446044922,25.730003356933594,high,2.4399412639826568,5.176044424671647
98,2,L,F98_T2,F98_T2_L,4,S3982L04.jpg,98/2L/S3982L04.jpg,/Users/sarahoualli/Desktop/BIO/iris_twins_project/data/raw/CASIA-Iris-Twins/98/2L/S3982L04.jpg,.jpg,19389,4c0c9ff683ef57229e41684fb9ecfcef6119f26e81c3260d7056cc7f6689f2cb,640,480,L,JPEG,True,,True,98,2,L,4,True,True,117.49810028076172,42.821533203125,29.063497769504124,0.0028092447916666,0.0004231770833333,2L,False,False,False,False,False,False,True,True,True,297.5,215.5,50.62124252319336,361.855676702046,threshold_p4,21.891741293532338,70.8190291262136,0.7983327483760498,292.0,216.0,135.0,85.07435772459102,hough_iris,55.0495719909668,22.669998168945312,high,2.666864606062296,5.522680508593631
98,2,L,F98_T2,F98_T2_L,5,S3982L05.jpg,98/2L/S3982L05.jpg,/Users/sarahoualli/Desktop/BIO/iris_twins_project/data/raw/CASIA-Iris-Twins/98/2L/S3982L05.jpg,.jpg,21658,a5bd542d7dda5b64677891574ffe5f8ac3b722952840b5484867cf54a81df592,640,480,L,JPEG,True,,True,98,2,L,5,True,True,108.51243591308594,48.80192184448242,37.84769105655882,0.0066341145833333,0.0023014322916666,2L,False,False,False,False,False,False,True,True,True,284.8613586425781,216.51182556152344,51.49619674682617,340.0498216117,threshold_p5,20.14731039726288,57.196415508412585,0.821403000227373,284.8613586425781,216.51182556152344,135.0,79.58938283477055,radial_lateral_search,49.8421745300293,21.61499786376953,high,2.6215528238659753,0.0
98,2,L,F98_T2,F98_T2_L,6,S3982L06.jpg,98/2L/S3982L06.jpg,/Users/sarahoualli/Desktop/BIO/iris_twins_project/data/raw/CASIA-Iris-Twins/98/2L/S3982L06.jpg,.jpg,21351,d86b20ca6a3a2b62a952467edb68c5ab6ac6553267191de75e4906c413b05f6e,640,480,L,JPEG,True,,True,98,2,L,6,True,True,120.95964813232422,41.098602294921875,35.03749191656113,0.003505859375,0.0028059895833333,2L,False,False,False,False,False,False,True,True,True,282.9361572265625,215.5904235839844,52.40281677246094,367.1802150106033,threshold_p6,21.316380090497734,72.4520510975171,0.8263502554271815,278.0,214.0,134.0,94.03970638515608,hough_iris,60.49876403808594,25.43499755859375,high,2.5571144501991836,5.186048143031348
98,2,L,F98_T2,F98_T2_L,7,S3982L07.jpg,98/2L/S3982L07.jpg,/Users/sarahoualli/Desktop/BIO/iris_twins_project/data/raw/CASIA-Iris-Twins/98/2L/S3982L07.jpg,.jpg,23033,ec3b9794abcd133f0941a03b526b79c5ff160dcc890e85d2a19f2ab45434086e,640,480,L,JPEG,True,,True,98,2,L,7,True,True,126.51078033447266,35.881473541259766,57.33946245565415,0.0013118489583333,0.0003841145833333,2L,False,False,False,False,False,False,True,True,True,272.0,219.5,50.21215057373047,382.1612515760751,threshold_p4,24.133930348258705,85.30533980582524,0.7478997720481212,268.0,218.0,134.0,98.56837120844064,hough_iris,63.568660736083984,25.99500274658203,high,2.66867677382663,4.272001872658765
98,2,L,F98_T2,F98_T2_L,9,S3982L09.jpg,98/2L/S3982L09.jpg,/Users/sarahoualli/Desktop/BIO/iris_twins_project/data/raw/CASIA-Iris-Twins/98/2L/S3982L09.jpg,.jpg,22603,b7819fdd841e5360663ab113b231457f15c004d7571f27a2116c65858d79d96d,640,480,L,JPEG,True,,True,98,2,L,9,True,True,120.67098999023438,42.76179122924805,56.08483694623312,0.002919921875,0.00109375,2L,False,False,False,False,False,False,True,True,True,247.0,200.0,47.0,343.6834134538647,hough_pupil,21.661200974961226,64.30095610604086,0.75,247.0,192.0,133.0,92.3406975604118,radial_lateral_search,60.135841369628906,24.660003662109375,high,2.8297872340425534,8.0
98,2,L,F98_T2,F98_T2_L,10,S3982L10.jpg,98/2L/S3982L10.jpg,/Users/sarahoualli/Desktop/BIO/iris_twins_project/data/raw/CASIA-Iris-Twins/98/2L/S3982L10.jpg,.jpg,15616,ff5cd92f307725bb5e2556200c048df5969b890e97110e2e3e78caea9d51c8db,640,480,L,JPEG,True,,True,98,2,L,10,True,True,119.05583190917967,31.71282958984375,16.869167344315834,0.0010904947916666,0.0001139322916666,2L,False,False,False,False,False,False,True,True,True,208.69171142578125,203.3005218505859,41.61732482910156,304.31015657441134,threshold_p3,30.011733646230567,57.02668148971651,0.7415318679675847,205.0,201.0,103.0,87.64172497832895,hough_iris,59.267459869384766,21.830001831054688,high,2.4749308232319547,4.349842989840803
98,2,R,F98_T2,F98_T2_R,2,S3982R02.jpg,98/2R/S3982R02.jpg,/Users/sarahoualli/Desktop/BIO/iris_twins_project/data/raw/CASIA-Iris-Twins/98/2R/S3982R02.jpg,.jpg,16407,b1ed70ff456fec5dfec0c6d2b38b06c71ae072ea6b484307e7af40da3b08daeb,640,480,L,JPEG,True,,True,98,2,R,2,True,True,104.25119018554688,30.33312606811523,17.639674742126463,0.0023502604166666,0.0001041666666666,2R,False,False,False,False,False,False,True,True,True,260.0,216.5,43.07271194458008,297.0866121814084,threshold_p4,26.825655172413793,46.197614107883815,0.8448670542238342,268.0,224.5,109.0,66.35901251327232,radial_lateral_search,48.435020446777344,15.450000762939451,high,2.5306045307814817,11.31370849898476
98,2,R,F98_T2,F98_T2_R,3,S3982R03.jpg,98/2R/S3982R03.jpg,/Users/sarahoualli/Desktop/BIO/iris_twins_project/data/raw/CASIA-Iris-Twins/98/2R/S3982R03.jpg,.jpg,17121,2cca3bd1a880cdfc95f11bdb617713b3de3f12772d210cc19108f87596de7870,640,480,L,JPEG,True,,True,98,2,R,3,True,True,107.45963287353516,31.048242568969727,20.134859174082013,0.0016015625,0.0001041666666666,2R,False,False,False,False,False,False,True,True,True,285.5780029296875,223.48580932617188,42.54240417480469,307.6237020511184,threshold_p5,27.223724137931036,52.837117067833695,0.7088695090922266,292.0,222.0,111.0,82.87165429466691,hough_iris,56.2849235534668,20.569995880126953,high,2.6091614273586035,6.591636801648105
98,2,R,F98_T2,F98_T2_R,4,S3982R04.jpg,98/2R/S3982R04.jpg,/Users/sarahoualli/Desktop/BIO/iris_twins_project/data/raw/CASIA-Iris-Twins/98/2R/S3982R04.jpg,.jpg,17548,e3ca1e4cca1ea25d32cd51d20596fcf37800e38846bd7c8830e4644a948f626c,640,480,L,JPEG,True,,True,98,2,R,4,True,True,110.37625122070312,31.04774284362793,26.050481942907968,0.001181640625,7.8125e-05,2R,False,False,False,False,False,False,True,True,True,285.5,223.5,44.59270095825195,317.23644917163375,threshold_p5,27.04515173945226,55.83308420528152,0.8565495232276542,293.5,223.5,110.0,77.7593021479803,radial_lateral_search,54.3132209777832,18.984996795654297,high,2.4667714140702732,8.0
98,2,R,F98_T2,F98_T2_R,5,S3982R05.jpg,98/2R/S3982R05.jpg,/Users/sarahoualli/Desktop/BIO/iris_twins_project/data/raw/CASIA-Iris-Twins/98/2R/S3982R05.jpg,.jpg,17690,97e356c2a65174c8afd1ca250d3f65996e922eab27ebc92edbe7ffb58dd68cce,640,480,L,JPEG,True,,True,98,2,R,5,True,True,111.04871368408205,31.306644439697266,25.235799951669907,0.0011328125,0.0001041666666666,2R,False,False,False,False,False,False,True,True,True,283.91448974609375,233.8837432861328,43.4222412109375,318.9171695102557,threshold_p5,27.35530755255645,56.359425349087005,0.8649728346693467,288.0,236.0,112.0,92.35709293657712,hough_iris,61.58406829833984,23.290000915527344,high,2.579323334692099,4.601079929077636
98,2,R,F98_T2,F98_T2_R,6,S3982R06.jpg,98/2R/S3982R06.jpg,/Users/sarahoualli/Desktop/BIO/iris_twins_project/data/raw/CASIA-Iris-Twins/98/2R/S3982R06.jpg,.jpg,17602,ff2a1f4241f3097da2b4df0e7cf9e77fead4a5391e759e163d5f477295fc3f00,640,480,L,JPEG,True,,True,98,2,R,6,True,True,112.92424774169922,32.00503921508789,32.008422700627655,0.0023307291666666,0.0001790364583333,2R,False,False,False,False,False,False,True,True,True,260.7395324707031,225.11119079589844,44.95659255981445,318.9012298624486,threshold_p5,29.519615099925986,60.573828679602464,0.847166749657891,265.0,228.0,116.0,85.1849384783894,hough_iris,55.412750244140625,22.669998168945312,high,2.5802667283038137,5.147504461959691
98,2,R,F98_T2,F98_T2_R,7,S3982R07.jpg,98/2R/S3982R07.jpg,/Users/sarahoualli/Desktop/BIO/iris_twins_project/data/raw/CASIA-Iris-Twins/98/2R/S3982R07.jpg,.jpg,23445,6c9199dea177698fb7805053bdea3135e1c3a4fe85ae572e8c6fb08e8f8e4385,640,480,L,JPEG,True,,True,98,2,R,7,True,True,120.71517944335938,36.23624038696289,67.81491608122721,0.00181640625,0.0002083333333333,2R,False,False,False,False,False,False,True,True,True,218.67172241210935,178.79417419433594,48.39101791381836,355.08421410005263,threshold_p5,23.58216453841323,72.96586599241466,0.7313549469067762,226.0,181.0,129.0,105.0899833194312,hough_iris,68.39910888671875,27.81500244140625,high,2.665783973169187,7.653059511732125
99,1,L,F99_T1,F99_T1_L,1,S3991L01.jpg,99/1L/S3991L01.jpg,/Users/sarahoualli/Desktop/BIO/iris_twins_project/data/raw/CASIA-Iris-Twins/99/1L/S3991L01.jpg,.jpg,20411,bc335c13b8c4f58045407d5703db3d2e3dbf4cbc59a9e5241b5c6bd0ddcb2098,640,480,L,JPEG,True,,True,99,1,L,1,True,True,131.67127990722656,39.540225982666016,42.172315266927086,0.0002115885416666,0.0001888020833333,1L,False,False,False,False,False,False,True,True,True,317.60498046875,220.88592529296875,47.79579544067383,366.82063290195026,threshold_p4,29.79769554619987,86.38200684638426,0.6997472095470694,317.60498046875,220.88592529296875,116.0,79.19700574684262,radial_lateral_search,56.444034576416016,17.175003051757812,high,2.426991724491417,0.0
99,1,L,F99_T1,F99_T1_L,2,S3991L02.jpg,99/1L/S3991L02.jpg,/Users/sarahoualli/Desktop/BIO/iris_twins_project/data/raw/CASIA-Iris-Twins/99/1L/S3991L02.jpg,.jpg,22501,1e639f059c65c6e3991251ba9095af09d83b49c6d840cc250df19acec9b194fc,640,480,L,JPEG,True,,True,99,1,L,2,True,True,132.29086303710938,40.745826721191406,60.88259352763495,0.000263671875,0.000234375,1L,False,False,False,False,False,False,True,True,True,301.3680725097656,230.7052764892578,48.14452362060547,367.435309317394,threshold_p4,28.681180657316308,85.26348504003371,0.6882412531754852,301.3680725097656,230.7052764892578,115.0,83.22587201872896,radial_lateral_search,58.8203010559082,18.465003967285156,high,2.388641352155387,0.0
99,1,L,F99_T1,F99_T1_L,3,S3991L03.jpg,99/1L/S3991L03.jpg,/Users/sarahoualli/Desktop/BIO/iris_twins_project/data/raw/CASIA-Iris-Twins/99/1L/S3991L03.jpg,.jpg,21047,fde1a4dfe768cc3a0c43371ca511d327d13040ac89eab53a9b8d5a4b54cd8ac5,640,480,L,JPEG,True,,True,99,1,L,3,True,True,128.65171813964844,36.48044204711914,46.56809943490558,0.0003125,8.463541666666667e-05,1L,False,False,False,False,False,False,True,True,True,316.1537170410156,212.0339813232422,45.28423309326172,355.27835563794633,threshold_p3,28.72785590920306,79.19950980392157,0.6867065440706118,308.1537170410156,212.0339813232422,112.0,71.36445935557975,radial_lateral_search,52.42839813232422,15.7449951171875,high,2.4732670147982603,8.0
99,1,L,F99_T1,F99_T1_L,4,S3991L04.jpg,99/1L/S3991L04.jpg,/Users/sarahoualli/Desktop/BIO/iris_twins_project/data/raw/CASIA-Iris-Twins/99/1L/S3991L04.jpg,.jpg,18754,ea9894356331c490ea80d63e41032fb96d1761f599881bfc3e53f2a209d1fd9c,640,480,L,JPEG,True,,True,99,1,L,4,True,True,130.76531982421875,44.73958587646485,27.11856714884441,0.0005078125,0.00013671875,1L,False,False,False,False,False,False,True,True,True,281.0,250.0,42.0,347.1544292874234,hough_pupil,24.776827586206895,69.26459143968872,0.75,273.0,250.0,111.0,63.92175663539341,radial_lateral_search,44.02732849121094,15.94499969482422,high,2.642857142857143,8.0
99,1,L,F99_T1,F99_T1_L,5,S3991L05.jpg,99/1L/S3991L05.jpg,/Users/sarahoualli/Desktop/BIO/iris_twins_project/data/raw/CASIA-Iris-Twins/99/1L/S3991L05.jpg,.jpg,21956,13696a0645ac34a93dfecf4f45861810ef8e18e0baf617ea38822b37c5cc99f6,640,480,L,JPEG,True,,True,99,1,L,5,True,True,131.10012817382812,45.716896057128906,57.8434286834293,0.000478515625,0.000107421875,1L,False,False,False,False,False,False,True,True,True,266.3276062011719,248.85379028320312,50.97469711303711,353.1110933975791,threshold_p2,28.7150731800038,83.59605061349693,0.4347559163134541,266.3276062011719,256.8537902832031,110.0,62.67082726633494,radial_lateral_search,45.36709976196289,15.479995727539062,high,2.1579333714543405,8.0
99,1,R,F99_T1,F99_T1_R,1,S3991R01.jpg,99/1R/S3991R01.jpg,/Users/sarahoualli/Desktop/BIO/iris_twins_project/data/raw/CASIA-Iris-Twins/99/1R/S3991R01.jpg,.jpg,16150,d37f062ff70641fec1209fcf810c56681655797d68ea11ddc56eef986d4ae106,640,480,L,JPEG,True,,True,99,1,R,1,True,True,190.3951110839844,43.86250686645508,26.714612961228685,1.953125e-05,0.2193815104166666,1R,False,False,True,False,False,True,True,True,True,384.3953247070313,255.78431701660156,41.449485778808594,405.1194493569317,threshold_p4,43.58433558228219,127.83131641086186,0.6372113172991126,392.3953247070313,263.78431701660156,114.0,74.60412752187322,radial_lateral_search,49.29389953613281,20.099998474121097,high,2.750335688320734,11.31370849898476
99,1,R,F99_T1,F99_T1_R,2,S3991R02.jpg,99/1R/S3991R02.jpg,/Users/sarahoualli/Desktop/BIO/iris_twins_project/data/raw/CASIA-Iris-Twins/99/1R/S3991R02.jpg,.jpg,14645,be7929d407fc5ace5cb01c1209af5f9c569eb9c77985f215702ba5fe9369d600,640,480,L,JPEG,True,,True,99,1,R,2,True,True,187.47361755371097,45.13214492797851,20.564908392333987,2.604166666666667e-05,0.210703125,1R,False,False,True,False,False,True,True,True,True,412.0,259.0,40.0,364.38037444157914,hough_pupil,44.223745715176065,108.31747246022032,0.75,420.0,267.0,106.0,62.683270262949115,radial_lateral_search,42.006690979003906,17.07500457763672,high,2.65,11.31370849898476
99,1,R,F99_T1,F99_T1_R,3,S3991R03.jpg,99/1R/S3991R03.jpg,/Users/sarahoualli/Desktop/BIO/iris_twins_project/data/raw/CASIA-Iris-Twins/99/1R/S3991R03.jpg,.jpg,16203,cb4a082e4bbac57bbfe7c1a75876eb4eb943285771383296b5870009d4adb83d,640,480,L,JPEG,True,,True,99,1,R,3,True,True,138.73548889160156,36.3529167175293,21.648779923502605,0.0001302083333333,0.0001627604166666,1R,False,False,False,False,False,False,True,True,True,383.2842102050781,262.15789794921875,36.35609817504883,336.7014348078441,threshold_p3,34.75199695701788,78.71530382595648,0.7680368941753504,383.2842102050781,270.15789794921875,104.0,69.98059094581326,radial_lateral_search,47.565956115722656,17.7550048828125,high,2.860593001461723,8.0
99,1,R,F99_T1,F99_T1_R,4,S3991R04.jpg,99/1R/S3991R04.jpg,/Users/sarahoualli/Desktop/BIO/iris_twins_project/data/raw/CASIA-Iris-Twins/99/1R/S3991R04.jpg,.jpg,16835,0dee8fc376897de94a6ce2f764d0d0089f68125754c7645326352a7a826f0de9,640,480,L,JPEG,True,,True,99,1,R,4,True,True,137.25875854492188,37.51646041870117,21.068345389800605,0.0001725260416666,0.0001139322916666,1R,False,False,False,False,False,False,True,True,True,357.0,273.0,35.0,322.96910888796344,hough_pupil,34.64288626172034,72.53091508656225,0.75,365.0,281.0,102.0,68.9773656565387,radial_lateral_search,46.98292922973633,18.20000457763672,high,2.914285714285714,11.31370849898476
99,1,R,F99_T1,F99_T1_R,7,S3991R07.jpg,99/1R/S3991R07.jpg,/Users/sarahoualli/Desktop/BIO/iris_twins_project/data/raw/CASIA-Iris-Twins/99/1R/S3991R07.jpg,.jpg,20892,158a10fcbb9f206d5538c9e3d76e5019264f7af3ee5ea8e486a310a3a1bbae0c,640,480,L,JPEG,True,,True,99,1,R,7,True,True,128.52479553222656,34.278263092041016,58.749706149535704,0.0003287760416666,9.440104166666666e-05,1R,False,False,False,False,False,False,True,True,True,267.0,199.0,39.0,345.58500338499107,hough_pupil,27.68543818727091,73.92352355673523,0.75,272.0,201.0,111.0,85.35935449148184,hough_iris,57.37526321411133,21.224998474121097,high,2.8461538461538463,5.385164807134504
99,1,R,F99_T1,F99_T1_R,9,S3991R09.jpg,99/1R/S3991R09.jpg,/Users/sarahoualli/Desktop/BIO/iris_twins_project/data/raw/CASIA-Iris-Twins/99/1R/S3991R09.jpg,.jpg,23981,c598e31415543b55d605a5b8ebad549b73a3f3cba5d46e0cd98e6f26de5fb2f9,640,480,L,JPEG,True,,True,99,1,R,9,True,True,132.26853942871094,37.1704216003418,72.92383392502465,0.00021484375,0.0001627604166666,1R,False,False,False,False,False,False,True,True,True,272.3985900878906,190.1612548828125,39.552738189697266,368.8723192652583,threshold_p2,25.23340604549704,81.5199805068226,0.7332408484454351,280.3985900878906,198.1612548828125,115.0,77.3271526791481,radial_lateral_search,51.13362121582031,21.18000030517578,high,2.9075104597930292,11.31370849898476
99,2,L,F99_T2,F99_T2_L,1,S3992L01.jpg,99/2L/S3992L01.jpg,/Users/sarahoualli/Desktop/BIO/iris_twins_project/data/raw/CASIA-Iris-Twins/99/2L/S3992L01.jpg,.jpg,16835,76dd5aa68d42e2b367d9e13f4055e34a3fe02e069816a5fa5c9c091b801ee5c1,640,480,L,JPEG,True,,True,99,2,L,1,True,True,119.8676300048828,40.48292541503906,27.785100453016486,0.000712890625,0.000107421875,2L,False,False,False,False,False,False,True,True,True,356.96221923828125,192.07179260253903,37.77694320678711,340.0829908824499,threshold_p2,27.25487415809997,68.8187839673913,0.8066852495027407,348.96221923828125,200.07179260253903,103.0,67.2889739327412,radial_lateral_search,45.62028503417969,17.56499481201172,high,2.7265308216228235,11.31370849898476
99,2,L,F99_T2,F99_T2_L,5,S3992L05.jpg,99/2L/S3992L05.jpg,/Users/sarahoualli/Desktop/BIO/iris_twins_project/data/raw/CASIA-Iris-Twins/99/2L/S3992L05.jpg,.jpg,23251,795acd8ad6a9c6e089a87431a1f939fbc4e890c9462fb3adbb1d04ef017271d6,640,480,L,JPEG,True,,True,99,2,L,5,True,True,133.0943603515625,45.0704231262207,71.02695282995438,0.0003352864583333,0.0001204427083333,2L,False,False,False,False,False,False,True,True,True,358.7903137207031,160.59677124023438,48.63978958129883,359.0847713433736,threshold_p3,27.995603935524382,80.37800252844501,0.7909046048013908,350.7903137207031,160.59677124023438,120.0,79.85809615979541,radial_lateral_search,59.770633697509766,16.584999084472656,high,2.4671159360059804,8.0
99,2,L,F99_T2,F99_T2_L,6,S3992L06.jpg,99/2L/S3992L06.jpg,/Users/sarahoualli/Desktop/BIO/iris_twins_project/data/raw/CASIA-Iris-Twins/99/2L/S3992L06.jpg,.jpg,22510,7511aefc99a54f7b490e4c6f48413eea0bd2f19a4b11d487d4e92fba866ac1a5,640,480,L,JPEG,True,,True,99,2,L,6,True,True,127.79923248291016,42.67063903808594,68.87621080712212,0.00083984375,0.0001171875,2L,False,False,False,False,False,False,True,True,True,362.3431396484375,159.1143798828125,48.304012298583984,360.7401079591042,threshold_p3,25.927150931546997,78.62347239780868,0.770678921733905,354.3431396484375,159.1143798828125,121.0,78.59961553688703,radial_lateral_search,55.959739685058594,18.300003051757812,high,2.504967894841876,8.0
99,2,R,F99_T2,F99_T2_R,2,S3992R02.jpg,99/2R/S3992R02.jpg,/Users/sarahoualli/Desktop/BIO/iris_twins_project/data/raw/CASIA-Iris-Twins/99/2R/S3992R02.jpg,.jpg,19173,19d8f53d9cf9456de89e3d54086f255eaef1873adc26c7ff8984b73b385e9bf0,640,480,L,JPEG,True,,True,99,2,R,2,True,True,128.22653198242188,53.4283447265625,23.319686599212226,0.0020475260416666,0.050234375,2R,False,False,True,False,False,True,True,True,True,270.174072265625,183.95562744140625,49.13334655761719,368.14984162161414,threshold_p3,21.36403600586142,74.3497091815538,0.8154323817448278,270.174072265625,191.95562744140625,139.0,62.75991622862415,radial_lateral_search,42.67605972290039,16.0,high,2.8290358735690617,8.0
99,2,R,F99_T2,F99_T2_R,3,S3992R03.jpg,99/2R/S3992R03.jpg,/Users/sarahoualli/Desktop/BIO/iris_twins_project/data/raw/CASIA-Iris-Twins/99/2R/S3992R03.jpg,.jpg,19844,8d760291e281963bf66a09d5fc2a6a090b1815638de99dc9edd5c7cd23b93a5a,640,480,L,JPEG,True,,True,99,2,R,3,True,True,126.29331970214844,52.13521957397461,26.723225859536072,0.0013346354166666,0.0408365885416666,2R,False,False,True,False,False,True,True,True,True,275.2675476074219,174.6659698486328,50.05149459838867,364.9855973789276,threshold_p3,21.45671641791045,74.25747572815534,0.7326229321720273,275.2675476074219,182.6659698486328,137.0,63.39284554861169,radial_lateral_search,39.46012496948242,18.55999755859375,high,2.7371809992745053,8.0
99,2,R,F99_T2,F99_T2_R,4,S3992R04.jpg,99/2R/S3992R04.jpg,/Users/sarahoualli/Desktop/BIO/iris_twins_project/data/raw/CASIA-Iris-Twins/99/2R/S3992R04.jpg,.jpg,22360,a2b293034eba495cad639e8d0e8bc5cd0d04ff2b9bcc1f6e85bed55526419b7e,640,480,L,JPEG,True,,True,99,2,R,4,True,True,153.63162231445312,39.977630615234375,36.51256549411348,3.90625e-05,0.0005305989583333,2R,False,False,False,False,False,False,True,True,True,262.0,175.0,50.0,421.2813948315808,hough_pupil,24.81671641791045,108.19129287598945,0.75,262.0,183.0,135.0,75.47520141601562,radial_lateral_search,51.222206115722656,18.894996643066406,high,2.7,8.0
99,2,R,F99_T2,F99_T2_R,5,S3992R05.jpg,99/2R/S3992R05.jpg,/Users/sarahoualli/Desktop/BIO/iris_twins_project/data/raw/CASIA-Iris-Twins/99/2R/S3992R05.jpg,.jpg,23915,dc9a51710fd7c0e1d14d0076d4eb059eb60efc82e07265357c633ba8e94647d7,640,480,L,JPEG,True,,True,99,2,R,5,True,True,145.43031311035156,41.42643356323242,80.47229457855225,0.0001497395833333,0.0004036458333333,2R,False,False,False,False,False,False,True,True,True,330.9815673828125,192.09423828125,45.79524612426758,378.49097490513304,threshold_p3,30.634987188446303,92.485,0.8341335797815402,330.9815673828125,200.09423828125,115.0,72.4096879916219,radial_lateral_search,53.44797897338867,15.654998779296877,high,2.511177681804396,8.0
99,2,R,F99_T2,F99_T2_R,7,S3992R07.jpg,99/2R/S3992R07.jpg,/Users/sarahoualli/Desktop/BIO/iris_twins_project/data/raw/CASIA-Iris-Twins/99/2R/S3992R07.jpg,.jpg,17601,1bcd365e31f04ebb37cb4e03fe5917208d28896148dd257d9443986aff9627a0,640,480,L,JPEG,True,,True,99,2,R,7,True,True,129.87437438964844,36.078399658203125,21.774162927998443,0.0002994791666666,0.0001236979166666,2R,False,False,False,False,False,False,True,True,True,357.2886047363281,213.49832153320312,42.62286376953125,333.5083853207642,threshold_p2,32.01186206896552,75.04513129102844,0.670220253866278,365.2886047363281,221.49832153320312,108.0,60.41745106035612,radial_lateral_search,44.15347671508789,14.254997253417969,high,2.533851328807317,11.31370849898476
99,2,R,F99_T2,F99_T2_R,9,S3992R09.jpg,99/2R/S3992R09.jpg,/Users/sarahoualli/Desktop/BIO/iris_twins_project/data/raw/CASIA-Iris-Twins/99/2R/S3992R09.jpg,.jpg,18741,90b0159a475fd3b326d117ba40e705809b1fb37eb59906367d5f3de861aa79db,640,480,L,JPEG,True,,True,99,2,R,9,True,True,127.03443908691406,36.03026580810547,30.298032019710536,0.00021484375,0.000126953125,2R,False,False,False,False,False,False,True,True,True,314.0526428222656,214.2894744873047,41.49939727783203,359.5361793735857,threshold_p6,30.646523907304196,80.95425029515938,0.8911193604030386,314.0526428222656,214.2894744873047,108.0,68.71526306766178,radial_lateral_search,49.74748229980469,13.969993591308594,high,2.6024474350062663,0.0
