probe_relative_path,probe_code_path,probe_family_id,probe_subject_id,probe_iris_id,probe_eye,true_rank,rank1_correct,true_score,rank1_score,best_impostor_score,margin_best_impostor_minus_true,rank1_gallery_iris_id,rank1_gallery_subject_id,rank1_gallery_family_id,rank1_gallery_eye,rank1_relation_to_probe,rank1_is_twin,rank1_is_twin_same_eye,rank1_is_twin_cross_eye,best_impostor_iris_id,best_impostor_subject_id,best_impostor_family_id,best_impostor_eye,best_impostor_relation_to_probe,best_impostor_is_twin,best_impostor_is_twin_same_eye,best_impostor_is_twin_cross_eye,min_twin_rank,best_twin_score,margin_best_twin_minus_true,min_twin_same_eye_rank,best_twin_same_eye_score,min_twin_cross_eye_rank,best_twin_cross_eye_score,true_common_bits,true_best_shift
26/2R/S3262R09.jpg,/Users/sarahoualli/Desktop/BIO/iris_twins_project/data/features/daugman_strict_v3/gabor_codes/26__2R__S3262R09.jpg.npz,26,F26_T2,F26_T2_R,R,87,False,0.4369482976040353,0.3696425747271865,0.3696425747271865,-0.0673057228768488,F26_T1_R,F26_T1,26,R,twin_same_eye,True,True,False,F26_T1_R,F26_T1,26,R,twin_same_eye,True,True,False,1.0,0.3696425747271865,-0.0673057228768488,1.0,0.3696425747271865,283.0,0.484803391053391,25376,-12
51/2R/S3512R01.jpg,/Users/sarahoualli/Desktop/BIO/iris_twins_project/data/features/daugman_strict_v3/gabor_codes/51__2R__S3512R01.jpg.npz,51,F51_T2,F51_T2_R,R,52,False,0.4342081031307551,0.3797923322683706,0.3797923322683706,-0.0544157708623844,F51_T1_L,F51_T1,51,L,twin_cross_eye,True,False,True,F51_T1_L,F51_T1,51,L,twin_cross_eye,True,False,True,1.0,0.3797923322683706,-0.0544157708623844,131.0,0.4492760263929619,1.0,0.3797923322683706,21720,10
92/2L/S3922L02.jpg,/Users/sarahoualli/Desktop/BIO/iris_twins_project/data/features/daugman_strict_v3/gabor_codes/92__2L__S3922L02.jpg.npz,92,F92_T2,F92_T2_L,L,60,False,0.4293331211204838,0.3770445798588839,0.3770445798588839,-0.0522885412615999,F92_T1_R,F92_T1,92,R,twin_cross_eye,True,False,True,F92_T1_R,F92_T1,92,R,twin_cross_eye,True,False,True,1.0,0.3770445798588839,-0.0522885412615999,21.0,0.4178311356032277,1.0,0.3770445798588839,25132,0
71/2L/S3712L01.jpg,/Users/sarahoualli/Desktop/BIO/iris_twins_project/data/features/daugman_strict_v3/gabor_codes/71__2L__S3712L01.jpg.npz,71,F71_T2,F71_T2_L,L,10,False,0.4156775841346153,0.3852094452531134,0.3852094452531134,-0.0304681388815019,F71_T1_R,F71_T1,71,R,twin_cross_eye,True,False,True,F71_T1_R,F71_T1,71,R,twin_cross_eye,True,False,True,1.0,0.3852094452531134,-0.0304681388815019,79.0,0.4388740839440373,1.0,0.3852094452531134,26624,-2
26/2R/S3262R07.jpg,/Users/sarahoualli/Desktop/BIO/iris_twins_project/data/features/daugman_strict_v3/gabor_codes/26__2R__S3262R07.jpg.npz,26,F26_T2,F26_T2_R,R,28,False,0.4153254777985343,0.3856480073014907,0.3856480073014907,-0.0296774704970435,F26_T1_R,F26_T1,26,R,twin_same_eye,True,True,False,F26_T1_R,F26_T1,26,R,twin_same_eye,True,True,False,1.0,0.3856480073014907,-0.0296774704970435,1.0,0.3856480073014907,303.0,0.4841720111823713,27836,4
39/2L/S3392L01.jpg,/Users/sarahoualli/Desktop/BIO/iris_twins_project/data/features/daugman_strict_v3/gabor_codes/39__2L__S3392L01.jpg.npz,39,F39_T2,F39_T2_L,L,7,False,0.407314449623521,0.3831638807513355,0.3831638807513355,-0.0241505688721854,F39_T1_L,F39_T1,39,L,twin_same_eye,True,True,False,F39_T1_L,F39_T1,39,L,twin_same_eye,True,True,False,1.0,0.3831638807513355,-0.0241505688721854,1.0,0.3831638807513355,77.0,0.4380563798219584,22312,-12
22/2L/S3222L03.jpg,/Users/sarahoualli/Desktop/BIO/iris_twins_project/data/features/daugman_strict_v3/gabor_codes/22__2L__S3222L03.jpg.npz,22,F22_T2,F22_T2_L,L,4,False,0.3824225122349102,0.36532860003641,0.36532860003641,-0.0170939121985002,F22_T1_L,F22_T1,22,L,twin_same_eye,True,True,False,F22_T1_L,F22_T1,22,L,twin_same_eye,True,True,False,1.0,0.36532860003641,-0.0170939121985002,1.0,0.36532860003641,38.0,0.4086464230571281,24520,2
22/2R/S3222R02.jpg,/Users/sarahoualli/Desktop/BIO/iris_twins_project/data/features/daugman_strict_v3/gabor_codes/22__2R__S3222R02.jpg.npz,22,F22_T2,F22_T2_R,R,2,False,0.3297269064318758,0.3274374460742019,0.3274374460742019,-0.0022894603576739,F22_T1_R,F22_T1,22,R,twin_same_eye,True,True,False,F22_T1_R,F22_T1,22,R,twin_same_eye,True,True,False,1.0,0.3274374460742019,-0.0022894603576739,1.0,0.3274374460742019,165.0,0.4494981751824817,26804,0
57/1L/S3571L09.jpg,/Users/sarahoualli/Desktop/BIO/iris_twins_project/data/features/daugman_strict_v3/gabor_codes/57__1L__S3571L09.jpg.npz,57,F57_T1,F57_T1_L,L,2,False,0.341003861003861,0.3404640447589271,0.3404640447589271,-0.0005398162449338,F57_T2_R,F57_T2,57,R,twin_cross_eye,True,False,True,F57_T2_R,F57_T2,57,R,twin_cross_eye,True,False,True,1.0,0.3404640447589271,-0.0005398162449338,51.0,0.4332351264018247,1.0,0.3404640447589271,25900,0
93/1R/S3931R01.jpg,/Users/sarahoualli/Desktop/BIO/iris_twins_project/data/features/daugman_strict_v3/gabor_codes/93__1R__S3931R01.jpg.npz,93,F93_T1,F93_T1_R,R,109,False,0.4378859426080639,0.3914237935977066,0.3914237935977066,-0.0464621490103572,F47_T2_R,F47_T2,47,R,unrelated,False,False,False,F47_T2_R,F47_T2,47,R,unrelated,False,False,False,2.0,0.3925735637552545,-0.0453123788528093,2.0,0.3925735637552545,159.0,0.4461629746835443,22024,16
93/1R/S3931R03.jpg,/Users/sarahoualli/Desktop/BIO/iris_twins_project/data/features/daugman_strict_v3/gabor_codes/93__1R__S3931R03.jpg.npz,93,F93_T1,F93_T1_R,R,56,False,0.4236466231705166,0.3729226361031518,0.3729226361031518,-0.0507239870673648,F51_T2_R,F51_T2,51,R,unrelated,False,False,False,F51_T2_R,F51_T2,51,R,unrelated,False,False,False,2.0,0.3787913602941176,-0.044855262876399,2.0,0.3787913602941176,73.0,0.4270369191597708,22684,16
63/2L/S3632L01.jpg,/Users/sarahoualli/Desktop/BIO/iris_twins_project/data/features/daugman_strict_v3/gabor_codes/63__2L__S3632L01.jpg.npz,63,F63_T2,F63_T2_L,L,3,False,0.4053123641107407,0.4002724193785893,0.4002724193785893,-0.0050399447321513,F81_T2_R,F81_T2,81,R,unrelated,False,False,False,F81_T2_R,F81_T2,81,R,unrelated,False,False,False,2.0,0.4023862025515829,-0.0029261615591577,,,2.0,0.4023862025515829,27596,0
42/2L/S3422L04.jpg,/Users/sarahoualli/Desktop/BIO/iris_twins_project/data/features/daugman_strict_v3/gabor_codes/42__2L__S3422L04.jpg.npz,42,F42_T2,F42_T2_L,L,1,True,0.3854085299172004,0.3854085299172004,0.38811270683734,0.0027041769201395,F42_T2_L,F42_T2,42,L,genuine_gallery,False,False,False,F42_T1_L,F42_T1,42,L,twin_same_eye,True,True,False,2.0,0.38811270683734,0.0027041769201395,2.0,0.38811270683734,66.0,0.4227404009514101,25604,-6
42/2L/S3422L05.jpg,/Users/sarahoualli/Desktop/BIO/iris_twins_project/data/features/daugman_strict_v3/gabor_codes/42__2L__S3422L05.jpg.npz,42,F42_T2,F42_T2_L,L,1,True,0.3772429396161648,0.3772429396161648,0.3858704076887304,0.0086274680725656,F42_T2_L,F42_T2,42,L,genuine_gallery,False,False,False,F42_T1_L,F42_T1,42,L,twin_same_eye,True,True,False,2.0,0.3858704076887304,0.0086274680725656,2.0,0.3858704076887304,57.0,0.4253389830508474,25636,6
22/2R/S3222R10.jpg,/Users/sarahoualli/Desktop/BIO/iris_twins_project/data/features/daugman_strict_v3/gabor_codes/22__2R__S3222R10.jpg.npz,22,F22_T2,F22_T2_R,R,1,True,0.3375883108542068,0.3375883108542068,0.3526103005800668,0.0150219897258599,F22_T2_R,F22_T2,22,R,genuine_gallery,False,False,False,F22_T1_R,F22_T1,22,R,twin_same_eye,True,True,False,2.0,0.3526103005800668,0.0150219897258599,2.0,0.3526103005800668,25.0,0.4014236410698878,24912,4
75/1R/S3751R01.jpg,/Users/sarahoualli/Desktop/BIO/iris_twins_project/data/features/daugman_strict_v3/gabor_codes/75__1R__S3751R01.jpg.npz,75,F75_T1,F75_T1_R,R,1,True,0.344065353195579,0.344065353195579,0.3604858299595141,0.0164204767639351,F75_T1_R,F75_T1,75,R,genuine_gallery,False,False,False,F75_T2_R,F75_T2,75,R,twin_same_eye,True,True,False,2.0,0.3604858299595141,0.0164204767639351,2.0,0.3604858299595141,,,24972,6
57/1L/S3571L10.jpg,/Users/sarahoualli/Desktop/BIO/iris_twins_project/data/features/daugman_strict_v3/gabor_codes/57__1L__S3571L10.jpg.npz,57,F57_T1,F57_T1_L,L,1,True,0.3605033659730722,0.3605033659730722,0.3788432773807545,0.0183399114076823,F57_T1_L,F57_T1,57,L,genuine_gallery,False,False,False,F57_T2_R,F57_T2,57,R,twin_cross_eye,True,False,True,2.0,0.3788432773807545,0.0183399114076823,55.0,0.4298502009499452,2.0,0.3788432773807545,26144,0
90/2L/S3902L06.jpg,/Users/sarahoualli/Desktop/BIO/iris_twins_project/data/features/daugman_strict_v3/gabor_codes/90__2L__S3902L06.jpg.npz,90,F90_T2,F90_T2_L,L,1,True,0.3478149288752016,0.3478149288752016,0.3684048607906476,0.0205899319154459,F90_T2_L,F90_T2,90,L,genuine_gallery,False,False,False,F90_T1_R,F90_T1,90,R,twin_cross_eye,True,False,True,2.0,0.3684048607906476,0.0205899319154459,,,2.0,0.3684048607906476,27276,0
20/1R/S3201R06.jpg,/Users/sarahoualli/Desktop/BIO/iris_twins_project/data/features/daugman_strict_v3/gabor_codes/20__1R__S3201R06.jpg.npz,20,F20_T1,F20_T1_R,R,1,True,0.3475666460012399,0.3475666460012399,0.3691555555555555,0.0215889095543156,F20_T1_R,F20_T1,20,R,genuine_gallery,False,False,False,F20_T2_R,F20_T2,20,R,twin_same_eye,True,True,False,2.0,0.3691555555555555,0.0215889095543156,2.0,0.3691555555555555,84.0,0.4285267857142857,25808,0
57/1L/S3571L04.jpg,/Users/sarahoualli/Desktop/BIO/iris_twins_project/data/features/daugman_strict_v3/gabor_codes/57__1L__S3571L04.jpg.npz,57,F57_T1,F57_T1_L,L,1,True,0.3255885520849361,0.3255885520849361,0.3498134328358209,0.0242248807508847,F57_T1_L,F57_T1,57,L,genuine_gallery,False,False,False,F57_T2_R,F57_T2,57,R,twin_cross_eye,True,False,True,2.0,0.3498134328358209,0.0242248807508847,106.0,0.4514939309056956,2.0,0.3498134328358209,25996,0
57/2R/S3572R09.jpg,/Users/sarahoualli/Desktop/BIO/iris_twins_project/data/features/daugman_strict_v3/gabor_codes/57__2R__S3572R09.jpg.npz,57,F57_T2,F57_T2_R,R,1,True,0.3442004118050789,0.3442004118050789,0.3693306356432305,0.0251302238381515,F57_T2_R,F57_T2,57,R,genuine_gallery,False,False,False,F57_T1_L,F57_T1,57,L,twin_cross_eye,True,False,True,2.0,0.3693306356432305,0.0251302238381515,6.0,0.3819431543748839,2.0,0.3693306356432305,23312,0
42/2L/S3422L10.jpg,/Users/sarahoualli/Desktop/BIO/iris_twins_project/data/features/daugman_strict_v3/gabor_codes/42__2L__S3422L10.jpg.npz,42,F42_T2,F42_T2_L,L,1,True,0.3374185321620855,0.3374185321620855,0.3633641218068985,0.0259455896448129,F42_T2_L,F42_T2,42,L,genuine_gallery,False,False,False,F42_T1_L,F42_T1,42,L,twin_same_eye,True,True,False,2.0,0.3633641218068985,0.0259455896448129,2.0,0.3633641218068985,23.0,0.4121228786926461,28232,0
29/2R/S3292R07.jpg,/Users/sarahoualli/Desktop/BIO/iris_twins_project/data/features/daugman_strict_v3/gabor_codes/29__2R__S3292R07.jpg.npz,29,F29_T2,F29_T2_R,R,1,True,0.3450779578110669,0.3450779578110669,0.3754653430242864,0.0303873852132195,F29_T2_R,F29_T2,29,R,genuine_gallery,False,False,False,F29_T1_R,F29_T1,29,R,twin_same_eye,True,True,False,2.0,0.3754653430242864,0.0303873852132195,2.0,0.3754653430242864,75.0,0.4267713282379674,26168,0
70/1L/S3701L05.jpg,/Users/sarahoualli/Desktop/BIO/iris_twins_project/data/features/daugman_strict_v3/gabor_codes/70__1L__S3701L05.jpg.npz,70,F70_T1,F70_T1_L,L,1,True,0.3354014052922709,0.3354014052922709,0.3826751002776921,0.0472736949854211,F70_T1_L,F70_T1,70,L,genuine_gallery,False,False,False,F70_T2_R,F70_T2,70,R,twin_cross_eye,True,False,True,2.0,0.3826751002776921,0.0472736949854211,8.0,0.4000428816466552,2.0,0.3826751002776921,26756,2
98/2R/S3982R04.jpg,/Users/sarahoualli/Desktop/BIO/iris_twins_project/data/features/daugman_strict_v3/gabor_codes/98__2R__S3982R04.jpg.npz,98,F98_T2,F98_T2_R,R,1,True,0.3216621640836059,0.3216621640836059,0.3700058539440948,0.0483436898604889,F98_T2_R,F98_T2,98,R,genuine_gallery,False,False,False,F98_T1_R,F98_T1,98,R,twin_same_eye,True,True,False,2.0,0.3700058539440948,0.0483436898604889,2.0,0.3700058539440948,9.0,0.3994908978710275,28132,-2
47/2R/S3472R03.jpg,/Users/sarahoualli/Desktop/BIO/iris_twins_project/data/features/daugman_strict_v3/gabor_codes/47__2R__S3472R03.jpg.npz,47,F47_T2,F47_T2_R,R,1,True,0.3343435081057397,0.3343435081057397,0.3835260115606936,0.0491825034549538,F47_T2_R,F47_T2,47,R,genuine_gallery,False,False,False,F47_T1_R,F47_T1,47,R,twin_same_eye,True,True,False,2.0,0.3835260115606936,0.0491825034549538,2.0,0.3835260115606936,,,27388,0
54/1L/S3541L03.jpg,/Users/sarahoualli/Desktop/BIO/iris_twins_project/data/features/daugman_strict_v3/gabor_codes/54__1L__S3541L03.jpg.npz,54,F54_T1,F54_T1_L,L,1,True,0.3122129436325678,0.3122129436325678,0.363741530325566,0.0515285866929981,F54_T1_L,F54_T1,54,L,genuine_gallery,False,False,False,F54_T2_L,F54_T2,54,L,twin_same_eye,True,True,False,2.0,0.363741530325566,0.0515285866929981,2.0,0.363741530325566,3.0,0.3802837501828287,28740,0
66/2R/S3662R02.jpg,/Users/sarahoualli/Desktop/BIO/iris_twins_project/data/features/daugman_strict_v3/gabor_codes/66__2R__S3662R02.jpg.npz,66,F66_T2,F66_T2_R,R,1,True,0.3354267963263101,0.3354267963263101,0.3879515385758882,0.052524742249578,F66_T2_R,F66_T2,66,R,genuine_gallery,False,False,False,F66_T1_L,F66_T1,66,L,twin_cross_eye,True,False,True,2.0,0.3879515385758882,0.052524742249578,14.0,0.4050632911392405,2.0,0.3879515385758882,29616,0
10/2L/S3102L06.jpg,/Users/sarahoualli/Desktop/BIO/iris_twins_project/data/features/daugman_strict_v3/gabor_codes/10__2L__S3102L06.jpg.npz,10,F10_T2,F10_T2_L,L,1,True,0.3312926869898384,0.3312926869898384,0.3848908878893886,0.0535982008995502,F10_T2_L,F10_T2,10,L,genuine_gallery,False,False,False,F10_T1_L,F10_T1,10,L,twin_same_eye,True,True,False,2.0,0.3848908878893886,0.0535982008995502,2.0,0.3848908878893886,199.0,0.4541557805355976,24012,0
69/1R/S3691R06.jpg,/Users/sarahoualli/Desktop/BIO/iris_twins_project/data/features/daugman_strict_v3/gabor_codes/69__1R__S3691R06.jpg.npz,69,F69_T1,F69_T1_R,R,1,True,0.3238911151029432,0.3238911151029432,0.3813752276867031,0.0574841125837599,F69_T1_R,F69_T1,69,R,genuine_gallery,False,False,False,F69_T2_L,F69_T2,69,L,twin_cross_eye,True,False,True,2.0,0.3813752276867031,0.0574841125837599,61.0,0.420409604519774,2.0,0.3813752276867031,28948,0
57/1L/S3571L03.jpg,/Users/sarahoualli/Desktop/BIO/iris_twins_project/data/features/daugman_strict_v3/gabor_codes/57__1L__S3571L03.jpg.npz,57,F57_T1,F57_T1_L,L,1,True,0.281292880012197,0.281292880012197,0.3398148148148148,0.0585219348026178,F57_T1_L,F57_T1,57,L,genuine_gallery,False,False,False,F57_T2_R,F57_T2,57,R,twin_cross_eye,True,False,True,2.0,0.3398148148148148,0.0585219348026178,137.0,0.4480166636478899,2.0,0.3398148148148148,26236,0
50/1R/S3501R02.jpg,/Users/sarahoualli/Desktop/BIO/iris_twins_project/data/features/daugman_strict_v3/gabor_codes/50__1R__S3501R02.jpg.npz,50,F50_T1,F50_T1_R,R,1,True,0.2953334409817535,0.2953334409817535,0.357858306188925,0.0625248652071714,F50_T1_R,F50_T1,50,R,genuine_gallery,False,False,False,F50_T2_R,F50_T2,50,R,twin_same_eye,True,True,False,2.0,0.357858306188925,0.0625248652071714,2.0,0.357858306188925,18.0,0.4096047430830039,24772,-2
12/1R/S3121R05.jpg,/Users/sarahoualli/Desktop/BIO/iris_twins_project/data/features/daugman_strict_v3/gabor_codes/12__1R__S3121R05.jpg.npz,12,F12_T1,F12_T1_R,R,1,True,0.3133542538354253,0.3133542538354253,0.3887144992526158,0.0753602454171905,F12_T1_R,F12_T1,12,R,genuine_gallery,False,False,False,F12_T2_R,F12_T2,12,R,twin_same_eye,True,True,False,2.0,0.3887144992526158,0.0753602454171905,2.0,0.3887144992526158,15.0,0.4007787712719931,28680,0
90/2L/S3902L03.jpg,/Users/sarahoualli/Desktop/BIO/iris_twins_project/data/features/daugman_strict_v3/gabor_codes/90__2L__S3902L03.jpg.npz,90,F90_T2,F90_T2_L,L,1,True,0.2849184386833673,0.2849184386833673,0.3603870766349305,0.0754686379515632,F90_T2_L,F90_T2,90,L,genuine_gallery,False,False,False,F90_T1_R,F90_T1,90,R,twin_cross_eye,True,False,True,2.0,0.3603870766349305,0.0754686379515632,,,2.0,0.3603870766349305,27464,0
63/2L/S3632L06.jpg,/Users/sarahoualli/Desktop/BIO/iris_twins_project/data/features/daugman_strict_v3/gabor_codes/63__2L__S3632L06.jpg.npz,63,F63_T2,F63_T2_L,L,1,True,0.3064952116156935,0.3064952116156935,0.3943212067435669,0.0878259951278734,F63_T2_L,F63_T2,63,L,genuine_gallery,False,False,False,F63_T1_R,F63_T1,63,R,twin_cross_eye,True,False,True,2.0,0.3943212067435669,0.0878259951278734,,,2.0,0.3943212067435669,25896,2
12/1R/S3121R01.jpg,/Users/sarahoualli/Desktop/BIO/iris_twins_project/data/features/daugman_strict_v3/gabor_codes/12__1R__S3121R01.jpg.npz,12,F12_T1,F12_T1_R,R,1,True,0.2801873698820263,0.2801873698820263,0.3748740342626805,0.0946866643806542,F12_T1_R,F12_T1,12,R,genuine_gallery,False,False,False,F12_T2_R,F12_T2,12,R,twin_same_eye,True,True,False,2.0,0.3748740342626805,0.0946866643806542,2.0,0.3748740342626805,7.0,0.3938731663950215,28820,0
12/1R/S3121R04.jpg,/Users/sarahoualli/Desktop/BIO/iris_twins_project/data/features/daugman_strict_v3/gabor_codes/12__1R__S3121R04.jpg.npz,12,F12_T1,F12_T1_R,R,1,True,0.277735771240033,0.277735771240033,0.3774134119380987,0.0996776406980657,F12_T1_R,F12_T1,12,R,genuine_gallery,False,False,False,F12_T2_L,F12_T2,12,L,twin_cross_eye,True,False,True,2.0,0.3774134119380987,0.0996776406980657,3.0,0.3805746782400478,2.0,0.3774134119380987,29096,0
15/1R/S3151R02.jpg,/Users/sarahoualli/Desktop/BIO/iris_twins_project/data/features/daugman_strict_v3/gabor_codes/15__1R__S3151R02.jpg.npz,15,F15_T1,F15_T1_R,R,1,True,0.2803910843702994,0.2803910843702994,0.3811299000768639,0.1007388157065644,F15_T1_R,F15_T1,15,R,genuine_gallery,False,False,False,F15_T2_R,F15_T2,15,R,twin_same_eye,True,True,False,2.0,0.3811299000768639,0.1007388157065644,2.0,0.3811299000768639,,,29252,0
63/2L/S3632L05.jpg,/Users/sarahoualli/Desktop/BIO/iris_twins_project/data/features/daugman_strict_v3/gabor_codes/63__2L__S3632L05.jpg.npz,63,F63_T2,F63_T2_L,L,1,True,0.2776621975651102,0.2776621975651102,0.3939633931714185,0.1163011956063083,F63_T2_L,F63_T2,63,L,genuine_gallery,False,False,False,F63_T1_R,F63_T1,63,R,twin_cross_eye,True,False,True,2.0,0.3939633931714185,0.1163011956063083,,,2.0,0.3939633931714185,25956,2
98/1R/S3981R09.jpg,/Users/sarahoualli/Desktop/BIO/iris_twins_project/data/features/daugman_strict_v3/gabor_codes/98__1R__S3981R09.jpg.npz,98,F98_T1,F98_T1_R,R,1,True,0.2565170653050255,0.2565170653050255,0.37677304964539,0.1202559843403645,F98_T1_R,F98_T1,98,R,genuine_gallery,False,False,False,F98_T2_R,F98_T2,98,R,twin_same_eye,True,True,False,2.0,0.37677304964539,0.1202559843403645,2.0,0.37677304964539,30.0,0.4144709180098108,29768,0
98/2L/S3982L02.jpg,/Users/sarahoualli/Desktop/BIO/iris_twins_project/data/features/daugman_strict_v3/gabor_codes/98__2L__S3982L02.jpg.npz,98,F98_T2,F98_T2_L,L,1,True,0.2521742131419105,0.2521742131419105,0.3735322502814862,0.1213580371395757,F98_T2_L,F98_T2,98,L,genuine_gallery,False,False,False,F98_T1_L,F98_T1,98,L,twin_same_eye,True,True,False,2.0,0.3735322502814862,0.1213580371395757,2.0,0.3735322502814862,100.0,0.4385926573426573,28976,0
94/1R/S3941R06.jpg,/Users/sarahoualli/Desktop/BIO/iris_twins_project/data/features/daugman_strict_v3/gabor_codes/94__1R__S3941R06.jpg.npz,94,F94_T1,F94_T1_R,R,1,True,0.2383653707183119,0.2383653707183119,0.3607949790794979,0.122429608361186,F94_T1_R,F94_T1,94,R,genuine_gallery,False,False,False,F94_T2_L,F94_T2,94,L,twin_cross_eye,True,False,True,2.0,0.3607949790794979,0.122429608361186,37.0,0.4192399049881235,2.0,0.3607949790794979,27676,0
69/1R/S3691R08.jpg,/Users/sarahoualli/Desktop/BIO/iris_twins_project/data/features/daugman_strict_v3/gabor_codes/69__1R__S3691R08.jpg.npz,69,F69_T1,F69_T1_R,R,1,True,0.2732807064490233,0.2732807064490233,0.3957968476357268,0.1225161411867035,F69_T1_R,F69_T1,69,R,genuine_gallery,False,False,False,F69_T2_L,F69_T2,69,L,twin_cross_eye,True,False,True,2.0,0.3957968476357268,0.1225161411867035,9.0,0.4052107224770642,2.0,0.3957968476357268,29896,0
94/2R/S3942R08.jpg,/Users/sarahoualli/Desktop/BIO/iris_twins_project/data/features/daugman_strict_v3/gabor_codes/94__2R__S3942R08.jpg.npz,94,F94_T2,F94_T2_R,R,1,True,0.2627052105638829,0.2627052105638829,0.3905557197753473,0.1278505092114643,F94_T2_R,F94_T2,94,R,genuine_gallery,False,False,False,F94_T1_R,F94_T1,94,R,twin_same_eye,True,True,False,2.0,0.3905557197753473,0.1278505092114643,2.0,0.3905557197753473,7.0,0.4018687775420271,28020,0
54/1L/S3541L01.jpg,/Users/sarahoualli/Desktop/BIO/iris_twins_project/data/features/daugman_strict_v3/gabor_codes/54__1L__S3541L01.jpg.npz,54,F54_T1,F54_T1_L,L,1,True,0.2179655172413793,0.2179655172413793,0.3462582236842105,0.1282927064428312,F54_T1_L,F54_T1,54,L,genuine_gallery,False,False,False,F54_T2_L,F54_T2,54,L,twin_same_eye,True,True,False,2.0,0.3462582236842105,0.1282927064428312,2.0,0.3462582236842105,3.0,0.3565781151170145,29000,0
70/1R/S3701R02.jpg,/Users/sarahoualli/Desktop/BIO/iris_twins_project/data/features/daugman_strict_v3/gabor_codes/70__1R__S3701R02.jpg.npz,70,F70_T1,F70_T1_R,R,1,True,0.255921412924425,0.255921412924425,0.3845133414190418,0.1285919284946168,F70_T1_R,F70_T1,70,R,genuine_gallery,False,False,False,F70_T2_R,F70_T2,70,R,twin_same_eye,True,True,False,2.0,0.3845133414190418,0.1285919284946168,2.0,0.3845133414190418,9.0,0.4034873049862343,29216,0
66/2R/S3662R01.jpg,/Users/sarahoualli/Desktop/BIO/iris_twins_project/data/features/daugman_strict_v3/gabor_codes/66__2R__S3662R01.jpg.npz,66,F66_T2,F66_T2_R,R,1,True,0.2536521033409982,0.2536521033409982,0.3832631120151097,0.1296110086741114,F66_T2_R,F66_T2,66,R,genuine_gallery,False,False,False,F66_T1_R,F66_T1,66,R,twin_same_eye,True,True,False,2.0,0.3832631120151097,0.1296110086741114,2.0,0.3832631120151097,23.0,0.4148545401116661,29572,0
95/2L/S3952L04.jpg,/Users/sarahoualli/Desktop/BIO/iris_twins_project/data/features/daugman_strict_v3/gabor_codes/95__2L__S3952L04.jpg.npz,95,F95_T2,F95_T2_L,L,1,True,0.2644747081712062,0.2644747081712062,0.3972104305639781,0.1327357223927719,F95_T2_L,F95_T2,95,L,genuine_gallery,False,False,False,F95_T1_L,F95_T1,95,L,twin_same_eye,True,True,False,2.0,0.3972104305639781,0.1327357223927719,2.0,0.3972104305639781,136.0,0.4587925445705024,25700,0
61/1L/S3611L06.jpg,/Users/sarahoualli/Desktop/BIO/iris_twins_project/data/features/daugman_strict_v3/gabor_codes/61__1L__S3611L06.jpg.npz,61,F61_T1,F61_T1_L,L,1,True,0.245845760545377,0.245845760545377,0.3826375133323175,0.1367917527869404,F61_T1_L,F61_T1,61,L,genuine_gallery,False,False,False,F61_T2_R,F61_T2,61,R,twin_cross_eye,True,False,True,2.0,0.3826375133323175,0.1367917527869404,61.0,0.426518691588785,2.0,0.3826375133323175,28164,0
94/2L/S3942L07.jpg,/Users/sarahoualli/Desktop/BIO/iris_twins_project/data/features/daugman_strict_v3/gabor_codes/94__2L__S3942L07.jpg.npz,94,F94_T2,F94_T2_L,L,1,True,0.2424467033742764,0.2424467033742764,0.383246600637905,0.1407998972636285,F94_T2_L,F94_T2,94,L,genuine_gallery,False,False,False,F94_T1_R,F94_T1,94,R,twin_cross_eye,True,False,True,2.0,0.383246600637905,0.1407998972636285,5.0,0.3930718249075215,2.0,0.383246600637905,28332,0
44/2R/S3442R08.jpg,/Users/sarahoualli/Desktop/BIO/iris_twins_project/data/features/daugman_strict_v3/gabor_codes/44__2R__S3442R08.jpg.npz,44,F44_T2,F44_T2_R,R,1,True,0.2196703799786357,0.2196703799786357,0.3607223708582013,0.1410519908795655,F44_T2_R,F44_T2,44,R,genuine_gallery,False,False,False,F44_T1_L,F44_T1,44,L,twin_cross_eye,True,False,True,2.0,0.3607223708582013,0.1410519908795655,3.0,0.3734161592891229,2.0,0.3607223708582013,26212,0
94/2L/S3942L08.jpg,/Users/sarahoualli/Desktop/BIO/iris_twins_project/data/features/daugman_strict_v3/gabor_codes/94__2L__S3942L08.jpg.npz,94,F94_T2,F94_T2_L,L,1,True,0.2435148232611174,0.2435148232611174,0.3849512932482364,0.141436469987119,F94_T2_L,F94_T2,94,L,genuine_gallery,False,False,False,F94_T1_R,F94_T1,94,R,twin_cross_eye,True,False,True,2.0,0.3849512932482364,0.141436469987119,8.0,0.4001780461371729,2.0,0.3849512932482364,28064,0
81/2R/S3812R03.jpg,/Users/sarahoualli/Desktop/BIO/iris_twins_project/data/features/daugman_strict_v3/gabor_codes/81__2R__S3812R03.jpg.npz,81,F81_T2,F81_T2_R,R,1,True,0.2276518837758932,0.2276518837758932,0.3841053900464956,0.1564535062706024,F81_T2_R,F81_T2,81,R,genuine_gallery,False,False,False,F81_T1_R,F81_T1,81,R,twin_same_eye,True,True,False,2.0,0.3841053900464956,0.1564535062706024,2.0,0.3841053900464956,50.0,0.4272886552781428,28772,0
12/1R/S3121R06.jpg,/Users/sarahoualli/Desktop/BIO/iris_twins_project/data/features/daugman_strict_v3/gabor_codes/12__1R__S3121R06.jpg.npz,12,F12_T1,F12_T1_R,R,1,True,0.2164969450101833,0.2164969450101833,0.3729818780889621,0.1564849330787788,F12_T1_R,F12_T1,12,R,genuine_gallery,False,False,False,F12_T2_L,F12_T2,12,L,twin_cross_eye,True,False,True,2.0,0.3729818780889621,0.1564849330787788,3.0,0.3742624838106202,2.0,0.3729818780889621,29460,0
94/2L/S3942L02.jpg,/Users/sarahoualli/Desktop/BIO/iris_twins_project/data/features/daugman_strict_v3/gabor_codes/94__2L__S3942L02.jpg.npz,94,F94_T2,F94_T2_L,L,1,True,0.2248621128553245,0.2248621128553245,0.384462656302805,0.1596005434474804,F94_T2_L,F94_T2,94,L,genuine_gallery,False,False,False,F94_T1_R,F94_T1,94,R,twin_cross_eye,True,False,True,2.0,0.384462656302805,0.1596005434474804,3.0,0.385426249616682,2.0,0.384462656302805,28284,0
70/1R/S3701R03.jpg,/Users/sarahoualli/Desktop/BIO/iris_twins_project/data/features/daugman_strict_v3/gabor_codes/70__1R__S3701R03.jpg.npz,70,F70_T1,F70_T1_R,R,1,True,0.2116147115121684,0.2116147115121684,0.3765847550477383,0.1649700435355698,F70_T1_R,F70_T1,70,R,genuine_gallery,False,False,False,F70_T2_R,F70_T2,70,R,twin_same_eye,True,True,False,2.0,0.3765847550477383,0.1649700435355698,2.0,0.3765847550477383,23.0,0.4105037513397642,29256,0
98/2L/S3982L06.jpg,/Users/sarahoualli/Desktop/BIO/iris_twins_project/data/features/daugman_strict_v3/gabor_codes/98__2L__S3982L06.jpg.npz,98,F98_T2,F98_T2_L,L,1,True,0.2220963756177924,0.2220963756177924,0.3885070332480818,0.1664106576302894,F98_T2_L,F98_T2,98,L,genuine_gallery,False,False,False,F98_T1_L,F98_T1,98,L,twin_same_eye,True,True,False,2.0,0.3885070332480818,0.1664106576302894,2.0,0.3885070332480818,53.0,0.4309378547105562,29136,0
94/2L/S3942L10.jpg,/Users/sarahoualli/Desktop/BIO/iris_twins_project/data/features/daugman_strict_v3/gabor_codes/94__2L__S3942L10.jpg.npz,94,F94_T2,F94_T2_L,L,1,True,0.1974203552297716,0.1974203552297716,0.383098710990502,0.1856783557607303,F94_T2_L,F94_T2,94,L,genuine_gallery,False,False,False,F94_T1_R,F94_T1,94,R,twin_cross_eye,True,False,True,2.0,0.383098710990502,0.1856783557607303,4.0,0.3871872630780895,2.0,0.383098710990502,28376,0
12/1R/S3121R07.jpg,/Users/sarahoualli/Desktop/BIO/iris_twins_project/data/features/daugman_strict_v3/gabor_codes/12__1R__S3121R07.jpg.npz,12,F12_T1,F12_T1_R,R,1,True,0.1801147873058744,0.1801147873058744,0.3713616181549087,0.1912468308490343,F12_T1_R,F12_T1,12,R,genuine_gallery,False,False,False,F12_T2_L,F12_T2,12,L,twin_cross_eye,True,False,True,2.0,0.3713616181549087,0.1912468308490343,3.0,0.3754461629982153,2.0,0.3713616181549087,29620,0
01/2L/S3012L02.jpg,/Users/sarahoualli/Desktop/BIO/iris_twins_project/data/features/daugman_strict_v3/gabor_codes/01__2L__S3012L02.jpg.npz,1,F01_T2,F01_T2_L,L,101,False,0.4367457763475462,0.3778534031413612,0.3778534031413612,-0.058892373206185,F04_T2_L,F04_T2,4,L,unrelated,False,False,False,F04_T2_L,F04_T2,4,L,unrelated,False,False,False,3.0,0.3875024955080854,-0.0492432808394607,3.0,0.3875024955080854,53.0,0.423346338003192,19888,-8
26/2R/S3262R03.jpg,/Users/sarahoualli/Desktop/BIO/iris_twins_project/data/features/daugman_strict_v3/gabor_codes/26__2R__S3262R03.jpg.npz,26,F26_T2,F26_T2_R,R,18,False,0.4118140243902439,0.3686369852605987,0.3686369852605987,-0.0431770391296452,F29_T1_R,F29_T1,29,R,unrelated,False,False,False,F29_T1_R,F29_T1,29,R,unrelated,False,False,False,3.0,0.3778961281293733,-0.0339178962608705,3.0,0.3778961281293733,301.0,0.4912615330021291,26240,-10
06/1R/S3061R08.jpg,/Users/sarahoualli/Desktop/BIO/iris_twins_project/data/features/daugman_strict_v3/gabor_codes/06__1R__S3061R08.jpg.npz,6,F06_T1,F06_T1_R,R,30,False,0.4272525849335303,0.3671025971633818,0.3671025971633818,-0.0601499877701484,F01_T1_L,F01_T1,1,L,unrelated,False,False,False,F01_T1_L,F01_T1,1,L,unrelated,False,False,False,3.0,0.4038940256045519,-0.0233585593289784,3.0,0.4038940256045519,300.0,0.4934760448521916,21664,0
26/2R/S3262R02.jpg,/Users/sarahoualli/Desktop/BIO/iris_twins_project/data/features/daugman_strict_v3/gabor_codes/26__2R__S3262R02.jpg.npz,26,F26_T2,F26_T2_R,R,19,False,0.4163022882961667,0.3819689202178788,0.3819689202178788,-0.0343333680782878,F63_T1_R,F63_T1,63,R,unrelated,False,False,False,F63_T1_R,F63_T1,63,R,unrelated,False,False,False,3.0,0.4011591722421036,-0.0151431160540631,3.0,0.4011591722421036,308.0,0.492474363215349,27444,-4
26/2R/S3262R05.jpg,/Users/sarahoualli/Desktop/BIO/iris_twins_project/data/features/daugman_strict_v3/gabor_codes/26__2R__S3262R05.jpg.npz,26,F26_T2,F26_T2_R,R,8,False,0.4068911843780953,0.3874947720618988,0.3874947720618988,-0.0193964123161965,F06_T2_L,F06_T2,6,L,unrelated,False,False,False,F06_T2_L,F06_T2,6,L,unrelated,False,False,False,3.0,0.3959947319491788,-0.0108964524289165,3.0,0.3959947319491788,274.0,0.4766841570751523,28268,2
49/2R/S3492R10.jpg,/Users/sarahoualli/Desktop/BIO/iris_twins_project/data/features/daugman_strict_v3/gabor_codes/49__2R__S3492R10.jpg.npz,49,F49_T2,F49_T2_R,R,8,False,0.3985445810371626,0.3757012888551933,0.3757012888551933,-0.0228432921819692,F84_T2_L,F84_T2,84,L,unrelated,False,False,False,F84_T2_L,F84_T2,84,L,unrelated,False,False,False,3.0,0.3894245142002989,-0.0091200668368636,26.0,0.4165086081120513,3.0,0.3894245142002989,28308,0
22/2R/S3222R08.jpg,/Users/sarahoualli/Desktop/BIO/iris_twins_project/data/features/daugman_strict_v3/gabor_codes/22__2R__S3222R08.jpg.npz,22,F22_T2,F22_T2_R,R,2,False,0.3627235644807028,0.3210798122065728,0.3210798122065728,-0.04164375227413,F44_T1_R,F44_T1,44,R,unrelated,False,False,False,F44_T1_R,F44_T1,44,R,unrelated,False,False,False,3.0,0.3632853632853632,0.0005617988046603,3.0,0.3632853632853632,159.0,0.4460818919872926,25496,0
22/1R/S3221R03.jpg,/Users/sarahoualli/Desktop/BIO/iris_twins_project/data/features/daugman_strict_v3/gabor_codes/22__1R__S3221R03.jpg.npz,22,F22_T1,F22_T1_R,R,2,False,0.3598291878933173,0.3538178164768921,0.3538178164768921,-0.0060113714164252,F44_T2_R,F44_T2,44,R,unrelated,False,False,False,F44_T2_R,F44_T2,44,R,unrelated,False,False,False,3.0,0.364280442804428,0.0044512549111107,3.0,0.364280442804428,15.0,0.399689143950263,26696,0
56/1L/S3561L01.jpg,/Users/sarahoualli/Desktop/BIO/iris_twins_project/data/features/daugman_strict_v3/gabor_codes/56__1L__S3561L01.jpg.npz,56,F56_T1,F56_T1_L,L,1,True,0.3508130687751753,0.3508130687751753,0.3798608783104257,0.0290478095352504,F56_T1_L,F56_T1,56,L,genuine_gallery,False,False,False,F51_T2_R,F51_T2,51,R,unrelated,False,False,False,3.0,0.3938984069732492,0.0430853381980738,3.0,0.3938984069732492,,,26812,-2
22/2R/S3222R03.jpg,/Users/sarahoualli/Desktop/BIO/iris_twins_project/data/features/daugman_strict_v3/gabor_codes/22__2R__S3222R03.jpg.npz,22,F22_T2,F22_T2_R,R,1,True,0.3137312126076171,0.3137312126076171,0.3604803136742362,0.0467491010666191,F22_T2_R,F22_T2,22,R,genuine_gallery,False,False,False,F01_T1_L,F01_T1,1,L,unrelated,False,False,False,3.0,0.3707909162098668,0.0570597036022497,3.0,0.3707909162098668,167.0,0.4468599033816425,27412,0
50/2R/S3502R04.jpg,/Users/sarahoualli/Desktop/BIO/iris_twins_project/data/features/daugman_strict_v3/gabor_codes/50__2R__S3502R04.jpg.npz,50,F50_T2,F50_T2_R,R,1,True,0.3279448426301028,0.3279448426301028,0.3716907584862758,0.0437459158561729,F50_T2_R,F50_T2,50,R,genuine_gallery,False,False,False,F33_T1_L,F33_T1,33,L,unrelated,False,False,False,3.0,0.3857167801641348,0.0577719375340319,3.0,0.3857167801641348,40.0,0.4222815460971574,25672,2
96/2R/S3962R05.jpg,/Users/sarahoualli/Desktop/BIO/iris_twins_project/data/features/daugman_strict_v3/gabor_codes/96__2R__S3962R05.jpg.npz,96,F96_T2,F96_T2_R,R,1,True,0.3259013980868285,0.3259013980868285,0.3783773527625986,0.0524759546757701,F96_T2_R,F96_T2,96,R,genuine_gallery,False,False,False,F94_T2_L,F94_T2,94,L,unrelated,False,False,False,3.0,0.3873647907195485,0.0614633926327199,3.0,0.3873647907195485,,,27180,-2
12/1R/S3121R02.jpg,/Users/sarahoualli/Desktop/BIO/iris_twins_project/data/features/daugman_strict_v3/gabor_codes/12__1R__S3121R02.jpg.npz,12,F12_T1,F12_T1_R,R,1,True,0.3257679648930334,0.3257679648930334,0.3784710605553696,0.0527030956623362,F12_T1_R,F12_T1,12,R,genuine_gallery,False,False,False,F50_T1_R,F50_T1,50,R,unrelated,False,False,False,3.0,0.3876025791324736,0.0618346142394402,3.0,0.3876025791324736,7.0,0.391545999707474,29168,0
98/1R/S3981R08.jpg,/Users/sarahoualli/Desktop/BIO/iris_twins_project/data/features/daugman_strict_v3/gabor_codes/98__1R__S3981R08.jpg.npz,98,F98_T1,F98_T1_R,R,1,True,0.3290464686656245,0.3290464686656245,0.391015043808894,0.0619685751432694,F98_T1_R,F98_T1,98,R,genuine_gallery,False,False,False,F00_T2_L,F00_T2,0,L,unrelated,False,False,False,3.0,0.3926844014510278,0.0636379327854032,3.0,0.3926844014510278,57.0,0.4419124568559774,28148,0
37/2L/S3372L03.jpg,/Users/sarahoualli/Desktop/BIO/iris_twins_project/data/features/daugman_strict_v3/gabor_codes/37__2L__S3372L03.jpg.npz,37,F37_T2,F37_T2_L,L,1,True,0.3014783065080476,0.3014783065080476,0.3619056463595839,0.0604273398515363,F37_T2_L,F37_T2,37,L,genuine_gallery,False,False,False,F24_T1_L,F24_T1,24,L,unrelated,False,False,False,3.0,0.3658762886597938,0.0643979821517462,3.0,0.3658762886597938,25.0,0.4220092915214866,22864,2
50/1R/S3501R03.jpg,/Users/sarahoualli/Desktop/BIO/iris_twins_project/data/features/daugman_strict_v3/gabor_codes/50__1R__S3501R03.jpg.npz,50,F50_T1,F50_T1_R,R,1,True,0.3214116532449076,0.3214116532449076,0.3868265440210249,0.0654148907761173,F50_T1_R,F50_T1,50,R,genuine_gallery,False,False,False,F54_T1_L,F54_T1,54,L,unrelated,False,False,False,3.0,0.3877049180327869,0.0662932647878792,3.0,0.3877049180327869,20.0,0.4128828347578347,25332,0
22/1R/S3221R07.jpg,/Users/sarahoualli/Desktop/BIO/iris_twins_project/data/features/daugman_strict_v3/gabor_codes/22__1R__S3221R07.jpg.npz,22,F22_T1,F22_T1_R,R,1,True,0.2969327990135635,0.2969327990135635,0.3489520180148969,0.0520192190013334,F22_T1_R,F22_T1,22,R,genuine_gallery,False,False,False,F44_T2_R,F44_T2,44,R,unrelated,False,False,False,3.0,0.3642975580343684,0.0673647590208049,3.0,0.3642975580343684,52.0,0.4200648353523289,25952,0
50/2R/S3502R05.jpg,/Users/sarahoualli/Desktop/BIO/iris_twins_project/data/features/daugman_strict_v3/gabor_codes/50__2R__S3502R05.jpg.npz,50,F50_T2,F50_T2_R,R,1,True,0.32644726407613,0.32644726407613,0.3925118724559023,0.0660646083797722,F50_T2_R,F50_T2,50,R,genuine_gallery,False,False,False,F12_T2_L,F12_T2,12,L,unrelated,False,False,False,3.0,0.3982614294913071,0.0718141654151771,3.0,0.3982614294913071,123.0,0.4398453857303914,25220,-2
54/2R/S3542R04.jpg,/Users/sarahoualli/Desktop/BIO/iris_twins_project/data/features/daugman_strict_v3/gabor_codes/54__2R__S3542R04.jpg.npz,54,F54_T2,F54_T2_R,R,1,True,0.3073820915926179,0.3073820915926179,0.3715622001918772,0.0641801085992592,F54_T2_R,F54_T2,54,R,genuine_gallery,False,False,False,F35_T1_R,F35_T1,35,R,unrelated,False,False,False,3.0,0.3808209727492239,0.0734388811566059,11.0,0.4049534626912762,3.0,0.3808209727492239,29260,0
98/2R/S3982R03.jpg,/Users/sarahoualli/Desktop/BIO/iris_twins_project/data/features/daugman_strict_v3/gabor_codes/98__2R__S3982R03.jpg.npz,98,F98_T2,F98_T2_R,R,1,True,0.3105199602216223,0.3105199602216223,0.3831459820750417,0.0726260218534193,F98_T2_R,F98_T2,98,R,genuine_gallery,False,False,False,F42_T1_R,F42_T1,42,R,unrelated,False,False,False,3.0,0.3842981293268522,0.0737781691052298,3.0,0.3842981293268522,129.0,0.4459362549800796,28156,0
22/2R/S3222R06.jpg,/Users/sarahoualli/Desktop/BIO/iris_twins_project/data/features/daugman_strict_v3/gabor_codes/22__2R__S3222R06.jpg.npz,22,F22_T2,F22_T2_R,R,1,True,0.2985993535477912,0.2985993535477912,0.3555767003144133,0.056977346766622,F22_T2_R,F22_T2,22,R,genuine_gallery,False,False,False,F01_T1_L,F01_T1,1,L,unrelated,False,False,False,3.0,0.3724532749621148,0.0738539214143235,3.0,0.3724532749621148,13.0,0.4002755050926699,25988,-2
31/2R/S3312R04.jpg,/Users/sarahoualli/Desktop/BIO/iris_twins_project/data/features/daugman_strict_v3/gabor_codes/31__2R__S3312R04.jpg.npz,31,F31_T2,F31_T2_R,R,1,True,0.3041039477421187,0.3041039477421187,0.3733105542900531,0.0692066065479344,F31_T2_R,F31_T2,31,R,genuine_gallery,False,False,False,F25_T2_R,F25_T2,25,R,unrelated,False,False,False,3.0,0.3840259357500736,0.0799219880079549,,,3.0,0.3840259357500736,28168,2
93/2R/S3932R07.jpg,/Users/sarahoualli/Desktop/BIO/iris_twins_project/data/features/daugman_strict_v3/gabor_codes/93__2R__S3932R07.jpg.npz,93,F93_T2,F93_T2_R,R,1,True,0.2815138498000296,0.2815138498000296,0.3681689698492462,0.0866551200492166,F93_T2_R,F93_T2,93,R,genuine_gallery,False,False,False,F64_T1_R,F64_T1,64,R,unrelated,False,False,False,3.0,0.3682974856104211,0.0867836358103914,124.0,0.4349803921568627,3.0,0.3682974856104211,27004,2
98/2R/S3982R07.jpg,/Users/sarahoualli/Desktop/BIO/iris_twins_project/data/features/daugman_strict_v3/gabor_codes/98__2R__S3982R07.jpg.npz,98,F98_T2,F98_T2_R,R,1,True,0.2987639325521578,0.2987639325521578,0.3816785227788709,0.0829145902267131,F98_T2_R,F98_T2,98,R,genuine_gallery,False,False,False,F42_T1_R,F42_T1,42,R,unrelated,False,False,False,3.0,0.3903284671532847,0.0915645346011269,3.0,0.3903284671532847,48.0,0.4303921568627451,27992,0
12/2L/S3122L02.jpg,/Users/sarahoualli/Desktop/BIO/iris_twins_project/data/features/daugman_strict_v3/gabor_codes/12__2L__S3122L02.jpg.npz,12,F12_T2,F12_T2_L,L,1,True,0.2921525923844316,0.2921525923844316,0.3661807345360824,0.0740281421516508,F12_T2_L,F12_T2,12,L,genuine_gallery,False,False,False,F59_T1_L,F59_T1,59,L,unrelated,False,False,False,3.0,0.3838912133891213,0.0917386210046897,3.0,0.3838912133891213,13.0,0.407123353678124,28468,0
54/2R/S3542R05.jpg,/Users/sarahoualli/Desktop/BIO/iris_twins_project/data/features/daugman_strict_v3/gabor_codes/54__2R__S3542R05.jpg.npz,54,F54_T2,F54_T2_R,R,1,True,0.2835051546391752,0.2835051546391752,0.3522510340439071,0.0687458794047318,F54_T2_R,F54_T2,54,R,genuine_gallery,False,False,False,F35_T1_R,F35_T1,35,R,unrelated,False,False,False,3.0,0.3807028857004675,0.0971977310612922,9.0,0.4036798071469086,3.0,0.3807028857004675,29100,0
66/1R/S3661R06.jpg,/Users/sarahoualli/Desktop/BIO/iris_twins_project/data/features/daugman_strict_v3/gabor_codes/66__1R__S3661R06.jpg.npz,66,F66_T1,F66_T1_R,R,1,True,0.285237898789879,0.285237898789879,0.3790309446254071,0.0937930458355281,F66_T1_R,F66_T1,66,R,genuine_gallery,False,False,False,F54_T2_L,F54_T2,54,L,unrelated,False,False,False,3.0,0.3928743379874819,0.1076364391976029,3.0,0.3928743379874819,,,29088,0
44/1R/S3441R02.jpg,/Users/sarahoualli/Desktop/BIO/iris_twins_project/data/features/daugman_strict_v3/gabor_codes/44__1R__S3441R02.jpg.npz,44,F44_T1,F44_T1_R,R,1,True,0.2363148761634327,0.2363148761634327,0.341354311275644,0.1050394351122112,F44_T1_R,F44_T1,44,R,genuine_gallery,False,False,False,F57_T1_R,F57_T1,57,R,unrelated,False,False,False,3.0,0.3463957667731629,0.1100808906097302,3.0,0.3463957667731629,20.0,0.4074662813102119,25356,0
12/2R/S3122R04.jpg,/Users/sarahoualli/Desktop/BIO/iris_twins_project/data/features/daugman_strict_v3/gabor_codes/12__2R__S3122R04.jpg.npz,12,F12_T2,F12_T2_R,R,1,True,0.270603805980827,0.270603805980827,0.3757680491551459,0.1051642431743189,F12_T2_R,F12_T2,12,R,genuine_gallery,False,False,False,F01_T1_L,F01_T1,1,L,unrelated,False,False,False,3.0,0.3810194102830049,0.1104156043021779,3.0,0.3810194102830049,20.0,0.3996355793544549,27956,0
44/1R/S3441R04.jpg,/Users/sarahoualli/Desktop/BIO/iris_twins_project/data/features/daugman_strict_v3/gabor_codes/44__1R__S3441R04.jpg.npz,44,F44_T1,F44_T1_R,R,1,True,0.2518784972022382,0.2518784972022382,0.3602084069233486,0.1083299097211104,F44_T1_R,F44_T1,44,R,genuine_gallery,False,False,False,F44_T1_L,F44_T1,44,L,same_subject_different_eye,False,False,False,3.0,0.367655529953917,0.1157770327516788,3.0,0.367655529953917,28.0,0.4174299568965517,25020,0
66/2R/S3662R07.jpg,/Users/sarahoualli/Desktop/BIO/iris_twins_project/data/features/daugman_strict_v3/gabor_codes/66__2R__S3662R07.jpg.npz,66,F66_T2,F66_T2_R,R,1,True,0.2651666666666666,0.2651666666666666,0.3787181303116147,0.113551463644948,F66_T2_R,F66_T2,66,R,genuine_gallery,False,False,False,F52_T2_R,F52_T2,52,R,unrelated,False,False,False,3.0,0.3849040265550584,0.1197373598883917,3.0,0.3849040265550584,26.0,0.414461247637051,30000,0
69/2R/S3692R01.jpg,/Users/sarahoualli/Desktop/BIO/iris_twins_project/data/features/daugman_strict_v3/gabor_codes/69__2R__S3692R01.jpg.npz,69,F69_T2,F69_T2_R,R,1,True,0.2818870328425821,0.2818870328425821,0.398149698593436,0.1162626657508539,F69_T2_R,F69_T2,69,R,genuine_gallery,False,False,False,F29_T2_R,F29_T2,29,R,unrelated,False,False,False,3.0,0.4027149321266968,0.1208278992841147,3.0,0.4027149321266968,290.0,0.4814647377938517,28256,0
94/1R/S3941R07.jpg,/Users/sarahoualli/Desktop/BIO/iris_twins_project/data/features/daugman_strict_v3/gabor_codes/94__1R__S3941R07.jpg.npz,94,F94_T1,F94_T1_R,R,1,True,0.2443385409201662,0.2443385409201662,0.3705462308598351,0.1262076899396688,F94_T1_R,F94_T1,94,R,genuine_gallery,False,False,False,F97_T2_L,F97_T2,97,L,unrelated,False,False,False,3.0,0.3716746248294679,0.1273360839093016,38.0,0.4185043504350435,3.0,0.3716746248294679,27908,0
98/2L/S3982L01.jpg,/Users/sarahoualli/Desktop/BIO/iris_twins_project/data/features/daugman_strict_v3/gabor_codes/98__2L__S3982L01.jpg.npz,98,F98_T2,F98_T2_L,L,1,True,0.2606816924778761,0.2606816924778761,0.3872160390303399,0.1265343465524638,F98_T2_L,F98_T2,98,L,genuine_gallery,False,False,False,F42_T1_L,F42_T1,42,L,unrelated,False,False,False,3.0,0.390625,0.1299433075221239,3.0,0.390625,18.0,0.4220300642148278,28928,0
29/2R/S3292R05.jpg,/Users/sarahoualli/Desktop/BIO/iris_twins_project/data/features/daugman_strict_v3/gabor_codes/29__2R__S3292R05.jpg.npz,29,F29_T2,F29_T2_R,R,1,True,0.2511479780773218,0.2511479780773218,0.3832210341291929,0.132073056051871,F29_T2_R,F29_T2,29,R,genuine_gallery,False,False,False,F49_T1_R,F49_T1,49,R,unrelated,False,False,False,3.0,0.3864960629921259,0.1353480849148041,3.0,0.3864960629921259,138.0,0.4330897177419355,27004,0
81/2R/S3812R07.jpg,/Users/sarahoualli/Desktop/BIO/iris_twins_project/data/features/daugman_strict_v3/gabor_codes/81__2R__S3812R07.jpg.npz,81,F81_T2,F81_T2_R,R,1,True,0.2474598379788548,0.2474598379788548,0.3839672604718344,0.1365074224929795,F81_T2_R,F81_T2,81,R,genuine_gallery,False,False,False,F81_T2_L,F81_T2,81,L,same_subject_different_eye,False,False,False,3.0,0.3968328495816971,0.1493730116028422,3.0,0.3968328495816971,84.0,0.4389769452449568,29132,0
12/2L/S3122L05.jpg,/Users/sarahoualli/Desktop/BIO/iris_twins_project/data/features/daugman_strict_v3/gabor_codes/12__2L__S3122L05.jpg.npz,12,F12_T2,F12_T2_L,L,1,True,0.2258201959948871,0.2258201959948871,0.3618663981201745,0.1360462021252874,F12_T2_L,F12_T2,12,L,genuine_gallery,False,False,False,F33_T1_L,F33_T1,33,L,unrelated,False,False,False,3.0,0.3762151652624756,0.1503949692675885,15.0,0.407379767827529,3.0,0.3762151652624756,28164,-2
22/2R/S3222R07.jpg,/Users/sarahoualli/Desktop/BIO/iris_twins_project/data/features/daugman_strict_v3/gabor_codes/22__2R__S3222R07.jpg.npz,22,F22_T2,F22_T2_R,R,1,True,0.2111374748346275,0.2111374748346275,0.3585186976144422,0.1473812227798147,F22_T2_R,F22_T2,22,R,genuine_gallery,False,False,False,F01_T1_L,F01_T1,1,L,unrelated,False,False,False,3.0,0.367429892601432,0.1562924177668044,3.0,0.367429892601432,76.0,0.4237091222030981,27816,0
63/2L/S3632L03.jpg,/Users/sarahoualli/Desktop/BIO/iris_twins_project/data/features/daugman_strict_v3/gabor_codes/63__2L__S3632L03.jpg.npz,63,F63_T2,F63_T2_L,L,1,True,0.2515892962743938,0.2515892962743938,0.4025694341304024,0.1509801378560086,F63_T2_L,F63_T2,63,L,genuine_gallery,False,False,False,F50_T1_L,F50_T1,50,L,unrelated,False,False,False,3.0,0.4113222145804677,0.1597329183060738,,,3.0,0.4113222145804677,27056,2
54/1R/S3541R03.jpg,/Users/sarahoualli/Desktop/BIO/iris_twins_project/data/features/daugman_strict_v3/gabor_codes/54__1R__S3541R03.jpg.npz,54,F54_T1,F54_T1_R,R,1,True,0.2231842400448682,0.2231842400448682,0.3778456203829338,0.1546613803380656,F54_T1_R,F54_T1,54,R,genuine_gallery,False,False,False,F54_T1_L,F54_T1,54,L,same_subject_different_eye,False,False,False,3.0,0.3902585476123199,0.1670743075674516,5.0,0.3929038587311969,3.0,0.3902585476123199,28528,2
70/1R/S3701R01.jpg,/Users/sarahoualli/Desktop/BIO/iris_twins_project/data/features/daugman_strict_v3/gabor_codes/70__1R__S3701R01.jpg.npz,70,F70_T1,F70_T1_R,R,1,True,0.2178566543564492,0.2178566543564492,0.3781193364003903,0.1602626820439411,F70_T1_R,F70_T1,70,R,genuine_gallery,False,False,False,F15_T1_R,F15_T1,15,R,unrelated,False,False,False,3.0,0.3894023413431916,0.1715456869867424,3.0,0.3894023413431916,9.0,0.3967259191735034,29244,0
94/2L/S3942L06.jpg,/Users/sarahoualli/Desktop/BIO/iris_twins_project/data/features/daugman_strict_v3/gabor_codes/94__2L__S3942L06.jpg.npz,94,F94_T2,F94_T2_L,L,1,True,0.213815323608554,0.213815323608554,0.3845007451564828,0.1706854215479288,F94_T2_L,F94_T2,94,L,genuine_gallery,False,False,False,F70_T2_L,F70_T2,70,L,unrelated,False,False,False,3.0,0.3880362896387994,0.1742209660302453,5.0,0.3940217391304347,3.0,0.3880362896387994,28244,0
54/1R/S3541R02.jpg,/Users/sarahoualli/Desktop/BIO/iris_twins_project/data/features/daugman_strict_v3/gabor_codes/54__1R__S3541R02.jpg.npz,54,F54_T1,F54_T1_R,R,1,True,0.2055364511691884,0.2055364511691884,0.3825867052023121,0.1770502540331237,F54_T1_R,F54_T1,54,R,genuine_gallery,False,False,False,F54_T1_L,F54_T1,54,L,same_subject_different_eye,False,False,False,3.0,0.3897432279909706,0.1842067768217822,5.0,0.3962248995983936,3.0,0.3897432279909706,29080,2
12/2L/S3122L10.jpg,/Users/sarahoualli/Desktop/BIO/iris_twins_project/data/features/daugman_strict_v3/gabor_codes/12__2L__S3122L10.jpg.npz,12,F12_T2,F12_T2_L,L,1,True,0.1765149437894159,0.1765149437894159,0.3799183673469388,0.2034034235575228,F12_T2_L,F12_T2,12,L,genuine_gallery,False,False,False,F33_T1_L,F33_T1,33,L,unrelated,False,False,False,3.0,0.3860552558443682,0.2095403120549522,3.0,0.3860552558443682,18.0,0.4048782441525152,29176,0
49/2R/S3492R03.jpg,/Users/sarahoualli/Desktop/BIO/iris_twins_project/data/features/daugman_strict_v3/gabor_codes/49__2R__S3492R03.jpg.npz,49,F49_T2,F49_T2_R,R,37,False,0.4028591352859135,0.3727598566308244,0.3727598566308244,-0.0300992786550891,F29_T1_R,F29_T1,29,R,unrelated,False,False,False,F29_T1_R,F29_T1,29,R,unrelated,False,False,False,4.0,0.3748897058823529,-0.0279694294035606,7.0,0.3787007155886067,4.0,0.3748897058823529,28680,0
29/2R/S3292R08.jpg,/Users/sarahoualli/Desktop/BIO/iris_twins_project/data/features/daugman_strict_v3/gabor_codes/29__2R__S3292R08.jpg.npz,29,F29_T2,F29_T2_R,R,1,True,0.3648497083894123,0.3648497083894123,0.3734226515033494,0.0085729431139371,F29_T2_R,F29_T2,29,R,genuine_gallery,False,False,False,F58_T1_R,F58_T1,58,R,unrelated,False,False,False,4.0,0.3838681699913269,0.0190184616019146,4.0,0.3838681699913269,86.0,0.4253794985502303,26748,-2
75/2R/S3752R10.jpg,/Users/sarahoualli/Desktop/BIO/iris_twins_project/data/features/daugman_strict_v3/gabor_codes/75__2R__S3752R10.jpg.npz,75,F75_T2,F75_T2_R,R,2,False,0.3616781641559904,0.3402053712480253,0.3402053712480253,-0.0214727929079651,F90_T1_R,F90_T1,90,R,unrelated,False,False,False,F90_T1_R,F90_T1,90,R,unrelated,False,False,False,4.0,0.3818040435458787,0.0201258793898883,138.0,0.4383780830471433,4.0,0.3818040435458787,28412,2
57/2L/S3572L10.jpg,/Users/sarahoualli/Desktop/BIO/iris_twins_project/data/features/daugman_strict_v3/gabor_codes/57__2L__S3572L10.jpg.npz,57,F57_T2,F57_T2_L,L,1,True,0.3750973065545695,0.3750973065545695,0.3801261829652997,0.0050288764107301,F57_T2_L,F57_T2,57,L,genuine_gallery,False,False,False,F04_T2_L,F04_T2,4,L,unrelated,False,False,False,4.0,0.3956859971711456,0.0205886906165761,4.0,0.3956859971711456,192.0,0.454911838790932,25692,-2
57/1L/S3571L07.jpg,/Users/sarahoualli/Desktop/BIO/iris_twins_project/data/features/daugman_strict_v3/gabor_codes/57__1L__S3571L07.jpg.npz,57,F57_T1,F57_T1_L,L,1,True,0.3553429771348577,0.3553429771348577,0.3676975945017182,0.0123546173668605,F57_T1_L,F57_T1,57,L,genuine_gallery,False,False,False,F37_T1_R,F37_T1,37,R,unrelated,False,False,False,4.0,0.3830051369863013,0.0276621598514436,107.0,0.4466344365935292,4.0,0.3830051369863013,25716,0
57/1L/S3571L08.jpg,/Users/sarahoualli/Desktop/BIO/iris_twins_project/data/features/daugman_strict_v3/gabor_codes/57__1L__S3571L08.jpg.npz,57,F57_T1,F57_T1_L,L,1,True,0.3475751471955376,0.3475751471955376,0.3718325376423063,0.0242573904467686,F57_T1_L,F57_T1,57,L,genuine_gallery,False,False,False,F37_T1_R,F37_T1,37,R,unrelated,False,False,False,4.0,0.3816614420062696,0.0340862948107319,208.0,0.4609415416451112,4.0,0.3816614420062696,25816,0
57/2L/S3572L04.jpg,/Users/sarahoualli/Desktop/BIO/iris_twins_project/data/features/daugman_strict_v3/gabor_codes/57__2L__S3572L04.jpg.npz,57,F57_T2,F57_T2_L,L,1,True,0.3472709979514193,0.3472709979514193,0.3792825473599355,0.0320115494085161,F57_T2_L,F57_T2,57,L,genuine_gallery,False,False,False,F04_T2_L,F04_T2,4,L,unrelated,False,False,False,4.0,0.3874908491947291,0.0402198512433097,4.0,0.3874908491947291,222.0,0.4555646332607116,27336,0
22/2R/S3222R04.jpg,/Users/sarahoualli/Desktop/BIO/iris_twins_project/data/features/daugman_strict_v3/gabor_codes/22__2R__S3222R04.jpg.npz,22,F22_T2,F22_T2_R,R,1,True,0.3058876270173341,0.3058876270173341,0.3602278315030323,0.0543402044856981,F22_T2_R,F22_T2,22,R,genuine_gallery,False,False,False,F01_T1_L,F01_T1,1,L,unrelated,False,False,False,4.0,0.3729333769847766,0.0670457499674424,4.0,0.3729333769847766,105.0,0.4328711531958065,26768,-2
64/2R/S3642R04.jpg,/Users/sarahoualli/Desktop/BIO/iris_twins_project/data/features/daugman_strict_v3/gabor_codes/64__2R__S3642R04.jpg.npz,64,F64_T2,F64_T2_R,R,1,True,0.3205307262569832,0.3205307262569832,0.3855359001040582,0.0650051738470749,F64_T2_R,F64_T2,64,R,genuine_gallery,False,False,False,F85_T1_R,F85_T1,85,R,unrelated,False,False,False,4.0,0.3882529555263652,0.0677222292693819,201.0,0.4550084175084175,4.0,0.3882529555263652,25776,0
44/1R/S3441R01.jpg,/Users/sarahoualli/Desktop/BIO/iris_twins_project/data/features/daugman_strict_v3/gabor_codes/44__1R__S3441R01.jpg.npz,44,F44_T1,F44_T1_R,R,1,True,0.2898333872533161,0.2898333872533161,0.3336895195759959,0.0438561323226798,F44_T1_R,F44_T1,44,R,genuine_gallery,False,False,False,F44_T1_L,F44_T1,44,L,same_subject_different_eye,False,False,False,4.0,0.3631060731424789,0.0732726858891628,4.0,0.3631060731424789,24.0,0.413599685101358,24728,0
54/2R/S3542R02.jpg,/Users/sarahoualli/Desktop/BIO/iris_twins_project/data/features/daugman_strict_v3/gabor_codes/54__2R__S3542R02.jpg.npz,54,F54_T2,F54_T2_R,R,1,True,0.2962567606034728,0.2962567606034728,0.3609220547723221,0.0646652941688493,F54_T2_R,F54_T2,54,R,genuine_gallery,False,False,False,F35_T1_R,F35_T1,35,R,unrelated,False,False,False,4.0,0.3815743183817062,0.0853175577782334,5.0,0.3824769006321932,4.0,0.3815743183817062,28104,2
33/2L/S3332L03.jpg,/Users/sarahoualli/Desktop/BIO/iris_twins_project/data/features/daugman_strict_v3/gabor_codes/33__2L__S3332L03.jpg.npz,33,F33_T2,F33_T2_L,L,1,True,0.3147563542172575,0.3147563542172575,0.3980165289256198,0.0832601747083622,F33_T2_L,F33_T2,33,L,genuine_gallery,False,False,False,F55_T2_L,F55_T2,55,L,unrelated,False,False,False,4.0,0.403054221002059,0.0882978667848014,4.0,0.403054221002059,183.0,0.4576392394413596,24708,0
22/1L/S3221L05.jpg,/Users/sarahoualli/Desktop/BIO/iris_twins_project/data/features/daugman_strict_v3/gabor_codes/22__1L__S3221L05.jpg.npz,22,F22_T1,F22_T1_L,L,1,True,0.2831983496332518,0.2831983496332518,0.3587237181851715,0.0755253685519196,F22_T1_L,F22_T1,22,L,genuine_gallery,False,False,False,F90_T1_R,F90_T1,90,R,unrelated,False,False,False,4.0,0.3723893065998329,0.089190956966581,4.0,0.3723893065998329,10.0,0.3928194297782471,26176,0
12/2L/S3122L01.jpg,/Users/sarahoualli/Desktop/BIO/iris_twins_project/data/features/daugman_strict_v3/gabor_codes/12__2L__S3122L01.jpg.npz,12,F12_T2,F12_T2_L,L,1,True,0.2849724459516744,0.2849724459516744,0.3769699672911091,0.0919975213394347,F12_T2_L,F12_T2,12,L,genuine_gallery,False,False,False,F02_T2_R,F02_T2,2,R,unrelated,False,False,False,4.0,0.3791385274254653,0.0941660814737909,4.0,0.3791385274254653,9.0,0.3956051978391006,28308,0
48/1L/S3481L03.jpg,/Users/sarahoualli/Desktop/BIO/iris_twins_project/data/features/daugman_strict_v3/gabor_codes/48__1L__S3481L03.jpg.npz,48,F48_T1,F48_T1_L,L,1,True,0.2998129765501366,0.2998129765501366,0.3869517197854212,0.0871387432352845,F48_T1_L,F48_T1,48,L,genuine_gallery,False,False,False,F33_T1_L,F33_T1,33,L,unrelated,False,False,False,4.0,0.3970588235294117,0.097245846979275,4.0,0.3970588235294117,311.0,0.4867388868135973,27804,0
37/2L/S3372L02.jpg,/Users/sarahoualli/Desktop/BIO/iris_twins_project/data/features/daugman_strict_v3/gabor_codes/37__2L__S3372L02.jpg.npz,37,F37_T2,F37_T2_L,L,1,True,0.2996063696546788,0.2996063696546788,0.3558264542138606,0.0562200845591817,F37_T2_L,F37_T2,37,L,genuine_gallery,False,False,False,F17_T2_L,F17_T2,17,L,unrelated,False,False,False,4.0,0.3974728441587231,0.0978664745040442,4.0,0.3974728441587231,84.0,0.4548398091342877,22356,-2
49/1R/S3491R07.jpg,/Users/sarahoualli/Desktop/BIO/iris_twins_project/data/features/daugman_strict_v3/gabor_codes/49__1R__S3491R07.jpg.npz,49,F49_T1,F49_T1_R,R,1,True,0.3069206164582727,0.3069206164582727,0.4044973950352436,0.0975767785769708,F49_T1_R,F49_T1,49,R,genuine_gallery,False,False,False,F12_T1_R,F12_T1,12,R,unrelated,False,False,False,4.0,0.4049734954786405,0.0980528790203677,136.0,0.4537990744887296,4.0,0.4049734954786405,27512,0
70/1R/S3701R05.jpg,/Users/sarahoualli/Desktop/BIO/iris_twins_project/data/features/daugman_strict_v3/gabor_codes/70__1R__S3701R05.jpg.npz,70,F70_T1,F70_T1_R,R,1,True,0.2799864314789688,0.2799864314789688,0.3778426092160383,0.0978561777370695,F70_T1_R,F70_T1,70,R,genuine_gallery,False,False,False,F31_T2_R,F31_T2,31,R,unrelated,False,False,False,4.0,0.3862325440194292,0.1062461125404604,15.0,0.4027201304476727,4.0,0.3862325440194292,29480,0
54/2R/S3542R01.jpg,/Users/sarahoualli/Desktop/BIO/iris_twins_project/data/features/daugman_strict_v3/gabor_codes/54__2R__S3542R01.jpg.npz,54,F54_T2,F54_T2_R,R,1,True,0.2646225110619469,0.2646225110619469,0.3750200674265532,0.1103975563646063,F54_T2_R,F54_T2,54,R,genuine_gallery,False,False,False,F35_T1_R,F35_T1,35,R,unrelated,False,False,False,4.0,0.3870429252782194,0.1224204142162724,6.0,0.3913496051687006,4.0,0.3870429252782194,28928,2
70/2R/S3702R03.jpg,/Users/sarahoualli/Desktop/BIO/iris_twins_project/data/features/daugman_strict_v3/gabor_codes/70__2R__S3702R03.jpg.npz,70,F70_T2,F70_T2_R,R,1,True,0.2344938980617372,0.2344938980617372,0.3797514033680834,0.1452575053063461,F70_T2_R,F70_T2,70,R,genuine_gallery,False,False,False,F74_T2_L,F74_T2,74,L,unrelated,False,False,False,4.0,0.3845659163987138,0.1500720183369766,4.0,0.3845659163987138,28.0,0.412821758135017,27860,0
25/2L/S3252L10.jpg,/Users/sarahoualli/Desktop/BIO/iris_twins_project/data/features/daugman_strict_v3/gabor_codes/25__2L__S3252L10.jpg.npz,25,F25_T2,F25_T2_L,L,1,True,0.2455965322691619,0.2455965322691619,0.3908570544554455,0.1452605221862835,F25_T2_L,F25_T2,25,L,genuine_gallery,False,False,False,F88_T2_L,F88_T2,88,L,unrelated,False,False,False,4.0,0.3962933753943217,0.1506968431251597,4.0,0.3962933753943217,82.0,0.4344914040114613,29068,0
12/1L/S3121L02.jpg,/Users/sarahoualli/Desktop/BIO/iris_twins_project/data/features/daugman_strict_v3/gabor_codes/12__1L__S3121L02.jpg.npz,12,F12_T1,F12_T1_L,L,1,True,0.2286013986013986,0.2286013986013986,0.3823529411764705,0.1537515425750719,F12_T1_L,F12_T1,12,L,genuine_gallery,False,False,False,F41_T2_R,F41_T2,41,R,unrelated,False,False,False,4.0,0.3904094980804777,0.1618080994790791,4.0,0.3904094980804777,114.0,0.4296282798833819,28600,0
94/2L/S3942L09.jpg,/Users/sarahoualli/Desktop/BIO/iris_twins_project/data/features/daugman_strict_v3/gabor_codes/94__2L__S3942L09.jpg.npz,94,F94_T2,F94_T2_L,L,1,True,0.231816248404934,0.231816248404934,0.3824786324786324,0.1506623840736984,F94_T2_L,F94_T2,94,L,genuine_gallery,False,False,False,F01_T1_R,F01_T1,1,R,unrelated,False,False,False,4.0,0.3949044585987261,0.163088210193792,7.0,0.3993198838453309,4.0,0.3949044585987261,28212,0
94/2R/S3942R01.jpg,/Users/sarahoualli/Desktop/BIO/iris_twins_project/data/features/daugman_strict_v3/gabor_codes/94__2R__S3942R01.jpg.npz,94,F94_T2,F94_T2_R,R,1,True,0.2246118338229123,0.2246118338229123,0.3833964738452571,0.1587846400223448,F94_T2_R,F94_T2,94,R,genuine_gallery,False,False,False,F72_T2_R,F72_T2,72,R,unrelated,False,False,False,4.0,0.3920594633792603,0.167447629556348,4.0,0.3920594633792603,101.0,0.4348915482423335,28596,0
70/1R/S3701R06.jpg,/Users/sarahoualli/Desktop/BIO/iris_twins_project/data/features/daugman_strict_v3/gabor_codes/70__1R__S3701R06.jpg.npz,70,F70_T1,F70_T1_R,R,1,True,0.1924608624004394,0.1924608624004394,0.3766507445911773,0.1841898821907378,F70_T1_R,F70_T1,70,R,genuine_gallery,False,False,False,F15_T1_R,F15_T1,15,R,unrelated,False,False,False,4.0,0.3804155969191271,0.1879547345186876,4.0,0.3804155969191271,5.0,0.3854486785494775,29128,0
94/2R/S3942R06.jpg,/Users/sarahoualli/Desktop/BIO/iris_twins_project/data/features/daugman_strict_v3/gabor_codes/94__2R__S3942R06.jpg.npz,94,F94_T2,F94_T2_R,R,1,True,0.2031358642747879,0.2031358642747879,0.3812551271534044,0.1781192628786164,F94_T2_R,F94_T2,94,R,genuine_gallery,False,False,False,F02_T1_R,F02_T1,2,R,unrelated,False,False,False,4.0,0.3962291942848726,0.1930933300100846,4.0,0.3962291942848726,42.0,0.4192314090833472,28764,0
12/2L/S3122L08.jpg,/Users/sarahoualli/Desktop/BIO/iris_twins_project/data/features/daugman_strict_v3/gabor_codes/12__2L__S3122L08.jpg.npz,12,F12_T2,F12_T2_L,L,1,True,0.1889434379753837,0.1889434379753837,0.380475955204216,0.1915325172288323,F12_T2_L,F12_T2,12,L,genuine_gallery,False,False,False,F33_T1_L,F33_T1,33,L,unrelated,False,False,False,4.0,0.3852973918575064,0.1963539538821226,11.0,0.401716454860538,4.0,0.3852973918575064,28924,0
42/2L/S3422L01.jpg,/Users/sarahoualli/Desktop/BIO/iris_twins_project/data/features/daugman_strict_v3/gabor_codes/42__2L__S3422L01.jpg.npz,42,F42_T2,F42_T2_L,L,1,True,0.1616847826086956,0.1616847826086956,0.3869734564339296,0.2252886738252339,F42_T2_L,F42_T2,42,L,genuine_gallery,False,False,False,F98_T2_L,F98_T2,98,L,unrelated,False,False,False,4.0,0.3969915678147777,0.2353067852060821,4.0,0.3969915678147777,108.0,0.4370858251171812,28704,0
70/2R/S3702R09.jpg,/Users/sarahoualli/Desktop/BIO/iris_twins_project/data/features/daugman_strict_v3/gabor_codes/70__2R__S3702R09.jpg.npz,70,F70_T2,F70_T2_R,R,1,True,0.1210156672069151,0.1210156672069151,0.3527646129541864,0.2317489457472712,F70_T2_R,F70_T2,70,R,genuine_gallery,False,False,False,F49_T1_R,F49_T1,49,R,unrelated,False,False,False,4.0,0.379213048855906,0.2581973816489908,4.0,0.379213048855906,19.0,0.4028865680301711,29616,0
39/1R/S3391R04.jpg,/Users/sarahoualli/Desktop/BIO/iris_twins_project/data/features/daugman_strict_v3/gabor_codes/39__1R__S3391R04.jpg.npz,39,F39_T1,F39_T1_R,R,1,True,0.3697101224616338,0.3697101224616338,0.3796957466625271,0.0099856242008932,F39_T1_R,F39_T1,39,R,genuine_gallery,False,False,False,F38_T1_L,F38_T1,38,L,unrelated,False,False,False,5.0,0.3860556038227628,0.0163454813611289,84.0,0.4256481481481481,5.0,0.3860556038227628,25804,0
57/2L/S3572L05.jpg,/Users/sarahoualli/Desktop/BIO/iris_twins_project/data/features/daugman_strict_v3/gabor_codes/57__2L__S3572L05.jpg.npz,57,F57_T2,F57_T2_L,L,1,True,0.3599794087365789,0.3599794087365789,0.3867361553150859,0.026756746578507,F57_T2_L,F57_T2,57,L,genuine_gallery,False,False,False,F13_T2_L,F13_T2,13,L,unrelated,False,False,False,5.0,0.3951728461400681,0.0351934374034891,5.0,0.3951728461400681,203.0,0.451048951048951,27196,0
25/1R/S3251R03.jpg,/Users/sarahoualli/Desktop/BIO/iris_twins_project/data/features/daugman_strict_v3/gabor_codes/25__1R__S3251R03.jpg.npz,25,F25_T1,F25_T1_R,R,1,True,0.3515803775743707,0.3515803775743707,0.3820180464050415,0.0304376688306708,F25_T1_R,F25_T1,25,R,genuine_gallery,False,False,False,F54_T2_R,F54_T2,54,R,unrelated,False,False,False,5.0,0.3870585701981051,0.0354781926237343,153.0,0.4457344955701629,5.0,0.3870585701981051,27968,0
37/2R/S3372R01.jpg,/Users/sarahoualli/Desktop/BIO/iris_twins_project/data/features/daugman_strict_v3/gabor_codes/37__2R__S3372R01.jpg.npz,37,F37_T2,F37_T2_R,R,1,True,0.3415178571428571,0.3415178571428571,0.3556962025316456,0.0141783453887884,F37_T2_R,F37_T2,37,R,genuine_gallery,False,False,False,F19_T1_R,F19_T1,19,R,unrelated,False,False,False,5.0,0.3813882829541913,0.0398704258113342,5.0,0.3813882829541913,86.0,0.449109045128801,25536,-2
56/2L/S3562L03.jpg,/Users/sarahoualli/Desktop/BIO/iris_twins_project/data/features/daugman_strict_v3/gabor_codes/56__2L__S3562L03.jpg.npz,56,F56_T2,F56_T2_L,L,1,True,0.3565374410377358,0.3565374410377358,0.3707938207402875,0.0142563797025517,F56_T2_L,F56_T2,56,L,genuine_gallery,False,False,False,F39_T1_R,F39_T1,39,R,unrelated,False,False,False,5.0,0.4013148009015778,0.0447773598638419,8.0,0.4042794440380395,5.0,0.4013148009015778,27136,0
90/2L/S3902L05.jpg,/Users/sarahoualli/Desktop/BIO/iris_twins_project/data/features/daugman_strict_v3/gabor_codes/90__2L__S3902L05.jpg.npz,90,F90_T2,F90_T2_L,L,1,True,0.3283233899342206,0.3283233899342206,0.3718700053276505,0.0435466153934299,F90_T2_L,F90_T2,90,L,genuine_gallery,False,False,False,F01_T1_L,F01_T1,1,L,unrelated,False,False,False,5.0,0.3863318301974809,0.0580084402632603,,,5.0,0.3863318301974809,26148,-2
56/2L/S3562L04.jpg,/Users/sarahoualli/Desktop/BIO/iris_twins_project/data/features/daugman_strict_v3/gabor_codes/56__2L__S3562L04.jpg.npz,56,F56_T2,F56_T2_L,L,1,True,0.3165784832451499,0.3165784832451499,0.3587970158532794,0.0422185326081295,F56_T2_L,F56_T2,56,L,genuine_gallery,False,False,False,F39_T1_R,F39_T1,39,R,unrelated,False,False,False,5.0,0.3794966691339748,0.0629181858888249,5.0,0.3794966691339748,21.0,0.4030527429348647,27216,0
12/2R/S3122R02.jpg,/Users/sarahoualli/Desktop/BIO/iris_twins_project/data/features/daugman_strict_v3/gabor_codes/12__2R__S3122R02.jpg.npz,12,F12_T2,F12_T2_R,R,1,True,0.3159257660768235,0.3159257660768235,0.3863734368262182,0.0704476707493947,F12_T2_R,F12_T2,12,R,genuine_gallery,False,False,False,F12_T2_L,F12_T2,12,L,same_subject_different_eye,False,False,False,5.0,0.3958786091276001,0.0799528430507766,5.0,0.3958786091276001,11.0,0.4015821835632873,27804,2
94/1R/S3941R01.jpg,/Users/sarahoualli/Desktop/BIO/iris_twins_project/data/features/daugman_strict_v3/gabor_codes/94__1R__S3941R01.jpg.npz,94,F94_T1,F94_T1_R,R,1,True,0.310845560429587,0.310845560429587,0.3795034079844206,0.0686578475548335,F94_T1_R,F94_T1,94,R,genuine_gallery,False,False,False,F29_T1_R,F29_T1,29,R,unrelated,False,False,False,5.0,0.3952103849597135,0.0843648245301264,59.0,0.4277822580645161,5.0,0.3952103849597135,26444,0
98/1R/S3981R07.jpg,/Users/sarahoualli/Desktop/BIO/iris_twins_project/data/features/daugman_strict_v3/gabor_codes/98__1R__S3981R07.jpg.npz,98,F98_T1,F98_T1_R,R,1,True,0.3109010402024177,0.3109010402024177,0.3764615384615384,0.0655604982591206,F98_T1_R,F98_T1,98,R,genuine_gallery,False,False,False,F39_T1_R,F39_T1,39,R,unrelated,False,False,False,5.0,0.3956968433591423,0.0847958031567245,5.0,0.3956968433591423,71.0,0.4402751492211385,28456,0
25/2R/S3252R02.jpg,/Users/sarahoualli/Desktop/BIO/iris_twins_project/data/features/daugman_strict_v3/gabor_codes/25__2R__S3252R02.jpg.npz,25,F25_T2,F25_T2_R,R,1,True,0.3094218415417559,0.3094218415417559,0.3969430992736077,0.0875212577318518,F25_T2_R,F25_T2,25,R,genuine_gallery,False,False,False,F43_T2_L,F43_T2,43,L,unrelated,False,False,False,5.0,0.401451973194341,0.0920301316525851,5.0,0.401451973194341,109.0,0.440754039497307,28020,0
96/2R/S3962R02.jpg,/Users/sarahoualli/Desktop/BIO/iris_twins_project/data/features/daugman_strict_v3/gabor_codes/96__2R__S3962R02.jpg.npz,96,F96_T2,F96_T2_R,R,1,True,0.2876607043040805,0.2876607043040805,0.3908439738399252,0.1031832695358447,F96_T2_R,F96_T2,96,R,genuine_gallery,False,False,False,F49_T2_R,F49_T2,49,R,unrelated,False,False,False,5.0,0.3956365272154746,0.1079758229113941,5.0,0.3956365272154746,,,28624,0
98/2L/S3982L04.jpg,/Users/sarahoualli/Desktop/BIO/iris_twins_project/data/features/daugman_strict_v3/gabor_codes/98__2L__S3982L04.jpg.npz,98,F98_T2,F98_T2_L,L,1,True,0.2780570652173913,0.2780570652173913,0.3700838168923275,0.0920267516749362,F98_T2_L,F98_T2,98,L,genuine_gallery,False,False,False,F98_T2_R,F98_T2,98,R,same_subject_different_eye,False,False,False,5.0,0.3889929566911434,0.1109358914737521,5.0,0.3889929566911434,22.0,0.4137496499579949,29440,0
12/1L/S3121L03.jpg,/Users/sarahoualli/Desktop/BIO/iris_twins_project/data/features/daugman_strict_v3/gabor_codes/12__1L__S3121L03.jpg.npz,12,F12_T1,F12_T1_L,L,1,True,0.2793467408358294,0.2793467408358294,0.3680970680330202,0.0887503271971908,F12_T1_L,F12_T1,12,L,genuine_gallery,False,False,False,F54_T2_R,F54_T2,54,R,unrelated,False,False,False,5.0,0.3903145103645461,0.1109677695287167,5.0,0.3903145103645461,153.0,0.4390013597220124,28044,0
90/2L/S3902L08.jpg,/Users/sarahoualli/Desktop/BIO/iris_twins_project/data/features/daugman_strict_v3/gabor_codes/90__2L__S3902L08.jpg.npz,90,F90_T2,F90_T2_L,L,1,True,0.2827868852459016,0.2827868852459016,0.3661627557160048,0.0833758704701032,F90_T2_L,F90_T2,90,L,genuine_gallery,False,False,False,F04_T1_L,F04_T1,4,L,unrelated,False,False,False,5.0,0.3939500941619586,0.1111632089160569,,,5.0,0.3939500941619586,27084,0
12/2L/S3122L03.jpg,/Users/sarahoualli/Desktop/BIO/iris_twins_project/data/features/daugman_strict_v3/gabor_codes/12__2L__S3122L03.jpg.npz,12,F12_T2,F12_T2_L,L,1,True,0.2835568101623147,0.2835568101623147,0.3749798938394724,0.0914230836771576,F12_T2_L,F12_T2,12,L,genuine_gallery,False,False,False,F59_T1_L,F59_T1,59,L,unrelated,False,False,False,5.0,0.398641042135735,0.1150842319734202,5.0,0.398641042135735,7.0,0.4039676113360324,28340,0
69/1R/S3691R10.jpg,/Users/sarahoualli/Desktop/BIO/iris_twins_project/data/features/daugman_strict_v3/gabor_codes/69__1R__S3691R10.jpg.npz,69,F69_T1,F69_T1_R,R,1,True,0.2732349421619465,0.2732349421619465,0.3829920447849145,0.109757102622968,F69_T1_R,F69_T1,69,R,genuine_gallery,False,False,False,F57_T2_L,F57_T2,57,L,unrelated,False,False,False,5.0,0.3887480075351398,0.1155130653731932,14.0,0.4,5.0,0.3887480075351398,30084,0
58/2L/S3582L04.jpg,/Users/sarahoualli/Desktop/BIO/iris_twins_project/data/features/daugman_strict_v3/gabor_codes/58__2L__S3582L04.jpg.npz,58,F58_T2,F58_T2_L,L,1,True,0.2757799293069002,0.2757799293069002,0.4037663846026215,0.1279864552957212,F58_T2_L,F58_T2,58,L,genuine_gallery,False,False,False,F81_T1_R,F81_T1,81,R,unrelated,False,False,False,5.0,0.4063366184170003,0.1305566891101,173.0,0.4578908675053096,5.0,0.4063366184170003,26028,0
77/1L/S3771L02.jpg,/Users/sarahoualli/Desktop/BIO/iris_twins_project/data/features/daugman_strict_v3/gabor_codes/77__1L__S3771L02.jpg.npz,77,F77_T1,F77_T1_L,L,1,True,0.2656720700043035,0.2656720700043035,0.3799584271609215,0.114286357156618,F77_T1_L,F77_T1,77,L,genuine_gallery,False,False,False,F29_T1_L,F29_T1,29,L,unrelated,False,False,False,5.0,0.3968916643278136,0.1312195943235101,5.0,0.3968916643278136,26.0,0.4218569304477119,27884,2
94/2R/S3942R09.jpg,/Users/sarahoualli/Desktop/BIO/iris_twins_project/data/features/daugman_strict_v3/gabor_codes/94__2R__S3942R09.jpg.npz,94,F94_T2,F94_T2_R,R,1,True,0.2592474036136008,0.2592474036136008,0.3681160490181603,0.1088686454045595,F94_T2_R,F94_T2,94,R,genuine_gallery,False,False,False,F98_T2_R,F98_T2,98,R,unrelated,False,False,False,5.0,0.3906157270029674,0.1313683233893665,5.0,0.3906157270029674,36.0,0.4101493496065521,28116,0
66/2R/S3662R03.jpg,/Users/sarahoualli/Desktop/BIO/iris_twins_project/data/features/daugman_strict_v3/gabor_codes/66__2R__S3662R03.jpg.npz,66,F66_T2,F66_T2_R,R,1,True,0.257190635451505,0.257190635451505,0.3911167918197795,0.1339261563682745,F66_T2_R,F66_T2,66,R,genuine_gallery,False,False,False,F52_T2_L,F52_T2,52,L,unrelated,False,False,False,5.0,0.3956226415094339,0.1384320060579289,5.0,0.3956226415094339,32.0,0.4163760424564063,29900,0
94/2R/S3942R03.jpg,/Users/sarahoualli/Desktop/BIO/iris_twins_project/data/features/daugman_strict_v3/gabor_codes/94__2R__S3942R03.jpg.npz,94,F94_T2,F94_T2_R,R,1,True,0.2620528228060368,0.2620528228060368,0.3829704510108864,0.1209176282048495,F94_T2_R,F94_T2,94,R,genuine_gallery,False,False,False,F12_T2_L,F12_T2,12,L,unrelated,False,False,False,5.0,0.4065252495596007,0.1444724267535638,5.0,0.4065252495596007,13.0,0.4094870935300033,28624,0
88/2L/S3882L03.jpg,/Users/sarahoualli/Desktop/BIO/iris_twins_project/data/features/daugman_strict_v3/gabor_codes/88__2L__S3882L03.jpg.npz,88,F88_T2,F88_T2_L,L,1,True,0.2464114832535885,0.2464114832535885,0.4022627737226277,0.1558512904690392,F88_T2_L,F88_T2,88,L,genuine_gallery,False,False,False,F49_T1_R,F49_T1,49,R,unrelated,False,False,False,5.0,0.4091087092731829,0.1626972260195944,5.0,0.4091087092731829,,,28424,0
81/2R/S3812R04.jpg,/Users/sarahoualli/Desktop/BIO/iris_twins_project/data/features/daugman_strict_v3/gabor_codes/81__2R__S3812R04.jpg.npz,81,F81_T2,F81_T2_R,R,1,True,0.2278009742519137,0.2278009742519137,0.3954530368403584,0.1676520625884447,F81_T2_R,F81_T2,81,R,genuine_gallery,False,False,False,F81_T2_L,F81_T2,81,L,same_subject_different_eye,False,False,False,5.0,0.4045705892517712,0.1767696149998575,5.0,0.4045705892517712,78.0,0.4358439467135119,28740,0
12/2L/S3122L07.jpg,/Users/sarahoualli/Desktop/BIO/iris_twins_project/data/features/daugman_strict_v3/gabor_codes/12__2L__S3122L07.jpg.npz,12,F12_T2,F12_T2_L,L,1,True,0.2082181365772739,0.2082181365772739,0.3881406044678055,0.1799224678905315,F12_T2_L,F12_T2,12,L,genuine_gallery,False,False,False,F33_T1_L,F33_T1,33,L,unrelated,False,False,False,5.0,0.3932299905093325,0.1850118539320585,55.0,0.4224680988531739,5.0,0.3932299905093325,28936,0
72/2R/S3722R08.jpg,/Users/sarahoualli/Desktop/BIO/iris_twins_project/data/features/daugman_strict_v3/gabor_codes/72__2R__S3722R08.jpg.npz,72,F72_T2,F72_T2_R,R,1,True,0.2132738015308178,0.2132738015308178,0.3947502920560747,0.1814764905252569,F72_T2_R,F72_T2,72,R,genuine_gallery,False,False,False,F38_T1_L,F38_T1,38,L,unrelated,False,False,False,5.0,0.405289979902383,0.1920161783715652,25.0,0.4229542626011201,5.0,0.405289979902383,29788,0
90/2L/S3902L07.jpg,/Users/sarahoualli/Desktop/BIO/iris_twins_project/data/features/daugman_strict_v3/gabor_codes/90__2L__S3902L07.jpg.npz,90,F90_T2,F90_T2_L,L,4,False,0.3868324798829554,0.3787030941408821,0.3787030941408821,-0.0081293857420732,F75_T1_L,F75_T1,75,L,unrelated,False,False,False,F75_T1_L,F75_T1,75,L,unrelated,False,False,False,6.0,0.3926570458404074,0.005824565957452,,,6.0,0.3926570458404074,27340,0
96/2L/S3962L02.jpg,/Users/sarahoualli/Desktop/BIO/iris_twins_project/data/features/daugman_strict_v3/gabor_codes/96__2L__S3962L02.jpg.npz,96,F96_T2,F96_T2_L,L,2,False,0.3817616430431009,0.3807175650399592,0.3807175650399592,-0.0010440780031417,F17_T2_R,F17_T2,17,R,unrelated,False,False,False,F17_T2_R,F17_T2,17,R,unrelated,False,False,False,6.0,0.3923251058857894,0.0105634628426884,,,6.0,0.3923251058857894,27656,-2
63/2L/S3632L02.jpg,/Users/sarahoualli/Desktop/BIO/iris_twins_project/data/features/daugman_strict_v3/gabor_codes/63__2L__S3632L02.jpg.npz,63,F63_T2,F63_T2_L,L,1,True,0.3965067401072619,0.3965067401072619,0.4000588321812031,0.0035520920739411,F63_T2_L,F63_T2,63,L,genuine_gallery,False,False,False,F81_T2_R,F81_T2,81,R,unrelated,False,False,False,6.0,0.4191443934841056,0.0226376533768437,,,6.0,0.4191443934841056,27596,0
22/2R/S3222R01.jpg,/Users/sarahoualli/Desktop/BIO/iris_twins_project/data/features/daugman_strict_v3/gabor_codes/22__2R__S3222R01.jpg.npz,22,F22_T2,F22_T2_R,R,1,True,0.3614657602387663,0.3614657602387663,0.3681713153985806,0.0067055551598142,F22_T2_R,F22_T2,22,R,genuine_gallery,False,False,False,F65_T1_R,F65_T1,65,R,unrelated,False,False,False,6.0,0.3855932203389831,0.0241274601002167,6.0,0.3855932203389831,287.0,0.473087945548988,24124,-2
42/2L/S3422L09.jpg,/Users/sarahoualli/Desktop/BIO/iris_twins_project/data/features/daugman_strict_v3/gabor_codes/42__2L__S3422L09.jpg.npz,42,F42_T2,F42_T2_L,L,29,False,0.4113821138211382,0.3656721942552561,0.3656721942552561,-0.045709919565882,F28_T2_R,F28_T2,28,R,unrelated,False,False,False,F28_T2_R,F28_T2,28,R,unrelated,False,False,False,7.0,0.3979568054692355,-0.0134253083519026,10.0,0.4024307645996388,7.0,0.3979568054692355,27060,-2
93/1R/S3931R02.jpg,/Users/sarahoualli/Desktop/BIO/iris_twins_project/data/features/daugman_strict_v3/gabor_codes/93__1R__S3931R02.jpg.npz,93,F93_T1,F93_T1_R,R,12,False,0.4001472881649627,0.3860319076714189,0.3860319076714189,-0.0141153804935438,F29_T2_L,F29_T2,29,L,unrelated,False,False,False,F29_T2_L,F29_T2,29,L,unrelated,False,False,False,7.0,0.3943283123270827,-0.00581897583788,7.0,0.3943283123270827,87.0,0.4289118347895155,23084,12
84/1R/S3841R05.jpg,/Users/sarahoualli/Desktop/BIO/iris_twins_project/data/features/daugman_strict_v3/gabor_codes/84__1R__S3841R05.jpg.npz,84,F84_T1,F84_T1_R,R,11,False,0.4149277688603531,0.380281690140845,0.380281690140845,-0.034646078719508,F25_T2_R,F25_T2,25,R,unrelated,False,False,False,F25_T2_R,F25_T2,25,R,unrelated,False,False,False,7.0,0.4104323164188257,-0.0044954524415274,7.0,0.4104323164188257,201.0,0.4704766617186211,27412,-2
22/2L/S3222L05.jpg,/Users/sarahoualli/Desktop/BIO/iris_twins_project/data/features/daugman_strict_v3/gabor_codes/22__2L__S3222L05.jpg.npz,22,F22_T2,F22_T2_L,L,1,True,0.3672309833024119,0.3672309833024119,0.3794792586054722,0.0122482753030603,F22_T2_L,F22_T2,22,L,genuine_gallery,False,False,False,F37_T1_R,F37_T1,37,R,unrelated,False,False,False,7.0,0.3839285714285714,0.0166975881261595,19.0,0.4000427715996578,7.0,0.3839285714285714,25872,0
44/2L/S3442L03.jpg,/Users/sarahoualli/Desktop/BIO/iris_twins_project/data/features/daugman_strict_v3/gabor_codes/44__2L__S3442L03.jpg.npz,44,F44_T2,F44_T2_L,L,2,False,0.3807126877596676,0.3763218611805422,0.3763218611805422,-0.0043908265791253,F97_T1_L,F97_T1,97,L,unrelated,False,False,False,F97_T1_L,F97_T1,97,L,unrelated,False,False,False,7.0,0.4077008477997578,0.0269881600400901,7.0,0.4077008477997578,69.0,0.4384370314842579,25032,-4
92/2L/S3922L03.jpg,/Users/sarahoualli/Desktop/BIO/iris_twins_project/data/features/daugman_strict_v3/gabor_codes/92__2L__S3922L03.jpg.npz,92,F92_T2,F92_T2_L,L,61,False,0.4224287974683544,0.3802047189451769,0.3802047189451769,-0.0422240785231775,F23_T1_L,F23_T1,23,L,unrelated,False,False,False,F23_T1_L,F23_T1,23,L,unrelated,False,False,False,8.0,0.4006964255747609,-0.0217323718935935,15.0,0.4046929316338354,8.0,0.4006964255747609,25280,0
90/2R/S3902R07.jpg,/Users/sarahoualli/Desktop/BIO/iris_twins_project/data/features/daugman_strict_v3/gabor_codes/90__2R__S3902R07.jpg.npz,90,F90_T2,F90_T2_R,R,3,False,0.3902611940298507,0.3814398451459201,0.3814398451459201,-0.0088213488839306,F12_T2_L,F12_T2,12,L,unrelated,False,False,False,F12_T2_L,F12_T2,12,L,unrelated,False,False,False,8.0,0.4003829920275129,0.0101217979976621,8.0,0.4003829920275129,,,26800,0
34/2R/S3342R02.jpg,/Users/sarahoualli/Desktop/BIO/iris_twins_project/data/features/daugman_strict_v3/gabor_codes/34__2R__S3342R02.jpg.npz,34,F34_T2,F34_T2_R,R,1,True,0.3722270869819031,0.3722270869819031,0.3768382352941176,0.0046111483122145,F34_T2_R,F34_T2,34,R,genuine_gallery,False,False,False,F04_T1_R,F04_T1,4,R,unrelated,False,False,False,8.0,0.3978669558929862,0.0256398689110831,8.0,0.3978669558929862,114.0,0.4322217410134257,27408,4
39/2R/S3392R03.jpg,/Users/sarahoualli/Desktop/BIO/iris_twins_project/data/features/daugman_strict_v3/gabor_codes/39__2R__S3392R03.jpg.npz,39,F39_T2,F39_T2_R,R,55,False,0.4261015609563327,0.3849706129303106,0.3849706129303106,-0.041130948026022,F45_T2_R,F45_T2,45,R,unrelated,False,False,False,F45_T2_R,F45_T2,45,R,unrelated,False,False,False,9.0,0.4018230473323298,-0.0242785136240029,9.0,0.4018230473323298,113.0,0.4409668721109399,20244,12
33/2R/S3332R07.jpg,/Users/sarahoualli/Desktop/BIO/iris_twins_project/data/features/daugman_strict_v3/gabor_codes/33__2R__S3332R07.jpg.npz,33,F33_T2,F33_T2_R,R,15,False,0.4156932453021838,0.3965388446215139,0.3965388446215139,-0.0191544006806698,F92_T1_L,F92_T1,92,L,unrelated,False,False,False,F92_T1_L,F92_T1,92,L,unrelated,False,False,False,9.0,0.4110068102337567,-0.0046864350684271,181.0,0.4592595554134016,9.0,0.4110068102337567,23628,-6
91/1L/S3911L02.jpg,/Users/sarahoualli/Desktop/BIO/iris_twins_project/data/features/daugman_strict_v3/gabor_codes/91__1L__S3911L02.jpg.npz,91,F91_T1,F91_T1_L,L,3,False,0.3887639578163772,0.3789626556016597,0.3789626556016597,-0.0098013022147174,F33_T1_R,F33_T1,33,R,unrelated,False,False,False,F33_T1_R,F33_T1,33,R,unrelated,False,False,False,9.0,0.3995232140065656,0.0107592561901884,111.0,0.4300341296928328,9.0,0.3995232140065656,25792,0
95/1R/S3951R05.jpg,/Users/sarahoualli/Desktop/BIO/iris_twins_project/data/features/daugman_strict_v3/gabor_codes/95__1R__S3951R05.jpg.npz,95,F95_T1,F95_T1_R,R,1,True,0.383051621745089,0.383051621745089,0.3845358455882353,0.0014842238431462,F95_T1_R,F95_T1,95,R,genuine_gallery,False,False,False,F66_T1_R,F66_T1,66,R,unrelated,False,False,False,9.0,0.4002909962341663,0.0172393744890773,80.0,0.4283283894608271,9.0,0.4002909962341663,26268,2
35/1L/S3351L01.jpg,/Users/sarahoualli/Desktop/BIO/iris_twins_project/data/features/daugman_strict_v3/gabor_codes/35__1L__S3351L01.jpg.npz,35,F35_T1,F35_T1_L,L,37,False,0.4238914027149321,0.3724018475750577,0.3724018475750577,-0.0514895551398744,F54_T1_L,F54_T1,54,L,unrelated,False,False,False,F54_T1_L,F54_T1,54,L,unrelated,False,False,False,11.0,0.405832899982666,-0.0180585027322661,11.0,0.405832899982666,36.0,0.423218079969094,22100,4
71/1R/S3711R08.jpg,/Users/sarahoualli/Desktop/BIO/iris_twins_project/data/features/daugman_strict_v3/gabor_codes/71__1R__S3711R08.jpg.npz,71,F71_T1,F71_T1_R,R,4,False,0.393983997584541,0.3844960590306892,0.3844960590306892,-0.0094879385538518,F61_T1_L,F61_T1,61,L,unrelated,False,False,False,F61_T1_L,F61_T1,61,L,unrelated,False,False,False,11.0,0.4056236541328474,0.0116396565483063,133.0,0.4427474937343358,11.0,0.4056236541328474,26496,-4
26/2R/S3262R10.jpg,/Users/sarahoualli/Desktop/BIO/iris_twins_project/data/features/daugman_strict_v3/gabor_codes/26__2R__S3262R10.jpg.npz,26,F26_T2,F26_T2_R,R,1,True,0.3855855855855856,0.3855855855855856,0.3868458781362007,0.0012602925506151,F26_T2_R,F26_T2,26,R,genuine_gallery,False,False,False,F46_T2_R,F46_T2,46,R,unrelated,False,False,False,13.0,0.4148305792021365,0.0292449936165509,13.0,0.4148305792021365,280.0,0.4788318144159072,26640,-8
26/2R/S3262R04.jpg,/Users/sarahoualli/Desktop/BIO/iris_twins_project/data/features/daugman_strict_v3/gabor_codes/26__2R__S3262R04.jpg.npz,26,F26_T2,F26_T2_R,R,73,False,0.4286631473819375,0.3965153499199767,0.3965153499199767,-0.0321477974619607,F76_T1_R,F76_T1,76,R,unrelated,False,False,False,F76_T1_R,F76_T1,76,R,unrelated,False,False,False,16.0,0.4114,-0.0172631473819375,16.0,0.4114,246.0,0.4593877551020408,28036,0
91/1R/S3911R09.jpg,/Users/sarahoualli/Desktop/BIO/iris_twins_project/data/features/daugman_strict_v3/gabor_codes/91__1R__S3911R09.jpg.npz,91,F91_T1,F91_T1_R,R,189,False,0.4488656504785537,0.386547811993517,0.386547811993517,-0.0623178384850366,F12_T2_L,F12_T2,12,L,unrelated,False,False,False,F12_T2_L,F12_T2,12,L,unrelated,False,False,False,17.0,0.4046047335372725,-0.0442609169412811,17.0,0.4046047335372725,195.0,0.4498419564132423,22568,-8
35/1L/S3351L02.jpg,/Users/sarahoualli/Desktop/BIO/iris_twins_project/data/features/daugman_strict_v3/gabor_codes/35__1L__S3351L02.jpg.npz,35,F35_T1,F35_T1_L,L,94,False,0.4417567567567567,0.3648353494623655,0.3648353494623655,-0.0769214072943911,F63_T2_L,F63_T2,63,L,unrelated,False,False,False,F63_T2_L,F63_T2,63,L,unrelated,False,False,False,19.0,0.4170836311651179,-0.0246731255916388,89.0,0.4411415989159891,19.0,0.4170836311651179,22200,6
06/1R/S3061R07.jpg,/Users/sarahoualli/Desktop/BIO/iris_twins_project/data/features/daugman_strict_v3/gabor_codes/06__1R__S3061R07.jpg.npz,6,F06_T1,F06_T1_R,R,17,False,0.4225217864923747,0.3854861773117254,0.3854861773117254,-0.0370356091806492,F00_T2_L,F00_T2,0,L,unrelated,False,False,False,F00_T2_L,F00_T2,0,L,unrelated,False,False,False,19.0,0.4236575481256332,0.0011357616332585,19.0,0.4236575481256332,248.0,0.4718616567036721,22032,6
22/2L/S3222L09.jpg,/Users/sarahoualli/Desktop/BIO/iris_twins_project/data/features/daugman_strict_v3/gabor_codes/22__2L__S3222L09.jpg.npz,22,F22_T2,F22_T2_L,L,1,True,0.3739216701173223,0.3739216701173223,0.3754108838568298,0.0014892137395075,F22_T2_L,F22_T2,22,L,genuine_gallery,False,False,False,F01_T1_L,F01_T1,1,L,unrelated,False,False,False,19.0,0.3983606557377049,0.0244389856203826,19.0,0.3983606557377049,39.0,0.4112959719789842,23184,-6
56/1R/S3561R09.jpg,/Users/sarahoualli/Desktop/BIO/iris_twins_project/data/features/daugman_strict_v3/gabor_codes/56__1R__S3561R09.jpg.npz,56,F56_T1,F56_T1_R,R,61,False,0.4361864270816621,0.3963042402243854,0.3963042402243854,-0.0398821868572766,F33_T2_L,F33_T2,33,L,unrelated,False,False,False,F33_T2_L,F33_T2,33,L,unrelated,False,False,False,20.0,0.4210351692103516,-0.0151512578713104,,,20.0,0.4210351692103516,24932,-4
42/2L/S3422L08.jpg,/Users/sarahoualli/Desktop/BIO/iris_twins_project/data/features/daugman_strict_v3/gabor_codes/42__2L__S3422L08.jpg.npz,42,F42_T2,F42_T2_L,L,7,False,0.3998838391171773,0.3798507462686567,0.3798507462686567,-0.0200330928485205,F72_T1_R,F72_T1,72,R,unrelated,False,False,False,F72_T1_R,F72_T1,72,R,unrelated,False,False,False,22.0,0.4118529632408102,0.0119691241236329,22.0,0.4118529632408102,30.0,0.4150428682774746,27548,-2
41/2R/S3412R04.jpg,/Users/sarahoualli/Desktop/BIO/iris_twins_project/data/features/daugman_strict_v3/gabor_codes/41__2R__S3412R04.jpg.npz,41,F41_T2,F41_T2_R,R,5,False,0.3872593950504124,0.3568564239660324,0.3568564239660324,-0.03040297108438,F33_T1_R,F33_T1,33,R,unrelated,False,False,False,F33_T1_R,F33_T1,33,R,unrelated,False,False,False,22.0,0.4081330399458361,0.0208736448954237,22.0,0.4081330399458361,208.0,0.4511278195488721,26184,0
50/2L/S3502L09.jpg,/Users/sarahoualli/Desktop/BIO/iris_twins_project/data/features/daugman_strict_v3/gabor_codes/50__2L__S3502L09.jpg.npz,50,F50_T2,F50_T2_L,L,65,False,0.4337952579301506,0.3790691536160478,0.3790691536160478,-0.0547261043141027,F33_T2_L,F33_T2,33,L,unrelated,False,False,False,F33_T2_L,F33_T2,33,L,unrelated,False,False,False,23.0,0.4180213464696223,-0.0157739114605282,56.0,0.4327549628731626,23.0,0.4180213464696223,24968,0
13/2L/S3132L08.jpg,/Users/sarahoualli/Desktop/BIO/iris_twins_project/data/features/daugman_strict_v3/gabor_codes/13__2L__S3132L08.jpg.npz,13,F13_T2,F13_T2_L,L,139,False,0.4386844598862918,0.3779000341180484,0.3779000341180484,-0.0607844257682433,F02_T2_L,F02_T2,2,L,unrelated,False,False,False,F02_T2_L,F02_T2,2,L,unrelated,False,False,False,25.0,0.412235294117647,-0.0264491657686448,25.0,0.412235294117647,171.0,0.4445287600546365,25328,4
55/2R/S3552R06.jpg,/Users/sarahoualli/Desktop/BIO/iris_twins_project/data/features/daugman_strict_v3/gabor_codes/55__2R__S3552R06.jpg.npz,55,F55_T2,F55_T2_R,R,43,False,0.4292438029494823,0.4008356070941337,0.4008356070941337,-0.0284081958553485,F94_T2_L,F94_T2,94,L,unrelated,False,False,False,F94_T2_L,F94_T2,94,L,unrelated,False,False,False,25.0,0.4236968134094677,-0.0055469895400145,25.0,0.4236968134094677,,,25496,0
13/2L/S3132L09.jpg,/Users/sarahoualli/Desktop/BIO/iris_twins_project/data/features/daugman_strict_v3/gabor_codes/13__2L__S3132L09.jpg.npz,13,F13_T2,F13_T2_L,L,185,False,0.445593455780213,0.3767723738374752,0.3767723738374752,-0.0688210819427377,F56_T2_L,F56_T2,56,L,unrelated,False,False,False,F56_T2_L,F56_T2,56,L,unrelated,False,False,False,26.0,0.4129132726401533,-0.0326801831400596,26.0,0.4129132726401533,56.0,0.4232126419146977,25916,0
45/1R/S3451R01.jpg,/Users/sarahoualli/Desktop/BIO/iris_twins_project/data/features/daugman_strict_v3/gabor_codes/45__1R__S3451R01.jpg.npz,45,F45_T1,F45_T1_R,R,86,False,0.4422874671340929,0.3811988645850726,0.3811988645850726,-0.0610886025490202,F78_T1_L,F78_T1,78,L,unrelated,False,False,False,F78_T1_L,F78_T1,78,L,unrelated,False,False,False,26.0,0.4195570971184632,-0.0227303700156297,26.0,0.4195570971184632,,,22820,4
40/2R/S3402R04.jpg,/Users/sarahoualli/Desktop/BIO/iris_twins_project/data/features/daugman_strict_v3/gabor_codes/40__2R__S3402R04.jpg.npz,40,F40_T2,F40_T2_R,R,40,False,0.4208196721311475,0.3920444522843535,0.3920444522843535,-0.0287752198467939,F01_T1_L,F01_T1,1,L,unrelated,False,False,False,F01_T1_L,F01_T1,1,L,unrelated,False,False,False,26.0,0.4131864226052959,-0.0076332495258515,87.0,0.4303774928774929,26.0,0.4131864226052959,24400,4
93/2L/S3932L10.jpg,/Users/sarahoualli/Desktop/BIO/iris_twins_project/data/features/daugman_strict_v3/gabor_codes/93__2L__S3932L10.jpg.npz,93,F93_T2,F93_T2_L,L,5,False,0.393176400476758,0.3882085643869378,0.3882085643869378,-0.0049678360898202,F56_T2_L,F56_T2,56,L,unrelated,False,False,False,F56_T2_L,F56_T2,56,L,unrelated,False,False,False,26.0,0.4127149774586742,0.0195385769819161,26.0,0.4127149774586742,107.0,0.4381131207847946,26848,2
22/2L/S3222L06.jpg,/Users/sarahoualli/Desktop/BIO/iris_twins_project/data/features/daugman_strict_v3/gabor_codes/22__2L__S3222L06.jpg.npz,22,F22_T2,F22_T2_L,L,4,False,0.376063829787234,0.3596975516082573,0.3596975516082573,-0.0163662781789766,F57_T1_L,F57_T1,57,L,unrelated,False,False,False,F57_T1_L,F57_T1,57,L,unrelated,False,False,False,28.0,0.3999630177514793,0.0238991879642452,28.0,0.3999630177514793,33.0,0.4037827591890555,24440,2
22/2L/S3222L04.jpg,/Users/sarahoualli/Desktop/BIO/iris_twins_project/data/features/daugman_strict_v3/gabor_codes/22__2L__S3222L04.jpg.npz,22,F22_T2,F22_T2_L,L,60,False,0.4198372137043346,0.3748026056060008,0.3748026056060008,-0.0450346080983338,F37_T1_L,F37_T1,37,L,unrelated,False,False,False,F37_T1_L,F37_T1,37,L,unrelated,False,False,False,29.0,0.4085838532803932,-0.0112533604239413,29.0,0.4085838532803932,118.0,0.4334997961679576,21132,6
29/1R/S3291R06.jpg,/Users/sarahoualli/Desktop/BIO/iris_twins_project/data/features/daugman_strict_v3/gabor_codes/29__1R__S3291R06.jpg.npz,29,F29_T1,F29_T1_R,R,12,False,0.3987852283770651,0.381723321858864,0.381723321858864,-0.017061906518201,F29_T1_L,F29_T1,29,L,same_subject_different_eye,False,False,False,F29_T1_L,F29_T1,29,L,same_subject_different_eye,False,False,False,30.0,0.4138141809290953,0.0150289525520302,30.0,0.4138141809290953,36.0,0.4157286123618501,20580,-10
12/2R/S3122R03.jpg,/Users/sarahoualli/Desktop/BIO/iris_twins_project/data/features/daugman_strict_v3/gabor_codes/12__2R__S3122R03.jpg.npz,12,F12_T2,F12_T2_R,R,23,False,0.4085880640465793,0.3645560788417931,0.3645560788417931,-0.0440319852047861,F22_T1_R,F22_T1,22,R,unrelated,False,False,False,F22_T1_R,F22_T1,22,R,unrelated,False,False,False,31.0,0.4130692599620493,0.00448119591547,31.0,0.4130692599620493,189.0,0.4558392018779342,27480,0
03/2R/S3032R05.jpg,/Users/sarahoualli/Desktop/BIO/iris_twins_project/data/features/daugman_strict_v3/gabor_codes/03__2R__S3032R05.jpg.npz,3,F03_T2,F03_T2_R,R,7,False,0.4276243955701139,0.4132926217165802,0.4132926217165802,-0.0143317738535336,F90_T2_R,F90_T2,90,R,unrelated,False,False,False,F90_T2_R,F90_T2,90,R,unrelated,False,False,False,32.0,0.43995886981402,0.0123344742439061,268.0,0.486821790913101,32.0,0.43995886981402,25644,4
24/2L/S3242L01.jpg,/Users/sarahoualli/Desktop/BIO/iris_twins_project/data/features/daugman_strict_v3/gabor_codes/24__2L__S3242L01.jpg.npz,24,F24_T2,F24_T2_L,L,155,False,0.4447269597872007,0.3964715744551135,0.3964715744551135,-0.0482553853320871,F77_T2_R,F77_T2,77,R,unrelated,False,False,False,F77_T2_R,F77_T2,77,R,unrelated,False,False,False,33.0,0.4206919543636094,-0.0240350054235913,209.0,0.4551419129082426,33.0,0.4206919543636094,25564,12
33/2R/S3332R04.jpg,/Users/sarahoualli/Desktop/BIO/iris_twins_project/data/features/daugman_strict_v3/gabor_codes/33__2R__S3332R04.jpg.npz,33,F33_T2,F33_T2_R,R,37,False,0.4235843870258384,0.3898991717680951,0.3898991717680951,-0.0336852152577433,F57_T1_R,F57_T1,57,R,unrelated,False,False,False,F57_T1_R,F57_T1,57,R,unrelated,False,False,False,40.0,0.4240414319462111,0.0004570449203727,40.0,0.4240414319462111,143.0,0.4457015551284291,21828,-10
24/1R/S3241R01.jpg,/Users/sarahoualli/Desktop/BIO/iris_twins_project/data/features/daugman_strict_v3/gabor_codes/24__1R__S3241R01.jpg.npz,24,F24_T1,F24_T1_R,R,211,False,0.4751799149492967,0.3976760149048833,0.3976760149048833,-0.0775039000444133,F39_T1_L,F39_T1,39,L,unrelated,False,False,False,F39_T1_L,F39_T1,39,L,unrelated,False,False,False,42.0,0.4419593852908891,-0.0332205296584075,42.0,0.4419593852908891,115.0,0.4576916189111747,24456,0
21/1L/S3211L08.jpg,/Users/sarahoualli/Desktop/BIO/iris_twins_project/data/features/daugman_strict_v3/gabor_codes/21__1L__S3211L08.jpg.npz,21,F21_T1,F21_T1_L,L,64,False,0.4328905976931143,0.3900792981272144,0.3900792981272144,-0.0428112995658998,F33_T2_R,F33_T2,33,R,unrelated,False,False,False,F33_T2_R,F33_T2,33,R,unrelated,False,False,False,42.0,0.4268064228367529,-0.0060841748563613,42.0,0.4268064228367529,,,22888,0
91/1R/S3911R10.jpg,/Users/sarahoualli/Desktop/BIO/iris_twins_project/data/features/daugman_strict_v3/gabor_codes/91__1R__S3911R10.jpg.npz,91,F91_T1,F91_T1_R,R,123,False,0.4323706896551724,0.3827818723537713,0.3827818723537713,-0.049588817301401,F54_T1_L,F54_T1,54,L,unrelated,False,False,False,F54_T1_L,F54_T1,54,L,unrelated,False,False,False,47.0,0.4161687170474517,-0.0162019726077207,47.0,0.4161687170474517,191.0,0.4416165230118719,23200,-8
39/2L/S3392L03.jpg,/Users/sarahoualli/Desktop/BIO/iris_twins_project/data/features/daugman_strict_v3/gabor_codes/39__2L__S3392L03.jpg.npz,39,F39_T2,F39_T2_L,L,9,False,0.407494424976107,0.3886339299372801,0.3886339299372801,-0.0188604950388269,F24_T2_L,F24_T2,24,L,unrelated,False,False,False,F24_T2_L,F24_T2,24,L,unrelated,False,False,False,47.0,0.4249021942507229,0.0174077692746158,61.0,0.4274343776460627,47.0,0.4249021942507229,25112,-6
26/2R/S3262R08.jpg,/Users/sarahoualli/Desktop/BIO/iris_twins_project/data/features/daugman_strict_v3/gabor_codes/26__2R__S3262R08.jpg.npz,26,F26_T2,F26_T2_R,R,194,False,0.44747443445925,0.3811138363872457,0.3811138363872457,-0.0663605980720043,F74_T2_R,F74_T2,74,R,unrelated,False,False,False,F74_T2_R,F74_T2,74,R,unrelated,False,False,False,48.0,0.4195278969957081,-0.0279465374635419,48.0,0.4195278969957081,97.0,0.4312844036697247,25816,-10
55/2R/S3552R05.jpg,/Users/sarahoualli/Desktop/BIO/iris_twins_project/data/features/daugman_strict_v3/gabor_codes/55__2R__S3552R05.jpg.npz,55,F55_T2,F55_T2_R,R,47,False,0.430326581880986,0.3842514362960459,0.3842514362960459,-0.04607514558494,F39_T1_R,F39_T1,39,R,unrelated,False,False,False,F39_T1_R,F39_T1,39,R,unrelated,False,False,False,48.0,0.4304807870800074,0.0001542051990213,48.0,0.4304807870800074,,,25476,0
33/2R/S3332R08.jpg,/Users/sarahoualli/Desktop/BIO/iris_twins_project/data/features/daugman_strict_v3/gabor_codes/33__2R__S3332R08.jpg.npz,33,F33_T2,F33_T2_R,R,18,False,0.4148059086224665,0.377886239909893,0.377886239909893,-0.0369196687125735,F30_T1_R,F30_T1,30,R,unrelated,False,False,False,F30_T1_R,F30_T1,30,R,unrelated,False,False,False,48.0,0.4346736045411542,0.0198676959186877,150.0,0.4574936494496189,48.0,0.4346736045411542,23288,6
87/1R/S3871R03.jpg,/Users/sarahoualli/Desktop/BIO/iris_twins_project/data/features/daugman_strict_v3/gabor_codes/87__1R__S3871R03.jpg.npz,87,F87_T1,F87_T1_R,R,11,False,0.4287624424305452,0.412774598486247,0.412774598486247,-0.0159878439442982,F04_T2_L,F04_T2,4,L,unrelated,False,False,False,F04_T2_L,F04_T2,4,L,unrelated,False,False,False,49.0,0.4444493006993007,0.0156868582687554,121.0,0.4571324599708879,49.0,0.4444493006993007,26924,2
84/1R/S3841R03.jpg,/Users/sarahoualli/Desktop/BIO/iris_twins_project/data/features/daugman_strict_v3/gabor_codes/84__1R__S3841R03.jpg.npz,84,F84_T1,F84_T1_R,R,55,False,0.4386245674740484,0.3918031226199543,0.3918031226199543,-0.0468214448540941,F29_T1_L,F29_T1,29,L,unrelated,False,False,False,F29_T1_L,F29_T1,29,L,unrelated,False,False,False,50.0,0.4363848590962147,-0.0022397083778336,112.0,0.4497836835599506,50.0,0.4363848590962147,23120,-16
43/1R/S3431R03.jpg,/Users/sarahoualli/Desktop/BIO/iris_twins_project/data/features/daugman_strict_v3/gabor_codes/43__1R__S3431R03.jpg.npz,43,F43_T1,F43_T1_R,R,9,False,0.390273178807947,0.3830235005261311,0.3830235005261311,-0.0072496782818158,F17_T2_R,F17_T2,17,R,unrelated,False,False,False,F17_T2_R,F17_T2,17,R,unrelated,False,False,False,50.0,0.4135929524123168,0.0233197736043697,50.0,0.4135929524123168,108.0,0.4280617324925324,24160,-2
92/1R/S3921R02.jpg,/Users/sarahoualli/Desktop/BIO/iris_twins_project/data/features/daugman_strict_v3/gabor_codes/92__1R__S3921R02.jpg.npz,92,F92_T1,F92_T1_R,R,207,False,0.4563978220180364,0.3668461298377029,0.3668461298377029,-0.0895516921803335,F93_T1_R,F93_T1,93,R,unrelated,False,False,False,F93_T1_R,F93_T1,93,R,unrelated,False,False,False,51.0,0.4229308115098609,-0.0334670105081754,90.0,0.4336123483335893,51.0,0.4229308115098609,23508,12
58/2R/S3582R07.jpg,/Users/sarahoualli/Desktop/BIO/iris_twins_project/data/features/daugman_strict_v3/gabor_codes/58__2R__S3582R07.jpg.npz,58,F58_T2,F58_T2_R,R,150,False,0.4436090225563909,0.3854938803654542,0.3854938803654542,-0.0581151421909367,F13_T2_R,F13_T2,13,R,unrelated,False,False,False,F13_T2_R,F13_T2,13,R,unrelated,False,False,False,53.0,0.4230122709699109,-0.02059675158648,126.0,0.4381335478680611,53.0,0.4230122709699109,22876,-6
90/2R/S3902R09.jpg,/Users/sarahoualli/Desktop/BIO/iris_twins_project/data/features/daugman_strict_v3/gabor_codes/90__2R__S3902R09.jpg.npz,90,F90_T2,F90_T2_R,R,7,False,0.3980917254650417,0.3776553582752061,0.3776553582752061,-0.0204363671898356,F40_T1_R,F40_T1,40,R,unrelated,False,False,False,F40_T1_R,F40_T1,40,R,unrelated,False,False,False,58.0,0.4258831297457907,0.027791404280749,58.0,0.4258831297457907,,,24944,-6
21/1R/S3211R04.jpg,/Users/sarahoualli/Desktop/BIO/iris_twins_project/data/features/daugman_strict_v3/gabor_codes/21__1R__S3211R04.jpg.npz,21,F21_T1,F21_T1_R,R,28,False,0.4061800654157342,0.3764596172559195,0.3764596172559195,-0.0297204481598146,F37_T1_L,F37_T1,37,L,unrelated,False,False,False,F37_T1_L,F37_T1,37,L,unrelated,False,False,False,59.0,0.4168941979522184,0.0107141325364842,,,59.0,0.4168941979522184,23236,-4
24/1L/S3241L06.jpg,/Users/sarahoualli/Desktop/BIO/iris_twins_project/data/features/daugman_strict_v3/gabor_codes/24__1L__S3241L06.jpg.npz,24,F24_T1,F24_T1_L,L,196,False,0.4607540173053152,0.3680414277788053,0.3680414277788053,-0.0927125895265099,F29_T1_L,F29_T1,29,L,unrelated,False,False,False,F29_T1_L,F29_T1,29,L,unrelated,False,False,False,61.0,0.4340966462315182,-0.0266573710737969,170.0,0.4558724832214765,61.0,0.4340966462315182,19416,-16
21/1R/S3211R06.jpg,/Users/sarahoualli/Desktop/BIO/iris_twins_project/data/features/daugman_strict_v3/gabor_codes/21__1R__S3211R06.jpg.npz,21,F21_T1,F21_T1_R,R,4,False,0.4002892632295389,0.3833932853717026,0.3833932853717026,-0.0168959778578362,F47_T2_R,F47_T2,47,R,unrelated,False,False,False,F47_T2_R,F47_T2,47,R,unrelated,False,False,False,69.0,0.4273192417379634,0.0270299785084245,,,69.0,0.4273192417379634,23508,-2
92/1R/S3921R09.jpg,/Users/sarahoualli/Desktop/BIO/iris_twins_project/data/features/daugman_strict_v3/gabor_codes/92__1R__S3921R09.jpg.npz,92,F92_T1,F92_T1_R,R,31,False,0.4208425545368321,0.3859049737803909,0.3859049737803909,-0.0349375807564412,F93_T1_R,F93_T1,93,R,unrelated,False,False,False,F93_T1_R,F93_T1,93,R,unrelated,False,False,False,70.0,0.4322264998395893,0.0113839453027572,166.0,0.4514994136371251,70.0,0.4322264998395893,25304,-4
13/2R/S3132R07.jpg,/Users/sarahoualli/Desktop/BIO/iris_twins_project/data/features/daugman_strict_v3/gabor_codes/13__2R__S3132R07.jpg.npz,13,F13_T2,F13_T2_R,R,33,False,0.4228041462084015,0.3896049548041513,0.3896049548041513,-0.0331991914042502,F20_T1_R,F20_T1,20,R,unrelated,False,False,False,F20_T1_R,F20_T1,20,R,unrelated,False,False,False,71.0,0.4322306086397944,0.0094264624313929,71.0,0.4322306086397944,72.0,0.4324279007377599,21996,8
81/1L/S3811L02.jpg,/Users/sarahoualli/Desktop/BIO/iris_twins_project/data/features/daugman_strict_v3/gabor_codes/81__1L__S3811L02.jpg.npz,81,F81_T1,F81_T1_L,L,135,False,0.4445396879821704,0.3862008660892738,0.3862008660892738,-0.0583388218928965,F26_T1_R,F26_T1,26,R,unrelated,False,False,False,F26_T1_R,F26_T1,26,R,unrelated,False,False,False,72.0,0.4331568816169394,-0.011382806365231,72.0,0.4331568816169394,273.0,0.4714188499489622,23332,10
26/2R/S3262R06.jpg,/Users/sarahoualli/Desktop/BIO/iris_twins_project/data/features/daugman_strict_v3/gabor_codes/26__2R__S3262R06.jpg.npz,26,F26_T2,F26_T2_R,R,8,False,0.3980286235442682,0.369872813990461,0.369872813990461,-0.0281558095538072,F31_T2_R,F31_T2,31,R,unrelated,False,False,False,F31_T2_R,F31_T2,31,R,unrelated,False,False,False,72.0,0.4264434180138568,0.0284147944695885,72.0,0.4264434180138568,178.0,0.4458361260053619,28508,0
91/1R/S3911R05.jpg,/Users/sarahoualli/Desktop/BIO/iris_twins_project/data/features/daugman_strict_v3/gabor_codes/91__1R__S3911R05.jpg.npz,91,F91_T1,F91_T1_R,R,7,False,0.4034673612241575,0.3971101798498341,0.3971101798498341,-0.0063571813743234,F69_T2_L,F69_T2,69,L,unrelated,False,False,False,F69_T2_L,F69_T2,69,L,unrelated,False,False,False,74.0,0.4324186046511628,0.0289512434270052,152.0,0.4464024166971805,74.0,0.4324186046511628,24572,-2
81/2L/S3812L03.jpg,/Users/sarahoualli/Desktop/BIO/iris_twins_project/data/features/daugman_strict_v3/gabor_codes/81__2L__S3812L03.jpg.npz,81,F81_T2,F81_T2_L,L,90,False,0.4406104547081991,0.3839485458612975,0.3839485458612975,-0.0566619088469015,F21_T1_L,F21_T1,21,L,unrelated,False,False,False,F21_T1_L,F21_T1,21,L,unrelated,False,False,False,75.0,0.436074225400068,-0.004536229308131,75.0,0.436074225400068,159.0,0.4541136692964096,22344,8
84/1R/S3841R09.jpg,/Users/sarahoualli/Desktop/BIO/iris_twins_project/data/features/daugman_strict_v3/gabor_codes/84__1R__S3841R09.jpg.npz,84,F84_T1,F84_T1_R,R,88,False,0.4370819723129569,0.4023776466504686,0.4023776466504686,-0.0347043256624883,F88_T2_L,F88_T2,88,L,unrelated,False,False,False,F88_T2_L,F88_T2,88,L,unrelated,False,False,False,75.0,0.4338671875,-0.0032147848129569,109.0,0.442832909245123,75.0,0.4338671875,25716,-4
91/1R/S3911R08.jpg,/Users/sarahoualli/Desktop/BIO/iris_twins_project/data/features/daugman_strict_v3/gabor_codes/91__1R__S3911R08.jpg.npz,91,F91_T1,F91_T1_R,R,117,False,0.4363603861279942,0.3829113924050633,0.3829113924050633,-0.0534489937229309,F12_T2_L,F12_T2,12,L,unrelated,False,False,False,F12_T2_L,F12_T2,12,L,unrelated,False,False,False,76.0,0.4279605798990064,-0.0083998062289878,76.0,0.4279605798990064,180.0,0.447375516807478,22376,-12
51/2R/S3512R07.jpg,/Users/sarahoualli/Desktop/BIO/iris_twins_project/data/features/daugman_strict_v3/gabor_codes/51__2R__S3512R07.jpg.npz,51,F51_T2,F51_T2_R,R,16,False,0.4058988764044944,0.3644899103139013,0.3644899103139013,-0.041408966090593,F22_T1_R,F22_T1,22,R,unrelated,False,False,False,F22_T1_R,F22_T1,22,R,unrelated,False,False,False,78.0,0.4317687747035573,0.0258698982990628,165.0,0.4504954954954955,78.0,0.4317687747035573,22784,8
21/2L/S3212L06.jpg,/Users/sarahoualli/Desktop/BIO/iris_twins_project/data/features/daugman_strict_v3/gabor_codes/21__2L__S3212L06.jpg.npz,21,F21_T2,F21_T2_L,L,17,False,0.4103181076672104,0.3870047787883459,0.3870047787883459,-0.0233133288788645,F93_T2_R,F93_T2,93,R,unrelated,False,False,False,F93_T2_R,F93_T2,93,R,unrelated,False,False,False,80.0,0.4335931091058244,0.0232750014386139,80.0,0.4335931091058244,227.0,0.4595039889004509,24520,6
51/2R/S3512R06.jpg,/Users/sarahoualli/Desktop/BIO/iris_twins_project/data/features/daugman_strict_v3/gabor_codes/51__2R__S3512R06.jpg.npz,51,F51_T2,F51_T2_R,R,157,False,0.4563708477937531,0.35104,0.35104,-0.105330847793753,F57_T1_L,F57_T1,57,L,unrelated,False,False,False,F57_T1_L,F57_T1,57,L,unrelated,False,False,False,81.0,0.4401647286821705,-0.0162061191115825,112.0,0.4457603844833505,81.0,0.4401647286821705,24204,4
91/1R/S3911R06.jpg,/Users/sarahoualli/Desktop/BIO/iris_twins_project/data/features/daugman_strict_v3/gabor_codes/91__1R__S3911R06.jpg.npz,91,F91_T1,F91_T1_R,R,68,False,0.431260945709282,0.3926529666254635,0.3926529666254635,-0.0386079790838184,F78_T1_L,F78_T1,78,L,unrelated,False,False,False,F78_T1_L,F78_T1,78,L,unrelated,False,False,False,82.0,0.4359140341791818,0.0046530884698998,82.0,0.4359140341791818,101.0,0.4406720856463124,22840,-6
97/2L/S3972L01.jpg,/Users/sarahoualli/Desktop/BIO/iris_twins_project/data/features/daugman_strict_v3/gabor_codes/97__2L__S3972L01.jpg.npz,97,F97_T2,F97_T2_L,L,15,False,0.403479609929078,0.3788091715976331,0.3788091715976331,-0.0246704383314448,F90_T1_R,F90_T1,90,R,unrelated,False,False,False,F90_T1_R,F90_T1,90,R,unrelated,False,False,False,87.0,0.4246122448979592,0.0211326349688811,290.0,0.4662631474498908,87.0,0.4246122448979592,27072,-2
87/1L/S3871L05.jpg,/Users/sarahoualli/Desktop/BIO/iris_twins_project/data/features/daugman_strict_v3/gabor_codes/87__1L__S3871L05.jpg.npz,87,F87_T1,F87_T1_L,L,150,False,0.4532299328429804,0.3753963812721507,0.3753963812721507,-0.0778335515708297,F57_T2_R,F57_T2,57,R,unrelated,False,False,False,F57_T2_R,F57_T2,57,R,unrelated,False,False,False,92.0,0.4428605846450369,-0.0103693481979435,312.0,0.4964689265536723,92.0,0.4428605846450369,25016,8
44/2L/S3442L04.jpg,/Users/sarahoualli/Desktop/BIO/iris_twins_project/data/features/daugman_strict_v3/gabor_codes/44__2L__S3442L04.jpg.npz,44,F44_T2,F44_T2_L,L,72,False,0.4355884308510638,0.3889061207609595,0.3889061207609595,-0.0466823100901043,F01_T1_L,F01_T1,1,L,unrelated,False,False,False,F01_T1_L,F01_T1,1,L,unrelated,False,False,False,93.0,0.4423774954627949,0.006789064611731,93.0,0.4423774954627949,139.0,0.4509527754763877,24064,8
64/1R/S3641R06.jpg,/Users/sarahoualli/Desktop/BIO/iris_twins_project/data/features/daugman_strict_v3/gabor_codes/64__1R__S3641R06.jpg.npz,64,F64_T1,F64_T1_R,R,38,False,0.4150988673449798,0.3651227464518604,0.3651227464518604,-0.0499761208931194,F51_T1_R,F51_T1,51,R,unrelated,False,False,False,F51_T1_R,F51_T1,51,R,unrelated,False,False,False,93.0,0.4328345519469478,0.0177356846019679,93.0,0.4328345519469478,,,20836,14
24/2L/S3242L02.jpg,/Users/sarahoualli/Desktop/BIO/iris_twins_project/data/features/daugman_strict_v3/gabor_codes/24__2L__S3242L02.jpg.npz,24,F24_T2,F24_T2_L,L,182,False,0.4477279368790181,0.3964253664373317,0.3964253664373317,-0.0513025704416864,F76_T1_L,F76_T1,76,L,unrelated,False,False,False,F76_T1_L,F76_T1,76,L,unrelated,False,False,False,94.0,0.4318360526833104,-0.0158918841957077,94.0,0.4318360526833104,129.0,0.4380713653789442,27376,0
78/1R/S3781R03.jpg,/Users/sarahoualli/Desktop/BIO/iris_twins_project/data/features/daugman_strict_v3/gabor_codes/78__1R__S3781R03.jpg.npz,78,F78_T1,F78_T1_R,R,70,False,0.4336324988190836,0.3965351719322744,0.3965351719322744,-0.0370973268868092,F46_T1_L,F46_T1,46,L,unrelated,False,False,False,F46_T1_L,F46_T1,46,L,unrelated,False,False,False,96.0,0.4392272262026612,0.0055947273835775,96.0,0.4392272262026612,271.0,0.4740948275862069,25404,2
84/1R/S3841R08.jpg,/Users/sarahoualli/Desktop/BIO/iris_twins_project/data/features/daugman_strict_v3/gabor_codes/84__1R__S3841R08.jpg.npz,84,F84_T1,F84_T1_R,R,37,False,0.4211071867321867,0.3919620347026546,0.3919620347026546,-0.0291451520295321,F69_T2_L,F69_T2,69,L,unrelated,False,False,False,F69_T2_L,F69_T2,69,L,unrelated,False,False,False,98.0,0.4387084592145015,0.0176012724823148,199.0,0.4595942519019442,98.0,0.4387084592145015,26048,-4
48/2L/S3482L04.jpg,/Users/sarahoualli/Desktop/BIO/iris_twins_project/data/features/daugman_strict_v3/gabor_codes/48__2L__S3482L04.jpg.npz,48,F48_T2,F48_T2_L,L,168,False,0.4476016684045881,0.3703199455411844,0.3703199455411844,-0.0772817228634036,F04_T2_L,F04_T2,4,L,unrelated,False,False,False,F04_T2_L,F04_T2,4,L,unrelated,False,False,False,99.0,0.4374279123414071,-0.0101737560631809,99.0,0.4374279123414071,,,19180,14
55/2R/S3552R08.jpg,/Users/sarahoualli/Desktop/BIO/iris_twins_project/data/features/daugman_strict_v3/gabor_codes/55__2R__S3552R08.jpg.npz,55,F55_T2,F55_T2_R,R,23,False,0.4232368463137694,0.3822387827977022,0.3822387827977022,-0.0409980635160671,F78_T1_L,F78_T1,78,L,unrelated,False,False,False,F78_T1_L,F78_T1,78,L,unrelated,False,False,False,104.0,0.4467105263157894,0.02347368000202,104.0,0.4467105263157894,,,25012,0
95/2L/S3952L06.jpg,/Users/sarahoualli/Desktop/BIO/iris_twins_project/data/features/daugman_strict_v3/gabor_codes/95__2L__S3952L06.jpg.npz,95,F95_T2,F95_T2_L,L,24,False,0.4111361079865017,0.3717247097844113,0.3717247097844113,-0.0394113982020903,F41_T2_R,F41_T2,41,R,unrelated,False,False,False,F41_T2_R,F41_T2,41,R,unrelated,False,False,False,104.0,0.4352833796940195,0.0241472717075177,161.0,0.4464324917672887,104.0,0.4352833796940195,24892,2
01/1R/S3011R02.jpg,/Users/sarahoualli/Desktop/BIO/iris_twins_project/data/features/daugman_strict_v3/gabor_codes/01__1R__S3011R02.jpg.npz,1,F01_T1,F01_T1_R,R,64,False,0.4209027892391483,0.364193663862538,0.364193663862538,-0.0567091253766103,F19_T1_R,F19_T1,19,R,unrelated,False,False,False,F19_T1_R,F19_T1,19,R,unrelated,False,False,False,105.0,0.4316878150530158,0.0107850258138674,207.0,0.4519427402862985,105.0,0.4316878150530158,24236,0
92/2L/S3922L01.jpg,/Users/sarahoualli/Desktop/BIO/iris_twins_project/data/features/daugman_strict_v3/gabor_codes/92__2L__S3922L01.jpg.npz,92,F92_T2,F92_T2_L,L,15,False,0.4010339734121123,0.3703499369482976,0.3703499369482976,-0.0306840364638146,F29_T1_R,F29_T1,29,R,unrelated,False,False,False,F29_T1_R,F29_T1,29,R,unrelated,False,False,False,105.0,0.4270137179036229,0.0259797444915106,175.0,0.437028803402281,105.0,0.4270137179036229,24372,10
95/2R/S3952R06.jpg,/Users/sarahoualli/Desktop/BIO/iris_twins_project/data/features/daugman_strict_v3/gabor_codes/95__2R__S3952R06.jpg.npz,95,F95_T2,F95_T2_R,R,249,False,0.4760376362996834,0.3939825529642157,0.3939825529642157,-0.0820550833354676,F48_T2_R,F48_T2,48,R,unrelated,False,False,False,F48_T2_R,F48_T2,48,R,unrelated,False,False,False,106.0,0.4484068173397554,-0.0276308189599279,106.0,0.4484068173397554,297.0,0.4964709203839638,22744,0
24/2L/S3242L04.jpg,/Users/sarahoualli/Desktop/BIO/iris_twins_project/data/features/daugman_strict_v3/gabor_codes/24__2L__S3242L04.jpg.npz,24,F24_T2,F24_T2_L,L,40,False,0.4425243605359318,0.4042185338865837,0.4042185338865837,-0.0383058266493481,F50_T1_R,F50_T1,50,R,unrelated,False,False,False,F50_T1_R,F50_T1,50,R,unrelated,False,False,False,106.0,0.4590776101016323,0.0165532495657004,309.0,0.5214814814814814,106.0,0.4590776101016323,26272,6
30/1L/S3301L07.jpg,/Users/sarahoualli/Desktop/BIO/iris_twins_project/data/features/daugman_strict_v3/gabor_codes/30__1L__S3301L07.jpg.npz,30,F30_T1,F30_T1_L,L,197,False,0.4488101352508132,0.3623547505126452,0.3623547505126452,-0.0864553847381679,F22_T1_L,F22_T1,22,L,unrelated,False,False,False,F22_T1_L,F22_T1,22,L,unrelated,False,False,False,111.0,0.4328336834065304,-0.0159764518442827,111.0,0.4328336834065304,166.0,0.443587981146897,23364,4
91/1L/S3911L09.jpg,/Users/sarahoualli/Desktop/BIO/iris_twins_project/data/features/daugman_strict_v3/gabor_codes/91__1L__S3911L09.jpg.npz,91,F91_T1,F91_T1_L,L,22,False,0.4145252272015042,0.3972526532009586,0.3972526532009586,-0.0172725740005456,F94_T2_L,F94_T2,94,L,unrelated,False,False,False,F94_T2_L,F94_T2,94,L,unrelated,False,False,False,111.0,0.4365628604382929,0.0220376332367887,111.0,0.4365628604382929,127.0,0.439011609158336,25528,0
94/1L/S3941L01.jpg,/Users/sarahoualli/Desktop/BIO/iris_twins_project/data/features/daugman_strict_v3/gabor_codes/94__1L__S3941L01.jpg.npz,94,F94_T1,F94_T1_L,L,57,False,0.4272385252069225,0.3829319129226494,0.3829319129226494,-0.0443066122842731,F90_T1_R,F90_T1,90,R,unrelated,False,False,False,F90_T1_R,F90_T1,90,R,unrelated,False,False,False,113.0,0.4411876232367662,0.0139490980298437,149.0,0.4486999006293474,113.0,0.4411876232367662,26580,-6
51/2R/S3512R02.jpg,/Users/sarahoualli/Desktop/BIO/iris_twins_project/data/features/daugman_strict_v3/gabor_codes/51__2R__S3512R02.jpg.npz,51,F51_T2,F51_T2_R,R,122,False,0.4450790024747763,0.3509712837837838,0.3509712837837838,-0.0941077186909925,F30_T2_R,F30_T2,30,R,unrelated,False,False,False,F30_T2_R,F30_T2,30,R,unrelated,False,False,False,114.0,0.4429710682492581,-0.0021079342255181,172.0,0.4540864926652695,114.0,0.4429710682492581,21012,-12
46/2R/S3462R01.jpg,/Users/sarahoualli/Desktop/BIO/iris_twins_project/data/features/daugman_strict_v3/gabor_codes/46__2R__S3462R01.jpg.npz,46,F46_T2,F46_T2_R,R,111,False,0.4441747572815534,0.3850755050009806,0.3850755050009806,-0.0590992522805728,F35_T2_R,F35_T2,35,R,unrelated,False,False,False,F35_T2_R,F35_T2,35,R,unrelated,False,False,False,115.0,0.4444652908067542,0.0002905335252008,115.0,0.4444652908067542,132.0,0.4469501718213058,24720,-2
72/2L/S3722L01.jpg,/Users/sarahoualli/Desktop/BIO/iris_twins_project/data/features/daugman_strict_v3/gabor_codes/72__2L__S3722L01.jpg.npz,72,F72_T2,F72_T2_L,L,54,False,0.4259564891222805,0.4002210759027266,0.4002210759027266,-0.0257354132195539,F24_T2_L,F24_T2,24,L,unrelated,False,False,False,F24_T2_L,F24_T2,24,L,unrelated,False,False,False,116.0,0.439917695473251,0.0139612063509704,116.0,0.439917695473251,231.0,0.4582598942477167,26660,-4
92/2L/S3922L09.jpg,/Users/sarahoualli/Desktop/BIO/iris_twins_project/data/features/daugman_strict_v3/gabor_codes/92__2L__S3922L09.jpg.npz,92,F92_T2,F92_T2_L,L,112,False,0.4309263428755226,0.3822297075254683,0.3822297075254683,-0.0486966353500543,F70_T2_R,F70_T2,70,R,unrelated,False,False,False,F70_T2_R,F70_T2,70,R,unrelated,False,False,False,120.0,0.4325100963031997,0.001583753427677,140.0,0.4371063680895731,120.0,0.4325100963031997,24872,10
03/2R/S3032R06.jpg,/Users/sarahoualli/Desktop/BIO/iris_twins_project/data/features/daugman_strict_v3/gabor_codes/03__2R__S3032R06.jpg.npz,3,F03_T2,F03_T2_R,R,29,False,0.4307667934093789,0.3789993726474278,0.3789993726474278,-0.0517674207619511,F31_T2_L,F31_T2,31,L,unrelated,False,False,False,F31_T2_L,F31_T2,31,L,unrelated,False,False,False,123.0,0.4539047817916057,0.0231379883822268,123.0,0.4539047817916057,143.0,0.4571936542669584,25248,4
03/2R/S3032R09.jpg,/Users/sarahoualli/Desktop/BIO/iris_twins_project/data/features/daugman_strict_v3/gabor_codes/03__2R__S3032R09.jpg.npz,3,F03_T2,F03_T2_R,R,25,False,0.4238223017292785,0.3909450852126011,0.3909450852126011,-0.0328772165166773,F05_T1_R,F05_T1,5,R,unrelated,False,False,False,F05_T1_R,F05_T1,5,R,unrelated,False,False,False,125.0,0.4480017761989343,0.0241794744696557,291.0,0.4790302782324059,125.0,0.4480017761989343,26832,0
91/1L/S3911L05.jpg,/Users/sarahoualli/Desktop/BIO/iris_twins_project/data/features/daugman_strict_v3/gabor_codes/91__1L__S3911L05.jpg.npz,91,F91_T1,F91_T1_L,L,104,False,0.440024834437086,0.3941190706679574,0.3941190706679574,-0.0459057637691286,F57_T2_L,F57_T2,57,L,unrelated,False,False,False,F57_T2_L,F57_T2,57,L,unrelated,False,False,False,126.0,0.4446013557133634,0.0045765212762773,169.0,0.451685595817559,126.0,0.4446013557133634,24160,-6
84/1R/S3841R01.jpg,/Users/sarahoualli/Desktop/BIO/iris_twins_project/data/features/daugman_strict_v3/gabor_codes/84__1R__S3841R01.jpg.npz,84,F84_T1,F84_T1_R,R,186,False,0.4775784753363228,0.3883884863912277,0.3883884863912277,-0.0891899889450951,F60_T1_R,F60_T1,60,R,unrelated,False,False,False,F60_T1_R,F60_T1,60,R,unrelated,False,False,False,130.0,0.4672832689122032,-0.0102952064241196,130.0,0.4672832689122032,142.0,0.4700058241118229,24084,0
24/2L/S3242L09.jpg,/Users/sarahoualli/Desktop/BIO/iris_twins_project/data/features/daugman_strict_v3/gabor_codes/24__2L__S3242L09.jpg.npz,24,F24_T2,F24_T2_L,L,27,False,0.426567115195274,0.3982828105834939,0.3982828105834939,-0.02828430461178,F57_T2_R,F57_T2,57,R,unrelated,False,False,False,F57_T2_R,F57_T2,57,R,unrelated,False,False,False,132.0,0.4536149022500922,0.0270477870548181,132.0,0.4536149022500922,153.0,0.4572251054168018,24376,6
64/1R/S3641R04.jpg,/Users/sarahoualli/Desktop/BIO/iris_twins_project/data/features/daugman_strict_v3/gabor_codes/64__1R__S3641R04.jpg.npz,64,F64_T1,F64_T1_R,R,25,False,0.4127962538226299,0.3795262267343485,0.3795262267343485,-0.0332700270882814,F13_T2_R,F13_T2,13,R,unrelated,False,False,False,F13_T2_R,F13_T2,13,R,unrelated,False,False,False,133.0,0.440996030313966,0.028199776491336,133.0,0.440996030313966,,,20928,14
90/2R/S3902R06.jpg,/Users/sarahoualli/Desktop/BIO/iris_twins_project/data/features/daugman_strict_v3/gabor_codes/90__2R__S3902R06.jpg.npz,90,F90_T2,F90_T2_R,R,192,False,0.4579563597658329,0.3710929916521064,0.3710929916521064,-0.0868633681137264,F37_T2_R,F37_T2,37,R,unrelated,False,False,False,F37_T2_R,F37_T2,37,R,unrelated,False,False,False,140.0,0.4481006160164271,-0.0098557437494057,140.0,0.4481006160164271,,,22548,-2
93/1R/S3931R08.jpg,/Users/sarahoualli/Desktop/BIO/iris_twins_project/data/features/daugman_strict_v3/gabor_codes/93__1R__S3931R08.jpg.npz,93,F93_T1,F93_T1_R,R,125,False,0.4362421929215822,0.3843952689813048,0.3843952689813048,-0.0518469239402774,F06_T1_R,F06_T1,6,R,unrelated,False,False,False,F06_T1_R,F06_T1,6,R,unrelated,False,False,False,154.0,0.4421944035346097,0.0059522106130274,154.0,0.4421944035346097,173.0,0.4453270238296434,23056,8
81/1L/S3811L06.jpg,/Users/sarahoualli/Desktop/BIO/iris_twins_project/data/features/daugman_strict_v3/gabor_codes/81__1L__S3811L06.jpg.npz,81,F81_T1,F81_T1_L,L,157,False,0.4546372738450729,0.3759663288094829,0.3759663288094829,-0.07867094503559,F33_T2_L,F33_T2,33,L,unrelated,False,False,False,F33_T2_L,F33_T2,33,L,unrelated,False,False,False,162.0,0.45517578125,0.0005385074049271,162.0,0.45517578125,209.0,0.463546965072906,22772,-8
40/2R/S3402R01.jpg,/Users/sarahoualli/Desktop/BIO/iris_twins_project/data/features/daugman_strict_v3/gabor_codes/40__2R__S3402R01.jpg.npz,40,F40_T2,F40_T2_R,R,101,False,0.4377170138888889,0.3995522607163828,0.3995522607163828,-0.038164753172506,F24_T2_L,F24_T2,24,L,unrelated,False,False,False,F24_T2_L,F24_T2,24,L,unrelated,False,False,False,163.0,0.4480678297733572,0.0103508158844683,163.0,0.4480678297733572,257.0,0.4632181028724115,23040,-10
64/1R/S3641R02.jpg,/Users/sarahoualli/Desktop/BIO/iris_twins_project/data/features/daugman_strict_v3/gabor_codes/64__1R__S3641R02.jpg.npz,64,F64_T1,F64_T1_R,R,240,False,0.4716448665113779,0.3701619778346121,0.3701619778346121,-0.1014828886767657,F17_T2_R,F17_T2,17,R,unrelated,False,False,False,F17_T2_R,F17_T2,17,R,unrelated,False,False,False,192.0,0.4616166077738516,-0.0100282587375262,192.0,0.4616166077738516,,,22324,12
64/1R/S3641R05.jpg,/Users/sarahoualli/Desktop/BIO/iris_twins_project/data/features/daugman_strict_v3/gabor_codes/64__1R__S3641R05.jpg.npz,64,F64_T1,F64_T1_R,R,63,False,0.4306902452937821,0.3884255319148936,0.3884255319148936,-0.0422647133788884,F98_T1_L,F98_T1,98,L,unrelated,False,False,False,F98_T1_L,F98_T1,98,L,unrelated,False,False,False,192.0,0.4552760624772975,0.0245858171835154,192.0,0.4552760624772975,,,21036,14
03/2R/S3032R04.jpg,/Users/sarahoualli/Desktop/BIO/iris_twins_project/data/features/daugman_strict_v3/gabor_codes/03__2R__S3032R04.jpg.npz,3,F03_T2,F03_T2_R,R,55,False,0.4446365452589519,0.4097630783908411,0.4097630783908411,-0.0348734668681107,F35_T1_R,F35_T1,35,R,unrelated,False,False,False,F35_T1_R,F35_T1,35,R,unrelated,False,False,False,200.0,0.4684957114581042,0.0238591661991523,200.0,0.4684957114581042,209.0,0.4703941580151328,26028,4
88/2R/S3882R04.jpg,/Users/sarahoualli/Desktop/BIO/iris_twins_project/data/features/daugman_strict_v3/gabor_codes/88__2R__S3882R04.jpg.npz,88,F88_T2,F88_T2_R,R,106,False,0.4264994119952959,0.3678801843317972,0.3678801843317972,-0.0586192276634986,F46_T2_L,F46_T2,46,L,unrelated,False,False,False,F46_T2_L,F46_T2,46,L,unrelated,False,False,False,214.0,0.4452307428375364,0.0187313308422404,,,214.0,0.4452307428375364,20408,-16
64/1R/S3641R07.jpg,/Users/sarahoualli/Desktop/BIO/iris_twins_project/data/features/daugman_strict_v3/gabor_codes/64__1R__S3641R07.jpg.npz,64,F64_T1,F64_T1_R,R,82,False,0.4326757326182723,0.3888791131444659,0.3888791131444659,-0.0437966194738064,F36_T1_R,F36_T1,36,R,unrelated,False,False,False,F36_T1_R,F36_T1,36,R,unrelated,False,False,False,215.0,0.4598206733209271,0.0271449407026547,215.0,0.4598206733209271,,,20884,14
34/2R/S3342R01.jpg,/Users/sarahoualli/Desktop/BIO/iris_twins_project/data/features/daugman_strict_v3/gabor_codes/34__2R__S3342R01.jpg.npz,34,F34_T2,F34_T2_R,R,217,False,0.4571902848156561,0.3570806479707368,0.3570806479707368,-0.1001096368449193,F01_T1_L,F01_T1,1,L,unrelated,False,False,False,F01_T1_L,F01_T1,1,L,unrelated,False,False,False,218.0,0.4581160931525895,0.0009258083369333,218.0,0.4581160931525895,297.0,0.478682494566126,22892,16
62/2R/S3622R10.jpg,/Users/sarahoualli/Desktop/BIO/iris_twins_project/data/features/daugman_strict_v3/gabor_codes/62__2R__S3622R10.jpg.npz,62,F62_T2,F62_T2_R,R,134,False,0.4357256088773598,0.3763076469721526,0.3763076469721526,-0.0594179619052072,F56_T1_R,F56_T1,56,R,unrelated,False,False,False,F56_T1_R,F56_T1,56,R,unrelated,False,False,False,219.0,0.4539947128800117,0.0182691040026519,300.0,0.4833946924374904,219.0,0.4539947128800117,27756,0
72/2L/S3722L05.jpg,/Users/sarahoualli/Desktop/BIO/iris_twins_project/data/features/daugman_strict_v3/gabor_codes/72__2L__S3722L05.jpg.npz,72,F72_T2,F72_T2_L,L,94,False,0.4267669172932331,0.3724974550390227,0.3724974550390227,-0.0542694622542103,F29_T1_L,F29_T1,29,L,unrelated,False,False,False,F29_T1_L,F29_T1,29,L,unrelated,False,False,False,241.0,0.4547904712223961,0.028023553929163,257.0,0.4578327352161023,241.0,0.4547904712223961,26600,-2
48/2L/S3482L03.jpg,/Users/sarahoualli/Desktop/BIO/iris_twins_project/data/features/daugman_strict_v3/gabor_codes/48__2L__S3482L03.jpg.npz,48,F48_T2,F48_T2_L,L,217,False,0.4574808184143222,0.3820992848127892,0.3820992848127892,-0.075381533601533,F91_T1_R,F91_T1,91,R,unrelated,False,False,False,F91_T1_R,F91_T1,91,R,unrelated,False,False,False,250.0,0.4637660069848661,0.0062851885705438,250.0,0.4637660069848661,,,21896,0
55/2R/S3552R10.jpg,/Users/sarahoualli/Desktop/BIO/iris_twins_project/data/features/daugman_strict_v3/gabor_codes/55__2R__S3552R10.jpg.npz,55,F55_T2,F55_T2_R,R,279,False,0.4738896041197296,0.3882184820577961,0.3882184820577961,-0.0856711220619335,F64_T2_R,F64_T2,64,R,unrelated,False,False,False,F64_T2_R,F64_T2,64,R,unrelated,False,False,False,281.0,0.4756053811659192,0.0017157770461896,281.0,0.4756053811659192,,,24856,-2
21/1R/S3211R02.jpg,/Users/sarahoualli/Desktop/BIO/iris_twins_project/data/features/daugman_strict_v3/gabor_codes/21__1R__S3211R02.jpg.npz,21,F21_T1,F21_T1_R,R,310,False,0.5154566996984059,0.3437197131226982,0.3437197131226982,-0.1717369865757076,F37_T2_L,F37_T2,37,L,unrelated,False,False,False,F37_T2_L,F37_T2,37,L,unrelated,False,False,False,282.0,0.4922139170670938,-0.0232427826313121,,,282.0,0.4922139170670938,18568,-16
