kind,filename,stem,found,source_path,view_path
segmentation,S3111L01.jpg,S3111L01,True,/Users/sarahoualli/Desktop/Casia_Iris_Twins/data/segmentation_daugman/overlays/11__1L__S3111L01.jpg.png,/Users/sarahoualli/Desktop/Casia_Iris_Twins/data/segmentation_daugman/overlays/11__1L__S3111L01.jpg.png
segmentation,S3111L03.jpg,S3111L03,True,/Users/sarahoualli/Desktop/Casia_Iris_Twins/data/segmentation_daugman/overlays/11__1L__S3111L03.jpg.png,/Users/sarahoualli/Desktop/Casia_Iris_Twins/data/segmentation_daugman/overlays/11__1L__S3111L03.jpg.png
segmentation,S3111R02.jpg,S3111R02,True,/Users/sarahoualli/Desktop/Casia_Iris_Twins/data/segmentation_daugman/overlays/11__1R__S3111R02.jpg.png,/Users/sarahoualli/Desktop/Casia_Iris_Twins/data/segmentation_daugman/overlays/11__1R__S3111R02.jpg.png
segmentation,S3111R06.jpg,S3111R06,True,/Users/sarahoualli/Desktop/Casia_Iris_Twins/data/segmentation_daugman/overlays/11__1R__S3111R06.jpg.png,/Users/sarahoualli/Desktop/Casia_Iris_Twins/data/segmentation_daugman/overlays/11__1R__S3111R06.jpg.png
segmentation,S3111R09.jpg,S3111R09,True,/Users/sarahoualli/Desktop/Casia_Iris_Twins/data/segmentation_daugman/overlays/11__1R__S3111R09.jpg.png,/Users/sarahoualli/Desktop/Casia_Iris_Twins/data/segmentation_daugman/overlays/11__1R__S3111R09.jpg.png
segmentation,S3111R01.jpg,S3111R01,True,/Users/sarahoualli/Desktop/Casia_Iris_Twins/data/segmentation_daugman/overlays/11__1R__S3111R01.jpg.png,/Users/sarahoualli/Desktop/Casia_Iris_Twins/data/segmentation_daugman/overlays/11__1R__S3111R01.jpg.png
segmentation,S3111R05.jpg,S3111R05,True,/Users/sarahoualli/Desktop/Casia_Iris_Twins/data/segmentation_daugman/overlays/11__1R__S3111R05.jpg.png,/Users/sarahoualli/Desktop/Casia_Iris_Twins/data/segmentation_daugman/overlays/11__1R__S3111R05.jpg.png
segmentation,S3112L10.jpg,S3112L10,True,/Users/sarahoualli/Desktop/Casia_Iris_Twins/data/segmentation_daugman/overlays/11__2L__S3112L10.jpg.png,/Users/sarahoualli/Desktop/Casia_Iris_Twins/data/segmentation_daugman/overlays/11__2L__S3112L10.jpg.png
segmentation,S3171L10.jpg,S3171L10,True,/Users/sarahoualli/Desktop/Casia_Iris_Twins/data/segmentation_daugman/overlays/17__1L__S3171L10.jpg.png,/Users/sarahoualli/Desktop/Casia_Iris_Twins/data/segmentation_daugman/overlays/17__1L__S3171L10.jpg.png
segmentation,S3172L07.jpg,S3172L07,True,/Users/sarahoualli/Desktop/Casia_Iris_Twins/data/segmentation_daugman/overlays/17__2L__S3172L07.jpg.png,/Users/sarahoualli/Desktop/Casia_Iris_Twins/data/segmentation_daugman/overlays/17__2L__S3172L07.jpg.png
segmentation,S3172R02.jpg,S3172R02,True,/Users/sarahoualli/Desktop/Casia_Iris_Twins/data/segmentation_daugman/overlays/17__2R__S3172R02.jpg.png,/Users/sarahoualli/Desktop/Casia_Iris_Twins/data/segmentation_daugman/overlays/17__2R__S3172R02.jpg.png
segmentation,S3092L03.jpg,S3092L03,True,/Users/sarahoualli/Desktop/Casia_Iris_Twins/data/segmentation_daugman/overlays/09__2L__S3092L03.jpg.png,/Users/sarahoualli/Desktop/Casia_Iris_Twins/data/segmentation_daugman/overlays/09__2L__S3092L03.jpg.png
segmentation,S3092L01.jpg,S3092L01,True,/Users/sarahoualli/Desktop/Casia_Iris_Twins/data/segmentation_daugman/overlays/09__2L__S3092L01.jpg.png,/Users/sarahoualli/Desktop/Casia_Iris_Twins/data/segmentation_daugman/overlays/09__2L__S3092L01.jpg.png
segmentation,S3092L02.jpg,S3092L02,True,/Users/sarahoualli/Desktop/Casia_Iris_Twins/data/segmentation_daugman/overlays/09__2L__S3092L02.jpg.png,/Users/sarahoualli/Desktop/Casia_Iris_Twins/data/segmentation_daugman/overlays/09__2L__S3092L02.jpg.png
segmentation,S3092L04.jpg,S3092L04,True,/Users/sarahoualli/Desktop/Casia_Iris_Twins/data/segmentation_daugman/overlays/09__2L__S3092L04.jpg.png,/Users/sarahoualli/Desktop/Casia_Iris_Twins/data/segmentation_daugman/overlays/09__2L__S3092L04.jpg.png
segmentation,S3092L05.jpg,S3092L05,True,/Users/sarahoualli/Desktop/Casia_Iris_Twins/data/segmentation_daugman/overlays/09__2L__S3092L05.jpg.png,/Users/sarahoualli/Desktop/Casia_Iris_Twins/data/segmentation_daugman/overlays/09__2L__S3092L05.jpg.png
segmentation,S3092R04.jpg,S3092R04,True,/Users/sarahoualli/Desktop/Casia_Iris_Twins/data/segmentation_daugman/overlays/09__2R__S3092R04.jpg.png,/Users/sarahoualli/Desktop/Casia_Iris_Twins/data/segmentation_daugman/overlays/09__2R__S3092R04.jpg.png
segmentation,S3092R01.jpg,S3092R01,True,/Users/sarahoualli/Desktop/Casia_Iris_Twins/data/segmentation_daugman/overlays/09__2R__S3092R01.jpg.png,/Users/sarahoualli/Desktop/Casia_Iris_Twins/data/segmentation_daugman/overlays/09__2R__S3092R01.jpg.png
segmentation,S3092R03.jpg,S3092R03,True,/Users/sarahoualli/Desktop/Casia_Iris_Twins/data/segmentation_daugman/overlays/09__2R__S3092R03.jpg.png,/Users/sarahoualli/Desktop/Casia_Iris_Twins/data/segmentation_daugman/overlays/09__2R__S3092R03.jpg.png
segmentation,S3092R02.jpg,S3092R02,True,/Users/sarahoualli/Desktop/Casia_Iris_Twins/data/segmentation_daugman/overlays/09__2R__S3092R02.jpg.png,/Users/sarahoualli/Desktop/Casia_Iris_Twins/data/segmentation_daugman/overlays/09__2R__S3092R02.jpg.png
segmentation,S3092R06.jpg,S3092R06,True,/Users/sarahoualli/Desktop/Casia_Iris_Twins/data/segmentation_daugman/overlays/09__2R__S3092R06.jpg.png,/Users/sarahoualli/Desktop/Casia_Iris_Twins/data/segmentation_daugman/overlays/09__2R__S3092R06.jpg.png
segmentation,S3071L06.jpg,S3071L06,True,/Users/sarahoualli/Desktop/Casia_Iris_Twins/data/segmentation_daugman/overlays/07__1L__S3071L06.jpg.png,/Users/sarahoualli/Desktop/Casia_Iris_Twins/data/segmentation_daugman/overlays/07__1L__S3071L06.jpg.png
segmentation,S3072L08.jpg,S3072L08,True,/Users/sarahoualli/Desktop/Casia_Iris_Twins/data/segmentation_daugman/overlays/07__2L__S3072L08.jpg.png,/Users/sarahoualli/Desktop/Casia_Iris_Twins/data/segmentation_daugman/overlays/07__2L__S3072L08.jpg.png
segmentation,S3072L03.jpg,S3072L03,True,/Users/sarahoualli/Desktop/Casia_Iris_Twins/data/segmentation_daugman/overlays/07__2L__S3072L03.jpg.png,/Users/sarahoualli/Desktop/Casia_Iris_Twins/data/segmentation_daugman/overlays/07__2L__S3072L03.jpg.png
segmentation,S3072L06.jpg,S3072L06,True,/Users/sarahoualli/Desktop/Casia_Iris_Twins/data/segmentation_daugman/overlays/07__2L__S3072L06.jpg.png,/Users/sarahoualli/Desktop/Casia_Iris_Twins/data/segmentation_daugman/overlays/07__2L__S3072L06.jpg.png
segmentation,S3072L01.jpg,S3072L01,True,/Users/sarahoualli/Desktop/Casia_Iris_Twins/data/segmentation_daugman/overlays/07__2L__S3072L01.jpg.png,/Users/sarahoualli/Desktop/Casia_Iris_Twins/data/segmentation_daugman/overlays/07__2L__S3072L01.jpg.png
segmentation,S3072L09.jpg,S3072L09,True,/Users/sarahoualli/Desktop/Casia_Iris_Twins/data/segmentation_daugman/overlays/07__2L__S3072L09.jpg.png,/Users/sarahoualli/Desktop/Casia_Iris_Twins/data/segmentation_daugman/overlays/07__2L__S3072L09.jpg.png
segmentation,S3072R08.jpg,S3072R08,True,/Users/sarahoualli/Desktop/Casia_Iris_Twins/data/segmentation_daugman/overlays/07__2R__S3072R08.jpg.png,/Users/sarahoualli/Desktop/Casia_Iris_Twins/data/segmentation_daugman/overlays/07__2R__S3072R08.jpg.png
segmentation,S3072R10.jpg,S3072R10,True,/Users/sarahoualli/Desktop/Casia_Iris_Twins/data/segmentation_daugman/overlays/07__2R__S3072R10.jpg.png,/Users/sarahoualli/Desktop/Casia_Iris_Twins/data/segmentation_daugman/overlays/07__2R__S3072R10.jpg.png
segmentation,S3162L03.jpg,S3162L03,True,/Users/sarahoualli/Desktop/Casia_Iris_Twins/data/segmentation_daugman/overlays/16__2L__S3162L03.jpg.png,/Users/sarahoualli/Desktop/Casia_Iris_Twins/data/segmentation_daugman/overlays/16__2L__S3162L03.jpg.png
segmentation,S3162L01.jpg,S3162L01,True,/Users/sarahoualli/Desktop/Casia_Iris_Twins/data/segmentation_daugman/overlays/16__2L__S3162L01.jpg.png,/Users/sarahoualli/Desktop/Casia_Iris_Twins/data/segmentation_daugman/overlays/16__2L__S3162L01.jpg.png
segmentation,S3162L02.jpg,S3162L02,True,/Users/sarahoualli/Desktop/Casia_Iris_Twins/data/segmentation_daugman/overlays/16__2L__S3162L02.jpg.png,/Users/sarahoualli/Desktop/Casia_Iris_Twins/data/segmentation_daugman/overlays/16__2L__S3162L02.jpg.png
segmentation,S3162L04.jpg,S3162L04,True,/Users/sarahoualli/Desktop/Casia_Iris_Twins/data/segmentation_daugman/overlays/16__2L__S3162L04.jpg.png,/Users/sarahoualli/Desktop/Casia_Iris_Twins/data/segmentation_daugman/overlays/16__2L__S3162L04.jpg.png
segmentation,S3162R09.jpg,S3162R09,True,/Users/sarahoualli/Desktop/Casia_Iris_Twins/data/segmentation_daugman/overlays/16__2R__S3162R09.jpg.png,/Users/sarahoualli/Desktop/Casia_Iris_Twins/data/segmentation_daugman/overlays/16__2R__S3162R09.jpg.png
segmentation,S3162R06.jpg,S3162R06,True,/Users/sarahoualli/Desktop/Casia_Iris_Twins/data/segmentation_daugman/overlays/16__2R__S3162R06.jpg.png,/Users/sarahoualli/Desktop/Casia_Iris_Twins/data/segmentation_daugman/overlays/16__2R__S3162R06.jpg.png
segmentation,S3162R10.jpg,S3162R10,True,/Users/sarahoualli/Desktop/Casia_Iris_Twins/data/segmentation_daugman/overlays/16__2R__S3162R10.jpg.png,/Users/sarahoualli/Desktop/Casia_Iris_Twins/data/segmentation_daugman/overlays/16__2R__S3162R10.jpg.png
segmentation,S3162R08.jpg,S3162R08,True,/Users/sarahoualli/Desktop/Casia_Iris_Twins/data/segmentation_daugman/overlays/16__2R__S3162R08.jpg.png,/Users/sarahoualli/Desktop/Casia_Iris_Twins/data/segmentation_daugman/overlays/16__2R__S3162R08.jpg.png
segmentation,S3162R07.jpg,S3162R07,True,/Users/sarahoualli/Desktop/Casia_Iris_Twins/data/segmentation_daugman/overlays/16__2R__S3162R07.jpg.png,/Users/sarahoualli/Desktop/Casia_Iris_Twins/data/segmentation_daugman/overlays/16__2R__S3162R07.jpg.png
segmentation,S3131L08.jpg,S3131L08,True,/Users/sarahoualli/Desktop/Casia_Iris_Twins/data/segmentation_daugman/overlays/13__1L__S3131L08.jpg.png,/Users/sarahoualli/Desktop/Casia_Iris_Twins/data/segmentation_daugman/overlays/13__1L__S3131L08.jpg.png
segmentation,S3131L10.jpg,S3131L10,True,/Users/sarahoualli/Desktop/Casia_Iris_Twins/data/segmentation_daugman/overlays/13__1L__S3131L10.jpg.png,/Users/sarahoualli/Desktop/Casia_Iris_Twins/data/segmentation_daugman/overlays/13__1L__S3131L10.jpg.png
segmentation,S3131R04.jpg,S3131R04,True,/Users/sarahoualli/Desktop/Casia_Iris_Twins/data/segmentation_daugman/overlays/13__1R__S3131R04.jpg.png,/Users/sarahoualli/Desktop/Casia_Iris_Twins/data/segmentation_daugman/overlays/13__1R__S3131R04.jpg.png
segmentation,S3131R06.jpg,S3131R06,True,/Users/sarahoualli/Desktop/Casia_Iris_Twins/data/segmentation_daugman/overlays/13__1R__S3131R06.jpg.png,/Users/sarahoualli/Desktop/Casia_Iris_Twins/data/segmentation_daugman/overlays/13__1R__S3131R06.jpg.png
segmentation,S3131R05.jpg,S3131R05,True,/Users/sarahoualli/Desktop/Casia_Iris_Twins/data/segmentation_daugman/overlays/13__1R__S3131R05.jpg.png,/Users/sarahoualli/Desktop/Casia_Iris_Twins/data/segmentation_daugman/overlays/13__1R__S3131R05.jpg.png
segmentation,S3131R07.jpg,S3131R07,True,/Users/sarahoualli/Desktop/Casia_Iris_Twins/data/segmentation_daugman/overlays/13__1R__S3131R07.jpg.png,/Users/sarahoualli/Desktop/Casia_Iris_Twins/data/segmentation_daugman/overlays/13__1R__S3131R07.jpg.png
segmentation,S3132L09.jpg,S3132L09,True,/Users/sarahoualli/Desktop/Casia_Iris_Twins/data/segmentation_daugman/overlays/13__2L__S3132L09.jpg.png,/Users/sarahoualli/Desktop/Casia_Iris_Twins/data/segmentation_daugman/overlays/13__2L__S3132L09.jpg.png
segmentation,S3132L08.jpg,S3132L08,True,/Users/sarahoualli/Desktop/Casia_Iris_Twins/data/segmentation_daugman/overlays/13__2L__S3132L08.jpg.png,/Users/sarahoualli/Desktop/Casia_Iris_Twins/data/segmentation_daugman/overlays/13__2L__S3132L08.jpg.png
segmentation,S3132L05.jpg,S3132L05,True,/Users/sarahoualli/Desktop/Casia_Iris_Twins/data/segmentation_daugman/overlays/13__2L__S3132L05.jpg.png,/Users/sarahoualli/Desktop/Casia_Iris_Twins/data/segmentation_daugman/overlays/13__2L__S3132L05.jpg.png
segmentation,S3132L10.jpg,S3132L10,True,/Users/sarahoualli/Desktop/Casia_Iris_Twins/data/segmentation_daugman/overlays/13__2L__S3132L10.jpg.png,/Users/sarahoualli/Desktop/Casia_Iris_Twins/data/segmentation_daugman/overlays/13__2L__S3132L10.jpg.png
segmentation,S3132L04.jpg,S3132L04,True,/Users/sarahoualli/Desktop/Casia_Iris_Twins/data/segmentation_daugman/overlays/13__2L__S3132L04.jpg.png,/Users/sarahoualli/Desktop/Casia_Iris_Twins/data/segmentation_daugman/overlays/13__2L__S3132L04.jpg.png
segmentation,S3132R06.jpg,S3132R06,True,/Users/sarahoualli/Desktop/Casia_Iris_Twins/data/segmentation_daugman/overlays/13__2R__S3132R06.jpg.png,/Users/sarahoualli/Desktop/Casia_Iris_Twins/data/segmentation_daugman/overlays/13__2R__S3132R06.jpg.png
segmentation,S3132R07.jpg,S3132R07,True,/Users/sarahoualli/Desktop/Casia_Iris_Twins/data/segmentation_daugman/overlays/13__2R__S3132R07.jpg.png,/Users/sarahoualli/Desktop/Casia_Iris_Twins/data/segmentation_daugman/overlays/13__2R__S3132R07.jpg.png
segmentation,S3031L06.jpg,S3031L06,True,/Users/sarahoualli/Desktop/Casia_Iris_Twins/data/segmentation_daugman/overlays/03__1L__S3031L06.jpg.png,/Users/sarahoualli/Desktop/Casia_Iris_Twins/data/segmentation_daugman/overlays/03__1L__S3031L06.jpg.png
segmentation,S3031R09.jpg,S3031R09,True,/Users/sarahoualli/Desktop/Casia_Iris_Twins/data/segmentation_daugman/overlays/03__1R__S3031R09.jpg.png,/Users/sarahoualli/Desktop/Casia_Iris_Twins/data/segmentation_daugman/overlays/03__1R__S3031R09.jpg.png
segmentation,S3032L08.jpg,S3032L08,True,/Users/sarahoualli/Desktop/Casia_Iris_Twins/data/segmentation_daugman/overlays/03__2L__S3032L08.jpg.png,/Users/sarahoualli/Desktop/Casia_Iris_Twins/data/segmentation_daugman/overlays/03__2L__S3032L08.jpg.png
segmentation,S3032L10.jpg,S3032L10,True,/Users/sarahoualli/Desktop/Casia_Iris_Twins/data/segmentation_daugman/overlays/03__2L__S3032L10.jpg.png,/Users/sarahoualli/Desktop/Casia_Iris_Twins/data/segmentation_daugman/overlays/03__2L__S3032L10.jpg.png
segmentation,S3032L09.jpg,S3032L09,True,/Users/sarahoualli/Desktop/Casia_Iris_Twins/data/segmentation_daugman/overlays/03__2L__S3032L09.jpg.png,/Users/sarahoualli/Desktop/Casia_Iris_Twins/data/segmentation_daugman/overlays/03__2L__S3032L09.jpg.png
segmentation,S3032L05.jpg,S3032L05,True,/Users/sarahoualli/Desktop/Casia_Iris_Twins/data/segmentation_daugman/overlays/03__2L__S3032L05.jpg.png,/Users/sarahoualli/Desktop/Casia_Iris_Twins/data/segmentation_daugman/overlays/03__2L__S3032L05.jpg.png
segmentation,S3032L06.jpg,S3032L06,True,/Users/sarahoualli/Desktop/Casia_Iris_Twins/data/segmentation_daugman/overlays/03__2L__S3032L06.jpg.png,/Users/sarahoualli/Desktop/Casia_Iris_Twins/data/segmentation_daugman/overlays/03__2L__S3032L06.jpg.png
segmentation,S3032R10.jpg,S3032R10,True,/Users/sarahoualli/Desktop/Casia_Iris_Twins/data/segmentation_daugman/overlays/03__2R__S3032R10.jpg.png,/Users/sarahoualli/Desktop/Casia_Iris_Twins/data/segmentation_daugman/overlays/03__2R__S3032R10.jpg.png
segmentation,S3032R05.jpg,S3032R05,True,/Users/sarahoualli/Desktop/Casia_Iris_Twins/data/segmentation_daugman/overlays/03__2R__S3032R05.jpg.png,/Users/sarahoualli/Desktop/Casia_Iris_Twins/data/segmentation_daugman/overlays/03__2R__S3032R05.jpg.png
segmentation,S3032R04.jpg,S3032R04,True,/Users/sarahoualli/Desktop/Casia_Iris_Twins/data/segmentation_daugman/overlays/03__2R__S3032R04.jpg.png,/Users/sarahoualli/Desktop/Casia_Iris_Twins/data/segmentation_daugman/overlays/03__2R__S3032R04.jpg.png
segmentation,S3032R07.jpg,S3032R07,True,/Users/sarahoualli/Desktop/Casia_Iris_Twins/data/segmentation_daugman/overlays/03__2R__S3032R07.jpg.png,/Users/sarahoualli/Desktop/Casia_Iris_Twins/data/segmentation_daugman/overlays/03__2R__S3032R07.jpg.png
segmentation,S3032R06.jpg,S3032R06,True,/Users/sarahoualli/Desktop/Casia_Iris_Twins/data/segmentation_daugman/overlays/03__2R__S3032R06.jpg.png,/Users/sarahoualli/Desktop/Casia_Iris_Twins/data/segmentation_daugman/overlays/03__2R__S3032R06.jpg.png
segmentation,S3041L03.jpg,S3041L03,True,/Users/sarahoualli/Desktop/Casia_Iris_Twins/data/segmentation_daugman/overlays/04__1L__S3041L03.jpg.png,/Users/sarahoualli/Desktop/Casia_Iris_Twins/data/segmentation_daugman/overlays/04__1L__S3041L03.jpg.png
segmentation,S3041L06.jpg,S3041L06,True,/Users/sarahoualli/Desktop/Casia_Iris_Twins/data/segmentation_daugman/overlays/04__1L__S3041L06.jpg.png,/Users/sarahoualli/Desktop/Casia_Iris_Twins/data/segmentation_daugman/overlays/04__1L__S3041L06.jpg.png
segmentation,S3041L05.jpg,S3041L05,True,/Users/sarahoualli/Desktop/Casia_Iris_Twins/data/segmentation_daugman/overlays/04__1L__S3041L05.jpg.png,/Users/sarahoualli/Desktop/Casia_Iris_Twins/data/segmentation_daugman/overlays/04__1L__S3041L05.jpg.png
segmentation,S3041L04.jpg,S3041L04,True,/Users/sarahoualli/Desktop/Casia_Iris_Twins/data/segmentation_daugman/overlays/04__1L__S3041L04.jpg.png,/Users/sarahoualli/Desktop/Casia_Iris_Twins/data/segmentation_daugman/overlays/04__1L__S3041L04.jpg.png
segmentation,S3041R01.jpg,S3041R01,True,/Users/sarahoualli/Desktop/Casia_Iris_Twins/data/segmentation_daugman/overlays/04__1R__S3041R01.jpg.png,/Users/sarahoualli/Desktop/Casia_Iris_Twins/data/segmentation_daugman/overlays/04__1R__S3041R01.jpg.png
segmentation,S3042L08.jpg,S3042L08,True,/Users/sarahoualli/Desktop/Casia_Iris_Twins/data/segmentation_daugman/overlays/04__2L__S3042L08.jpg.png,/Users/sarahoualli/Desktop/Casia_Iris_Twins/data/segmentation_daugman/overlays/04__2L__S3042L08.jpg.png
segmentation,S3042R07.jpg,S3042R07,True,/Users/sarahoualli/Desktop/Casia_Iris_Twins/data/segmentation_daugman/overlays/04__2R__S3042R07.jpg.png,/Users/sarahoualli/Desktop/Casia_Iris_Twins/data/segmentation_daugman/overlays/04__2R__S3042R07.jpg.png
segmentation,S3042R08.jpg,S3042R08,True,/Users/sarahoualli/Desktop/Casia_Iris_Twins/data/segmentation_daugman/overlays/04__2R__S3042R08.jpg.png,/Users/sarahoualli/Desktop/Casia_Iris_Twins/data/segmentation_daugman/overlays/04__2R__S3042R08.jpg.png
segmentation,S3002L02.jpg,S3002L02,True,/Users/sarahoualli/Desktop/Casia_Iris_Twins/data/segmentation_daugman/overlays/00__2L__S3002L02.jpg.png,/Users/sarahoualli/Desktop/Casia_Iris_Twins/data/segmentation_daugman/overlays/00__2L__S3002L02.jpg.png
segmentation,S3082R05.jpg,S3082R05,True,/Users/sarahoualli/Desktop/Casia_Iris_Twins/data/segmentation_daugman/overlays/08__2R__S3082R05.jpg.png,/Users/sarahoualli/Desktop/Casia_Iris_Twins/data/segmentation_daugman/overlays/08__2R__S3082R05.jpg.png
segmentation,S3082R02.jpg,S3082R02,True,/Users/sarahoualli/Desktop/Casia_Iris_Twins/data/segmentation_daugman/overlays/08__2R__S3082R02.jpg.png,/Users/sarahoualli/Desktop/Casia_Iris_Twins/data/segmentation_daugman/overlays/08__2R__S3082R02.jpg.png
segmentation,S3082R06.jpg,S3082R06,True,/Users/sarahoualli/Desktop/Casia_Iris_Twins/data/segmentation_daugman/overlays/08__2R__S3082R06.jpg.png,/Users/sarahoualli/Desktop/Casia_Iris_Twins/data/segmentation_daugman/overlays/08__2R__S3082R06.jpg.png
segmentation,S3082R01.jpg,S3082R01,True,/Users/sarahoualli/Desktop/Casia_Iris_Twins/data/segmentation_daugman/overlays/08__2R__S3082R01.jpg.png,/Users/sarahoualli/Desktop/Casia_Iris_Twins/data/segmentation_daugman/overlays/08__2R__S3082R01.jpg.png
segmentation,S3082R04.jpg,S3082R04,True,/Users/sarahoualli/Desktop/Casia_Iris_Twins/data/segmentation_daugman/overlays/08__2R__S3082R04.jpg.png,/Users/sarahoualli/Desktop/Casia_Iris_Twins/data/segmentation_daugman/overlays/08__2R__S3082R04.jpg.png
segmentation,S3061L03.jpg,S3061L03,True,/Users/sarahoualli/Desktop/Casia_Iris_Twins/data/segmentation_daugman/overlays/06__1L__S3061L03.jpg.png,/Users/sarahoualli/Desktop/Casia_Iris_Twins/data/segmentation_daugman/overlays/06__1L__S3061L03.jpg.png
segmentation,S3061L02.jpg,S3061L02,True,/Users/sarahoualli/Desktop/Casia_Iris_Twins/data/segmentation_daugman/overlays/06__1L__S3061L02.jpg.png,/Users/sarahoualli/Desktop/Casia_Iris_Twins/data/segmentation_daugman/overlays/06__1L__S3061L02.jpg.png
segmentation,S3061R01.jpg,S3061R01,True,/Users/sarahoualli/Desktop/Casia_Iris_Twins/data/segmentation_daugman/overlays/06__1R__S3061R01.jpg.png,/Users/sarahoualli/Desktop/Casia_Iris_Twins/data/segmentation_daugman/overlays/06__1R__S3061R01.jpg.png
segmentation,S3061R04.jpg,S3061R04,True,/Users/sarahoualli/Desktop/Casia_Iris_Twins/data/segmentation_daugman/overlays/06__1R__S3061R04.jpg.png,/Users/sarahoualli/Desktop/Casia_Iris_Twins/data/segmentation_daugman/overlays/06__1R__S3061R04.jpg.png
segmentation,S3061R07.jpg,S3061R07,True,/Users/sarahoualli/Desktop/Casia_Iris_Twins/data/segmentation_daugman/overlays/06__1R__S3061R07.jpg.png,/Users/sarahoualli/Desktop/Casia_Iris_Twins/data/segmentation_daugman/overlays/06__1R__S3061R07.jpg.png
segmentation,S3061R08.jpg,S3061R08,True,/Users/sarahoualli/Desktop/Casia_Iris_Twins/data/segmentation_daugman/overlays/06__1R__S3061R08.jpg.png,/Users/sarahoualli/Desktop/Casia_Iris_Twins/data/segmentation_daugman/overlays/06__1R__S3061R08.jpg.png
segmentation,S3062L03.jpg,S3062L03,True,/Users/sarahoualli/Desktop/Casia_Iris_Twins/data/segmentation_daugman/overlays/06__2L__S3062L03.jpg.png,/Users/sarahoualli/Desktop/Casia_Iris_Twins/data/segmentation_daugman/overlays/06__2L__S3062L03.jpg.png
segmentation,S3062L05.jpg,S3062L05,True,/Users/sarahoualli/Desktop/Casia_Iris_Twins/data/segmentation_daugman/overlays/06__2L__S3062L05.jpg.png,/Users/sarahoualli/Desktop/Casia_Iris_Twins/data/segmentation_daugman/overlays/06__2L__S3062L05.jpg.png
segmentation,S3062L07.jpg,S3062L07,True,/Users/sarahoualli/Desktop/Casia_Iris_Twins/data/segmentation_daugman/overlays/06__2L__S3062L07.jpg.png,/Users/sarahoualli/Desktop/Casia_Iris_Twins/data/segmentation_daugman/overlays/06__2L__S3062L07.jpg.png
segmentation,S3062L06.jpg,S3062L06,True,/Users/sarahoualli/Desktop/Casia_Iris_Twins/data/segmentation_daugman/overlays/06__2L__S3062L06.jpg.png,/Users/sarahoualli/Desktop/Casia_Iris_Twins/data/segmentation_daugman/overlays/06__2L__S3062L06.jpg.png
segmentation,S3062L04.jpg,S3062L04,True,/Users/sarahoualli/Desktop/Casia_Iris_Twins/data/segmentation_daugman/overlays/06__2L__S3062L04.jpg.png,/Users/sarahoualli/Desktop/Casia_Iris_Twins/data/segmentation_daugman/overlays/06__2L__S3062L04.jpg.png
segmentation,S3062R02.jpg,S3062R02,True,/Users/sarahoualli/Desktop/Casia_Iris_Twins/data/segmentation_daugman/overlays/06__2R__S3062R02.jpg.png,/Users/sarahoualli/Desktop/Casia_Iris_Twins/data/segmentation_daugman/overlays/06__2R__S3062R02.jpg.png
segmentation,S3062R09.jpg,S3062R09,True,/Users/sarahoualli/Desktop/Casia_Iris_Twins/data/segmentation_daugman/overlays/06__2R__S3062R09.jpg.png,/Users/sarahoualli/Desktop/Casia_Iris_Twins/data/segmentation_daugman/overlays/06__2R__S3062R09.jpg.png
segmentation,S3062R10.jpg,S3062R10,True,/Users/sarahoualli/Desktop/Casia_Iris_Twins/data/segmentation_daugman/overlays/06__2R__S3062R10.jpg.png,/Users/sarahoualli/Desktop/Casia_Iris_Twins/data/segmentation_daugman/overlays/06__2R__S3062R10.jpg.png
segmentation,S3062R07.jpg,S3062R07,True,/Users/sarahoualli/Desktop/Casia_Iris_Twins/data/segmentation_daugman/overlays/06__2R__S3062R07.jpg.png,/Users/sarahoualli/Desktop/Casia_Iris_Twins/data/segmentation_daugman/overlays/06__2R__S3062R07.jpg.png
segmentation,S3062R08.jpg,S3062R08,True,/Users/sarahoualli/Desktop/Casia_Iris_Twins/data/segmentation_daugman/overlays/06__2R__S3062R08.jpg.png,/Users/sarahoualli/Desktop/Casia_Iris_Twins/data/segmentation_daugman/overlays/06__2R__S3062R08.jpg.png
segmentation,S3021L04.jpg,S3021L04,True,/Users/sarahoualli/Desktop/Casia_Iris_Twins/data/segmentation_daugman/overlays/02__1L__S3021L04.jpg.png,/Users/sarahoualli/Desktop/Casia_Iris_Twins/data/segmentation_daugman/overlays/02__1L__S3021L04.jpg.png
segmentation,S3021L03.jpg,S3021L03,True,/Users/sarahoualli/Desktop/Casia_Iris_Twins/data/segmentation_daugman/overlays/02__1L__S3021L03.jpg.png,/Users/sarahoualli/Desktop/Casia_Iris_Twins/data/segmentation_daugman/overlays/02__1L__S3021L03.jpg.png
segmentation,S3021L06.jpg,S3021L06,True,/Users/sarahoualli/Desktop/Casia_Iris_Twins/data/segmentation_daugman/overlays/02__1L__S3021L06.jpg.png,/Users/sarahoualli/Desktop/Casia_Iris_Twins/data/segmentation_daugman/overlays/02__1L__S3021L06.jpg.png
segmentation,S3021L02.jpg,S3021L02,True,/Users/sarahoualli/Desktop/Casia_Iris_Twins/data/segmentation_daugman/overlays/02__1L__S3021L02.jpg.png,/Users/sarahoualli/Desktop/Casia_Iris_Twins/data/segmentation_daugman/overlays/02__1L__S3021L02.jpg.png
segmentation,S3021L01.jpg,S3021L01,True,/Users/sarahoualli/Desktop/Casia_Iris_Twins/data/segmentation_daugman/overlays/02__1L__S3021L01.jpg.png,/Users/sarahoualli/Desktop/Casia_Iris_Twins/data/segmentation_daugman/overlays/02__1L__S3021L01.jpg.png
segmentation,S3021R09.jpg,S3021R09,True,/Users/sarahoualli/Desktop/Casia_Iris_Twins/data/segmentation_daugman/overlays/02__1R__S3021R09.jpg.png,/Users/sarahoualli/Desktop/Casia_Iris_Twins/data/segmentation_daugman/overlays/02__1R__S3021R09.jpg.png
segmentation,S3021R01.jpg,S3021R01,True,/Users/sarahoualli/Desktop/Casia_Iris_Twins/data/segmentation_daugman/overlays/02__1R__S3021R01.jpg.png,/Users/sarahoualli/Desktop/Casia_Iris_Twins/data/segmentation_daugman/overlays/02__1R__S3021R01.jpg.png
segmentation,S3021R02.jpg,S3021R02,True,/Users/sarahoualli/Desktop/Casia_Iris_Twins/data/segmentation_daugman/overlays/02__1R__S3021R02.jpg.png,/Users/sarahoualli/Desktop/Casia_Iris_Twins/data/segmentation_daugman/overlays/02__1R__S3021R02.jpg.png
segmentation,S3021R07.jpg,S3021R07,True,/Users/sarahoualli/Desktop/Casia_Iris_Twins/data/segmentation_daugman/overlays/02__1R__S3021R07.jpg.png,/Users/sarahoualli/Desktop/Casia_Iris_Twins/data/segmentation_daugman/overlays/02__1R__S3021R07.jpg.png
segmentation,S3021R06.jpg,S3021R06,True,/Users/sarahoualli/Desktop/Casia_Iris_Twins/data/segmentation_daugman/overlays/02__1R__S3021R06.jpg.png,/Users/sarahoualli/Desktop/Casia_Iris_Twins/data/segmentation_daugman/overlays/02__1R__S3021R06.jpg.png
segmentation,S3022L01.jpg,S3022L01,True,/Users/sarahoualli/Desktop/Casia_Iris_Twins/data/segmentation_daugman/overlays/02__2L__S3022L01.jpg.png,/Users/sarahoualli/Desktop/Casia_Iris_Twins/data/segmentation_daugman/overlays/02__2L__S3022L01.jpg.png
segmentation,S3022R01.jpg,S3022R01,True,/Users/sarahoualli/Desktop/Casia_Iris_Twins/data/segmentation_daugman/overlays/02__2R__S3022R01.jpg.png,/Users/sarahoualli/Desktop/Casia_Iris_Twins/data/segmentation_daugman/overlays/02__2R__S3022R01.jpg.png
segmentation,S3022R02.jpg,S3022R02,True,/Users/sarahoualli/Desktop/Casia_Iris_Twins/data/segmentation_daugman/overlays/02__2R__S3022R02.jpg.png,/Users/sarahoualli/Desktop/Casia_Iris_Twins/data/segmentation_daugman/overlays/02__2R__S3022R02.jpg.png
segmentation,S3101L08.jpg,S3101L08,True,/Users/sarahoualli/Desktop/Casia_Iris_Twins/data/segmentation_daugman/overlays/10__1L__S3101L08.jpg.png,/Users/sarahoualli/Desktop/Casia_Iris_Twins/data/segmentation_daugman/overlays/10__1L__S3101L08.jpg.png
segmentation,S3101L04.jpg,S3101L04,True,/Users/sarahoualli/Desktop/Casia_Iris_Twins/data/segmentation_daugman/overlays/10__1L__S3101L04.jpg.png,/Users/sarahoualli/Desktop/Casia_Iris_Twins/data/segmentation_daugman/overlays/10__1L__S3101L04.jpg.png
segmentation,S3101L02.jpg,S3101L02,True,/Users/sarahoualli/Desktop/Casia_Iris_Twins/data/segmentation_daugman/overlays/10__1L__S3101L02.jpg.png,/Users/sarahoualli/Desktop/Casia_Iris_Twins/data/segmentation_daugman/overlays/10__1L__S3101L02.jpg.png
segmentation,S3101L09.jpg,S3101L09,True,/Users/sarahoualli/Desktop/Casia_Iris_Twins/data/segmentation_daugman/overlays/10__1L__S3101L09.jpg.png,/Users/sarahoualli/Desktop/Casia_Iris_Twins/data/segmentation_daugman/overlays/10__1L__S3101L09.jpg.png
segmentation,S3101L10.jpg,S3101L10,True,/Users/sarahoualli/Desktop/Casia_Iris_Twins/data/segmentation_daugman/overlays/10__1L__S3101L10.jpg.png,/Users/sarahoualli/Desktop/Casia_Iris_Twins/data/segmentation_daugman/overlays/10__1L__S3101L10.jpg.png
segmentation,S3101R07.jpg,S3101R07,True,/Users/sarahoualli/Desktop/Casia_Iris_Twins/data/segmentation_daugman/overlays/10__1R__S3101R07.jpg.png,/Users/sarahoualli/Desktop/Casia_Iris_Twins/data/segmentation_daugman/overlays/10__1R__S3101R07.jpg.png
segmentation,S3101R04.jpg,S3101R04,True,/Users/sarahoualli/Desktop/Casia_Iris_Twins/data/segmentation_daugman/overlays/10__1R__S3101R04.jpg.png,/Users/sarahoualli/Desktop/Casia_Iris_Twins/data/segmentation_daugman/overlays/10__1R__S3101R04.jpg.png
segmentation,S3101R03.jpg,S3101R03,True,/Users/sarahoualli/Desktop/Casia_Iris_Twins/data/segmentation_daugman/overlays/10__1R__S3101R03.jpg.png,/Users/sarahoualli/Desktop/Casia_Iris_Twins/data/segmentation_daugman/overlays/10__1R__S3101R03.jpg.png
segmentation,S3101R02.jpg,S3101R02,True,/Users/sarahoualli/Desktop/Casia_Iris_Twins/data/segmentation_daugman/overlays/10__1R__S3101R02.jpg.png,/Users/sarahoualli/Desktop/Casia_Iris_Twins/data/segmentation_daugman/overlays/10__1R__S3101R02.jpg.png
segmentation,S3101R05.jpg,S3101R05,True,/Users/sarahoualli/Desktop/Casia_Iris_Twins/data/segmentation_daugman/overlays/10__1R__S3101R05.jpg.png,/Users/sarahoualli/Desktop/Casia_Iris_Twins/data/segmentation_daugman/overlays/10__1R__S3101R05.jpg.png
segmentation,S3102L10.jpg,S3102L10,True,/Users/sarahoualli/Desktop/Casia_Iris_Twins/data/segmentation_daugman/overlays/10__2L__S3102L10.jpg.png,/Users/sarahoualli/Desktop/Casia_Iris_Twins/data/segmentation_daugman/overlays/10__2L__S3102L10.jpg.png
segmentation,S3102L09.jpg,S3102L09,True,/Users/sarahoualli/Desktop/Casia_Iris_Twins/data/segmentation_daugman/overlays/10__2L__S3102L09.jpg.png,/Users/sarahoualli/Desktop/Casia_Iris_Twins/data/segmentation_daugman/overlays/10__2L__S3102L09.jpg.png
segmentation,S3102L01.jpg,S3102L01,True,/Users/sarahoualli/Desktop/Casia_Iris_Twins/data/segmentation_daugman/overlays/10__2L__S3102L01.jpg.png,/Users/sarahoualli/Desktop/Casia_Iris_Twins/data/segmentation_daugman/overlays/10__2L__S3102L01.jpg.png
segmentation,S3102L07.jpg,S3102L07,True,/Users/sarahoualli/Desktop/Casia_Iris_Twins/data/segmentation_daugman/overlays/10__2L__S3102L07.jpg.png,/Users/sarahoualli/Desktop/Casia_Iris_Twins/data/segmentation_daugman/overlays/10__2L__S3102L07.jpg.png
segmentation,S3102L06.jpg,S3102L06,True,/Users/sarahoualli/Desktop/Casia_Iris_Twins/data/segmentation_daugman/overlays/10__2L__S3102L06.jpg.png,/Users/sarahoualli/Desktop/Casia_Iris_Twins/data/segmentation_daugman/overlays/10__2L__S3102L06.jpg.png
segmentation,S3102R07.jpg,S3102R07,True,/Users/sarahoualli/Desktop/Casia_Iris_Twins/data/segmentation_daugman/overlays/10__2R__S3102R07.jpg.png,/Users/sarahoualli/Desktop/Casia_Iris_Twins/data/segmentation_daugman/overlays/10__2R__S3102R07.jpg.png
segmentation,S3102R08.jpg,S3102R08,True,/Users/sarahoualli/Desktop/Casia_Iris_Twins/data/segmentation_daugman/overlays/10__2R__S3102R08.jpg.png,/Users/sarahoualli/Desktop/Casia_Iris_Twins/data/segmentation_daugman/overlays/10__2R__S3102R08.jpg.png
segmentation,S3102R02.jpg,S3102R02,True,/Users/sarahoualli/Desktop/Casia_Iris_Twins/data/segmentation_daugman/overlays/10__2R__S3102R02.jpg.png,/Users/sarahoualli/Desktop/Casia_Iris_Twins/data/segmentation_daugman/overlays/10__2R__S3102R02.jpg.png
segmentation,S3102R06.jpg,S3102R06,True,/Users/sarahoualli/Desktop/Casia_Iris_Twins/data/segmentation_daugman/overlays/10__2R__S3102R06.jpg.png,/Users/sarahoualli/Desktop/Casia_Iris_Twins/data/segmentation_daugman/overlays/10__2R__S3102R06.jpg.png
segmentation,S3102R09.jpg,S3102R09,True,/Users/sarahoualli/Desktop/Casia_Iris_Twins/data/segmentation_daugman/overlays/10__2R__S3102R09.jpg.png,/Users/sarahoualli/Desktop/Casia_Iris_Twins/data/segmentation_daugman/overlays/10__2R__S3102R09.jpg.png
segmentation,S3151L06.jpg,S3151L06,True,/Users/sarahoualli/Desktop/Casia_Iris_Twins/data/segmentation_daugman/overlays/15__1L__S3151L06.jpg.png,/Users/sarahoualli/Desktop/Casia_Iris_Twins/data/segmentation_daugman/overlays/15__1L__S3151L06.jpg.png
segmentation,S3151L04.jpg,S3151L04,True,/Users/sarahoualli/Desktop/Casia_Iris_Twins/data/segmentation_daugman/overlays/15__1L__S3151L04.jpg.png,/Users/sarahoualli/Desktop/Casia_Iris_Twins/data/segmentation_daugman/overlays/15__1L__S3151L04.jpg.png
segmentation,S3151L03.jpg,S3151L03,True,/Users/sarahoualli/Desktop/Casia_Iris_Twins/data/segmentation_daugman/overlays/15__1L__S3151L03.jpg.png,/Users/sarahoualli/Desktop/Casia_Iris_Twins/data/segmentation_daugman/overlays/15__1L__S3151L03.jpg.png
segmentation,S3151L05.jpg,S3151L05,True,/Users/sarahoualli/Desktop/Casia_Iris_Twins/data/segmentation_daugman/overlays/15__1L__S3151L05.jpg.png,/Users/sarahoualli/Desktop/Casia_Iris_Twins/data/segmentation_daugman/overlays/15__1L__S3151L05.jpg.png
segmentation,S3151L07.jpg,S3151L07,True,/Users/sarahoualli/Desktop/Casia_Iris_Twins/data/segmentation_daugman/overlays/15__1L__S3151L07.jpg.png,/Users/sarahoualli/Desktop/Casia_Iris_Twins/data/segmentation_daugman/overlays/15__1L__S3151L07.jpg.png
segmentation,S3151R03.jpg,S3151R03,True,/Users/sarahoualli/Desktop/Casia_Iris_Twins/data/segmentation_daugman/overlays/15__1R__S3151R03.jpg.png,/Users/sarahoualli/Desktop/Casia_Iris_Twins/data/segmentation_daugman/overlays/15__1R__S3151R03.jpg.png
segmentation,S3151R01.jpg,S3151R01,True,/Users/sarahoualli/Desktop/Casia_Iris_Twins/data/segmentation_daugman/overlays/15__1R__S3151R01.jpg.png,/Users/sarahoualli/Desktop/Casia_Iris_Twins/data/segmentation_daugman/overlays/15__1R__S3151R01.jpg.png
segmentation,S3151R02.jpg,S3151R02,True,/Users/sarahoualli/Desktop/Casia_Iris_Twins/data/segmentation_daugman/overlays/15__1R__S3151R02.jpg.png,/Users/sarahoualli/Desktop/Casia_Iris_Twins/data/segmentation_daugman/overlays/15__1R__S3151R02.jpg.png
segmentation,S3152R04.jpg,S3152R04,True,/Users/sarahoualli/Desktop/Casia_Iris_Twins/data/segmentation_daugman/overlays/15__2R__S3152R04.jpg.png,/Users/sarahoualli/Desktop/Casia_Iris_Twins/data/segmentation_daugman/overlays/15__2R__S3152R04.jpg.png
segmentation,S3152R03.jpg,S3152R03,True,/Users/sarahoualli/Desktop/Casia_Iris_Twins/data/segmentation_daugman/overlays/15__2R__S3152R03.jpg.png,/Users/sarahoualli/Desktop/Casia_Iris_Twins/data/segmentation_daugman/overlays/15__2R__S3152R03.jpg.png
segmentation,S3152R02.jpg,S3152R02,True,/Users/sarahoualli/Desktop/Casia_Iris_Twins/data/segmentation_daugman/overlays/15__2R__S3152R02.jpg.png,/Users/sarahoualli/Desktop/Casia_Iris_Twins/data/segmentation_daugman/overlays/15__2R__S3152R02.jpg.png
segmentation,S3152R07.jpg,S3152R07,True,/Users/sarahoualli/Desktop/Casia_Iris_Twins/data/segmentation_daugman/overlays/15__2R__S3152R07.jpg.png,/Users/sarahoualli/Desktop/Casia_Iris_Twins/data/segmentation_daugman/overlays/15__2R__S3152R07.jpg.png
segmentation,S3181R04.jpg,S3181R04,True,/Users/sarahoualli/Desktop/Casia_Iris_Twins/data/segmentation_daugman/overlays/18__1R__S3181R04.jpg.png,/Users/sarahoualli/Desktop/Casia_Iris_Twins/data/segmentation_daugman/overlays/18__1R__S3181R04.jpg.png
segmentation,S3181R05.jpg,S3181R05,True,/Users/sarahoualli/Desktop/Casia_Iris_Twins/data/segmentation_daugman/overlays/18__1R__S3181R05.jpg.png,/Users/sarahoualli/Desktop/Casia_Iris_Twins/data/segmentation_daugman/overlays/18__1R__S3181R05.jpg.png
segmentation,S3182L01.jpg,S3182L01,True,/Users/sarahoualli/Desktop/Casia_Iris_Twins/data/segmentation_daugman/overlays/18__2L__S3182L01.jpg.png,/Users/sarahoualli/Desktop/Casia_Iris_Twins/data/segmentation_daugman/overlays/18__2L__S3182L01.jpg.png
segmentation,S3182R05.jpg,S3182R05,True,/Users/sarahoualli/Desktop/Casia_Iris_Twins/data/segmentation_daugman/overlays/18__2R__S3182R05.jpg.png,/Users/sarahoualli/Desktop/Casia_Iris_Twins/data/segmentation_daugman/overlays/18__2R__S3182R05.jpg.png
segmentation,S3182R06.jpg,S3182R06,True,/Users/sarahoualli/Desktop/Casia_Iris_Twins/data/segmentation_daugman/overlays/18__2R__S3182R06.jpg.png,/Users/sarahoualli/Desktop/Casia_Iris_Twins/data/segmentation_daugman/overlays/18__2R__S3182R06.jpg.png
segmentation,S3182R04.jpg,S3182R04,True,/Users/sarahoualli/Desktop/Casia_Iris_Twins/data/segmentation_daugman/overlays/18__2R__S3182R04.jpg.png,/Users/sarahoualli/Desktop/Casia_Iris_Twins/data/segmentation_daugman/overlays/18__2R__S3182R04.jpg.png
segmentation,S3182R03.jpg,S3182R03,True,/Users/sarahoualli/Desktop/Casia_Iris_Twins/data/segmentation_daugman/overlays/18__2R__S3182R03.jpg.png,/Users/sarahoualli/Desktop/Casia_Iris_Twins/data/segmentation_daugman/overlays/18__2R__S3182R03.jpg.png
segmentation,S3182R07.jpg,S3182R07,True,/Users/sarahoualli/Desktop/Casia_Iris_Twins/data/segmentation_daugman/overlays/18__2R__S3182R07.jpg.png,/Users/sarahoualli/Desktop/Casia_Iris_Twins/data/segmentation_daugman/overlays/18__2R__S3182R07.jpg.png
segmentation,S3141L03.jpg,S3141L03,True,/Users/sarahoualli/Desktop/Casia_Iris_Twins/data/segmentation_daugman/overlays/14__1L__S3141L03.jpg.png,/Users/sarahoualli/Desktop/Casia_Iris_Twins/data/segmentation_daugman/overlays/14__1L__S3141L03.jpg.png
segmentation,S3141R07.jpg,S3141R07,True,/Users/sarahoualli/Desktop/Casia_Iris_Twins/data/segmentation_daugman/overlays/14__1R__S3141R07.jpg.png,/Users/sarahoualli/Desktop/Casia_Iris_Twins/data/segmentation_daugman/overlays/14__1R__S3141R07.jpg.png
segmentation,S3141R10.jpg,S3141R10,True,/Users/sarahoualli/Desktop/Casia_Iris_Twins/data/segmentation_daugman/overlays/14__1R__S3141R10.jpg.png,/Users/sarahoualli/Desktop/Casia_Iris_Twins/data/segmentation_daugman/overlays/14__1R__S3141R10.jpg.png
segmentation,S3141R04.jpg,S3141R04,True,/Users/sarahoualli/Desktop/Casia_Iris_Twins/data/segmentation_daugman/overlays/14__1R__S3141R04.jpg.png,/Users/sarahoualli/Desktop/Casia_Iris_Twins/data/segmentation_daugman/overlays/14__1R__S3141R04.jpg.png
segmentation,S3141R06.jpg,S3141R06,True,/Users/sarahoualli/Desktop/Casia_Iris_Twins/data/segmentation_daugman/overlays/14__1R__S3141R06.jpg.png,/Users/sarahoualli/Desktop/Casia_Iris_Twins/data/segmentation_daugman/overlays/14__1R__S3141R06.jpg.png
segmentation,S3142L03.jpg,S3142L03,True,/Users/sarahoualli/Desktop/Casia_Iris_Twins/data/segmentation_daugman/overlays/14__2L__S3142L03.jpg.png,/Users/sarahoualli/Desktop/Casia_Iris_Twins/data/segmentation_daugman/overlays/14__2L__S3142L03.jpg.png
segmentation,S3142L02.jpg,S3142L02,True,/Users/sarahoualli/Desktop/Casia_Iris_Twins/data/segmentation_daugman/overlays/14__2L__S3142L02.jpg.png,/Users/sarahoualli/Desktop/Casia_Iris_Twins/data/segmentation_daugman/overlays/14__2L__S3142L02.jpg.png
segmentation,S3142L04.jpg,S3142L04,True,/Users/sarahoualli/Desktop/Casia_Iris_Twins/data/segmentation_daugman/overlays/14__2L__S3142L04.jpg.png,/Users/sarahoualli/Desktop/Casia_Iris_Twins/data/segmentation_daugman/overlays/14__2L__S3142L04.jpg.png
segmentation,S3142L07.jpg,S3142L07,True,/Users/sarahoualli/Desktop/Casia_Iris_Twins/data/segmentation_daugman/overlays/14__2L__S3142L07.jpg.png,/Users/sarahoualli/Desktop/Casia_Iris_Twins/data/segmentation_daugman/overlays/14__2L__S3142L07.jpg.png
segmentation,S3142R08.jpg,S3142R08,True,/Users/sarahoualli/Desktop/Casia_Iris_Twins/data/segmentation_daugman/overlays/14__2R__S3142R08.jpg.png,/Users/sarahoualli/Desktop/Casia_Iris_Twins/data/segmentation_daugman/overlays/14__2R__S3142R08.jpg.png
segmentation,S3142R07.jpg,S3142R07,True,/Users/sarahoualli/Desktop/Casia_Iris_Twins/data/segmentation_daugman/overlays/14__2R__S3142R07.jpg.png,/Users/sarahoualli/Desktop/Casia_Iris_Twins/data/segmentation_daugman/overlays/14__2R__S3142R07.jpg.png
segmentation,S3142R10.jpg,S3142R10,True,/Users/sarahoualli/Desktop/Casia_Iris_Twins/data/segmentation_daugman/overlays/14__2R__S3142R10.jpg.png,/Users/sarahoualli/Desktop/Casia_Iris_Twins/data/segmentation_daugman/overlays/14__2R__S3142R10.jpg.png
segmentation,S3142R09.jpg,S3142R09,True,/Users/sarahoualli/Desktop/Casia_Iris_Twins/data/segmentation_daugman/overlays/14__2R__S3142R09.jpg.png,/Users/sarahoualli/Desktop/Casia_Iris_Twins/data/segmentation_daugman/overlays/14__2R__S3142R09.jpg.png
segmentation,S3121L03.jpg,S3121L03,True,/Users/sarahoualli/Desktop/Casia_Iris_Twins/data/segmentation_daugman/overlays/12__1L__S3121L03.jpg.png,/Users/sarahoualli/Desktop/Casia_Iris_Twins/data/segmentation_daugman/overlays/12__1L__S3121L03.jpg.png
segmentation,S3121L02.jpg,S3121L02,True,/Users/sarahoualli/Desktop/Casia_Iris_Twins/data/segmentation_daugman/overlays/12__1L__S3121L02.jpg.png,/Users/sarahoualli/Desktop/Casia_Iris_Twins/data/segmentation_daugman/overlays/12__1L__S3121L02.jpg.png
segmentation,S3121L01.jpg,S3121L01,True,/Users/sarahoualli/Desktop/Casia_Iris_Twins/data/segmentation_daugman/overlays/12__1L__S3121L01.jpg.png,/Users/sarahoualli/Desktop/Casia_Iris_Twins/data/segmentation_daugman/overlays/12__1L__S3121L01.jpg.png
segmentation,S3121R04.jpg,S3121R04,True,/Users/sarahoualli/Desktop/Casia_Iris_Twins/data/segmentation_daugman/overlays/12__1R__S3121R04.jpg.png,/Users/sarahoualli/Desktop/Casia_Iris_Twins/data/segmentation_daugman/overlays/12__1R__S3121R04.jpg.png
segmentation,S3121R02.jpg,S3121R02,True,/Users/sarahoualli/Desktop/Casia_Iris_Twins/data/segmentation_daugman/overlays/12__1R__S3121R02.jpg.png,/Users/sarahoualli/Desktop/Casia_Iris_Twins/data/segmentation_daugman/overlays/12__1R__S3121R02.jpg.png
segmentation,S3121R01.jpg,S3121R01,True,/Users/sarahoualli/Desktop/Casia_Iris_Twins/data/segmentation_daugman/overlays/12__1R__S3121R01.jpg.png,/Users/sarahoualli/Desktop/Casia_Iris_Twins/data/segmentation_daugman/overlays/12__1R__S3121R01.jpg.png
segmentation,S3121R08.jpg,S3121R08,True,/Users/sarahoualli/Desktop/Casia_Iris_Twins/data/segmentation_daugman/overlays/12__1R__S3121R08.jpg.png,/Users/sarahoualli/Desktop/Casia_Iris_Twins/data/segmentation_daugman/overlays/12__1R__S3121R08.jpg.png
segmentation,S3121R07.jpg,S3121R07,True,/Users/sarahoualli/Desktop/Casia_Iris_Twins/data/segmentation_daugman/overlays/12__1R__S3121R07.jpg.png,/Users/sarahoualli/Desktop/Casia_Iris_Twins/data/segmentation_daugman/overlays/12__1R__S3121R07.jpg.png
segmentation,S3122L09.jpg,S3122L09,True,/Users/sarahoualli/Desktop/Casia_Iris_Twins/data/segmentation_daugman/overlays/12__2L__S3122L09.jpg.png,/Users/sarahoualli/Desktop/Casia_Iris_Twins/data/segmentation_daugman/overlays/12__2L__S3122L09.jpg.png
segmentation,S3122L07.jpg,S3122L07,True,/Users/sarahoualli/Desktop/Casia_Iris_Twins/data/segmentation_daugman/overlays/12__2L__S3122L07.jpg.png,/Users/sarahoualli/Desktop/Casia_Iris_Twins/data/segmentation_daugman/overlays/12__2L__S3122L07.jpg.png
segmentation,S3122L10.jpg,S3122L10,True,/Users/sarahoualli/Desktop/Casia_Iris_Twins/data/segmentation_daugman/overlays/12__2L__S3122L10.jpg.png,/Users/sarahoualli/Desktop/Casia_Iris_Twins/data/segmentation_daugman/overlays/12__2L__S3122L10.jpg.png
segmentation,S3122L01.jpg,S3122L01,True,/Users/sarahoualli/Desktop/Casia_Iris_Twins/data/segmentation_daugman/overlays/12__2L__S3122L01.jpg.png,/Users/sarahoualli/Desktop/Casia_Iris_Twins/data/segmentation_daugman/overlays/12__2L__S3122L01.jpg.png
segmentation,S3122L05.jpg,S3122L05,True,/Users/sarahoualli/Desktop/Casia_Iris_Twins/data/segmentation_daugman/overlays/12__2L__S3122L05.jpg.png,/Users/sarahoualli/Desktop/Casia_Iris_Twins/data/segmentation_daugman/overlays/12__2L__S3122L05.jpg.png
segmentation,S3122R02.jpg,S3122R02,True,/Users/sarahoualli/Desktop/Casia_Iris_Twins/data/segmentation_daugman/overlays/12__2R__S3122R02.jpg.png,/Users/sarahoualli/Desktop/Casia_Iris_Twins/data/segmentation_daugman/overlays/12__2R__S3122R02.jpg.png
segmentation,S3122R04.jpg,S3122R04,True,/Users/sarahoualli/Desktop/Casia_Iris_Twins/data/segmentation_daugman/overlays/12__2R__S3122R04.jpg.png,/Users/sarahoualli/Desktop/Casia_Iris_Twins/data/segmentation_daugman/overlays/12__2R__S3122R04.jpg.png
segmentation,S3122R03.jpg,S3122R03,True,/Users/sarahoualli/Desktop/Casia_Iris_Twins/data/segmentation_daugman/overlays/12__2R__S3122R03.jpg.png,/Users/sarahoualli/Desktop/Casia_Iris_Twins/data/segmentation_daugman/overlays/12__2R__S3122R03.jpg.png
segmentation,S3122R01.jpg,S3122R01,True,/Users/sarahoualli/Desktop/Casia_Iris_Twins/data/segmentation_daugman/overlays/12__2R__S3122R01.jpg.png,/Users/sarahoualli/Desktop/Casia_Iris_Twins/data/segmentation_daugman/overlays/12__2R__S3122R01.jpg.png
segmentation,S3051L07.jpg,S3051L07,True,/Users/sarahoualli/Desktop/Casia_Iris_Twins/data/segmentation_daugman/overlays/05__1L__S3051L07.jpg.png,/Users/sarahoualli/Desktop/Casia_Iris_Twins/data/segmentation_daugman/overlays/05__1L__S3051L07.jpg.png
segmentation,S3051L08.jpg,S3051L08,True,/Users/sarahoualli/Desktop/Casia_Iris_Twins/data/segmentation_daugman/overlays/05__1L__S3051L08.jpg.png,/Users/sarahoualli/Desktop/Casia_Iris_Twins/data/segmentation_daugman/overlays/05__1L__S3051L08.jpg.png
segmentation,S3051L10.jpg,S3051L10,True,/Users/sarahoualli/Desktop/Casia_Iris_Twins/data/segmentation_daugman/overlays/05__1L__S3051L10.jpg.png,/Users/sarahoualli/Desktop/Casia_Iris_Twins/data/segmentation_daugman/overlays/05__1L__S3051L10.jpg.png
segmentation,S3051L06.jpg,S3051L06,True,/Users/sarahoualli/Desktop/Casia_Iris_Twins/data/segmentation_daugman/overlays/05__1L__S3051L06.jpg.png,/Users/sarahoualli/Desktop/Casia_Iris_Twins/data/segmentation_daugman/overlays/05__1L__S3051L06.jpg.png
segmentation,S3051R01.jpg,S3051R01,True,/Users/sarahoualli/Desktop/Casia_Iris_Twins/data/segmentation_daugman/overlays/05__1R__S3051R01.jpg.png,/Users/sarahoualli/Desktop/Casia_Iris_Twins/data/segmentation_daugman/overlays/05__1R__S3051R01.jpg.png
segmentation,S3051R03.jpg,S3051R03,True,/Users/sarahoualli/Desktop/Casia_Iris_Twins/data/segmentation_daugman/overlays/05__1R__S3051R03.jpg.png,/Users/sarahoualli/Desktop/Casia_Iris_Twins/data/segmentation_daugman/overlays/05__1R__S3051R03.jpg.png
segmentation,S3052L01.jpg,S3052L01,True,/Users/sarahoualli/Desktop/Casia_Iris_Twins/data/segmentation_daugman/overlays/05__2L__S3052L01.jpg.png,/Users/sarahoualli/Desktop/Casia_Iris_Twins/data/segmentation_daugman/overlays/05__2L__S3052L01.jpg.png
segmentation,S3052L02.jpg,S3052L02,True,/Users/sarahoualli/Desktop/Casia_Iris_Twins/data/segmentation_daugman/overlays/05__2L__S3052L02.jpg.png,/Users/sarahoualli/Desktop/Casia_Iris_Twins/data/segmentation_daugman/overlays/05__2L__S3052L02.jpg.png
segmentation,S3052L03.jpg,S3052L03,True,/Users/sarahoualli/Desktop/Casia_Iris_Twins/data/segmentation_daugman/overlays/05__2L__S3052L03.jpg.png,/Users/sarahoualli/Desktop/Casia_Iris_Twins/data/segmentation_daugman/overlays/05__2L__S3052L03.jpg.png
segmentation,S3052R01.jpg,S3052R01,True,/Users/sarahoualli/Desktop/Casia_Iris_Twins/data/segmentation_daugman/overlays/05__2R__S3052R01.jpg.png,/Users/sarahoualli/Desktop/Casia_Iris_Twins/data/segmentation_daugman/overlays/05__2R__S3052R01.jpg.png
segmentation,S3011L07.jpg,S3011L07,True,/Users/sarahoualli/Desktop/Casia_Iris_Twins/data/segmentation_daugman/overlays/01__1L__S3011L07.jpg.png,/Users/sarahoualli/Desktop/Casia_Iris_Twins/data/segmentation_daugman/overlays/01__1L__S3011L07.jpg.png
segmentation,S3011R01.jpg,S3011R01,True,/Users/sarahoualli/Desktop/Casia_Iris_Twins/data/segmentation_daugman/overlays/01__1R__S3011R01.jpg.png,/Users/sarahoualli/Desktop/Casia_Iris_Twins/data/segmentation_daugman/overlays/01__1R__S3011R01.jpg.png
segmentation,S3011R02.jpg,S3011R02,True,/Users/sarahoualli/Desktop/Casia_Iris_Twins/data/segmentation_daugman/overlays/01__1R__S3011R02.jpg.png,/Users/sarahoualli/Desktop/Casia_Iris_Twins/data/segmentation_daugman/overlays/01__1R__S3011R02.jpg.png
segmentation,S3012L07.jpg,S3012L07,True,/Users/sarahoualli/Desktop/Casia_Iris_Twins/data/segmentation_daugman/overlays/01__2L__S3012L07.jpg.png,/Users/sarahoualli/Desktop/Casia_Iris_Twins/data/segmentation_daugman/overlays/01__2L__S3012L07.jpg.png
segmentation,S3012L02.jpg,S3012L02,True,/Users/sarahoualli/Desktop/Casia_Iris_Twins/data/segmentation_daugman/overlays/01__2L__S3012L02.jpg.png,/Users/sarahoualli/Desktop/Casia_Iris_Twins/data/segmentation_daugman/overlays/01__2L__S3012L02.jpg.png
segmentation,S3012R07.jpg,S3012R07,True,/Users/sarahoualli/Desktop/Casia_Iris_Twins/data/segmentation_daugman/overlays/01__2R__S3012R07.jpg.png,/Users/sarahoualli/Desktop/Casia_Iris_Twins/data/segmentation_daugman/overlays/01__2R__S3012R07.jpg.png
normalized,S3111L01.jpg,S3111L01,True,/Users/sarahoualli/Desktop/Casia_Iris_Twins/data/normalized/daugman_strict_v3/images/11__1L__S3111L01.jpg.png,/Users/sarahoualli/Desktop/Casia_Iris_Twins/data/normalized/daugman_strict_v3/images/11__1L__S3111L01.jpg.png
normalized,S3111L03.jpg,S3111L03,True,/Users/sarahoualli/Desktop/Casia_Iris_Twins/data/normalized/daugman_strict_v3/images/11__1L__S3111L03.jpg.png,/Users/sarahoualli/Desktop/Casia_Iris_Twins/data/normalized/daugman_strict_v3/images/11__1L__S3111L03.jpg.png
normalized,S3111R02.jpg,S3111R02,True,/Users/sarahoualli/Desktop/Casia_Iris_Twins/data/normalized/daugman_strict_v3/images/11__1R__S3111R02.jpg.png,/Users/sarahoualli/Desktop/Casia_Iris_Twins/data/normalized/daugman_strict_v3/images/11__1R__S3111R02.jpg.png
normalized,S3111R06.jpg,S3111R06,True,/Users/sarahoualli/Desktop/Casia_Iris_Twins/data/normalized/daugman_strict_v3/images/11__1R__S3111R06.jpg.png,/Users/sarahoualli/Desktop/Casia_Iris_Twins/data/normalized/daugman_strict_v3/images/11__1R__S3111R06.jpg.png
normalized,S3111R09.jpg,S3111R09,True,/Users/sarahoualli/Desktop/Casia_Iris_Twins/data/normalized/daugman_strict_v3/images/11__1R__S3111R09.jpg.png,/Users/sarahoualli/Desktop/Casia_Iris_Twins/data/normalized/daugman_strict_v3/images/11__1R__S3111R09.jpg.png
normalized,S3111R01.jpg,S3111R01,True,/Users/sarahoualli/Desktop/Casia_Iris_Twins/data/normalized/daugman_strict_v3/images/11__1R__S3111R01.jpg.png,/Users/sarahoualli/Desktop/Casia_Iris_Twins/data/normalized/daugman_strict_v3/images/11__1R__S3111R01.jpg.png
normalized,S3111R05.jpg,S3111R05,True,/Users/sarahoualli/Desktop/Casia_Iris_Twins/data/normalized/daugman_strict_v3/images/11__1R__S3111R05.jpg.png,/Users/sarahoualli/Desktop/Casia_Iris_Twins/data/normalized/daugman_strict_v3/images/11__1R__S3111R05.jpg.png
normalized,S3112L10.jpg,S3112L10,True,/Users/sarahoualli/Desktop/Casia_Iris_Twins/data/normalized/daugman_strict_v3/images/11__2L__S3112L10.jpg.png,/Users/sarahoualli/Desktop/Casia_Iris_Twins/data/normalized/daugman_strict_v3/images/11__2L__S3112L10.jpg.png
normalized,S3171L10.jpg,S3171L10,True,/Users/sarahoualli/Desktop/Casia_Iris_Twins/data/normalized/daugman_strict_v3/images/17__1L__S3171L10.jpg.png,/Users/sarahoualli/Desktop/Casia_Iris_Twins/data/normalized/daugman_strict_v3/images/17__1L__S3171L10.jpg.png
normalized,S3172L07.jpg,S3172L07,True,/Users/sarahoualli/Desktop/Casia_Iris_Twins/data/normalized/daugman_strict_v3/images/17__2L__S3172L07.jpg.png,/Users/sarahoualli/Desktop/Casia_Iris_Twins/data/normalized/daugman_strict_v3/images/17__2L__S3172L07.jpg.png
normalized,S3172R02.jpg,S3172R02,True,/Users/sarahoualli/Desktop/Casia_Iris_Twins/data/normalized/daugman_strict_v3/images/17__2R__S3172R02.jpg.png,/Users/sarahoualli/Desktop/Casia_Iris_Twins/data/normalized/daugman_strict_v3/images/17__2R__S3172R02.jpg.png
normalized,S3092L03.jpg,S3092L03,True,/Users/sarahoualli/Desktop/Casia_Iris_Twins/data/normalized/daugman_strict_v3/images/09__2L__S3092L03.jpg.png,/Users/sarahoualli/Desktop/Casia_Iris_Twins/data/normalized/daugman_strict_v3/images/09__2L__S3092L03.jpg.png
normalized,S3092L01.jpg,S3092L01,True,/Users/sarahoualli/Desktop/Casia_Iris_Twins/data/normalized/daugman_strict_v3/images/09__2L__S3092L01.jpg.png,/Users/sarahoualli/Desktop/Casia_Iris_Twins/data/normalized/daugman_strict_v3/images/09__2L__S3092L01.jpg.png
normalized,S3092L02.jpg,S3092L02,True,/Users/sarahoualli/Desktop/Casia_Iris_Twins/data/normalized/daugman_strict_v3/images/09__2L__S3092L02.jpg.png,/Users/sarahoualli/Desktop/Casia_Iris_Twins/data/normalized/daugman_strict_v3/images/09__2L__S3092L02.jpg.png
normalized,S3092L04.jpg,S3092L04,True,/Users/sarahoualli/Desktop/Casia_Iris_Twins/data/normalized/daugman_strict_v3/images/09__2L__S3092L04.jpg.png,/Users/sarahoualli/Desktop/Casia_Iris_Twins/data/normalized/daugman_strict_v3/images/09__2L__S3092L04.jpg.png
normalized,S3092L05.jpg,S3092L05,True,/Users/sarahoualli/Desktop/Casia_Iris_Twins/data/normalized/daugman_strict_v3/images/09__2L__S3092L05.jpg.png,/Users/sarahoualli/Desktop/Casia_Iris_Twins/data/normalized/daugman_strict_v3/images/09__2L__S3092L05.jpg.png
normalized,S3092R04.jpg,S3092R04,True,/Users/sarahoualli/Desktop/Casia_Iris_Twins/data/normalized/daugman_strict_v3/images/09__2R__S3092R04.jpg.png,/Users/sarahoualli/Desktop/Casia_Iris_Twins/data/normalized/daugman_strict_v3/images/09__2R__S3092R04.jpg.png
normalized,S3092R01.jpg,S3092R01,True,/Users/sarahoualli/Desktop/Casia_Iris_Twins/data/normalized/daugman_strict_v3/images/09__2R__S3092R01.jpg.png,/Users/sarahoualli/Desktop/Casia_Iris_Twins/data/normalized/daugman_strict_v3/images/09__2R__S3092R01.jpg.png
normalized,S3092R03.jpg,S3092R03,True,/Users/sarahoualli/Desktop/Casia_Iris_Twins/data/normalized/daugman_strict_v3/images/09__2R__S3092R03.jpg.png,/Users/sarahoualli/Desktop/Casia_Iris_Twins/data/normalized/daugman_strict_v3/images/09__2R__S3092R03.jpg.png
normalized,S3092R02.jpg,S3092R02,True,/Users/sarahoualli/Desktop/Casia_Iris_Twins/data/normalized/daugman_strict_v3/images/09__2R__S3092R02.jpg.png,/Users/sarahoualli/Desktop/Casia_Iris_Twins/data/normalized/daugman_strict_v3/images/09__2R__S3092R02.jpg.png
normalized,S3092R06.jpg,S3092R06,True,/Users/sarahoualli/Desktop/Casia_Iris_Twins/data/normalized/daugman_strict_v3/images/09__2R__S3092R06.jpg.png,/Users/sarahoualli/Desktop/Casia_Iris_Twins/data/normalized/daugman_strict_v3/images/09__2R__S3092R06.jpg.png
normalized,S3071L06.jpg,S3071L06,True,/Users/sarahoualli/Desktop/Casia_Iris_Twins/data/normalized/daugman_strict_v3/images/07__1L__S3071L06.jpg.png,/Users/sarahoualli/Desktop/Casia_Iris_Twins/data/normalized/daugman_strict_v3/images/07__1L__S3071L06.jpg.png
normalized,S3072L08.jpg,S3072L08,True,/Users/sarahoualli/Desktop/Casia_Iris_Twins/data/normalized/daugman_strict_v3/images/07__2L__S3072L08.jpg.png,/Users/sarahoualli/Desktop/Casia_Iris_Twins/data/normalized/daugman_strict_v3/images/07__2L__S3072L08.jpg.png
normalized,S3072L03.jpg,S3072L03,True,/Users/sarahoualli/Desktop/Casia_Iris_Twins/data/normalized/daugman_strict_v3/images/07__2L__S3072L03.jpg.png,/Users/sarahoualli/Desktop/Casia_Iris_Twins/data/normalized/daugman_strict_v3/images/07__2L__S3072L03.jpg.png
normalized,S3072L06.jpg,S3072L06,True,/Users/sarahoualli/Desktop/Casia_Iris_Twins/data/normalized/daugman_strict_v3/images/07__2L__S3072L06.jpg.png,/Users/sarahoualli/Desktop/Casia_Iris_Twins/data/normalized/daugman_strict_v3/images/07__2L__S3072L06.jpg.png
normalized,S3072L01.jpg,S3072L01,True,/Users/sarahoualli/Desktop/Casia_Iris_Twins/data/normalized/daugman_strict_v3/images/07__2L__S3072L01.jpg.png,/Users/sarahoualli/Desktop/Casia_Iris_Twins/data/normalized/daugman_strict_v3/images/07__2L__S3072L01.jpg.png
normalized,S3072L09.jpg,S3072L09,True,/Users/sarahoualli/Desktop/Casia_Iris_Twins/data/normalized/daugman_strict_v3/images/07__2L__S3072L09.jpg.png,/Users/sarahoualli/Desktop/Casia_Iris_Twins/data/normalized/daugman_strict_v3/images/07__2L__S3072L09.jpg.png
normalized,S3072R08.jpg,S3072R08,True,/Users/sarahoualli/Desktop/Casia_Iris_Twins/data/normalized/daugman_strict_v3/images/07__2R__S3072R08.jpg.png,/Users/sarahoualli/Desktop/Casia_Iris_Twins/data/normalized/daugman_strict_v3/images/07__2R__S3072R08.jpg.png
normalized,S3072R10.jpg,S3072R10,True,/Users/sarahoualli/Desktop/Casia_Iris_Twins/data/normalized/daugman_strict_v3/images/07__2R__S3072R10.jpg.png,/Users/sarahoualli/Desktop/Casia_Iris_Twins/data/normalized/daugman_strict_v3/images/07__2R__S3072R10.jpg.png
normalized,S3162L03.jpg,S3162L03,True,/Users/sarahoualli/Desktop/Casia_Iris_Twins/data/normalized/daugman_strict_v3/images/16__2L__S3162L03.jpg.png,/Users/sarahoualli/Desktop/Casia_Iris_Twins/data/normalized/daugman_strict_v3/images/16__2L__S3162L03.jpg.png
normalized,S3162L01.jpg,S3162L01,True,/Users/sarahoualli/Desktop/Casia_Iris_Twins/data/normalized/daugman_strict_v3/images/16__2L__S3162L01.jpg.png,/Users/sarahoualli/Desktop/Casia_Iris_Twins/data/normalized/daugman_strict_v3/images/16__2L__S3162L01.jpg.png
normalized,S3162L02.jpg,S3162L02,True,/Users/sarahoualli/Desktop/Casia_Iris_Twins/data/normalized/daugman_strict_v3/images/16__2L__S3162L02.jpg.png,/Users/sarahoualli/Desktop/Casia_Iris_Twins/data/normalized/daugman_strict_v3/images/16__2L__S3162L02.jpg.png
normalized,S3162L04.jpg,S3162L04,True,/Users/sarahoualli/Desktop/Casia_Iris_Twins/data/normalized/daugman_strict_v3/images/16__2L__S3162L04.jpg.png,/Users/sarahoualli/Desktop/Casia_Iris_Twins/data/normalized/daugman_strict_v3/images/16__2L__S3162L04.jpg.png
normalized,S3162R09.jpg,S3162R09,True,/Users/sarahoualli/Desktop/Casia_Iris_Twins/data/normalized/daugman_strict_v3/images/16__2R__S3162R09.jpg.png,/Users/sarahoualli/Desktop/Casia_Iris_Twins/data/normalized/daugman_strict_v3/images/16__2R__S3162R09.jpg.png
normalized,S3162R06.jpg,S3162R06,True,/Users/sarahoualli/Desktop/Casia_Iris_Twins/data/normalized/daugman_strict_v3/images/16__2R__S3162R06.jpg.png,/Users/sarahoualli/Desktop/Casia_Iris_Twins/data/normalized/daugman_strict_v3/images/16__2R__S3162R06.jpg.png
normalized,S3162R10.jpg,S3162R10,True,/Users/sarahoualli/Desktop/Casia_Iris_Twins/data/normalized/daugman_strict_v3/images/16__2R__S3162R10.jpg.png,/Users/sarahoualli/Desktop/Casia_Iris_Twins/data/normalized/daugman_strict_v3/images/16__2R__S3162R10.jpg.png
normalized,S3162R08.jpg,S3162R08,True,/Users/sarahoualli/Desktop/Casia_Iris_Twins/data/normalized/daugman_strict_v3/images/16__2R__S3162R08.jpg.png,/Users/sarahoualli/Desktop/Casia_Iris_Twins/data/normalized/daugman_strict_v3/images/16__2R__S3162R08.jpg.png
normalized,S3162R07.jpg,S3162R07,True,/Users/sarahoualli/Desktop/Casia_Iris_Twins/data/normalized/daugman_strict_v3/images/16__2R__S3162R07.jpg.png,/Users/sarahoualli/Desktop/Casia_Iris_Twins/data/normalized/daugman_strict_v3/images/16__2R__S3162R07.jpg.png
normalized,S3131L08.jpg,S3131L08,True,/Users/sarahoualli/Desktop/Casia_Iris_Twins/data/normalized/daugman_strict_v3/images/13__1L__S3131L08.jpg.png,/Users/sarahoualli/Desktop/Casia_Iris_Twins/data/normalized/daugman_strict_v3/images/13__1L__S3131L08.jpg.png
normalized,S3131L10.jpg,S3131L10,True,/Users/sarahoualli/Desktop/Casia_Iris_Twins/data/normalized/daugman_strict_v3/images/13__1L__S3131L10.jpg.png,/Users/sarahoualli/Desktop/Casia_Iris_Twins/data/normalized/daugman_strict_v3/images/13__1L__S3131L10.jpg.png
normalized,S3131R04.jpg,S3131R04,True,/Users/sarahoualli/Desktop/Casia_Iris_Twins/data/normalized/daugman_strict_v3/images/13__1R__S3131R04.jpg.png,/Users/sarahoualli/Desktop/Casia_Iris_Twins/data/normalized/daugman_strict_v3/images/13__1R__S3131R04.jpg.png
normalized,S3131R06.jpg,S3131R06,True,/Users/sarahoualli/Desktop/Casia_Iris_Twins/data/normalized/daugman_strict_v3/images/13__1R__S3131R06.jpg.png,/Users/sarahoualli/Desktop/Casia_Iris_Twins/data/normalized/daugman_strict_v3/images/13__1R__S3131R06.jpg.png
normalized,S3131R05.jpg,S3131R05,True,/Users/sarahoualli/Desktop/Casia_Iris_Twins/data/normalized/daugman_strict_v3/images/13__1R__S3131R05.jpg.png,/Users/sarahoualli/Desktop/Casia_Iris_Twins/data/normalized/daugman_strict_v3/images/13__1R__S3131R05.jpg.png
normalized,S3131R07.jpg,S3131R07,True,/Users/sarahoualli/Desktop/Casia_Iris_Twins/data/normalized/daugman_strict_v3/images/13__1R__S3131R07.jpg.png,/Users/sarahoualli/Desktop/Casia_Iris_Twins/data/normalized/daugman_strict_v3/images/13__1R__S3131R07.jpg.png
normalized,S3132L09.jpg,S3132L09,True,/Users/sarahoualli/Desktop/Casia_Iris_Twins/data/normalized/daugman_strict_v3/images/13__2L__S3132L09.jpg.png,/Users/sarahoualli/Desktop/Casia_Iris_Twins/data/normalized/daugman_strict_v3/images/13__2L__S3132L09.jpg.png
normalized,S3132L08.jpg,S3132L08,True,/Users/sarahoualli/Desktop/Casia_Iris_Twins/data/normalized/daugman_strict_v3/images/13__2L__S3132L08.jpg.png,/Users/sarahoualli/Desktop/Casia_Iris_Twins/data/normalized/daugman_strict_v3/images/13__2L__S3132L08.jpg.png
normalized,S3132L05.jpg,S3132L05,True,/Users/sarahoualli/Desktop/Casia_Iris_Twins/data/normalized/daugman_strict_v3/images/13__2L__S3132L05.jpg.png,/Users/sarahoualli/Desktop/Casia_Iris_Twins/data/normalized/daugman_strict_v3/images/13__2L__S3132L05.jpg.png
normalized,S3132L10.jpg,S3132L10,True,/Users/sarahoualli/Desktop/Casia_Iris_Twins/data/normalized/daugman_strict_v3/images/13__2L__S3132L10.jpg.png,/Users/sarahoualli/Desktop/Casia_Iris_Twins/data/normalized/daugman_strict_v3/images/13__2L__S3132L10.jpg.png
normalized,S3132L04.jpg,S3132L04,True,/Users/sarahoualli/Desktop/Casia_Iris_Twins/data/normalized/daugman_strict_v3/images/13__2L__S3132L04.jpg.png,/Users/sarahoualli/Desktop/Casia_Iris_Twins/data/normalized/daugman_strict_v3/images/13__2L__S3132L04.jpg.png
normalized,S3132R06.jpg,S3132R06,True,/Users/sarahoualli/Desktop/Casia_Iris_Twins/data/normalized/daugman_strict_v3/images/13__2R__S3132R06.jpg.png,/Users/sarahoualli/Desktop/Casia_Iris_Twins/data/normalized/daugman_strict_v3/images/13__2R__S3132R06.jpg.png
normalized,S3132R07.jpg,S3132R07,True,/Users/sarahoualli/Desktop/Casia_Iris_Twins/data/normalized/daugman_strict_v3/images/13__2R__S3132R07.jpg.png,/Users/sarahoualli/Desktop/Casia_Iris_Twins/data/normalized/daugman_strict_v3/images/13__2R__S3132R07.jpg.png
normalized,S3031L06.jpg,S3031L06,True,/Users/sarahoualli/Desktop/Casia_Iris_Twins/data/normalized/daugman_strict_v3/images/03__1L__S3031L06.jpg.png,/Users/sarahoualli/Desktop/Casia_Iris_Twins/data/normalized/daugman_strict_v3/images/03__1L__S3031L06.jpg.png
normalized,S3031R09.jpg,S3031R09,True,/Users/sarahoualli/Desktop/Casia_Iris_Twins/data/normalized/daugman_strict_v3/images/03__1R__S3031R09.jpg.png,/Users/sarahoualli/Desktop/Casia_Iris_Twins/data/normalized/daugman_strict_v3/images/03__1R__S3031R09.jpg.png
normalized,S3032L08.jpg,S3032L08,True,/Users/sarahoualli/Desktop/Casia_Iris_Twins/data/normalized/daugman_strict_v3/images/03__2L__S3032L08.jpg.png,/Users/sarahoualli/Desktop/Casia_Iris_Twins/data/normalized/daugman_strict_v3/images/03__2L__S3032L08.jpg.png
normalized,S3032L10.jpg,S3032L10,True,/Users/sarahoualli/Desktop/Casia_Iris_Twins/data/normalized/daugman_strict_v3/images/03__2L__S3032L10.jpg.png,/Users/sarahoualli/Desktop/Casia_Iris_Twins/data/normalized/daugman_strict_v3/images/03__2L__S3032L10.jpg.png
normalized,S3032L09.jpg,S3032L09,True,/Users/sarahoualli/Desktop/Casia_Iris_Twins/data/normalized/daugman_strict_v3/images/03__2L__S3032L09.jpg.png,/Users/sarahoualli/Desktop/Casia_Iris_Twins/data/normalized/daugman_strict_v3/images/03__2L__S3032L09.jpg.png
normalized,S3032L05.jpg,S3032L05,True,/Users/sarahoualli/Desktop/Casia_Iris_Twins/data/normalized/daugman_strict_v3/images/03__2L__S3032L05.jpg.png,/Users/sarahoualli/Desktop/Casia_Iris_Twins/data/normalized/daugman_strict_v3/images/03__2L__S3032L05.jpg.png
normalized,S3032L06.jpg,S3032L06,True,/Users/sarahoualli/Desktop/Casia_Iris_Twins/data/normalized/daugman_strict_v3/images/03__2L__S3032L06.jpg.png,/Users/sarahoualli/Desktop/Casia_Iris_Twins/data/normalized/daugman_strict_v3/images/03__2L__S3032L06.jpg.png
normalized,S3032R10.jpg,S3032R10,True,/Users/sarahoualli/Desktop/Casia_Iris_Twins/data/normalized/daugman_strict_v3/images/03__2R__S3032R10.jpg.png,/Users/sarahoualli/Desktop/Casia_Iris_Twins/data/normalized/daugman_strict_v3/images/03__2R__S3032R10.jpg.png
normalized,S3032R05.jpg,S3032R05,True,/Users/sarahoualli/Desktop/Casia_Iris_Twins/data/normalized/daugman_strict_v3/images/03__2R__S3032R05.jpg.png,/Users/sarahoualli/Desktop/Casia_Iris_Twins/data/normalized/daugman_strict_v3/images/03__2R__S3032R05.jpg.png
normalized,S3032R04.jpg,S3032R04,True,/Users/sarahoualli/Desktop/Casia_Iris_Twins/data/normalized/daugman_strict_v3/images/03__2R__S3032R04.jpg.png,/Users/sarahoualli/Desktop/Casia_Iris_Twins/data/normalized/daugman_strict_v3/images/03__2R__S3032R04.jpg.png
normalized,S3032R07.jpg,S3032R07,True,/Users/sarahoualli/Desktop/Casia_Iris_Twins/data/normalized/daugman_strict_v3/images/03__2R__S3032R07.jpg.png,/Users/sarahoualli/Desktop/Casia_Iris_Twins/data/normalized/daugman_strict_v3/images/03__2R__S3032R07.jpg.png
normalized,S3032R06.jpg,S3032R06,True,/Users/sarahoualli/Desktop/Casia_Iris_Twins/data/normalized/daugman_strict_v3/images/03__2R__S3032R06.jpg.png,/Users/sarahoualli/Desktop/Casia_Iris_Twins/data/normalized/daugman_strict_v3/images/03__2R__S3032R06.jpg.png
normalized,S3041L03.jpg,S3041L03,True,/Users/sarahoualli/Desktop/Casia_Iris_Twins/data/normalized/daugman_strict_v3/images/04__1L__S3041L03.jpg.png,/Users/sarahoualli/Desktop/Casia_Iris_Twins/data/normalized/daugman_strict_v3/images/04__1L__S3041L03.jpg.png
normalized,S3041L06.jpg,S3041L06,True,/Users/sarahoualli/Desktop/Casia_Iris_Twins/data/normalized/daugman_strict_v3/images/04__1L__S3041L06.jpg.png,/Users/sarahoualli/Desktop/Casia_Iris_Twins/data/normalized/daugman_strict_v3/images/04__1L__S3041L06.jpg.png
normalized,S3041L05.jpg,S3041L05,True,/Users/sarahoualli/Desktop/Casia_Iris_Twins/data/normalized/daugman_strict_v3/images/04__1L__S3041L05.jpg.png,/Users/sarahoualli/Desktop/Casia_Iris_Twins/data/normalized/daugman_strict_v3/images/04__1L__S3041L05.jpg.png
normalized,S3041L04.jpg,S3041L04,True,/Users/sarahoualli/Desktop/Casia_Iris_Twins/data/normalized/daugman_strict_v3/images/04__1L__S3041L04.jpg.png,/Users/sarahoualli/Desktop/Casia_Iris_Twins/data/normalized/daugman_strict_v3/images/04__1L__S3041L04.jpg.png
normalized,S3041R01.jpg,S3041R01,True,/Users/sarahoualli/Desktop/Casia_Iris_Twins/data/normalized/daugman_strict_v3/images/04__1R__S3041R01.jpg.png,/Users/sarahoualli/Desktop/Casia_Iris_Twins/data/normalized/daugman_strict_v3/images/04__1R__S3041R01.jpg.png
normalized,S3042L08.jpg,S3042L08,True,/Users/sarahoualli/Desktop/Casia_Iris_Twins/data/normalized/daugman_strict_v3/images/04__2L__S3042L08.jpg.png,/Users/sarahoualli/Desktop/Casia_Iris_Twins/data/normalized/daugman_strict_v3/images/04__2L__S3042L08.jpg.png
normalized,S3042R07.jpg,S3042R07,True,/Users/sarahoualli/Desktop/Casia_Iris_Twins/data/normalized/daugman_strict_v3/images/04__2R__S3042R07.jpg.png,/Users/sarahoualli/Desktop/Casia_Iris_Twins/data/normalized/daugman_strict_v3/images/04__2R__S3042R07.jpg.png
normalized,S3042R08.jpg,S3042R08,True,/Users/sarahoualli/Desktop/Casia_Iris_Twins/data/normalized/daugman_strict_v3/images/04__2R__S3042R08.jpg.png,/Users/sarahoualli/Desktop/Casia_Iris_Twins/data/normalized/daugman_strict_v3/images/04__2R__S3042R08.jpg.png
normalized,S3002L02.jpg,S3002L02,True,/Users/sarahoualli/Desktop/Casia_Iris_Twins/data/normalized/daugman_strict_v3/images/00__2L__S3002L02.jpg.png,/Users/sarahoualli/Desktop/Casia_Iris_Twins/data/normalized/daugman_strict_v3/images/00__2L__S3002L02.jpg.png
normalized,S3082R05.jpg,S3082R05,True,/Users/sarahoualli/Desktop/Casia_Iris_Twins/data/normalized/daugman_strict_v3/images/08__2R__S3082R05.jpg.png,/Users/sarahoualli/Desktop/Casia_Iris_Twins/data/normalized/daugman_strict_v3/images/08__2R__S3082R05.jpg.png
normalized,S3082R02.jpg,S3082R02,True,/Users/sarahoualli/Desktop/Casia_Iris_Twins/data/normalized/daugman_strict_v3/images/08__2R__S3082R02.jpg.png,/Users/sarahoualli/Desktop/Casia_Iris_Twins/data/normalized/daugman_strict_v3/images/08__2R__S3082R02.jpg.png
normalized,S3082R06.jpg,S3082R06,True,/Users/sarahoualli/Desktop/Casia_Iris_Twins/data/normalized/daugman_strict_v3/images/08__2R__S3082R06.jpg.png,/Users/sarahoualli/Desktop/Casia_Iris_Twins/data/normalized/daugman_strict_v3/images/08__2R__S3082R06.jpg.png
normalized,S3082R01.jpg,S3082R01,True,/Users/sarahoualli/Desktop/Casia_Iris_Twins/data/normalized/daugman_strict_v3/images/08__2R__S3082R01.jpg.png,/Users/sarahoualli/Desktop/Casia_Iris_Twins/data/normalized/daugman_strict_v3/images/08__2R__S3082R01.jpg.png
normalized,S3082R04.jpg,S3082R04,True,/Users/sarahoualli/Desktop/Casia_Iris_Twins/data/normalized/daugman_strict_v3/images/08__2R__S3082R04.jpg.png,/Users/sarahoualli/Desktop/Casia_Iris_Twins/data/normalized/daugman_strict_v3/images/08__2R__S3082R04.jpg.png
normalized,S3061L03.jpg,S3061L03,True,/Users/sarahoualli/Desktop/Casia_Iris_Twins/data/normalized/daugman_strict_v3/images/06__1L__S3061L03.jpg.png,/Users/sarahoualli/Desktop/Casia_Iris_Twins/data/normalized/daugman_strict_v3/images/06__1L__S3061L03.jpg.png
normalized,S3061L02.jpg,S3061L02,True,/Users/sarahoualli/Desktop/Casia_Iris_Twins/data/normalized/daugman_strict_v3/images/06__1L__S3061L02.jpg.png,/Users/sarahoualli/Desktop/Casia_Iris_Twins/data/normalized/daugman_strict_v3/images/06__1L__S3061L02.jpg.png
normalized,S3061R01.jpg,S3061R01,True,/Users/sarahoualli/Desktop/Casia_Iris_Twins/data/normalized/daugman_strict_v3/images/06__1R__S3061R01.jpg.png,/Users/sarahoualli/Desktop/Casia_Iris_Twins/data/normalized/daugman_strict_v3/images/06__1R__S3061R01.jpg.png
normalized,S3061R04.jpg,S3061R04,True,/Users/sarahoualli/Desktop/Casia_Iris_Twins/data/normalized/daugman_strict_v3/images/06__1R__S3061R04.jpg.png,/Users/sarahoualli/Desktop/Casia_Iris_Twins/data/normalized/daugman_strict_v3/images/06__1R__S3061R04.jpg.png
normalized,S3061R07.jpg,S3061R07,True,/Users/sarahoualli/Desktop/Casia_Iris_Twins/data/normalized/daugman_strict_v3/images/06__1R__S3061R07.jpg.png,/Users/sarahoualli/Desktop/Casia_Iris_Twins/data/normalized/daugman_strict_v3/images/06__1R__S3061R07.jpg.png
normalized,S3061R08.jpg,S3061R08,True,/Users/sarahoualli/Desktop/Casia_Iris_Twins/data/normalized/daugman_strict_v3/images/06__1R__S3061R08.jpg.png,/Users/sarahoualli/Desktop/Casia_Iris_Twins/data/normalized/daugman_strict_v3/images/06__1R__S3061R08.jpg.png
normalized,S3062L03.jpg,S3062L03,True,/Users/sarahoualli/Desktop/Casia_Iris_Twins/data/normalized/daugman_strict_v3/images/06__2L__S3062L03.jpg.png,/Users/sarahoualli/Desktop/Casia_Iris_Twins/data/normalized/daugman_strict_v3/images/06__2L__S3062L03.jpg.png
normalized,S3062L05.jpg,S3062L05,True,/Users/sarahoualli/Desktop/Casia_Iris_Twins/data/normalized/daugman_strict_v3/images/06__2L__S3062L05.jpg.png,/Users/sarahoualli/Desktop/Casia_Iris_Twins/data/normalized/daugman_strict_v3/images/06__2L__S3062L05.jpg.png
normalized,S3062L07.jpg,S3062L07,True,/Users/sarahoualli/Desktop/Casia_Iris_Twins/data/normalized/daugman_strict_v3/images/06__2L__S3062L07.jpg.png,/Users/sarahoualli/Desktop/Casia_Iris_Twins/data/normalized/daugman_strict_v3/images/06__2L__S3062L07.jpg.png
normalized,S3062L06.jpg,S3062L06,True,/Users/sarahoualli/Desktop/Casia_Iris_Twins/data/normalized/daugman_strict_v3/images/06__2L__S3062L06.jpg.png,/Users/sarahoualli/Desktop/Casia_Iris_Twins/data/normalized/daugman_strict_v3/images/06__2L__S3062L06.jpg.png
normalized,S3062L04.jpg,S3062L04,True,/Users/sarahoualli/Desktop/Casia_Iris_Twins/data/normalized/daugman_strict_v3/images/06__2L__S3062L04.jpg.png,/Users/sarahoualli/Desktop/Casia_Iris_Twins/data/normalized/daugman_strict_v3/images/06__2L__S3062L04.jpg.png
normalized,S3062R02.jpg,S3062R02,True,/Users/sarahoualli/Desktop/Casia_Iris_Twins/data/normalized/daugman_strict_v3/images/06__2R__S3062R02.jpg.png,/Users/sarahoualli/Desktop/Casia_Iris_Twins/data/normalized/daugman_strict_v3/images/06__2R__S3062R02.jpg.png
normalized,S3062R09.jpg,S3062R09,True,/Users/sarahoualli/Desktop/Casia_Iris_Twins/data/normalized/daugman_strict_v3/images/06__2R__S3062R09.jpg.png,/Users/sarahoualli/Desktop/Casia_Iris_Twins/data/normalized/daugman_strict_v3/images/06__2R__S3062R09.jpg.png
normalized,S3062R10.jpg,S3062R10,True,/Users/sarahoualli/Desktop/Casia_Iris_Twins/data/normalized/daugman_strict_v3/images/06__2R__S3062R10.jpg.png,/Users/sarahoualli/Desktop/Casia_Iris_Twins/data/normalized/daugman_strict_v3/images/06__2R__S3062R10.jpg.png
normalized,S3062R07.jpg,S3062R07,True,/Users/sarahoualli/Desktop/Casia_Iris_Twins/data/normalized/daugman_strict_v3/images/06__2R__S3062R07.jpg.png,/Users/sarahoualli/Desktop/Casia_Iris_Twins/data/normalized/daugman_strict_v3/images/06__2R__S3062R07.jpg.png
normalized,S3062R08.jpg,S3062R08,True,/Users/sarahoualli/Desktop/Casia_Iris_Twins/data/normalized/daugman_strict_v3/images/06__2R__S3062R08.jpg.png,/Users/sarahoualli/Desktop/Casia_Iris_Twins/data/normalized/daugman_strict_v3/images/06__2R__S3062R08.jpg.png
normalized,S3021L04.jpg,S3021L04,True,/Users/sarahoualli/Desktop/Casia_Iris_Twins/data/normalized/daugman_strict_v3/images/02__1L__S3021L04.jpg.png,/Users/sarahoualli/Desktop/Casia_Iris_Twins/data/normalized/daugman_strict_v3/images/02__1L__S3021L04.jpg.png
normalized,S3021L03.jpg,S3021L03,True,/Users/sarahoualli/Desktop/Casia_Iris_Twins/data/normalized/daugman_strict_v3/images/02__1L__S3021L03.jpg.png,/Users/sarahoualli/Desktop/Casia_Iris_Twins/data/normalized/daugman_strict_v3/images/02__1L__S3021L03.jpg.png
normalized,S3021L06.jpg,S3021L06,True,/Users/sarahoualli/Desktop/Casia_Iris_Twins/data/normalized/daugman_strict_v3/images/02__1L__S3021L06.jpg.png,/Users/sarahoualli/Desktop/Casia_Iris_Twins/data/normalized/daugman_strict_v3/images/02__1L__S3021L06.jpg.png
normalized,S3021L02.jpg,S3021L02,True,/Users/sarahoualli/Desktop/Casia_Iris_Twins/data/normalized/daugman_strict_v3/images/02__1L__S3021L02.jpg.png,/Users/sarahoualli/Desktop/Casia_Iris_Twins/data/normalized/daugman_strict_v3/images/02__1L__S3021L02.jpg.png
normalized,S3021L01.jpg,S3021L01,True,/Users/sarahoualli/Desktop/Casia_Iris_Twins/data/normalized/daugman_strict_v3/images/02__1L__S3021L01.jpg.png,/Users/sarahoualli/Desktop/Casia_Iris_Twins/data/normalized/daugman_strict_v3/images/02__1L__S3021L01.jpg.png
normalized,S3021R09.jpg,S3021R09,True,/Users/sarahoualli/Desktop/Casia_Iris_Twins/data/normalized/daugman_strict_v3/images/02__1R__S3021R09.jpg.png,/Users/sarahoualli/Desktop/Casia_Iris_Twins/data/normalized/daugman_strict_v3/images/02__1R__S3021R09.jpg.png
normalized,S3021R01.jpg,S3021R01,True,/Users/sarahoualli/Desktop/Casia_Iris_Twins/data/normalized/daugman_strict_v3/images/02__1R__S3021R01.jpg.png,/Users/sarahoualli/Desktop/Casia_Iris_Twins/data/normalized/daugman_strict_v3/images/02__1R__S3021R01.jpg.png
normalized,S3021R02.jpg,S3021R02,True,/Users/sarahoualli/Desktop/Casia_Iris_Twins/data/normalized/daugman_strict_v3/images/02__1R__S3021R02.jpg.png,/Users/sarahoualli/Desktop/Casia_Iris_Twins/data/normalized/daugman_strict_v3/images/02__1R__S3021R02.jpg.png
normalized,S3021R07.jpg,S3021R07,True,/Users/sarahoualli/Desktop/Casia_Iris_Twins/data/normalized/daugman_strict_v3/images/02__1R__S3021R07.jpg.png,/Users/sarahoualli/Desktop/Casia_Iris_Twins/data/normalized/daugman_strict_v3/images/02__1R__S3021R07.jpg.png
normalized,S3021R06.jpg,S3021R06,True,/Users/sarahoualli/Desktop/Casia_Iris_Twins/data/normalized/daugman_strict_v3/images/02__1R__S3021R06.jpg.png,/Users/sarahoualli/Desktop/Casia_Iris_Twins/data/normalized/daugman_strict_v3/images/02__1R__S3021R06.jpg.png
normalized,S3022L01.jpg,S3022L01,True,/Users/sarahoualli/Desktop/Casia_Iris_Twins/data/normalized/daugman_strict_v3/images/02__2L__S3022L01.jpg.png,/Users/sarahoualli/Desktop/Casia_Iris_Twins/data/normalized/daugman_strict_v3/images/02__2L__S3022L01.jpg.png
normalized,S3022R01.jpg,S3022R01,True,/Users/sarahoualli/Desktop/Casia_Iris_Twins/data/normalized/daugman_strict_v3/images/02__2R__S3022R01.jpg.png,/Users/sarahoualli/Desktop/Casia_Iris_Twins/data/normalized/daugman_strict_v3/images/02__2R__S3022R01.jpg.png
normalized,S3022R02.jpg,S3022R02,True,/Users/sarahoualli/Desktop/Casia_Iris_Twins/data/normalized/daugman_strict_v3/images/02__2R__S3022R02.jpg.png,/Users/sarahoualli/Desktop/Casia_Iris_Twins/data/normalized/daugman_strict_v3/images/02__2R__S3022R02.jpg.png
normalized,S3101L08.jpg,S3101L08,True,/Users/sarahoualli/Desktop/Casia_Iris_Twins/data/normalized/daugman_strict_v3/images/10__1L__S3101L08.jpg.png,/Users/sarahoualli/Desktop/Casia_Iris_Twins/data/normalized/daugman_strict_v3/images/10__1L__S3101L08.jpg.png
normalized,S3101L04.jpg,S3101L04,True,/Users/sarahoualli/Desktop/Casia_Iris_Twins/data/normalized/daugman_strict_v3/images/10__1L__S3101L04.jpg.png,/Users/sarahoualli/Desktop/Casia_Iris_Twins/data/normalized/daugman_strict_v3/images/10__1L__S3101L04.jpg.png
normalized,S3101L02.jpg,S3101L02,True,/Users/sarahoualli/Desktop/Casia_Iris_Twins/data/normalized/daugman_strict_v3/images/10__1L__S3101L02.jpg.png,/Users/sarahoualli/Desktop/Casia_Iris_Twins/data/normalized/daugman_strict_v3/images/10__1L__S3101L02.jpg.png
normalized,S3101L09.jpg,S3101L09,True,/Users/sarahoualli/Desktop/Casia_Iris_Twins/data/normalized/daugman_strict_v3/images/10__1L__S3101L09.jpg.png,/Users/sarahoualli/Desktop/Casia_Iris_Twins/data/normalized/daugman_strict_v3/images/10__1L__S3101L09.jpg.png
normalized,S3101L10.jpg,S3101L10,True,/Users/sarahoualli/Desktop/Casia_Iris_Twins/data/normalized/daugman_strict_v3/images/10__1L__S3101L10.jpg.png,/Users/sarahoualli/Desktop/Casia_Iris_Twins/data/normalized/daugman_strict_v3/images/10__1L__S3101L10.jpg.png
normalized,S3101R07.jpg,S3101R07,True,/Users/sarahoualli/Desktop/Casia_Iris_Twins/data/normalized/daugman_strict_v3/images/10__1R__S3101R07.jpg.png,/Users/sarahoualli/Desktop/Casia_Iris_Twins/data/normalized/daugman_strict_v3/images/10__1R__S3101R07.jpg.png
normalized,S3101R04.jpg,S3101R04,True,/Users/sarahoualli/Desktop/Casia_Iris_Twins/data/normalized/daugman_strict_v3/images/10__1R__S3101R04.jpg.png,/Users/sarahoualli/Desktop/Casia_Iris_Twins/data/normalized/daugman_strict_v3/images/10__1R__S3101R04.jpg.png
normalized,S3101R03.jpg,S3101R03,True,/Users/sarahoualli/Desktop/Casia_Iris_Twins/data/normalized/daugman_strict_v3/images/10__1R__S3101R03.jpg.png,/Users/sarahoualli/Desktop/Casia_Iris_Twins/data/normalized/daugman_strict_v3/images/10__1R__S3101R03.jpg.png
normalized,S3101R02.jpg,S3101R02,True,/Users/sarahoualli/Desktop/Casia_Iris_Twins/data/normalized/daugman_strict_v3/images/10__1R__S3101R02.jpg.png,/Users/sarahoualli/Desktop/Casia_Iris_Twins/data/normalized/daugman_strict_v3/images/10__1R__S3101R02.jpg.png
normalized,S3101R05.jpg,S3101R05,True,/Users/sarahoualli/Desktop/Casia_Iris_Twins/data/normalized/daugman_strict_v3/images/10__1R__S3101R05.jpg.png,/Users/sarahoualli/Desktop/Casia_Iris_Twins/data/normalized/daugman_strict_v3/images/10__1R__S3101R05.jpg.png
normalized,S3102L10.jpg,S3102L10,True,/Users/sarahoualli/Desktop/Casia_Iris_Twins/data/normalized/daugman_strict_v3/images/10__2L__S3102L10.jpg.png,/Users/sarahoualli/Desktop/Casia_Iris_Twins/data/normalized/daugman_strict_v3/images/10__2L__S3102L10.jpg.png
normalized,S3102L09.jpg,S3102L09,True,/Users/sarahoualli/Desktop/Casia_Iris_Twins/data/normalized/daugman_strict_v3/images/10__2L__S3102L09.jpg.png,/Users/sarahoualli/Desktop/Casia_Iris_Twins/data/normalized/daugman_strict_v3/images/10__2L__S3102L09.jpg.png
normalized,S3102L01.jpg,S3102L01,True,/Users/sarahoualli/Desktop/Casia_Iris_Twins/data/normalized/daugman_strict_v3/images/10__2L__S3102L01.jpg.png,/Users/sarahoualli/Desktop/Casia_Iris_Twins/data/normalized/daugman_strict_v3/images/10__2L__S3102L01.jpg.png
normalized,S3102L07.jpg,S3102L07,True,/Users/sarahoualli/Desktop/Casia_Iris_Twins/data/normalized/daugman_strict_v3/images/10__2L__S3102L07.jpg.png,/Users/sarahoualli/Desktop/Casia_Iris_Twins/data/normalized/daugman_strict_v3/images/10__2L__S3102L07.jpg.png
normalized,S3102L06.jpg,S3102L06,True,/Users/sarahoualli/Desktop/Casia_Iris_Twins/data/normalized/daugman_strict_v3/images/10__2L__S3102L06.jpg.png,/Users/sarahoualli/Desktop/Casia_Iris_Twins/data/normalized/daugman_strict_v3/images/10__2L__S3102L06.jpg.png
normalized,S3102R07.jpg,S3102R07,True,/Users/sarahoualli/Desktop/Casia_Iris_Twins/data/normalized/daugman_strict_v3/images/10__2R__S3102R07.jpg.png,/Users/sarahoualli/Desktop/Casia_Iris_Twins/data/normalized/daugman_strict_v3/images/10__2R__S3102R07.jpg.png
normalized,S3102R08.jpg,S3102R08,True,/Users/sarahoualli/Desktop/Casia_Iris_Twins/data/normalized/daugman_strict_v3/images/10__2R__S3102R08.jpg.png,/Users/sarahoualli/Desktop/Casia_Iris_Twins/data/normalized/daugman_strict_v3/images/10__2R__S3102R08.jpg.png
normalized,S3102R02.jpg,S3102R02,True,/Users/sarahoualli/Desktop/Casia_Iris_Twins/data/normalized/daugman_strict_v3/images/10__2R__S3102R02.jpg.png,/Users/sarahoualli/Desktop/Casia_Iris_Twins/data/normalized/daugman_strict_v3/images/10__2R__S3102R02.jpg.png
normalized,S3102R06.jpg,S3102R06,True,/Users/sarahoualli/Desktop/Casia_Iris_Twins/data/normalized/daugman_strict_v3/images/10__2R__S3102R06.jpg.png,/Users/sarahoualli/Desktop/Casia_Iris_Twins/data/normalized/daugman_strict_v3/images/10__2R__S3102R06.jpg.png
normalized,S3102R09.jpg,S3102R09,True,/Users/sarahoualli/Desktop/Casia_Iris_Twins/data/normalized/daugman_strict_v3/images/10__2R__S3102R09.jpg.png,/Users/sarahoualli/Desktop/Casia_Iris_Twins/data/normalized/daugman_strict_v3/images/10__2R__S3102R09.jpg.png
normalized,S3151L06.jpg,S3151L06,True,/Users/sarahoualli/Desktop/Casia_Iris_Twins/data/normalized/daugman_strict_v3/images/15__1L__S3151L06.jpg.png,/Users/sarahoualli/Desktop/Casia_Iris_Twins/data/normalized/daugman_strict_v3/images/15__1L__S3151L06.jpg.png
normalized,S3151L04.jpg,S3151L04,True,/Users/sarahoualli/Desktop/Casia_Iris_Twins/data/normalized/daugman_strict_v3/images/15__1L__S3151L04.jpg.png,/Users/sarahoualli/Desktop/Casia_Iris_Twins/data/normalized/daugman_strict_v3/images/15__1L__S3151L04.jpg.png
normalized,S3151L03.jpg,S3151L03,True,/Users/sarahoualli/Desktop/Casia_Iris_Twins/data/normalized/daugman_strict_v3/images/15__1L__S3151L03.jpg.png,/Users/sarahoualli/Desktop/Casia_Iris_Twins/data/normalized/daugman_strict_v3/images/15__1L__S3151L03.jpg.png
normalized,S3151L05.jpg,S3151L05,True,/Users/sarahoualli/Desktop/Casia_Iris_Twins/data/normalized/daugman_strict_v3/images/15__1L__S3151L05.jpg.png,/Users/sarahoualli/Desktop/Casia_Iris_Twins/data/normalized/daugman_strict_v3/images/15__1L__S3151L05.jpg.png
normalized,S3151L07.jpg,S3151L07,True,/Users/sarahoualli/Desktop/Casia_Iris_Twins/data/normalized/daugman_strict_v3/images/15__1L__S3151L07.jpg.png,/Users/sarahoualli/Desktop/Casia_Iris_Twins/data/normalized/daugman_strict_v3/images/15__1L__S3151L07.jpg.png
normalized,S3151R03.jpg,S3151R03,True,/Users/sarahoualli/Desktop/Casia_Iris_Twins/data/normalized/daugman_strict_v3/images/15__1R__S3151R03.jpg.png,/Users/sarahoualli/Desktop/Casia_Iris_Twins/data/normalized/daugman_strict_v3/images/15__1R__S3151R03.jpg.png
normalized,S3151R01.jpg,S3151R01,True,/Users/sarahoualli/Desktop/Casia_Iris_Twins/data/normalized/daugman_strict_v3/images/15__1R__S3151R01.jpg.png,/Users/sarahoualli/Desktop/Casia_Iris_Twins/data/normalized/daugman_strict_v3/images/15__1R__S3151R01.jpg.png
normalized,S3151R02.jpg,S3151R02,True,/Users/sarahoualli/Desktop/Casia_Iris_Twins/data/normalized/daugman_strict_v3/images/15__1R__S3151R02.jpg.png,/Users/sarahoualli/Desktop/Casia_Iris_Twins/data/normalized/daugman_strict_v3/images/15__1R__S3151R02.jpg.png
normalized,S3152R04.jpg,S3152R04,True,/Users/sarahoualli/Desktop/Casia_Iris_Twins/data/normalized/daugman_strict_v3/images/15__2R__S3152R04.jpg.png,/Users/sarahoualli/Desktop/Casia_Iris_Twins/data/normalized/daugman_strict_v3/images/15__2R__S3152R04.jpg.png
normalized,S3152R03.jpg,S3152R03,True,/Users/sarahoualli/Desktop/Casia_Iris_Twins/data/normalized/daugman_strict_v3/images/15__2R__S3152R03.jpg.png,/Users/sarahoualli/Desktop/Casia_Iris_Twins/data/normalized/daugman_strict_v3/images/15__2R__S3152R03.jpg.png
normalized,S3152R02.jpg,S3152R02,True,/Users/sarahoualli/Desktop/Casia_Iris_Twins/data/normalized/daugman_strict_v3/images/15__2R__S3152R02.jpg.png,/Users/sarahoualli/Desktop/Casia_Iris_Twins/data/normalized/daugman_strict_v3/images/15__2R__S3152R02.jpg.png
normalized,S3152R07.jpg,S3152R07,True,/Users/sarahoualli/Desktop/Casia_Iris_Twins/data/normalized/daugman_strict_v3/images/15__2R__S3152R07.jpg.png,/Users/sarahoualli/Desktop/Casia_Iris_Twins/data/normalized/daugman_strict_v3/images/15__2R__S3152R07.jpg.png
normalized,S3181R04.jpg,S3181R04,True,/Users/sarahoualli/Desktop/Casia_Iris_Twins/data/normalized/daugman_strict_v3/images/18__1R__S3181R04.jpg.png,/Users/sarahoualli/Desktop/Casia_Iris_Twins/data/normalized/daugman_strict_v3/images/18__1R__S3181R04.jpg.png
normalized,S3181R05.jpg,S3181R05,True,/Users/sarahoualli/Desktop/Casia_Iris_Twins/data/normalized/daugman_strict_v3/images/18__1R__S3181R05.jpg.png,/Users/sarahoualli/Desktop/Casia_Iris_Twins/data/normalized/daugman_strict_v3/images/18__1R__S3181R05.jpg.png
normalized,S3182L01.jpg,S3182L01,True,/Users/sarahoualli/Desktop/Casia_Iris_Twins/data/normalized/daugman_strict_v3/images/18__2L__S3182L01.jpg.png,/Users/sarahoualli/Desktop/Casia_Iris_Twins/data/normalized/daugman_strict_v3/images/18__2L__S3182L01.jpg.png
normalized,S3182R05.jpg,S3182R05,True,/Users/sarahoualli/Desktop/Casia_Iris_Twins/data/normalized/daugman_strict_v3/images/18__2R__S3182R05.jpg.png,/Users/sarahoualli/Desktop/Casia_Iris_Twins/data/normalized/daugman_strict_v3/images/18__2R__S3182R05.jpg.png
normalized,S3182R06.jpg,S3182R06,True,/Users/sarahoualli/Desktop/Casia_Iris_Twins/data/normalized/daugman_strict_v3/images/18__2R__S3182R06.jpg.png,/Users/sarahoualli/Desktop/Casia_Iris_Twins/data/normalized/daugman_strict_v3/images/18__2R__S3182R06.jpg.png
normalized,S3182R04.jpg,S3182R04,True,/Users/sarahoualli/Desktop/Casia_Iris_Twins/data/normalized/daugman_strict_v3/images/18__2R__S3182R04.jpg.png,/Users/sarahoualli/Desktop/Casia_Iris_Twins/data/normalized/daugman_strict_v3/images/18__2R__S3182R04.jpg.png
normalized,S3182R03.jpg,S3182R03,True,/Users/sarahoualli/Desktop/Casia_Iris_Twins/data/normalized/daugman_strict_v3/images/18__2R__S3182R03.jpg.png,/Users/sarahoualli/Desktop/Casia_Iris_Twins/data/normalized/daugman_strict_v3/images/18__2R__S3182R03.jpg.png
normalized,S3182R07.jpg,S3182R07,True,/Users/sarahoualli/Desktop/Casia_Iris_Twins/data/normalized/daugman_strict_v3/images/18__2R__S3182R07.jpg.png,/Users/sarahoualli/Desktop/Casia_Iris_Twins/data/normalized/daugman_strict_v3/images/18__2R__S3182R07.jpg.png
normalized,S3141L03.jpg,S3141L03,True,/Users/sarahoualli/Desktop/Casia_Iris_Twins/data/normalized/daugman_strict_v3/images/14__1L__S3141L03.jpg.png,/Users/sarahoualli/Desktop/Casia_Iris_Twins/data/normalized/daugman_strict_v3/images/14__1L__S3141L03.jpg.png
normalized,S3141R07.jpg,S3141R07,True,/Users/sarahoualli/Desktop/Casia_Iris_Twins/data/normalized/daugman_strict_v3/images/14__1R__S3141R07.jpg.png,/Users/sarahoualli/Desktop/Casia_Iris_Twins/data/normalized/daugman_strict_v3/images/14__1R__S3141R07.jpg.png
normalized,S3141R10.jpg,S3141R10,True,/Users/sarahoualli/Desktop/Casia_Iris_Twins/data/normalized/daugman_strict_v3/images/14__1R__S3141R10.jpg.png,/Users/sarahoualli/Desktop/Casia_Iris_Twins/data/normalized/daugman_strict_v3/images/14__1R__S3141R10.jpg.png
normalized,S3141R04.jpg,S3141R04,True,/Users/sarahoualli/Desktop/Casia_Iris_Twins/data/normalized/daugman_strict_v3/images/14__1R__S3141R04.jpg.png,/Users/sarahoualli/Desktop/Casia_Iris_Twins/data/normalized/daugman_strict_v3/images/14__1R__S3141R04.jpg.png
normalized,S3141R06.jpg,S3141R06,True,/Users/sarahoualli/Desktop/Casia_Iris_Twins/data/normalized/daugman_strict_v3/images/14__1R__S3141R06.jpg.png,/Users/sarahoualli/Desktop/Casia_Iris_Twins/data/normalized/daugman_strict_v3/images/14__1R__S3141R06.jpg.png
normalized,S3142L03.jpg,S3142L03,True,/Users/sarahoualli/Desktop/Casia_Iris_Twins/data/normalized/daugman_strict_v3/images/14__2L__S3142L03.jpg.png,/Users/sarahoualli/Desktop/Casia_Iris_Twins/data/normalized/daugman_strict_v3/images/14__2L__S3142L03.jpg.png
normalized,S3142L02.jpg,S3142L02,True,/Users/sarahoualli/Desktop/Casia_Iris_Twins/data/normalized/daugman_strict_v3/images/14__2L__S3142L02.jpg.png,/Users/sarahoualli/Desktop/Casia_Iris_Twins/data/normalized/daugman_strict_v3/images/14__2L__S3142L02.jpg.png
normalized,S3142L04.jpg,S3142L04,True,/Users/sarahoualli/Desktop/Casia_Iris_Twins/data/normalized/daugman_strict_v3/images/14__2L__S3142L04.jpg.png,/Users/sarahoualli/Desktop/Casia_Iris_Twins/data/normalized/daugman_strict_v3/images/14__2L__S3142L04.jpg.png
normalized,S3142L07.jpg,S3142L07,True,/Users/sarahoualli/Desktop/Casia_Iris_Twins/data/normalized/daugman_strict_v3/images/14__2L__S3142L07.jpg.png,/Users/sarahoualli/Desktop/Casia_Iris_Twins/data/normalized/daugman_strict_v3/images/14__2L__S3142L07.jpg.png
normalized,S3142R08.jpg,S3142R08,True,/Users/sarahoualli/Desktop/Casia_Iris_Twins/data/normalized/daugman_strict_v3/images/14__2R__S3142R08.jpg.png,/Users/sarahoualli/Desktop/Casia_Iris_Twins/data/normalized/daugman_strict_v3/images/14__2R__S3142R08.jpg.png
normalized,S3142R07.jpg,S3142R07,True,/Users/sarahoualli/Desktop/Casia_Iris_Twins/data/normalized/daugman_strict_v3/images/14__2R__S3142R07.jpg.png,/Users/sarahoualli/Desktop/Casia_Iris_Twins/data/normalized/daugman_strict_v3/images/14__2R__S3142R07.jpg.png
normalized,S3142R10.jpg,S3142R10,True,/Users/sarahoualli/Desktop/Casia_Iris_Twins/data/normalized/daugman_strict_v3/images/14__2R__S3142R10.jpg.png,/Users/sarahoualli/Desktop/Casia_Iris_Twins/data/normalized/daugman_strict_v3/images/14__2R__S3142R10.jpg.png
normalized,S3142R09.jpg,S3142R09,True,/Users/sarahoualli/Desktop/Casia_Iris_Twins/data/normalized/daugman_strict_v3/images/14__2R__S3142R09.jpg.png,/Users/sarahoualli/Desktop/Casia_Iris_Twins/data/normalized/daugman_strict_v3/images/14__2R__S3142R09.jpg.png
normalized,S3121L03.jpg,S3121L03,True,/Users/sarahoualli/Desktop/Casia_Iris_Twins/data/normalized/daugman_strict_v3/images/12__1L__S3121L03.jpg.png,/Users/sarahoualli/Desktop/Casia_Iris_Twins/data/normalized/daugman_strict_v3/images/12__1L__S3121L03.jpg.png
normalized,S3121L02.jpg,S3121L02,True,/Users/sarahoualli/Desktop/Casia_Iris_Twins/data/normalized/daugman_strict_v3/images/12__1L__S3121L02.jpg.png,/Users/sarahoualli/Desktop/Casia_Iris_Twins/data/normalized/daugman_strict_v3/images/12__1L__S3121L02.jpg.png
normalized,S3121L01.jpg,S3121L01,True,/Users/sarahoualli/Desktop/Casia_Iris_Twins/data/normalized/daugman_strict_v3/images/12__1L__S3121L01.jpg.png,/Users/sarahoualli/Desktop/Casia_Iris_Twins/data/normalized/daugman_strict_v3/images/12__1L__S3121L01.jpg.png
normalized,S3121R04.jpg,S3121R04,True,/Users/sarahoualli/Desktop/Casia_Iris_Twins/data/normalized/daugman_strict_v3/images/12__1R__S3121R04.jpg.png,/Users/sarahoualli/Desktop/Casia_Iris_Twins/data/normalized/daugman_strict_v3/images/12__1R__S3121R04.jpg.png
normalized,S3121R02.jpg,S3121R02,True,/Users/sarahoualli/Desktop/Casia_Iris_Twins/data/normalized/daugman_strict_v3/images/12__1R__S3121R02.jpg.png,/Users/sarahoualli/Desktop/Casia_Iris_Twins/data/normalized/daugman_strict_v3/images/12__1R__S3121R02.jpg.png
normalized,S3121R01.jpg,S3121R01,True,/Users/sarahoualli/Desktop/Casia_Iris_Twins/data/normalized/daugman_strict_v3/images/12__1R__S3121R01.jpg.png,/Users/sarahoualli/Desktop/Casia_Iris_Twins/data/normalized/daugman_strict_v3/images/12__1R__S3121R01.jpg.png
normalized,S3121R08.jpg,S3121R08,True,/Users/sarahoualli/Desktop/Casia_Iris_Twins/data/normalized/daugman_strict_v3/images/12__1R__S3121R08.jpg.png,/Users/sarahoualli/Desktop/Casia_Iris_Twins/data/normalized/daugman_strict_v3/images/12__1R__S3121R08.jpg.png
normalized,S3121R07.jpg,S3121R07,True,/Users/sarahoualli/Desktop/Casia_Iris_Twins/data/normalized/daugman_strict_v3/images/12__1R__S3121R07.jpg.png,/Users/sarahoualli/Desktop/Casia_Iris_Twins/data/normalized/daugman_strict_v3/images/12__1R__S3121R07.jpg.png
normalized,S3122L09.jpg,S3122L09,True,/Users/sarahoualli/Desktop/Casia_Iris_Twins/data/normalized/daugman_strict_v3/images/12__2L__S3122L09.jpg.png,/Users/sarahoualli/Desktop/Casia_Iris_Twins/data/normalized/daugman_strict_v3/images/12__2L__S3122L09.jpg.png
normalized,S3122L07.jpg,S3122L07,True,/Users/sarahoualli/Desktop/Casia_Iris_Twins/data/normalized/daugman_strict_v3/images/12__2L__S3122L07.jpg.png,/Users/sarahoualli/Desktop/Casia_Iris_Twins/data/normalized/daugman_strict_v3/images/12__2L__S3122L07.jpg.png
normalized,S3122L10.jpg,S3122L10,True,/Users/sarahoualli/Desktop/Casia_Iris_Twins/data/normalized/daugman_strict_v3/images/12__2L__S3122L10.jpg.png,/Users/sarahoualli/Desktop/Casia_Iris_Twins/data/normalized/daugman_strict_v3/images/12__2L__S3122L10.jpg.png
normalized,S3122L01.jpg,S3122L01,True,/Users/sarahoualli/Desktop/Casia_Iris_Twins/data/normalized/daugman_strict_v3/images/12__2L__S3122L01.jpg.png,/Users/sarahoualli/Desktop/Casia_Iris_Twins/data/normalized/daugman_strict_v3/images/12__2L__S3122L01.jpg.png
normalized,S3122L05.jpg,S3122L05,True,/Users/sarahoualli/Desktop/Casia_Iris_Twins/data/normalized/daugman_strict_v3/images/12__2L__S3122L05.jpg.png,/Users/sarahoualli/Desktop/Casia_Iris_Twins/data/normalized/daugman_strict_v3/images/12__2L__S3122L05.jpg.png
normalized,S3122R02.jpg,S3122R02,True,/Users/sarahoualli/Desktop/Casia_Iris_Twins/data/normalized/daugman_strict_v3/images/12__2R__S3122R02.jpg.png,/Users/sarahoualli/Desktop/Casia_Iris_Twins/data/normalized/daugman_strict_v3/images/12__2R__S3122R02.jpg.png
normalized,S3122R04.jpg,S3122R04,True,/Users/sarahoualli/Desktop/Casia_Iris_Twins/data/normalized/daugman_strict_v3/images/12__2R__S3122R04.jpg.png,/Users/sarahoualli/Desktop/Casia_Iris_Twins/data/normalized/daugman_strict_v3/images/12__2R__S3122R04.jpg.png
normalized,S3122R03.jpg,S3122R03,True,/Users/sarahoualli/Desktop/Casia_Iris_Twins/data/normalized/daugman_strict_v3/images/12__2R__S3122R03.jpg.png,/Users/sarahoualli/Desktop/Casia_Iris_Twins/data/normalized/daugman_strict_v3/images/12__2R__S3122R03.jpg.png
normalized,S3122R01.jpg,S3122R01,True,/Users/sarahoualli/Desktop/Casia_Iris_Twins/data/normalized/daugman_strict_v3/images/12__2R__S3122R01.jpg.png,/Users/sarahoualli/Desktop/Casia_Iris_Twins/data/normalized/daugman_strict_v3/images/12__2R__S3122R01.jpg.png
normalized,S3051L07.jpg,S3051L07,True,/Users/sarahoualli/Desktop/Casia_Iris_Twins/data/normalized/daugman_strict_v3/images/05__1L__S3051L07.jpg.png,/Users/sarahoualli/Desktop/Casia_Iris_Twins/data/normalized/daugman_strict_v3/images/05__1L__S3051L07.jpg.png
normalized,S3051L08.jpg,S3051L08,True,/Users/sarahoualli/Desktop/Casia_Iris_Twins/data/normalized/daugman_strict_v3/images/05__1L__S3051L08.jpg.png,/Users/sarahoualli/Desktop/Casia_Iris_Twins/data/normalized/daugman_strict_v3/images/05__1L__S3051L08.jpg.png
normalized,S3051L10.jpg,S3051L10,True,/Users/sarahoualli/Desktop/Casia_Iris_Twins/data/normalized/daugman_strict_v3/images/05__1L__S3051L10.jpg.png,/Users/sarahoualli/Desktop/Casia_Iris_Twins/data/normalized/daugman_strict_v3/images/05__1L__S3051L10.jpg.png
normalized,S3051L06.jpg,S3051L06,True,/Users/sarahoualli/Desktop/Casia_Iris_Twins/data/normalized/daugman_strict_v3/images/05__1L__S3051L06.jpg.png,/Users/sarahoualli/Desktop/Casia_Iris_Twins/data/normalized/daugman_strict_v3/images/05__1L__S3051L06.jpg.png
normalized,S3051R01.jpg,S3051R01,True,/Users/sarahoualli/Desktop/Casia_Iris_Twins/data/normalized/daugman_strict_v3/images/05__1R__S3051R01.jpg.png,/Users/sarahoualli/Desktop/Casia_Iris_Twins/data/normalized/daugman_strict_v3/images/05__1R__S3051R01.jpg.png
normalized,S3051R03.jpg,S3051R03,True,/Users/sarahoualli/Desktop/Casia_Iris_Twins/data/normalized/daugman_strict_v3/images/05__1R__S3051R03.jpg.png,/Users/sarahoualli/Desktop/Casia_Iris_Twins/data/normalized/daugman_strict_v3/images/05__1R__S3051R03.jpg.png
normalized,S3052L01.jpg,S3052L01,True,/Users/sarahoualli/Desktop/Casia_Iris_Twins/data/normalized/daugman_strict_v3/images/05__2L__S3052L01.jpg.png,/Users/sarahoualli/Desktop/Casia_Iris_Twins/data/normalized/daugman_strict_v3/images/05__2L__S3052L01.jpg.png
normalized,S3052L02.jpg,S3052L02,True,/Users/sarahoualli/Desktop/Casia_Iris_Twins/data/normalized/daugman_strict_v3/images/05__2L__S3052L02.jpg.png,/Users/sarahoualli/Desktop/Casia_Iris_Twins/data/normalized/daugman_strict_v3/images/05__2L__S3052L02.jpg.png
normalized,S3052L03.jpg,S3052L03,True,/Users/sarahoualli/Desktop/Casia_Iris_Twins/data/normalized/daugman_strict_v3/images/05__2L__S3052L03.jpg.png,/Users/sarahoualli/Desktop/Casia_Iris_Twins/data/normalized/daugman_strict_v3/images/05__2L__S3052L03.jpg.png
normalized,S3052R01.jpg,S3052R01,True,/Users/sarahoualli/Desktop/Casia_Iris_Twins/data/normalized/daugman_strict_v3/images/05__2R__S3052R01.jpg.png,/Users/sarahoualli/Desktop/Casia_Iris_Twins/data/normalized/daugman_strict_v3/images/05__2R__S3052R01.jpg.png
normalized,S3011L07.jpg,S3011L07,True,/Users/sarahoualli/Desktop/Casia_Iris_Twins/data/normalized/daugman_strict_v3/images/01__1L__S3011L07.jpg.png,/Users/sarahoualli/Desktop/Casia_Iris_Twins/data/normalized/daugman_strict_v3/images/01__1L__S3011L07.jpg.png
normalized,S3011R01.jpg,S3011R01,True,/Users/sarahoualli/Desktop/Casia_Iris_Twins/data/normalized/daugman_strict_v3/images/01__1R__S3011R01.jpg.png,/Users/sarahoualli/Desktop/Casia_Iris_Twins/data/normalized/daugman_strict_v3/images/01__1R__S3011R01.jpg.png
normalized,S3011R02.jpg,S3011R02,True,/Users/sarahoualli/Desktop/Casia_Iris_Twins/data/normalized/daugman_strict_v3/images/01__1R__S3011R02.jpg.png,/Users/sarahoualli/Desktop/Casia_Iris_Twins/data/normalized/daugman_strict_v3/images/01__1R__S3011R02.jpg.png
normalized,S3012L07.jpg,S3012L07,True,/Users/sarahoualli/Desktop/Casia_Iris_Twins/data/normalized/daugman_strict_v3/images/01__2L__S3012L07.jpg.png,/Users/sarahoualli/Desktop/Casia_Iris_Twins/data/normalized/daugman_strict_v3/images/01__2L__S3012L07.jpg.png
normalized,S3012L02.jpg,S3012L02,True,/Users/sarahoualli/Desktop/Casia_Iris_Twins/data/normalized/daugman_strict_v3/images/01__2L__S3012L02.jpg.png,/Users/sarahoualli/Desktop/Casia_Iris_Twins/data/normalized/daugman_strict_v3/images/01__2L__S3012L02.jpg.png
normalized,S3012R07.jpg,S3012R07,True,/Users/sarahoualli/Desktop/Casia_Iris_Twins/data/normalized/daugman_strict_v3/images/01__2R__S3012R07.jpg.png,/Users/sarahoualli/Desktop/Casia_Iris_Twins/data/normalized/daugman_strict_v3/images/01__2R__S3012R07.jpg.png
mask,S3111L01.jpg,S3111L01,True,/Users/sarahoualli/Desktop/Casia_Iris_Twins/data/normalized/daugman_strict_v3/masks/11__1L__S3111L01.jpg_mask.png,/Users/sarahoualli/Desktop/Casia_Iris_Twins/data/normalized/daugman_strict_v3/masks/11__1L__S3111L01.jpg_mask.png
mask,S3111L03.jpg,S3111L03,True,/Users/sarahoualli/Desktop/Casia_Iris_Twins/data/normalized/daugman_strict_v3/masks/11__1L__S3111L03.jpg_mask.png,/Users/sarahoualli/Desktop/Casia_Iris_Twins/data/normalized/daugman_strict_v3/masks/11__1L__S3111L03.jpg_mask.png
mask,S3111R02.jpg,S3111R02,True,/Users/sarahoualli/Desktop/Casia_Iris_Twins/data/normalized/daugman_strict_v3/masks/11__1R__S3111R02.jpg_mask.png,/Users/sarahoualli/Desktop/Casia_Iris_Twins/data/normalized/daugman_strict_v3/masks/11__1R__S3111R02.jpg_mask.png
mask,S3111R06.jpg,S3111R06,True,/Users/sarahoualli/Desktop/Casia_Iris_Twins/data/normalized/daugman_strict_v3/masks/11__1R__S3111R06.jpg_mask.png,/Users/sarahoualli/Desktop/Casia_Iris_Twins/data/normalized/daugman_strict_v3/masks/11__1R__S3111R06.jpg_mask.png
mask,S3111R09.jpg,S3111R09,True,/Users/sarahoualli/Desktop/Casia_Iris_Twins/data/normalized/daugman_strict_v3/masks/11__1R__S3111R09.jpg_mask.png,/Users/sarahoualli/Desktop/Casia_Iris_Twins/data/normalized/daugman_strict_v3/masks/11__1R__S3111R09.jpg_mask.png
mask,S3111R01.jpg,S3111R01,True,/Users/sarahoualli/Desktop/Casia_Iris_Twins/data/normalized/daugman_strict_v3/masks/11__1R__S3111R01.jpg_mask.png,/Users/sarahoualli/Desktop/Casia_Iris_Twins/data/normalized/daugman_strict_v3/masks/11__1R__S3111R01.jpg_mask.png
mask,S3111R05.jpg,S3111R05,True,/Users/sarahoualli/Desktop/Casia_Iris_Twins/data/normalized/daugman_strict_v3/masks/11__1R__S3111R05.jpg_mask.png,/Users/sarahoualli/Desktop/Casia_Iris_Twins/data/normalized/daugman_strict_v3/masks/11__1R__S3111R05.jpg_mask.png
mask,S3112L10.jpg,S3112L10,True,/Users/sarahoualli/Desktop/Casia_Iris_Twins/data/normalized/daugman_strict_v3/masks/11__2L__S3112L10.jpg_mask.png,/Users/sarahoualli/Desktop/Casia_Iris_Twins/data/normalized/daugman_strict_v3/masks/11__2L__S3112L10.jpg_mask.png
mask,S3171L10.jpg,S3171L10,True,/Users/sarahoualli/Desktop/Casia_Iris_Twins/data/normalized/daugman_strict_v3/masks/17__1L__S3171L10.jpg_mask.png,/Users/sarahoualli/Desktop/Casia_Iris_Twins/data/normalized/daugman_strict_v3/masks/17__1L__S3171L10.jpg_mask.png
mask,S3172L07.jpg,S3172L07,True,/Users/sarahoualli/Desktop/Casia_Iris_Twins/data/normalized/daugman_strict_v3/masks/17__2L__S3172L07.jpg_mask.png,/Users/sarahoualli/Desktop/Casia_Iris_Twins/data/normalized/daugman_strict_v3/masks/17__2L__S3172L07.jpg_mask.png
mask,S3172R02.jpg,S3172R02,True,/Users/sarahoualli/Desktop/Casia_Iris_Twins/data/normalized/daugman_strict_v3/masks/17__2R__S3172R02.jpg_mask.png,/Users/sarahoualli/Desktop/Casia_Iris_Twins/data/normalized/daugman_strict_v3/masks/17__2R__S3172R02.jpg_mask.png
mask,S3092L03.jpg,S3092L03,True,/Users/sarahoualli/Desktop/Casia_Iris_Twins/data/normalized/daugman_strict_v3/masks/09__2L__S3092L03.jpg_mask.png,/Users/sarahoualli/Desktop/Casia_Iris_Twins/data/normalized/daugman_strict_v3/masks/09__2L__S3092L03.jpg_mask.png
mask,S3092L01.jpg,S3092L01,True,/Users/sarahoualli/Desktop/Casia_Iris_Twins/data/normalized/daugman_strict_v3/masks/09__2L__S3092L01.jpg_mask.png,/Users/sarahoualli/Desktop/Casia_Iris_Twins/data/normalized/daugman_strict_v3/masks/09__2L__S3092L01.jpg_mask.png
mask,S3092L02.jpg,S3092L02,True,/Users/sarahoualli/Desktop/Casia_Iris_Twins/data/normalized/daugman_strict_v3/masks/09__2L__S3092L02.jpg_mask.png,/Users/sarahoualli/Desktop/Casia_Iris_Twins/data/normalized/daugman_strict_v3/masks/09__2L__S3092L02.jpg_mask.png
mask,S3092L04.jpg,S3092L04,True,/Users/sarahoualli/Desktop/Casia_Iris_Twins/data/normalized/daugman_strict_v3/masks/09__2L__S3092L04.jpg_mask.png,/Users/sarahoualli/Desktop/Casia_Iris_Twins/data/normalized/daugman_strict_v3/masks/09__2L__S3092L04.jpg_mask.png
mask,S3092L05.jpg,S3092L05,True,/Users/sarahoualli/Desktop/Casia_Iris_Twins/data/normalized/daugman_strict_v3/masks/09__2L__S3092L05.jpg_mask.png,/Users/sarahoualli/Desktop/Casia_Iris_Twins/data/normalized/daugman_strict_v3/masks/09__2L__S3092L05.jpg_mask.png
mask,S3092R04.jpg,S3092R04,True,/Users/sarahoualli/Desktop/Casia_Iris_Twins/data/normalized/daugman_strict_v3/masks/09__2R__S3092R04.jpg_mask.png,/Users/sarahoualli/Desktop/Casia_Iris_Twins/data/normalized/daugman_strict_v3/masks/09__2R__S3092R04.jpg_mask.png
mask,S3092R01.jpg,S3092R01,True,/Users/sarahoualli/Desktop/Casia_Iris_Twins/data/normalized/daugman_strict_v3/masks/09__2R__S3092R01.jpg_mask.png,/Users/sarahoualli/Desktop/Casia_Iris_Twins/data/normalized/daugman_strict_v3/masks/09__2R__S3092R01.jpg_mask.png
mask,S3092R03.jpg,S3092R03,True,/Users/sarahoualli/Desktop/Casia_Iris_Twins/data/normalized/daugman_strict_v3/masks/09__2R__S3092R03.jpg_mask.png,/Users/sarahoualli/Desktop/Casia_Iris_Twins/data/normalized/daugman_strict_v3/masks/09__2R__S3092R03.jpg_mask.png
mask,S3092R02.jpg,S3092R02,True,/Users/sarahoualli/Desktop/Casia_Iris_Twins/data/normalized/daugman_strict_v3/masks/09__2R__S3092R02.jpg_mask.png,/Users/sarahoualli/Desktop/Casia_Iris_Twins/data/normalized/daugman_strict_v3/masks/09__2R__S3092R02.jpg_mask.png
mask,S3092R06.jpg,S3092R06,True,/Users/sarahoualli/Desktop/Casia_Iris_Twins/data/normalized/daugman_strict_v3/masks/09__2R__S3092R06.jpg_mask.png,/Users/sarahoualli/Desktop/Casia_Iris_Twins/data/normalized/daugman_strict_v3/masks/09__2R__S3092R06.jpg_mask.png
mask,S3071L06.jpg,S3071L06,True,/Users/sarahoualli/Desktop/Casia_Iris_Twins/data/normalized/daugman_strict_v3/masks/07__1L__S3071L06.jpg_mask.png,/Users/sarahoualli/Desktop/Casia_Iris_Twins/data/normalized/daugman_strict_v3/masks/07__1L__S3071L06.jpg_mask.png
mask,S3072L08.jpg,S3072L08,True,/Users/sarahoualli/Desktop/Casia_Iris_Twins/data/normalized/daugman_strict_v3/masks/07__2L__S3072L08.jpg_mask.png,/Users/sarahoualli/Desktop/Casia_Iris_Twins/data/normalized/daugman_strict_v3/masks/07__2L__S3072L08.jpg_mask.png
mask,S3072L03.jpg,S3072L03,True,/Users/sarahoualli/Desktop/Casia_Iris_Twins/data/normalized/daugman_strict_v3/masks/07__2L__S3072L03.jpg_mask.png,/Users/sarahoualli/Desktop/Casia_Iris_Twins/data/normalized/daugman_strict_v3/masks/07__2L__S3072L03.jpg_mask.png
mask,S3072L06.jpg,S3072L06,True,/Users/sarahoualli/Desktop/Casia_Iris_Twins/data/normalized/daugman_strict_v3/masks/07__2L__S3072L06.jpg_mask.png,/Users/sarahoualli/Desktop/Casia_Iris_Twins/data/normalized/daugman_strict_v3/masks/07__2L__S3072L06.jpg_mask.png
mask,S3072L01.jpg,S3072L01,True,/Users/sarahoualli/Desktop/Casia_Iris_Twins/data/normalized/daugman_strict_v3/masks/07__2L__S3072L01.jpg_mask.png,/Users/sarahoualli/Desktop/Casia_Iris_Twins/data/normalized/daugman_strict_v3/masks/07__2L__S3072L01.jpg_mask.png
mask,S3072L09.jpg,S3072L09,True,/Users/sarahoualli/Desktop/Casia_Iris_Twins/data/normalized/daugman_strict_v3/masks/07__2L__S3072L09.jpg_mask.png,/Users/sarahoualli/Desktop/Casia_Iris_Twins/data/normalized/daugman_strict_v3/masks/07__2L__S3072L09.jpg_mask.png
mask,S3072R08.jpg,S3072R08,True,/Users/sarahoualli/Desktop/Casia_Iris_Twins/data/normalized/daugman_strict_v3/masks/07__2R__S3072R08.jpg_mask.png,/Users/sarahoualli/Desktop/Casia_Iris_Twins/data/normalized/daugman_strict_v3/masks/07__2R__S3072R08.jpg_mask.png
mask,S3072R10.jpg,S3072R10,True,/Users/sarahoualli/Desktop/Casia_Iris_Twins/data/normalized/daugman_strict_v3/masks/07__2R__S3072R10.jpg_mask.png,/Users/sarahoualli/Desktop/Casia_Iris_Twins/data/normalized/daugman_strict_v3/masks/07__2R__S3072R10.jpg_mask.png
mask,S3162L03.jpg,S3162L03,True,/Users/sarahoualli/Desktop/Casia_Iris_Twins/data/normalized/daugman_strict_v3/masks/16__2L__S3162L03.jpg_mask.png,/Users/sarahoualli/Desktop/Casia_Iris_Twins/data/normalized/daugman_strict_v3/masks/16__2L__S3162L03.jpg_mask.png
mask,S3162L01.jpg,S3162L01,True,/Users/sarahoualli/Desktop/Casia_Iris_Twins/data/normalized/daugman_strict_v3/masks/16__2L__S3162L01.jpg_mask.png,/Users/sarahoualli/Desktop/Casia_Iris_Twins/data/normalized/daugman_strict_v3/masks/16__2L__S3162L01.jpg_mask.png
mask,S3162L02.jpg,S3162L02,True,/Users/sarahoualli/Desktop/Casia_Iris_Twins/data/normalized/daugman_strict_v3/masks/16__2L__S3162L02.jpg_mask.png,/Users/sarahoualli/Desktop/Casia_Iris_Twins/data/normalized/daugman_strict_v3/masks/16__2L__S3162L02.jpg_mask.png
mask,S3162L04.jpg,S3162L04,True,/Users/sarahoualli/Desktop/Casia_Iris_Twins/data/normalized/daugman_strict_v3/masks/16__2L__S3162L04.jpg_mask.png,/Users/sarahoualli/Desktop/Casia_Iris_Twins/data/normalized/daugman_strict_v3/masks/16__2L__S3162L04.jpg_mask.png
mask,S3162R09.jpg,S3162R09,True,/Users/sarahoualli/Desktop/Casia_Iris_Twins/data/normalized/daugman_strict_v3/masks/16__2R__S3162R09.jpg_mask.png,/Users/sarahoualli/Desktop/Casia_Iris_Twins/data/normalized/daugman_strict_v3/masks/16__2R__S3162R09.jpg_mask.png
mask,S3162R06.jpg,S3162R06,True,/Users/sarahoualli/Desktop/Casia_Iris_Twins/data/normalized/daugman_strict_v3/masks/16__2R__S3162R06.jpg_mask.png,/Users/sarahoualli/Desktop/Casia_Iris_Twins/data/normalized/daugman_strict_v3/masks/16__2R__S3162R06.jpg_mask.png
mask,S3162R10.jpg,S3162R10,True,/Users/sarahoualli/Desktop/Casia_Iris_Twins/data/normalized/daugman_strict_v3/masks/16__2R__S3162R10.jpg_mask.png,/Users/sarahoualli/Desktop/Casia_Iris_Twins/data/normalized/daugman_strict_v3/masks/16__2R__S3162R10.jpg_mask.png
mask,S3162R08.jpg,S3162R08,True,/Users/sarahoualli/Desktop/Casia_Iris_Twins/data/normalized/daugman_strict_v3/masks/16__2R__S3162R08.jpg_mask.png,/Users/sarahoualli/Desktop/Casia_Iris_Twins/data/normalized/daugman_strict_v3/masks/16__2R__S3162R08.jpg_mask.png
mask,S3162R07.jpg,S3162R07,True,/Users/sarahoualli/Desktop/Casia_Iris_Twins/data/normalized/daugman_strict_v3/masks/16__2R__S3162R07.jpg_mask.png,/Users/sarahoualli/Desktop/Casia_Iris_Twins/data/normalized/daugman_strict_v3/masks/16__2R__S3162R07.jpg_mask.png
mask,S3131L08.jpg,S3131L08,True,/Users/sarahoualli/Desktop/Casia_Iris_Twins/data/normalized/daugman_strict_v3/masks/13__1L__S3131L08.jpg_mask.png,/Users/sarahoualli/Desktop/Casia_Iris_Twins/data/normalized/daugman_strict_v3/masks/13__1L__S3131L08.jpg_mask.png
mask,S3131L10.jpg,S3131L10,True,/Users/sarahoualli/Desktop/Casia_Iris_Twins/data/normalized/daugman_strict_v3/masks/13__1L__S3131L10.jpg_mask.png,/Users/sarahoualli/Desktop/Casia_Iris_Twins/data/normalized/daugman_strict_v3/masks/13__1L__S3131L10.jpg_mask.png
mask,S3131R04.jpg,S3131R04,True,/Users/sarahoualli/Desktop/Casia_Iris_Twins/data/normalized/daugman_strict_v3/masks/13__1R__S3131R04.jpg_mask.png,/Users/sarahoualli/Desktop/Casia_Iris_Twins/data/normalized/daugman_strict_v3/masks/13__1R__S3131R04.jpg_mask.png
mask,S3131R06.jpg,S3131R06,True,/Users/sarahoualli/Desktop/Casia_Iris_Twins/data/normalized/daugman_strict_v3/masks/13__1R__S3131R06.jpg_mask.png,/Users/sarahoualli/Desktop/Casia_Iris_Twins/data/normalized/daugman_strict_v3/masks/13__1R__S3131R06.jpg_mask.png
mask,S3131R05.jpg,S3131R05,True,/Users/sarahoualli/Desktop/Casia_Iris_Twins/data/normalized/daugman_strict_v3/masks/13__1R__S3131R05.jpg_mask.png,/Users/sarahoualli/Desktop/Casia_Iris_Twins/data/normalized/daugman_strict_v3/masks/13__1R__S3131R05.jpg_mask.png
mask,S3131R07.jpg,S3131R07,True,/Users/sarahoualli/Desktop/Casia_Iris_Twins/data/normalized/daugman_strict_v3/masks/13__1R__S3131R07.jpg_mask.png,/Users/sarahoualli/Desktop/Casia_Iris_Twins/data/normalized/daugman_strict_v3/masks/13__1R__S3131R07.jpg_mask.png
mask,S3132L09.jpg,S3132L09,True,/Users/sarahoualli/Desktop/Casia_Iris_Twins/data/normalized/daugman_strict_v3/masks/13__2L__S3132L09.jpg_mask.png,/Users/sarahoualli/Desktop/Casia_Iris_Twins/data/normalized/daugman_strict_v3/masks/13__2L__S3132L09.jpg_mask.png
mask,S3132L08.jpg,S3132L08,True,/Users/sarahoualli/Desktop/Casia_Iris_Twins/data/normalized/daugman_strict_v3/masks/13__2L__S3132L08.jpg_mask.png,/Users/sarahoualli/Desktop/Casia_Iris_Twins/data/normalized/daugman_strict_v3/masks/13__2L__S3132L08.jpg_mask.png
mask,S3132L05.jpg,S3132L05,True,/Users/sarahoualli/Desktop/Casia_Iris_Twins/data/normalized/daugman_strict_v3/masks/13__2L__S3132L05.jpg_mask.png,/Users/sarahoualli/Desktop/Casia_Iris_Twins/data/normalized/daugman_strict_v3/masks/13__2L__S3132L05.jpg_mask.png
mask,S3132L10.jpg,S3132L10,True,/Users/sarahoualli/Desktop/Casia_Iris_Twins/data/normalized/daugman_strict_v3/masks/13__2L__S3132L10.jpg_mask.png,/Users/sarahoualli/Desktop/Casia_Iris_Twins/data/normalized/daugman_strict_v3/masks/13__2L__S3132L10.jpg_mask.png
mask,S3132L04.jpg,S3132L04,True,/Users/sarahoualli/Desktop/Casia_Iris_Twins/data/normalized/daugman_strict_v3/masks/13__2L__S3132L04.jpg_mask.png,/Users/sarahoualli/Desktop/Casia_Iris_Twins/data/normalized/daugman_strict_v3/masks/13__2L__S3132L04.jpg_mask.png
mask,S3132R06.jpg,S3132R06,True,/Users/sarahoualli/Desktop/Casia_Iris_Twins/data/normalized/daugman_strict_v3/masks/13__2R__S3132R06.jpg_mask.png,/Users/sarahoualli/Desktop/Casia_Iris_Twins/data/normalized/daugman_strict_v3/masks/13__2R__S3132R06.jpg_mask.png
mask,S3132R07.jpg,S3132R07,True,/Users/sarahoualli/Desktop/Casia_Iris_Twins/data/normalized/daugman_strict_v3/masks/13__2R__S3132R07.jpg_mask.png,/Users/sarahoualli/Desktop/Casia_Iris_Twins/data/normalized/daugman_strict_v3/masks/13__2R__S3132R07.jpg_mask.png
mask,S3031L06.jpg,S3031L06,True,/Users/sarahoualli/Desktop/Casia_Iris_Twins/data/normalized/daugman_strict_v3/masks/03__1L__S3031L06.jpg_mask.png,/Users/sarahoualli/Desktop/Casia_Iris_Twins/data/normalized/daugman_strict_v3/masks/03__1L__S3031L06.jpg_mask.png
mask,S3031R09.jpg,S3031R09,True,/Users/sarahoualli/Desktop/Casia_Iris_Twins/data/normalized/daugman_strict_v3/masks/03__1R__S3031R09.jpg_mask.png,/Users/sarahoualli/Desktop/Casia_Iris_Twins/data/normalized/daugman_strict_v3/masks/03__1R__S3031R09.jpg_mask.png
mask,S3032L08.jpg,S3032L08,True,/Users/sarahoualli/Desktop/Casia_Iris_Twins/data/normalized/daugman_strict_v3/masks/03__2L__S3032L08.jpg_mask.png,/Users/sarahoualli/Desktop/Casia_Iris_Twins/data/normalized/daugman_strict_v3/masks/03__2L__S3032L08.jpg_mask.png
mask,S3032L10.jpg,S3032L10,True,/Users/sarahoualli/Desktop/Casia_Iris_Twins/data/normalized/daugman_strict_v3/masks/03__2L__S3032L10.jpg_mask.png,/Users/sarahoualli/Desktop/Casia_Iris_Twins/data/normalized/daugman_strict_v3/masks/03__2L__S3032L10.jpg_mask.png
mask,S3032L09.jpg,S3032L09,True,/Users/sarahoualli/Desktop/Casia_Iris_Twins/data/normalized/daugman_strict_v3/masks/03__2L__S3032L09.jpg_mask.png,/Users/sarahoualli/Desktop/Casia_Iris_Twins/data/normalized/daugman_strict_v3/masks/03__2L__S3032L09.jpg_mask.png
mask,S3032L05.jpg,S3032L05,True,/Users/sarahoualli/Desktop/Casia_Iris_Twins/data/normalized/daugman_strict_v3/masks/03__2L__S3032L05.jpg_mask.png,/Users/sarahoualli/Desktop/Casia_Iris_Twins/data/normalized/daugman_strict_v3/masks/03__2L__S3032L05.jpg_mask.png
mask,S3032L06.jpg,S3032L06,True,/Users/sarahoualli/Desktop/Casia_Iris_Twins/data/normalized/daugman_strict_v3/masks/03__2L__S3032L06.jpg_mask.png,/Users/sarahoualli/Desktop/Casia_Iris_Twins/data/normalized/daugman_strict_v3/masks/03__2L__S3032L06.jpg_mask.png
mask,S3032R10.jpg,S3032R10,True,/Users/sarahoualli/Desktop/Casia_Iris_Twins/data/normalized/daugman_strict_v3/masks/03__2R__S3032R10.jpg_mask.png,/Users/sarahoualli/Desktop/Casia_Iris_Twins/data/normalized/daugman_strict_v3/masks/03__2R__S3032R10.jpg_mask.png
mask,S3032R05.jpg,S3032R05,True,/Users/sarahoualli/Desktop/Casia_Iris_Twins/data/normalized/daugman_strict_v3/masks/03__2R__S3032R05.jpg_mask.png,/Users/sarahoualli/Desktop/Casia_Iris_Twins/data/normalized/daugman_strict_v3/masks/03__2R__S3032R05.jpg_mask.png
mask,S3032R04.jpg,S3032R04,True,/Users/sarahoualli/Desktop/Casia_Iris_Twins/data/normalized/daugman_strict_v3/masks/03__2R__S3032R04.jpg_mask.png,/Users/sarahoualli/Desktop/Casia_Iris_Twins/data/normalized/daugman_strict_v3/masks/03__2R__S3032R04.jpg_mask.png
mask,S3032R07.jpg,S3032R07,True,/Users/sarahoualli/Desktop/Casia_Iris_Twins/data/normalized/daugman_strict_v3/masks/03__2R__S3032R07.jpg_mask.png,/Users/sarahoualli/Desktop/Casia_Iris_Twins/data/normalized/daugman_strict_v3/masks/03__2R__S3032R07.jpg_mask.png
mask,S3032R06.jpg,S3032R06,True,/Users/sarahoualli/Desktop/Casia_Iris_Twins/data/normalized/daugman_strict_v3/masks/03__2R__S3032R06.jpg_mask.png,/Users/sarahoualli/Desktop/Casia_Iris_Twins/data/normalized/daugman_strict_v3/masks/03__2R__S3032R06.jpg_mask.png
mask,S3041L03.jpg,S3041L03,True,/Users/sarahoualli/Desktop/Casia_Iris_Twins/data/normalized/daugman_strict_v3/masks/04__1L__S3041L03.jpg_mask.png,/Users/sarahoualli/Desktop/Casia_Iris_Twins/data/normalized/daugman_strict_v3/masks/04__1L__S3041L03.jpg_mask.png
mask,S3041L06.jpg,S3041L06,True,/Users/sarahoualli/Desktop/Casia_Iris_Twins/data/normalized/daugman_strict_v3/masks/04__1L__S3041L06.jpg_mask.png,/Users/sarahoualli/Desktop/Casia_Iris_Twins/data/normalized/daugman_strict_v3/masks/04__1L__S3041L06.jpg_mask.png
mask,S3041L05.jpg,S3041L05,True,/Users/sarahoualli/Desktop/Casia_Iris_Twins/data/normalized/daugman_strict_v3/masks/04__1L__S3041L05.jpg_mask.png,/Users/sarahoualli/Desktop/Casia_Iris_Twins/data/normalized/daugman_strict_v3/masks/04__1L__S3041L05.jpg_mask.png
mask,S3041L04.jpg,S3041L04,True,/Users/sarahoualli/Desktop/Casia_Iris_Twins/data/normalized/daugman_strict_v3/masks/04__1L__S3041L04.jpg_mask.png,/Users/sarahoualli/Desktop/Casia_Iris_Twins/data/normalized/daugman_strict_v3/masks/04__1L__S3041L04.jpg_mask.png
mask,S3041R01.jpg,S3041R01,True,/Users/sarahoualli/Desktop/Casia_Iris_Twins/data/normalized/daugman_strict_v3/masks/04__1R__S3041R01.jpg_mask.png,/Users/sarahoualli/Desktop/Casia_Iris_Twins/data/normalized/daugman_strict_v3/masks/04__1R__S3041R01.jpg_mask.png
mask,S3042L08.jpg,S3042L08,True,/Users/sarahoualli/Desktop/Casia_Iris_Twins/data/normalized/daugman_strict_v3/masks/04__2L__S3042L08.jpg_mask.png,/Users/sarahoualli/Desktop/Casia_Iris_Twins/data/normalized/daugman_strict_v3/masks/04__2L__S3042L08.jpg_mask.png
mask,S3042R07.jpg,S3042R07,True,/Users/sarahoualli/Desktop/Casia_Iris_Twins/data/normalized/daugman_strict_v3/masks/04__2R__S3042R07.jpg_mask.png,/Users/sarahoualli/Desktop/Casia_Iris_Twins/data/normalized/daugman_strict_v3/masks/04__2R__S3042R07.jpg_mask.png
mask,S3042R08.jpg,S3042R08,True,/Users/sarahoualli/Desktop/Casia_Iris_Twins/data/normalized/daugman_strict_v3/masks/04__2R__S3042R08.jpg_mask.png,/Users/sarahoualli/Desktop/Casia_Iris_Twins/data/normalized/daugman_strict_v3/masks/04__2R__S3042R08.jpg_mask.png
mask,S3002L02.jpg,S3002L02,True,/Users/sarahoualli/Desktop/Casia_Iris_Twins/data/normalized/daugman_strict_v3/masks/00__2L__S3002L02.jpg_mask.png,/Users/sarahoualli/Desktop/Casia_Iris_Twins/data/normalized/daugman_strict_v3/masks/00__2L__S3002L02.jpg_mask.png
mask,S3082R05.jpg,S3082R05,True,/Users/sarahoualli/Desktop/Casia_Iris_Twins/data/normalized/daugman_strict_v3/masks/08__2R__S3082R05.jpg_mask.png,/Users/sarahoualli/Desktop/Casia_Iris_Twins/data/normalized/daugman_strict_v3/masks/08__2R__S3082R05.jpg_mask.png
mask,S3082R02.jpg,S3082R02,True,/Users/sarahoualli/Desktop/Casia_Iris_Twins/data/normalized/daugman_strict_v3/masks/08__2R__S3082R02.jpg_mask.png,/Users/sarahoualli/Desktop/Casia_Iris_Twins/data/normalized/daugman_strict_v3/masks/08__2R__S3082R02.jpg_mask.png
mask,S3082R06.jpg,S3082R06,True,/Users/sarahoualli/Desktop/Casia_Iris_Twins/data/normalized/daugman_strict_v3/masks/08__2R__S3082R06.jpg_mask.png,/Users/sarahoualli/Desktop/Casia_Iris_Twins/data/normalized/daugman_strict_v3/masks/08__2R__S3082R06.jpg_mask.png
mask,S3082R01.jpg,S3082R01,True,/Users/sarahoualli/Desktop/Casia_Iris_Twins/data/normalized/daugman_strict_v3/masks/08__2R__S3082R01.jpg_mask.png,/Users/sarahoualli/Desktop/Casia_Iris_Twins/data/normalized/daugman_strict_v3/masks/08__2R__S3082R01.jpg_mask.png
mask,S3082R04.jpg,S3082R04,True,/Users/sarahoualli/Desktop/Casia_Iris_Twins/data/normalized/daugman_strict_v3/masks/08__2R__S3082R04.jpg_mask.png,/Users/sarahoualli/Desktop/Casia_Iris_Twins/data/normalized/daugman_strict_v3/masks/08__2R__S3082R04.jpg_mask.png
mask,S3061L03.jpg,S3061L03,True,/Users/sarahoualli/Desktop/Casia_Iris_Twins/data/normalized/daugman_strict_v3/masks/06__1L__S3061L03.jpg_mask.png,/Users/sarahoualli/Desktop/Casia_Iris_Twins/data/normalized/daugman_strict_v3/masks/06__1L__S3061L03.jpg_mask.png
mask,S3061L02.jpg,S3061L02,True,/Users/sarahoualli/Desktop/Casia_Iris_Twins/data/normalized/daugman_strict_v3/masks/06__1L__S3061L02.jpg_mask.png,/Users/sarahoualli/Desktop/Casia_Iris_Twins/data/normalized/daugman_strict_v3/masks/06__1L__S3061L02.jpg_mask.png
mask,S3061R01.jpg,S3061R01,True,/Users/sarahoualli/Desktop/Casia_Iris_Twins/data/normalized/daugman_strict_v3/masks/06__1R__S3061R01.jpg_mask.png,/Users/sarahoualli/Desktop/Casia_Iris_Twins/data/normalized/daugman_strict_v3/masks/06__1R__S3061R01.jpg_mask.png
mask,S3061R04.jpg,S3061R04,True,/Users/sarahoualli/Desktop/Casia_Iris_Twins/data/normalized/daugman_strict_v3/masks/06__1R__S3061R04.jpg_mask.png,/Users/sarahoualli/Desktop/Casia_Iris_Twins/data/normalized/daugman_strict_v3/masks/06__1R__S3061R04.jpg_mask.png
mask,S3061R07.jpg,S3061R07,True,/Users/sarahoualli/Desktop/Casia_Iris_Twins/data/normalized/daugman_strict_v3/masks/06__1R__S3061R07.jpg_mask.png,/Users/sarahoualli/Desktop/Casia_Iris_Twins/data/normalized/daugman_strict_v3/masks/06__1R__S3061R07.jpg_mask.png
mask,S3061R08.jpg,S3061R08,True,/Users/sarahoualli/Desktop/Casia_Iris_Twins/data/normalized/daugman_strict_v3/masks/06__1R__S3061R08.jpg_mask.png,/Users/sarahoualli/Desktop/Casia_Iris_Twins/data/normalized/daugman_strict_v3/masks/06__1R__S3061R08.jpg_mask.png
mask,S3062L03.jpg,S3062L03,True,/Users/sarahoualli/Desktop/Casia_Iris_Twins/data/normalized/daugman_strict_v3/masks/06__2L__S3062L03.jpg_mask.png,/Users/sarahoualli/Desktop/Casia_Iris_Twins/data/normalized/daugman_strict_v3/masks/06__2L__S3062L03.jpg_mask.png
mask,S3062L05.jpg,S3062L05,True,/Users/sarahoualli/Desktop/Casia_Iris_Twins/data/normalized/daugman_strict_v3/masks/06__2L__S3062L05.jpg_mask.png,/Users/sarahoualli/Desktop/Casia_Iris_Twins/data/normalized/daugman_strict_v3/masks/06__2L__S3062L05.jpg_mask.png
mask,S3062L07.jpg,S3062L07,True,/Users/sarahoualli/Desktop/Casia_Iris_Twins/data/normalized/daugman_strict_v3/masks/06__2L__S3062L07.jpg_mask.png,/Users/sarahoualli/Desktop/Casia_Iris_Twins/data/normalized/daugman_strict_v3/masks/06__2L__S3062L07.jpg_mask.png
mask,S3062L06.jpg,S3062L06,True,/Users/sarahoualli/Desktop/Casia_Iris_Twins/data/normalized/daugman_strict_v3/masks/06__2L__S3062L06.jpg_mask.png,/Users/sarahoualli/Desktop/Casia_Iris_Twins/data/normalized/daugman_strict_v3/masks/06__2L__S3062L06.jpg_mask.png
mask,S3062L04.jpg,S3062L04,True,/Users/sarahoualli/Desktop/Casia_Iris_Twins/data/normalized/daugman_strict_v3/masks/06__2L__S3062L04.jpg_mask.png,/Users/sarahoualli/Desktop/Casia_Iris_Twins/data/normalized/daugman_strict_v3/masks/06__2L__S3062L04.jpg_mask.png
mask,S3062R02.jpg,S3062R02,True,/Users/sarahoualli/Desktop/Casia_Iris_Twins/data/normalized/daugman_strict_v3/masks/06__2R__S3062R02.jpg_mask.png,/Users/sarahoualli/Desktop/Casia_Iris_Twins/data/normalized/daugman_strict_v3/masks/06__2R__S3062R02.jpg_mask.png
mask,S3062R09.jpg,S3062R09,True,/Users/sarahoualli/Desktop/Casia_Iris_Twins/data/normalized/daugman_strict_v3/masks/06__2R__S3062R09.jpg_mask.png,/Users/sarahoualli/Desktop/Casia_Iris_Twins/data/normalized/daugman_strict_v3/masks/06__2R__S3062R09.jpg_mask.png
mask,S3062R10.jpg,S3062R10,True,/Users/sarahoualli/Desktop/Casia_Iris_Twins/data/normalized/daugman_strict_v3/masks/06__2R__S3062R10.jpg_mask.png,/Users/sarahoualli/Desktop/Casia_Iris_Twins/data/normalized/daugman_strict_v3/masks/06__2R__S3062R10.jpg_mask.png
mask,S3062R07.jpg,S3062R07,True,/Users/sarahoualli/Desktop/Casia_Iris_Twins/data/normalized/daugman_strict_v3/masks/06__2R__S3062R07.jpg_mask.png,/Users/sarahoualli/Desktop/Casia_Iris_Twins/data/normalized/daugman_strict_v3/masks/06__2R__S3062R07.jpg_mask.png
mask,S3062R08.jpg,S3062R08,True,/Users/sarahoualli/Desktop/Casia_Iris_Twins/data/normalized/daugman_strict_v3/masks/06__2R__S3062R08.jpg_mask.png,/Users/sarahoualli/Desktop/Casia_Iris_Twins/data/normalized/daugman_strict_v3/masks/06__2R__S3062R08.jpg_mask.png
mask,S3021L04.jpg,S3021L04,True,/Users/sarahoualli/Desktop/Casia_Iris_Twins/data/normalized/daugman_strict_v3/masks/02__1L__S3021L04.jpg_mask.png,/Users/sarahoualli/Desktop/Casia_Iris_Twins/data/normalized/daugman_strict_v3/masks/02__1L__S3021L04.jpg_mask.png
mask,S3021L03.jpg,S3021L03,True,/Users/sarahoualli/Desktop/Casia_Iris_Twins/data/normalized/daugman_strict_v3/masks/02__1L__S3021L03.jpg_mask.png,/Users/sarahoualli/Desktop/Casia_Iris_Twins/data/normalized/daugman_strict_v3/masks/02__1L__S3021L03.jpg_mask.png
mask,S3021L06.jpg,S3021L06,True,/Users/sarahoualli/Desktop/Casia_Iris_Twins/data/normalized/daugman_strict_v3/masks/02__1L__S3021L06.jpg_mask.png,/Users/sarahoualli/Desktop/Casia_Iris_Twins/data/normalized/daugman_strict_v3/masks/02__1L__S3021L06.jpg_mask.png
mask,S3021L02.jpg,S3021L02,True,/Users/sarahoualli/Desktop/Casia_Iris_Twins/data/normalized/daugman_strict_v3/masks/02__1L__S3021L02.jpg_mask.png,/Users/sarahoualli/Desktop/Casia_Iris_Twins/data/normalized/daugman_strict_v3/masks/02__1L__S3021L02.jpg_mask.png
mask,S3021L01.jpg,S3021L01,True,/Users/sarahoualli/Desktop/Casia_Iris_Twins/data/normalized/daugman_strict_v3/masks/02__1L__S3021L01.jpg_mask.png,/Users/sarahoualli/Desktop/Casia_Iris_Twins/data/normalized/daugman_strict_v3/masks/02__1L__S3021L01.jpg_mask.png
mask,S3021R09.jpg,S3021R09,True,/Users/sarahoualli/Desktop/Casia_Iris_Twins/data/normalized/daugman_strict_v3/masks/02__1R__S3021R09.jpg_mask.png,/Users/sarahoualli/Desktop/Casia_Iris_Twins/data/normalized/daugman_strict_v3/masks/02__1R__S3021R09.jpg_mask.png
mask,S3021R01.jpg,S3021R01,True,/Users/sarahoualli/Desktop/Casia_Iris_Twins/data/normalized/daugman_strict_v3/masks/02__1R__S3021R01.jpg_mask.png,/Users/sarahoualli/Desktop/Casia_Iris_Twins/data/normalized/daugman_strict_v3/masks/02__1R__S3021R01.jpg_mask.png
mask,S3021R02.jpg,S3021R02,True,/Users/sarahoualli/Desktop/Casia_Iris_Twins/data/normalized/daugman_strict_v3/masks/02__1R__S3021R02.jpg_mask.png,/Users/sarahoualli/Desktop/Casia_Iris_Twins/data/normalized/daugman_strict_v3/masks/02__1R__S3021R02.jpg_mask.png
mask,S3021R07.jpg,S3021R07,True,/Users/sarahoualli/Desktop/Casia_Iris_Twins/data/normalized/daugman_strict_v3/masks/02__1R__S3021R07.jpg_mask.png,/Users/sarahoualli/Desktop/Casia_Iris_Twins/data/normalized/daugman_strict_v3/masks/02__1R__S3021R07.jpg_mask.png
mask,S3021R06.jpg,S3021R06,True,/Users/sarahoualli/Desktop/Casia_Iris_Twins/data/normalized/daugman_strict_v3/masks/02__1R__S3021R06.jpg_mask.png,/Users/sarahoualli/Desktop/Casia_Iris_Twins/data/normalized/daugman_strict_v3/masks/02__1R__S3021R06.jpg_mask.png
mask,S3022L01.jpg,S3022L01,True,/Users/sarahoualli/Desktop/Casia_Iris_Twins/data/normalized/daugman_strict_v3/masks/02__2L__S3022L01.jpg_mask.png,/Users/sarahoualli/Desktop/Casia_Iris_Twins/data/normalized/daugman_strict_v3/masks/02__2L__S3022L01.jpg_mask.png
mask,S3022R01.jpg,S3022R01,True,/Users/sarahoualli/Desktop/Casia_Iris_Twins/data/normalized/daugman_strict_v3/masks/02__2R__S3022R01.jpg_mask.png,/Users/sarahoualli/Desktop/Casia_Iris_Twins/data/normalized/daugman_strict_v3/masks/02__2R__S3022R01.jpg_mask.png
mask,S3022R02.jpg,S3022R02,True,/Users/sarahoualli/Desktop/Casia_Iris_Twins/data/normalized/daugman_strict_v3/masks/02__2R__S3022R02.jpg_mask.png,/Users/sarahoualli/Desktop/Casia_Iris_Twins/data/normalized/daugman_strict_v3/masks/02__2R__S3022R02.jpg_mask.png
mask,S3101L08.jpg,S3101L08,True,/Users/sarahoualli/Desktop/Casia_Iris_Twins/data/normalized/daugman_strict_v3/masks/10__1L__S3101L08.jpg_mask.png,/Users/sarahoualli/Desktop/Casia_Iris_Twins/data/normalized/daugman_strict_v3/masks/10__1L__S3101L08.jpg_mask.png
mask,S3101L04.jpg,S3101L04,True,/Users/sarahoualli/Desktop/Casia_Iris_Twins/data/normalized/daugman_strict_v3/masks/10__1L__S3101L04.jpg_mask.png,/Users/sarahoualli/Desktop/Casia_Iris_Twins/data/normalized/daugman_strict_v3/masks/10__1L__S3101L04.jpg_mask.png
mask,S3101L02.jpg,S3101L02,True,/Users/sarahoualli/Desktop/Casia_Iris_Twins/data/normalized/daugman_strict_v3/masks/10__1L__S3101L02.jpg_mask.png,/Users/sarahoualli/Desktop/Casia_Iris_Twins/data/normalized/daugman_strict_v3/masks/10__1L__S3101L02.jpg_mask.png
mask,S3101L09.jpg,S3101L09,True,/Users/sarahoualli/Desktop/Casia_Iris_Twins/data/normalized/daugman_strict_v3/masks/10__1L__S3101L09.jpg_mask.png,/Users/sarahoualli/Desktop/Casia_Iris_Twins/data/normalized/daugman_strict_v3/masks/10__1L__S3101L09.jpg_mask.png
mask,S3101L10.jpg,S3101L10,True,/Users/sarahoualli/Desktop/Casia_Iris_Twins/data/normalized/daugman_strict_v3/masks/10__1L__S3101L10.jpg_mask.png,/Users/sarahoualli/Desktop/Casia_Iris_Twins/data/normalized/daugman_strict_v3/masks/10__1L__S3101L10.jpg_mask.png
mask,S3101R07.jpg,S3101R07,True,/Users/sarahoualli/Desktop/Casia_Iris_Twins/data/normalized/daugman_strict_v3/masks/10__1R__S3101R07.jpg_mask.png,/Users/sarahoualli/Desktop/Casia_Iris_Twins/data/normalized/daugman_strict_v3/masks/10__1R__S3101R07.jpg_mask.png
mask,S3101R04.jpg,S3101R04,True,/Users/sarahoualli/Desktop/Casia_Iris_Twins/data/normalized/daugman_strict_v3/masks/10__1R__S3101R04.jpg_mask.png,/Users/sarahoualli/Desktop/Casia_Iris_Twins/data/normalized/daugman_strict_v3/masks/10__1R__S3101R04.jpg_mask.png
mask,S3101R03.jpg,S3101R03,True,/Users/sarahoualli/Desktop/Casia_Iris_Twins/data/normalized/daugman_strict_v3/masks/10__1R__S3101R03.jpg_mask.png,/Users/sarahoualli/Desktop/Casia_Iris_Twins/data/normalized/daugman_strict_v3/masks/10__1R__S3101R03.jpg_mask.png
mask,S3101R02.jpg,S3101R02,True,/Users/sarahoualli/Desktop/Casia_Iris_Twins/data/normalized/daugman_strict_v3/masks/10__1R__S3101R02.jpg_mask.png,/Users/sarahoualli/Desktop/Casia_Iris_Twins/data/normalized/daugman_strict_v3/masks/10__1R__S3101R02.jpg_mask.png
mask,S3101R05.jpg,S3101R05,True,/Users/sarahoualli/Desktop/Casia_Iris_Twins/data/normalized/daugman_strict_v3/masks/10__1R__S3101R05.jpg_mask.png,/Users/sarahoualli/Desktop/Casia_Iris_Twins/data/normalized/daugman_strict_v3/masks/10__1R__S3101R05.jpg_mask.png
mask,S3102L10.jpg,S3102L10,True,/Users/sarahoualli/Desktop/Casia_Iris_Twins/data/normalized/daugman_strict_v3/masks/10__2L__S3102L10.jpg_mask.png,/Users/sarahoualli/Desktop/Casia_Iris_Twins/data/normalized/daugman_strict_v3/masks/10__2L__S3102L10.jpg_mask.png
mask,S3102L09.jpg,S3102L09,True,/Users/sarahoualli/Desktop/Casia_Iris_Twins/data/normalized/daugman_strict_v3/masks/10__2L__S3102L09.jpg_mask.png,/Users/sarahoualli/Desktop/Casia_Iris_Twins/data/normalized/daugman_strict_v3/masks/10__2L__S3102L09.jpg_mask.png
mask,S3102L01.jpg,S3102L01,True,/Users/sarahoualli/Desktop/Casia_Iris_Twins/data/normalized/daugman_strict_v3/masks/10__2L__S3102L01.jpg_mask.png,/Users/sarahoualli/Desktop/Casia_Iris_Twins/data/normalized/daugman_strict_v3/masks/10__2L__S3102L01.jpg_mask.png
mask,S3102L07.jpg,S3102L07,True,/Users/sarahoualli/Desktop/Casia_Iris_Twins/data/normalized/daugman_strict_v3/masks/10__2L__S3102L07.jpg_mask.png,/Users/sarahoualli/Desktop/Casia_Iris_Twins/data/normalized/daugman_strict_v3/masks/10__2L__S3102L07.jpg_mask.png
mask,S3102L06.jpg,S3102L06,True,/Users/sarahoualli/Desktop/Casia_Iris_Twins/data/normalized/daugman_strict_v3/masks/10__2L__S3102L06.jpg_mask.png,/Users/sarahoualli/Desktop/Casia_Iris_Twins/data/normalized/daugman_strict_v3/masks/10__2L__S3102L06.jpg_mask.png
mask,S3102R07.jpg,S3102R07,True,/Users/sarahoualli/Desktop/Casia_Iris_Twins/data/normalized/daugman_strict_v3/masks/10__2R__S3102R07.jpg_mask.png,/Users/sarahoualli/Desktop/Casia_Iris_Twins/data/normalized/daugman_strict_v3/masks/10__2R__S3102R07.jpg_mask.png
mask,S3102R08.jpg,S3102R08,True,/Users/sarahoualli/Desktop/Casia_Iris_Twins/data/normalized/daugman_strict_v3/masks/10__2R__S3102R08.jpg_mask.png,/Users/sarahoualli/Desktop/Casia_Iris_Twins/data/normalized/daugman_strict_v3/masks/10__2R__S3102R08.jpg_mask.png
mask,S3102R02.jpg,S3102R02,True,/Users/sarahoualli/Desktop/Casia_Iris_Twins/data/normalized/daugman_strict_v3/masks/10__2R__S3102R02.jpg_mask.png,/Users/sarahoualli/Desktop/Casia_Iris_Twins/data/normalized/daugman_strict_v3/masks/10__2R__S3102R02.jpg_mask.png
mask,S3102R06.jpg,S3102R06,True,/Users/sarahoualli/Desktop/Casia_Iris_Twins/data/normalized/daugman_strict_v3/masks/10__2R__S3102R06.jpg_mask.png,/Users/sarahoualli/Desktop/Casia_Iris_Twins/data/normalized/daugman_strict_v3/masks/10__2R__S3102R06.jpg_mask.png
mask,S3102R09.jpg,S3102R09,True,/Users/sarahoualli/Desktop/Casia_Iris_Twins/data/normalized/daugman_strict_v3/masks/10__2R__S3102R09.jpg_mask.png,/Users/sarahoualli/Desktop/Casia_Iris_Twins/data/normalized/daugman_strict_v3/masks/10__2R__S3102R09.jpg_mask.png
mask,S3151L06.jpg,S3151L06,True,/Users/sarahoualli/Desktop/Casia_Iris_Twins/data/normalized/daugman_strict_v3/masks/15__1L__S3151L06.jpg_mask.png,/Users/sarahoualli/Desktop/Casia_Iris_Twins/data/normalized/daugman_strict_v3/masks/15__1L__S3151L06.jpg_mask.png
mask,S3151L04.jpg,S3151L04,True,/Users/sarahoualli/Desktop/Casia_Iris_Twins/data/normalized/daugman_strict_v3/masks/15__1L__S3151L04.jpg_mask.png,/Users/sarahoualli/Desktop/Casia_Iris_Twins/data/normalized/daugman_strict_v3/masks/15__1L__S3151L04.jpg_mask.png
mask,S3151L03.jpg,S3151L03,True,/Users/sarahoualli/Desktop/Casia_Iris_Twins/data/normalized/daugman_strict_v3/masks/15__1L__S3151L03.jpg_mask.png,/Users/sarahoualli/Desktop/Casia_Iris_Twins/data/normalized/daugman_strict_v3/masks/15__1L__S3151L03.jpg_mask.png
mask,S3151L05.jpg,S3151L05,True,/Users/sarahoualli/Desktop/Casia_Iris_Twins/data/normalized/daugman_strict_v3/masks/15__1L__S3151L05.jpg_mask.png,/Users/sarahoualli/Desktop/Casia_Iris_Twins/data/normalized/daugman_strict_v3/masks/15__1L__S3151L05.jpg_mask.png
mask,S3151L07.jpg,S3151L07,True,/Users/sarahoualli/Desktop/Casia_Iris_Twins/data/normalized/daugman_strict_v3/masks/15__1L__S3151L07.jpg_mask.png,/Users/sarahoualli/Desktop/Casia_Iris_Twins/data/normalized/daugman_strict_v3/masks/15__1L__S3151L07.jpg_mask.png
mask,S3151R03.jpg,S3151R03,True,/Users/sarahoualli/Desktop/Casia_Iris_Twins/data/normalized/daugman_strict_v3/masks/15__1R__S3151R03.jpg_mask.png,/Users/sarahoualli/Desktop/Casia_Iris_Twins/data/normalized/daugman_strict_v3/masks/15__1R__S3151R03.jpg_mask.png
mask,S3151R01.jpg,S3151R01,True,/Users/sarahoualli/Desktop/Casia_Iris_Twins/data/normalized/daugman_strict_v3/masks/15__1R__S3151R01.jpg_mask.png,/Users/sarahoualli/Desktop/Casia_Iris_Twins/data/normalized/daugman_strict_v3/masks/15__1R__S3151R01.jpg_mask.png
mask,S3151R02.jpg,S3151R02,True,/Users/sarahoualli/Desktop/Casia_Iris_Twins/data/normalized/daugman_strict_v3/masks/15__1R__S3151R02.jpg_mask.png,/Users/sarahoualli/Desktop/Casia_Iris_Twins/data/normalized/daugman_strict_v3/masks/15__1R__S3151R02.jpg_mask.png
mask,S3152R04.jpg,S3152R04,True,/Users/sarahoualli/Desktop/Casia_Iris_Twins/data/normalized/daugman_strict_v3/masks/15__2R__S3152R04.jpg_mask.png,/Users/sarahoualli/Desktop/Casia_Iris_Twins/data/normalized/daugman_strict_v3/masks/15__2R__S3152R04.jpg_mask.png
mask,S3152R03.jpg,S3152R03,True,/Users/sarahoualli/Desktop/Casia_Iris_Twins/data/normalized/daugman_strict_v3/masks/15__2R__S3152R03.jpg_mask.png,/Users/sarahoualli/Desktop/Casia_Iris_Twins/data/normalized/daugman_strict_v3/masks/15__2R__S3152R03.jpg_mask.png
mask,S3152R02.jpg,S3152R02,True,/Users/sarahoualli/Desktop/Casia_Iris_Twins/data/normalized/daugman_strict_v3/masks/15__2R__S3152R02.jpg_mask.png,/Users/sarahoualli/Desktop/Casia_Iris_Twins/data/normalized/daugman_strict_v3/masks/15__2R__S3152R02.jpg_mask.png
mask,S3152R07.jpg,S3152R07,True,/Users/sarahoualli/Desktop/Casia_Iris_Twins/data/normalized/daugman_strict_v3/masks/15__2R__S3152R07.jpg_mask.png,/Users/sarahoualli/Desktop/Casia_Iris_Twins/data/normalized/daugman_strict_v3/masks/15__2R__S3152R07.jpg_mask.png
mask,S3181R04.jpg,S3181R04,True,/Users/sarahoualli/Desktop/Casia_Iris_Twins/data/normalized/daugman_strict_v3/masks/18__1R__S3181R04.jpg_mask.png,/Users/sarahoualli/Desktop/Casia_Iris_Twins/data/normalized/daugman_strict_v3/masks/18__1R__S3181R04.jpg_mask.png
mask,S3181R05.jpg,S3181R05,True,/Users/sarahoualli/Desktop/Casia_Iris_Twins/data/normalized/daugman_strict_v3/masks/18__1R__S3181R05.jpg_mask.png,/Users/sarahoualli/Desktop/Casia_Iris_Twins/data/normalized/daugman_strict_v3/masks/18__1R__S3181R05.jpg_mask.png
mask,S3182L01.jpg,S3182L01,True,/Users/sarahoualli/Desktop/Casia_Iris_Twins/data/normalized/daugman_strict_v3/masks/18__2L__S3182L01.jpg_mask.png,/Users/sarahoualli/Desktop/Casia_Iris_Twins/data/normalized/daugman_strict_v3/masks/18__2L__S3182L01.jpg_mask.png
mask,S3182R05.jpg,S3182R05,True,/Users/sarahoualli/Desktop/Casia_Iris_Twins/data/normalized/daugman_strict_v3/masks/18__2R__S3182R05.jpg_mask.png,/Users/sarahoualli/Desktop/Casia_Iris_Twins/data/normalized/daugman_strict_v3/masks/18__2R__S3182R05.jpg_mask.png
mask,S3182R06.jpg,S3182R06,True,/Users/sarahoualli/Desktop/Casia_Iris_Twins/data/normalized/daugman_strict_v3/masks/18__2R__S3182R06.jpg_mask.png,/Users/sarahoualli/Desktop/Casia_Iris_Twins/data/normalized/daugman_strict_v3/masks/18__2R__S3182R06.jpg_mask.png
mask,S3182R04.jpg,S3182R04,True,/Users/sarahoualli/Desktop/Casia_Iris_Twins/data/normalized/daugman_strict_v3/masks/18__2R__S3182R04.jpg_mask.png,/Users/sarahoualli/Desktop/Casia_Iris_Twins/data/normalized/daugman_strict_v3/masks/18__2R__S3182R04.jpg_mask.png
mask,S3182R03.jpg,S3182R03,True,/Users/sarahoualli/Desktop/Casia_Iris_Twins/data/normalized/daugman_strict_v3/masks/18__2R__S3182R03.jpg_mask.png,/Users/sarahoualli/Desktop/Casia_Iris_Twins/data/normalized/daugman_strict_v3/masks/18__2R__S3182R03.jpg_mask.png
mask,S3182R07.jpg,S3182R07,True,/Users/sarahoualli/Desktop/Casia_Iris_Twins/data/normalized/daugman_strict_v3/masks/18__2R__S3182R07.jpg_mask.png,/Users/sarahoualli/Desktop/Casia_Iris_Twins/data/normalized/daugman_strict_v3/masks/18__2R__S3182R07.jpg_mask.png
mask,S3141L03.jpg,S3141L03,True,/Users/sarahoualli/Desktop/Casia_Iris_Twins/data/normalized/daugman_strict_v3/masks/14__1L__S3141L03.jpg_mask.png,/Users/sarahoualli/Desktop/Casia_Iris_Twins/data/normalized/daugman_strict_v3/masks/14__1L__S3141L03.jpg_mask.png
mask,S3141R07.jpg,S3141R07,True,/Users/sarahoualli/Desktop/Casia_Iris_Twins/data/normalized/daugman_strict_v3/masks/14__1R__S3141R07.jpg_mask.png,/Users/sarahoualli/Desktop/Casia_Iris_Twins/data/normalized/daugman_strict_v3/masks/14__1R__S3141R07.jpg_mask.png
mask,S3141R10.jpg,S3141R10,True,/Users/sarahoualli/Desktop/Casia_Iris_Twins/data/normalized/daugman_strict_v3/masks/14__1R__S3141R10.jpg_mask.png,/Users/sarahoualli/Desktop/Casia_Iris_Twins/data/normalized/daugman_strict_v3/masks/14__1R__S3141R10.jpg_mask.png
mask,S3141R04.jpg,S3141R04,True,/Users/sarahoualli/Desktop/Casia_Iris_Twins/data/normalized/daugman_strict_v3/masks/14__1R__S3141R04.jpg_mask.png,/Users/sarahoualli/Desktop/Casia_Iris_Twins/data/normalized/daugman_strict_v3/masks/14__1R__S3141R04.jpg_mask.png
mask,S3141R06.jpg,S3141R06,True,/Users/sarahoualli/Desktop/Casia_Iris_Twins/data/normalized/daugman_strict_v3/masks/14__1R__S3141R06.jpg_mask.png,/Users/sarahoualli/Desktop/Casia_Iris_Twins/data/normalized/daugman_strict_v3/masks/14__1R__S3141R06.jpg_mask.png
mask,S3142L03.jpg,S3142L03,True,/Users/sarahoualli/Desktop/Casia_Iris_Twins/data/normalized/daugman_strict_v3/masks/14__2L__S3142L03.jpg_mask.png,/Users/sarahoualli/Desktop/Casia_Iris_Twins/data/normalized/daugman_strict_v3/masks/14__2L__S3142L03.jpg_mask.png
mask,S3142L02.jpg,S3142L02,True,/Users/sarahoualli/Desktop/Casia_Iris_Twins/data/normalized/daugman_strict_v3/masks/14__2L__S3142L02.jpg_mask.png,/Users/sarahoualli/Desktop/Casia_Iris_Twins/data/normalized/daugman_strict_v3/masks/14__2L__S3142L02.jpg_mask.png
mask,S3142L04.jpg,S3142L04,True,/Users/sarahoualli/Desktop/Casia_Iris_Twins/data/normalized/daugman_strict_v3/masks/14__2L__S3142L04.jpg_mask.png,/Users/sarahoualli/Desktop/Casia_Iris_Twins/data/normalized/daugman_strict_v3/masks/14__2L__S3142L04.jpg_mask.png
mask,S3142L07.jpg,S3142L07,True,/Users/sarahoualli/Desktop/Casia_Iris_Twins/data/normalized/daugman_strict_v3/masks/14__2L__S3142L07.jpg_mask.png,/Users/sarahoualli/Desktop/Casia_Iris_Twins/data/normalized/daugman_strict_v3/masks/14__2L__S3142L07.jpg_mask.png
mask,S3142R08.jpg,S3142R08,True,/Users/sarahoualli/Desktop/Casia_Iris_Twins/data/normalized/daugman_strict_v3/masks/14__2R__S3142R08.jpg_mask.png,/Users/sarahoualli/Desktop/Casia_Iris_Twins/data/normalized/daugman_strict_v3/masks/14__2R__S3142R08.jpg_mask.png
mask,S3142R07.jpg,S3142R07,True,/Users/sarahoualli/Desktop/Casia_Iris_Twins/data/normalized/daugman_strict_v3/masks/14__2R__S3142R07.jpg_mask.png,/Users/sarahoualli/Desktop/Casia_Iris_Twins/data/normalized/daugman_strict_v3/masks/14__2R__S3142R07.jpg_mask.png
mask,S3142R10.jpg,S3142R10,True,/Users/sarahoualli/Desktop/Casia_Iris_Twins/data/normalized/daugman_strict_v3/masks/14__2R__S3142R10.jpg_mask.png,/Users/sarahoualli/Desktop/Casia_Iris_Twins/data/normalized/daugman_strict_v3/masks/14__2R__S3142R10.jpg_mask.png
mask,S3142R09.jpg,S3142R09,True,/Users/sarahoualli/Desktop/Casia_Iris_Twins/data/normalized/daugman_strict_v3/masks/14__2R__S3142R09.jpg_mask.png,/Users/sarahoualli/Desktop/Casia_Iris_Twins/data/normalized/daugman_strict_v3/masks/14__2R__S3142R09.jpg_mask.png
mask,S3121L03.jpg,S3121L03,True,/Users/sarahoualli/Desktop/Casia_Iris_Twins/data/normalized/daugman_strict_v3/masks/12__1L__S3121L03.jpg_mask.png,/Users/sarahoualli/Desktop/Casia_Iris_Twins/data/normalized/daugman_strict_v3/masks/12__1L__S3121L03.jpg_mask.png
mask,S3121L02.jpg,S3121L02,True,/Users/sarahoualli/Desktop/Casia_Iris_Twins/data/normalized/daugman_strict_v3/masks/12__1L__S3121L02.jpg_mask.png,/Users/sarahoualli/Desktop/Casia_Iris_Twins/data/normalized/daugman_strict_v3/masks/12__1L__S3121L02.jpg_mask.png
mask,S3121L01.jpg,S3121L01,True,/Users/sarahoualli/Desktop/Casia_Iris_Twins/data/normalized/daugman_strict_v3/masks/12__1L__S3121L01.jpg_mask.png,/Users/sarahoualli/Desktop/Casia_Iris_Twins/data/normalized/daugman_strict_v3/masks/12__1L__S3121L01.jpg_mask.png
mask,S3121R04.jpg,S3121R04,True,/Users/sarahoualli/Desktop/Casia_Iris_Twins/data/normalized/daugman_strict_v3/masks/12__1R__S3121R04.jpg_mask.png,/Users/sarahoualli/Desktop/Casia_Iris_Twins/data/normalized/daugman_strict_v3/masks/12__1R__S3121R04.jpg_mask.png
mask,S3121R02.jpg,S3121R02,True,/Users/sarahoualli/Desktop/Casia_Iris_Twins/data/normalized/daugman_strict_v3/masks/12__1R__S3121R02.jpg_mask.png,/Users/sarahoualli/Desktop/Casia_Iris_Twins/data/normalized/daugman_strict_v3/masks/12__1R__S3121R02.jpg_mask.png
mask,S3121R01.jpg,S3121R01,True,/Users/sarahoualli/Desktop/Casia_Iris_Twins/data/normalized/daugman_strict_v3/masks/12__1R__S3121R01.jpg_mask.png,/Users/sarahoualli/Desktop/Casia_Iris_Twins/data/normalized/daugman_strict_v3/masks/12__1R__S3121R01.jpg_mask.png
mask,S3121R08.jpg,S3121R08,True,/Users/sarahoualli/Desktop/Casia_Iris_Twins/data/normalized/daugman_strict_v3/masks/12__1R__S3121R08.jpg_mask.png,/Users/sarahoualli/Desktop/Casia_Iris_Twins/data/normalized/daugman_strict_v3/masks/12__1R__S3121R08.jpg_mask.png
mask,S3121R07.jpg,S3121R07,True,/Users/sarahoualli/Desktop/Casia_Iris_Twins/data/normalized/daugman_strict_v3/masks/12__1R__S3121R07.jpg_mask.png,/Users/sarahoualli/Desktop/Casia_Iris_Twins/data/normalized/daugman_strict_v3/masks/12__1R__S3121R07.jpg_mask.png
mask,S3122L09.jpg,S3122L09,True,/Users/sarahoualli/Desktop/Casia_Iris_Twins/data/normalized/daugman_strict_v3/masks/12__2L__S3122L09.jpg_mask.png,/Users/sarahoualli/Desktop/Casia_Iris_Twins/data/normalized/daugman_strict_v3/masks/12__2L__S3122L09.jpg_mask.png
mask,S3122L07.jpg,S3122L07,True,/Users/sarahoualli/Desktop/Casia_Iris_Twins/data/normalized/daugman_strict_v3/masks/12__2L__S3122L07.jpg_mask.png,/Users/sarahoualli/Desktop/Casia_Iris_Twins/data/normalized/daugman_strict_v3/masks/12__2L__S3122L07.jpg_mask.png
mask,S3122L10.jpg,S3122L10,True,/Users/sarahoualli/Desktop/Casia_Iris_Twins/data/normalized/daugman_strict_v3/masks/12__2L__S3122L10.jpg_mask.png,/Users/sarahoualli/Desktop/Casia_Iris_Twins/data/normalized/daugman_strict_v3/masks/12__2L__S3122L10.jpg_mask.png
mask,S3122L01.jpg,S3122L01,True,/Users/sarahoualli/Desktop/Casia_Iris_Twins/data/normalized/daugman_strict_v3/masks/12__2L__S3122L01.jpg_mask.png,/Users/sarahoualli/Desktop/Casia_Iris_Twins/data/normalized/daugman_strict_v3/masks/12__2L__S3122L01.jpg_mask.png
mask,S3122L05.jpg,S3122L05,True,/Users/sarahoualli/Desktop/Casia_Iris_Twins/data/normalized/daugman_strict_v3/masks/12__2L__S3122L05.jpg_mask.png,/Users/sarahoualli/Desktop/Casia_Iris_Twins/data/normalized/daugman_strict_v3/masks/12__2L__S3122L05.jpg_mask.png
mask,S3122R02.jpg,S3122R02,True,/Users/sarahoualli/Desktop/Casia_Iris_Twins/data/normalized/daugman_strict_v3/masks/12__2R__S3122R02.jpg_mask.png,/Users/sarahoualli/Desktop/Casia_Iris_Twins/data/normalized/daugman_strict_v3/masks/12__2R__S3122R02.jpg_mask.png
mask,S3122R04.jpg,S3122R04,True,/Users/sarahoualli/Desktop/Casia_Iris_Twins/data/normalized/daugman_strict_v3/masks/12__2R__S3122R04.jpg_mask.png,/Users/sarahoualli/Desktop/Casia_Iris_Twins/data/normalized/daugman_strict_v3/masks/12__2R__S3122R04.jpg_mask.png
mask,S3122R03.jpg,S3122R03,True,/Users/sarahoualli/Desktop/Casia_Iris_Twins/data/normalized/daugman_strict_v3/masks/12__2R__S3122R03.jpg_mask.png,/Users/sarahoualli/Desktop/Casia_Iris_Twins/data/normalized/daugman_strict_v3/masks/12__2R__S3122R03.jpg_mask.png
mask,S3122R01.jpg,S3122R01,True,/Users/sarahoualli/Desktop/Casia_Iris_Twins/data/normalized/daugman_strict_v3/masks/12__2R__S3122R01.jpg_mask.png,/Users/sarahoualli/Desktop/Casia_Iris_Twins/data/normalized/daugman_strict_v3/masks/12__2R__S3122R01.jpg_mask.png
mask,S3051L07.jpg,S3051L07,True,/Users/sarahoualli/Desktop/Casia_Iris_Twins/data/normalized/daugman_strict_v3/masks/05__1L__S3051L07.jpg_mask.png,/Users/sarahoualli/Desktop/Casia_Iris_Twins/data/normalized/daugman_strict_v3/masks/05__1L__S3051L07.jpg_mask.png
mask,S3051L08.jpg,S3051L08,True,/Users/sarahoualli/Desktop/Casia_Iris_Twins/data/normalized/daugman_strict_v3/masks/05__1L__S3051L08.jpg_mask.png,/Users/sarahoualli/Desktop/Casia_Iris_Twins/data/normalized/daugman_strict_v3/masks/05__1L__S3051L08.jpg_mask.png
mask,S3051L10.jpg,S3051L10,True,/Users/sarahoualli/Desktop/Casia_Iris_Twins/data/normalized/daugman_strict_v3/masks/05__1L__S3051L10.jpg_mask.png,/Users/sarahoualli/Desktop/Casia_Iris_Twins/data/normalized/daugman_strict_v3/masks/05__1L__S3051L10.jpg_mask.png
mask,S3051L06.jpg,S3051L06,True,/Users/sarahoualli/Desktop/Casia_Iris_Twins/data/normalized/daugman_strict_v3/masks/05__1L__S3051L06.jpg_mask.png,/Users/sarahoualli/Desktop/Casia_Iris_Twins/data/normalized/daugman_strict_v3/masks/05__1L__S3051L06.jpg_mask.png
mask,S3051R01.jpg,S3051R01,True,/Users/sarahoualli/Desktop/Casia_Iris_Twins/data/normalized/daugman_strict_v3/masks/05__1R__S3051R01.jpg_mask.png,/Users/sarahoualli/Desktop/Casia_Iris_Twins/data/normalized/daugman_strict_v3/masks/05__1R__S3051R01.jpg_mask.png
mask,S3051R03.jpg,S3051R03,True,/Users/sarahoualli/Desktop/Casia_Iris_Twins/data/normalized/daugman_strict_v3/masks/05__1R__S3051R03.jpg_mask.png,/Users/sarahoualli/Desktop/Casia_Iris_Twins/data/normalized/daugman_strict_v3/masks/05__1R__S3051R03.jpg_mask.png
mask,S3052L01.jpg,S3052L01,True,/Users/sarahoualli/Desktop/Casia_Iris_Twins/data/normalized/daugman_strict_v3/masks/05__2L__S3052L01.jpg_mask.png,/Users/sarahoualli/Desktop/Casia_Iris_Twins/data/normalized/daugman_strict_v3/masks/05__2L__S3052L01.jpg_mask.png
mask,S3052L02.jpg,S3052L02,True,/Users/sarahoualli/Desktop/Casia_Iris_Twins/data/normalized/daugman_strict_v3/masks/05__2L__S3052L02.jpg_mask.png,/Users/sarahoualli/Desktop/Casia_Iris_Twins/data/normalized/daugman_strict_v3/masks/05__2L__S3052L02.jpg_mask.png
mask,S3052L03.jpg,S3052L03,True,/Users/sarahoualli/Desktop/Casia_Iris_Twins/data/normalized/daugman_strict_v3/masks/05__2L__S3052L03.jpg_mask.png,/Users/sarahoualli/Desktop/Casia_Iris_Twins/data/normalized/daugman_strict_v3/masks/05__2L__S3052L03.jpg_mask.png
mask,S3052R01.jpg,S3052R01,True,/Users/sarahoualli/Desktop/Casia_Iris_Twins/data/normalized/daugman_strict_v3/masks/05__2R__S3052R01.jpg_mask.png,/Users/sarahoualli/Desktop/Casia_Iris_Twins/data/normalized/daugman_strict_v3/masks/05__2R__S3052R01.jpg_mask.png
mask,S3011L07.jpg,S3011L07,True,/Users/sarahoualli/Desktop/Casia_Iris_Twins/data/normalized/daugman_strict_v3/masks/01__1L__S3011L07.jpg_mask.png,/Users/sarahoualli/Desktop/Casia_Iris_Twins/data/normalized/daugman_strict_v3/masks/01__1L__S3011L07.jpg_mask.png
mask,S3011R01.jpg,S3011R01,True,/Users/sarahoualli/Desktop/Casia_Iris_Twins/data/normalized/daugman_strict_v3/masks/01__1R__S3011R01.jpg_mask.png,/Users/sarahoualli/Desktop/Casia_Iris_Twins/data/normalized/daugman_strict_v3/masks/01__1R__S3011R01.jpg_mask.png
mask,S3011R02.jpg,S3011R02,True,/Users/sarahoualli/Desktop/Casia_Iris_Twins/data/normalized/daugman_strict_v3/masks/01__1R__S3011R02.jpg_mask.png,/Users/sarahoualli/Desktop/Casia_Iris_Twins/data/normalized/daugman_strict_v3/masks/01__1R__S3011R02.jpg_mask.png
mask,S3012L07.jpg,S3012L07,True,/Users/sarahoualli/Desktop/Casia_Iris_Twins/data/normalized/daugman_strict_v3/masks/01__2L__S3012L07.jpg_mask.png,/Users/sarahoualli/Desktop/Casia_Iris_Twins/data/normalized/daugman_strict_v3/masks/01__2L__S3012L07.jpg_mask.png
mask,S3012L02.jpg,S3012L02,True,/Users/sarahoualli/Desktop/Casia_Iris_Twins/data/normalized/daugman_strict_v3/masks/01__2L__S3012L02.jpg_mask.png,/Users/sarahoualli/Desktop/Casia_Iris_Twins/data/normalized/daugman_strict_v3/masks/01__2L__S3012L02.jpg_mask.png
mask,S3012R07.jpg,S3012R07,True,/Users/sarahoualli/Desktop/Casia_Iris_Twins/data/normalized/daugman_strict_v3/masks/01__2R__S3012R07.jpg_mask.png,/Users/sarahoualli/Desktop/Casia_Iris_Twins/data/normalized/daugman_strict_v3/masks/01__2R__S3012R07.jpg_mask.png
masked,S3111L01.jpg,S3111L01,True,/Users/sarahoualli/Desktop/Casia_Iris_Twins/data/normalized/daugman_strict_v3/masked_previews/11__1L__S3111L01.jpg_preview.png,/Users/sarahoualli/Desktop/Casia_Iris_Twins/data/normalized/daugman_strict_v3/masked_previews/11__1L__S3111L01.jpg_preview.png
masked,S3111L03.jpg,S3111L03,True,/Users/sarahoualli/Desktop/Casia_Iris_Twins/data/normalized/daugman_strict_v3/masked_previews/11__1L__S3111L03.jpg_preview.png,/Users/sarahoualli/Desktop/Casia_Iris_Twins/data/normalized/daugman_strict_v3/masked_previews/11__1L__S3111L03.jpg_preview.png
masked,S3111R02.jpg,S3111R02,True,/Users/sarahoualli/Desktop/Casia_Iris_Twins/data/normalized/daugman_strict_v3/masked_previews/11__1R__S3111R02.jpg_preview.png,/Users/sarahoualli/Desktop/Casia_Iris_Twins/data/normalized/daugman_strict_v3/masked_previews/11__1R__S3111R02.jpg_preview.png
masked,S3111R06.jpg,S3111R06,True,/Users/sarahoualli/Desktop/Casia_Iris_Twins/data/normalized/daugman_strict_v3/masked_previews/11__1R__S3111R06.jpg_preview.png,/Users/sarahoualli/Desktop/Casia_Iris_Twins/data/normalized/daugman_strict_v3/masked_previews/11__1R__S3111R06.jpg_preview.png
masked,S3111R09.jpg,S3111R09,True,/Users/sarahoualli/Desktop/Casia_Iris_Twins/data/normalized/daugman_strict_v3/masked_previews/11__1R__S3111R09.jpg_preview.png,/Users/sarahoualli/Desktop/Casia_Iris_Twins/data/normalized/daugman_strict_v3/masked_previews/11__1R__S3111R09.jpg_preview.png
masked,S3111R01.jpg,S3111R01,True,/Users/sarahoualli/Desktop/Casia_Iris_Twins/data/normalized/daugman_strict_v3/masked_previews/11__1R__S3111R01.jpg_preview.png,/Users/sarahoualli/Desktop/Casia_Iris_Twins/data/normalized/daugman_strict_v3/masked_previews/11__1R__S3111R01.jpg_preview.png
masked,S3111R05.jpg,S3111R05,True,/Users/sarahoualli/Desktop/Casia_Iris_Twins/data/normalized/daugman_strict_v3/masked_previews/11__1R__S3111R05.jpg_preview.png,/Users/sarahoualli/Desktop/Casia_Iris_Twins/data/normalized/daugman_strict_v3/masked_previews/11__1R__S3111R05.jpg_preview.png
masked,S3112L10.jpg,S3112L10,True,/Users/sarahoualli/Desktop/Casia_Iris_Twins/data/normalized/daugman_strict_v3/masked_previews/11__2L__S3112L10.jpg_preview.png,/Users/sarahoualli/Desktop/Casia_Iris_Twins/data/normalized/daugman_strict_v3/masked_previews/11__2L__S3112L10.jpg_preview.png
masked,S3171L10.jpg,S3171L10,True,/Users/sarahoualli/Desktop/Casia_Iris_Twins/data/normalized/daugman_strict_v3/masked_previews/17__1L__S3171L10.jpg_preview.png,/Users/sarahoualli/Desktop/Casia_Iris_Twins/data/normalized/daugman_strict_v3/masked_previews/17__1L__S3171L10.jpg_preview.png
masked,S3172L07.jpg,S3172L07,True,/Users/sarahoualli/Desktop/Casia_Iris_Twins/data/normalized/daugman_strict_v3/masked_previews/17__2L__S3172L07.jpg_preview.png,/Users/sarahoualli/Desktop/Casia_Iris_Twins/data/normalized/daugman_strict_v3/masked_previews/17__2L__S3172L07.jpg_preview.png
masked,S3172R02.jpg,S3172R02,True,/Users/sarahoualli/Desktop/Casia_Iris_Twins/data/normalized/daugman_strict_v3/masked_previews/17__2R__S3172R02.jpg_preview.png,/Users/sarahoualli/Desktop/Casia_Iris_Twins/data/normalized/daugman_strict_v3/masked_previews/17__2R__S3172R02.jpg_preview.png
masked,S3092L03.jpg,S3092L03,True,/Users/sarahoualli/Desktop/Casia_Iris_Twins/data/normalized/daugman_strict_v3/masked_previews/09__2L__S3092L03.jpg_preview.png,/Users/sarahoualli/Desktop/Casia_Iris_Twins/data/normalized/daugman_strict_v3/masked_previews/09__2L__S3092L03.jpg_preview.png
masked,S3092L01.jpg,S3092L01,True,/Users/sarahoualli/Desktop/Casia_Iris_Twins/data/normalized/daugman_strict_v3/masked_previews/09__2L__S3092L01.jpg_preview.png,/Users/sarahoualli/Desktop/Casia_Iris_Twins/data/normalized/daugman_strict_v3/masked_previews/09__2L__S3092L01.jpg_preview.png
masked,S3092L02.jpg,S3092L02,True,/Users/sarahoualli/Desktop/Casia_Iris_Twins/data/normalized/daugman_strict_v3/masked_previews/09__2L__S3092L02.jpg_preview.png,/Users/sarahoualli/Desktop/Casia_Iris_Twins/data/normalized/daugman_strict_v3/masked_previews/09__2L__S3092L02.jpg_preview.png
masked,S3092L04.jpg,S3092L04,True,/Users/sarahoualli/Desktop/Casia_Iris_Twins/data/normalized/daugman_strict_v3/masked_previews/09__2L__S3092L04.jpg_preview.png,/Users/sarahoualli/Desktop/Casia_Iris_Twins/data/normalized/daugman_strict_v3/masked_previews/09__2L__S3092L04.jpg_preview.png
masked,S3092L05.jpg,S3092L05,True,/Users/sarahoualli/Desktop/Casia_Iris_Twins/data/normalized/daugman_strict_v3/masked_previews/09__2L__S3092L05.jpg_preview.png,/Users/sarahoualli/Desktop/Casia_Iris_Twins/data/normalized/daugman_strict_v3/masked_previews/09__2L__S3092L05.jpg_preview.png
masked,S3092R04.jpg,S3092R04,True,/Users/sarahoualli/Desktop/Casia_Iris_Twins/data/normalized/daugman_strict_v3/masked_previews/09__2R__S3092R04.jpg_preview.png,/Users/sarahoualli/Desktop/Casia_Iris_Twins/data/normalized/daugman_strict_v3/masked_previews/09__2R__S3092R04.jpg_preview.png
masked,S3092R01.jpg,S3092R01,True,/Users/sarahoualli/Desktop/Casia_Iris_Twins/data/normalized/daugman_strict_v3/masked_previews/09__2R__S3092R01.jpg_preview.png,/Users/sarahoualli/Desktop/Casia_Iris_Twins/data/normalized/daugman_strict_v3/masked_previews/09__2R__S3092R01.jpg_preview.png
masked,S3092R03.jpg,S3092R03,True,/Users/sarahoualli/Desktop/Casia_Iris_Twins/data/normalized/daugman_strict_v3/masked_previews/09__2R__S3092R03.jpg_preview.png,/Users/sarahoualli/Desktop/Casia_Iris_Twins/data/normalized/daugman_strict_v3/masked_previews/09__2R__S3092R03.jpg_preview.png
masked,S3092R02.jpg,S3092R02,True,/Users/sarahoualli/Desktop/Casia_Iris_Twins/data/normalized/daugman_strict_v3/masked_previews/09__2R__S3092R02.jpg_preview.png,/Users/sarahoualli/Desktop/Casia_Iris_Twins/data/normalized/daugman_strict_v3/masked_previews/09__2R__S3092R02.jpg_preview.png
masked,S3092R06.jpg,S3092R06,True,/Users/sarahoualli/Desktop/Casia_Iris_Twins/data/normalized/daugman_strict_v3/masked_previews/09__2R__S3092R06.jpg_preview.png,/Users/sarahoualli/Desktop/Casia_Iris_Twins/data/normalized/daugman_strict_v3/masked_previews/09__2R__S3092R06.jpg_preview.png
masked,S3071L06.jpg,S3071L06,True,/Users/sarahoualli/Desktop/Casia_Iris_Twins/data/normalized/daugman_strict_v3/masked_previews/07__1L__S3071L06.jpg_preview.png,/Users/sarahoualli/Desktop/Casia_Iris_Twins/data/normalized/daugman_strict_v3/masked_previews/07__1L__S3071L06.jpg_preview.png
masked,S3072L08.jpg,S3072L08,True,/Users/sarahoualli/Desktop/Casia_Iris_Twins/data/normalized/daugman_strict_v3/masked_previews/07__2L__S3072L08.jpg_preview.png,/Users/sarahoualli/Desktop/Casia_Iris_Twins/data/normalized/daugman_strict_v3/masked_previews/07__2L__S3072L08.jpg_preview.png
masked,S3072L03.jpg,S3072L03,True,/Users/sarahoualli/Desktop/Casia_Iris_Twins/data/normalized/daugman_strict_v3/masked_previews/07__2L__S3072L03.jpg_preview.png,/Users/sarahoualli/Desktop/Casia_Iris_Twins/data/normalized/daugman_strict_v3/masked_previews/07__2L__S3072L03.jpg_preview.png
masked,S3072L06.jpg,S3072L06,True,/Users/sarahoualli/Desktop/Casia_Iris_Twins/data/normalized/daugman_strict_v3/masked_previews/07__2L__S3072L06.jpg_preview.png,/Users/sarahoualli/Desktop/Casia_Iris_Twins/data/normalized/daugman_strict_v3/masked_previews/07__2L__S3072L06.jpg_preview.png
masked,S3072L01.jpg,S3072L01,True,/Users/sarahoualli/Desktop/Casia_Iris_Twins/data/normalized/daugman_strict_v3/masked_previews/07__2L__S3072L01.jpg_preview.png,/Users/sarahoualli/Desktop/Casia_Iris_Twins/data/normalized/daugman_strict_v3/masked_previews/07__2L__S3072L01.jpg_preview.png
masked,S3072L09.jpg,S3072L09,True,/Users/sarahoualli/Desktop/Casia_Iris_Twins/data/normalized/daugman_strict_v3/masked_previews/07__2L__S3072L09.jpg_preview.png,/Users/sarahoualli/Desktop/Casia_Iris_Twins/data/normalized/daugman_strict_v3/masked_previews/07__2L__S3072L09.jpg_preview.png
masked,S3072R08.jpg,S3072R08,True,/Users/sarahoualli/Desktop/Casia_Iris_Twins/data/normalized/daugman_strict_v3/masked_previews/07__2R__S3072R08.jpg_preview.png,/Users/sarahoualli/Desktop/Casia_Iris_Twins/data/normalized/daugman_strict_v3/masked_previews/07__2R__S3072R08.jpg_preview.png
masked,S3072R10.jpg,S3072R10,True,/Users/sarahoualli/Desktop/Casia_Iris_Twins/data/normalized/daugman_strict_v3/masked_previews/07__2R__S3072R10.jpg_preview.png,/Users/sarahoualli/Desktop/Casia_Iris_Twins/data/normalized/daugman_strict_v3/masked_previews/07__2R__S3072R10.jpg_preview.png
masked,S3162L03.jpg,S3162L03,True,/Users/sarahoualli/Desktop/Casia_Iris_Twins/data/normalized/daugman_strict_v3/masked_previews/16__2L__S3162L03.jpg_preview.png,/Users/sarahoualli/Desktop/Casia_Iris_Twins/data/normalized/daugman_strict_v3/masked_previews/16__2L__S3162L03.jpg_preview.png
masked,S3162L01.jpg,S3162L01,True,/Users/sarahoualli/Desktop/Casia_Iris_Twins/data/normalized/daugman_strict_v3/masked_previews/16__2L__S3162L01.jpg_preview.png,/Users/sarahoualli/Desktop/Casia_Iris_Twins/data/normalized/daugman_strict_v3/masked_previews/16__2L__S3162L01.jpg_preview.png
masked,S3162L02.jpg,S3162L02,True,/Users/sarahoualli/Desktop/Casia_Iris_Twins/data/normalized/daugman_strict_v3/masked_previews/16__2L__S3162L02.jpg_preview.png,/Users/sarahoualli/Desktop/Casia_Iris_Twins/data/normalized/daugman_strict_v3/masked_previews/16__2L__S3162L02.jpg_preview.png
masked,S3162L04.jpg,S3162L04,True,/Users/sarahoualli/Desktop/Casia_Iris_Twins/data/normalized/daugman_strict_v3/masked_previews/16__2L__S3162L04.jpg_preview.png,/Users/sarahoualli/Desktop/Casia_Iris_Twins/data/normalized/daugman_strict_v3/masked_previews/16__2L__S3162L04.jpg_preview.png
masked,S3162R09.jpg,S3162R09,True,/Users/sarahoualli/Desktop/Casia_Iris_Twins/data/normalized/daugman_strict_v3/masked_previews/16__2R__S3162R09.jpg_preview.png,/Users/sarahoualli/Desktop/Casia_Iris_Twins/data/normalized/daugman_strict_v3/masked_previews/16__2R__S3162R09.jpg_preview.png
masked,S3162R06.jpg,S3162R06,True,/Users/sarahoualli/Desktop/Casia_Iris_Twins/data/normalized/daugman_strict_v3/masked_previews/16__2R__S3162R06.jpg_preview.png,/Users/sarahoualli/Desktop/Casia_Iris_Twins/data/normalized/daugman_strict_v3/masked_previews/16__2R__S3162R06.jpg_preview.png
masked,S3162R10.jpg,S3162R10,True,/Users/sarahoualli/Desktop/Casia_Iris_Twins/data/normalized/daugman_strict_v3/masked_previews/16__2R__S3162R10.jpg_preview.png,/Users/sarahoualli/Desktop/Casia_Iris_Twins/data/normalized/daugman_strict_v3/masked_previews/16__2R__S3162R10.jpg_preview.png
masked,S3162R08.jpg,S3162R08,True,/Users/sarahoualli/Desktop/Casia_Iris_Twins/data/normalized/daugman_strict_v3/masked_previews/16__2R__S3162R08.jpg_preview.png,/Users/sarahoualli/Desktop/Casia_Iris_Twins/data/normalized/daugman_strict_v3/masked_previews/16__2R__S3162R08.jpg_preview.png
masked,S3162R07.jpg,S3162R07,True,/Users/sarahoualli/Desktop/Casia_Iris_Twins/data/normalized/daugman_strict_v3/masked_previews/16__2R__S3162R07.jpg_preview.png,/Users/sarahoualli/Desktop/Casia_Iris_Twins/data/normalized/daugman_strict_v3/masked_previews/16__2R__S3162R07.jpg_preview.png
masked,S3131L08.jpg,S3131L08,True,/Users/sarahoualli/Desktop/Casia_Iris_Twins/data/normalized/daugman_strict_v3/masked_previews/13__1L__S3131L08.jpg_preview.png,/Users/sarahoualli/Desktop/Casia_Iris_Twins/data/normalized/daugman_strict_v3/masked_previews/13__1L__S3131L08.jpg_preview.png
masked,S3131L10.jpg,S3131L10,True,/Users/sarahoualli/Desktop/Casia_Iris_Twins/data/normalized/daugman_strict_v3/masked_previews/13__1L__S3131L10.jpg_preview.png,/Users/sarahoualli/Desktop/Casia_Iris_Twins/data/normalized/daugman_strict_v3/masked_previews/13__1L__S3131L10.jpg_preview.png
masked,S3131R04.jpg,S3131R04,True,/Users/sarahoualli/Desktop/Casia_Iris_Twins/data/normalized/daugman_strict_v3/masked_previews/13__1R__S3131R04.jpg_preview.png,/Users/sarahoualli/Desktop/Casia_Iris_Twins/data/normalized/daugman_strict_v3/masked_previews/13__1R__S3131R04.jpg_preview.png
masked,S3131R06.jpg,S3131R06,True,/Users/sarahoualli/Desktop/Casia_Iris_Twins/data/normalized/daugman_strict_v3/masked_previews/13__1R__S3131R06.jpg_preview.png,/Users/sarahoualli/Desktop/Casia_Iris_Twins/data/normalized/daugman_strict_v3/masked_previews/13__1R__S3131R06.jpg_preview.png
masked,S3131R05.jpg,S3131R05,True,/Users/sarahoualli/Desktop/Casia_Iris_Twins/data/normalized/daugman_strict_v3/masked_previews/13__1R__S3131R05.jpg_preview.png,/Users/sarahoualli/Desktop/Casia_Iris_Twins/data/normalized/daugman_strict_v3/masked_previews/13__1R__S3131R05.jpg_preview.png
masked,S3131R07.jpg,S3131R07,True,/Users/sarahoualli/Desktop/Casia_Iris_Twins/data/normalized/daugman_strict_v3/masked_previews/13__1R__S3131R07.jpg_preview.png,/Users/sarahoualli/Desktop/Casia_Iris_Twins/data/normalized/daugman_strict_v3/masked_previews/13__1R__S3131R07.jpg_preview.png
masked,S3132L09.jpg,S3132L09,True,/Users/sarahoualli/Desktop/Casia_Iris_Twins/data/normalized/daugman_strict_v3/masked_previews/13__2L__S3132L09.jpg_preview.png,/Users/sarahoualli/Desktop/Casia_Iris_Twins/data/normalized/daugman_strict_v3/masked_previews/13__2L__S3132L09.jpg_preview.png
masked,S3132L08.jpg,S3132L08,True,/Users/sarahoualli/Desktop/Casia_Iris_Twins/data/normalized/daugman_strict_v3/masked_previews/13__2L__S3132L08.jpg_preview.png,/Users/sarahoualli/Desktop/Casia_Iris_Twins/data/normalized/daugman_strict_v3/masked_previews/13__2L__S3132L08.jpg_preview.png
masked,S3132L05.jpg,S3132L05,True,/Users/sarahoualli/Desktop/Casia_Iris_Twins/data/normalized/daugman_strict_v3/masked_previews/13__2L__S3132L05.jpg_preview.png,/Users/sarahoualli/Desktop/Casia_Iris_Twins/data/normalized/daugman_strict_v3/masked_previews/13__2L__S3132L05.jpg_preview.png
masked,S3132L10.jpg,S3132L10,True,/Users/sarahoualli/Desktop/Casia_Iris_Twins/data/normalized/daugman_strict_v3/masked_previews/13__2L__S3132L10.jpg_preview.png,/Users/sarahoualli/Desktop/Casia_Iris_Twins/data/normalized/daugman_strict_v3/masked_previews/13__2L__S3132L10.jpg_preview.png
masked,S3132L04.jpg,S3132L04,True,/Users/sarahoualli/Desktop/Casia_Iris_Twins/data/normalized/daugman_strict_v3/masked_previews/13__2L__S3132L04.jpg_preview.png,/Users/sarahoualli/Desktop/Casia_Iris_Twins/data/normalized/daugman_strict_v3/masked_previews/13__2L__S3132L04.jpg_preview.png
masked,S3132R06.jpg,S3132R06,True,/Users/sarahoualli/Desktop/Casia_Iris_Twins/data/normalized/daugman_strict_v3/masked_previews/13__2R__S3132R06.jpg_preview.png,/Users/sarahoualli/Desktop/Casia_Iris_Twins/data/normalized/daugman_strict_v3/masked_previews/13__2R__S3132R06.jpg_preview.png
masked,S3132R07.jpg,S3132R07,True,/Users/sarahoualli/Desktop/Casia_Iris_Twins/data/normalized/daugman_strict_v3/masked_previews/13__2R__S3132R07.jpg_preview.png,/Users/sarahoualli/Desktop/Casia_Iris_Twins/data/normalized/daugman_strict_v3/masked_previews/13__2R__S3132R07.jpg_preview.png
masked,S3031L06.jpg,S3031L06,True,/Users/sarahoualli/Desktop/Casia_Iris_Twins/data/normalized/daugman_strict_v3/masked_previews/03__1L__S3031L06.jpg_preview.png,/Users/sarahoualli/Desktop/Casia_Iris_Twins/data/normalized/daugman_strict_v3/masked_previews/03__1L__S3031L06.jpg_preview.png
masked,S3031R09.jpg,S3031R09,True,/Users/sarahoualli/Desktop/Casia_Iris_Twins/data/normalized/daugman_strict_v3/masked_previews/03__1R__S3031R09.jpg_preview.png,/Users/sarahoualli/Desktop/Casia_Iris_Twins/data/normalized/daugman_strict_v3/masked_previews/03__1R__S3031R09.jpg_preview.png
masked,S3032L08.jpg,S3032L08,True,/Users/sarahoualli/Desktop/Casia_Iris_Twins/data/normalized/daugman_strict_v3/masked_previews/03__2L__S3032L08.jpg_preview.png,/Users/sarahoualli/Desktop/Casia_Iris_Twins/data/normalized/daugman_strict_v3/masked_previews/03__2L__S3032L08.jpg_preview.png
masked,S3032L10.jpg,S3032L10,True,/Users/sarahoualli/Desktop/Casia_Iris_Twins/data/normalized/daugman_strict_v3/masked_previews/03__2L__S3032L10.jpg_preview.png,/Users/sarahoualli/Desktop/Casia_Iris_Twins/data/normalized/daugman_strict_v3/masked_previews/03__2L__S3032L10.jpg_preview.png
masked,S3032L09.jpg,S3032L09,True,/Users/sarahoualli/Desktop/Casia_Iris_Twins/data/normalized/daugman_strict_v3/masked_previews/03__2L__S3032L09.jpg_preview.png,/Users/sarahoualli/Desktop/Casia_Iris_Twins/data/normalized/daugman_strict_v3/masked_previews/03__2L__S3032L09.jpg_preview.png
masked,S3032L05.jpg,S3032L05,True,/Users/sarahoualli/Desktop/Casia_Iris_Twins/data/normalized/daugman_strict_v3/masked_previews/03__2L__S3032L05.jpg_preview.png,/Users/sarahoualli/Desktop/Casia_Iris_Twins/data/normalized/daugman_strict_v3/masked_previews/03__2L__S3032L05.jpg_preview.png
masked,S3032L06.jpg,S3032L06,True,/Users/sarahoualli/Desktop/Casia_Iris_Twins/data/normalized/daugman_strict_v3/masked_previews/03__2L__S3032L06.jpg_preview.png,/Users/sarahoualli/Desktop/Casia_Iris_Twins/data/normalized/daugman_strict_v3/masked_previews/03__2L__S3032L06.jpg_preview.png
masked,S3032R10.jpg,S3032R10,True,/Users/sarahoualli/Desktop/Casia_Iris_Twins/data/normalized/daugman_strict_v3/masked_previews/03__2R__S3032R10.jpg_preview.png,/Users/sarahoualli/Desktop/Casia_Iris_Twins/data/normalized/daugman_strict_v3/masked_previews/03__2R__S3032R10.jpg_preview.png
masked,S3032R05.jpg,S3032R05,True,/Users/sarahoualli/Desktop/Casia_Iris_Twins/data/normalized/daugman_strict_v3/masked_previews/03__2R__S3032R05.jpg_preview.png,/Users/sarahoualli/Desktop/Casia_Iris_Twins/data/normalized/daugman_strict_v3/masked_previews/03__2R__S3032R05.jpg_preview.png
masked,S3032R04.jpg,S3032R04,True,/Users/sarahoualli/Desktop/Casia_Iris_Twins/data/normalized/daugman_strict_v3/masked_previews/03__2R__S3032R04.jpg_preview.png,/Users/sarahoualli/Desktop/Casia_Iris_Twins/data/normalized/daugman_strict_v3/masked_previews/03__2R__S3032R04.jpg_preview.png
masked,S3032R07.jpg,S3032R07,True,/Users/sarahoualli/Desktop/Casia_Iris_Twins/data/normalized/daugman_strict_v3/masked_previews/03__2R__S3032R07.jpg_preview.png,/Users/sarahoualli/Desktop/Casia_Iris_Twins/data/normalized/daugman_strict_v3/masked_previews/03__2R__S3032R07.jpg_preview.png
masked,S3032R06.jpg,S3032R06,True,/Users/sarahoualli/Desktop/Casia_Iris_Twins/data/normalized/daugman_strict_v3/masked_previews/03__2R__S3032R06.jpg_preview.png,/Users/sarahoualli/Desktop/Casia_Iris_Twins/data/normalized/daugman_strict_v3/masked_previews/03__2R__S3032R06.jpg_preview.png
masked,S3041L03.jpg,S3041L03,True,/Users/sarahoualli/Desktop/Casia_Iris_Twins/data/normalized/daugman_strict_v3/masked_previews/04__1L__S3041L03.jpg_preview.png,/Users/sarahoualli/Desktop/Casia_Iris_Twins/data/normalized/daugman_strict_v3/masked_previews/04__1L__S3041L03.jpg_preview.png
masked,S3041L06.jpg,S3041L06,True,/Users/sarahoualli/Desktop/Casia_Iris_Twins/data/normalized/daugman_strict_v3/masked_previews/04__1L__S3041L06.jpg_preview.png,/Users/sarahoualli/Desktop/Casia_Iris_Twins/data/normalized/daugman_strict_v3/masked_previews/04__1L__S3041L06.jpg_preview.png
masked,S3041L05.jpg,S3041L05,True,/Users/sarahoualli/Desktop/Casia_Iris_Twins/data/normalized/daugman_strict_v3/masked_previews/04__1L__S3041L05.jpg_preview.png,/Users/sarahoualli/Desktop/Casia_Iris_Twins/data/normalized/daugman_strict_v3/masked_previews/04__1L__S3041L05.jpg_preview.png
masked,S3041L04.jpg,S3041L04,True,/Users/sarahoualli/Desktop/Casia_Iris_Twins/data/normalized/daugman_strict_v3/masked_previews/04__1L__S3041L04.jpg_preview.png,/Users/sarahoualli/Desktop/Casia_Iris_Twins/data/normalized/daugman_strict_v3/masked_previews/04__1L__S3041L04.jpg_preview.png
masked,S3041R01.jpg,S3041R01,True,/Users/sarahoualli/Desktop/Casia_Iris_Twins/data/normalized/daugman_strict_v3/masked_previews/04__1R__S3041R01.jpg_preview.png,/Users/sarahoualli/Desktop/Casia_Iris_Twins/data/normalized/daugman_strict_v3/masked_previews/04__1R__S3041R01.jpg_preview.png
masked,S3042L08.jpg,S3042L08,True,/Users/sarahoualli/Desktop/Casia_Iris_Twins/data/normalized/daugman_strict_v3/masked_previews/04__2L__S3042L08.jpg_preview.png,/Users/sarahoualli/Desktop/Casia_Iris_Twins/data/normalized/daugman_strict_v3/masked_previews/04__2L__S3042L08.jpg_preview.png
masked,S3042R07.jpg,S3042R07,True,/Users/sarahoualli/Desktop/Casia_Iris_Twins/data/normalized/daugman_strict_v3/masked_previews/04__2R__S3042R07.jpg_preview.png,/Users/sarahoualli/Desktop/Casia_Iris_Twins/data/normalized/daugman_strict_v3/masked_previews/04__2R__S3042R07.jpg_preview.png
masked,S3042R08.jpg,S3042R08,True,/Users/sarahoualli/Desktop/Casia_Iris_Twins/data/normalized/daugman_strict_v3/masked_previews/04__2R__S3042R08.jpg_preview.png,/Users/sarahoualli/Desktop/Casia_Iris_Twins/data/normalized/daugman_strict_v3/masked_previews/04__2R__S3042R08.jpg_preview.png
masked,S3002L02.jpg,S3002L02,True,/Users/sarahoualli/Desktop/Casia_Iris_Twins/data/normalized/daugman_strict_v3/masked_previews/00__2L__S3002L02.jpg_preview.png,/Users/sarahoualli/Desktop/Casia_Iris_Twins/data/normalized/daugman_strict_v3/masked_previews/00__2L__S3002L02.jpg_preview.png
masked,S3082R05.jpg,S3082R05,True,/Users/sarahoualli/Desktop/Casia_Iris_Twins/data/normalized/daugman_strict_v3/masked_previews/08__2R__S3082R05.jpg_preview.png,/Users/sarahoualli/Desktop/Casia_Iris_Twins/data/normalized/daugman_strict_v3/masked_previews/08__2R__S3082R05.jpg_preview.png
masked,S3082R02.jpg,S3082R02,True,/Users/sarahoualli/Desktop/Casia_Iris_Twins/data/normalized/daugman_strict_v3/masked_previews/08__2R__S3082R02.jpg_preview.png,/Users/sarahoualli/Desktop/Casia_Iris_Twins/data/normalized/daugman_strict_v3/masked_previews/08__2R__S3082R02.jpg_preview.png
masked,S3082R06.jpg,S3082R06,True,/Users/sarahoualli/Desktop/Casia_Iris_Twins/data/normalized/daugman_strict_v3/masked_previews/08__2R__S3082R06.jpg_preview.png,/Users/sarahoualli/Desktop/Casia_Iris_Twins/data/normalized/daugman_strict_v3/masked_previews/08__2R__S3082R06.jpg_preview.png
masked,S3082R01.jpg,S3082R01,True,/Users/sarahoualli/Desktop/Casia_Iris_Twins/data/normalized/daugman_strict_v3/masked_previews/08__2R__S3082R01.jpg_preview.png,/Users/sarahoualli/Desktop/Casia_Iris_Twins/data/normalized/daugman_strict_v3/masked_previews/08__2R__S3082R01.jpg_preview.png
masked,S3082R04.jpg,S3082R04,True,/Users/sarahoualli/Desktop/Casia_Iris_Twins/data/normalized/daugman_strict_v3/masked_previews/08__2R__S3082R04.jpg_preview.png,/Users/sarahoualli/Desktop/Casia_Iris_Twins/data/normalized/daugman_strict_v3/masked_previews/08__2R__S3082R04.jpg_preview.png
masked,S3061L03.jpg,S3061L03,True,/Users/sarahoualli/Desktop/Casia_Iris_Twins/data/normalized/daugman_strict_v3/masked_previews/06__1L__S3061L03.jpg_preview.png,/Users/sarahoualli/Desktop/Casia_Iris_Twins/data/normalized/daugman_strict_v3/masked_previews/06__1L__S3061L03.jpg_preview.png
masked,S3061L02.jpg,S3061L02,True,/Users/sarahoualli/Desktop/Casia_Iris_Twins/data/normalized/daugman_strict_v3/masked_previews/06__1L__S3061L02.jpg_preview.png,/Users/sarahoualli/Desktop/Casia_Iris_Twins/data/normalized/daugman_strict_v3/masked_previews/06__1L__S3061L02.jpg_preview.png
masked,S3061R01.jpg,S3061R01,True,/Users/sarahoualli/Desktop/Casia_Iris_Twins/data/normalized/daugman_strict_v3/masked_previews/06__1R__S3061R01.jpg_preview.png,/Users/sarahoualli/Desktop/Casia_Iris_Twins/data/normalized/daugman_strict_v3/masked_previews/06__1R__S3061R01.jpg_preview.png
masked,S3061R04.jpg,S3061R04,True,/Users/sarahoualli/Desktop/Casia_Iris_Twins/data/normalized/daugman_strict_v3/masked_previews/06__1R__S3061R04.jpg_preview.png,/Users/sarahoualli/Desktop/Casia_Iris_Twins/data/normalized/daugman_strict_v3/masked_previews/06__1R__S3061R04.jpg_preview.png
masked,S3061R07.jpg,S3061R07,True,/Users/sarahoualli/Desktop/Casia_Iris_Twins/data/normalized/daugman_strict_v3/masked_previews/06__1R__S3061R07.jpg_preview.png,/Users/sarahoualli/Desktop/Casia_Iris_Twins/data/normalized/daugman_strict_v3/masked_previews/06__1R__S3061R07.jpg_preview.png
masked,S3061R08.jpg,S3061R08,True,/Users/sarahoualli/Desktop/Casia_Iris_Twins/data/normalized/daugman_strict_v3/masked_previews/06__1R__S3061R08.jpg_preview.png,/Users/sarahoualli/Desktop/Casia_Iris_Twins/data/normalized/daugman_strict_v3/masked_previews/06__1R__S3061R08.jpg_preview.png
masked,S3062L03.jpg,S3062L03,True,/Users/sarahoualli/Desktop/Casia_Iris_Twins/data/normalized/daugman_strict_v3/masked_previews/06__2L__S3062L03.jpg_preview.png,/Users/sarahoualli/Desktop/Casia_Iris_Twins/data/normalized/daugman_strict_v3/masked_previews/06__2L__S3062L03.jpg_preview.png
masked,S3062L05.jpg,S3062L05,True,/Users/sarahoualli/Desktop/Casia_Iris_Twins/data/normalized/daugman_strict_v3/masked_previews/06__2L__S3062L05.jpg_preview.png,/Users/sarahoualli/Desktop/Casia_Iris_Twins/data/normalized/daugman_strict_v3/masked_previews/06__2L__S3062L05.jpg_preview.png
masked,S3062L07.jpg,S3062L07,True,/Users/sarahoualli/Desktop/Casia_Iris_Twins/data/normalized/daugman_strict_v3/masked_previews/06__2L__S3062L07.jpg_preview.png,/Users/sarahoualli/Desktop/Casia_Iris_Twins/data/normalized/daugman_strict_v3/masked_previews/06__2L__S3062L07.jpg_preview.png
masked,S3062L06.jpg,S3062L06,True,/Users/sarahoualli/Desktop/Casia_Iris_Twins/data/normalized/daugman_strict_v3/masked_previews/06__2L__S3062L06.jpg_preview.png,/Users/sarahoualli/Desktop/Casia_Iris_Twins/data/normalized/daugman_strict_v3/masked_previews/06__2L__S3062L06.jpg_preview.png
masked,S3062L04.jpg,S3062L04,True,/Users/sarahoualli/Desktop/Casia_Iris_Twins/data/normalized/daugman_strict_v3/masked_previews/06__2L__S3062L04.jpg_preview.png,/Users/sarahoualli/Desktop/Casia_Iris_Twins/data/normalized/daugman_strict_v3/masked_previews/06__2L__S3062L04.jpg_preview.png
masked,S3062R02.jpg,S3062R02,True,/Users/sarahoualli/Desktop/Casia_Iris_Twins/data/normalized/daugman_strict_v3/masked_previews/06__2R__S3062R02.jpg_preview.png,/Users/sarahoualli/Desktop/Casia_Iris_Twins/data/normalized/daugman_strict_v3/masked_previews/06__2R__S3062R02.jpg_preview.png
masked,S3062R09.jpg,S3062R09,True,/Users/sarahoualli/Desktop/Casia_Iris_Twins/data/normalized/daugman_strict_v3/masked_previews/06__2R__S3062R09.jpg_preview.png,/Users/sarahoualli/Desktop/Casia_Iris_Twins/data/normalized/daugman_strict_v3/masked_previews/06__2R__S3062R09.jpg_preview.png
masked,S3062R10.jpg,S3062R10,True,/Users/sarahoualli/Desktop/Casia_Iris_Twins/data/normalized/daugman_strict_v3/masked_previews/06__2R__S3062R10.jpg_preview.png,/Users/sarahoualli/Desktop/Casia_Iris_Twins/data/normalized/daugman_strict_v3/masked_previews/06__2R__S3062R10.jpg_preview.png
masked,S3062R07.jpg,S3062R07,True,/Users/sarahoualli/Desktop/Casia_Iris_Twins/data/normalized/daugman_strict_v3/masked_previews/06__2R__S3062R07.jpg_preview.png,/Users/sarahoualli/Desktop/Casia_Iris_Twins/data/normalized/daugman_strict_v3/masked_previews/06__2R__S3062R07.jpg_preview.png
masked,S3062R08.jpg,S3062R08,True,/Users/sarahoualli/Desktop/Casia_Iris_Twins/data/normalized/daugman_strict_v3/masked_previews/06__2R__S3062R08.jpg_preview.png,/Users/sarahoualli/Desktop/Casia_Iris_Twins/data/normalized/daugman_strict_v3/masked_previews/06__2R__S3062R08.jpg_preview.png
masked,S3021L04.jpg,S3021L04,True,/Users/sarahoualli/Desktop/Casia_Iris_Twins/data/normalized/daugman_strict_v3/masked_previews/02__1L__S3021L04.jpg_preview.png,/Users/sarahoualli/Desktop/Casia_Iris_Twins/data/normalized/daugman_strict_v3/masked_previews/02__1L__S3021L04.jpg_preview.png
masked,S3021L03.jpg,S3021L03,True,/Users/sarahoualli/Desktop/Casia_Iris_Twins/data/normalized/daugman_strict_v3/masked_previews/02__1L__S3021L03.jpg_preview.png,/Users/sarahoualli/Desktop/Casia_Iris_Twins/data/normalized/daugman_strict_v3/masked_previews/02__1L__S3021L03.jpg_preview.png
masked,S3021L06.jpg,S3021L06,True,/Users/sarahoualli/Desktop/Casia_Iris_Twins/data/normalized/daugman_strict_v3/masked_previews/02__1L__S3021L06.jpg_preview.png,/Users/sarahoualli/Desktop/Casia_Iris_Twins/data/normalized/daugman_strict_v3/masked_previews/02__1L__S3021L06.jpg_preview.png
masked,S3021L02.jpg,S3021L02,True,/Users/sarahoualli/Desktop/Casia_Iris_Twins/data/normalized/daugman_strict_v3/masked_previews/02__1L__S3021L02.jpg_preview.png,/Users/sarahoualli/Desktop/Casia_Iris_Twins/data/normalized/daugman_strict_v3/masked_previews/02__1L__S3021L02.jpg_preview.png
masked,S3021L01.jpg,S3021L01,True,/Users/sarahoualli/Desktop/Casia_Iris_Twins/data/normalized/daugman_strict_v3/masked_previews/02__1L__S3021L01.jpg_preview.png,/Users/sarahoualli/Desktop/Casia_Iris_Twins/data/normalized/daugman_strict_v3/masked_previews/02__1L__S3021L01.jpg_preview.png
masked,S3021R09.jpg,S3021R09,True,/Users/sarahoualli/Desktop/Casia_Iris_Twins/data/normalized/daugman_strict_v3/masked_previews/02__1R__S3021R09.jpg_preview.png,/Users/sarahoualli/Desktop/Casia_Iris_Twins/data/normalized/daugman_strict_v3/masked_previews/02__1R__S3021R09.jpg_preview.png
masked,S3021R01.jpg,S3021R01,True,/Users/sarahoualli/Desktop/Casia_Iris_Twins/data/normalized/daugman_strict_v3/masked_previews/02__1R__S3021R01.jpg_preview.png,/Users/sarahoualli/Desktop/Casia_Iris_Twins/data/normalized/daugman_strict_v3/masked_previews/02__1R__S3021R01.jpg_preview.png
masked,S3021R02.jpg,S3021R02,True,/Users/sarahoualli/Desktop/Casia_Iris_Twins/data/normalized/daugman_strict_v3/masked_previews/02__1R__S3021R02.jpg_preview.png,/Users/sarahoualli/Desktop/Casia_Iris_Twins/data/normalized/daugman_strict_v3/masked_previews/02__1R__S3021R02.jpg_preview.png
masked,S3021R07.jpg,S3021R07,True,/Users/sarahoualli/Desktop/Casia_Iris_Twins/data/normalized/daugman_strict_v3/masked_previews/02__1R__S3021R07.jpg_preview.png,/Users/sarahoualli/Desktop/Casia_Iris_Twins/data/normalized/daugman_strict_v3/masked_previews/02__1R__S3021R07.jpg_preview.png
masked,S3021R06.jpg,S3021R06,True,/Users/sarahoualli/Desktop/Casia_Iris_Twins/data/normalized/daugman_strict_v3/masked_previews/02__1R__S3021R06.jpg_preview.png,/Users/sarahoualli/Desktop/Casia_Iris_Twins/data/normalized/daugman_strict_v3/masked_previews/02__1R__S3021R06.jpg_preview.png
masked,S3022L01.jpg,S3022L01,True,/Users/sarahoualli/Desktop/Casia_Iris_Twins/data/normalized/daugman_strict_v3/masked_previews/02__2L__S3022L01.jpg_preview.png,/Users/sarahoualli/Desktop/Casia_Iris_Twins/data/normalized/daugman_strict_v3/masked_previews/02__2L__S3022L01.jpg_preview.png
masked,S3022R01.jpg,S3022R01,True,/Users/sarahoualli/Desktop/Casia_Iris_Twins/data/normalized/daugman_strict_v3/masked_previews/02__2R__S3022R01.jpg_preview.png,/Users/sarahoualli/Desktop/Casia_Iris_Twins/data/normalized/daugman_strict_v3/masked_previews/02__2R__S3022R01.jpg_preview.png
masked,S3022R02.jpg,S3022R02,True,/Users/sarahoualli/Desktop/Casia_Iris_Twins/data/normalized/daugman_strict_v3/masked_previews/02__2R__S3022R02.jpg_preview.png,/Users/sarahoualli/Desktop/Casia_Iris_Twins/data/normalized/daugman_strict_v3/masked_previews/02__2R__S3022R02.jpg_preview.png
masked,S3101L08.jpg,S3101L08,True,/Users/sarahoualli/Desktop/Casia_Iris_Twins/data/normalized/daugman_strict_v3/masked_previews/10__1L__S3101L08.jpg_preview.png,/Users/sarahoualli/Desktop/Casia_Iris_Twins/data/normalized/daugman_strict_v3/masked_previews/10__1L__S3101L08.jpg_preview.png
masked,S3101L04.jpg,S3101L04,True,/Users/sarahoualli/Desktop/Casia_Iris_Twins/data/normalized/daugman_strict_v3/masked_previews/10__1L__S3101L04.jpg_preview.png,/Users/sarahoualli/Desktop/Casia_Iris_Twins/data/normalized/daugman_strict_v3/masked_previews/10__1L__S3101L04.jpg_preview.png
masked,S3101L02.jpg,S3101L02,True,/Users/sarahoualli/Desktop/Casia_Iris_Twins/data/normalized/daugman_strict_v3/masked_previews/10__1L__S3101L02.jpg_preview.png,/Users/sarahoualli/Desktop/Casia_Iris_Twins/data/normalized/daugman_strict_v3/masked_previews/10__1L__S3101L02.jpg_preview.png
masked,S3101L09.jpg,S3101L09,True,/Users/sarahoualli/Desktop/Casia_Iris_Twins/data/normalized/daugman_strict_v3/masked_previews/10__1L__S3101L09.jpg_preview.png,/Users/sarahoualli/Desktop/Casia_Iris_Twins/data/normalized/daugman_strict_v3/masked_previews/10__1L__S3101L09.jpg_preview.png
masked,S3101L10.jpg,S3101L10,True,/Users/sarahoualli/Desktop/Casia_Iris_Twins/data/normalized/daugman_strict_v3/masked_previews/10__1L__S3101L10.jpg_preview.png,/Users/sarahoualli/Desktop/Casia_Iris_Twins/data/normalized/daugman_strict_v3/masked_previews/10__1L__S3101L10.jpg_preview.png
masked,S3101R07.jpg,S3101R07,True,/Users/sarahoualli/Desktop/Casia_Iris_Twins/data/normalized/daugman_strict_v3/masked_previews/10__1R__S3101R07.jpg_preview.png,/Users/sarahoualli/Desktop/Casia_Iris_Twins/data/normalized/daugman_strict_v3/masked_previews/10__1R__S3101R07.jpg_preview.png
masked,S3101R04.jpg,S3101R04,True,/Users/sarahoualli/Desktop/Casia_Iris_Twins/data/normalized/daugman_strict_v3/masked_previews/10__1R__S3101R04.jpg_preview.png,/Users/sarahoualli/Desktop/Casia_Iris_Twins/data/normalized/daugman_strict_v3/masked_previews/10__1R__S3101R04.jpg_preview.png
masked,S3101R03.jpg,S3101R03,True,/Users/sarahoualli/Desktop/Casia_Iris_Twins/data/normalized/daugman_strict_v3/masked_previews/10__1R__S3101R03.jpg_preview.png,/Users/sarahoualli/Desktop/Casia_Iris_Twins/data/normalized/daugman_strict_v3/masked_previews/10__1R__S3101R03.jpg_preview.png
masked,S3101R02.jpg,S3101R02,True,/Users/sarahoualli/Desktop/Casia_Iris_Twins/data/normalized/daugman_strict_v3/masked_previews/10__1R__S3101R02.jpg_preview.png,/Users/sarahoualli/Desktop/Casia_Iris_Twins/data/normalized/daugman_strict_v3/masked_previews/10__1R__S3101R02.jpg_preview.png
masked,S3101R05.jpg,S3101R05,True,/Users/sarahoualli/Desktop/Casia_Iris_Twins/data/normalized/daugman_strict_v3/masked_previews/10__1R__S3101R05.jpg_preview.png,/Users/sarahoualli/Desktop/Casia_Iris_Twins/data/normalized/daugman_strict_v3/masked_previews/10__1R__S3101R05.jpg_preview.png
masked,S3102L10.jpg,S3102L10,True,/Users/sarahoualli/Desktop/Casia_Iris_Twins/data/normalized/daugman_strict_v3/masked_previews/10__2L__S3102L10.jpg_preview.png,/Users/sarahoualli/Desktop/Casia_Iris_Twins/data/normalized/daugman_strict_v3/masked_previews/10__2L__S3102L10.jpg_preview.png
masked,S3102L09.jpg,S3102L09,True,/Users/sarahoualli/Desktop/Casia_Iris_Twins/data/normalized/daugman_strict_v3/masked_previews/10__2L__S3102L09.jpg_preview.png,/Users/sarahoualli/Desktop/Casia_Iris_Twins/data/normalized/daugman_strict_v3/masked_previews/10__2L__S3102L09.jpg_preview.png
masked,S3102L01.jpg,S3102L01,True,/Users/sarahoualli/Desktop/Casia_Iris_Twins/data/normalized/daugman_strict_v3/masked_previews/10__2L__S3102L01.jpg_preview.png,/Users/sarahoualli/Desktop/Casia_Iris_Twins/data/normalized/daugman_strict_v3/masked_previews/10__2L__S3102L01.jpg_preview.png
masked,S3102L07.jpg,S3102L07,True,/Users/sarahoualli/Desktop/Casia_Iris_Twins/data/normalized/daugman_strict_v3/masked_previews/10__2L__S3102L07.jpg_preview.png,/Users/sarahoualli/Desktop/Casia_Iris_Twins/data/normalized/daugman_strict_v3/masked_previews/10__2L__S3102L07.jpg_preview.png
masked,S3102L06.jpg,S3102L06,True,/Users/sarahoualli/Desktop/Casia_Iris_Twins/data/normalized/daugman_strict_v3/masked_previews/10__2L__S3102L06.jpg_preview.png,/Users/sarahoualli/Desktop/Casia_Iris_Twins/data/normalized/daugman_strict_v3/masked_previews/10__2L__S3102L06.jpg_preview.png
masked,S3102R07.jpg,S3102R07,True,/Users/sarahoualli/Desktop/Casia_Iris_Twins/data/normalized/daugman_strict_v3/masked_previews/10__2R__S3102R07.jpg_preview.png,/Users/sarahoualli/Desktop/Casia_Iris_Twins/data/normalized/daugman_strict_v3/masked_previews/10__2R__S3102R07.jpg_preview.png
masked,S3102R08.jpg,S3102R08,True,/Users/sarahoualli/Desktop/Casia_Iris_Twins/data/normalized/daugman_strict_v3/masked_previews/10__2R__S3102R08.jpg_preview.png,/Users/sarahoualli/Desktop/Casia_Iris_Twins/data/normalized/daugman_strict_v3/masked_previews/10__2R__S3102R08.jpg_preview.png
masked,S3102R02.jpg,S3102R02,True,/Users/sarahoualli/Desktop/Casia_Iris_Twins/data/normalized/daugman_strict_v3/masked_previews/10__2R__S3102R02.jpg_preview.png,/Users/sarahoualli/Desktop/Casia_Iris_Twins/data/normalized/daugman_strict_v3/masked_previews/10__2R__S3102R02.jpg_preview.png
masked,S3102R06.jpg,S3102R06,True,/Users/sarahoualli/Desktop/Casia_Iris_Twins/data/normalized/daugman_strict_v3/masked_previews/10__2R__S3102R06.jpg_preview.png,/Users/sarahoualli/Desktop/Casia_Iris_Twins/data/normalized/daugman_strict_v3/masked_previews/10__2R__S3102R06.jpg_preview.png
masked,S3102R09.jpg,S3102R09,True,/Users/sarahoualli/Desktop/Casia_Iris_Twins/data/normalized/daugman_strict_v3/masked_previews/10__2R__S3102R09.jpg_preview.png,/Users/sarahoualli/Desktop/Casia_Iris_Twins/data/normalized/daugman_strict_v3/masked_previews/10__2R__S3102R09.jpg_preview.png
masked,S3151L06.jpg,S3151L06,True,/Users/sarahoualli/Desktop/Casia_Iris_Twins/data/normalized/daugman_strict_v3/masked_previews/15__1L__S3151L06.jpg_preview.png,/Users/sarahoualli/Desktop/Casia_Iris_Twins/data/normalized/daugman_strict_v3/masked_previews/15__1L__S3151L06.jpg_preview.png
masked,S3151L04.jpg,S3151L04,True,/Users/sarahoualli/Desktop/Casia_Iris_Twins/data/normalized/daugman_strict_v3/masked_previews/15__1L__S3151L04.jpg_preview.png,/Users/sarahoualli/Desktop/Casia_Iris_Twins/data/normalized/daugman_strict_v3/masked_previews/15__1L__S3151L04.jpg_preview.png
masked,S3151L03.jpg,S3151L03,True,/Users/sarahoualli/Desktop/Casia_Iris_Twins/data/normalized/daugman_strict_v3/masked_previews/15__1L__S3151L03.jpg_preview.png,/Users/sarahoualli/Desktop/Casia_Iris_Twins/data/normalized/daugman_strict_v3/masked_previews/15__1L__S3151L03.jpg_preview.png
masked,S3151L05.jpg,S3151L05,True,/Users/sarahoualli/Desktop/Casia_Iris_Twins/data/normalized/daugman_strict_v3/masked_previews/15__1L__S3151L05.jpg_preview.png,/Users/sarahoualli/Desktop/Casia_Iris_Twins/data/normalized/daugman_strict_v3/masked_previews/15__1L__S3151L05.jpg_preview.png
masked,S3151L07.jpg,S3151L07,True,/Users/sarahoualli/Desktop/Casia_Iris_Twins/data/normalized/daugman_strict_v3/masked_previews/15__1L__S3151L07.jpg_preview.png,/Users/sarahoualli/Desktop/Casia_Iris_Twins/data/normalized/daugman_strict_v3/masked_previews/15__1L__S3151L07.jpg_preview.png
masked,S3151R03.jpg,S3151R03,True,/Users/sarahoualli/Desktop/Casia_Iris_Twins/data/normalized/daugman_strict_v3/masked_previews/15__1R__S3151R03.jpg_preview.png,/Users/sarahoualli/Desktop/Casia_Iris_Twins/data/normalized/daugman_strict_v3/masked_previews/15__1R__S3151R03.jpg_preview.png
masked,S3151R01.jpg,S3151R01,True,/Users/sarahoualli/Desktop/Casia_Iris_Twins/data/normalized/daugman_strict_v3/masked_previews/15__1R__S3151R01.jpg_preview.png,/Users/sarahoualli/Desktop/Casia_Iris_Twins/data/normalized/daugman_strict_v3/masked_previews/15__1R__S3151R01.jpg_preview.png
masked,S3151R02.jpg,S3151R02,True,/Users/sarahoualli/Desktop/Casia_Iris_Twins/data/normalized/daugman_strict_v3/masked_previews/15__1R__S3151R02.jpg_preview.png,/Users/sarahoualli/Desktop/Casia_Iris_Twins/data/normalized/daugman_strict_v3/masked_previews/15__1R__S3151R02.jpg_preview.png
masked,S3152R04.jpg,S3152R04,True,/Users/sarahoualli/Desktop/Casia_Iris_Twins/data/normalized/daugman_strict_v3/masked_previews/15__2R__S3152R04.jpg_preview.png,/Users/sarahoualli/Desktop/Casia_Iris_Twins/data/normalized/daugman_strict_v3/masked_previews/15__2R__S3152R04.jpg_preview.png
masked,S3152R03.jpg,S3152R03,True,/Users/sarahoualli/Desktop/Casia_Iris_Twins/data/normalized/daugman_strict_v3/masked_previews/15__2R__S3152R03.jpg_preview.png,/Users/sarahoualli/Desktop/Casia_Iris_Twins/data/normalized/daugman_strict_v3/masked_previews/15__2R__S3152R03.jpg_preview.png
masked,S3152R02.jpg,S3152R02,True,/Users/sarahoualli/Desktop/Casia_Iris_Twins/data/normalized/daugman_strict_v3/masked_previews/15__2R__S3152R02.jpg_preview.png,/Users/sarahoualli/Desktop/Casia_Iris_Twins/data/normalized/daugman_strict_v3/masked_previews/15__2R__S3152R02.jpg_preview.png
masked,S3152R07.jpg,S3152R07,True,/Users/sarahoualli/Desktop/Casia_Iris_Twins/data/normalized/daugman_strict_v3/masked_previews/15__2R__S3152R07.jpg_preview.png,/Users/sarahoualli/Desktop/Casia_Iris_Twins/data/normalized/daugman_strict_v3/masked_previews/15__2R__S3152R07.jpg_preview.png
masked,S3181R04.jpg,S3181R04,True,/Users/sarahoualli/Desktop/Casia_Iris_Twins/data/normalized/daugman_strict_v3/masked_previews/18__1R__S3181R04.jpg_preview.png,/Users/sarahoualli/Desktop/Casia_Iris_Twins/data/normalized/daugman_strict_v3/masked_previews/18__1R__S3181R04.jpg_preview.png
masked,S3181R05.jpg,S3181R05,True,/Users/sarahoualli/Desktop/Casia_Iris_Twins/data/normalized/daugman_strict_v3/masked_previews/18__1R__S3181R05.jpg_preview.png,/Users/sarahoualli/Desktop/Casia_Iris_Twins/data/normalized/daugman_strict_v3/masked_previews/18__1R__S3181R05.jpg_preview.png
masked,S3182L01.jpg,S3182L01,True,/Users/sarahoualli/Desktop/Casia_Iris_Twins/data/normalized/daugman_strict_v3/masked_previews/18__2L__S3182L01.jpg_preview.png,/Users/sarahoualli/Desktop/Casia_Iris_Twins/data/normalized/daugman_strict_v3/masked_previews/18__2L__S3182L01.jpg_preview.png
masked,S3182R05.jpg,S3182R05,True,/Users/sarahoualli/Desktop/Casia_Iris_Twins/data/normalized/daugman_strict_v3/masked_previews/18__2R__S3182R05.jpg_preview.png,/Users/sarahoualli/Desktop/Casia_Iris_Twins/data/normalized/daugman_strict_v3/masked_previews/18__2R__S3182R05.jpg_preview.png
masked,S3182R06.jpg,S3182R06,True,/Users/sarahoualli/Desktop/Casia_Iris_Twins/data/normalized/daugman_strict_v3/masked_previews/18__2R__S3182R06.jpg_preview.png,/Users/sarahoualli/Desktop/Casia_Iris_Twins/data/normalized/daugman_strict_v3/masked_previews/18__2R__S3182R06.jpg_preview.png
masked,S3182R04.jpg,S3182R04,True,/Users/sarahoualli/Desktop/Casia_Iris_Twins/data/normalized/daugman_strict_v3/masked_previews/18__2R__S3182R04.jpg_preview.png,/Users/sarahoualli/Desktop/Casia_Iris_Twins/data/normalized/daugman_strict_v3/masked_previews/18__2R__S3182R04.jpg_preview.png
masked,S3182R03.jpg,S3182R03,True,/Users/sarahoualli/Desktop/Casia_Iris_Twins/data/normalized/daugman_strict_v3/masked_previews/18__2R__S3182R03.jpg_preview.png,/Users/sarahoualli/Desktop/Casia_Iris_Twins/data/normalized/daugman_strict_v3/masked_previews/18__2R__S3182R03.jpg_preview.png
masked,S3182R07.jpg,S3182R07,True,/Users/sarahoualli/Desktop/Casia_Iris_Twins/data/normalized/daugman_strict_v3/masked_previews/18__2R__S3182R07.jpg_preview.png,/Users/sarahoualli/Desktop/Casia_Iris_Twins/data/normalized/daugman_strict_v3/masked_previews/18__2R__S3182R07.jpg_preview.png
masked,S3141L03.jpg,S3141L03,True,/Users/sarahoualli/Desktop/Casia_Iris_Twins/data/normalized/daugman_strict_v3/masked_previews/14__1L__S3141L03.jpg_preview.png,/Users/sarahoualli/Desktop/Casia_Iris_Twins/data/normalized/daugman_strict_v3/masked_previews/14__1L__S3141L03.jpg_preview.png
masked,S3141R07.jpg,S3141R07,True,/Users/sarahoualli/Desktop/Casia_Iris_Twins/data/normalized/daugman_strict_v3/masked_previews/14__1R__S3141R07.jpg_preview.png,/Users/sarahoualli/Desktop/Casia_Iris_Twins/data/normalized/daugman_strict_v3/masked_previews/14__1R__S3141R07.jpg_preview.png
masked,S3141R10.jpg,S3141R10,True,/Users/sarahoualli/Desktop/Casia_Iris_Twins/data/normalized/daugman_strict_v3/masked_previews/14__1R__S3141R10.jpg_preview.png,/Users/sarahoualli/Desktop/Casia_Iris_Twins/data/normalized/daugman_strict_v3/masked_previews/14__1R__S3141R10.jpg_preview.png
masked,S3141R04.jpg,S3141R04,True,/Users/sarahoualli/Desktop/Casia_Iris_Twins/data/normalized/daugman_strict_v3/masked_previews/14__1R__S3141R04.jpg_preview.png,/Users/sarahoualli/Desktop/Casia_Iris_Twins/data/normalized/daugman_strict_v3/masked_previews/14__1R__S3141R04.jpg_preview.png
masked,S3141R06.jpg,S3141R06,True,/Users/sarahoualli/Desktop/Casia_Iris_Twins/data/normalized/daugman_strict_v3/masked_previews/14__1R__S3141R06.jpg_preview.png,/Users/sarahoualli/Desktop/Casia_Iris_Twins/data/normalized/daugman_strict_v3/masked_previews/14__1R__S3141R06.jpg_preview.png
masked,S3142L03.jpg,S3142L03,True,/Users/sarahoualli/Desktop/Casia_Iris_Twins/data/normalized/daugman_strict_v3/masked_previews/14__2L__S3142L03.jpg_preview.png,/Users/sarahoualli/Desktop/Casia_Iris_Twins/data/normalized/daugman_strict_v3/masked_previews/14__2L__S3142L03.jpg_preview.png
masked,S3142L02.jpg,S3142L02,True,/Users/sarahoualli/Desktop/Casia_Iris_Twins/data/normalized/daugman_strict_v3/masked_previews/14__2L__S3142L02.jpg_preview.png,/Users/sarahoualli/Desktop/Casia_Iris_Twins/data/normalized/daugman_strict_v3/masked_previews/14__2L__S3142L02.jpg_preview.png
masked,S3142L04.jpg,S3142L04,True,/Users/sarahoualli/Desktop/Casia_Iris_Twins/data/normalized/daugman_strict_v3/masked_previews/14__2L__S3142L04.jpg_preview.png,/Users/sarahoualli/Desktop/Casia_Iris_Twins/data/normalized/daugman_strict_v3/masked_previews/14__2L__S3142L04.jpg_preview.png
masked,S3142L07.jpg,S3142L07,True,/Users/sarahoualli/Desktop/Casia_Iris_Twins/data/normalized/daugman_strict_v3/masked_previews/14__2L__S3142L07.jpg_preview.png,/Users/sarahoualli/Desktop/Casia_Iris_Twins/data/normalized/daugman_strict_v3/masked_previews/14__2L__S3142L07.jpg_preview.png
masked,S3142R08.jpg,S3142R08,True,/Users/sarahoualli/Desktop/Casia_Iris_Twins/data/normalized/daugman_strict_v3/masked_previews/14__2R__S3142R08.jpg_preview.png,/Users/sarahoualli/Desktop/Casia_Iris_Twins/data/normalized/daugman_strict_v3/masked_previews/14__2R__S3142R08.jpg_preview.png
masked,S3142R07.jpg,S3142R07,True,/Users/sarahoualli/Desktop/Casia_Iris_Twins/data/normalized/daugman_strict_v3/masked_previews/14__2R__S3142R07.jpg_preview.png,/Users/sarahoualli/Desktop/Casia_Iris_Twins/data/normalized/daugman_strict_v3/masked_previews/14__2R__S3142R07.jpg_preview.png
masked,S3142R10.jpg,S3142R10,True,/Users/sarahoualli/Desktop/Casia_Iris_Twins/data/normalized/daugman_strict_v3/masked_previews/14__2R__S3142R10.jpg_preview.png,/Users/sarahoualli/Desktop/Casia_Iris_Twins/data/normalized/daugman_strict_v3/masked_previews/14__2R__S3142R10.jpg_preview.png
masked,S3142R09.jpg,S3142R09,True,/Users/sarahoualli/Desktop/Casia_Iris_Twins/data/normalized/daugman_strict_v3/masked_previews/14__2R__S3142R09.jpg_preview.png,/Users/sarahoualli/Desktop/Casia_Iris_Twins/data/normalized/daugman_strict_v3/masked_previews/14__2R__S3142R09.jpg_preview.png
masked,S3121L03.jpg,S3121L03,True,/Users/sarahoualli/Desktop/Casia_Iris_Twins/data/normalized/daugman_strict_v3/masked_previews/12__1L__S3121L03.jpg_preview.png,/Users/sarahoualli/Desktop/Casia_Iris_Twins/data/normalized/daugman_strict_v3/masked_previews/12__1L__S3121L03.jpg_preview.png
masked,S3121L02.jpg,S3121L02,True,/Users/sarahoualli/Desktop/Casia_Iris_Twins/data/normalized/daugman_strict_v3/masked_previews/12__1L__S3121L02.jpg_preview.png,/Users/sarahoualli/Desktop/Casia_Iris_Twins/data/normalized/daugman_strict_v3/masked_previews/12__1L__S3121L02.jpg_preview.png
masked,S3121L01.jpg,S3121L01,True,/Users/sarahoualli/Desktop/Casia_Iris_Twins/data/normalized/daugman_strict_v3/masked_previews/12__1L__S3121L01.jpg_preview.png,/Users/sarahoualli/Desktop/Casia_Iris_Twins/data/normalized/daugman_strict_v3/masked_previews/12__1L__S3121L01.jpg_preview.png
masked,S3121R04.jpg,S3121R04,True,/Users/sarahoualli/Desktop/Casia_Iris_Twins/data/normalized/daugman_strict_v3/masked_previews/12__1R__S3121R04.jpg_preview.png,/Users/sarahoualli/Desktop/Casia_Iris_Twins/data/normalized/daugman_strict_v3/masked_previews/12__1R__S3121R04.jpg_preview.png
masked,S3121R02.jpg,S3121R02,True,/Users/sarahoualli/Desktop/Casia_Iris_Twins/data/normalized/daugman_strict_v3/masked_previews/12__1R__S3121R02.jpg_preview.png,/Users/sarahoualli/Desktop/Casia_Iris_Twins/data/normalized/daugman_strict_v3/masked_previews/12__1R__S3121R02.jpg_preview.png
masked,S3121R01.jpg,S3121R01,True,/Users/sarahoualli/Desktop/Casia_Iris_Twins/data/normalized/daugman_strict_v3/masked_previews/12__1R__S3121R01.jpg_preview.png,/Users/sarahoualli/Desktop/Casia_Iris_Twins/data/normalized/daugman_strict_v3/masked_previews/12__1R__S3121R01.jpg_preview.png
masked,S3121R08.jpg,S3121R08,True,/Users/sarahoualli/Desktop/Casia_Iris_Twins/data/normalized/daugman_strict_v3/masked_previews/12__1R__S3121R08.jpg_preview.png,/Users/sarahoualli/Desktop/Casia_Iris_Twins/data/normalized/daugman_strict_v3/masked_previews/12__1R__S3121R08.jpg_preview.png
masked,S3121R07.jpg,S3121R07,True,/Users/sarahoualli/Desktop/Casia_Iris_Twins/data/normalized/daugman_strict_v3/masked_previews/12__1R__S3121R07.jpg_preview.png,/Users/sarahoualli/Desktop/Casia_Iris_Twins/data/normalized/daugman_strict_v3/masked_previews/12__1R__S3121R07.jpg_preview.png
masked,S3122L09.jpg,S3122L09,True,/Users/sarahoualli/Desktop/Casia_Iris_Twins/data/normalized/daugman_strict_v3/masked_previews/12__2L__S3122L09.jpg_preview.png,/Users/sarahoualli/Desktop/Casia_Iris_Twins/data/normalized/daugman_strict_v3/masked_previews/12__2L__S3122L09.jpg_preview.png
masked,S3122L07.jpg,S3122L07,True,/Users/sarahoualli/Desktop/Casia_Iris_Twins/data/normalized/daugman_strict_v3/masked_previews/12__2L__S3122L07.jpg_preview.png,/Users/sarahoualli/Desktop/Casia_Iris_Twins/data/normalized/daugman_strict_v3/masked_previews/12__2L__S3122L07.jpg_preview.png
masked,S3122L10.jpg,S3122L10,True,/Users/sarahoualli/Desktop/Casia_Iris_Twins/data/normalized/daugman_strict_v3/masked_previews/12__2L__S3122L10.jpg_preview.png,/Users/sarahoualli/Desktop/Casia_Iris_Twins/data/normalized/daugman_strict_v3/masked_previews/12__2L__S3122L10.jpg_preview.png
masked,S3122L01.jpg,S3122L01,True,/Users/sarahoualli/Desktop/Casia_Iris_Twins/data/normalized/daugman_strict_v3/masked_previews/12__2L__S3122L01.jpg_preview.png,/Users/sarahoualli/Desktop/Casia_Iris_Twins/data/normalized/daugman_strict_v3/masked_previews/12__2L__S3122L01.jpg_preview.png
masked,S3122L05.jpg,S3122L05,True,/Users/sarahoualli/Desktop/Casia_Iris_Twins/data/normalized/daugman_strict_v3/masked_previews/12__2L__S3122L05.jpg_preview.png,/Users/sarahoualli/Desktop/Casia_Iris_Twins/data/normalized/daugman_strict_v3/masked_previews/12__2L__S3122L05.jpg_preview.png
masked,S3122R02.jpg,S3122R02,True,/Users/sarahoualli/Desktop/Casia_Iris_Twins/data/normalized/daugman_strict_v3/masked_previews/12__2R__S3122R02.jpg_preview.png,/Users/sarahoualli/Desktop/Casia_Iris_Twins/data/normalized/daugman_strict_v3/masked_previews/12__2R__S3122R02.jpg_preview.png
masked,S3122R04.jpg,S3122R04,True,/Users/sarahoualli/Desktop/Casia_Iris_Twins/data/normalized/daugman_strict_v3/masked_previews/12__2R__S3122R04.jpg_preview.png,/Users/sarahoualli/Desktop/Casia_Iris_Twins/data/normalized/daugman_strict_v3/masked_previews/12__2R__S3122R04.jpg_preview.png
masked,S3122R03.jpg,S3122R03,True,/Users/sarahoualli/Desktop/Casia_Iris_Twins/data/normalized/daugman_strict_v3/masked_previews/12__2R__S3122R03.jpg_preview.png,/Users/sarahoualli/Desktop/Casia_Iris_Twins/data/normalized/daugman_strict_v3/masked_previews/12__2R__S3122R03.jpg_preview.png
masked,S3122R01.jpg,S3122R01,True,/Users/sarahoualli/Desktop/Casia_Iris_Twins/data/normalized/daugman_strict_v3/masked_previews/12__2R__S3122R01.jpg_preview.png,/Users/sarahoualli/Desktop/Casia_Iris_Twins/data/normalized/daugman_strict_v3/masked_previews/12__2R__S3122R01.jpg_preview.png
masked,S3051L07.jpg,S3051L07,True,/Users/sarahoualli/Desktop/Casia_Iris_Twins/data/normalized/daugman_strict_v3/masked_previews/05__1L__S3051L07.jpg_preview.png,/Users/sarahoualli/Desktop/Casia_Iris_Twins/data/normalized/daugman_strict_v3/masked_previews/05__1L__S3051L07.jpg_preview.png
masked,S3051L08.jpg,S3051L08,True,/Users/sarahoualli/Desktop/Casia_Iris_Twins/data/normalized/daugman_strict_v3/masked_previews/05__1L__S3051L08.jpg_preview.png,/Users/sarahoualli/Desktop/Casia_Iris_Twins/data/normalized/daugman_strict_v3/masked_previews/05__1L__S3051L08.jpg_preview.png
masked,S3051L10.jpg,S3051L10,True,/Users/sarahoualli/Desktop/Casia_Iris_Twins/data/normalized/daugman_strict_v3/masked_previews/05__1L__S3051L10.jpg_preview.png,/Users/sarahoualli/Desktop/Casia_Iris_Twins/data/normalized/daugman_strict_v3/masked_previews/05__1L__S3051L10.jpg_preview.png
masked,S3051L06.jpg,S3051L06,True,/Users/sarahoualli/Desktop/Casia_Iris_Twins/data/normalized/daugman_strict_v3/masked_previews/05__1L__S3051L06.jpg_preview.png,/Users/sarahoualli/Desktop/Casia_Iris_Twins/data/normalized/daugman_strict_v3/masked_previews/05__1L__S3051L06.jpg_preview.png
masked,S3051R01.jpg,S3051R01,True,/Users/sarahoualli/Desktop/Casia_Iris_Twins/data/normalized/daugman_strict_v3/masked_previews/05__1R__S3051R01.jpg_preview.png,/Users/sarahoualli/Desktop/Casia_Iris_Twins/data/normalized/daugman_strict_v3/masked_previews/05__1R__S3051R01.jpg_preview.png
masked,S3051R03.jpg,S3051R03,True,/Users/sarahoualli/Desktop/Casia_Iris_Twins/data/normalized/daugman_strict_v3/masked_previews/05__1R__S3051R03.jpg_preview.png,/Users/sarahoualli/Desktop/Casia_Iris_Twins/data/normalized/daugman_strict_v3/masked_previews/05__1R__S3051R03.jpg_preview.png
masked,S3052L01.jpg,S3052L01,True,/Users/sarahoualli/Desktop/Casia_Iris_Twins/data/normalized/daugman_strict_v3/masked_previews/05__2L__S3052L01.jpg_preview.png,/Users/sarahoualli/Desktop/Casia_Iris_Twins/data/normalized/daugman_strict_v3/masked_previews/05__2L__S3052L01.jpg_preview.png
masked,S3052L02.jpg,S3052L02,True,/Users/sarahoualli/Desktop/Casia_Iris_Twins/data/normalized/daugman_strict_v3/masked_previews/05__2L__S3052L02.jpg_preview.png,/Users/sarahoualli/Desktop/Casia_Iris_Twins/data/normalized/daugman_strict_v3/masked_previews/05__2L__S3052L02.jpg_preview.png
masked,S3052L03.jpg,S3052L03,True,/Users/sarahoualli/Desktop/Casia_Iris_Twins/data/normalized/daugman_strict_v3/masked_previews/05__2L__S3052L03.jpg_preview.png,/Users/sarahoualli/Desktop/Casia_Iris_Twins/data/normalized/daugman_strict_v3/masked_previews/05__2L__S3052L03.jpg_preview.png
masked,S3052R01.jpg,S3052R01,True,/Users/sarahoualli/Desktop/Casia_Iris_Twins/data/normalized/daugman_strict_v3/masked_previews/05__2R__S3052R01.jpg_preview.png,/Users/sarahoualli/Desktop/Casia_Iris_Twins/data/normalized/daugman_strict_v3/masked_previews/05__2R__S3052R01.jpg_preview.png
masked,S3011L07.jpg,S3011L07,True,/Users/sarahoualli/Desktop/Casia_Iris_Twins/data/normalized/daugman_strict_v3/masked_previews/01__1L__S3011L07.jpg_preview.png,/Users/sarahoualli/Desktop/Casia_Iris_Twins/data/normalized/daugman_strict_v3/masked_previews/01__1L__S3011L07.jpg_preview.png
masked,S3011R01.jpg,S3011R01,True,/Users/sarahoualli/Desktop/Casia_Iris_Twins/data/normalized/daugman_strict_v3/masked_previews/01__1R__S3011R01.jpg_preview.png,/Users/sarahoualli/Desktop/Casia_Iris_Twins/data/normalized/daugman_strict_v3/masked_previews/01__1R__S3011R01.jpg_preview.png
masked,S3011R02.jpg,S3011R02,True,/Users/sarahoualli/Desktop/Casia_Iris_Twins/data/normalized/daugman_strict_v3/masked_previews/01__1R__S3011R02.jpg_preview.png,/Users/sarahoualli/Desktop/Casia_Iris_Twins/data/normalized/daugman_strict_v3/masked_previews/01__1R__S3011R02.jpg_preview.png
masked,S3012L07.jpg,S3012L07,True,/Users/sarahoualli/Desktop/Casia_Iris_Twins/data/normalized/daugman_strict_v3/masked_previews/01__2L__S3012L07.jpg_preview.png,/Users/sarahoualli/Desktop/Casia_Iris_Twins/data/normalized/daugman_strict_v3/masked_previews/01__2L__S3012L07.jpg_preview.png
masked,S3012L02.jpg,S3012L02,True,/Users/sarahoualli/Desktop/Casia_Iris_Twins/data/normalized/daugman_strict_v3/masked_previews/01__2L__S3012L02.jpg_preview.png,/Users/sarahoualli/Desktop/Casia_Iris_Twins/data/normalized/daugman_strict_v3/masked_previews/01__2L__S3012L02.jpg_preview.png
masked,S3012R07.jpg,S3012R07,True,/Users/sarahoualli/Desktop/Casia_Iris_Twins/data/normalized/daugman_strict_v3/masked_previews/01__2R__S3012R07.jpg_preview.png,/Users/sarahoualli/Desktop/Casia_Iris_Twins/data/normalized/daugman_strict_v3/masked_previews/01__2R__S3012R07.jpg_preview.png
gabor,S3111L01.jpg,S3111L01,True,/Users/sarahoualli/Desktop/Casia_Iris_Twins/data/features/daugman_strict_v3/gabor_codes/11__1L__S3111L01.jpg.npz,/Users/sarahoualli/Desktop/Casia_Iris_Twins/demo_orale_strict_sample_v3/rendered_arrays/gabor/S3111L01_gabor_11__1L__S3111L01.jpg.png
gabor,S3111L03.jpg,S3111L03,True,/Users/sarahoualli/Desktop/Casia_Iris_Twins/data/features/daugman_strict_v3/gabor_codes/11__1L__S3111L03.jpg.npz,/Users/sarahoualli/Desktop/Casia_Iris_Twins/demo_orale_strict_sample_v3/rendered_arrays/gabor/S3111L03_gabor_11__1L__S3111L03.jpg.png
gabor,S3111R02.jpg,S3111R02,True,/Users/sarahoualli/Desktop/Casia_Iris_Twins/data/features/daugman_strict_v3/gabor_codes/11__1R__S3111R02.jpg.npz,/Users/sarahoualli/Desktop/Casia_Iris_Twins/demo_orale_strict_sample_v3/rendered_arrays/gabor/S3111R02_gabor_11__1R__S3111R02.jpg.png
gabor,S3111R06.jpg,S3111R06,True,/Users/sarahoualli/Desktop/Casia_Iris_Twins/data/features/daugman_strict_v3/gabor_codes/11__1R__S3111R06.jpg.npz,/Users/sarahoualli/Desktop/Casia_Iris_Twins/demo_orale_strict_sample_v3/rendered_arrays/gabor/S3111R06_gabor_11__1R__S3111R06.jpg.png
gabor,S3111R09.jpg,S3111R09,True,/Users/sarahoualli/Desktop/Casia_Iris_Twins/data/features/daugman_strict_v3/gabor_codes/11__1R__S3111R09.jpg.npz,/Users/sarahoualli/Desktop/Casia_Iris_Twins/demo_orale_strict_sample_v3/rendered_arrays/gabor/S3111R09_gabor_11__1R__S3111R09.jpg.png
gabor,S3111R01.jpg,S3111R01,True,/Users/sarahoualli/Desktop/Casia_Iris_Twins/data/features/daugman_strict_v3/gabor_codes/11__1R__S3111R01.jpg.npz,/Users/sarahoualli/Desktop/Casia_Iris_Twins/demo_orale_strict_sample_v3/rendered_arrays/gabor/S3111R01_gabor_11__1R__S3111R01.jpg.png
gabor,S3111R05.jpg,S3111R05,True,/Users/sarahoualli/Desktop/Casia_Iris_Twins/data/features/daugman_strict_v3/gabor_codes/11__1R__S3111R05.jpg.npz,/Users/sarahoualli/Desktop/Casia_Iris_Twins/demo_orale_strict_sample_v3/rendered_arrays/gabor/S3111R05_gabor_11__1R__S3111R05.jpg.png
gabor,S3112L10.jpg,S3112L10,True,/Users/sarahoualli/Desktop/Casia_Iris_Twins/data/features/daugman_strict_v3/gabor_codes/11__2L__S3112L10.jpg.npz,/Users/sarahoualli/Desktop/Casia_Iris_Twins/demo_orale_strict_sample_v3/rendered_arrays/gabor/S3112L10_gabor_11__2L__S3112L10.jpg.png
gabor,S3171L10.jpg,S3171L10,True,/Users/sarahoualli/Desktop/Casia_Iris_Twins/data/features/daugman_strict_v3/gabor_codes/17__1L__S3171L10.jpg.npz,/Users/sarahoualli/Desktop/Casia_Iris_Twins/demo_orale_strict_sample_v3/rendered_arrays/gabor/S3171L10_gabor_17__1L__S3171L10.jpg.png
gabor,S3172L07.jpg,S3172L07,True,/Users/sarahoualli/Desktop/Casia_Iris_Twins/data/features/daugman_strict_v3/gabor_codes/17__2L__S3172L07.jpg.npz,/Users/sarahoualli/Desktop/Casia_Iris_Twins/demo_orale_strict_sample_v3/rendered_arrays/gabor/S3172L07_gabor_17__2L__S3172L07.jpg.png
gabor,S3172R02.jpg,S3172R02,True,/Users/sarahoualli/Desktop/Casia_Iris_Twins/data/features/daugman_strict_v3/gabor_codes/17__2R__S3172R02.jpg.npz,/Users/sarahoualli/Desktop/Casia_Iris_Twins/demo_orale_strict_sample_v3/rendered_arrays/gabor/S3172R02_gabor_17__2R__S3172R02.jpg.png
gabor,S3092L03.jpg,S3092L03,True,/Users/sarahoualli/Desktop/Casia_Iris_Twins/data/features/daugman_strict_v3/gabor_codes/09__2L__S3092L03.jpg.npz,/Users/sarahoualli/Desktop/Casia_Iris_Twins/demo_orale_strict_sample_v3/rendered_arrays/gabor/S3092L03_gabor_09__2L__S3092L03.jpg.png
gabor,S3092L01.jpg,S3092L01,True,/Users/sarahoualli/Desktop/Casia_Iris_Twins/data/features/daugman_strict_v3/gabor_codes/09__2L__S3092L01.jpg.npz,/Users/sarahoualli/Desktop/Casia_Iris_Twins/demo_orale_strict_sample_v3/rendered_arrays/gabor/S3092L01_gabor_09__2L__S3092L01.jpg.png
gabor,S3092L02.jpg,S3092L02,True,/Users/sarahoualli/Desktop/Casia_Iris_Twins/data/features/daugman_strict_v3/gabor_codes/09__2L__S3092L02.jpg.npz,/Users/sarahoualli/Desktop/Casia_Iris_Twins/demo_orale_strict_sample_v3/rendered_arrays/gabor/S3092L02_gabor_09__2L__S3092L02.jpg.png
gabor,S3092L04.jpg,S3092L04,True,/Users/sarahoualli/Desktop/Casia_Iris_Twins/data/features/daugman_strict_v3/gabor_codes/09__2L__S3092L04.jpg.npz,/Users/sarahoualli/Desktop/Casia_Iris_Twins/demo_orale_strict_sample_v3/rendered_arrays/gabor/S3092L04_gabor_09__2L__S3092L04.jpg.png
gabor,S3092L05.jpg,S3092L05,True,/Users/sarahoualli/Desktop/Casia_Iris_Twins/data/features/daugman_strict_v3/gabor_codes/09__2L__S3092L05.jpg.npz,/Users/sarahoualli/Desktop/Casia_Iris_Twins/demo_orale_strict_sample_v3/rendered_arrays/gabor/S3092L05_gabor_09__2L__S3092L05.jpg.png
gabor,S3092R04.jpg,S3092R04,True,/Users/sarahoualli/Desktop/Casia_Iris_Twins/data/features/daugman_strict_v3/gabor_codes/09__2R__S3092R04.jpg.npz,/Users/sarahoualli/Desktop/Casia_Iris_Twins/demo_orale_strict_sample_v3/rendered_arrays/gabor/S3092R04_gabor_09__2R__S3092R04.jpg.png
gabor,S3092R01.jpg,S3092R01,True,/Users/sarahoualli/Desktop/Casia_Iris_Twins/data/features/daugman_strict_v3/gabor_codes/09__2R__S3092R01.jpg.npz,/Users/sarahoualli/Desktop/Casia_Iris_Twins/demo_orale_strict_sample_v3/rendered_arrays/gabor/S3092R01_gabor_09__2R__S3092R01.jpg.png
gabor,S3092R03.jpg,S3092R03,True,/Users/sarahoualli/Desktop/Casia_Iris_Twins/data/features/daugman_strict_v3/gabor_codes/09__2R__S3092R03.jpg.npz,/Users/sarahoualli/Desktop/Casia_Iris_Twins/demo_orale_strict_sample_v3/rendered_arrays/gabor/S3092R03_gabor_09__2R__S3092R03.jpg.png
gabor,S3092R02.jpg,S3092R02,True,/Users/sarahoualli/Desktop/Casia_Iris_Twins/data/features/daugman_strict_v3/gabor_codes/09__2R__S3092R02.jpg.npz,/Users/sarahoualli/Desktop/Casia_Iris_Twins/demo_orale_strict_sample_v3/rendered_arrays/gabor/S3092R02_gabor_09__2R__S3092R02.jpg.png
gabor,S3092R06.jpg,S3092R06,True,/Users/sarahoualli/Desktop/Casia_Iris_Twins/data/features/daugman_strict_v3/gabor_codes/09__2R__S3092R06.jpg.npz,/Users/sarahoualli/Desktop/Casia_Iris_Twins/demo_orale_strict_sample_v3/rendered_arrays/gabor/S3092R06_gabor_09__2R__S3092R06.jpg.png
gabor,S3071L06.jpg,S3071L06,True,/Users/sarahoualli/Desktop/Casia_Iris_Twins/data/features/daugman_strict_v3/gabor_codes/07__1L__S3071L06.jpg.npz,/Users/sarahoualli/Desktop/Casia_Iris_Twins/demo_orale_strict_sample_v3/rendered_arrays/gabor/S3071L06_gabor_07__1L__S3071L06.jpg.png
gabor,S3072L08.jpg,S3072L08,True,/Users/sarahoualli/Desktop/Casia_Iris_Twins/data/features/daugman_strict_v3/gabor_codes/07__2L__S3072L08.jpg.npz,/Users/sarahoualli/Desktop/Casia_Iris_Twins/demo_orale_strict_sample_v3/rendered_arrays/gabor/S3072L08_gabor_07__2L__S3072L08.jpg.png
gabor,S3072L03.jpg,S3072L03,True,/Users/sarahoualli/Desktop/Casia_Iris_Twins/data/features/daugman_strict_v3/gabor_codes/07__2L__S3072L03.jpg.npz,/Users/sarahoualli/Desktop/Casia_Iris_Twins/demo_orale_strict_sample_v3/rendered_arrays/gabor/S3072L03_gabor_07__2L__S3072L03.jpg.png
gabor,S3072L06.jpg,S3072L06,True,/Users/sarahoualli/Desktop/Casia_Iris_Twins/data/features/daugman_strict_v3/gabor_codes/07__2L__S3072L06.jpg.npz,/Users/sarahoualli/Desktop/Casia_Iris_Twins/demo_orale_strict_sample_v3/rendered_arrays/gabor/S3072L06_gabor_07__2L__S3072L06.jpg.png
gabor,S3072L01.jpg,S3072L01,True,/Users/sarahoualli/Desktop/Casia_Iris_Twins/data/features/daugman_strict_v3/gabor_codes/07__2L__S3072L01.jpg.npz,/Users/sarahoualli/Desktop/Casia_Iris_Twins/demo_orale_strict_sample_v3/rendered_arrays/gabor/S3072L01_gabor_07__2L__S3072L01.jpg.png
gabor,S3072L09.jpg,S3072L09,True,/Users/sarahoualli/Desktop/Casia_Iris_Twins/data/features/daugman_strict_v3/gabor_codes/07__2L__S3072L09.jpg.npz,/Users/sarahoualli/Desktop/Casia_Iris_Twins/demo_orale_strict_sample_v3/rendered_arrays/gabor/S3072L09_gabor_07__2L__S3072L09.jpg.png
gabor,S3072R08.jpg,S3072R08,True,/Users/sarahoualli/Desktop/Casia_Iris_Twins/data/features/daugman_strict_v3/gabor_codes/07__2R__S3072R08.jpg.npz,/Users/sarahoualli/Desktop/Casia_Iris_Twins/demo_orale_strict_sample_v3/rendered_arrays/gabor/S3072R08_gabor_07__2R__S3072R08.jpg.png
gabor,S3072R10.jpg,S3072R10,True,/Users/sarahoualli/Desktop/Casia_Iris_Twins/data/features/daugman_strict_v3/gabor_codes/07__2R__S3072R10.jpg.npz,/Users/sarahoualli/Desktop/Casia_Iris_Twins/demo_orale_strict_sample_v3/rendered_arrays/gabor/S3072R10_gabor_07__2R__S3072R10.jpg.png
gabor,S3162L03.jpg,S3162L03,True,/Users/sarahoualli/Desktop/Casia_Iris_Twins/data/features/daugman_strict_v3/gabor_codes/16__2L__S3162L03.jpg.npz,/Users/sarahoualli/Desktop/Casia_Iris_Twins/demo_orale_strict_sample_v3/rendered_arrays/gabor/S3162L03_gabor_16__2L__S3162L03.jpg.png
gabor,S3162L01.jpg,S3162L01,True,/Users/sarahoualli/Desktop/Casia_Iris_Twins/data/features/daugman_strict_v3/gabor_codes/16__2L__S3162L01.jpg.npz,/Users/sarahoualli/Desktop/Casia_Iris_Twins/demo_orale_strict_sample_v3/rendered_arrays/gabor/S3162L01_gabor_16__2L__S3162L01.jpg.png
gabor,S3162L02.jpg,S3162L02,True,/Users/sarahoualli/Desktop/Casia_Iris_Twins/data/features/daugman_strict_v3/gabor_codes/16__2L__S3162L02.jpg.npz,/Users/sarahoualli/Desktop/Casia_Iris_Twins/demo_orale_strict_sample_v3/rendered_arrays/gabor/S3162L02_gabor_16__2L__S3162L02.jpg.png
gabor,S3162L04.jpg,S3162L04,True,/Users/sarahoualli/Desktop/Casia_Iris_Twins/data/features/daugman_strict_v3/gabor_codes/16__2L__S3162L04.jpg.npz,/Users/sarahoualli/Desktop/Casia_Iris_Twins/demo_orale_strict_sample_v3/rendered_arrays/gabor/S3162L04_gabor_16__2L__S3162L04.jpg.png
gabor,S3162R09.jpg,S3162R09,True,/Users/sarahoualli/Desktop/Casia_Iris_Twins/data/features/daugman_strict_v3/gabor_codes/16__2R__S3162R09.jpg.npz,/Users/sarahoualli/Desktop/Casia_Iris_Twins/demo_orale_strict_sample_v3/rendered_arrays/gabor/S3162R09_gabor_16__2R__S3162R09.jpg.png
gabor,S3162R06.jpg,S3162R06,True,/Users/sarahoualli/Desktop/Casia_Iris_Twins/data/features/daugman_strict_v3/gabor_codes/16__2R__S3162R06.jpg.npz,/Users/sarahoualli/Desktop/Casia_Iris_Twins/demo_orale_strict_sample_v3/rendered_arrays/gabor/S3162R06_gabor_16__2R__S3162R06.jpg.png
gabor,S3162R10.jpg,S3162R10,True,/Users/sarahoualli/Desktop/Casia_Iris_Twins/data/features/daugman_strict_v3/gabor_codes/16__2R__S3162R10.jpg.npz,/Users/sarahoualli/Desktop/Casia_Iris_Twins/demo_orale_strict_sample_v3/rendered_arrays/gabor/S3162R10_gabor_16__2R__S3162R10.jpg.png
gabor,S3162R08.jpg,S3162R08,True,/Users/sarahoualli/Desktop/Casia_Iris_Twins/data/features/daugman_strict_v3/gabor_codes/16__2R__S3162R08.jpg.npz,/Users/sarahoualli/Desktop/Casia_Iris_Twins/demo_orale_strict_sample_v3/rendered_arrays/gabor/S3162R08_gabor_16__2R__S3162R08.jpg.png
gabor,S3162R07.jpg,S3162R07,True,/Users/sarahoualli/Desktop/Casia_Iris_Twins/data/features/daugman_strict_v3/gabor_codes/16__2R__S3162R07.jpg.npz,/Users/sarahoualli/Desktop/Casia_Iris_Twins/demo_orale_strict_sample_v3/rendered_arrays/gabor/S3162R07_gabor_16__2R__S3162R07.jpg.png
gabor,S3131L08.jpg,S3131L08,True,/Users/sarahoualli/Desktop/Casia_Iris_Twins/data/features/daugman_strict_v3/gabor_codes/13__1L__S3131L08.jpg.npz,/Users/sarahoualli/Desktop/Casia_Iris_Twins/demo_orale_strict_sample_v3/rendered_arrays/gabor/S3131L08_gabor_13__1L__S3131L08.jpg.png
gabor,S3131L10.jpg,S3131L10,True,/Users/sarahoualli/Desktop/Casia_Iris_Twins/data/features/daugman_strict_v3/gabor_codes/13__1L__S3131L10.jpg.npz,/Users/sarahoualli/Desktop/Casia_Iris_Twins/demo_orale_strict_sample_v3/rendered_arrays/gabor/S3131L10_gabor_13__1L__S3131L10.jpg.png
gabor,S3131R04.jpg,S3131R04,True,/Users/sarahoualli/Desktop/Casia_Iris_Twins/data/features/daugman_strict_v3/gabor_codes/13__1R__S3131R04.jpg.npz,/Users/sarahoualli/Desktop/Casia_Iris_Twins/demo_orale_strict_sample_v3/rendered_arrays/gabor/S3131R04_gabor_13__1R__S3131R04.jpg.png
gabor,S3131R06.jpg,S3131R06,True,/Users/sarahoualli/Desktop/Casia_Iris_Twins/data/features/daugman_strict_v3/gabor_codes/13__1R__S3131R06.jpg.npz,/Users/sarahoualli/Desktop/Casia_Iris_Twins/demo_orale_strict_sample_v3/rendered_arrays/gabor/S3131R06_gabor_13__1R__S3131R06.jpg.png
gabor,S3131R05.jpg,S3131R05,True,/Users/sarahoualli/Desktop/Casia_Iris_Twins/data/features/daugman_strict_v3/gabor_codes/13__1R__S3131R05.jpg.npz,/Users/sarahoualli/Desktop/Casia_Iris_Twins/demo_orale_strict_sample_v3/rendered_arrays/gabor/S3131R05_gabor_13__1R__S3131R05.jpg.png
gabor,S3131R07.jpg,S3131R07,True,/Users/sarahoualli/Desktop/Casia_Iris_Twins/data/features/daugman_strict_v3/gabor_codes/13__1R__S3131R07.jpg.npz,/Users/sarahoualli/Desktop/Casia_Iris_Twins/demo_orale_strict_sample_v3/rendered_arrays/gabor/S3131R07_gabor_13__1R__S3131R07.jpg.png
gabor,S3132L09.jpg,S3132L09,True,/Users/sarahoualli/Desktop/Casia_Iris_Twins/data/features/daugman_strict_v3/gabor_codes/13__2L__S3132L09.jpg.npz,/Users/sarahoualli/Desktop/Casia_Iris_Twins/demo_orale_strict_sample_v3/rendered_arrays/gabor/S3132L09_gabor_13__2L__S3132L09.jpg.png
gabor,S3132L08.jpg,S3132L08,True,/Users/sarahoualli/Desktop/Casia_Iris_Twins/data/features/daugman_strict_v3/gabor_codes/13__2L__S3132L08.jpg.npz,/Users/sarahoualli/Desktop/Casia_Iris_Twins/demo_orale_strict_sample_v3/rendered_arrays/gabor/S3132L08_gabor_13__2L__S3132L08.jpg.png
gabor,S3132L05.jpg,S3132L05,True,/Users/sarahoualli/Desktop/Casia_Iris_Twins/data/features/daugman_strict_v3/gabor_codes/13__2L__S3132L05.jpg.npz,/Users/sarahoualli/Desktop/Casia_Iris_Twins/demo_orale_strict_sample_v3/rendered_arrays/gabor/S3132L05_gabor_13__2L__S3132L05.jpg.png
gabor,S3132L10.jpg,S3132L10,True,/Users/sarahoualli/Desktop/Casia_Iris_Twins/data/features/daugman_strict_v3/gabor_codes/13__2L__S3132L10.jpg.npz,/Users/sarahoualli/Desktop/Casia_Iris_Twins/demo_orale_strict_sample_v3/rendered_arrays/gabor/S3132L10_gabor_13__2L__S3132L10.jpg.png
gabor,S3132L04.jpg,S3132L04,True,/Users/sarahoualli/Desktop/Casia_Iris_Twins/data/features/daugman_strict_v3/gabor_codes/13__2L__S3132L04.jpg.npz,/Users/sarahoualli/Desktop/Casia_Iris_Twins/demo_orale_strict_sample_v3/rendered_arrays/gabor/S3132L04_gabor_13__2L__S3132L04.jpg.png
gabor,S3132R06.jpg,S3132R06,True,/Users/sarahoualli/Desktop/Casia_Iris_Twins/data/features/daugman_strict_v3/gabor_codes/13__2R__S3132R06.jpg.npz,/Users/sarahoualli/Desktop/Casia_Iris_Twins/demo_orale_strict_sample_v3/rendered_arrays/gabor/S3132R06_gabor_13__2R__S3132R06.jpg.png
gabor,S3132R07.jpg,S3132R07,True,/Users/sarahoualli/Desktop/Casia_Iris_Twins/data/features/daugman_strict_v3/gabor_codes/13__2R__S3132R07.jpg.npz,/Users/sarahoualli/Desktop/Casia_Iris_Twins/demo_orale_strict_sample_v3/rendered_arrays/gabor/S3132R07_gabor_13__2R__S3132R07.jpg.png
gabor,S3031L06.jpg,S3031L06,True,/Users/sarahoualli/Desktop/Casia_Iris_Twins/data/features/daugman_strict_v3/gabor_codes/03__1L__S3031L06.jpg.npz,/Users/sarahoualli/Desktop/Casia_Iris_Twins/demo_orale_strict_sample_v3/rendered_arrays/gabor/S3031L06_gabor_03__1L__S3031L06.jpg.png
gabor,S3031R09.jpg,S3031R09,True,/Users/sarahoualli/Desktop/Casia_Iris_Twins/data/features/daugman_strict_v3/gabor_codes/03__1R__S3031R09.jpg.npz,/Users/sarahoualli/Desktop/Casia_Iris_Twins/demo_orale_strict_sample_v3/rendered_arrays/gabor/S3031R09_gabor_03__1R__S3031R09.jpg.png
gabor,S3032L08.jpg,S3032L08,True,/Users/sarahoualli/Desktop/Casia_Iris_Twins/data/features/daugman_strict_v3/gabor_codes/03__2L__S3032L08.jpg.npz,/Users/sarahoualli/Desktop/Casia_Iris_Twins/demo_orale_strict_sample_v3/rendered_arrays/gabor/S3032L08_gabor_03__2L__S3032L08.jpg.png
gabor,S3032L10.jpg,S3032L10,True,/Users/sarahoualli/Desktop/Casia_Iris_Twins/data/features/daugman_strict_v3/gabor_codes/03__2L__S3032L10.jpg.npz,/Users/sarahoualli/Desktop/Casia_Iris_Twins/demo_orale_strict_sample_v3/rendered_arrays/gabor/S3032L10_gabor_03__2L__S3032L10.jpg.png
gabor,S3032L09.jpg,S3032L09,True,/Users/sarahoualli/Desktop/Casia_Iris_Twins/data/features/daugman_strict_v3/gabor_codes/03__2L__S3032L09.jpg.npz,/Users/sarahoualli/Desktop/Casia_Iris_Twins/demo_orale_strict_sample_v3/rendered_arrays/gabor/S3032L09_gabor_03__2L__S3032L09.jpg.png
gabor,S3032L05.jpg,S3032L05,True,/Users/sarahoualli/Desktop/Casia_Iris_Twins/data/features/daugman_strict_v3/gabor_codes/03__2L__S3032L05.jpg.npz,/Users/sarahoualli/Desktop/Casia_Iris_Twins/demo_orale_strict_sample_v3/rendered_arrays/gabor/S3032L05_gabor_03__2L__S3032L05.jpg.png
gabor,S3032L06.jpg,S3032L06,True,/Users/sarahoualli/Desktop/Casia_Iris_Twins/data/features/daugman_strict_v3/gabor_codes/03__2L__S3032L06.jpg.npz,/Users/sarahoualli/Desktop/Casia_Iris_Twins/demo_orale_strict_sample_v3/rendered_arrays/gabor/S3032L06_gabor_03__2L__S3032L06.jpg.png
gabor,S3032R10.jpg,S3032R10,True,/Users/sarahoualli/Desktop/Casia_Iris_Twins/data/features/daugman_strict_v3/gabor_codes/03__2R__S3032R10.jpg.npz,/Users/sarahoualli/Desktop/Casia_Iris_Twins/demo_orale_strict_sample_v3/rendered_arrays/gabor/S3032R10_gabor_03__2R__S3032R10.jpg.png
gabor,S3032R05.jpg,S3032R05,True,/Users/sarahoualli/Desktop/Casia_Iris_Twins/data/features/daugman_strict_v3/gabor_codes/03__2R__S3032R05.jpg.npz,/Users/sarahoualli/Desktop/Casia_Iris_Twins/demo_orale_strict_sample_v3/rendered_arrays/gabor/S3032R05_gabor_03__2R__S3032R05.jpg.png
gabor,S3032R04.jpg,S3032R04,True,/Users/sarahoualli/Desktop/Casia_Iris_Twins/data/features/daugman_strict_v3/gabor_codes/03__2R__S3032R04.jpg.npz,/Users/sarahoualli/Desktop/Casia_Iris_Twins/demo_orale_strict_sample_v3/rendered_arrays/gabor/S3032R04_gabor_03__2R__S3032R04.jpg.png
gabor,S3032R07.jpg,S3032R07,True,/Users/sarahoualli/Desktop/Casia_Iris_Twins/data/features/daugman_strict_v3/gabor_codes/03__2R__S3032R07.jpg.npz,/Users/sarahoualli/Desktop/Casia_Iris_Twins/demo_orale_strict_sample_v3/rendered_arrays/gabor/S3032R07_gabor_03__2R__S3032R07.jpg.png
gabor,S3032R06.jpg,S3032R06,True,/Users/sarahoualli/Desktop/Casia_Iris_Twins/data/features/daugman_strict_v3/gabor_codes/03__2R__S3032R06.jpg.npz,/Users/sarahoualli/Desktop/Casia_Iris_Twins/demo_orale_strict_sample_v3/rendered_arrays/gabor/S3032R06_gabor_03__2R__S3032R06.jpg.png
gabor,S3041L03.jpg,S3041L03,True,/Users/sarahoualli/Desktop/Casia_Iris_Twins/data/features/daugman_strict_v3/gabor_codes/04__1L__S3041L03.jpg.npz,/Users/sarahoualli/Desktop/Casia_Iris_Twins/demo_orale_strict_sample_v3/rendered_arrays/gabor/S3041L03_gabor_04__1L__S3041L03.jpg.png
gabor,S3041L06.jpg,S3041L06,True,/Users/sarahoualli/Desktop/Casia_Iris_Twins/data/features/daugman_strict_v3/gabor_codes/04__1L__S3041L06.jpg.npz,/Users/sarahoualli/Desktop/Casia_Iris_Twins/demo_orale_strict_sample_v3/rendered_arrays/gabor/S3041L06_gabor_04__1L__S3041L06.jpg.png
gabor,S3041L05.jpg,S3041L05,True,/Users/sarahoualli/Desktop/Casia_Iris_Twins/data/features/daugman_strict_v3/gabor_codes/04__1L__S3041L05.jpg.npz,/Users/sarahoualli/Desktop/Casia_Iris_Twins/demo_orale_strict_sample_v3/rendered_arrays/gabor/S3041L05_gabor_04__1L__S3041L05.jpg.png
gabor,S3041L04.jpg,S3041L04,True,/Users/sarahoualli/Desktop/Casia_Iris_Twins/data/features/daugman_strict_v3/gabor_codes/04__1L__S3041L04.jpg.npz,/Users/sarahoualli/Desktop/Casia_Iris_Twins/demo_orale_strict_sample_v3/rendered_arrays/gabor/S3041L04_gabor_04__1L__S3041L04.jpg.png
gabor,S3041R01.jpg,S3041R01,True,/Users/sarahoualli/Desktop/Casia_Iris_Twins/data/features/daugman_strict_v3/gabor_codes/04__1R__S3041R01.jpg.npz,/Users/sarahoualli/Desktop/Casia_Iris_Twins/demo_orale_strict_sample_v3/rendered_arrays/gabor/S3041R01_gabor_04__1R__S3041R01.jpg.png
gabor,S3042L08.jpg,S3042L08,True,/Users/sarahoualli/Desktop/Casia_Iris_Twins/data/features/daugman_strict_v3/gabor_codes/04__2L__S3042L08.jpg.npz,/Users/sarahoualli/Desktop/Casia_Iris_Twins/demo_orale_strict_sample_v3/rendered_arrays/gabor/S3042L08_gabor_04__2L__S3042L08.jpg.png
gabor,S3042R07.jpg,S3042R07,True,/Users/sarahoualli/Desktop/Casia_Iris_Twins/data/features/daugman_strict_v3/gabor_codes/04__2R__S3042R07.jpg.npz,/Users/sarahoualli/Desktop/Casia_Iris_Twins/demo_orale_strict_sample_v3/rendered_arrays/gabor/S3042R07_gabor_04__2R__S3042R07.jpg.png
gabor,S3042R08.jpg,S3042R08,True,/Users/sarahoualli/Desktop/Casia_Iris_Twins/data/features/daugman_strict_v3/gabor_codes/04__2R__S3042R08.jpg.npz,/Users/sarahoualli/Desktop/Casia_Iris_Twins/demo_orale_strict_sample_v3/rendered_arrays/gabor/S3042R08_gabor_04__2R__S3042R08.jpg.png
gabor,S3002L02.jpg,S3002L02,True,/Users/sarahoualli/Desktop/Casia_Iris_Twins/data/features/daugman_strict_v3/gabor_codes/00__2L__S3002L02.jpg.npz,/Users/sarahoualli/Desktop/Casia_Iris_Twins/demo_orale_strict_sample_v3/rendered_arrays/gabor/S3002L02_gabor_00__2L__S3002L02.jpg.png
gabor,S3082R05.jpg,S3082R05,True,/Users/sarahoualli/Desktop/Casia_Iris_Twins/data/features/daugman_strict_v3/gabor_codes/08__2R__S3082R05.jpg.npz,/Users/sarahoualli/Desktop/Casia_Iris_Twins/demo_orale_strict_sample_v3/rendered_arrays/gabor/S3082R05_gabor_08__2R__S3082R05.jpg.png
gabor,S3082R02.jpg,S3082R02,True,/Users/sarahoualli/Desktop/Casia_Iris_Twins/data/features/daugman_strict_v3/gabor_codes/08__2R__S3082R02.jpg.npz,/Users/sarahoualli/Desktop/Casia_Iris_Twins/demo_orale_strict_sample_v3/rendered_arrays/gabor/S3082R02_gabor_08__2R__S3082R02.jpg.png
gabor,S3082R06.jpg,S3082R06,True,/Users/sarahoualli/Desktop/Casia_Iris_Twins/data/features/daugman_strict_v3/gabor_codes/08__2R__S3082R06.jpg.npz,/Users/sarahoualli/Desktop/Casia_Iris_Twins/demo_orale_strict_sample_v3/rendered_arrays/gabor/S3082R06_gabor_08__2R__S3082R06.jpg.png
gabor,S3082R01.jpg,S3082R01,True,/Users/sarahoualli/Desktop/Casia_Iris_Twins/data/features/daugman_strict_v3/gabor_codes/08__2R__S3082R01.jpg.npz,/Users/sarahoualli/Desktop/Casia_Iris_Twins/demo_orale_strict_sample_v3/rendered_arrays/gabor/S3082R01_gabor_08__2R__S3082R01.jpg.png
gabor,S3082R04.jpg,S3082R04,True,/Users/sarahoualli/Desktop/Casia_Iris_Twins/data/features/daugman_strict_v3/gabor_codes/08__2R__S3082R04.jpg.npz,/Users/sarahoualli/Desktop/Casia_Iris_Twins/demo_orale_strict_sample_v3/rendered_arrays/gabor/S3082R04_gabor_08__2R__S3082R04.jpg.png
gabor,S3061L03.jpg,S3061L03,True,/Users/sarahoualli/Desktop/Casia_Iris_Twins/data/features/daugman_strict_v3/gabor_codes/06__1L__S3061L03.jpg.npz,/Users/sarahoualli/Desktop/Casia_Iris_Twins/demo_orale_strict_sample_v3/rendered_arrays/gabor/S3061L03_gabor_06__1L__S3061L03.jpg.png
gabor,S3061L02.jpg,S3061L02,True,/Users/sarahoualli/Desktop/Casia_Iris_Twins/data/features/daugman_strict_v3/gabor_codes/06__1L__S3061L02.jpg.npz,/Users/sarahoualli/Desktop/Casia_Iris_Twins/demo_orale_strict_sample_v3/rendered_arrays/gabor/S3061L02_gabor_06__1L__S3061L02.jpg.png
gabor,S3061R01.jpg,S3061R01,True,/Users/sarahoualli/Desktop/Casia_Iris_Twins/data/features/daugman_strict_v3/gabor_codes/06__1R__S3061R01.jpg.npz,/Users/sarahoualli/Desktop/Casia_Iris_Twins/demo_orale_strict_sample_v3/rendered_arrays/gabor/S3061R01_gabor_06__1R__S3061R01.jpg.png
gabor,S3061R04.jpg,S3061R04,True,/Users/sarahoualli/Desktop/Casia_Iris_Twins/data/features/daugman_strict_v3/gabor_codes/06__1R__S3061R04.jpg.npz,/Users/sarahoualli/Desktop/Casia_Iris_Twins/demo_orale_strict_sample_v3/rendered_arrays/gabor/S3061R04_gabor_06__1R__S3061R04.jpg.png
gabor,S3061R07.jpg,S3061R07,True,/Users/sarahoualli/Desktop/Casia_Iris_Twins/data/features/daugman_strict_v3/gabor_codes/06__1R__S3061R07.jpg.npz,/Users/sarahoualli/Desktop/Casia_Iris_Twins/demo_orale_strict_sample_v3/rendered_arrays/gabor/S3061R07_gabor_06__1R__S3061R07.jpg.png
gabor,S3061R08.jpg,S3061R08,True,/Users/sarahoualli/Desktop/Casia_Iris_Twins/data/features/daugman_strict_v3/gabor_codes/06__1R__S3061R08.jpg.npz,/Users/sarahoualli/Desktop/Casia_Iris_Twins/demo_orale_strict_sample_v3/rendered_arrays/gabor/S3061R08_gabor_06__1R__S3061R08.jpg.png
gabor,S3062L03.jpg,S3062L03,True,/Users/sarahoualli/Desktop/Casia_Iris_Twins/data/features/daugman_strict_v3/gabor_codes/06__2L__S3062L03.jpg.npz,/Users/sarahoualli/Desktop/Casia_Iris_Twins/demo_orale_strict_sample_v3/rendered_arrays/gabor/S3062L03_gabor_06__2L__S3062L03.jpg.png
gabor,S3062L05.jpg,S3062L05,True,/Users/sarahoualli/Desktop/Casia_Iris_Twins/data/features/daugman_strict_v3/gabor_codes/06__2L__S3062L05.jpg.npz,/Users/sarahoualli/Desktop/Casia_Iris_Twins/demo_orale_strict_sample_v3/rendered_arrays/gabor/S3062L05_gabor_06__2L__S3062L05.jpg.png
gabor,S3062L07.jpg,S3062L07,True,/Users/sarahoualli/Desktop/Casia_Iris_Twins/data/features/daugman_strict_v3/gabor_codes/06__2L__S3062L07.jpg.npz,/Users/sarahoualli/Desktop/Casia_Iris_Twins/demo_orale_strict_sample_v3/rendered_arrays/gabor/S3062L07_gabor_06__2L__S3062L07.jpg.png
gabor,S3062L06.jpg,S3062L06,True,/Users/sarahoualli/Desktop/Casia_Iris_Twins/data/features/daugman_strict_v3/gabor_codes/06__2L__S3062L06.jpg.npz,/Users/sarahoualli/Desktop/Casia_Iris_Twins/demo_orale_strict_sample_v3/rendered_arrays/gabor/S3062L06_gabor_06__2L__S3062L06.jpg.png
gabor,S3062L04.jpg,S3062L04,True,/Users/sarahoualli/Desktop/Casia_Iris_Twins/data/features/daugman_strict_v3/gabor_codes/06__2L__S3062L04.jpg.npz,/Users/sarahoualli/Desktop/Casia_Iris_Twins/demo_orale_strict_sample_v3/rendered_arrays/gabor/S3062L04_gabor_06__2L__S3062L04.jpg.png
gabor,S3062R02.jpg,S3062R02,True,/Users/sarahoualli/Desktop/Casia_Iris_Twins/data/features/daugman_strict_v3/gabor_codes/06__2R__S3062R02.jpg.npz,/Users/sarahoualli/Desktop/Casia_Iris_Twins/demo_orale_strict_sample_v3/rendered_arrays/gabor/S3062R02_gabor_06__2R__S3062R02.jpg.png
gabor,S3062R09.jpg,S3062R09,True,/Users/sarahoualli/Desktop/Casia_Iris_Twins/data/features/daugman_strict_v3/gabor_codes/06__2R__S3062R09.jpg.npz,/Users/sarahoualli/Desktop/Casia_Iris_Twins/demo_orale_strict_sample_v3/rendered_arrays/gabor/S3062R09_gabor_06__2R__S3062R09.jpg.png
gabor,S3062R10.jpg,S3062R10,True,/Users/sarahoualli/Desktop/Casia_Iris_Twins/data/features/daugman_strict_v3/gabor_codes/06__2R__S3062R10.jpg.npz,/Users/sarahoualli/Desktop/Casia_Iris_Twins/demo_orale_strict_sample_v3/rendered_arrays/gabor/S3062R10_gabor_06__2R__S3062R10.jpg.png
gabor,S3062R07.jpg,S3062R07,True,/Users/sarahoualli/Desktop/Casia_Iris_Twins/data/features/daugman_strict_v3/gabor_codes/06__2R__S3062R07.jpg.npz,/Users/sarahoualli/Desktop/Casia_Iris_Twins/demo_orale_strict_sample_v3/rendered_arrays/gabor/S3062R07_gabor_06__2R__S3062R07.jpg.png
gabor,S3062R08.jpg,S3062R08,True,/Users/sarahoualli/Desktop/Casia_Iris_Twins/data/features/daugman_strict_v3/gabor_codes/06__2R__S3062R08.jpg.npz,/Users/sarahoualli/Desktop/Casia_Iris_Twins/demo_orale_strict_sample_v3/rendered_arrays/gabor/S3062R08_gabor_06__2R__S3062R08.jpg.png
gabor,S3021L04.jpg,S3021L04,True,/Users/sarahoualli/Desktop/Casia_Iris_Twins/data/features/daugman_strict_v3/gabor_codes/02__1L__S3021L04.jpg.npz,/Users/sarahoualli/Desktop/Casia_Iris_Twins/demo_orale_strict_sample_v3/rendered_arrays/gabor/S3021L04_gabor_02__1L__S3021L04.jpg.png
gabor,S3021L03.jpg,S3021L03,True,/Users/sarahoualli/Desktop/Casia_Iris_Twins/data/features/daugman_strict_v3/gabor_codes/02__1L__S3021L03.jpg.npz,/Users/sarahoualli/Desktop/Casia_Iris_Twins/demo_orale_strict_sample_v3/rendered_arrays/gabor/S3021L03_gabor_02__1L__S3021L03.jpg.png
gabor,S3021L06.jpg,S3021L06,True,/Users/sarahoualli/Desktop/Casia_Iris_Twins/data/features/daugman_strict_v3/gabor_codes/02__1L__S3021L06.jpg.npz,/Users/sarahoualli/Desktop/Casia_Iris_Twins/demo_orale_strict_sample_v3/rendered_arrays/gabor/S3021L06_gabor_02__1L__S3021L06.jpg.png
gabor,S3021L02.jpg,S3021L02,True,/Users/sarahoualli/Desktop/Casia_Iris_Twins/data/features/daugman_strict_v3/gabor_codes/02__1L__S3021L02.jpg.npz,/Users/sarahoualli/Desktop/Casia_Iris_Twins/demo_orale_strict_sample_v3/rendered_arrays/gabor/S3021L02_gabor_02__1L__S3021L02.jpg.png
gabor,S3021L01.jpg,S3021L01,True,/Users/sarahoualli/Desktop/Casia_Iris_Twins/data/features/daugman_strict_v3/gabor_codes/02__1L__S3021L01.jpg.npz,/Users/sarahoualli/Desktop/Casia_Iris_Twins/demo_orale_strict_sample_v3/rendered_arrays/gabor/S3021L01_gabor_02__1L__S3021L01.jpg.png
gabor,S3021R09.jpg,S3021R09,True,/Users/sarahoualli/Desktop/Casia_Iris_Twins/data/features/daugman_strict_v3/gabor_codes/02__1R__S3021R09.jpg.npz,/Users/sarahoualli/Desktop/Casia_Iris_Twins/demo_orale_strict_sample_v3/rendered_arrays/gabor/S3021R09_gabor_02__1R__S3021R09.jpg.png
gabor,S3021R01.jpg,S3021R01,True,/Users/sarahoualli/Desktop/Casia_Iris_Twins/data/features/daugman_strict_v3/gabor_codes/02__1R__S3021R01.jpg.npz,/Users/sarahoualli/Desktop/Casia_Iris_Twins/demo_orale_strict_sample_v3/rendered_arrays/gabor/S3021R01_gabor_02__1R__S3021R01.jpg.png
gabor,S3021R02.jpg,S3021R02,True,/Users/sarahoualli/Desktop/Casia_Iris_Twins/data/features/daugman_strict_v3/gabor_codes/02__1R__S3021R02.jpg.npz,/Users/sarahoualli/Desktop/Casia_Iris_Twins/demo_orale_strict_sample_v3/rendered_arrays/gabor/S3021R02_gabor_02__1R__S3021R02.jpg.png
gabor,S3021R07.jpg,S3021R07,True,/Users/sarahoualli/Desktop/Casia_Iris_Twins/data/features/daugman_strict_v3/gabor_codes/02__1R__S3021R07.jpg.npz,/Users/sarahoualli/Desktop/Casia_Iris_Twins/demo_orale_strict_sample_v3/rendered_arrays/gabor/S3021R07_gabor_02__1R__S3021R07.jpg.png
gabor,S3021R06.jpg,S3021R06,True,/Users/sarahoualli/Desktop/Casia_Iris_Twins/data/features/daugman_strict_v3/gabor_codes/02__1R__S3021R06.jpg.npz,/Users/sarahoualli/Desktop/Casia_Iris_Twins/demo_orale_strict_sample_v3/rendered_arrays/gabor/S3021R06_gabor_02__1R__S3021R06.jpg.png
gabor,S3022L01.jpg,S3022L01,True,/Users/sarahoualli/Desktop/Casia_Iris_Twins/data/features/daugman_strict_v3/gabor_codes/02__2L__S3022L01.jpg.npz,/Users/sarahoualli/Desktop/Casia_Iris_Twins/demo_orale_strict_sample_v3/rendered_arrays/gabor/S3022L01_gabor_02__2L__S3022L01.jpg.png
gabor,S3022R01.jpg,S3022R01,True,/Users/sarahoualli/Desktop/Casia_Iris_Twins/data/features/daugman_strict_v3/gabor_codes/02__2R__S3022R01.jpg.npz,/Users/sarahoualli/Desktop/Casia_Iris_Twins/demo_orale_strict_sample_v3/rendered_arrays/gabor/S3022R01_gabor_02__2R__S3022R01.jpg.png
gabor,S3022R02.jpg,S3022R02,True,/Users/sarahoualli/Desktop/Casia_Iris_Twins/data/features/daugman_strict_v3/gabor_codes/02__2R__S3022R02.jpg.npz,/Users/sarahoualli/Desktop/Casia_Iris_Twins/demo_orale_strict_sample_v3/rendered_arrays/gabor/S3022R02_gabor_02__2R__S3022R02.jpg.png
gabor,S3101L08.jpg,S3101L08,True,/Users/sarahoualli/Desktop/Casia_Iris_Twins/data/features/daugman_strict_v3/gabor_codes/10__1L__S3101L08.jpg.npz,/Users/sarahoualli/Desktop/Casia_Iris_Twins/demo_orale_strict_sample_v3/rendered_arrays/gabor/S3101L08_gabor_10__1L__S3101L08.jpg.png
gabor,S3101L04.jpg,S3101L04,True,/Users/sarahoualli/Desktop/Casia_Iris_Twins/data/features/daugman_strict_v3/gabor_codes/10__1L__S3101L04.jpg.npz,/Users/sarahoualli/Desktop/Casia_Iris_Twins/demo_orale_strict_sample_v3/rendered_arrays/gabor/S3101L04_gabor_10__1L__S3101L04.jpg.png
gabor,S3101L02.jpg,S3101L02,True,/Users/sarahoualli/Desktop/Casia_Iris_Twins/data/features/daugman_strict_v3/gabor_codes/10__1L__S3101L02.jpg.npz,/Users/sarahoualli/Desktop/Casia_Iris_Twins/demo_orale_strict_sample_v3/rendered_arrays/gabor/S3101L02_gabor_10__1L__S3101L02.jpg.png
gabor,S3101L09.jpg,S3101L09,True,/Users/sarahoualli/Desktop/Casia_Iris_Twins/data/features/daugman_strict_v3/gabor_codes/10__1L__S3101L09.jpg.npz,/Users/sarahoualli/Desktop/Casia_Iris_Twins/demo_orale_strict_sample_v3/rendered_arrays/gabor/S3101L09_gabor_10__1L__S3101L09.jpg.png
gabor,S3101L10.jpg,S3101L10,True,/Users/sarahoualli/Desktop/Casia_Iris_Twins/data/features/daugman_strict_v3/gabor_codes/10__1L__S3101L10.jpg.npz,/Users/sarahoualli/Desktop/Casia_Iris_Twins/demo_orale_strict_sample_v3/rendered_arrays/gabor/S3101L10_gabor_10__1L__S3101L10.jpg.png
gabor,S3101R07.jpg,S3101R07,True,/Users/sarahoualli/Desktop/Casia_Iris_Twins/data/features/daugman_strict_v3/gabor_codes/10__1R__S3101R07.jpg.npz,/Users/sarahoualli/Desktop/Casia_Iris_Twins/demo_orale_strict_sample_v3/rendered_arrays/gabor/S3101R07_gabor_10__1R__S3101R07.jpg.png
gabor,S3101R04.jpg,S3101R04,True,/Users/sarahoualli/Desktop/Casia_Iris_Twins/data/features/daugman_strict_v3/gabor_codes/10__1R__S3101R04.jpg.npz,/Users/sarahoualli/Desktop/Casia_Iris_Twins/demo_orale_strict_sample_v3/rendered_arrays/gabor/S3101R04_gabor_10__1R__S3101R04.jpg.png
gabor,S3101R03.jpg,S3101R03,True,/Users/sarahoualli/Desktop/Casia_Iris_Twins/data/features/daugman_strict_v3/gabor_codes/10__1R__S3101R03.jpg.npz,/Users/sarahoualli/Desktop/Casia_Iris_Twins/demo_orale_strict_sample_v3/rendered_arrays/gabor/S3101R03_gabor_10__1R__S3101R03.jpg.png
gabor,S3101R02.jpg,S3101R02,True,/Users/sarahoualli/Desktop/Casia_Iris_Twins/data/features/daugman_strict_v3/gabor_codes/10__1R__S3101R02.jpg.npz,/Users/sarahoualli/Desktop/Casia_Iris_Twins/demo_orale_strict_sample_v3/rendered_arrays/gabor/S3101R02_gabor_10__1R__S3101R02.jpg.png
gabor,S3101R05.jpg,S3101R05,True,/Users/sarahoualli/Desktop/Casia_Iris_Twins/data/features/daugman_strict_v3/gabor_codes/10__1R__S3101R05.jpg.npz,/Users/sarahoualli/Desktop/Casia_Iris_Twins/demo_orale_strict_sample_v3/rendered_arrays/gabor/S3101R05_gabor_10__1R__S3101R05.jpg.png
gabor,S3102L10.jpg,S3102L10,True,/Users/sarahoualli/Desktop/Casia_Iris_Twins/data/features/daugman_strict_v3/gabor_codes/10__2L__S3102L10.jpg.npz,/Users/sarahoualli/Desktop/Casia_Iris_Twins/demo_orale_strict_sample_v3/rendered_arrays/gabor/S3102L10_gabor_10__2L__S3102L10.jpg.png
gabor,S3102L09.jpg,S3102L09,True,/Users/sarahoualli/Desktop/Casia_Iris_Twins/data/features/daugman_strict_v3/gabor_codes/10__2L__S3102L09.jpg.npz,/Users/sarahoualli/Desktop/Casia_Iris_Twins/demo_orale_strict_sample_v3/rendered_arrays/gabor/S3102L09_gabor_10__2L__S3102L09.jpg.png
gabor,S3102L01.jpg,S3102L01,True,/Users/sarahoualli/Desktop/Casia_Iris_Twins/data/features/daugman_strict_v3/gabor_codes/10__2L__S3102L01.jpg.npz,/Users/sarahoualli/Desktop/Casia_Iris_Twins/demo_orale_strict_sample_v3/rendered_arrays/gabor/S3102L01_gabor_10__2L__S3102L01.jpg.png
gabor,S3102L07.jpg,S3102L07,True,/Users/sarahoualli/Desktop/Casia_Iris_Twins/data/features/daugman_strict_v3/gabor_codes/10__2L__S3102L07.jpg.npz,/Users/sarahoualli/Desktop/Casia_Iris_Twins/demo_orale_strict_sample_v3/rendered_arrays/gabor/S3102L07_gabor_10__2L__S3102L07.jpg.png
gabor,S3102L06.jpg,S3102L06,True,/Users/sarahoualli/Desktop/Casia_Iris_Twins/data/features/daugman_strict_v3/gabor_codes/10__2L__S3102L06.jpg.npz,/Users/sarahoualli/Desktop/Casia_Iris_Twins/demo_orale_strict_sample_v3/rendered_arrays/gabor/S3102L06_gabor_10__2L__S3102L06.jpg.png
gabor,S3102R07.jpg,S3102R07,True,/Users/sarahoualli/Desktop/Casia_Iris_Twins/data/features/daugman_strict_v3/gabor_codes/10__2R__S3102R07.jpg.npz,/Users/sarahoualli/Desktop/Casia_Iris_Twins/demo_orale_strict_sample_v3/rendered_arrays/gabor/S3102R07_gabor_10__2R__S3102R07.jpg.png
gabor,S3102R08.jpg,S3102R08,True,/Users/sarahoualli/Desktop/Casia_Iris_Twins/data/features/daugman_strict_v3/gabor_codes/10__2R__S3102R08.jpg.npz,/Users/sarahoualli/Desktop/Casia_Iris_Twins/demo_orale_strict_sample_v3/rendered_arrays/gabor/S3102R08_gabor_10__2R__S3102R08.jpg.png
gabor,S3102R02.jpg,S3102R02,True,/Users/sarahoualli/Desktop/Casia_Iris_Twins/data/features/daugman_strict_v3/gabor_codes/10__2R__S3102R02.jpg.npz,/Users/sarahoualli/Desktop/Casia_Iris_Twins/demo_orale_strict_sample_v3/rendered_arrays/gabor/S3102R02_gabor_10__2R__S3102R02.jpg.png
gabor,S3102R06.jpg,S3102R06,True,/Users/sarahoualli/Desktop/Casia_Iris_Twins/data/features/daugman_strict_v3/gabor_codes/10__2R__S3102R06.jpg.npz,/Users/sarahoualli/Desktop/Casia_Iris_Twins/demo_orale_strict_sample_v3/rendered_arrays/gabor/S3102R06_gabor_10__2R__S3102R06.jpg.png
gabor,S3102R09.jpg,S3102R09,True,/Users/sarahoualli/Desktop/Casia_Iris_Twins/data/features/daugman_strict_v3/gabor_codes/10__2R__S3102R09.jpg.npz,/Users/sarahoualli/Desktop/Casia_Iris_Twins/demo_orale_strict_sample_v3/rendered_arrays/gabor/S3102R09_gabor_10__2R__S3102R09.jpg.png
gabor,S3151L06.jpg,S3151L06,True,/Users/sarahoualli/Desktop/Casia_Iris_Twins/data/features/daugman_strict_v3/gabor_codes/15__1L__S3151L06.jpg.npz,/Users/sarahoualli/Desktop/Casia_Iris_Twins/demo_orale_strict_sample_v3/rendered_arrays/gabor/S3151L06_gabor_15__1L__S3151L06.jpg.png
gabor,S3151L04.jpg,S3151L04,True,/Users/sarahoualli/Desktop/Casia_Iris_Twins/data/features/daugman_strict_v3/gabor_codes/15__1L__S3151L04.jpg.npz,/Users/sarahoualli/Desktop/Casia_Iris_Twins/demo_orale_strict_sample_v3/rendered_arrays/gabor/S3151L04_gabor_15__1L__S3151L04.jpg.png
gabor,S3151L03.jpg,S3151L03,True,/Users/sarahoualli/Desktop/Casia_Iris_Twins/data/features/daugman_strict_v3/gabor_codes/15__1L__S3151L03.jpg.npz,/Users/sarahoualli/Desktop/Casia_Iris_Twins/demo_orale_strict_sample_v3/rendered_arrays/gabor/S3151L03_gabor_15__1L__S3151L03.jpg.png
gabor,S3151L05.jpg,S3151L05,True,/Users/sarahoualli/Desktop/Casia_Iris_Twins/data/features/daugman_strict_v3/gabor_codes/15__1L__S3151L05.jpg.npz,/Users/sarahoualli/Desktop/Casia_Iris_Twins/demo_orale_strict_sample_v3/rendered_arrays/gabor/S3151L05_gabor_15__1L__S3151L05.jpg.png
gabor,S3151L07.jpg,S3151L07,True,/Users/sarahoualli/Desktop/Casia_Iris_Twins/data/features/daugman_strict_v3/gabor_codes/15__1L__S3151L07.jpg.npz,/Users/sarahoualli/Desktop/Casia_Iris_Twins/demo_orale_strict_sample_v3/rendered_arrays/gabor/S3151L07_gabor_15__1L__S3151L07.jpg.png
gabor,S3151R03.jpg,S3151R03,True,/Users/sarahoualli/Desktop/Casia_Iris_Twins/data/features/daugman_strict_v3/gabor_codes/15__1R__S3151R03.jpg.npz,/Users/sarahoualli/Desktop/Casia_Iris_Twins/demo_orale_strict_sample_v3/rendered_arrays/gabor/S3151R03_gabor_15__1R__S3151R03.jpg.png
gabor,S3151R01.jpg,S3151R01,True,/Users/sarahoualli/Desktop/Casia_Iris_Twins/data/features/daugman_strict_v3/gabor_codes/15__1R__S3151R01.jpg.npz,/Users/sarahoualli/Desktop/Casia_Iris_Twins/demo_orale_strict_sample_v3/rendered_arrays/gabor/S3151R01_gabor_15__1R__S3151R01.jpg.png
gabor,S3151R02.jpg,S3151R02,True,/Users/sarahoualli/Desktop/Casia_Iris_Twins/data/features/daugman_strict_v3/gabor_codes/15__1R__S3151R02.jpg.npz,/Users/sarahoualli/Desktop/Casia_Iris_Twins/demo_orale_strict_sample_v3/rendered_arrays/gabor/S3151R02_gabor_15__1R__S3151R02.jpg.png
gabor,S3152R04.jpg,S3152R04,True,/Users/sarahoualli/Desktop/Casia_Iris_Twins/data/features/daugman_strict_v3/gabor_codes/15__2R__S3152R04.jpg.npz,/Users/sarahoualli/Desktop/Casia_Iris_Twins/demo_orale_strict_sample_v3/rendered_arrays/gabor/S3152R04_gabor_15__2R__S3152R04.jpg.png
gabor,S3152R03.jpg,S3152R03,True,/Users/sarahoualli/Desktop/Casia_Iris_Twins/data/features/daugman_strict_v3/gabor_codes/15__2R__S3152R03.jpg.npz,/Users/sarahoualli/Desktop/Casia_Iris_Twins/demo_orale_strict_sample_v3/rendered_arrays/gabor/S3152R03_gabor_15__2R__S3152R03.jpg.png
gabor,S3152R02.jpg,S3152R02,True,/Users/sarahoualli/Desktop/Casia_Iris_Twins/data/features/daugman_strict_v3/gabor_codes/15__2R__S3152R02.jpg.npz,/Users/sarahoualli/Desktop/Casia_Iris_Twins/demo_orale_strict_sample_v3/rendered_arrays/gabor/S3152R02_gabor_15__2R__S3152R02.jpg.png
gabor,S3152R07.jpg,S3152R07,True,/Users/sarahoualli/Desktop/Casia_Iris_Twins/data/features/daugman_strict_v3/gabor_codes/15__2R__S3152R07.jpg.npz,/Users/sarahoualli/Desktop/Casia_Iris_Twins/demo_orale_strict_sample_v3/rendered_arrays/gabor/S3152R07_gabor_15__2R__S3152R07.jpg.png
gabor,S3181R04.jpg,S3181R04,True,/Users/sarahoualli/Desktop/Casia_Iris_Twins/data/features/daugman_strict_v3/gabor_codes/18__1R__S3181R04.jpg.npz,/Users/sarahoualli/Desktop/Casia_Iris_Twins/demo_orale_strict_sample_v3/rendered_arrays/gabor/S3181R04_gabor_18__1R__S3181R04.jpg.png
gabor,S3181R05.jpg,S3181R05,True,/Users/sarahoualli/Desktop/Casia_Iris_Twins/data/features/daugman_strict_v3/gabor_codes/18__1R__S3181R05.jpg.npz,/Users/sarahoualli/Desktop/Casia_Iris_Twins/demo_orale_strict_sample_v3/rendered_arrays/gabor/S3181R05_gabor_18__1R__S3181R05.jpg.png
gabor,S3182L01.jpg,S3182L01,True,/Users/sarahoualli/Desktop/Casia_Iris_Twins/data/features/daugman_strict_v3/gabor_codes/18__2L__S3182L01.jpg.npz,/Users/sarahoualli/Desktop/Casia_Iris_Twins/demo_orale_strict_sample_v3/rendered_arrays/gabor/S3182L01_gabor_18__2L__S3182L01.jpg.png
gabor,S3182R05.jpg,S3182R05,True,/Users/sarahoualli/Desktop/Casia_Iris_Twins/data/features/daugman_strict_v3/gabor_codes/18__2R__S3182R05.jpg.npz,/Users/sarahoualli/Desktop/Casia_Iris_Twins/demo_orale_strict_sample_v3/rendered_arrays/gabor/S3182R05_gabor_18__2R__S3182R05.jpg.png
gabor,S3182R06.jpg,S3182R06,True,/Users/sarahoualli/Desktop/Casia_Iris_Twins/data/features/daugman_strict_v3/gabor_codes/18__2R__S3182R06.jpg.npz,/Users/sarahoualli/Desktop/Casia_Iris_Twins/demo_orale_strict_sample_v3/rendered_arrays/gabor/S3182R06_gabor_18__2R__S3182R06.jpg.png
gabor,S3182R04.jpg,S3182R04,True,/Users/sarahoualli/Desktop/Casia_Iris_Twins/data/features/daugman_strict_v3/gabor_codes/18__2R__S3182R04.jpg.npz,/Users/sarahoualli/Desktop/Casia_Iris_Twins/demo_orale_strict_sample_v3/rendered_arrays/gabor/S3182R04_gabor_18__2R__S3182R04.jpg.png
gabor,S3182R03.jpg,S3182R03,True,/Users/sarahoualli/Desktop/Casia_Iris_Twins/data/features/daugman_strict_v3/gabor_codes/18__2R__S3182R03.jpg.npz,/Users/sarahoualli/Desktop/Casia_Iris_Twins/demo_orale_strict_sample_v3/rendered_arrays/gabor/S3182R03_gabor_18__2R__S3182R03.jpg.png
gabor,S3182R07.jpg,S3182R07,True,/Users/sarahoualli/Desktop/Casia_Iris_Twins/data/features/daugman_strict_v3/gabor_codes/18__2R__S3182R07.jpg.npz,/Users/sarahoualli/Desktop/Casia_Iris_Twins/demo_orale_strict_sample_v3/rendered_arrays/gabor/S3182R07_gabor_18__2R__S3182R07.jpg.png
gabor,S3141L03.jpg,S3141L03,True,/Users/sarahoualli/Desktop/Casia_Iris_Twins/data/features/daugman_strict_v3/gabor_codes/14__1L__S3141L03.jpg.npz,/Users/sarahoualli/Desktop/Casia_Iris_Twins/demo_orale_strict_sample_v3/rendered_arrays/gabor/S3141L03_gabor_14__1L__S3141L03.jpg.png
gabor,S3141R07.jpg,S3141R07,True,/Users/sarahoualli/Desktop/Casia_Iris_Twins/data/features/daugman_strict_v3/gabor_codes/14__1R__S3141R07.jpg.npz,/Users/sarahoualli/Desktop/Casia_Iris_Twins/demo_orale_strict_sample_v3/rendered_arrays/gabor/S3141R07_gabor_14__1R__S3141R07.jpg.png
gabor,S3141R10.jpg,S3141R10,True,/Users/sarahoualli/Desktop/Casia_Iris_Twins/data/features/daugman_strict_v3/gabor_codes/14__1R__S3141R10.jpg.npz,/Users/sarahoualli/Desktop/Casia_Iris_Twins/demo_orale_strict_sample_v3/rendered_arrays/gabor/S3141R10_gabor_14__1R__S3141R10.jpg.png
gabor,S3141R04.jpg,S3141R04,True,/Users/sarahoualli/Desktop/Casia_Iris_Twins/data/features/daugman_strict_v3/gabor_codes/14__1R__S3141R04.jpg.npz,/Users/sarahoualli/Desktop/Casia_Iris_Twins/demo_orale_strict_sample_v3/rendered_arrays/gabor/S3141R04_gabor_14__1R__S3141R04.jpg.png
gabor,S3141R06.jpg,S3141R06,True,/Users/sarahoualli/Desktop/Casia_Iris_Twins/data/features/daugman_strict_v3/gabor_codes/14__1R__S3141R06.jpg.npz,/Users/sarahoualli/Desktop/Casia_Iris_Twins/demo_orale_strict_sample_v3/rendered_arrays/gabor/S3141R06_gabor_14__1R__S3141R06.jpg.png
gabor,S3142L03.jpg,S3142L03,True,/Users/sarahoualli/Desktop/Casia_Iris_Twins/data/features/daugman_strict_v3/gabor_codes/14__2L__S3142L03.jpg.npz,/Users/sarahoualli/Desktop/Casia_Iris_Twins/demo_orale_strict_sample_v3/rendered_arrays/gabor/S3142L03_gabor_14__2L__S3142L03.jpg.png
gabor,S3142L02.jpg,S3142L02,True,/Users/sarahoualli/Desktop/Casia_Iris_Twins/data/features/daugman_strict_v3/gabor_codes/14__2L__S3142L02.jpg.npz,/Users/sarahoualli/Desktop/Casia_Iris_Twins/demo_orale_strict_sample_v3/rendered_arrays/gabor/S3142L02_gabor_14__2L__S3142L02.jpg.png
gabor,S3142L04.jpg,S3142L04,True,/Users/sarahoualli/Desktop/Casia_Iris_Twins/data/features/daugman_strict_v3/gabor_codes/14__2L__S3142L04.jpg.npz,/Users/sarahoualli/Desktop/Casia_Iris_Twins/demo_orale_strict_sample_v3/rendered_arrays/gabor/S3142L04_gabor_14__2L__S3142L04.jpg.png
gabor,S3142L07.jpg,S3142L07,True,/Users/sarahoualli/Desktop/Casia_Iris_Twins/data/features/daugman_strict_v3/gabor_codes/14__2L__S3142L07.jpg.npz,/Users/sarahoualli/Desktop/Casia_Iris_Twins/demo_orale_strict_sample_v3/rendered_arrays/gabor/S3142L07_gabor_14__2L__S3142L07.jpg.png
gabor,S3142R08.jpg,S3142R08,True,/Users/sarahoualli/Desktop/Casia_Iris_Twins/data/features/daugman_strict_v3/gabor_codes/14__2R__S3142R08.jpg.npz,/Users/sarahoualli/Desktop/Casia_Iris_Twins/demo_orale_strict_sample_v3/rendered_arrays/gabor/S3142R08_gabor_14__2R__S3142R08.jpg.png
gabor,S3142R07.jpg,S3142R07,True,/Users/sarahoualli/Desktop/Casia_Iris_Twins/data/features/daugman_strict_v3/gabor_codes/14__2R__S3142R07.jpg.npz,/Users/sarahoualli/Desktop/Casia_Iris_Twins/demo_orale_strict_sample_v3/rendered_arrays/gabor/S3142R07_gabor_14__2R__S3142R07.jpg.png
gabor,S3142R10.jpg,S3142R10,True,/Users/sarahoualli/Desktop/Casia_Iris_Twins/data/features/daugman_strict_v3/gabor_codes/14__2R__S3142R10.jpg.npz,/Users/sarahoualli/Desktop/Casia_Iris_Twins/demo_orale_strict_sample_v3/rendered_arrays/gabor/S3142R10_gabor_14__2R__S3142R10.jpg.png
gabor,S3142R09.jpg,S3142R09,True,/Users/sarahoualli/Desktop/Casia_Iris_Twins/data/features/daugman_strict_v3/gabor_codes/14__2R__S3142R09.jpg.npz,/Users/sarahoualli/Desktop/Casia_Iris_Twins/demo_orale_strict_sample_v3/rendered_arrays/gabor/S3142R09_gabor_14__2R__S3142R09.jpg.png
gabor,S3121L03.jpg,S3121L03,True,/Users/sarahoualli/Desktop/Casia_Iris_Twins/data/features/daugman_strict_v3/gabor_codes/12__1L__S3121L03.jpg.npz,/Users/sarahoualli/Desktop/Casia_Iris_Twins/demo_orale_strict_sample_v3/rendered_arrays/gabor/S3121L03_gabor_12__1L__S3121L03.jpg.png
gabor,S3121L02.jpg,S3121L02,True,/Users/sarahoualli/Desktop/Casia_Iris_Twins/data/features/daugman_strict_v3/gabor_codes/12__1L__S3121L02.jpg.npz,/Users/sarahoualli/Desktop/Casia_Iris_Twins/demo_orale_strict_sample_v3/rendered_arrays/gabor/S3121L02_gabor_12__1L__S3121L02.jpg.png
gabor,S3121L01.jpg,S3121L01,True,/Users/sarahoualli/Desktop/Casia_Iris_Twins/data/features/daugman_strict_v3/gabor_codes/12__1L__S3121L01.jpg.npz,/Users/sarahoualli/Desktop/Casia_Iris_Twins/demo_orale_strict_sample_v3/rendered_arrays/gabor/S3121L01_gabor_12__1L__S3121L01.jpg.png
gabor,S3121R04.jpg,S3121R04,True,/Users/sarahoualli/Desktop/Casia_Iris_Twins/data/features/daugman_strict_v3/gabor_codes/12__1R__S3121R04.jpg.npz,/Users/sarahoualli/Desktop/Casia_Iris_Twins/demo_orale_strict_sample_v3/rendered_arrays/gabor/S3121R04_gabor_12__1R__S3121R04.jpg.png
gabor,S3121R02.jpg,S3121R02,True,/Users/sarahoualli/Desktop/Casia_Iris_Twins/data/features/daugman_strict_v3/gabor_codes/12__1R__S3121R02.jpg.npz,/Users/sarahoualli/Desktop/Casia_Iris_Twins/demo_orale_strict_sample_v3/rendered_arrays/gabor/S3121R02_gabor_12__1R__S3121R02.jpg.png
gabor,S3121R01.jpg,S3121R01,True,/Users/sarahoualli/Desktop/Casia_Iris_Twins/data/features/daugman_strict_v3/gabor_codes/12__1R__S3121R01.jpg.npz,/Users/sarahoualli/Desktop/Casia_Iris_Twins/demo_orale_strict_sample_v3/rendered_arrays/gabor/S3121R01_gabor_12__1R__S3121R01.jpg.png
gabor,S3121R08.jpg,S3121R08,True,/Users/sarahoualli/Desktop/Casia_Iris_Twins/data/features/daugman_strict_v3/gabor_codes/12__1R__S3121R08.jpg.npz,/Users/sarahoualli/Desktop/Casia_Iris_Twins/demo_orale_strict_sample_v3/rendered_arrays/gabor/S3121R08_gabor_12__1R__S3121R08.jpg.png
gabor,S3121R07.jpg,S3121R07,True,/Users/sarahoualli/Desktop/Casia_Iris_Twins/data/features/daugman_strict_v3/gabor_codes/12__1R__S3121R07.jpg.npz,/Users/sarahoualli/Desktop/Casia_Iris_Twins/demo_orale_strict_sample_v3/rendered_arrays/gabor/S3121R07_gabor_12__1R__S3121R07.jpg.png
gabor,S3122L09.jpg,S3122L09,True,/Users/sarahoualli/Desktop/Casia_Iris_Twins/data/features/daugman_strict_v3/gabor_codes/12__2L__S3122L09.jpg.npz,/Users/sarahoualli/Desktop/Casia_Iris_Twins/demo_orale_strict_sample_v3/rendered_arrays/gabor/S3122L09_gabor_12__2L__S3122L09.jpg.png
gabor,S3122L07.jpg,S3122L07,True,/Users/sarahoualli/Desktop/Casia_Iris_Twins/data/features/daugman_strict_v3/gabor_codes/12__2L__S3122L07.jpg.npz,/Users/sarahoualli/Desktop/Casia_Iris_Twins/demo_orale_strict_sample_v3/rendered_arrays/gabor/S3122L07_gabor_12__2L__S3122L07.jpg.png
gabor,S3122L10.jpg,S3122L10,True,/Users/sarahoualli/Desktop/Casia_Iris_Twins/data/features/daugman_strict_v3/gabor_codes/12__2L__S3122L10.jpg.npz,/Users/sarahoualli/Desktop/Casia_Iris_Twins/demo_orale_strict_sample_v3/rendered_arrays/gabor/S3122L10_gabor_12__2L__S3122L10.jpg.png
gabor,S3122L01.jpg,S3122L01,True,/Users/sarahoualli/Desktop/Casia_Iris_Twins/data/features/daugman_strict_v3/gabor_codes/12__2L__S3122L01.jpg.npz,/Users/sarahoualli/Desktop/Casia_Iris_Twins/demo_orale_strict_sample_v3/rendered_arrays/gabor/S3122L01_gabor_12__2L__S3122L01.jpg.png
gabor,S3122L05.jpg,S3122L05,True,/Users/sarahoualli/Desktop/Casia_Iris_Twins/data/features/daugman_strict_v3/gabor_codes/12__2L__S3122L05.jpg.npz,/Users/sarahoualli/Desktop/Casia_Iris_Twins/demo_orale_strict_sample_v3/rendered_arrays/gabor/S3122L05_gabor_12__2L__S3122L05.jpg.png
gabor,S3122R02.jpg,S3122R02,True,/Users/sarahoualli/Desktop/Casia_Iris_Twins/data/features/daugman_strict_v3/gabor_codes/12__2R__S3122R02.jpg.npz,/Users/sarahoualli/Desktop/Casia_Iris_Twins/demo_orale_strict_sample_v3/rendered_arrays/gabor/S3122R02_gabor_12__2R__S3122R02.jpg.png
gabor,S3122R04.jpg,S3122R04,True,/Users/sarahoualli/Desktop/Casia_Iris_Twins/data/features/daugman_strict_v3/gabor_codes/12__2R__S3122R04.jpg.npz,/Users/sarahoualli/Desktop/Casia_Iris_Twins/demo_orale_strict_sample_v3/rendered_arrays/gabor/S3122R04_gabor_12__2R__S3122R04.jpg.png
gabor,S3122R03.jpg,S3122R03,True,/Users/sarahoualli/Desktop/Casia_Iris_Twins/data/features/daugman_strict_v3/gabor_codes/12__2R__S3122R03.jpg.npz,/Users/sarahoualli/Desktop/Casia_Iris_Twins/demo_orale_strict_sample_v3/rendered_arrays/gabor/S3122R03_gabor_12__2R__S3122R03.jpg.png
gabor,S3122R01.jpg,S3122R01,True,/Users/sarahoualli/Desktop/Casia_Iris_Twins/data/features/daugman_strict_v3/gabor_codes/12__2R__S3122R01.jpg.npz,/Users/sarahoualli/Desktop/Casia_Iris_Twins/demo_orale_strict_sample_v3/rendered_arrays/gabor/S3122R01_gabor_12__2R__S3122R01.jpg.png
gabor,S3051L07.jpg,S3051L07,True,/Users/sarahoualli/Desktop/Casia_Iris_Twins/data/features/daugman_strict_v3/gabor_codes/05__1L__S3051L07.jpg.npz,/Users/sarahoualli/Desktop/Casia_Iris_Twins/demo_orale_strict_sample_v3/rendered_arrays/gabor/S3051L07_gabor_05__1L__S3051L07.jpg.png
gabor,S3051L08.jpg,S3051L08,True,/Users/sarahoualli/Desktop/Casia_Iris_Twins/data/features/daugman_strict_v3/gabor_codes/05__1L__S3051L08.jpg.npz,/Users/sarahoualli/Desktop/Casia_Iris_Twins/demo_orale_strict_sample_v3/rendered_arrays/gabor/S3051L08_gabor_05__1L__S3051L08.jpg.png
gabor,S3051L10.jpg,S3051L10,True,/Users/sarahoualli/Desktop/Casia_Iris_Twins/data/features/daugman_strict_v3/gabor_codes/05__1L__S3051L10.jpg.npz,/Users/sarahoualli/Desktop/Casia_Iris_Twins/demo_orale_strict_sample_v3/rendered_arrays/gabor/S3051L10_gabor_05__1L__S3051L10.jpg.png
gabor,S3051L06.jpg,S3051L06,True,/Users/sarahoualli/Desktop/Casia_Iris_Twins/data/features/daugman_strict_v3/gabor_codes/05__1L__S3051L06.jpg.npz,/Users/sarahoualli/Desktop/Casia_Iris_Twins/demo_orale_strict_sample_v3/rendered_arrays/gabor/S3051L06_gabor_05__1L__S3051L06.jpg.png
gabor,S3051R01.jpg,S3051R01,True,/Users/sarahoualli/Desktop/Casia_Iris_Twins/data/features/daugman_strict_v3/gabor_codes/05__1R__S3051R01.jpg.npz,/Users/sarahoualli/Desktop/Casia_Iris_Twins/demo_orale_strict_sample_v3/rendered_arrays/gabor/S3051R01_gabor_05__1R__S3051R01.jpg.png
gabor,S3051R03.jpg,S3051R03,True,/Users/sarahoualli/Desktop/Casia_Iris_Twins/data/features/daugman_strict_v3/gabor_codes/05__1R__S3051R03.jpg.npz,/Users/sarahoualli/Desktop/Casia_Iris_Twins/demo_orale_strict_sample_v3/rendered_arrays/gabor/S3051R03_gabor_05__1R__S3051R03.jpg.png
gabor,S3052L01.jpg,S3052L01,True,/Users/sarahoualli/Desktop/Casia_Iris_Twins/data/features/daugman_strict_v3/gabor_codes/05__2L__S3052L01.jpg.npz,/Users/sarahoualli/Desktop/Casia_Iris_Twins/demo_orale_strict_sample_v3/rendered_arrays/gabor/S3052L01_gabor_05__2L__S3052L01.jpg.png
gabor,S3052L02.jpg,S3052L02,True,/Users/sarahoualli/Desktop/Casia_Iris_Twins/data/features/daugman_strict_v3/gabor_codes/05__2L__S3052L02.jpg.npz,/Users/sarahoualli/Desktop/Casia_Iris_Twins/demo_orale_strict_sample_v3/rendered_arrays/gabor/S3052L02_gabor_05__2L__S3052L02.jpg.png
gabor,S3052L03.jpg,S3052L03,True,/Users/sarahoualli/Desktop/Casia_Iris_Twins/data/features/daugman_strict_v3/gabor_codes/05__2L__S3052L03.jpg.npz,/Users/sarahoualli/Desktop/Casia_Iris_Twins/demo_orale_strict_sample_v3/rendered_arrays/gabor/S3052L03_gabor_05__2L__S3052L03.jpg.png
gabor,S3052R01.jpg,S3052R01,True,/Users/sarahoualli/Desktop/Casia_Iris_Twins/data/features/daugman_strict_v3/gabor_codes/05__2R__S3052R01.jpg.npz,/Users/sarahoualli/Desktop/Casia_Iris_Twins/demo_orale_strict_sample_v3/rendered_arrays/gabor/S3052R01_gabor_05__2R__S3052R01.jpg.png
gabor,S3011L07.jpg,S3011L07,True,/Users/sarahoualli/Desktop/Casia_Iris_Twins/data/features/daugman_strict_v3/gabor_codes/01__1L__S3011L07.jpg.npz,/Users/sarahoualli/Desktop/Casia_Iris_Twins/demo_orale_strict_sample_v3/rendered_arrays/gabor/S3011L07_gabor_01__1L__S3011L07.jpg.png
gabor,S3011R01.jpg,S3011R01,True,/Users/sarahoualli/Desktop/Casia_Iris_Twins/data/features/daugman_strict_v3/gabor_codes/01__1R__S3011R01.jpg.npz,/Users/sarahoualli/Desktop/Casia_Iris_Twins/demo_orale_strict_sample_v3/rendered_arrays/gabor/S3011R01_gabor_01__1R__S3011R01.jpg.png
gabor,S3011R02.jpg,S3011R02,True,/Users/sarahoualli/Desktop/Casia_Iris_Twins/data/features/daugman_strict_v3/gabor_codes/01__1R__S3011R02.jpg.npz,/Users/sarahoualli/Desktop/Casia_Iris_Twins/demo_orale_strict_sample_v3/rendered_arrays/gabor/S3011R02_gabor_01__1R__S3011R02.jpg.png
gabor,S3012L07.jpg,S3012L07,True,/Users/sarahoualli/Desktop/Casia_Iris_Twins/data/features/daugman_strict_v3/gabor_codes/01__2L__S3012L07.jpg.npz,/Users/sarahoualli/Desktop/Casia_Iris_Twins/demo_orale_strict_sample_v3/rendered_arrays/gabor/S3012L07_gabor_01__2L__S3012L07.jpg.png
gabor,S3012L02.jpg,S3012L02,True,/Users/sarahoualli/Desktop/Casia_Iris_Twins/data/features/daugman_strict_v3/gabor_codes/01__2L__S3012L02.jpg.npz,/Users/sarahoualli/Desktop/Casia_Iris_Twins/demo_orale_strict_sample_v3/rendered_arrays/gabor/S3012L02_gabor_01__2L__S3012L02.jpg.png
gabor,S3012R07.jpg,S3012R07,True,/Users/sarahoualli/Desktop/Casia_Iris_Twins/data/features/daugman_strict_v3/gabor_codes/01__2R__S3012R07.jpg.npz,/Users/sarahoualli/Desktop/Casia_Iris_Twins/demo_orale_strict_sample_v3/rendered_arrays/gabor/S3012R07_gabor_01__2R__S3012R07.jpg.png
