pair_id,sample_id_1,sample_id_2,image_1,image_2,code_path_1,code_path_2,family_id_1,family_id_2,subject_id_1,subject_id_2,iris_id_1,iris_id_2,twin_id_1,twin_id_2,eye_1,eye_2,relation,is_genuine,is_twin,is_unrelated,match_ok,hd,best_shift,common_bits,error,_matched_stems,matching_source
0,1,2,01/1L/S3011L07.jpg,01/1R/S3011R01.jpg,data/features/daugman_strict_v3/gabor_codes/01__1L__S3011L07.jpg.npz,data/features/daugman_strict_v3/gabor_codes/01__1R__S3011R01.jpg.npz,1,1,F01_T1,F01_T1,F01_T1_L,F01_T1_R,1,1,L,R,same_subject_different_eye,0,0,0,True,0.4114543361473523,-12,20848,,"S3011L07,S3011R01",filtered_from_final_matching_results
1,1,3,01/1L/S3011L07.jpg,01/1R/S3011R02.jpg,data/features/daugman_strict_v3/gabor_codes/01__1L__S3011L07.jpg.npz,data/features/daugman_strict_v3/gabor_codes/01__1R__S3011R02.jpg.npz,1,1,F01_T1,F01_T1,F01_T1_L,F01_T1_R,1,1,L,R,same_subject_different_eye,0,0,0,True,0.3651622367966862,0,23176,,"S3011L07,S3011R02",filtered_from_final_matching_results
2,1,4,01/1L/S3011L07.jpg,01/2L/S3012L02.jpg,data/features/daugman_strict_v3/gabor_codes/01__1L__S3011L07.jpg.npz,data/features/daugman_strict_v3/gabor_codes/01__2L__S3012L02.jpg.npz,1,1,F01_T1,F01_T2,F01_T1_L,F01_T2_L,1,2,L,L,twin_same_eye,0,1,0,True,0.3870806709265175,-8,20032,,"S3011L07,S3012L02",filtered_from_final_matching_results
3,1,5,01/1L/S3011L07.jpg,01/2L/S3012L07.jpg,data/features/daugman_strict_v3/gabor_codes/01__1L__S3011L07.jpg.npz,data/features/daugman_strict_v3/gabor_codes/01__2L__S3012L07.jpg.npz,1,1,F01_T1,F01_T2,F01_T1_L,F01_T2_L,1,2,L,L,twin_same_eye,0,1,0,True,0.4277909306137316,0,21964,,"S3011L07,S3012L07",filtered_from_final_matching_results
4,1,6,01/1L/S3011L07.jpg,01/2R/S3012R07.jpg,data/features/daugman_strict_v3/gabor_codes/01__1L__S3011L07.jpg.npz,data/features/daugman_strict_v3/gabor_codes/01__2R__S3012R07.jpg.npz,1,1,F01_T1,F01_T2,F01_T1_L,F01_T2_R,1,2,L,R,twin_cross_eye,0,1,0,True,0.4577591372079089,-14,20028,,"S3011L07,S3012R07",filtered_from_final_matching_results
5,2,3,01/1R/S3011R01.jpg,01/1R/S3011R02.jpg,data/features/daugman_strict_v3/gabor_codes/01__1R__S3011R01.jpg.npz,data/features/daugman_strict_v3/gabor_codes/01__1R__S3011R02.jpg.npz,1,1,F01_T1,F01_T1,F01_T1_R,F01_T1_R,1,1,R,R,genuine,1,0,0,True,0.4202904564315353,0,24100,,"S3011R01,S3011R02",filtered_from_final_matching_results
6,2,4,01/1R/S3011R01.jpg,01/2L/S3012L02.jpg,data/features/daugman_strict_v3/gabor_codes/01__1R__S3011R01.jpg.npz,data/features/daugman_strict_v3/gabor_codes/01__2L__S3012L02.jpg.npz,1,1,F01_T1,F01_T2,F01_T1_R,F01_T2_L,1,2,R,L,twin_cross_eye,0,1,0,True,0.4243111111111111,0,22500,,"S3011R01,S3012L02",filtered_from_final_matching_results
7,2,5,01/1R/S3011R01.jpg,01/2L/S3012L07.jpg,data/features/daugman_strict_v3/gabor_codes/01__1R__S3011R01.jpg.npz,data/features/daugman_strict_v3/gabor_codes/01__2L__S3012L07.jpg.npz,1,1,F01_T1,F01_T2,F01_T1_R,F01_T2_L,1,2,R,L,twin_cross_eye,0,1,0,True,0.4074713611859838,0,23744,,"S3011R01,S3012L07",filtered_from_final_matching_results
8,2,6,01/1R/S3011R01.jpg,01/2R/S3012R07.jpg,data/features/daugman_strict_v3/gabor_codes/01__1R__S3011R01.jpg.npz,data/features/daugman_strict_v3/gabor_codes/01__2R__S3012R07.jpg.npz,1,1,F01_T1,F01_T2,F01_T1_R,F01_T2_R,1,2,R,R,twin_same_eye,0,1,0,True,0.4502260616825448,-2,24772,,"S3011R01,S3012R07",filtered_from_final_matching_results
9,3,4,01/1R/S3011R02.jpg,01/2L/S3012L02.jpg,data/features/daugman_strict_v3/gabor_codes/01__1R__S3011R02.jpg.npz,data/features/daugman_strict_v3/gabor_codes/01__2L__S3012L02.jpg.npz,1,1,F01_T1,F01_T2,F01_T1_R,F01_T2_L,1,2,R,L,twin_cross_eye,0,1,0,True,0.3743010975357216,-14,19316,,"S3011R02,S3012L02",filtered_from_final_matching_results
10,3,5,01/1R/S3011R02.jpg,01/2L/S3012L07.jpg,data/features/daugman_strict_v3/gabor_codes/01__1R__S3011R02.jpg.npz,data/features/daugman_strict_v3/gabor_codes/01__2L__S3012L07.jpg.npz,1,1,F01_T1,F01_T2,F01_T1_R,F01_T2_L,1,2,R,L,twin_cross_eye,0,1,0,True,0.4295902489626556,0,23136,,"S3011R02,S3012L07",filtered_from_final_matching_results
11,3,6,01/1R/S3011R02.jpg,01/2R/S3012R07.jpg,data/features/daugman_strict_v3/gabor_codes/01__1R__S3011R02.jpg.npz,data/features/daugman_strict_v3/gabor_codes/01__2R__S3012R07.jpg.npz,1,1,F01_T1,F01_T2,F01_T1_R,F01_T2_R,1,2,R,R,twin_same_eye,0,1,0,True,0.4529527191179219,-12,21404,,"S3011R02,S3012R07",filtered_from_final_matching_results
12,4,5,01/2L/S3012L02.jpg,01/2L/S3012L07.jpg,data/features/daugman_strict_v3/gabor_codes/01__2L__S3012L02.jpg.npz,data/features/daugman_strict_v3/gabor_codes/01__2L__S3012L07.jpg.npz,1,1,F01_T2,F01_T2,F01_T2_L,F01_T2_L,2,2,L,L,genuine,1,0,0,True,0.4356371274254851,-8,19996,,"S3012L02,S3012L07",filtered_from_final_matching_results
13,4,6,01/2L/S3012L02.jpg,01/2R/S3012R07.jpg,data/features/daugman_strict_v3/gabor_codes/01__2L__S3012L02.jpg.npz,data/features/daugman_strict_v3/gabor_codes/01__2R__S3012R07.jpg.npz,1,1,F01_T2,F01_T2,F01_T2_L,F01_T2_R,2,2,L,R,same_subject_different_eye,0,0,0,True,0.4516657038320816,10,20772,,"S3012L02,S3012R07",filtered_from_final_matching_results
14,5,6,01/2L/S3012L07.jpg,01/2R/S3012R07.jpg,data/features/daugman_strict_v3/gabor_codes/01__2L__S3012L07.jpg.npz,data/features/daugman_strict_v3/gabor_codes/01__2R__S3012R07.jpg.npz,1,1,F01_T2,F01_T2,F01_T2_L,F01_T2_R,2,2,L,R,same_subject_different_eye,0,0,0,True,0.4438318092164246,-6,22308,,"S3012L07,S3012R07",filtered_from_final_matching_results
15,7,8,02/1L/S3021L01.jpg,02/1L/S3021L02.jpg,data/features/daugman_strict_v3/gabor_codes/02__1L__S3021L01.jpg.npz,data/features/daugman_strict_v3/gabor_codes/02__1L__S3021L02.jpg.npz,2,2,F02_T1,F02_T1,F02_T1_L,F02_T1_L,1,1,L,L,genuine,1,0,0,True,0.2967319340752218,-2,28396,,"S3021L01,S3021L02",filtered_from_final_matching_results
16,7,9,02/1L/S3021L01.jpg,02/1L/S3021L03.jpg,data/features/daugman_strict_v3/gabor_codes/02__1L__S3021L01.jpg.npz,data/features/daugman_strict_v3/gabor_codes/02__1L__S3021L03.jpg.npz,2,2,F02_T1,F02_T1,F02_T1_L,F02_T1_L,1,1,L,L,genuine,1,0,0,True,0.3314416273584906,-2,27136,,"S3021L01,S3021L03",filtered_from_final_matching_results
17,7,10,02/1L/S3021L01.jpg,02/1L/S3021L04.jpg,data/features/daugman_strict_v3/gabor_codes/02__1L__S3021L01.jpg.npz,data/features/daugman_strict_v3/gabor_codes/02__1L__S3021L04.jpg.npz,2,2,F02_T1,F02_T1,F02_T1_L,F02_T1_L,1,1,L,L,genuine,1,0,0,True,0.3587509349289454,-4,26740,,"S3021L01,S3021L04",filtered_from_final_matching_results
19,7,12,02/1L/S3021L01.jpg,02/1L/S3021L06.jpg,data/features/daugman_strict_v3/gabor_codes/02__1L__S3021L01.jpg.npz,data/features/daugman_strict_v3/gabor_codes/02__1L__S3021L06.jpg.npz,2,2,F02_T1,F02_T1,F02_T1_L,F02_T1_L,1,1,L,L,genuine,1,0,0,True,0.2955352072685974,-2,28176,,"S3021L01,S3021L06",filtered_from_final_matching_results
20,7,13,02/1L/S3021L01.jpg,02/1R/S3021R01.jpg,data/features/daugman_strict_v3/gabor_codes/02__1L__S3021L01.jpg.npz,data/features/daugman_strict_v3/gabor_codes/02__1R__S3021R01.jpg.npz,2,2,F02_T1,F02_T1,F02_T1_L,F02_T1_R,1,1,L,R,same_subject_different_eye,0,0,0,True,0.4209300606239834,0,27052,,"S3021L01,S3021R01",filtered_from_final_matching_results
21,7,14,02/1L/S3021L01.jpg,02/1R/S3021R02.jpg,data/features/daugman_strict_v3/gabor_codes/02__1L__S3021L01.jpg.npz,data/features/daugman_strict_v3/gabor_codes/02__1R__S3021R02.jpg.npz,2,2,F02_T1,F02_T1,F02_T1_L,F02_T1_R,1,1,L,R,same_subject_different_eye,0,0,0,True,0.4425854952830189,0,27136,,"S3021L01,S3021R02",filtered_from_final_matching_results
25,7,18,02/1L/S3021L01.jpg,02/1R/S3021R06.jpg,data/features/daugman_strict_v3/gabor_codes/02__1L__S3021L01.jpg.npz,data/features/daugman_strict_v3/gabor_codes/02__1R__S3021R06.jpg.npz,2,2,F02_T1,F02_T1,F02_T1_L,F02_T1_R,1,1,L,R,same_subject_different_eye,0,0,0,True,0.4298561151079136,0,27244,,"S3021L01,S3021R06",filtered_from_final_matching_results
26,7,19,02/1L/S3021L01.jpg,02/1R/S3021R07.jpg,data/features/daugman_strict_v3/gabor_codes/02__1L__S3021L01.jpg.npz,data/features/daugman_strict_v3/gabor_codes/02__1R__S3021R07.jpg.npz,2,2,F02_T1,F02_T1,F02_T1_L,F02_T1_R,1,1,L,R,same_subject_different_eye,0,0,0,True,0.4368529232643118,-2,26272,,"S3021L01,S3021R07",filtered_from_final_matching_results
28,7,21,02/1L/S3021L01.jpg,02/1R/S3021R09.jpg,data/features/daugman_strict_v3/gabor_codes/02__1L__S3021L01.jpg.npz,data/features/daugman_strict_v3/gabor_codes/02__1R__S3021R09.jpg.npz,2,2,F02_T1,F02_T1,F02_T1_L,F02_T1_R,1,1,L,R,same_subject_different_eye,0,0,0,True,0.4164574719432959,0,27088,,"S3021L01,S3021R09",filtered_from_final_matching_results
29,7,22,02/1L/S3021L01.jpg,02/2L/S3022L01.jpg,data/features/daugman_strict_v3/gabor_codes/02__1L__S3021L01.jpg.npz,data/features/daugman_strict_v3/gabor_codes/02__2L__S3022L01.jpg.npz,2,2,F02_T1,F02_T2,F02_T1_L,F02_T2_L,1,2,L,L,twin_same_eye,0,1,0,True,0.4039609130240191,6,26812,,"S3021L01,S3022L01",filtered_from_final_matching_results
30,7,23,02/1L/S3021L01.jpg,02/2R/S3022R01.jpg,data/features/daugman_strict_v3/gabor_codes/02__1L__S3021L01.jpg.npz,data/features/daugman_strict_v3/gabor_codes/02__2R__S3022R01.jpg.npz,2,2,F02_T1,F02_T2,F02_T1_L,F02_T2_R,1,2,L,R,twin_cross_eye,0,1,0,True,0.4104295837023915,4,27096,,"S3021L01,S3022R01",filtered_from_final_matching_results
31,7,24,02/1L/S3021L01.jpg,02/2R/S3022R02.jpg,data/features/daugman_strict_v3/gabor_codes/02__1L__S3021L01.jpg.npz,data/features/daugman_strict_v3/gabor_codes/02__2R__S3022R02.jpg.npz,2,2,F02_T1,F02_T2,F02_T1_L,F02_T2_R,1,2,L,R,twin_cross_eye,0,1,0,True,0.4126895628902765,-2,26904,,"S3021L01,S3022R02",filtered_from_final_matching_results
32,8,9,02/1L/S3021L02.jpg,02/1L/S3021L03.jpg,data/features/daugman_strict_v3/gabor_codes/02__1L__S3021L02.jpg.npz,data/features/daugman_strict_v3/gabor_codes/02__1L__S3021L03.jpg.npz,2,2,F02_T1,F02_T1,F02_T1_L,F02_T1_L,1,1,L,L,genuine,1,0,0,True,0.238268156424581,0,28640,,"S3021L02,S3021L03",filtered_from_final_matching_results
33,8,10,02/1L/S3021L02.jpg,02/1L/S3021L04.jpg,data/features/daugman_strict_v3/gabor_codes/02__1L__S3021L02.jpg.npz,data/features/daugman_strict_v3/gabor_codes/02__1L__S3021L04.jpg.npz,2,2,F02_T1,F02_T1,F02_T1_L,F02_T1_L,1,1,L,L,genuine,1,0,0,True,0.3124371678874048,0,27852,,"S3021L02,S3021L04",filtered_from_final_matching_results
35,8,12,02/1L/S3021L02.jpg,02/1L/S3021L06.jpg,data/features/daugman_strict_v3/gabor_codes/02__1L__S3021L02.jpg.npz,data/features/daugman_strict_v3/gabor_codes/02__1L__S3021L06.jpg.npz,2,2,F02_T1,F02_T1,F02_T1_L,F02_T1_L,1,1,L,L,genuine,1,0,0,True,0.2562362938596491,0,29184,,"S3021L02,S3021L06",filtered_from_final_matching_results
36,8,13,02/1L/S3021L02.jpg,02/1R/S3021R01.jpg,data/features/daugman_strict_v3/gabor_codes/02__1L__S3021L02.jpg.npz,data/features/daugman_strict_v3/gabor_codes/02__1R__S3021R01.jpg.npz,2,2,F02_T1,F02_T1,F02_T1_L,F02_T1_R,1,1,L,R,same_subject_different_eye,0,0,0,True,0.4415947949765471,6,26436,,"S3021L02,S3021R01",filtered_from_final_matching_results
37,8,14,02/1L/S3021L02.jpg,02/1R/S3021R02.jpg,data/features/daugman_strict_v3/gabor_codes/02__1L__S3021L02.jpg.npz,data/features/daugman_strict_v3/gabor_codes/02__1R__S3021R02.jpg.npz,2,2,F02_T1,F02_T1,F02_T1_L,F02_T1_R,1,1,L,R,same_subject_different_eye,0,0,0,True,0.4155383091149273,-16,24224,,"S3021L02,S3021R02",filtered_from_final_matching_results
41,8,18,02/1L/S3021L02.jpg,02/1R/S3021R06.jpg,data/features/daugman_strict_v3/gabor_codes/02__1L__S3021L02.jpg.npz,data/features/daugman_strict_v3/gabor_codes/02__1R__S3021R06.jpg.npz,2,2,F02_T1,F02_T1,F02_T1_L,F02_T1_R,1,1,L,R,same_subject_different_eye,0,0,0,True,0.4395058786145535,-16,25176,,"S3021L02,S3021R06",filtered_from_final_matching_results
42,8,19,02/1L/S3021L02.jpg,02/1R/S3021R07.jpg,data/features/daugman_strict_v3/gabor_codes/02__1L__S3021L02.jpg.npz,data/features/daugman_strict_v3/gabor_codes/02__1R__S3021R07.jpg.npz,2,2,F02_T1,F02_T1,F02_T1_L,F02_T1_R,1,1,L,R,same_subject_different_eye,0,0,0,True,0.4297398985768035,-16,24452,,"S3021L02,S3021R07",filtered_from_final_matching_results
44,8,21,02/1L/S3021L02.jpg,02/1R/S3021R09.jpg,data/features/daugman_strict_v3/gabor_codes/02__1L__S3021L02.jpg.npz,data/features/daugman_strict_v3/gabor_codes/02__1R__S3021R09.jpg.npz,2,2,F02_T1,F02_T1,F02_T1_L,F02_T1_R,1,1,L,R,same_subject_different_eye,0,0,0,True,0.4243859367474715,-16,24916,,"S3021L02,S3021R09",filtered_from_final_matching_results
45,8,22,02/1L/S3021L02.jpg,02/2L/S3022L01.jpg,data/features/daugman_strict_v3/gabor_codes/02__1L__S3021L02.jpg.npz,data/features/daugman_strict_v3/gabor_codes/02__2L__S3022L01.jpg.npz,2,2,F02_T1,F02_T2,F02_T1_L,F02_T2_L,1,2,L,L,twin_same_eye,0,1,0,True,0.3917185646500593,8,26976,,"S3021L02,S3022L01",filtered_from_final_matching_results
46,8,23,02/1L/S3021L02.jpg,02/2R/S3022R01.jpg,data/features/daugman_strict_v3/gabor_codes/02__1L__S3021L02.jpg.npz,data/features/daugman_strict_v3/gabor_codes/02__2R__S3022R01.jpg.npz,2,2,F02_T1,F02_T2,F02_T1_L,F02_T2_R,1,2,L,R,twin_cross_eye,0,1,0,True,0.4173848439821694,8,26920,,"S3021L02,S3022R01",filtered_from_final_matching_results
47,8,24,02/1L/S3021L02.jpg,02/2R/S3022R02.jpg,data/features/daugman_strict_v3/gabor_codes/02__1L__S3021L02.jpg.npz,data/features/daugman_strict_v3/gabor_codes/02__2R__S3022R02.jpg.npz,2,2,F02_T1,F02_T2,F02_T1_L,F02_T2_R,1,2,L,R,twin_cross_eye,0,1,0,True,0.4081902718168813,0,27960,,"S3021L02,S3022R02",filtered_from_final_matching_results
48,9,10,02/1L/S3021L03.jpg,02/1L/S3021L04.jpg,data/features/daugman_strict_v3/gabor_codes/02__1L__S3021L03.jpg.npz,data/features/daugman_strict_v3/gabor_codes/02__1L__S3021L04.jpg.npz,2,2,F02_T1,F02_T1,F02_T1_L,F02_T1_L,1,1,L,L,genuine,1,0,0,True,0.3236799765979231,0,27348,,"S3021L03,S3021L04",filtered_from_final_matching_results
50,9,12,02/1L/S3021L03.jpg,02/1L/S3021L06.jpg,data/features/daugman_strict_v3/gabor_codes/02__1L__S3021L03.jpg.npz,data/features/daugman_strict_v3/gabor_codes/02__1L__S3021L06.jpg.npz,2,2,F02_T1,F02_T1,F02_T1_L,F02_T1_L,1,1,L,L,genuine,1,0,0,True,0.2499645339764505,0,28196,,"S3021L03,S3021L06",filtered_from_final_matching_results
51,9,13,02/1L/S3021L03.jpg,02/1R/S3021R01.jpg,data/features/daugman_strict_v3/gabor_codes/02__1L__S3021L03.jpg.npz,data/features/daugman_strict_v3/gabor_codes/02__1R__S3021R01.jpg.npz,2,2,F02_T1,F02_T1,F02_T1_L,F02_T1_R,1,1,L,R,same_subject_different_eye,0,0,0,True,0.4406879194630873,-14,23840,,"S3021L03,S3021R01",filtered_from_final_matching_results
52,9,14,02/1L/S3021L03.jpg,02/1R/S3021R02.jpg,data/features/daugman_strict_v3/gabor_codes/02__1L__S3021L03.jpg.npz,data/features/daugman_strict_v3/gabor_codes/02__1R__S3021R02.jpg.npz,2,2,F02_T1,F02_T1,F02_T1_L,F02_T1_R,1,1,L,R,same_subject_different_eye,0,0,0,True,0.4100934094447327,-16,23124,,"S3021L03,S3021R02",filtered_from_final_matching_results
56,9,18,02/1L/S3021L03.jpg,02/1R/S3021R06.jpg,data/features/daugman_strict_v3/gabor_codes/02__1L__S3021L03.jpg.npz,data/features/daugman_strict_v3/gabor_codes/02__1R__S3021R06.jpg.npz,2,2,F02_T1,F02_T1,F02_T1_L,F02_T1_R,1,1,L,R,same_subject_different_eye,0,0,0,True,0.4380730121686947,-16,23996,,"S3021L03,S3021R06",filtered_from_final_matching_results
57,9,19,02/1L/S3021L03.jpg,02/1R/S3021R07.jpg,data/features/daugman_strict_v3/gabor_codes/02__1L__S3021L03.jpg.npz,data/features/daugman_strict_v3/gabor_codes/02__1R__S3021R07.jpg.npz,2,2,F02_T1,F02_T1,F02_T1_L,F02_T1_R,1,1,L,R,same_subject_different_eye,0,0,0,True,0.4302470159151194,-12,24128,,"S3021L03,S3021R07",filtered_from_final_matching_results
59,9,21,02/1L/S3021L03.jpg,02/1R/S3021R09.jpg,data/features/daugman_strict_v3/gabor_codes/02__1L__S3021L03.jpg.npz,data/features/daugman_strict_v3/gabor_codes/02__1R__S3021R09.jpg.npz,2,2,F02_T1,F02_T1,F02_T1_L,F02_T1_R,1,1,L,R,same_subject_different_eye,0,0,0,True,0.4293313069908814,-16,23688,,"S3021L03,S3021R09",filtered_from_final_matching_results
60,9,22,02/1L/S3021L03.jpg,02/2L/S3022L01.jpg,data/features/daugman_strict_v3/gabor_codes/02__1L__S3021L03.jpg.npz,data/features/daugman_strict_v3/gabor_codes/02__2L__S3022L01.jpg.npz,2,2,F02_T1,F02_T2,F02_T1_L,F02_T2_L,1,2,L,L,twin_same_eye,0,1,0,True,0.4113402840737383,6,26472,,"S3021L03,S3022L01",filtered_from_final_matching_results
61,9,23,02/1L/S3021L03.jpg,02/2R/S3022R01.jpg,data/features/daugman_strict_v3/gabor_codes/02__1L__S3021L03.jpg.npz,data/features/daugman_strict_v3/gabor_codes/02__2R__S3022R01.jpg.npz,2,2,F02_T1,F02_T2,F02_T1_L,F02_T2_R,1,2,L,R,twin_cross_eye,0,1,0,True,0.4403843300192906,0,26956,,"S3021L03,S3022R01",filtered_from_final_matching_results
62,9,24,02/1L/S3021L03.jpg,02/2R/S3022R02.jpg,data/features/daugman_strict_v3/gabor_codes/02__1L__S3021L03.jpg.npz,data/features/daugman_strict_v3/gabor_codes/02__2R__S3022R02.jpg.npz,2,2,F02_T1,F02_T2,F02_T1_L,F02_T2_R,1,2,L,R,twin_cross_eye,0,1,0,True,0.3978825649496921,0,26636,,"S3021L03,S3022R02",filtered_from_final_matching_results
64,10,12,02/1L/S3021L04.jpg,02/1L/S3021L06.jpg,data/features/daugman_strict_v3/gabor_codes/02__1L__S3021L04.jpg.npz,data/features/daugman_strict_v3/gabor_codes/02__1L__S3021L06.jpg.npz,2,2,F02_T1,F02_T1,F02_T1_L,F02_T1_L,1,1,L,L,genuine,1,0,0,True,0.3200350723366944,2,27372,,"S3021L04,S3021L06",filtered_from_final_matching_results
65,10,13,02/1L/S3021L04.jpg,02/1R/S3021R01.jpg,data/features/daugman_strict_v3/gabor_codes/02__1L__S3021L04.jpg.npz,data/features/daugman_strict_v3/gabor_codes/02__1R__S3021R01.jpg.npz,2,2,F02_T1,F02_T1,F02_T1_L,F02_T1_R,1,1,L,R,same_subject_different_eye,0,0,0,True,0.4495269471194458,-14,23676,,"S3021L04,S3021R01",filtered_from_final_matching_results
66,10,14,02/1L/S3021L04.jpg,02/1R/S3021R02.jpg,data/features/daugman_strict_v3/gabor_codes/02__1L__S3021L04.jpg.npz,data/features/daugman_strict_v3/gabor_codes/02__1R__S3021R02.jpg.npz,2,2,F02_T1,F02_T1,F02_T1_L,F02_T1_R,1,1,L,R,same_subject_different_eye,0,0,0,True,0.4146039603960396,-14,23432,,"S3021L04,S3021R02",filtered_from_final_matching_results
70,10,18,02/1L/S3021L04.jpg,02/1R/S3021R06.jpg,data/features/daugman_strict_v3/gabor_codes/02__1L__S3021L04.jpg.npz,data/features/daugman_strict_v3/gabor_codes/02__1R__S3021R06.jpg.npz,2,2,F02_T1,F02_T1,F02_T1_L,F02_T1_R,1,1,L,R,same_subject_different_eye,0,0,0,True,0.4461924304605563,2,26316,,"S3021L04,S3021R06",filtered_from_final_matching_results
71,10,19,02/1L/S3021L04.jpg,02/1R/S3021R07.jpg,data/features/daugman_strict_v3/gabor_codes/02__1L__S3021L04.jpg.npz,data/features/daugman_strict_v3/gabor_codes/02__1R__S3021R07.jpg.npz,2,2,F02_T1,F02_T1,F02_T1_L,F02_T1_R,1,1,L,R,same_subject_different_eye,0,0,0,True,0.417396155166495,-16,23304,,"S3021L04,S3021R07",filtered_from_final_matching_results
73,10,21,02/1L/S3021L04.jpg,02/1R/S3021R09.jpg,data/features/daugman_strict_v3/gabor_codes/02__1L__S3021L04.jpg.npz,data/features/daugman_strict_v3/gabor_codes/02__1R__S3021R09.jpg.npz,2,2,F02_T1,F02_T1,F02_T1_L,F02_T1_R,1,1,L,R,same_subject_different_eye,0,0,0,True,0.4393136615585262,-12,24536,,"S3021L04,S3021R09",filtered_from_final_matching_results
74,10,22,02/1L/S3021L04.jpg,02/2L/S3022L01.jpg,data/features/daugman_strict_v3/gabor_codes/02__1L__S3021L04.jpg.npz,data/features/daugman_strict_v3/gabor_codes/02__2L__S3022L01.jpg.npz,2,2,F02_T1,F02_T2,F02_T1_L,F02_T2_L,1,2,L,L,twin_same_eye,0,1,0,True,0.4100044662795891,0,26868,,"S3021L04,S3022L01",filtered_from_final_matching_results
75,10,23,02/1L/S3021L04.jpg,02/2R/S3022R01.jpg,data/features/daugman_strict_v3/gabor_codes/02__1L__S3021L04.jpg.npz,data/features/daugman_strict_v3/gabor_codes/02__2R__S3022R01.jpg.npz,2,2,F02_T1,F02_T2,F02_T1_L,F02_T2_R,1,2,L,R,twin_cross_eye,0,1,0,True,0.4063224609676921,8,25876,,"S3021L04,S3022R01",filtered_from_final_matching_results
76,10,24,02/1L/S3021L04.jpg,02/2R/S3022R02.jpg,data/features/daugman_strict_v3/gabor_codes/02__1L__S3021L04.jpg.npz,data/features/daugman_strict_v3/gabor_codes/02__2R__S3022R02.jpg.npz,2,2,F02_T1,F02_T2,F02_T1_L,F02_T2_R,1,2,L,R,twin_cross_eye,0,1,0,True,0.4020239190432382,2,26088,,"S3021L04,S3022R02",filtered_from_final_matching_results
90,12,13,02/1L/S3021L06.jpg,02/1R/S3021R01.jpg,data/features/daugman_strict_v3/gabor_codes/02__1L__S3021L06.jpg.npz,data/features/daugman_strict_v3/gabor_codes/02__1R__S3021R01.jpg.npz,2,2,F02_T1,F02_T1,F02_T1_L,F02_T1_R,1,1,L,R,same_subject_different_eye,0,0,0,True,0.4548841730115017,12,24692,,"S3021L06,S3021R01",filtered_from_final_matching_results
91,12,14,02/1L/S3021L06.jpg,02/1R/S3021R02.jpg,data/features/daugman_strict_v3/gabor_codes/02__1L__S3021L06.jpg.npz,data/features/daugman_strict_v3/gabor_codes/02__1R__S3021R02.jpg.npz,2,2,F02_T1,F02_T1,F02_T1_L,F02_T1_R,1,1,L,R,same_subject_different_eye,0,0,0,True,0.4414335664335664,-10,25168,,"S3021L06,S3021R02",filtered_from_final_matching_results
95,12,18,02/1L/S3021L06.jpg,02/1R/S3021R06.jpg,data/features/daugman_strict_v3/gabor_codes/02__1L__S3021L06.jpg.npz,data/features/daugman_strict_v3/gabor_codes/02__1R__S3021R06.jpg.npz,2,2,F02_T1,F02_T1,F02_T1_L,F02_T1_R,1,1,L,R,same_subject_different_eye,0,0,0,True,0.4444982853734904,4,26828,,"S3021L06,S3021R06",filtered_from_final_matching_results
96,12,19,02/1L/S3021L06.jpg,02/1R/S3021R07.jpg,data/features/daugman_strict_v3/gabor_codes/02__1L__S3021L06.jpg.npz,data/features/daugman_strict_v3/gabor_codes/02__1R__S3021R07.jpg.npz,2,2,F02_T1,F02_T1,F02_T1_L,F02_T1_R,1,1,L,R,same_subject_different_eye,0,0,0,True,0.4269237245327496,-16,23756,,"S3021L06,S3021R07",filtered_from_final_matching_results
98,12,21,02/1L/S3021L06.jpg,02/1R/S3021R09.jpg,data/features/daugman_strict_v3/gabor_codes/02__1L__S3021L06.jpg.npz,data/features/daugman_strict_v3/gabor_codes/02__1R__S3021R09.jpg.npz,2,2,F02_T1,F02_T1,F02_T1_L,F02_T1_R,1,1,L,R,same_subject_different_eye,0,0,0,True,0.4227347611202636,-16,24280,,"S3021L06,S3021R09",filtered_from_final_matching_results
99,12,22,02/1L/S3021L06.jpg,02/2L/S3022L01.jpg,data/features/daugman_strict_v3/gabor_codes/02__1L__S3021L06.jpg.npz,data/features/daugman_strict_v3/gabor_codes/02__2L__S3022L01.jpg.npz,2,2,F02_T1,F02_T2,F02_T1_L,F02_T2_L,1,2,L,L,twin_same_eye,0,1,0,True,0.4013630367873369,6,27292,,"S3021L06,S3022L01",filtered_from_final_matching_results
100,12,23,02/1L/S3021L06.jpg,02/2R/S3022R01.jpg,data/features/daugman_strict_v3/gabor_codes/02__1L__S3021L06.jpg.npz,data/features/daugman_strict_v3/gabor_codes/02__2R__S3022R01.jpg.npz,2,2,F02_T1,F02_T2,F02_T1_L,F02_T2_R,1,2,L,R,twin_cross_eye,0,1,0,True,0.4553518845700824,6,27168,,"S3021L06,S3022R01",filtered_from_final_matching_results
101,12,24,02/1L/S3021L06.jpg,02/2R/S3022R02.jpg,data/features/daugman_strict_v3/gabor_codes/02__1L__S3021L06.jpg.npz,data/features/daugman_strict_v3/gabor_codes/02__2R__S3022R02.jpg.npz,2,2,F02_T1,F02_T2,F02_T1_L,F02_T2_R,1,2,L,R,twin_cross_eye,0,1,0,True,0.4131601857225769,0,27568,,"S3021L06,S3022R02",filtered_from_final_matching_results
102,13,14,02/1R/S3021R01.jpg,02/1R/S3021R02.jpg,data/features/daugman_strict_v3/gabor_codes/02__1R__S3021R01.jpg.npz,data/features/daugman_strict_v3/gabor_codes/02__1R__S3021R02.jpg.npz,2,2,F02_T1,F02_T1,F02_T1_R,F02_T1_R,1,1,R,R,genuine,1,0,0,True,0.2241244860343116,0,28212,,"S3021R01,S3021R02",filtered_from_final_matching_results
106,13,18,02/1R/S3021R01.jpg,02/1R/S3021R06.jpg,data/features/daugman_strict_v3/gabor_codes/02__1R__S3021R01.jpg.npz,data/features/daugman_strict_v3/gabor_codes/02__1R__S3021R06.jpg.npz,2,2,F02_T1,F02_T1,F02_T1_R,F02_T1_R,1,1,R,R,genuine,1,0,0,True,0.2879390085272438,0,27676,,"S3021R01,S3021R06",filtered_from_final_matching_results
107,13,19,02/1R/S3021R01.jpg,02/1R/S3021R07.jpg,data/features/daugman_strict_v3/gabor_codes/02__1R__S3021R01.jpg.npz,data/features/daugman_strict_v3/gabor_codes/02__1R__S3021R07.jpg.npz,2,2,F02_T1,F02_T1,F02_T1_R,F02_T1_R,1,1,R,R,genuine,1,0,0,True,0.2952787507297139,0,27408,,"S3021R01,S3021R07",filtered_from_final_matching_results
109,13,21,02/1R/S3021R01.jpg,02/1R/S3021R09.jpg,data/features/daugman_strict_v3/gabor_codes/02__1R__S3021R01.jpg.npz,data/features/daugman_strict_v3/gabor_codes/02__1R__S3021R09.jpg.npz,2,2,F02_T1,F02_T1,F02_T1_R,F02_T1_R,1,1,R,R,genuine,1,0,0,True,0.2851551174253406,0,27592,,"S3021R01,S3021R09",filtered_from_final_matching_results
110,13,22,02/1R/S3021R01.jpg,02/2L/S3022L01.jpg,data/features/daugman_strict_v3/gabor_codes/02__1R__S3021R01.jpg.npz,data/features/daugman_strict_v3/gabor_codes/02__2L__S3022L01.jpg.npz,2,2,F02_T1,F02_T2,F02_T1_R,F02_T2_L,1,2,R,L,twin_cross_eye,0,1,0,True,0.4378834355828221,6,26080,,"S3021R01,S3022L01",filtered_from_final_matching_results
111,13,23,02/1R/S3021R01.jpg,02/2R/S3022R01.jpg,data/features/daugman_strict_v3/gabor_codes/02__1R__S3021R01.jpg.npz,data/features/daugman_strict_v3/gabor_codes/02__2R__S3022R01.jpg.npz,2,2,F02_T1,F02_T2,F02_T1_R,F02_T2_R,1,2,R,R,twin_same_eye,0,1,0,True,0.4190480216435576,-12,23656,,"S3021R01,S3022R01",filtered_from_final_matching_results
112,13,24,02/1R/S3021R01.jpg,02/2R/S3022R02.jpg,data/features/daugman_strict_v3/gabor_codes/02__1R__S3021R01.jpg.npz,data/features/daugman_strict_v3/gabor_codes/02__2R__S3022R02.jpg.npz,2,2,F02_T1,F02_T2,F02_T1_R,F02_T2_R,1,2,R,R,twin_same_eye,0,1,0,True,0.4341733396137541,-4,25476,,"S3021R01,S3022R02",filtered_from_final_matching_results
116,14,18,02/1R/S3021R02.jpg,02/1R/S3021R06.jpg,data/features/daugman_strict_v3/gabor_codes/02__1R__S3021R02.jpg.npz,data/features/daugman_strict_v3/gabor_codes/02__1R__S3021R06.jpg.npz,2,2,F02_T1,F02_T1,F02_T1_R,F02_T1_R,1,1,R,R,genuine,1,0,0,True,0.2974710982658959,0,27680,,"S3021R02,S3021R06",filtered_from_final_matching_results
117,14,19,02/1R/S3021R02.jpg,02/1R/S3021R07.jpg,data/features/daugman_strict_v3/gabor_codes/02__1R__S3021R02.jpg.npz,data/features/daugman_strict_v3/gabor_codes/02__1R__S3021R07.jpg.npz,2,2,F02_T1,F02_T1,F02_T1_R,F02_T1_R,1,1,R,R,genuine,1,0,0,True,0.2973626373626373,0,27300,,"S3021R02,S3021R07",filtered_from_final_matching_results
119,14,21,02/1R/S3021R02.jpg,02/1R/S3021R09.jpg,data/features/daugman_strict_v3/gabor_codes/02__1R__S3021R02.jpg.npz,data/features/daugman_strict_v3/gabor_codes/02__1R__S3021R09.jpg.npz,2,2,F02_T1,F02_T1,F02_T1_R,F02_T1_R,1,1,R,R,genuine,1,0,0,True,0.3059369066744559,0,27388,,"S3021R02,S3021R09",filtered_from_final_matching_results
120,14,22,02/1R/S3021R02.jpg,02/2L/S3022L01.jpg,data/features/daugman_strict_v3/gabor_codes/02__1R__S3021R02.jpg.npz,data/features/daugman_strict_v3/gabor_codes/02__2L__S3022L01.jpg.npz,2,2,F02_T1,F02_T2,F02_T1_R,F02_T2_L,1,2,R,L,twin_cross_eye,0,1,0,True,0.4239211033664541,2,26972,,"S3021R02,S3022L01",filtered_from_final_matching_results
121,14,23,02/1R/S3021R02.jpg,02/2R/S3022R01.jpg,data/features/daugman_strict_v3/gabor_codes/02__1R__S3021R02.jpg.npz,data/features/daugman_strict_v3/gabor_codes/02__2R__S3022R01.jpg.npz,2,2,F02_T1,F02_T2,F02_T1_R,F02_T2_R,1,2,R,R,twin_same_eye,0,1,0,True,0.4143180674383492,-12,23844,,"S3021R02,S3022R01",filtered_from_final_matching_results
122,14,24,02/1R/S3021R02.jpg,02/2R/S3022R02.jpg,data/features/daugman_strict_v3/gabor_codes/02__1R__S3021R02.jpg.npz,data/features/daugman_strict_v3/gabor_codes/02__2R__S3022R02.jpg.npz,2,2,F02_T1,F02_T2,F02_T1_R,F02_T2_R,1,2,R,R,twin_same_eye,0,1,0,True,0.4214081373172282,8,25168,,"S3021R02,S3022R02",filtered_from_final_matching_results
147,18,19,02/1R/S3021R06.jpg,02/1R/S3021R07.jpg,data/features/daugman_strict_v3/gabor_codes/02__1R__S3021R06.jpg.npz,data/features/daugman_strict_v3/gabor_codes/02__1R__S3021R07.jpg.npz,2,2,F02_T1,F02_T1,F02_T1_R,F02_T1_R,1,1,R,R,genuine,1,0,0,True,0.2031317494600432,0,27780,,"S3021R06,S3021R07",filtered_from_final_matching_results
149,18,21,02/1R/S3021R06.jpg,02/1R/S3021R09.jpg,data/features/daugman_strict_v3/gabor_codes/02__1R__S3021R06.jpg.npz,data/features/daugman_strict_v3/gabor_codes/02__1R__S3021R09.jpg.npz,2,2,F02_T1,F02_T1,F02_T1_R,F02_T1_R,1,1,R,R,genuine,1,0,0,True,0.2655690765926986,0,27940,,"S3021R06,S3021R09",filtered_from_final_matching_results
150,18,22,02/1R/S3021R06.jpg,02/2L/S3022L01.jpg,data/features/daugman_strict_v3/gabor_codes/02__1R__S3021R06.jpg.npz,data/features/daugman_strict_v3/gabor_codes/02__2L__S3022L01.jpg.npz,2,2,F02_T1,F02_T2,F02_T1_R,F02_T2_L,1,2,R,L,twin_cross_eye,0,1,0,True,0.430832175389841,10,25908,,"S3021R06,S3022L01",filtered_from_final_matching_results
151,18,23,02/1R/S3021R06.jpg,02/2R/S3022R01.jpg,data/features/daugman_strict_v3/gabor_codes/02__1R__S3021R06.jpg.npz,data/features/daugman_strict_v3/gabor_codes/02__2R__S3022R01.jpg.npz,2,2,F02_T1,F02_T2,F02_T1_R,F02_T2_R,1,2,R,R,twin_same_eye,0,1,0,True,0.4355943257785749,16,24532,,"S3021R06,S3022R01",filtered_from_final_matching_results
152,18,24,02/1R/S3021R06.jpg,02/2R/S3022R02.jpg,data/features/daugman_strict_v3/gabor_codes/02__1R__S3021R06.jpg.npz,data/features/daugman_strict_v3/gabor_codes/02__2R__S3022R02.jpg.npz,2,2,F02_T1,F02_T2,F02_T1_R,F02_T2_R,1,2,R,R,twin_same_eye,0,1,0,True,0.4115758274328997,16,24292,,"S3021R06,S3022R02",filtered_from_final_matching_results
154,19,21,02/1R/S3021R07.jpg,02/1R/S3021R09.jpg,data/features/daugman_strict_v3/gabor_codes/02__1R__S3021R07.jpg.npz,data/features/daugman_strict_v3/gabor_codes/02__1R__S3021R09.jpg.npz,2,2,F02_T1,F02_T1,F02_T1_R,F02_T1_R,1,1,R,R,genuine,1,0,0,True,0.2467419635099913,0,27624,,"S3021R07,S3021R09",filtered_from_final_matching_results
155,19,22,02/1R/S3021R07.jpg,02/2L/S3022L01.jpg,data/features/daugman_strict_v3/gabor_codes/02__1R__S3021R07.jpg.npz,data/features/daugman_strict_v3/gabor_codes/02__2L__S3022L01.jpg.npz,2,2,F02_T1,F02_T2,F02_T1_R,F02_T2_L,1,2,R,L,twin_cross_eye,0,1,0,True,0.4406133376602304,12,24652,,"S3021R07,S3022L01",filtered_from_final_matching_results
156,19,23,02/1R/S3021R07.jpg,02/2R/S3022R01.jpg,data/features/daugman_strict_v3/gabor_codes/02__1R__S3021R07.jpg.npz,data/features/daugman_strict_v3/gabor_codes/02__2R__S3022R01.jpg.npz,2,2,F02_T1,F02_T2,F02_T1_R,F02_T2_R,1,2,R,R,twin_same_eye,0,1,0,True,0.4436395115728084,-16,21948,,"S3021R07,S3022R01",filtered_from_final_matching_results
157,19,24,02/1R/S3021R07.jpg,02/2R/S3022R02.jpg,data/features/daugman_strict_v3/gabor_codes/02__1R__S3021R07.jpg.npz,data/features/daugman_strict_v3/gabor_codes/02__2R__S3022R02.jpg.npz,2,2,F02_T1,F02_T2,F02_T1_R,F02_T2_R,1,2,R,R,twin_same_eye,0,1,0,True,0.4238151860030575,16,23548,,"S3021R07,S3022R02",filtered_from_final_matching_results
162,21,22,02/1R/S3021R09.jpg,02/2L/S3022L01.jpg,data/features/daugman_strict_v3/gabor_codes/02__1R__S3021R09.jpg.npz,data/features/daugman_strict_v3/gabor_codes/02__2L__S3022L01.jpg.npz,2,2,F02_T1,F02_T2,F02_T1_R,F02_T2_L,1,2,R,L,twin_cross_eye,0,1,0,True,0.440399632521819,8,26124,,"S3021R09,S3022L01",filtered_from_final_matching_results
163,21,23,02/1R/S3021R09.jpg,02/2R/S3022R01.jpg,data/features/daugman_strict_v3/gabor_codes/02__1R__S3021R09.jpg.npz,data/features/daugman_strict_v3/gabor_codes/02__2R__S3022R01.jpg.npz,2,2,F02_T1,F02_T2,F02_T1_R,F02_T2_R,1,2,R,R,twin_same_eye,0,1,0,True,0.411223816592446,-10,24252,,"S3021R09,S3022R01",filtered_from_final_matching_results
164,21,24,02/1R/S3021R09.jpg,02/2R/S3022R02.jpg,data/features/daugman_strict_v3/gabor_codes/02__1R__S3021R09.jpg.npz,data/features/daugman_strict_v3/gabor_codes/02__2R__S3022R02.jpg.npz,2,2,F02_T1,F02_T2,F02_T1_R,F02_T2_R,1,2,R,R,twin_same_eye,0,1,0,True,0.416721044045677,14,24520,,"S3021R09,S3022R02",filtered_from_final_matching_results
165,22,23,02/2L/S3022L01.jpg,02/2R/S3022R01.jpg,data/features/daugman_strict_v3/gabor_codes/02__2L__S3022L01.jpg.npz,data/features/daugman_strict_v3/gabor_codes/02__2R__S3022R01.jpg.npz,2,2,F02_T2,F02_T2,F02_T2_L,F02_T2_R,2,2,L,R,same_subject_different_eye,0,0,0,True,0.4068926393419373,0,28204,,"S3022L01,S3022R01",filtered_from_final_matching_results
166,22,24,02/2L/S3022L01.jpg,02/2R/S3022R02.jpg,data/features/daugman_strict_v3/gabor_codes/02__2L__S3022L01.jpg.npz,data/features/daugman_strict_v3/gabor_codes/02__2R__S3022R02.jpg.npz,2,2,F02_T2,F02_T2,F02_T2_L,F02_T2_R,2,2,L,R,same_subject_different_eye,0,0,0,True,0.4028497409326425,0,27792,,"S3022L01,S3022R02",filtered_from_final_matching_results
167,23,24,02/2R/S3022R01.jpg,02/2R/S3022R02.jpg,data/features/daugman_strict_v3/gabor_codes/02__2R__S3022R01.jpg.npz,data/features/daugman_strict_v3/gabor_codes/02__2R__S3022R02.jpg.npz,2,2,F02_T2,F02_T2,F02_T2_R,F02_T2_R,2,2,R,R,genuine,1,0,0,True,0.301635480645622,0,28004,,"S3022R01,S3022R02",filtered_from_final_matching_results
168,25,26,03/1L/S3031L06.jpg,03/1R/S3031R09.jpg,data/features/daugman_strict_v3/gabor_codes/03__1L__S3031L06.jpg.npz,data/features/daugman_strict_v3/gabor_codes/03__1R__S3031R09.jpg.npz,3,3,F03_T1,F03_T1,F03_T1_L,F03_T1_R,1,1,L,R,same_subject_different_eye,0,0,0,True,0.4483279395900755,-8,18540,,"S3031L06,S3031R09",filtered_from_final_matching_results
169,25,27,03/1L/S3031L06.jpg,03/2L/S3032L05.jpg,data/features/daugman_strict_v3/gabor_codes/03__1L__S3031L06.jpg.npz,data/features/daugman_strict_v3/gabor_codes/03__2L__S3032L05.jpg.npz,3,3,F03_T1,F03_T2,F03_T1_L,F03_T2_L,1,2,L,L,twin_same_eye,0,1,0,True,0.4685300207039337,-14,19320,,"S3031L06,S3032L05",filtered_from_final_matching_results
170,25,28,03/1L/S3031L06.jpg,03/2L/S3032L06.jpg,data/features/daugman_strict_v3/gabor_codes/03__1L__S3031L06.jpg.npz,data/features/daugman_strict_v3/gabor_codes/03__2L__S3032L06.jpg.npz,3,3,F03_T1,F03_T2,F03_T1_L,F03_T2_L,1,2,L,L,twin_same_eye,0,1,0,True,0.4483496332518337,14,19632,,"S3031L06,S3032L06",filtered_from_final_matching_results
171,25,29,03/1L/S3031L06.jpg,03/2L/S3032L08.jpg,data/features/daugman_strict_v3/gabor_codes/03__1L__S3031L06.jpg.npz,data/features/daugman_strict_v3/gabor_codes/03__2L__S3032L08.jpg.npz,3,3,F03_T1,F03_T2,F03_T1_L,F03_T2_L,1,2,L,L,twin_same_eye,0,1,0,True,0.4678006185191923,4,21988,,"S3031L06,S3032L08",filtered_from_final_matching_results
172,25,30,03/1L/S3031L06.jpg,03/2L/S3032L09.jpg,data/features/daugman_strict_v3/gabor_codes/03__1L__S3031L06.jpg.npz,data/features/daugman_strict_v3/gabor_codes/03__2L__S3032L09.jpg.npz,3,3,F03_T1,F03_T2,F03_T1_L,F03_T2_L,1,2,L,L,twin_same_eye,0,1,0,True,0.4535537347560975,-12,20992,,"S3031L06,S3032L09",filtered_from_final_matching_results
173,25,31,03/1L/S3031L06.jpg,03/2L/S3032L10.jpg,data/features/daugman_strict_v3/gabor_codes/03__1L__S3031L06.jpg.npz,data/features/daugman_strict_v3/gabor_codes/03__2L__S3032L10.jpg.npz,3,3,F03_T1,F03_T2,F03_T1_L,F03_T2_L,1,2,L,L,twin_same_eye,0,1,0,True,0.4723775631248941,-2,23604,,"S3031L06,S3032L10",filtered_from_final_matching_results
177,25,35,03/1L/S3031L06.jpg,03/2R/S3032R04.jpg,data/features/daugman_strict_v3/gabor_codes/03__1L__S3031L06.jpg.npz,data/features/daugman_strict_v3/gabor_codes/03__2R__S3032R04.jpg.npz,3,3,F03_T1,F03_T2,F03_T1_L,F03_T2_R,1,2,L,R,twin_cross_eye,0,1,0,True,0.4716349541930937,4,22704,,"S3031L06,S3032R04",filtered_from_final_matching_results
178,25,36,03/1L/S3031L06.jpg,03/2R/S3032R05.jpg,data/features/daugman_strict_v3/gabor_codes/03__1L__S3031L06.jpg.npz,data/features/daugman_strict_v3/gabor_codes/03__2R__S3032R05.jpg.npz,3,3,F03_T1,F03_T2,F03_T1_L,F03_T2_R,1,2,L,R,twin_cross_eye,0,1,0,True,0.4414370078740157,4,22352,,"S3031L06,S3032R05",filtered_from_final_matching_results
179,25,37,03/1L/S3031L06.jpg,03/2R/S3032R06.jpg,data/features/daugman_strict_v3/gabor_codes/03__1L__S3031L06.jpg.npz,data/features/daugman_strict_v3/gabor_codes/03__2R__S3032R06.jpg.npz,3,3,F03_T1,F03_T2,F03_T1_L,F03_T2_R,1,2,L,R,twin_cross_eye,0,1,0,True,0.4572747212575397,-6,21884,,"S3031L06,S3032R06",filtered_from_final_matching_results
180,25,38,03/1L/S3031L06.jpg,03/2R/S3032R07.jpg,data/features/daugman_strict_v3/gabor_codes/03__1L__S3031L06.jpg.npz,data/features/daugman_strict_v3/gabor_codes/03__2R__S3032R07.jpg.npz,3,3,F03_T1,F03_T2,F03_T1_L,F03_T2_R,1,2,L,R,twin_cross_eye,0,1,0,True,0.4806861389561009,0,23144,,"S3031L06,S3032R07",filtered_from_final_matching_results
183,25,41,03/1L/S3031L06.jpg,03/2R/S3032R10.jpg,data/features/daugman_strict_v3/gabor_codes/03__1L__S3031L06.jpg.npz,data/features/daugman_strict_v3/gabor_codes/03__2R__S3032R10.jpg.npz,3,3,F03_T1,F03_T2,F03_T1_L,F03_T2_R,1,2,L,R,twin_cross_eye,0,1,0,True,0.4696583616459041,4,21192,,"S3031L06,S3032R10",filtered_from_final_matching_results
184,26,27,03/1R/S3031R09.jpg,03/2L/S3032L05.jpg,data/features/daugman_strict_v3/gabor_codes/03__1R__S3031R09.jpg.npz,data/features/daugman_strict_v3/gabor_codes/03__2L__S3032L05.jpg.npz,3,3,F03_T1,F03_T2,F03_T1_R,F03_T2_L,1,2,R,L,twin_cross_eye,0,1,0,True,0.476910454758556,16,17064,,"S3031R09,S3032L05",filtered_from_final_matching_results
185,26,28,03/1R/S3031R09.jpg,03/2L/S3032L06.jpg,data/features/daugman_strict_v3/gabor_codes/03__1R__S3031R09.jpg.npz,data/features/daugman_strict_v3/gabor_codes/03__2L__S3032L06.jpg.npz,3,3,F03_T1,F03_T2,F03_T1_R,F03_T2_L,1,2,R,L,twin_cross_eye,0,1,0,True,0.4415784832451499,14,18144,,"S3031R09,S3032L06",filtered_from_final_matching_results
186,26,29,03/1R/S3031R09.jpg,03/2L/S3032L08.jpg,data/features/daugman_strict_v3/gabor_codes/03__1R__S3031R09.jpg.npz,data/features/daugman_strict_v3/gabor_codes/03__2L__S3032L08.jpg.npz,3,3,F03_T1,F03_T2,F03_T1_R,F03_T2_L,1,2,R,L,twin_cross_eye,0,1,0,True,0.4535516422635536,-6,20216,,"S3031R09,S3032L08",filtered_from_final_matching_results
187,26,30,03/1R/S3031R09.jpg,03/2L/S3032L09.jpg,data/features/daugman_strict_v3/gabor_codes/03__1R__S3031R09.jpg.npz,data/features/daugman_strict_v3/gabor_codes/03__2L__S3032L09.jpg.npz,3,3,F03_T1,F03_T2,F03_T1_R,F03_T2_L,1,2,R,L,twin_cross_eye,0,1,0,True,0.4602917341977309,16,17276,,"S3031R09,S3032L09",filtered_from_final_matching_results
188,26,31,03/1R/S3031R09.jpg,03/2L/S3032L10.jpg,data/features/daugman_strict_v3/gabor_codes/03__1R__S3031R09.jpg.npz,data/features/daugman_strict_v3/gabor_codes/03__2L__S3032L10.jpg.npz,3,3,F03_T1,F03_T2,F03_T1_R,F03_T2_L,1,2,R,L,twin_cross_eye,0,1,0,True,0.4787053660482744,-8,20052,,"S3031R09,S3032L10",filtered_from_final_matching_results
192,26,35,03/1R/S3031R09.jpg,03/2R/S3032R04.jpg,data/features/daugman_strict_v3/gabor_codes/03__1R__S3031R09.jpg.npz,data/features/daugman_strict_v3/gabor_codes/03__2R__S3032R04.jpg.npz,3,3,F03_T1,F03_T2,F03_T1_R,F03_T2_R,1,2,R,R,twin_same_eye,0,1,0,True,0.4693640980348862,14,18116,,"S3031R09,S3032R04",filtered_from_final_matching_results
193,26,36,03/1R/S3031R09.jpg,03/2R/S3032R05.jpg,data/features/daugman_strict_v3/gabor_codes/03__1R__S3031R09.jpg.npz,data/features/daugman_strict_v3/gabor_codes/03__2R__S3032R05.jpg.npz,3,3,F03_T1,F03_T2,F03_T1_R,F03_T2_R,1,2,R,R,twin_same_eye,0,1,0,True,0.4882743362831858,12,18080,,"S3031R09,S3032R05",filtered_from_final_matching_results
194,26,37,03/1R/S3031R09.jpg,03/2R/S3032R06.jpg,data/features/daugman_strict_v3/gabor_codes/03__1R__S3031R09.jpg.npz,data/features/daugman_strict_v3/gabor_codes/03__2R__S3032R06.jpg.npz,3,3,F03_T1,F03_T2,F03_T1_R,F03_T2_R,1,2,R,R,twin_same_eye,0,1,0,True,0.4566925010473397,-6,19096,,"S3031R09,S3032R06",filtered_from_final_matching_results
195,26,38,03/1R/S3031R09.jpg,03/2R/S3032R07.jpg,data/features/daugman_strict_v3/gabor_codes/03__1R__S3031R09.jpg.npz,data/features/daugman_strict_v3/gabor_codes/03__2R__S3032R07.jpg.npz,3,3,F03_T1,F03_T2,F03_T1_R,F03_T2_R,1,2,R,R,twin_same_eye,0,1,0,True,0.4677219468228932,12,17752,,"S3031R09,S3032R07",filtered_from_final_matching_results
198,26,41,03/1R/S3031R09.jpg,03/2R/S3032R10.jpg,data/features/daugman_strict_v3/gabor_codes/03__1R__S3031R09.jpg.npz,data/features/daugman_strict_v3/gabor_codes/03__2R__S3032R10.jpg.npz,3,3,F03_T1,F03_T2,F03_T1_R,F03_T2_R,1,2,R,R,twin_same_eye,0,1,0,True,0.4677740515615175,-10,19084,,"S3031R09,S3032R10",filtered_from_final_matching_results
199,27,28,03/2L/S3032L05.jpg,03/2L/S3032L06.jpg,data/features/daugman_strict_v3/gabor_codes/03__2L__S3032L05.jpg.npz,data/features/daugman_strict_v3/gabor_codes/03__2L__S3032L06.jpg.npz,3,3,F03_T2,F03_T2,F03_T2_L,F03_T2_L,2,2,L,L,genuine,1,0,0,True,0.3382007516442217,-2,25544,,"S3032L05,S3032L06",filtered_from_final_matching_results
200,27,29,03/2L/S3032L05.jpg,03/2L/S3032L08.jpg,data/features/daugman_strict_v3/gabor_codes/03__2L__S3032L05.jpg.npz,data/features/daugman_strict_v3/gabor_codes/03__2L__S3032L08.jpg.npz,3,3,F03_T2,F03_T2,F03_T2_L,F03_T2_L,2,2,L,L,genuine,1,0,0,True,0.3832283464566929,0,25400,,"S3032L05,S3032L08",filtered_from_final_matching_results
201,27,30,03/2L/S3032L05.jpg,03/2L/S3032L09.jpg,data/features/daugman_strict_v3/gabor_codes/03__2L__S3032L05.jpg.npz,data/features/daugman_strict_v3/gabor_codes/03__2L__S3032L09.jpg.npz,3,3,F03_T2,F03_T2,F03_T2_L,F03_T2_L,2,2,L,L,genuine,1,0,0,True,0.4120037511722413,0,25592,,"S3032L05,S3032L09",filtered_from_final_matching_results
202,27,31,03/2L/S3032L05.jpg,03/2L/S3032L10.jpg,data/features/daugman_strict_v3/gabor_codes/03__2L__S3032L05.jpg.npz,data/features/daugman_strict_v3/gabor_codes/03__2L__S3032L10.jpg.npz,3,3,F03_T2,F03_T2,F03_T2_L,F03_T2_L,2,2,L,L,genuine,1,0,0,True,0.3533608116677235,2,25232,,"S3032L05,S3032L10",filtered_from_final_matching_results
206,27,35,03/2L/S3032L05.jpg,03/2R/S3032R04.jpg,data/features/daugman_strict_v3/gabor_codes/03__2L__S3032L05.jpg.npz,data/features/daugman_strict_v3/gabor_codes/03__2R__S3032R04.jpg.npz,3,3,F03_T2,F03_T2,F03_T2_L,F03_T2_R,2,2,L,R,same_subject_different_eye,0,0,0,True,0.4561573450134771,6,23744,,"S3032L05,S3032R04",filtered_from_final_matching_results
207,27,36,03/2L/S3032L05.jpg,03/2R/S3032R05.jpg,data/features/daugman_strict_v3/gabor_codes/03__2L__S3032L05.jpg.npz,data/features/daugman_strict_v3/gabor_codes/03__2R__S3032R05.jpg.npz,3,3,F03_T2,F03_T2,F03_T2_L,F03_T2_R,2,2,L,R,same_subject_different_eye,0,0,0,True,0.461253171969549,-16,20492,,"S3032L05,S3032R05",filtered_from_final_matching_results
208,27,37,03/2L/S3032L05.jpg,03/2R/S3032R06.jpg,data/features/daugman_strict_v3/gabor_codes/03__2L__S3032L05.jpg.npz,data/features/daugman_strict_v3/gabor_codes/03__2R__S3032R06.jpg.npz,3,3,F03_T2,F03_T2,F03_T2_L,F03_T2_R,2,2,L,R,same_subject_different_eye,0,0,0,True,0.4738398964688482,10,21636,,"S3032L05,S3032R06",filtered_from_final_matching_results
209,27,38,03/2L/S3032L05.jpg,03/2R/S3032R07.jpg,data/features/daugman_strict_v3/gabor_codes/03__2L__S3032L05.jpg.npz,data/features/daugman_strict_v3/gabor_codes/03__2R__S3032R07.jpg.npz,3,3,F03_T2,F03_T2,F03_T2_L,F03_T2_R,2,2,L,R,same_subject_different_eye,0,0,0,True,0.4659906526456351,-2,23964,,"S3032L05,S3032R07",filtered_from_final_matching_results
212,27,41,03/2L/S3032L05.jpg,03/2R/S3032R10.jpg,data/features/daugman_strict_v3/gabor_codes/03__2L__S3032L05.jpg.npz,data/features/daugman_strict_v3/gabor_codes/03__2R__S3032R10.jpg.npz,3,3,F03_T2,F03_T2,F03_T2_L,F03_T2_R,2,2,L,R,same_subject_different_eye,0,0,0,True,0.4222678296562339,-2,23388,,"S3032L05,S3032R10",filtered_from_final_matching_results
213,28,29,03/2L/S3032L06.jpg,03/2L/S3032L08.jpg,data/features/daugman_strict_v3/gabor_codes/03__2L__S3032L06.jpg.npz,data/features/daugman_strict_v3/gabor_codes/03__2L__S3032L08.jpg.npz,3,3,F03_T2,F03_T2,F03_T2_L,F03_T2_L,2,2,L,L,genuine,1,0,0,True,0.3323463268365817,-2,26680,,"S3032L06,S3032L08",filtered_from_final_matching_results
214,28,30,03/2L/S3032L06.jpg,03/2L/S3032L09.jpg,data/features/daugman_strict_v3/gabor_codes/03__2L__S3032L06.jpg.npz,data/features/daugman_strict_v3/gabor_codes/03__2L__S3032L09.jpg.npz,3,3,F03_T2,F03_T2,F03_T2_L,F03_T2_L,2,2,L,L,genuine,1,0,0,True,0.3407076431269979,0,27528,,"S3032L06,S3032L09",filtered_from_final_matching_results
215,28,31,03/2L/S3032L06.jpg,03/2L/S3032L10.jpg,data/features/daugman_strict_v3/gabor_codes/03__2L__S3032L06.jpg.npz,data/features/daugman_strict_v3/gabor_codes/03__2L__S3032L10.jpg.npz,3,3,F03_T2,F03_T2,F03_T2_L,F03_T2_L,2,2,L,L,genuine,1,0,0,True,0.3959731543624161,2,26820,,"S3032L06,S3032L10",filtered_from_final_matching_results
219,28,35,03/2L/S3032L06.jpg,03/2R/S3032R04.jpg,data/features/daugman_strict_v3/gabor_codes/03__2L__S3032L06.jpg.npz,data/features/daugman_strict_v3/gabor_codes/03__2R__S3032R04.jpg.npz,3,3,F03_T2,F03_T2,F03_T2_L,F03_T2_R,2,2,L,R,same_subject_different_eye,0,0,0,True,0.4985336140773048,-2,26596,,"S3032L06,S3032R04",filtered_from_final_matching_results
220,28,36,03/2L/S3032L06.jpg,03/2R/S3032R05.jpg,data/features/daugman_strict_v3/gabor_codes/03__2L__S3032L06.jpg.npz,data/features/daugman_strict_v3/gabor_codes/03__2R__S3032R05.jpg.npz,3,3,F03_T2,F03_T2,F03_T2_L,F03_T2_R,2,2,L,R,same_subject_different_eye,0,0,0,True,0.4824832980283526,8,24548,,"S3032L06,S3032R05",filtered_from_final_matching_results
221,28,37,03/2L/S3032L06.jpg,03/2R/S3032R06.jpg,data/features/daugman_strict_v3/gabor_codes/03__2L__S3032L06.jpg.npz,data/features/daugman_strict_v3/gabor_codes/03__2R__S3032R06.jpg.npz,3,3,F03_T2,F03_T2,F03_T2_L,F03_T2_R,2,2,L,R,same_subject_different_eye,0,0,0,True,0.4625264830508475,12,22656,,"S3032L06,S3032R06",filtered_from_final_matching_results
222,28,38,03/2L/S3032L06.jpg,03/2R/S3032R07.jpg,data/features/daugman_strict_v3/gabor_codes/03__2L__S3032L06.jpg.npz,data/features/daugman_strict_v3/gabor_codes/03__2R__S3032R07.jpg.npz,3,3,F03_T2,F03_T2,F03_T2_L,F03_T2_R,2,2,L,R,same_subject_different_eye,0,0,0,True,0.4817210837096214,12,23032,,"S3032L06,S3032R07",filtered_from_final_matching_results
225,28,41,03/2L/S3032L06.jpg,03/2R/S3032R10.jpg,data/features/daugman_strict_v3/gabor_codes/03__2L__S3032L06.jpg.npz,data/features/daugman_strict_v3/gabor_codes/03__2R__S3032R10.jpg.npz,3,3,F03_T2,F03_T2,F03_T2_L,F03_T2_R,2,2,L,R,same_subject_different_eye,0,0,0,True,0.4123931623931623,-2,25272,,"S3032L06,S3032R10",filtered_from_final_matching_results
226,29,30,03/2L/S3032L08.jpg,03/2L/S3032L09.jpg,data/features/daugman_strict_v3/gabor_codes/03__2L__S3032L08.jpg.npz,data/features/daugman_strict_v3/gabor_codes/03__2L__S3032L09.jpg.npz,3,3,F03_T2,F03_T2,F03_T2_L,F03_T2_L,2,2,L,L,genuine,1,0,0,True,0.3212440968122786,0,27104,,"S3032L08,S3032L09",filtered_from_final_matching_results
227,29,31,03/2L/S3032L08.jpg,03/2L/S3032L10.jpg,data/features/daugman_strict_v3/gabor_codes/03__2L__S3032L08.jpg.npz,data/features/daugman_strict_v3/gabor_codes/03__2L__S3032L10.jpg.npz,3,3,F03_T2,F03_T2,F03_T2_L,F03_T2_L,2,2,L,L,genuine,1,0,0,True,0.3587407749077491,4,26016,,"S3032L08,S3032L10",filtered_from_final_matching_results
231,29,35,03/2L/S3032L08.jpg,03/2R/S3032R04.jpg,data/features/daugman_strict_v3/gabor_codes/03__2L__S3032L08.jpg.npz,data/features/daugman_strict_v3/gabor_codes/03__2R__S3032R04.jpg.npz,3,3,F03_T2,F03_T2,F03_T2_L,F03_T2_R,2,2,L,R,same_subject_different_eye,0,0,0,True,0.4936353116217556,10,24196,,"S3032L08,S3032R04",filtered_from_final_matching_results
232,29,36,03/2L/S3032L08.jpg,03/2R/S3032R05.jpg,data/features/daugman_strict_v3/gabor_codes/03__2L__S3032L08.jpg.npz,data/features/daugman_strict_v3/gabor_codes/03__2R__S3032R05.jpg.npz,3,3,F03_T2,F03_T2,F03_T2_L,F03_T2_R,2,2,L,R,same_subject_different_eye,0,0,0,True,0.4562276473332297,-2,25724,,"S3032L08,S3032R05",filtered_from_final_matching_results
233,29,37,03/2L/S3032L08.jpg,03/2R/S3032R06.jpg,data/features/daugman_strict_v3/gabor_codes/03__2L__S3032L08.jpg.npz,data/features/daugman_strict_v3/gabor_codes/03__2R__S3032R06.jpg.npz,3,3,F03_T2,F03_T2,F03_T2_L,F03_T2_R,2,2,L,R,same_subject_different_eye,0,0,0,True,0.4606465517241379,-10,23200,,"S3032L08,S3032R06",filtered_from_final_matching_results
234,29,38,03/2L/S3032L08.jpg,03/2R/S3032R07.jpg,data/features/daugman_strict_v3/gabor_codes/03__2L__S3032L08.jpg.npz,data/features/daugman_strict_v3/gabor_codes/03__2R__S3032R07.jpg.npz,3,3,F03_T2,F03_T2,F03_T2_L,F03_T2_R,2,2,L,R,same_subject_different_eye,0,0,0,True,0.4985093362623568,-2,25492,,"S3032L08,S3032R07",filtered_from_final_matching_results
237,29,41,03/2L/S3032L08.jpg,03/2R/S3032R10.jpg,data/features/daugman_strict_v3/gabor_codes/03__2L__S3032L08.jpg.npz,data/features/daugman_strict_v3/gabor_codes/03__2R__S3032R10.jpg.npz,3,3,F03_T2,F03_T2,F03_T2_L,F03_T2_R,2,2,L,R,same_subject_different_eye,0,0,0,True,0.4217779193882428,-2,25108,,"S3032L08,S3032R10",filtered_from_final_matching_results
238,30,31,03/2L/S3032L09.jpg,03/2L/S3032L10.jpg,data/features/daugman_strict_v3/gabor_codes/03__2L__S3032L09.jpg.npz,data/features/daugman_strict_v3/gabor_codes/03__2L__S3032L10.jpg.npz,3,3,F03_T2,F03_T2,F03_T2_L,F03_T2_L,2,2,L,L,genuine,1,0,0,True,0.4017288444040036,2,26376,,"S3032L09,S3032L10",filtered_from_final_matching_results
242,30,35,03/2L/S3032L09.jpg,03/2R/S3032R04.jpg,data/features/daugman_strict_v3/gabor_codes/03__2L__S3032L09.jpg.npz,data/features/daugman_strict_v3/gabor_codes/03__2R__S3032R04.jpg.npz,3,3,F03_T2,F03_T2,F03_T2_L,F03_T2_R,2,2,L,R,same_subject_different_eye,0,0,0,True,0.517282837391043,0,26616,,"S3032L09,S3032R04",filtered_from_final_matching_results
243,30,36,03/2L/S3032L09.jpg,03/2R/S3032R05.jpg,data/features/daugman_strict_v3/gabor_codes/03__2L__S3032L09.jpg.npz,data/features/daugman_strict_v3/gabor_codes/03__2R__S3032R05.jpg.npz,3,3,F03_T2,F03_T2,F03_T2_L,F03_T2_R,2,2,L,R,same_subject_different_eye,0,0,0,True,0.4783728919425359,-2,25616,,"S3032L09,S3032R05",filtered_from_final_matching_results
244,30,37,03/2L/S3032L09.jpg,03/2R/S3032R06.jpg,data/features/daugman_strict_v3/gabor_codes/03__2L__S3032L09.jpg.npz,data/features/daugman_strict_v3/gabor_codes/03__2R__S3032R06.jpg.npz,3,3,F03_T2,F03_T2,F03_T2_L,F03_T2_R,2,2,L,R,same_subject_different_eye,0,0,0,True,0.5,12,22476,,"S3032L09,S3032R06",filtered_from_final_matching_results
245,30,38,03/2L/S3032L09.jpg,03/2R/S3032R07.jpg,data/features/daugman_strict_v3/gabor_codes/03__2L__S3032L09.jpg.npz,data/features/daugman_strict_v3/gabor_codes/03__2R__S3032R07.jpg.npz,3,3,F03_T2,F03_T2,F03_T2_L,F03_T2_R,2,2,L,R,same_subject_different_eye,0,0,0,True,0.5151539448364336,4,24944,,"S3032L09,S3032R07",filtered_from_final_matching_results
248,30,41,03/2L/S3032L09.jpg,03/2R/S3032R10.jpg,data/features/daugman_strict_v3/gabor_codes/03__2L__S3032L09.jpg.npz,data/features/daugman_strict_v3/gabor_codes/03__2R__S3032R10.jpg.npz,3,3,F03_T2,F03_T2,F03_T2_L,F03_T2_R,2,2,L,R,same_subject_different_eye,0,0,0,True,0.439330715103911,-4,24444,,"S3032L09,S3032R10",filtered_from_final_matching_results
252,31,35,03/2L/S3032L10.jpg,03/2R/S3032R04.jpg,data/features/daugman_strict_v3/gabor_codes/03__2L__S3032L10.jpg.npz,data/features/daugman_strict_v3/gabor_codes/03__2R__S3032R04.jpg.npz,3,3,F03_T2,F03_T2,F03_T2_L,F03_T2_R,2,2,L,R,same_subject_different_eye,0,0,0,True,0.4561190403887033,6,26344,,"S3032L10,S3032R04",filtered_from_final_matching_results
253,31,36,03/2L/S3032L10.jpg,03/2R/S3032R05.jpg,data/features/daugman_strict_v3/gabor_codes/03__2L__S3032L10.jpg.npz,data/features/daugman_strict_v3/gabor_codes/03__2R__S3032R05.jpg.npz,3,3,F03_T2,F03_T2,F03_T2_L,F03_T2_R,2,2,L,R,same_subject_different_eye,0,0,0,True,0.4492348890589135,4,26140,,"S3032L10,S3032R05",filtered_from_final_matching_results
254,31,37,03/2L/S3032L10.jpg,03/2R/S3032R06.jpg,data/features/daugman_strict_v3/gabor_codes/03__2L__S3032L10.jpg.npz,data/features/daugman_strict_v3/gabor_codes/03__2R__S3032R06.jpg.npz,3,3,F03_T2,F03_T2,F03_T2_L,F03_T2_R,2,2,L,R,same_subject_different_eye,0,0,0,True,0.4406244668145367,-12,23444,,"S3032L10,S3032R06",filtered_from_final_matching_results
255,31,38,03/2L/S3032L10.jpg,03/2R/S3032R07.jpg,data/features/daugman_strict_v3/gabor_codes/03__2L__S3032L10.jpg.npz,data/features/daugman_strict_v3/gabor_codes/03__2R__S3032R07.jpg.npz,3,3,F03_T2,F03_T2,F03_T2_L,F03_T2_R,2,2,L,R,same_subject_different_eye,0,0,0,True,0.4657095396298054,6,25284,,"S3032L10,S3032R07",filtered_from_final_matching_results
258,31,41,03/2L/S3032L10.jpg,03/2R/S3032R10.jpg,data/features/daugman_strict_v3/gabor_codes/03__2L__S3032L10.jpg.npz,data/features/daugman_strict_v3/gabor_codes/03__2R__S3032R10.jpg.npz,3,3,F03_T2,F03_T2,F03_T2_L,F03_T2_R,2,2,L,R,same_subject_different_eye,0,0,0,True,0.4239684562689182,-4,25108,,"S3032L10,S3032R10",filtered_from_final_matching_results
283,35,36,03/2R/S3032R04.jpg,03/2R/S3032R05.jpg,data/features/daugman_strict_v3/gabor_codes/03__2R__S3032R04.jpg.npz,data/features/daugman_strict_v3/gabor_codes/03__2R__S3032R05.jpg.npz,3,3,F03_T2,F03_T2,F03_T2_R,F03_T2_R,2,2,R,R,genuine,1,0,0,True,0.3700161243037232,0,27288,,"S3032R04,S3032R05",filtered_from_final_matching_results
284,35,37,03/2R/S3032R04.jpg,03/2R/S3032R06.jpg,data/features/daugman_strict_v3/gabor_codes/03__2R__S3032R04.jpg.npz,data/features/daugman_strict_v3/gabor_codes/03__2R__S3032R06.jpg.npz,3,3,F03_T2,F03_T2,F03_T2_R,F03_T2_R,2,2,R,R,genuine,1,0,0,True,0.3015902924329213,0,26536,,"S3032R04,S3032R06",filtered_from_final_matching_results
285,35,38,03/2R/S3032R04.jpg,03/2R/S3032R07.jpg,data/features/daugman_strict_v3/gabor_codes/03__2R__S3032R04.jpg.npz,data/features/daugman_strict_v3/gabor_codes/03__2R__S3032R07.jpg.npz,3,3,F03_T2,F03_T2,F03_T2_R,F03_T2_R,2,2,R,R,genuine,1,0,0,True,0.2925025626006736,0,27316,,"S3032R04,S3032R07",filtered_from_final_matching_results
288,35,41,03/2R/S3032R04.jpg,03/2R/S3032R10.jpg,data/features/daugman_strict_v3/gabor_codes/03__2R__S3032R04.jpg.npz,data/features/daugman_strict_v3/gabor_codes/03__2R__S3032R10.jpg.npz,3,3,F03_T2,F03_T2,F03_T2_R,F03_T2_R,2,2,R,R,genuine,1,0,0,True,0.4192990727644193,0,25452,,"S3032R04,S3032R10",filtered_from_final_matching_results
289,36,37,03/2R/S3032R05.jpg,03/2R/S3032R06.jpg,data/features/daugman_strict_v3/gabor_codes/03__2R__S3032R05.jpg.npz,data/features/daugman_strict_v3/gabor_codes/03__2R__S3032R06.jpg.npz,3,3,F03_T2,F03_T2,F03_T2_R,F03_T2_R,2,2,R,R,genuine,1,0,0,True,0.3522359290670778,0,25940,,"S3032R05,S3032R06",filtered_from_final_matching_results
290,36,38,03/2R/S3032R05.jpg,03/2R/S3032R07.jpg,data/features/daugman_strict_v3/gabor_codes/03__2R__S3032R05.jpg.npz,data/features/daugman_strict_v3/gabor_codes/03__2R__S3032R07.jpg.npz,3,3,F03_T2,F03_T2,F03_T2_R,F03_T2_R,2,2,R,R,genuine,1,0,0,True,0.380231152742106,0,26476,,"S3032R05,S3032R07",filtered_from_final_matching_results
293,36,41,03/2R/S3032R05.jpg,03/2R/S3032R10.jpg,data/features/daugman_strict_v3/gabor_codes/03__2R__S3032R05.jpg.npz,data/features/daugman_strict_v3/gabor_codes/03__2R__S3032R10.jpg.npz,3,3,F03_T2,F03_T2,F03_T2_R,F03_T2_R,2,2,R,R,genuine,1,0,0,True,0.3771281721811757,0,24904,,"S3032R05,S3032R10",filtered_from_final_matching_results
294,37,38,03/2R/S3032R06.jpg,03/2R/S3032R07.jpg,data/features/daugman_strict_v3/gabor_codes/03__2R__S3032R06.jpg.npz,data/features/daugman_strict_v3/gabor_codes/03__2R__S3032R07.jpg.npz,3,3,F03_T2,F03_T2,F03_T2_R,F03_T2_R,2,2,R,R,genuine,1,0,0,True,0.2958370904718966,0,26616,,"S3032R06,S3032R07",filtered_from_final_matching_results
297,37,41,03/2R/S3032R06.jpg,03/2R/S3032R10.jpg,data/features/daugman_strict_v3/gabor_codes/03__2R__S3032R06.jpg.npz,data/features/daugman_strict_v3/gabor_codes/03__2R__S3032R10.jpg.npz,3,3,F03_T2,F03_T2,F03_T2_R,F03_T2_R,2,2,R,R,genuine,1,0,0,True,0.4098441345365053,0,24380,,"S3032R06,S3032R10",filtered_from_final_matching_results
300,38,41,03/2R/S3032R07.jpg,03/2R/S3032R10.jpg,data/features/daugman_strict_v3/gabor_codes/03__2R__S3032R07.jpg.npz,data/features/daugman_strict_v3/gabor_codes/03__2R__S3032R10.jpg.npz,3,3,F03_T2,F03_T2,F03_T2_R,F03_T2_R,2,2,R,R,genuine,1,0,0,True,0.4177765145363001,-2,24628,,"S3032R07,S3032R10",filtered_from_final_matching_results
304,42,43,04/1L/S3041L03.jpg,04/1L/S3041L04.jpg,data/features/daugman_strict_v3/gabor_codes/04__1L__S3041L03.jpg.npz,data/features/daugman_strict_v3/gabor_codes/04__1L__S3041L04.jpg.npz,4,4,F04_T1,F04_T1,F04_T1_L,F04_T1_L,1,1,L,L,genuine,1,0,0,True,0.2921107164002368,0,27024,,"S3041L03,S3041L04",filtered_from_final_matching_results
305,42,44,04/1L/S3041L03.jpg,04/1L/S3041L05.jpg,data/features/daugman_strict_v3/gabor_codes/04__1L__S3041L03.jpg.npz,data/features/daugman_strict_v3/gabor_codes/04__1L__S3041L05.jpg.npz,4,4,F04_T1,F04_T1,F04_T1_L,F04_T1_L,1,1,L,L,genuine,1,0,0,True,0.2121542940320233,0,27480,,"S3041L03,S3041L05",filtered_from_final_matching_results
306,42,45,04/1L/S3041L03.jpg,04/1L/S3041L06.jpg,data/features/daugman_strict_v3/gabor_codes/04__1L__S3041L03.jpg.npz,data/features/daugman_strict_v3/gabor_codes/04__1L__S3041L06.jpg.npz,4,4,F04_T1,F04_T1,F04_T1_L,F04_T1_L,1,1,L,L,genuine,1,0,0,True,0.2798746829777711,0,26812,,"S3041L03,S3041L06",filtered_from_final_matching_results
307,42,46,04/1L/S3041L03.jpg,04/1R/S3041R01.jpg,data/features/daugman_strict_v3/gabor_codes/04__1L__S3041L03.jpg.npz,data/features/daugman_strict_v3/gabor_codes/04__1R__S3041R01.jpg.npz,4,4,F04_T1,F04_T1,F04_T1_L,F04_T1_R,1,1,L,R,same_subject_different_eye,0,0,0,True,0.4520370069793865,-2,24644,,"S3041L03,S3041R01",filtered_from_final_matching_results
308,42,47,04/1L/S3041L03.jpg,04/2L/S3042L08.jpg,data/features/daugman_strict_v3/gabor_codes/04__1L__S3041L03.jpg.npz,data/features/daugman_strict_v3/gabor_codes/04__2L__S3042L08.jpg.npz,4,4,F04_T1,F04_T2,F04_T1_L,F04_T2_L,1,2,L,L,twin_same_eye,0,1,0,True,0.4335170996075499,-4,21404,,"S3041L03,S3042L08",filtered_from_final_matching_results
309,42,48,04/1L/S3041L03.jpg,04/2R/S3042R07.jpg,data/features/daugman_strict_v3/gabor_codes/04__1L__S3041L03.jpg.npz,data/features/daugman_strict_v3/gabor_codes/04__2R__S3042R07.jpg.npz,4,4,F04_T1,F04_T2,F04_T1_L,F04_T2_R,1,2,L,R,twin_cross_eye,0,1,0,True,0.4411231884057971,6,23184,,"S3041L03,S3042R07",filtered_from_final_matching_results
310,42,49,04/1L/S3041L03.jpg,04/2R/S3042R08.jpg,data/features/daugman_strict_v3/gabor_codes/04__1L__S3041L03.jpg.npz,data/features/daugman_strict_v3/gabor_codes/04__2R__S3042R08.jpg.npz,4,4,F04_T1,F04_T2,F04_T1_L,F04_T2_R,1,2,L,R,twin_cross_eye,0,1,0,True,0.3954380298748486,16,19816,,"S3041L03,S3042R08",filtered_from_final_matching_results
311,43,44,04/1L/S3041L04.jpg,04/1L/S3041L05.jpg,data/features/daugman_strict_v3/gabor_codes/04__1L__S3041L04.jpg.npz,data/features/daugman_strict_v3/gabor_codes/04__1L__S3041L05.jpg.npz,4,4,F04_T1,F04_T1,F04_T1_L,F04_T1_L,1,1,L,L,genuine,1,0,0,True,0.2616168973051712,0,27460,,"S3041L04,S3041L05",filtered_from_final_matching_results
312,43,45,04/1L/S3041L04.jpg,04/1L/S3041L06.jpg,data/features/daugman_strict_v3/gabor_codes/04__1L__S3041L04.jpg.npz,data/features/daugman_strict_v3/gabor_codes/04__1L__S3041L06.jpg.npz,4,4,F04_T1,F04_T1,F04_T1_L,F04_T1_L,1,1,L,L,genuine,1,0,0,True,0.3323233933981821,-6,25084,,"S3041L04,S3041L06",filtered_from_final_matching_results
313,43,46,04/1L/S3041L04.jpg,04/1R/S3041R01.jpg,data/features/daugman_strict_v3/gabor_codes/04__1L__S3041L04.jpg.npz,data/features/daugman_strict_v3/gabor_codes/04__1R__S3041R01.jpg.npz,4,4,F04_T1,F04_T1,F04_T1_L,F04_T1_R,1,1,L,R,same_subject_different_eye,0,0,0,True,0.4526209677419355,8,22816,,"S3041L04,S3041R01",filtered_from_final_matching_results
314,43,47,04/1L/S3041L04.jpg,04/2L/S3042L08.jpg,data/features/daugman_strict_v3/gabor_codes/04__1L__S3041L04.jpg.npz,data/features/daugman_strict_v3/gabor_codes/04__2L__S3042L08.jpg.npz,4,4,F04_T1,F04_T2,F04_T1_L,F04_T2_L,1,2,L,L,twin_same_eye,0,1,0,True,0.4229828850855746,0,21268,,"S3041L04,S3042L08",filtered_from_final_matching_results
315,43,48,04/1L/S3041L04.jpg,04/2R/S3042R07.jpg,data/features/daugman_strict_v3/gabor_codes/04__1L__S3041L04.jpg.npz,data/features/daugman_strict_v3/gabor_codes/04__2R__S3042R07.jpg.npz,4,4,F04_T1,F04_T2,F04_T1_L,F04_T2_R,1,2,L,R,twin_cross_eye,0,1,0,True,0.4166812379786676,4,22876,,"S3041L04,S3042R07",filtered_from_final_matching_results
316,43,49,04/1L/S3041L04.jpg,04/2R/S3042R08.jpg,data/features/daugman_strict_v3/gabor_codes/04__1L__S3041L04.jpg.npz,data/features/daugman_strict_v3/gabor_codes/04__2R__S3042R08.jpg.npz,4,4,F04_T1,F04_T2,F04_T1_L,F04_T2_R,1,2,L,R,twin_cross_eye,0,1,0,True,0.4013073098876818,4,21724,,"S3041L04,S3042R08",filtered_from_final_matching_results
317,44,45,04/1L/S3041L05.jpg,04/1L/S3041L06.jpg,data/features/daugman_strict_v3/gabor_codes/04__1L__S3041L05.jpg.npz,data/features/daugman_strict_v3/gabor_codes/04__1L__S3041L06.jpg.npz,4,4,F04_T1,F04_T1,F04_T1_L,F04_T1_L,1,1,L,L,genuine,1,0,0,True,0.2861377964575202,-2,26648,,"S3041L05,S3041L06",filtered_from_final_matching_results
318,44,46,04/1L/S3041L05.jpg,04/1R/S3041R01.jpg,data/features/daugman_strict_v3/gabor_codes/04__1L__S3041L05.jpg.npz,data/features/daugman_strict_v3/gabor_codes/04__1R__S3041R01.jpg.npz,4,4,F04_T1,F04_T1,F04_T1_L,F04_T1_R,1,1,L,R,same_subject_different_eye,0,0,0,True,0.4413075780089153,-2,24228,,"S3041L05,S3041R01",filtered_from_final_matching_results
319,44,47,04/1L/S3041L05.jpg,04/2L/S3042L08.jpg,data/features/daugman_strict_v3/gabor_codes/04__1L__S3041L05.jpg.npz,data/features/daugman_strict_v3/gabor_codes/04__2L__S3042L08.jpg.npz,4,4,F04_T1,F04_T2,F04_T1_L,F04_T2_L,1,2,L,L,twin_same_eye,0,1,0,True,0.4441409193669932,-2,21232,,"S3041L05,S3042L08",filtered_from_final_matching_results
320,44,48,04/1L/S3041L05.jpg,04/2R/S3042R07.jpg,data/features/daugman_strict_v3/gabor_codes/04__1L__S3041L05.jpg.npz,data/features/daugman_strict_v3/gabor_codes/04__2R__S3042R07.jpg.npz,4,4,F04_T1,F04_T2,F04_T1_L,F04_T2_R,1,2,L,R,twin_cross_eye,0,1,0,True,0.441929482636428,6,22576,,"S3041L05,S3042R07",filtered_from_final_matching_results
321,44,49,04/1L/S3041L05.jpg,04/2R/S3042R08.jpg,data/features/daugman_strict_v3/gabor_codes/04__1L__S3041L05.jpg.npz,data/features/daugman_strict_v3/gabor_codes/04__2R__S3042R08.jpg.npz,4,4,F04_T1,F04_T2,F04_T1_L,F04_T2_R,1,2,L,R,twin_cross_eye,0,1,0,True,0.4004586199708151,16,19188,,"S3041L05,S3042R08",filtered_from_final_matching_results
322,45,46,04/1L/S3041L06.jpg,04/1R/S3041R01.jpg,data/features/daugman_strict_v3/gabor_codes/04__1L__S3041L06.jpg.npz,data/features/daugman_strict_v3/gabor_codes/04__1R__S3041R01.jpg.npz,4,4,F04_T1,F04_T1,F04_T1_L,F04_T1_R,1,1,L,R,same_subject_different_eye,0,0,0,True,0.4364559449721585,0,24424,,"S3041L06,S3041R01",filtered_from_final_matching_results
323,45,47,04/1L/S3041L06.jpg,04/2L/S3042L08.jpg,data/features/daugman_strict_v3/gabor_codes/04__1L__S3041L06.jpg.npz,data/features/daugman_strict_v3/gabor_codes/04__2L__S3042L08.jpg.npz,4,4,F04_T1,F04_T2,F04_T1_L,F04_T2_L,1,2,L,L,twin_same_eye,0,1,0,True,0.4530705153041456,-2,20648,,"S3041L06,S3042L08",filtered_from_final_matching_results
324,45,48,04/1L/S3041L06.jpg,04/2R/S3042R07.jpg,data/features/daugman_strict_v3/gabor_codes/04__1L__S3041L06.jpg.npz,data/features/daugman_strict_v3/gabor_codes/04__2R__S3042R07.jpg.npz,4,4,F04_T1,F04_T2,F04_T1_L,F04_T2_R,1,2,L,R,twin_cross_eye,0,1,0,True,0.4274043817304122,-16,21544,,"S3041L06,S3042R07",filtered_from_final_matching_results
325,45,49,04/1L/S3041L06.jpg,04/2R/S3042R08.jpg,data/features/daugman_strict_v3/gabor_codes/04__1L__S3041L06.jpg.npz,data/features/daugman_strict_v3/gabor_codes/04__2R__S3042R08.jpg.npz,4,4,F04_T1,F04_T2,F04_T1_L,F04_T2_R,1,2,L,R,twin_cross_eye,0,1,0,True,0.4104118381173114,0,22436,,"S3041L06,S3042R08",filtered_from_final_matching_results
326,46,47,04/1R/S3041R01.jpg,04/2L/S3042L08.jpg,data/features/daugman_strict_v3/gabor_codes/04__1R__S3041R01.jpg.npz,data/features/daugman_strict_v3/gabor_codes/04__2L__S3042L08.jpg.npz,4,4,F04_T1,F04_T2,F04_T1_R,F04_T2_L,1,2,R,L,twin_cross_eye,0,1,0,True,0.5030966600309666,-16,18084,,"S3041R01,S3042L08",filtered_from_final_matching_results
327,46,48,04/1R/S3041R01.jpg,04/2R/S3042R07.jpg,data/features/daugman_strict_v3/gabor_codes/04__1R__S3041R01.jpg.npz,data/features/daugman_strict_v3/gabor_codes/04__2R__S3042R07.jpg.npz,4,4,F04_T1,F04_T2,F04_T1_R,F04_T2_R,1,2,R,R,twin_same_eye,0,1,0,True,0.4373348433371083,8,21192,,"S3041R01,S3042R07",filtered_from_final_matching_results
328,46,49,04/1R/S3041R01.jpg,04/2R/S3042R08.jpg,data/features/daugman_strict_v3/gabor_codes/04__1R__S3041R01.jpg.npz,data/features/daugman_strict_v3/gabor_codes/04__2R__S3042R08.jpg.npz,4,4,F04_T1,F04_T2,F04_T1_R,F04_T2_R,1,2,R,R,twin_same_eye,0,1,0,True,0.4191650853889943,6,21080,,"S3041R01,S3042R08",filtered_from_final_matching_results
329,47,48,04/2L/S3042L08.jpg,04/2R/S3042R07.jpg,data/features/daugman_strict_v3/gabor_codes/04__2L__S3042L08.jpg.npz,data/features/daugman_strict_v3/gabor_codes/04__2R__S3042R07.jpg.npz,4,4,F04_T2,F04_T2,F04_T2_L,F04_T2_R,2,2,L,R,same_subject_different_eye,0,0,0,True,0.4512380759082606,-2,19708,,"S3042L08,S3042R07",filtered_from_final_matching_results
330,47,49,04/2L/S3042L08.jpg,04/2R/S3042R08.jpg,data/features/daugman_strict_v3/gabor_codes/04__2L__S3042L08.jpg.npz,data/features/daugman_strict_v3/gabor_codes/04__2R__S3042R08.jpg.npz,4,4,F04_T2,F04_T2,F04_T2_L,F04_T2_R,2,2,L,R,same_subject_different_eye,0,0,0,True,0.4325479566305254,2,19184,,"S3042L08,S3042R08",filtered_from_final_matching_results
331,48,49,04/2R/S3042R07.jpg,04/2R/S3042R08.jpg,data/features/daugman_strict_v3/gabor_codes/04__2R__S3042R07.jpg.npz,data/features/daugman_strict_v3/gabor_codes/04__2R__S3042R08.jpg.npz,4,4,F04_T2,F04_T2,F04_T2_R,F04_T2_R,2,2,R,R,genuine,1,0,0,True,0.214164689935615,0,23608,,"S3042R07,S3042R08",filtered_from_final_matching_results
332,50,51,05/1L/S3051L06.jpg,05/1L/S3051L07.jpg,data/features/daugman_strict_v3/gabor_codes/05__1L__S3051L06.jpg.npz,data/features/daugman_strict_v3/gabor_codes/05__1L__S3051L07.jpg.npz,5,5,F05_T1,F05_T1,F05_T1_L,F05_T1_L,1,1,L,L,genuine,1,0,0,True,0.3765709156193896,2,22280,,"S3051L06,S3051L07",filtered_from_final_matching_results
333,50,52,05/1L/S3051L06.jpg,05/1L/S3051L08.jpg,data/features/daugman_strict_v3/gabor_codes/05__1L__S3051L06.jpg.npz,data/features/daugman_strict_v3/gabor_codes/05__1L__S3051L08.jpg.npz,5,5,F05_T1,F05_T1,F05_T1_L,F05_T1_L,1,1,L,L,genuine,1,0,0,True,0.3360820244328097,0,22920,,"S3051L06,S3051L08",filtered_from_final_matching_results
334,50,53,05/1L/S3051L06.jpg,05/1L/S3051L10.jpg,data/features/daugman_strict_v3/gabor_codes/05__1L__S3051L06.jpg.npz,data/features/daugman_strict_v3/gabor_codes/05__1L__S3051L10.jpg.npz,5,5,F05_T1,F05_T1,F05_T1_L,F05_T1_L,1,1,L,L,genuine,1,0,0,True,0.4134936211972522,8,20380,,"S3051L06,S3051L10",filtered_from_final_matching_results
335,50,54,05/1L/S3051L06.jpg,05/1R/S3051R01.jpg,data/features/daugman_strict_v3/gabor_codes/05__1L__S3051L06.jpg.npz,data/features/daugman_strict_v3/gabor_codes/05__1R__S3051R01.jpg.npz,5,5,F05_T1,F05_T1,F05_T1_L,F05_T1_R,1,1,L,R,same_subject_different_eye,0,0,0,True,0.4459088133523305,14,19652,,"S3051L06,S3051R01",filtered_from_final_matching_results
336,50,55,05/1L/S3051L06.jpg,05/1R/S3051R03.jpg,data/features/daugman_strict_v3/gabor_codes/05__1L__S3051L06.jpg.npz,data/features/daugman_strict_v3/gabor_codes/05__1R__S3051R03.jpg.npz,5,5,F05_T1,F05_T1,F05_T1_L,F05_T1_R,1,1,L,R,same_subject_different_eye,0,0,0,True,0.4277811305572319,16,19884,,"S3051L06,S3051R03",filtered_from_final_matching_results
337,50,56,05/1L/S3051L06.jpg,05/2L/S3052L01.jpg,data/features/daugman_strict_v3/gabor_codes/05__1L__S3051L06.jpg.npz,data/features/daugman_strict_v3/gabor_codes/05__2L__S3052L01.jpg.npz,5,5,F05_T1,F05_T2,F05_T1_L,F05_T2_L,1,2,L,L,twin_same_eye,0,1,0,True,0.4506067500948047,8,21096,,"S3051L06,S3052L01",filtered_from_final_matching_results
338,50,57,05/1L/S3051L06.jpg,05/2L/S3052L02.jpg,data/features/daugman_strict_v3/gabor_codes/05__1L__S3051L06.jpg.npz,data/features/daugman_strict_v3/gabor_codes/05__2L__S3052L02.jpg.npz,5,5,F05_T1,F05_T2,F05_T1_L,F05_T2_L,1,2,L,L,twin_same_eye,0,1,0,True,0.4315274642588412,-16,21264,,"S3051L06,S3052L02",filtered_from_final_matching_results
339,50,58,05/1L/S3051L06.jpg,05/2L/S3052L03.jpg,data/features/daugman_strict_v3/gabor_codes/05__1L__S3051L06.jpg.npz,data/features/daugman_strict_v3/gabor_codes/05__2L__S3052L03.jpg.npz,5,5,F05_T1,F05_T2,F05_T1_L,F05_T2_L,1,2,L,L,twin_same_eye,0,1,0,True,0.4389594619839342,6,21412,,"S3051L06,S3052L03",filtered_from_final_matching_results
340,50,59,05/1L/S3051L06.jpg,05/2R/S3052R01.jpg,data/features/daugman_strict_v3/gabor_codes/05__1L__S3051L06.jpg.npz,data/features/daugman_strict_v3/gabor_codes/05__2R__S3052R01.jpg.npz,5,5,F05_T1,F05_T2,F05_T1_L,F05_T2_R,1,2,L,R,twin_cross_eye,0,1,0,True,0.4732915415857319,-2,22652,,"S3051L06,S3052R01",filtered_from_final_matching_results
341,51,52,05/1L/S3051L07.jpg,05/1L/S3051L08.jpg,data/features/daugman_strict_v3/gabor_codes/05__1L__S3051L07.jpg.npz,data/features/daugman_strict_v3/gabor_codes/05__1L__S3051L08.jpg.npz,5,5,F05_T1,F05_T1,F05_T1_L,F05_T1_L,1,1,L,L,genuine,1,0,0,True,0.2184228301249577,0,23688,,"S3051L07,S3051L08",filtered_from_final_matching_results
342,51,53,05/1L/S3051L07.jpg,05/1L/S3051L10.jpg,data/features/daugman_strict_v3/gabor_codes/05__1L__S3051L07.jpg.npz,data/features/daugman_strict_v3/gabor_codes/05__1L__S3051L10.jpg.npz,5,5,F05_T1,F05_T1,F05_T1_L,F05_T1_L,1,1,L,L,genuine,1,0,0,True,0.3628519527702089,4,22020,,"S3051L07,S3051L10",filtered_from_final_matching_results
343,51,54,05/1L/S3051L07.jpg,05/1R/S3051R01.jpg,data/features/daugman_strict_v3/gabor_codes/05__1L__S3051L07.jpg.npz,data/features/daugman_strict_v3/gabor_codes/05__1R__S3051R01.jpg.npz,5,5,F05_T1,F05_T1,F05_T1_L,F05_T1_R,1,1,L,R,same_subject_different_eye,0,0,0,True,0.4409090909090909,14,20240,,"S3051L07,S3051R01",filtered_from_final_matching_results
344,51,55,05/1L/S3051L07.jpg,05/1R/S3051R03.jpg,data/features/daugman_strict_v3/gabor_codes/05__1L__S3051L07.jpg.npz,data/features/daugman_strict_v3/gabor_codes/05__1R__S3051R03.jpg.npz,5,5,F05_T1,F05_T1,F05_T1_L,F05_T1_R,1,1,L,R,same_subject_different_eye,0,0,0,True,0.4017357762777242,14,20740,,"S3051L07,S3051R03",filtered_from_final_matching_results
345,51,56,05/1L/S3051L07.jpg,05/2L/S3052L01.jpg,data/features/daugman_strict_v3/gabor_codes/05__1L__S3051L07.jpg.npz,data/features/daugman_strict_v3/gabor_codes/05__2L__S3052L01.jpg.npz,5,5,F05_T1,F05_T2,F05_T1_L,F05_T2_L,1,2,L,L,twin_same_eye,0,1,0,True,0.4429265041888804,-16,21008,,"S3051L07,S3052L01",filtered_from_final_matching_results
346,51,57,05/1L/S3051L07.jpg,05/2L/S3052L02.jpg,data/features/daugman_strict_v3/gabor_codes/05__1L__S3051L07.jpg.npz,data/features/daugman_strict_v3/gabor_codes/05__2L__S3052L02.jpg.npz,5,5,F05_T1,F05_T2,F05_T1_L,F05_T2_L,1,2,L,L,twin_same_eye,0,1,0,True,0.3989152716091561,2,23416,,"S3051L07,S3052L02",filtered_from_final_matching_results
347,51,58,05/1L/S3051L07.jpg,05/2L/S3052L03.jpg,data/features/daugman_strict_v3/gabor_codes/05__1L__S3051L07.jpg.npz,data/features/daugman_strict_v3/gabor_codes/05__2L__S3052L03.jpg.npz,5,5,F05_T1,F05_T2,F05_T1_L,F05_T2_L,1,2,L,L,twin_same_eye,0,1,0,True,0.4292271376114705,2,22876,,"S3051L07,S3052L03",filtered_from_final_matching_results
348,51,59,05/1L/S3051L07.jpg,05/2R/S3052R01.jpg,data/features/daugman_strict_v3/gabor_codes/05__1L__S3051L07.jpg.npz,data/features/daugman_strict_v3/gabor_codes/05__2R__S3052R01.jpg.npz,5,5,F05_T1,F05_T2,F05_T1_L,F05_T2_R,1,2,L,R,twin_cross_eye,0,1,0,True,0.4873297275641026,16,19968,,"S3051L07,S3052R01",filtered_from_final_matching_results
349,52,53,05/1L/S3051L08.jpg,05/1L/S3051L10.jpg,data/features/daugman_strict_v3/gabor_codes/05__1L__S3051L08.jpg.npz,data/features/daugman_strict_v3/gabor_codes/05__1L__S3051L10.jpg.npz,5,5,F05_T1,F05_T1,F05_T1_L,F05_T1_L,1,1,L,L,genuine,1,0,0,True,0.3878879310344827,2,23200,,"S3051L08,S3051L10",filtered_from_final_matching_results
350,52,54,05/1L/S3051L08.jpg,05/1R/S3051R01.jpg,data/features/daugman_strict_v3/gabor_codes/05__1L__S3051L08.jpg.npz,data/features/daugman_strict_v3/gabor_codes/05__1R__S3051R01.jpg.npz,5,5,F05_T1,F05_T1,F05_T1_L,F05_T1_R,1,1,L,R,same_subject_different_eye,0,0,0,True,0.4354531607006854,14,21008,,"S3051L08,S3051R01",filtered_from_final_matching_results
351,52,55,05/1L/S3051L08.jpg,05/1R/S3051R03.jpg,data/features/daugman_strict_v3/gabor_codes/05__1L__S3051L08.jpg.npz,data/features/daugman_strict_v3/gabor_codes/05__1R__S3051R03.jpg.npz,5,5,F05_T1,F05_T1,F05_T1_L,F05_T1_R,1,1,L,R,same_subject_different_eye,0,0,0,True,0.4231159955670484,14,21656,,"S3051L08,S3051R03",filtered_from_final_matching_results
352,52,56,05/1L/S3051L08.jpg,05/2L/S3052L01.jpg,data/features/daugman_strict_v3/gabor_codes/05__1L__S3051L08.jpg.npz,data/features/daugman_strict_v3/gabor_codes/05__2L__S3052L01.jpg.npz,5,5,F05_T1,F05_T2,F05_T1_L,F05_T2_L,1,2,L,L,twin_same_eye,0,1,0,True,0.4411516853932584,14,21360,,"S3051L08,S3052L01",filtered_from_final_matching_results
353,52,57,05/1L/S3051L08.jpg,05/2L/S3052L02.jpg,data/features/daugman_strict_v3/gabor_codes/05__1L__S3051L08.jpg.npz,data/features/daugman_strict_v3/gabor_codes/05__2L__S3052L02.jpg.npz,5,5,F05_T1,F05_T2,F05_T1_L,F05_T2_L,1,2,L,L,twin_same_eye,0,1,0,True,0.4118974621018565,4,23484,,"S3051L08,S3052L02",filtered_from_final_matching_results
354,52,58,05/1L/S3051L08.jpg,05/2L/S3052L03.jpg,data/features/daugman_strict_v3/gabor_codes/05__1L__S3051L08.jpg.npz,data/features/daugman_strict_v3/gabor_codes/05__2L__S3052L03.jpg.npz,5,5,F05_T1,F05_T2,F05_T1_L,F05_T2_L,1,2,L,L,twin_same_eye,0,1,0,True,0.4245153542631669,4,23316,,"S3051L08,S3052L03",filtered_from_final_matching_results
355,52,59,05/1L/S3051L08.jpg,05/2R/S3052R01.jpg,data/features/daugman_strict_v3/gabor_codes/05__1L__S3051L08.jpg.npz,data/features/daugman_strict_v3/gabor_codes/05__2R__S3052R01.jpg.npz,5,5,F05_T1,F05_T2,F05_T1_L,F05_T2_R,1,2,L,R,twin_cross_eye,0,1,0,True,0.4944645924794808,14,20956,,"S3051L08,S3052R01",filtered_from_final_matching_results
356,53,54,05/1L/S3051L10.jpg,05/1R/S3051R01.jpg,data/features/daugman_strict_v3/gabor_codes/05__1L__S3051L10.jpg.npz,data/features/daugman_strict_v3/gabor_codes/05__1R__S3051R01.jpg.npz,5,5,F05_T1,F05_T1,F05_T1_L,F05_T1_R,1,1,L,R,same_subject_different_eye,0,0,0,True,0.4731844907039568,-4,25172,,"S3051L10,S3051R01",filtered_from_final_matching_results
357,53,55,05/1L/S3051L10.jpg,05/1R/S3051R03.jpg,data/features/daugman_strict_v3/gabor_codes/05__1L__S3051L10.jpg.npz,data/features/daugman_strict_v3/gabor_codes/05__1R__S3051R03.jpg.npz,5,5,F05_T1,F05_T1,F05_T1_L,F05_T1_R,1,1,L,R,same_subject_different_eye,0,0,0,True,0.4437109937590014,12,24996,,"S3051L10,S3051R03",filtered_from_final_matching_results
358,53,56,05/1L/S3051L10.jpg,05/2L/S3052L01.jpg,data/features/daugman_strict_v3/gabor_codes/05__1L__S3051L10.jpg.npz,data/features/daugman_strict_v3/gabor_codes/05__2L__S3052L01.jpg.npz,5,5,F05_T1,F05_T2,F05_T1_L,F05_T2_L,1,2,L,L,twin_same_eye,0,1,0,True,0.432827385758114,-12,24772,,"S3051L10,S3052L01",filtered_from_final_matching_results
359,53,57,05/1L/S3051L10.jpg,05/2L/S3052L02.jpg,data/features/daugman_strict_v3/gabor_codes/05__1L__S3051L10.jpg.npz,data/features/daugman_strict_v3/gabor_codes/05__2L__S3052L02.jpg.npz,5,5,F05_T1,F05_T2,F05_T1_L,F05_T2_L,1,2,L,L,twin_same_eye,0,1,0,True,0.4214164185452999,0,28212,,"S3051L10,S3052L02",filtered_from_final_matching_results
360,53,58,05/1L/S3051L10.jpg,05/2L/S3052L03.jpg,data/features/daugman_strict_v3/gabor_codes/05__1L__S3051L10.jpg.npz,data/features/daugman_strict_v3/gabor_codes/05__2L__S3052L03.jpg.npz,5,5,F05_T1,F05_T2,F05_T1_L,F05_T2_L,1,2,L,L,twin_same_eye,0,1,0,True,0.4302895322939866,0,26940,,"S3051L10,S3052L03",filtered_from_final_matching_results
361,53,59,05/1L/S3051L10.jpg,05/2R/S3052R01.jpg,data/features/daugman_strict_v3/gabor_codes/05__1L__S3051L10.jpg.npz,data/features/daugman_strict_v3/gabor_codes/05__2R__S3052R01.jpg.npz,5,5,F05_T1,F05_T2,F05_T1_L,F05_T2_R,1,2,L,R,twin_cross_eye,0,1,0,True,0.4956458635703918,-6,24804,,"S3051L10,S3052R01",filtered_from_final_matching_results
362,54,55,05/1R/S3051R01.jpg,05/1R/S3051R03.jpg,data/features/daugman_strict_v3/gabor_codes/05__1R__S3051R01.jpg.npz,data/features/daugman_strict_v3/gabor_codes/05__1R__S3051R03.jpg.npz,5,5,F05_T1,F05_T1,F05_T1_R,F05_T1_R,1,1,R,R,genuine,1,0,0,True,0.3415772453329413,2,27212,,"S3051R01,S3051R03",filtered_from_final_matching_results
363,54,56,05/1R/S3051R01.jpg,05/2L/S3052L01.jpg,data/features/daugman_strict_v3/gabor_codes/05__1R__S3051R01.jpg.npz,data/features/daugman_strict_v3/gabor_codes/05__2L__S3052L01.jpg.npz,5,5,F05_T1,F05_T2,F05_T1_R,F05_T2_L,1,2,R,L,twin_cross_eye,0,1,0,True,0.4189569019362898,-8,25616,,"S3051R01,S3052L01",filtered_from_final_matching_results
364,54,57,05/1R/S3051R01.jpg,05/2L/S3052L02.jpg,data/features/daugman_strict_v3/gabor_codes/05__1R__S3051R01.jpg.npz,data/features/daugman_strict_v3/gabor_codes/05__2L__S3052L02.jpg.npz,5,5,F05_T1,F05_T2,F05_T1_R,F05_T2_L,1,2,R,L,twin_cross_eye,0,1,0,True,0.4463047647145596,0,27116,,"S3051R01,S3052L02",filtered_from_final_matching_results
365,54,58,05/1R/S3051R01.jpg,05/2L/S3052L03.jpg,data/features/daugman_strict_v3/gabor_codes/05__1R__S3051R01.jpg.npz,data/features/daugman_strict_v3/gabor_codes/05__2L__S3052L03.jpg.npz,5,5,F05_T1,F05_T2,F05_T1_R,F05_T2_L,1,2,R,L,twin_cross_eye,0,1,0,True,0.4518538379040907,2,26108,,"S3051R01,S3052L03",filtered_from_final_matching_results
366,54,59,05/1R/S3051R01.jpg,05/2R/S3052R01.jpg,data/features/daugman_strict_v3/gabor_codes/05__1R__S3051R01.jpg.npz,data/features/daugman_strict_v3/gabor_codes/05__2R__S3052R01.jpg.npz,5,5,F05_T1,F05_T2,F05_T1_R,F05_T2_R,1,2,R,R,twin_same_eye,0,1,0,True,0.4637115839243498,-4,25380,,"S3051R01,S3052R01",filtered_from_final_matching_results
367,55,56,05/1R/S3051R03.jpg,05/2L/S3052L01.jpg,data/features/daugman_strict_v3/gabor_codes/05__1R__S3051R03.jpg.npz,data/features/daugman_strict_v3/gabor_codes/05__2L__S3052L01.jpg.npz,5,5,F05_T1,F05_T2,F05_T1_R,F05_T2_L,1,2,R,L,twin_cross_eye,0,1,0,True,0.4193870277975766,0,28060,,"S3051R03,S3052L01",filtered_from_final_matching_results
368,55,57,05/1R/S3051R03.jpg,05/2L/S3052L02.jpg,data/features/daugman_strict_v3/gabor_codes/05__1R__S3051R03.jpg.npz,data/features/daugman_strict_v3/gabor_codes/05__2L__S3052L02.jpg.npz,5,5,F05_T1,F05_T2,F05_T1_R,F05_T2_L,1,2,R,L,twin_cross_eye,0,1,0,True,0.4467572620074777,0,27816,,"S3051R03,S3052L02",filtered_from_final_matching_results
369,55,58,05/1R/S3051R03.jpg,05/2L/S3052L03.jpg,data/features/daugman_strict_v3/gabor_codes/05__1R__S3051R03.jpg.npz,data/features/daugman_strict_v3/gabor_codes/05__2L__S3052L03.jpg.npz,5,5,F05_T1,F05_T2,F05_T1_R,F05_T2_L,1,2,R,L,twin_cross_eye,0,1,0,True,0.4273065476190476,0,26880,,"S3051R03,S3052L03",filtered_from_final_matching_results
370,55,59,05/1R/S3051R03.jpg,05/2R/S3052R01.jpg,data/features/daugman_strict_v3/gabor_codes/05__1R__S3051R03.jpg.npz,data/features/daugman_strict_v3/gabor_codes/05__2R__S3052R01.jpg.npz,5,5,F05_T1,F05_T2,F05_T1_R,F05_T2_R,1,2,R,R,twin_same_eye,0,1,0,True,0.4193596425912137,0,26860,,"S3051R03,S3052R01",filtered_from_final_matching_results
371,56,57,05/2L/S3052L01.jpg,05/2L/S3052L02.jpg,data/features/daugman_strict_v3/gabor_codes/05__2L__S3052L01.jpg.npz,data/features/daugman_strict_v3/gabor_codes/05__2L__S3052L02.jpg.npz,5,5,F05_T2,F05_T2,F05_T2_L,F05_T2_L,2,2,L,L,genuine,1,0,0,True,0.3495759813978936,0,29244,,"S3052L01,S3052L02",filtered_from_final_matching_results
372,56,58,05/2L/S3052L01.jpg,05/2L/S3052L03.jpg,data/features/daugman_strict_v3/gabor_codes/05__2L__S3052L01.jpg.npz,data/features/daugman_strict_v3/gabor_codes/05__2L__S3052L03.jpg.npz,5,5,F05_T2,F05_T2,F05_T2_L,F05_T2_L,2,2,L,L,genuine,1,0,0,True,0.3431722230310088,0,27476,,"S3052L01,S3052L03",filtered_from_final_matching_results
373,56,59,05/2L/S3052L01.jpg,05/2R/S3052R01.jpg,data/features/daugman_strict_v3/gabor_codes/05__2L__S3052L01.jpg.npz,data/features/daugman_strict_v3/gabor_codes/05__2R__S3052R01.jpg.npz,5,5,F05_T2,F05_T2,F05_T2_L,F05_T2_R,2,2,L,R,same_subject_different_eye,0,0,0,True,0.4809381733797447,-12,24132,,"S3052L01,S3052R01",filtered_from_final_matching_results
374,57,58,05/2L/S3052L02.jpg,05/2L/S3052L03.jpg,data/features/daugman_strict_v3/gabor_codes/05__2L__S3052L02.jpg.npz,data/features/daugman_strict_v3/gabor_codes/05__2L__S3052L03.jpg.npz,5,5,F05_T2,F05_T2,F05_T2_L,F05_T2_L,2,2,L,L,genuine,1,0,0,True,0.282074780058651,0,27280,,"S3052L02,S3052L03",filtered_from_final_matching_results
375,57,59,05/2L/S3052L02.jpg,05/2R/S3052R01.jpg,data/features/daugman_strict_v3/gabor_codes/05__2L__S3052L02.jpg.npz,data/features/daugman_strict_v3/gabor_codes/05__2R__S3052R01.jpg.npz,5,5,F05_T2,F05_T2,F05_T2_L,F05_T2_R,2,2,L,R,same_subject_different_eye,0,0,0,True,0.4756983691264331,12,24772,,"S3052L02,S3052R01",filtered_from_final_matching_results
376,58,59,05/2L/S3052L03.jpg,05/2R/S3052R01.jpg,data/features/daugman_strict_v3/gabor_codes/05__2L__S3052L03.jpg.npz,data/features/daugman_strict_v3/gabor_codes/05__2R__S3052R01.jpg.npz,5,5,F05_T2,F05_T2,F05_T2_L,F05_T2_R,2,2,L,R,same_subject_different_eye,0,0,0,True,0.4810952301811534,-8,24068,,"S3052L03,S3052R01",filtered_from_final_matching_results
377,60,61,06/1L/S3061L02.jpg,06/1L/S3061L03.jpg,data/features/daugman_strict_v3/gabor_codes/06__1L__S3061L02.jpg.npz,data/features/daugman_strict_v3/gabor_codes/06__1L__S3061L03.jpg.npz,6,6,F06_T1,F06_T1,F06_T1_L,F06_T1_L,1,1,L,L,genuine,1,0,0,True,0.3684270865178844,2,26168,,"S3061L02,S3061L03",filtered_from_final_matching_results
378,60,62,06/1L/S3061L02.jpg,06/1R/S3061R01.jpg,data/features/daugman_strict_v3/gabor_codes/06__1L__S3061L02.jpg.npz,data/features/daugman_strict_v3/gabor_codes/06__1R__S3061R01.jpg.npz,6,6,F06_T1,F06_T1,F06_T1_L,F06_T1_R,1,1,L,R,same_subject_different_eye,0,0,0,True,0.4569716775599128,0,22032,,"S3061L02,S3061R01",filtered_from_final_matching_results
379,60,63,06/1L/S3061L02.jpg,06/1R/S3061R04.jpg,data/features/daugman_strict_v3/gabor_codes/06__1L__S3061L02.jpg.npz,data/features/daugman_strict_v3/gabor_codes/06__1R__S3061R04.jpg.npz,6,6,F06_T1,F06_T1,F06_T1_L,F06_T1_R,1,1,L,R,same_subject_different_eye,0,0,0,True,0.441564872895345,0,24232,,"S3061L02,S3061R04",filtered_from_final_matching_results
380,60,64,06/1L/S3061L02.jpg,06/1R/S3061R07.jpg,data/features/daugman_strict_v3/gabor_codes/06__1L__S3061L02.jpg.npz,data/features/daugman_strict_v3/gabor_codes/06__1R__S3061R07.jpg.npz,6,6,F06_T1,F06_T1,F06_T1_L,F06_T1_R,1,1,L,R,same_subject_different_eye,0,0,0,True,0.4290515988372093,0,22016,,"S3061L02,S3061R07",filtered_from_final_matching_results
381,60,65,06/1L/S3061L02.jpg,06/1R/S3061R08.jpg,data/features/daugman_strict_v3/gabor_codes/06__1L__S3061L02.jpg.npz,data/features/daugman_strict_v3/gabor_codes/06__1R__S3061R08.jpg.npz,6,6,F06_T1,F06_T1,F06_T1_L,F06_T1_R,1,1,L,R,same_subject_different_eye,0,0,0,True,0.4326848998459168,2,20768,,"S3061L02,S3061R08",filtered_from_final_matching_results
383,60,67,06/1L/S3061L02.jpg,06/2L/S3062L03.jpg,data/features/daugman_strict_v3/gabor_codes/06__1L__S3061L02.jpg.npz,data/features/daugman_strict_v3/gabor_codes/06__2L__S3062L03.jpg.npz,6,6,F06_T1,F06_T2,F06_T1_L,F06_T2_L,1,2,L,L,twin_same_eye,0,1,0,True,0.4755881254667662,14,21424,,"S3061L02,S3062L03",filtered_from_final_matching_results
384,60,68,06/1L/S3061L02.jpg,06/2L/S3062L04.jpg,data/features/daugman_strict_v3/gabor_codes/06__1L__S3061L02.jpg.npz,data/features/daugman_strict_v3/gabor_codes/06__2L__S3062L04.jpg.npz,6,6,F06_T1,F06_T2,F06_T1_L,F06_T2_L,1,2,L,L,twin_same_eye,0,1,0,True,0.4623925501432664,2,25128,,"S3061L02,S3062L04",filtered_from_final_matching_results
385,60,69,06/1L/S3061L02.jpg,06/2L/S3062L05.jpg,data/features/daugman_strict_v3/gabor_codes/06__1L__S3061L02.jpg.npz,data/features/daugman_strict_v3/gabor_codes/06__2L__S3062L05.jpg.npz,6,6,F06_T1,F06_T2,F06_T1_L,F06_T2_L,1,2,L,L,twin_same_eye,0,1,0,True,0.4743682600997908,2,24852,,"S3061L02,S3062L05",filtered_from_final_matching_results
386,60,70,06/1L/S3061L02.jpg,06/2L/S3062L06.jpg,data/features/daugman_strict_v3/gabor_codes/06__1L__S3061L02.jpg.npz,data/features/daugman_strict_v3/gabor_codes/06__2L__S3062L06.jpg.npz,6,6,F06_T1,F06_T2,F06_T1_L,F06_T2_L,1,2,L,L,twin_same_eye,0,1,0,True,0.464696533979113,0,26428,,"S3061L02,S3062L06",filtered_from_final_matching_results
387,60,71,06/1L/S3061L02.jpg,06/2L/S3062L07.jpg,data/features/daugman_strict_v3/gabor_codes/06__1L__S3061L02.jpg.npz,data/features/daugman_strict_v3/gabor_codes/06__2L__S3062L07.jpg.npz,6,6,F06_T1,F06_T2,F06_T1_L,F06_T2_L,1,2,L,L,twin_same_eye,0,1,0,True,0.4182394801980198,0,25856,,"S3061L02,S3062L07",filtered_from_final_matching_results
389,60,73,06/1L/S3061L02.jpg,06/2R/S3062R02.jpg,data/features/daugman_strict_v3/gabor_codes/06__1L__S3061L02.jpg.npz,data/features/daugman_strict_v3/gabor_codes/06__2R__S3062R02.jpg.npz,6,6,F06_T1,F06_T2,F06_T1_L,F06_T2_R,1,2,L,R,twin_cross_eye,0,1,0,True,0.436346707296428,0,23628,,"S3061L02,S3062R02",filtered_from_final_matching_results
390,60,74,06/1L/S3061L02.jpg,06/2R/S3062R07.jpg,data/features/daugman_strict_v3/gabor_codes/06__1L__S3061L02.jpg.npz,data/features/daugman_strict_v3/gabor_codes/06__2R__S3062R07.jpg.npz,6,6,F06_T1,F06_T2,F06_T1_L,F06_T2_R,1,2,L,R,twin_cross_eye,0,1,0,True,0.4515960230245944,2,22932,,"S3061L02,S3062R07",filtered_from_final_matching_results
391,60,75,06/1L/S3061L02.jpg,06/2R/S3062R08.jpg,data/features/daugman_strict_v3/gabor_codes/06__1L__S3061L02.jpg.npz,data/features/daugman_strict_v3/gabor_codes/06__2R__S3062R08.jpg.npz,6,6,F06_T1,F06_T2,F06_T1_L,F06_T2_R,1,2,L,R,twin_cross_eye,0,1,0,True,0.4282002425082279,-6,23092,,"S3061L02,S3062R08",filtered_from_final_matching_results
392,60,76,06/1L/S3061L02.jpg,06/2R/S3062R09.jpg,data/features/daugman_strict_v3/gabor_codes/06__1L__S3061L02.jpg.npz,data/features/daugman_strict_v3/gabor_codes/06__2R__S3062R09.jpg.npz,6,6,F06_T1,F06_T2,F06_T1_L,F06_T2_R,1,2,L,R,twin_cross_eye,0,1,0,True,0.4582741116751269,16,19700,,"S3061L02,S3062R09",filtered_from_final_matching_results
393,60,77,06/1L/S3061L02.jpg,06/2R/S3062R10.jpg,data/features/daugman_strict_v3/gabor_codes/06__1L__S3061L02.jpg.npz,data/features/daugman_strict_v3/gabor_codes/06__2R__S3062R10.jpg.npz,6,6,F06_T1,F06_T2,F06_T1_L,F06_T2_R,1,2,L,R,twin_cross_eye,0,1,0,True,0.4445533963273311,6,22436,,"S3061L02,S3062R10",filtered_from_final_matching_results
394,61,62,06/1L/S3061L03.jpg,06/1R/S3061R01.jpg,data/features/daugman_strict_v3/gabor_codes/06__1L__S3061L03.jpg.npz,data/features/daugman_strict_v3/gabor_codes/06__1R__S3061R01.jpg.npz,6,6,F06_T1,F06_T1,F06_T1_L,F06_T1_R,1,1,L,R,same_subject_different_eye,0,0,0,True,0.427234461758911,0,22332,,"S3061L03,S3061R01",filtered_from_final_matching_results
395,61,63,06/1L/S3061L03.jpg,06/1R/S3061R04.jpg,data/features/daugman_strict_v3/gabor_codes/06__1L__S3061L03.jpg.npz,data/features/daugman_strict_v3/gabor_codes/06__1R__S3061R04.jpg.npz,6,6,F06_T1,F06_T1,F06_T1_L,F06_T1_R,1,1,L,R,same_subject_different_eye,0,0,0,True,0.4311717861205916,0,24612,,"S3061L03,S3061R04",filtered_from_final_matching_results
396,61,64,06/1L/S3061L03.jpg,06/1R/S3061R07.jpg,data/features/daugman_strict_v3/gabor_codes/06__1L__S3061L03.jpg.npz,data/features/daugman_strict_v3/gabor_codes/06__1R__S3061R07.jpg.npz,6,6,F06_T1,F06_T1,F06_T1_L,F06_T1_R,1,1,L,R,same_subject_different_eye,0,0,0,True,0.498632278233685,-14,20472,,"S3061L03,S3061R07",filtered_from_final_matching_results
397,61,65,06/1L/S3061L03.jpg,06/1R/S3061R08.jpg,data/features/daugman_strict_v3/gabor_codes/06__1L__S3061L03.jpg.npz,data/features/daugman_strict_v3/gabor_codes/06__1R__S3061R08.jpg.npz,6,6,F06_T1,F06_T1,F06_T1_L,F06_T1_R,1,1,L,R,same_subject_different_eye,0,0,0,True,0.4608747993579454,-12,19936,,"S3061L03,S3061R08",filtered_from_final_matching_results
399,61,67,06/1L/S3061L03.jpg,06/2L/S3062L03.jpg,data/features/daugman_strict_v3/gabor_codes/06__1L__S3061L03.jpg.npz,data/features/daugman_strict_v3/gabor_codes/06__2L__S3062L03.jpg.npz,6,6,F06_T1,F06_T2,F06_T1_L,F06_T2_L,1,2,L,L,twin_same_eye,0,1,0,True,0.4411841418883672,10,23004,,"S3061L03,S3062L03",filtered_from_final_matching_results
400,61,68,06/1L/S3061L03.jpg,06/2L/S3062L04.jpg,data/features/daugman_strict_v3/gabor_codes/06__1L__S3061L03.jpg.npz,data/features/daugman_strict_v3/gabor_codes/06__2L__S3062L04.jpg.npz,6,6,F06_T1,F06_T2,F06_T1_L,F06_T2_L,1,2,L,L,twin_same_eye,0,1,0,True,0.4446242358863718,14,22248,,"S3061L03,S3062L04",filtered_from_final_matching_results
401,61,69,06/1L/S3061L03.jpg,06/2L/S3062L05.jpg,data/features/daugman_strict_v3/gabor_codes/06__1L__S3061L03.jpg.npz,data/features/daugman_strict_v3/gabor_codes/06__2L__S3062L05.jpg.npz,6,6,F06_T1,F06_T2,F06_T1_L,F06_T2_L,1,2,L,L,twin_same_eye,0,1,0,True,0.4426587611171789,-4,25636,,"S3061L03,S3062L05",filtered_from_final_matching_results
402,61,70,06/1L/S3061L03.jpg,06/2L/S3062L06.jpg,data/features/daugman_strict_v3/gabor_codes/06__1L__S3061L03.jpg.npz,data/features/daugman_strict_v3/gabor_codes/06__2L__S3062L06.jpg.npz,6,6,F06_T1,F06_T2,F06_T1_L,F06_T2_L,1,2,L,L,twin_same_eye,0,1,0,True,0.4192463533225283,8,24680,,"S3061L03,S3062L06",filtered_from_final_matching_results
403,61,71,06/1L/S3061L03.jpg,06/2L/S3062L07.jpg,data/features/daugman_strict_v3/gabor_codes/06__1L__S3061L03.jpg.npz,data/features/daugman_strict_v3/gabor_codes/06__2L__S3062L07.jpg.npz,6,6,F06_T1,F06_T2,F06_T1_L,F06_T2_L,1,2,L,L,twin_same_eye,0,1,0,True,0.4271978021978022,8,24024,,"S3061L03,S3062L07",filtered_from_final_matching_results
405,61,73,06/1L/S3061L03.jpg,06/2R/S3062R02.jpg,data/features/daugman_strict_v3/gabor_codes/06__1L__S3061L03.jpg.npz,data/features/daugman_strict_v3/gabor_codes/06__2R__S3062R02.jpg.npz,6,6,F06_T1,F06_T2,F06_T1_L,F06_T2_R,1,2,L,R,twin_cross_eye,0,1,0,True,0.4201,14,20000,,"S3061L03,S3062R02",filtered_from_final_matching_results
406,61,74,06/1L/S3061L03.jpg,06/2R/S3062R07.jpg,data/features/daugman_strict_v3/gabor_codes/06__1L__S3061L03.jpg.npz,data/features/daugman_strict_v3/gabor_codes/06__2R__S3062R07.jpg.npz,6,6,F06_T1,F06_T2,F06_T1_L,F06_T2_R,1,2,L,R,twin_cross_eye,0,1,0,True,0.4234625668449198,0,23936,,"S3061L03,S3062R07",filtered_from_final_matching_results
407,61,75,06/1L/S3061L03.jpg,06/2R/S3062R08.jpg,data/features/daugman_strict_v3/gabor_codes/06__1L__S3061L03.jpg.npz,data/features/daugman_strict_v3/gabor_codes/06__2R__S3062R08.jpg.npz,6,6,F06_T1,F06_T2,F06_T1_L,F06_T2_R,1,2,L,R,twin_cross_eye,0,1,0,True,0.4496117488183659,-6,23696,,"S3061L03,S3062R08",filtered_from_final_matching_results
408,61,76,06/1L/S3061L03.jpg,06/2R/S3062R09.jpg,data/features/daugman_strict_v3/gabor_codes/06__1L__S3061L03.jpg.npz,data/features/daugman_strict_v3/gabor_codes/06__2R__S3062R09.jpg.npz,6,6,F06_T1,F06_T2,F06_T1_L,F06_T2_R,1,2,L,R,twin_cross_eye,0,1,0,True,0.4401869158878504,12,21400,,"S3061L03,S3062R09",filtered_from_final_matching_results
409,61,77,06/1L/S3061L03.jpg,06/2R/S3062R10.jpg,data/features/daugman_strict_v3/gabor_codes/06__1L__S3061L03.jpg.npz,data/features/daugman_strict_v3/gabor_codes/06__2R__S3062R10.jpg.npz,6,6,F06_T1,F06_T2,F06_T1_L,F06_T2_R,1,2,L,R,twin_cross_eye,0,1,0,True,0.4314537214572076,6,22948,,"S3061L03,S3062R10",filtered_from_final_matching_results
410,62,63,06/1R/S3061R01.jpg,06/1R/S3061R04.jpg,data/features/daugman_strict_v3/gabor_codes/06__1R__S3061R01.jpg.npz,data/features/daugman_strict_v3/gabor_codes/06__1R__S3061R04.jpg.npz,6,6,F06_T1,F06_T1,F06_T1_R,F06_T1_R,1,1,R,R,genuine,1,0,0,True,0.3386839304717985,0,22552,,"S3061R01,S3061R04",filtered_from_final_matching_results
411,62,64,06/1R/S3061R01.jpg,06/1R/S3061R07.jpg,data/features/daugman_strict_v3/gabor_codes/06__1R__S3061R01.jpg.npz,data/features/daugman_strict_v3/gabor_codes/06__1R__S3061R07.jpg.npz,6,6,F06_T1,F06_T1,F06_T1_R,F06_T1_R,1,1,R,R,genuine,1,0,0,True,0.4150852052672347,0,20656,,"S3061R01,S3061R07",filtered_from_final_matching_results
412,62,65,06/1R/S3061R01.jpg,06/1R/S3061R08.jpg,data/features/daugman_strict_v3/gabor_codes/06__1R__S3061R01.jpg.npz,data/features/daugman_strict_v3/gabor_codes/06__1R__S3061R08.jpg.npz,6,6,F06_T1,F06_T1,F06_T1_R,F06_T1_R,1,1,R,R,genuine,1,0,0,True,0.3776771806853582,0,20544,,"S3061R01,S3061R08",filtered_from_final_matching_results
414,62,67,06/1R/S3061R01.jpg,06/2L/S3062L03.jpg,data/features/daugman_strict_v3/gabor_codes/06__1R__S3061R01.jpg.npz,data/features/daugman_strict_v3/gabor_codes/06__2L__S3062L03.jpg.npz,6,6,F06_T1,F06_T2,F06_T1_R,F06_T2_L,1,2,R,L,twin_cross_eye,0,1,0,True,0.4369618120554099,12,21368,,"S3061R01,S3062L03",filtered_from_final_matching_results
415,62,68,06/1R/S3061R01.jpg,06/2L/S3062L04.jpg,data/features/daugman_strict_v3/gabor_codes/06__1R__S3061R01.jpg.npz,data/features/daugman_strict_v3/gabor_codes/06__2L__S3062L04.jpg.npz,6,6,F06_T1,F06_T2,F06_T1_R,F06_T2_L,1,2,R,L,twin_cross_eye,0,1,0,True,0.4718149395680602,-12,20188,,"S3061R01,S3062L04",filtered_from_final_matching_results
416,62,69,06/1R/S3061R01.jpg,06/2L/S3062L05.jpg,data/features/daugman_strict_v3/gabor_codes/06__1R__S3061R01.jpg.npz,data/features/daugman_strict_v3/gabor_codes/06__2L__S3062L05.jpg.npz,6,6,F06_T1,F06_T2,F06_T1_R,F06_T2_L,1,2,R,L,twin_cross_eye,0,1,0,True,0.4240770146883684,-14,20152,,"S3061R01,S3062L05",filtered_from_final_matching_results
417,62,70,06/1R/S3061R01.jpg,06/2L/S3062L06.jpg,data/features/daugman_strict_v3/gabor_codes/06__1R__S3061R01.jpg.npz,data/features/daugman_strict_v3/gabor_codes/06__2L__S3062L06.jpg.npz,6,6,F06_T1,F06_T2,F06_T1_R,F06_T2_L,1,2,R,L,twin_cross_eye,0,1,0,True,0.4531640700134641,-14,20796,,"S3061R01,S3062L06",filtered_from_final_matching_results
418,62,71,06/1R/S3061R01.jpg,06/2L/S3062L07.jpg,data/features/daugman_strict_v3/gabor_codes/06__1R__S3061R01.jpg.npz,data/features/daugman_strict_v3/gabor_codes/06__2L__S3062L07.jpg.npz,6,6,F06_T1,F06_T2,F06_T1_R,F06_T2_L,1,2,R,L,twin_cross_eye,0,1,0,True,0.4317759613598365,-12,21532,,"S3061R01,S3062L07",filtered_from_final_matching_results
420,62,73,06/1R/S3061R01.jpg,06/2R/S3062R02.jpg,data/features/daugman_strict_v3/gabor_codes/06__1R__S3061R01.jpg.npz,data/features/daugman_strict_v3/gabor_codes/06__2R__S3062R02.jpg.npz,6,6,F06_T1,F06_T2,F06_T1_R,F06_T2_R,1,2,R,R,twin_same_eye,0,1,0,True,0.437584803256445,0,23584,,"S3061R01,S3062R02",filtered_from_final_matching_results
421,62,74,06/1R/S3061R01.jpg,06/2R/S3062R07.jpg,data/features/daugman_strict_v3/gabor_codes/06__1R__S3061R01.jpg.npz,data/features/daugman_strict_v3/gabor_codes/06__2R__S3062R07.jpg.npz,6,6,F06_T1,F06_T2,F06_T1_R,F06_T2_R,1,2,R,R,twin_same_eye,0,1,0,True,0.4143847955323365,2,22204,,"S3061R01,S3062R07",filtered_from_final_matching_results
422,62,75,06/1R/S3061R01.jpg,06/2R/S3062R08.jpg,data/features/daugman_strict_v3/gabor_codes/06__1R__S3061R01.jpg.npz,data/features/daugman_strict_v3/gabor_codes/06__2R__S3062R08.jpg.npz,6,6,F06_T1,F06_T2,F06_T1_R,F06_T2_R,1,2,R,R,twin_same_eye,0,1,0,True,0.462748504149778,-12,20724,,"S3061R01,S3062R08",filtered_from_final_matching_results
423,62,76,06/1R/S3061R01.jpg,06/2R/S3062R09.jpg,data/features/daugman_strict_v3/gabor_codes/06__1R__S3061R01.jpg.npz,data/features/daugman_strict_v3/gabor_codes/06__2R__S3062R09.jpg.npz,6,6,F06_T1,F06_T2,F06_T1_R,F06_T2_R,1,2,R,R,twin_same_eye,0,1,0,True,0.4463131313131313,-16,19800,,"S3061R01,S3062R09",filtered_from_final_matching_results
424,62,77,06/1R/S3061R01.jpg,06/2R/S3062R10.jpg,data/features/daugman_strict_v3/gabor_codes/06__1R__S3061R01.jpg.npz,data/features/daugman_strict_v3/gabor_codes/06__2R__S3062R10.jpg.npz,6,6,F06_T1,F06_T2,F06_T1_R,F06_T2_R,1,2,R,R,twin_same_eye,0,1,0,True,0.445191783312125,-8,22004,,"S3061R01,S3062R10",filtered_from_final_matching_results
425,63,64,06/1R/S3061R04.jpg,06/1R/S3061R07.jpg,data/features/daugman_strict_v3/gabor_codes/06__1R__S3061R04.jpg.npz,data/features/daugman_strict_v3/gabor_codes/06__1R__S3061R07.jpg.npz,6,6,F06_T1,F06_T1,F06_T1_R,F06_T1_R,1,1,R,R,genuine,1,0,0,True,0.4253914785142025,-6,21968,,"S3061R04,S3061R07",filtered_from_final_matching_results
426,63,65,06/1R/S3061R04.jpg,06/1R/S3061R08.jpg,data/features/daugman_strict_v3/gabor_codes/06__1R__S3061R04.jpg.npz,data/features/daugman_strict_v3/gabor_codes/06__1R__S3061R08.jpg.npz,6,6,F06_T1,F06_T1,F06_T1_R,F06_T1_R,1,1,R,R,genuine,1,0,0,True,0.425789182204172,0,21668,,"S3061R04,S3061R08",filtered_from_final_matching_results
428,63,67,06/1R/S3061R04.jpg,06/2L/S3062L03.jpg,data/features/daugman_strict_v3/gabor_codes/06__1R__S3061R04.jpg.npz,data/features/daugman_strict_v3/gabor_codes/06__2L__S3062L03.jpg.npz,6,6,F06_T1,F06_T2,F06_T1_R,F06_T2_L,1,2,R,L,twin_cross_eye,0,1,0,True,0.4511968825385044,16,21556,,"S3061R04,S3062L03",filtered_from_final_matching_results
429,63,68,06/1R/S3061R04.jpg,06/2L/S3062L04.jpg,data/features/daugman_strict_v3/gabor_codes/06__1R__S3061R04.jpg.npz,data/features/daugman_strict_v3/gabor_codes/06__2L__S3062L04.jpg.npz,6,6,F06_T1,F06_T2,F06_T1_R,F06_T2_L,1,2,R,L,twin_cross_eye,0,1,0,True,0.4535038046363475,14,22604,,"S3061R04,S3062L04",filtered_from_final_matching_results
430,63,69,06/1R/S3061R04.jpg,06/2L/S3062L05.jpg,data/features/daugman_strict_v3/gabor_codes/06__1R__S3061R04.jpg.npz,data/features/daugman_strict_v3/gabor_codes/06__2L__S3062L05.jpg.npz,6,6,F06_T1,F06_T2,F06_T1_R,F06_T2_L,1,2,R,L,twin_cross_eye,0,1,0,True,0.4226387197773525,10,22996,,"S3061R04,S3062L05",filtered_from_final_matching_results
431,63,70,06/1R/S3061R04.jpg,06/2L/S3062L06.jpg,data/features/daugman_strict_v3/gabor_codes/06__1R__S3061R04.jpg.npz,data/features/daugman_strict_v3/gabor_codes/06__2L__S3062L06.jpg.npz,6,6,F06_T1,F06_T2,F06_T1_R,F06_T2_L,1,2,R,L,twin_cross_eye,0,1,0,True,0.4496040626613875,14,23236,,"S3061R04,S3062L06",filtered_from_final_matching_results
432,63,71,06/1R/S3061R04.jpg,06/2L/S3062L07.jpg,data/features/daugman_strict_v3/gabor_codes/06__1R__S3061R04.jpg.npz,data/features/daugman_strict_v3/gabor_codes/06__2L__S3062L07.jpg.npz,6,6,F06_T1,F06_T2,F06_T1_R,F06_T2_L,1,2,R,L,twin_cross_eye,0,1,0,True,0.4506121773659828,8,24176,,"S3061R04,S3062L07",filtered_from_final_matching_results
434,63,73,06/1R/S3061R04.jpg,06/2R/S3062R02.jpg,data/features/daugman_strict_v3/gabor_codes/06__1R__S3061R04.jpg.npz,data/features/daugman_strict_v3/gabor_codes/06__2R__S3062R02.jpg.npz,6,6,F06_T1,F06_T2,F06_T1_R,F06_T2_R,1,2,R,R,twin_same_eye,0,1,0,True,0.4064217891054473,2,24012,,"S3061R04,S3062R02",filtered_from_final_matching_results
435,63,74,06/1R/S3061R04.jpg,06/2R/S3062R07.jpg,data/features/daugman_strict_v3/gabor_codes/06__1R__S3061R04.jpg.npz,data/features/daugman_strict_v3/gabor_codes/06__2R__S3062R07.jpg.npz,6,6,F06_T1,F06_T2,F06_T1_R,F06_T2_R,1,2,R,R,twin_same_eye,0,1,0,True,0.4244230041619372,12,21144,,"S3061R04,S3062R07",filtered_from_final_matching_results
436,63,75,06/1R/S3061R04.jpg,06/2R/S3062R08.jpg,data/features/daugman_strict_v3/gabor_codes/06__1R__S3061R04.jpg.npz,data/features/daugman_strict_v3/gabor_codes/06__2R__S3062R08.jpg.npz,6,6,F06_T1,F06_T2,F06_T1_R,F06_T2_R,1,2,R,R,twin_same_eye,0,1,0,True,0.4168759417378201,0,23892,,"S3061R04,S3062R08",filtered_from_final_matching_results
437,63,76,06/1R/S3061R04.jpg,06/2R/S3062R09.jpg,data/features/daugman_strict_v3/gabor_codes/06__1R__S3061R04.jpg.npz,data/features/daugman_strict_v3/gabor_codes/06__2R__S3062R09.jpg.npz,6,6,F06_T1,F06_T2,F06_T1_R,F06_T2_R,1,2,R,R,twin_same_eye,0,1,0,True,0.4435904116727462,8,23028,,"S3061R04,S3062R09",filtered_from_final_matching_results
438,63,77,06/1R/S3061R04.jpg,06/2R/S3062R10.jpg,data/features/daugman_strict_v3/gabor_codes/06__1R__S3061R04.jpg.npz,data/features/daugman_strict_v3/gabor_codes/06__2R__S3062R10.jpg.npz,6,6,F06_T1,F06_T2,F06_T1_R,F06_T2_R,1,2,R,R,twin_same_eye,0,1,0,True,0.4428813559322034,4,23600,,"S3061R04,S3062R10",filtered_from_final_matching_results
439,64,65,06/1R/S3061R07.jpg,06/1R/S3061R08.jpg,data/features/daugman_strict_v3/gabor_codes/06__1R__S3061R07.jpg.npz,data/features/daugman_strict_v3/gabor_codes/06__1R__S3061R08.jpg.npz,6,6,F06_T1,F06_T1,F06_T1_R,F06_T1_R,1,1,R,R,genuine,1,0,0,True,0.2962083183936895,0,22312,,"S3061R07,S3061R08",filtered_from_final_matching_results
441,64,67,06/1R/S3061R07.jpg,06/2L/S3062L03.jpg,data/features/daugman_strict_v3/gabor_codes/06__1R__S3061R07.jpg.npz,data/features/daugman_strict_v3/gabor_codes/06__2L__S3062L03.jpg.npz,6,6,F06_T1,F06_T2,F06_T1_R,F06_T2_L,1,2,R,L,twin_cross_eye,0,1,0,True,0.4632184918263315,2,22756,,"S3061R07,S3062L03",filtered_from_final_matching_results
442,64,68,06/1R/S3061R07.jpg,06/2L/S3062L04.jpg,data/features/daugman_strict_v3/gabor_codes/06__1R__S3061R07.jpg.npz,data/features/daugman_strict_v3/gabor_codes/06__2L__S3062L04.jpg.npz,6,6,F06_T1,F06_T2,F06_T1_R,F06_T2_L,1,2,R,L,twin_cross_eye,0,1,0,True,0.4925696012039127,-6,21264,,"S3061R07,S3062L04",filtered_from_final_matching_results
443,64,69,06/1R/S3061R07.jpg,06/2L/S3062L05.jpg,data/features/daugman_strict_v3/gabor_codes/06__1R__S3061R07.jpg.npz,data/features/daugman_strict_v3/gabor_codes/06__2L__S3062L05.jpg.npz,6,6,F06_T1,F06_T2,F06_T1_R,F06_T2_L,1,2,R,L,twin_cross_eye,0,1,0,True,0.4780968077723803,0,23056,,"S3061R07,S3062L05",filtered_from_final_matching_results
444,64,70,06/1R/S3061R07.jpg,06/2L/S3062L06.jpg,data/features/daugman_strict_v3/gabor_codes/06__1R__S3061R07.jpg.npz,data/features/daugman_strict_v3/gabor_codes/06__2L__S3062L06.jpg.npz,6,6,F06_T1,F06_T2,F06_T1_R,F06_T2_L,1,2,R,L,twin_cross_eye,0,1,0,True,0.4710283189395461,-16,19916,,"S3061R07,S3062L06",filtered_from_final_matching_results
445,64,71,06/1R/S3061R07.jpg,06/2L/S3062L07.jpg,data/features/daugman_strict_v3/gabor_codes/06__1R__S3061R07.jpg.npz,data/features/daugman_strict_v3/gabor_codes/06__2L__S3062L07.jpg.npz,6,6,F06_T1,F06_T2,F06_T1_R,F06_T2_L,1,2,R,L,twin_cross_eye,0,1,0,True,0.4438882532418001,16,20976,,"S3061R07,S3062L07",filtered_from_final_matching_results
447,64,73,06/1R/S3061R07.jpg,06/2R/S3062R02.jpg,data/features/daugman_strict_v3/gabor_codes/06__1R__S3061R07.jpg.npz,data/features/daugman_strict_v3/gabor_codes/06__2R__S3062R02.jpg.npz,6,6,F06_T1,F06_T2,F06_T1_R,F06_T2_R,1,2,R,R,twin_same_eye,0,1,0,True,0.4629311987802554,-10,20988,,"S3061R07,S3062R02",filtered_from_final_matching_results
448,64,74,06/1R/S3061R07.jpg,06/2R/S3062R07.jpg,data/features/daugman_strict_v3/gabor_codes/06__1R__S3061R07.jpg.npz,data/features/daugman_strict_v3/gabor_codes/06__2R__S3062R07.jpg.npz,6,6,F06_T1,F06_T2,F06_T1_R,F06_T2_R,1,2,R,R,twin_same_eye,0,1,0,True,0.4424407114624506,12,20240,,"S3061R07,S3062R07",filtered_from_final_matching_results
449,64,75,06/1R/S3061R07.jpg,06/2R/S3062R08.jpg,data/features/daugman_strict_v3/gabor_codes/06__1R__S3061R07.jpg.npz,data/features/daugman_strict_v3/gabor_codes/06__2R__S3062R08.jpg.npz,6,6,F06_T1,F06_T2,F06_T1_R,F06_T2_R,1,2,R,R,twin_same_eye,0,1,0,True,0.4496260905691732,16,19256,,"S3061R07,S3062R08",filtered_from_final_matching_results
450,64,76,06/1R/S3061R07.jpg,06/2R/S3062R09.jpg,data/features/daugman_strict_v3/gabor_codes/06__1R__S3061R07.jpg.npz,data/features/daugman_strict_v3/gabor_codes/06__2R__S3062R09.jpg.npz,6,6,F06_T1,F06_T2,F06_T1_R,F06_T2_R,1,2,R,R,twin_same_eye,0,1,0,True,0.4248017083587553,-16,19668,,"S3061R07,S3062R09",filtered_from_final_matching_results
451,64,77,06/1R/S3061R07.jpg,06/2R/S3062R10.jpg,data/features/daugman_strict_v3/gabor_codes/06__1R__S3061R07.jpg.npz,data/features/daugman_strict_v3/gabor_codes/06__2R__S3062R10.jpg.npz,6,6,F06_T1,F06_T2,F06_T1_R,F06_T2_R,1,2,R,R,twin_same_eye,0,1,0,True,0.4299428909019299,-12,20312,,"S3061R07,S3062R10",filtered_from_final_matching_results
453,65,67,06/1R/S3061R08.jpg,06/2L/S3062L03.jpg,data/features/daugman_strict_v3/gabor_codes/06__1R__S3061R08.jpg.npz,data/features/daugman_strict_v3/gabor_codes/06__2L__S3062L03.jpg.npz,6,6,F06_T1,F06_T2,F06_T1_R,F06_T2_L,1,2,R,L,twin_cross_eye,0,1,0,True,0.5059591373439274,8,21144,,"S3061R08,S3062L03",filtered_from_final_matching_results
454,65,68,06/1R/S3061R08.jpg,06/2L/S3062L04.jpg,data/features/daugman_strict_v3/gabor_codes/06__1R__S3061R08.jpg.npz,data/features/daugman_strict_v3/gabor_codes/06__2L__S3062L04.jpg.npz,6,6,F06_T1,F06_T2,F06_T1_R,F06_T2_L,1,2,R,L,twin_cross_eye,0,1,0,True,0.5156046814044213,2,21532,,"S3061R08,S3062L04",filtered_from_final_matching_results
455,65,69,06/1R/S3061R08.jpg,06/2L/S3062L05.jpg,data/features/daugman_strict_v3/gabor_codes/06__1R__S3061R08.jpg.npz,data/features/daugman_strict_v3/gabor_codes/06__2L__S3062L05.jpg.npz,6,6,F06_T1,F06_T2,F06_T1_R,F06_T2_L,1,2,R,L,twin_cross_eye,0,1,0,True,0.4837908614773343,0,22148,,"S3061R08,S3062L05",filtered_from_final_matching_results
456,65,70,06/1R/S3061R08.jpg,06/2L/S3062L06.jpg,data/features/daugman_strict_v3/gabor_codes/06__1R__S3061R08.jpg.npz,data/features/daugman_strict_v3/gabor_codes/06__2L__S3062L06.jpg.npz,6,6,F06_T1,F06_T2,F06_T1_R,F06_T2_L,1,2,R,L,twin_cross_eye,0,1,0,True,0.4924447686536056,-16,19192,,"S3061R08,S3062L06",filtered_from_final_matching_results
457,65,71,06/1R/S3061R08.jpg,06/2L/S3062L07.jpg,data/features/daugman_strict_v3/gabor_codes/06__1R__S3061R08.jpg.npz,data/features/daugman_strict_v3/gabor_codes/06__2L__S3062L07.jpg.npz,6,6,F06_T1,F06_T2,F06_T1_R,F06_T2_L,1,2,R,L,twin_cross_eye,0,1,0,True,0.45028067361668,16,19952,,"S3061R08,S3062L07",filtered_from_final_matching_results
459,65,73,06/1R/S3061R08.jpg,06/2R/S3062R02.jpg,data/features/daugman_strict_v3/gabor_codes/06__1R__S3061R08.jpg.npz,data/features/daugman_strict_v3/gabor_codes/06__2R__S3062R02.jpg.npz,6,6,F06_T1,F06_T2,F06_T1_R,F06_T2_R,1,2,R,R,twin_same_eye,0,1,0,True,0.460742444152431,16,18264,,"S3061R08,S3062R02",filtered_from_final_matching_results
460,65,74,06/1R/S3061R08.jpg,06/2R/S3062R07.jpg,data/features/daugman_strict_v3/gabor_codes/06__1R__S3061R08.jpg.npz,data/features/daugman_strict_v3/gabor_codes/06__2R__S3062R07.jpg.npz,6,6,F06_T1,F06_T2,F06_T1_R,F06_T2_R,1,2,R,R,twin_same_eye,0,1,0,True,0.4344565821144232,0,21604,,"S3061R08,S3062R07",filtered_from_final_matching_results
461,65,75,06/1R/S3061R08.jpg,06/2R/S3062R08.jpg,data/features/daugman_strict_v3/gabor_codes/06__1R__S3061R08.jpg.npz,data/features/daugman_strict_v3/gabor_codes/06__2R__S3062R08.jpg.npz,6,6,F06_T1,F06_T2,F06_T1_R,F06_T2_R,1,2,R,R,twin_same_eye,0,1,0,True,0.4412647254945543,16,17996,,"S3061R08,S3062R08",filtered_from_final_matching_results
462,65,76,06/1R/S3061R08.jpg,06/2R/S3062R09.jpg,data/features/daugman_strict_v3/gabor_codes/06__1R__S3061R08.jpg.npz,data/features/daugman_strict_v3/gabor_codes/06__2R__S3062R09.jpg.npz,6,6,F06_T1,F06_T2,F06_T1_R,F06_T2_R,1,2,R,R,twin_same_eye,0,1,0,True,0.404833836858006,0,22508,,"S3061R08,S3062R09",filtered_from_final_matching_results
463,65,77,06/1R/S3061R08.jpg,06/2R/S3062R10.jpg,data/features/daugman_strict_v3/gabor_codes/06__1R__S3061R08.jpg.npz,data/features/daugman_strict_v3/gabor_codes/06__2R__S3062R10.jpg.npz,6,6,F06_T1,F06_T2,F06_T1_R,F06_T2_R,1,2,R,R,twin_same_eye,0,1,0,True,0.4406642728904847,0,22280,,"S3061R08,S3062R10",filtered_from_final_matching_results
475,67,68,06/2L/S3062L03.jpg,06/2L/S3062L04.jpg,data/features/daugman_strict_v3/gabor_codes/06__2L__S3062L03.jpg.npz,data/features/daugman_strict_v3/gabor_codes/06__2L__S3062L04.jpg.npz,6,6,F06_T2,F06_T2,F06_T2_L,F06_T2_L,2,2,L,L,genuine,1,0,0,True,0.3523170541426119,4,25636,,"S3062L03,S3062L04",filtered_from_final_matching_results
476,67,69,06/2L/S3062L03.jpg,06/2L/S3062L05.jpg,data/features/daugman_strict_v3/gabor_codes/06__2L__S3062L03.jpg.npz,data/features/daugman_strict_v3/gabor_codes/06__2L__S3062L05.jpg.npz,6,6,F06_T2,F06_T2,F06_T2_L,F06_T2_L,2,2,L,L,genuine,1,0,0,True,0.3497163755784445,0,26796,,"S3062L03,S3062L05",filtered_from_final_matching_results
477,67,70,06/2L/S3062L03.jpg,06/2L/S3062L06.jpg,data/features/daugman_strict_v3/gabor_codes/06__2L__S3062L03.jpg.npz,data/features/daugman_strict_v3/gabor_codes/06__2L__S3062L06.jpg.npz,6,6,F06_T2,F06_T2,F06_T2_L,F06_T2_L,2,2,L,L,genuine,1,0,0,True,0.354688618468146,0,27940,,"S3062L03,S3062L06",filtered_from_final_matching_results
478,67,71,06/2L/S3062L03.jpg,06/2L/S3062L07.jpg,data/features/daugman_strict_v3/gabor_codes/06__2L__S3062L03.jpg.npz,data/features/daugman_strict_v3/gabor_codes/06__2L__S3062L07.jpg.npz,6,6,F06_T2,F06_T2,F06_T2_L,F06_T2_L,2,2,L,L,genuine,1,0,0,True,0.4050415876258573,0,27412,,"S3062L03,S3062L07",filtered_from_final_matching_results
480,67,73,06/2L/S3062L03.jpg,06/2R/S3062R02.jpg,data/features/daugman_strict_v3/gabor_codes/06__2L__S3062L03.jpg.npz,data/features/daugman_strict_v3/gabor_codes/06__2R__S3062R02.jpg.npz,6,6,F06_T2,F06_T2,F06_T2_L,F06_T2_R,2,2,L,R,same_subject_different_eye,0,0,0,True,0.4469670559525884,10,22948,,"S3062L03,S3062R02",filtered_from_final_matching_results
481,67,74,06/2L/S3062L03.jpg,06/2R/S3062R07.jpg,data/features/daugman_strict_v3/gabor_codes/06__2L__S3062L03.jpg.npz,data/features/daugman_strict_v3/gabor_codes/06__2R__S3062R07.jpg.npz,6,6,F06_T2,F06_T2,F06_T2_L,F06_T2_R,2,2,L,R,same_subject_different_eye,0,0,0,True,0.4286924723510524,12,22424,,"S3062L03,S3062R07",filtered_from_final_matching_results
482,67,75,06/2L/S3062L03.jpg,06/2R/S3062R08.jpg,data/features/daugman_strict_v3/gabor_codes/06__2L__S3062L03.jpg.npz,data/features/daugman_strict_v3/gabor_codes/06__2R__S3062R08.jpg.npz,6,6,F06_T2,F06_T2,F06_T2_L,F06_T2_R,2,2,L,R,same_subject_different_eye,0,0,0,True,0.4374609618988132,0,25616,,"S3062L03,S3062R08",filtered_from_final_matching_results
483,67,76,06/2L/S3062L03.jpg,06/2R/S3062R09.jpg,data/features/daugman_strict_v3/gabor_codes/06__2L__S3062L03.jpg.npz,data/features/daugman_strict_v3/gabor_codes/06__2R__S3062R09.jpg.npz,6,6,F06_T2,F06_T2,F06_T2_L,F06_T2_R,2,2,L,R,same_subject_different_eye,0,0,0,True,0.4794889293296936,0,26376,,"S3062L03,S3062R09",filtered_from_final_matching_results
484,67,77,06/2L/S3062L03.jpg,06/2R/S3062R10.jpg,data/features/daugman_strict_v3/gabor_codes/06__2L__S3062L03.jpg.npz,data/features/daugman_strict_v3/gabor_codes/06__2R__S3062R10.jpg.npz,6,6,F06_T2,F06_T2,F06_T2_L,F06_T2_R,2,2,L,R,same_subject_different_eye,0,0,0,True,0.468402841012566,16,21964,,"S3062L03,S3062R10",filtered_from_final_matching_results
485,68,69,06/2L/S3062L04.jpg,06/2L/S3062L05.jpg,data/features/daugman_strict_v3/gabor_codes/06__2L__S3062L04.jpg.npz,data/features/daugman_strict_v3/gabor_codes/06__2L__S3062L05.jpg.npz,6,6,F06_T2,F06_T2,F06_T2_L,F06_T2_L,2,2,L,L,genuine,1,0,0,True,0.2895965070761819,-2,26568,,"S3062L04,S3062L05",filtered_from_final_matching_results
486,68,70,06/2L/S3062L04.jpg,06/2L/S3062L06.jpg,data/features/daugman_strict_v3/gabor_codes/06__2L__S3062L04.jpg.npz,data/features/daugman_strict_v3/gabor_codes/06__2L__S3062L06.jpg.npz,6,6,F06_T2,F06_T2,F06_T2_L,F06_T2_L,2,2,L,L,genuine,1,0,0,True,0.3377784290738569,-2,27296,,"S3062L04,S3062L06",filtered_from_final_matching_results
487,68,71,06/2L/S3062L04.jpg,06/2L/S3062L07.jpg,data/features/daugman_strict_v3/gabor_codes/06__2L__S3062L04.jpg.npz,data/features/daugman_strict_v3/gabor_codes/06__2L__S3062L07.jpg.npz,6,6,F06_T2,F06_T2,F06_T2_L,F06_T2_L,2,2,L,L,genuine,1,0,0,True,0.3350887752031297,-6,26584,,"S3062L04,S3062L07",filtered_from_final_matching_results
489,68,73,06/2L/S3062L04.jpg,06/2R/S3062R02.jpg,data/features/daugman_strict_v3/gabor_codes/06__2L__S3062L04.jpg.npz,data/features/daugman_strict_v3/gabor_codes/06__2R__S3062R02.jpg.npz,6,6,F06_T2,F06_T2,F06_T2_L,F06_T2_R,2,2,L,R,same_subject_different_eye,0,0,0,True,0.4325260996063665,-16,23372,,"S3062L04,S3062R02",filtered_from_final_matching_results
490,68,74,06/2L/S3062L04.jpg,06/2R/S3062R07.jpg,data/features/daugman_strict_v3/gabor_codes/06__2L__S3062L04.jpg.npz,data/features/daugman_strict_v3/gabor_codes/06__2R__S3062R07.jpg.npz,6,6,F06_T2,F06_T2,F06_T2_L,F06_T2_R,2,2,L,R,same_subject_different_eye,0,0,0,True,0.4439469914040114,12,22336,,"S3062L04,S3062R07",filtered_from_final_matching_results
491,68,75,06/2L/S3062L04.jpg,06/2R/S3062R08.jpg,data/features/daugman_strict_v3/gabor_codes/06__2L__S3062L04.jpg.npz,data/features/daugman_strict_v3/gabor_codes/06__2R__S3062R08.jpg.npz,6,6,F06_T2,F06_T2,F06_T2_L,F06_T2_R,2,2,L,R,same_subject_different_eye,0,0,0,True,0.4512981777132721,-2,24804,,"S3062L04,S3062R08",filtered_from_final_matching_results
492,68,76,06/2L/S3062L04.jpg,06/2R/S3062R09.jpg,data/features/daugman_strict_v3/gabor_codes/06__2L__S3062L04.jpg.npz,data/features/daugman_strict_v3/gabor_codes/06__2R__S3062R09.jpg.npz,6,6,F06_T2,F06_T2,F06_T2_L,F06_T2_R,2,2,L,R,same_subject_different_eye,0,0,0,True,0.4559474849731098,-4,25288,,"S3062L04,S3062R09",filtered_from_final_matching_results
493,68,77,06/2L/S3062L04.jpg,06/2R/S3062R10.jpg,data/features/daugman_strict_v3/gabor_codes/06__2L__S3062L04.jpg.npz,data/features/daugman_strict_v3/gabor_codes/06__2R__S3062R10.jpg.npz,6,6,F06_T2,F06_T2,F06_T2_L,F06_T2_R,2,2,L,R,same_subject_different_eye,0,0,0,True,0.4361850679575498,16,21484,,"S3062L04,S3062R10",filtered_from_final_matching_results
494,69,70,06/2L/S3062L05.jpg,06/2L/S3062L06.jpg,data/features/daugman_strict_v3/gabor_codes/06__2L__S3062L05.jpg.npz,data/features/daugman_strict_v3/gabor_codes/06__2L__S3062L06.jpg.npz,6,6,F06_T2,F06_T2,F06_T2_L,F06_T2_L,2,2,L,L,genuine,1,0,0,True,0.3292568542568542,-2,27720,,"S3062L05,S3062L06",filtered_from_final_matching_results
495,69,71,06/2L/S3062L05.jpg,06/2L/S3062L07.jpg,data/features/daugman_strict_v3/gabor_codes/06__2L__S3062L05.jpg.npz,data/features/daugman_strict_v3/gabor_codes/06__2L__S3062L07.jpg.npz,6,6,F06_T2,F06_T2,F06_T2_L,F06_T2_L,2,2,L,L,genuine,1,0,0,True,0.3404380420402763,-4,27212,,"S3062L05,S3062L07",filtered_from_final_matching_results
497,69,73,06/2L/S3062L05.jpg,06/2R/S3062R02.jpg,data/features/daugman_strict_v3/gabor_codes/06__2L__S3062L05.jpg.npz,data/features/daugman_strict_v3/gabor_codes/06__2R__S3062R02.jpg.npz,6,6,F06_T2,F06_T2,F06_T2_L,F06_T2_R,2,2,L,R,same_subject_different_eye,0,0,0,True,0.4021206488678607,-16,23672,,"S3062L05,S3062R02",filtered_from_final_matching_results
498,69,74,06/2L/S3062L05.jpg,06/2R/S3062R07.jpg,data/features/daugman_strict_v3/gabor_codes/06__2L__S3062L05.jpg.npz,data/features/daugman_strict_v3/gabor_codes/06__2R__S3062R07.jpg.npz,6,6,F06_T2,F06_T2,F06_T2_L,F06_T2_R,2,2,L,R,same_subject_different_eye,0,0,0,True,0.4286613889888449,14,22232,,"S3062L05,S3062R07",filtered_from_final_matching_results
499,69,75,06/2L/S3062L05.jpg,06/2R/S3062R08.jpg,data/features/daugman_strict_v3/gabor_codes/06__2L__S3062L05.jpg.npz,data/features/daugman_strict_v3/gabor_codes/06__2R__S3062R08.jpg.npz,6,6,F06_T2,F06_T2,F06_T2_L,F06_T2_R,2,2,L,R,same_subject_different_eye,0,0,0,True,0.4554740495346269,0,25356,,"S3062L05,S3062R08",filtered_from_final_matching_results
500,69,76,06/2L/S3062L05.jpg,06/2R/S3062R09.jpg,data/features/daugman_strict_v3/gabor_codes/06__2L__S3062L05.jpg.npz,data/features/daugman_strict_v3/gabor_codes/06__2R__S3062R09.jpg.npz,6,6,F06_T2,F06_T2,F06_T2_L,F06_T2_R,2,2,L,R,same_subject_different_eye,0,0,0,True,0.4392548596112311,-2,25928,,"S3062L05,S3062R09",filtered_from_final_matching_results
501,69,77,06/2L/S3062L05.jpg,06/2R/S3062R10.jpg,data/features/daugman_strict_v3/gabor_codes/06__2L__S3062L05.jpg.npz,data/features/daugman_strict_v3/gabor_codes/06__2R__S3062R10.jpg.npz,6,6,F06_T2,F06_T2,F06_T2_L,F06_T2_R,2,2,L,R,same_subject_different_eye,0,0,0,True,0.4670539551169823,-6,25132,,"S3062L05,S3062R10",filtered_from_final_matching_results
502,70,71,06/2L/S3062L06.jpg,06/2L/S3062L07.jpg,data/features/daugman_strict_v3/gabor_codes/06__2L__S3062L06.jpg.npz,data/features/daugman_strict_v3/gabor_codes/06__2L__S3062L07.jpg.npz,6,6,F06_T2,F06_T2,F06_T2_L,F06_T2_L,2,2,L,L,genuine,1,0,0,True,0.3934691011235955,-2,28480,,"S3062L06,S3062L07",filtered_from_final_matching_results
504,70,73,06/2L/S3062L06.jpg,06/2R/S3062R02.jpg,data/features/daugman_strict_v3/gabor_codes/06__2L__S3062L06.jpg.npz,data/features/daugman_strict_v3/gabor_codes/06__2R__S3062R02.jpg.npz,6,6,F06_T2,F06_T2,F06_T2_L,F06_T2_R,2,2,L,R,same_subject_different_eye,0,0,0,True,0.4241674909330695,-16,24264,,"S3062L06,S3062R02",filtered_from_final_matching_results
505,70,74,06/2L/S3062L06.jpg,06/2R/S3062R07.jpg,data/features/daugman_strict_v3/gabor_codes/06__2L__S3062L06.jpg.npz,data/features/daugman_strict_v3/gabor_codes/06__2R__S3062R07.jpg.npz,6,6,F06_T2,F06_T2,F06_T2_L,F06_T2_R,2,2,L,R,same_subject_different_eye,0,0,0,True,0.4285589213797934,14,22844,,"S3062L06,S3062R07",filtered_from_final_matching_results
506,70,75,06/2L/S3062L06.jpg,06/2R/S3062R08.jpg,data/features/daugman_strict_v3/gabor_codes/06__2L__S3062L06.jpg.npz,data/features/daugman_strict_v3/gabor_codes/06__2R__S3062R08.jpg.npz,6,6,F06_T2,F06_T2,F06_T2_L,F06_T2_R,2,2,L,R,same_subject_different_eye,0,0,0,True,0.449931725079654,0,26364,,"S3062L06,S3062R08",filtered_from_final_matching_results
507,70,76,06/2L/S3062L06.jpg,06/2R/S3062R09.jpg,data/features/daugman_strict_v3/gabor_codes/06__2L__S3062L06.jpg.npz,data/features/daugman_strict_v3/gabor_codes/06__2R__S3062R09.jpg.npz,6,6,F06_T2,F06_T2,F06_T2_L,F06_T2_R,2,2,L,R,same_subject_different_eye,0,0,0,True,0.4336403831982314,-2,27140,,"S3062L06,S3062R09",filtered_from_final_matching_results
508,70,77,06/2L/S3062L06.jpg,06/2R/S3062R10.jpg,data/features/daugman_strict_v3/gabor_codes/06__2L__S3062L06.jpg.npz,data/features/daugman_strict_v3/gabor_codes/06__2R__S3062R10.jpg.npz,6,6,F06_T2,F06_T2,F06_T2_L,F06_T2_R,2,2,L,R,same_subject_different_eye,0,0,0,True,0.4209725315515961,-2,26940,,"S3062L06,S3062R10",filtered_from_final_matching_results
510,71,73,06/2L/S3062L07.jpg,06/2R/S3062R02.jpg,data/features/daugman_strict_v3/gabor_codes/06__2L__S3062L07.jpg.npz,data/features/daugman_strict_v3/gabor_codes/06__2R__S3062R02.jpg.npz,6,6,F06_T2,F06_T2,F06_T2_L,F06_T2_R,2,2,L,R,same_subject_different_eye,0,0,0,True,0.4061307251908397,-8,25152,,"S3062L07,S3062R02",filtered_from_final_matching_results
511,71,74,06/2L/S3062L07.jpg,06/2R/S3062R07.jpg,data/features/daugman_strict_v3/gabor_codes/06__2L__S3062L07.jpg.npz,data/features/daugman_strict_v3/gabor_codes/06__2R__S3062R07.jpg.npz,6,6,F06_T2,F06_T2,F06_T2_L,F06_T2_R,2,2,L,R,same_subject_different_eye,0,0,0,True,0.4315318818040435,0,25720,,"S3062L07,S3062R07",filtered_from_final_matching_results
512,71,75,06/2L/S3062L07.jpg,06/2R/S3062R08.jpg,data/features/daugman_strict_v3/gabor_codes/06__2L__S3062L07.jpg.npz,data/features/daugman_strict_v3/gabor_codes/06__2R__S3062R08.jpg.npz,6,6,F06_T2,F06_T2,F06_T2_L,F06_T2_R,2,2,L,R,same_subject_different_eye,0,0,0,True,0.4363116197183098,-16,22720,,"S3062L07,S3062R08",filtered_from_final_matching_results
513,71,76,06/2L/S3062L07.jpg,06/2R/S3062R09.jpg,data/features/daugman_strict_v3/gabor_codes/06__2L__S3062L07.jpg.npz,data/features/daugman_strict_v3/gabor_codes/06__2R__S3062R09.jpg.npz,6,6,F06_T2,F06_T2,F06_T2_L,F06_T2_R,2,2,L,R,same_subject_different_eye,0,0,0,True,0.4019165310048838,0,27028,,"S3062L07,S3062R09",filtered_from_final_matching_results
514,71,77,06/2L/S3062L07.jpg,06/2R/S3062R10.jpg,data/features/daugman_strict_v3/gabor_codes/06__2L__S3062L07.jpg.npz,data/features/daugman_strict_v3/gabor_codes/06__2R__S3062R10.jpg.npz,6,6,F06_T2,F06_T2,F06_T2_L,F06_T2_R,2,2,L,R,same_subject_different_eye,0,0,0,True,0.4318588691630613,0,26812,,"S3062L07,S3062R10",filtered_from_final_matching_results
520,73,74,06/2R/S3062R02.jpg,06/2R/S3062R07.jpg,data/features/daugman_strict_v3/gabor_codes/06__2R__S3062R02.jpg.npz,data/features/daugman_strict_v3/gabor_codes/06__2R__S3062R07.jpg.npz,6,6,F06_T2,F06_T2,F06_T2_R,F06_T2_R,2,2,R,R,genuine,1,0,0,True,0.4269420468557336,-8,22708,,"S3062R02,S3062R07",filtered_from_final_matching_results
521,73,75,06/2R/S3062R02.jpg,06/2R/S3062R08.jpg,data/features/daugman_strict_v3/gabor_codes/06__2R__S3062R02.jpg.npz,data/features/daugman_strict_v3/gabor_codes/06__2R__S3062R08.jpg.npz,6,6,F06_T2,F06_T2,F06_T2_R,F06_T2_R,2,2,R,R,genuine,1,0,0,True,0.370346285156885,-2,24604,,"S3062R02,S3062R08",filtered_from_final_matching_results
522,73,76,06/2R/S3062R02.jpg,06/2R/S3062R09.jpg,data/features/daugman_strict_v3/gabor_codes/06__2R__S3062R02.jpg.npz,data/features/daugman_strict_v3/gabor_codes/06__2R__S3062R09.jpg.npz,6,6,F06_T2,F06_T2,F06_T2_R,F06_T2_R,2,2,R,R,genuine,1,0,0,True,0.3649309066397034,-8,23736,,"S3062R02,S3062R09",filtered_from_final_matching_results
523,73,77,06/2R/S3062R02.jpg,06/2R/S3062R10.jpg,data/features/daugman_strict_v3/gabor_codes/06__2R__S3062R02.jpg.npz,data/features/daugman_strict_v3/gabor_codes/06__2R__S3062R10.jpg.npz,6,6,F06_T2,F06_T2,F06_T2_R,F06_T2_R,2,2,R,R,genuine,1,0,0,True,0.4040713145290048,-12,22548,,"S3062R02,S3062R10",filtered_from_final_matching_results
524,74,75,06/2R/S3062R07.jpg,06/2R/S3062R08.jpg,data/features/daugman_strict_v3/gabor_codes/06__2R__S3062R07.jpg.npz,data/features/daugman_strict_v3/gabor_codes/06__2R__S3062R08.jpg.npz,6,6,F06_T2,F06_T2,F06_T2_R,F06_T2_R,2,2,R,R,genuine,1,0,0,True,0.4049211248285322,6,23328,,"S3062R07,S3062R08",filtered_from_final_matching_results
525,74,76,06/2R/S3062R07.jpg,06/2R/S3062R09.jpg,data/features/daugman_strict_v3/gabor_codes/06__2R__S3062R07.jpg.npz,data/features/daugman_strict_v3/gabor_codes/06__2R__S3062R09.jpg.npz,6,6,F06_T2,F06_T2,F06_T2_R,F06_T2_R,2,2,R,R,genuine,1,0,0,True,0.3957667731629393,-2,25040,,"S3062R07,S3062R09",filtered_from_final_matching_results
526,74,77,06/2R/S3062R07.jpg,06/2R/S3062R10.jpg,data/features/daugman_strict_v3/gabor_codes/06__2R__S3062R07.jpg.npz,data/features/daugman_strict_v3/gabor_codes/06__2R__S3062R10.jpg.npz,6,6,F06_T2,F06_T2,F06_T2_R,F06_T2_R,2,2,R,R,genuine,1,0,0,True,0.3947619047619047,0,25200,,"S3062R07,S3062R10",filtered_from_final_matching_results
527,75,76,06/2R/S3062R08.jpg,06/2R/S3062R09.jpg,data/features/daugman_strict_v3/gabor_codes/06__2R__S3062R08.jpg.npz,data/features/daugman_strict_v3/gabor_codes/06__2R__S3062R09.jpg.npz,6,6,F06_T2,F06_T2,F06_T2_R,F06_T2_R,2,2,R,R,genuine,1,0,0,True,0.3543350768743065,-4,25236,,"S3062R08,S3062R09",filtered_from_final_matching_results
528,75,77,06/2R/S3062R08.jpg,06/2R/S3062R10.jpg,data/features/daugman_strict_v3/gabor_codes/06__2R__S3062R08.jpg.npz,data/features/daugman_strict_v3/gabor_codes/06__2R__S3062R10.jpg.npz,6,6,F06_T2,F06_T2,F06_T2_R,F06_T2_R,2,2,R,R,genuine,1,0,0,True,0.2818840579710145,0,26220,,"S3062R08,S3062R10",filtered_from_final_matching_results
529,76,77,06/2R/S3062R09.jpg,06/2R/S3062R10.jpg,data/features/daugman_strict_v3/gabor_codes/06__2R__S3062R09.jpg.npz,data/features/daugman_strict_v3/gabor_codes/06__2R__S3062R10.jpg.npz,6,6,F06_T2,F06_T2,F06_T2_R,F06_T2_R,2,2,R,R,genuine,1,0,0,True,0.3042670234909307,0,26904,,"S3062R09,S3062R10",filtered_from_final_matching_results
530,78,79,07/1L/S3071L06.jpg,07/2L/S3072L01.jpg,data/features/daugman_strict_v3/gabor_codes/07__1L__S3071L06.jpg.npz,data/features/daugman_strict_v3/gabor_codes/07__2L__S3072L01.jpg.npz,7,7,F07_T1,F07_T2,F07_T1_L,F07_T2_L,1,2,L,L,twin_same_eye,0,1,0,True,0.4309698383602733,-6,24004,,"S3071L06,S3072L01",filtered_from_final_matching_results
532,78,81,07/1L/S3071L06.jpg,07/2L/S3072L03.jpg,data/features/daugman_strict_v3/gabor_codes/07__1L__S3071L06.jpg.npz,data/features/daugman_strict_v3/gabor_codes/07__2L__S3072L03.jpg.npz,7,7,F07_T1,F07_T2,F07_T1_L,F07_T2_L,1,2,L,L,twin_same_eye,0,1,0,True,0.4337566500772267,-8,23308,,"S3071L06,S3072L03",filtered_from_final_matching_results
535,78,84,07/1L/S3071L06.jpg,07/2L/S3072L06.jpg,data/features/daugman_strict_v3/gabor_codes/07__1L__S3071L06.jpg.npz,data/features/daugman_strict_v3/gabor_codes/07__2L__S3072L06.jpg.npz,7,7,F07_T1,F07_T2,F07_T1_L,F07_T2_L,1,2,L,L,twin_same_eye,0,1,0,True,0.407679180887372,-8,23440,,"S3071L06,S3072L06",filtered_from_final_matching_results
537,78,86,07/1L/S3071L06.jpg,07/2L/S3072L08.jpg,data/features/daugman_strict_v3/gabor_codes/07__1L__S3071L06.jpg.npz,data/features/daugman_strict_v3/gabor_codes/07__2L__S3072L08.jpg.npz,7,7,F07_T1,F07_T2,F07_T1_L,F07_T2_L,1,2,L,L,twin_same_eye,0,1,0,True,0.4381052291801162,2,24784,,"S3071L06,S3072L08",filtered_from_final_matching_results
538,78,87,07/1L/S3071L06.jpg,07/2L/S3072L09.jpg,data/features/daugman_strict_v3/gabor_codes/07__1L__S3071L06.jpg.npz,data/features/daugman_strict_v3/gabor_codes/07__2L__S3072L09.jpg.npz,7,7,F07_T1,F07_T2,F07_T1_L,F07_T2_L,1,2,L,L,twin_same_eye,0,1,0,True,0.4538728225942838,-6,23652,,"S3071L06,S3072L09",filtered_from_final_matching_results
540,78,89,07/1L/S3071L06.jpg,07/2R/S3072R08.jpg,data/features/daugman_strict_v3/gabor_codes/07__1L__S3071L06.jpg.npz,data/features/daugman_strict_v3/gabor_codes/07__2R__S3072R08.jpg.npz,7,7,F07_T1,F07_T2,F07_T1_L,F07_T2_R,1,2,L,R,twin_cross_eye,0,1,0,True,0.4783011869436201,-10,21568,,"S3071L06,S3072R08",filtered_from_final_matching_results
541,78,90,07/1L/S3071L06.jpg,07/2R/S3072R10.jpg,data/features/daugman_strict_v3/gabor_codes/07__1L__S3071L06.jpg.npz,data/features/daugman_strict_v3/gabor_codes/07__2R__S3072R10.jpg.npz,7,7,F07_T1,F07_T2,F07_T1_L,F07_T2_R,1,2,L,R,twin_cross_eye,0,1,0,True,0.4276741178644005,10,21652,,"S3071L06,S3072R10",filtered_from_final_matching_results
543,79,81,07/2L/S3072L01.jpg,07/2L/S3072L03.jpg,data/features/daugman_strict_v3/gabor_codes/07__2L__S3072L01.jpg.npz,data/features/daugman_strict_v3/gabor_codes/07__2L__S3072L03.jpg.npz,7,7,F07_T2,F07_T2,F07_T2_L,F07_T2_L,2,2,L,L,genuine,1,0,0,True,0.2631675739296749,2,27188,,"S3072L01,S3072L03",filtered_from_final_matching_results
546,79,84,07/2L/S3072L01.jpg,07/2L/S3072L06.jpg,data/features/daugman_strict_v3/gabor_codes/07__2L__S3072L01.jpg.npz,data/features/daugman_strict_v3/gabor_codes/07__2L__S3072L06.jpg.npz,7,7,F07_T2,F07_T2,F07_T2_L,F07_T2_L,2,2,L,L,genuine,1,0,0,True,0.3043782192788815,2,27180,,"S3072L01,S3072L06",filtered_from_final_matching_results
548,79,86,07/2L/S3072L01.jpg,07/2L/S3072L08.jpg,data/features/daugman_strict_v3/gabor_codes/07__2L__S3072L01.jpg.npz,data/features/daugman_strict_v3/gabor_codes/07__2L__S3072L08.jpg.npz,7,7,F07_T2,F07_T2,F07_T2_L,F07_T2_L,2,2,L,L,genuine,1,0,0,True,0.2983205443752714,0,27628,,"S3072L01,S3072L08",filtered_from_final_matching_results
549,79,87,07/2L/S3072L01.jpg,07/2L/S3072L09.jpg,data/features/daugman_strict_v3/gabor_codes/07__2L__S3072L01.jpg.npz,data/features/daugman_strict_v3/gabor_codes/07__2L__S3072L09.jpg.npz,7,7,F07_T2,F07_T2,F07_T2_L,F07_T2_L,2,2,L,L,genuine,1,0,0,True,0.2848342939481268,0,27760,,"S3072L01,S3072L09",filtered_from_final_matching_results
551,79,89,07/2L/S3072L01.jpg,07/2R/S3072R08.jpg,data/features/daugman_strict_v3/gabor_codes/07__2L__S3072L01.jpg.npz,data/features/daugman_strict_v3/gabor_codes/07__2R__S3072R08.jpg.npz,7,7,F07_T2,F07_T2,F07_T2_L,F07_T2_R,2,2,L,R,same_subject_different_eye,0,0,0,True,0.4323851898935325,-2,25172,,"S3072L01,S3072R08",filtered_from_final_matching_results
552,79,90,07/2L/S3072L01.jpg,07/2R/S3072R10.jpg,data/features/daugman_strict_v3/gabor_codes/07__2L__S3072L01.jpg.npz,data/features/daugman_strict_v3/gabor_codes/07__2R__S3072R10.jpg.npz,7,7,F07_T2,F07_T2,F07_T2_L,F07_T2_R,2,2,L,R,same_subject_different_eye,0,0,0,True,0.4202782236490102,16,22428,,"S3072L01,S3072R10",filtered_from_final_matching_results
565,81,84,07/2L/S3072L03.jpg,07/2L/S3072L06.jpg,data/features/daugman_strict_v3/gabor_codes/07__2L__S3072L03.jpg.npz,data/features/daugman_strict_v3/gabor_codes/07__2L__S3072L06.jpg.npz,7,7,F07_T2,F07_T2,F07_T2_L,F07_T2_L,2,2,L,L,genuine,1,0,0,True,0.2611353711790393,0,27480,,"S3072L03,S3072L06",filtered_from_final_matching_results
567,81,86,07/2L/S3072L03.jpg,07/2L/S3072L08.jpg,data/features/daugman_strict_v3/gabor_codes/07__2L__S3072L03.jpg.npz,data/features/daugman_strict_v3/gabor_codes/07__2L__S3072L08.jpg.npz,7,7,F07_T2,F07_T2,F07_T2_L,F07_T2_L,2,2,L,L,genuine,1,0,0,True,0.3072289156626506,0,27224,,"S3072L03,S3072L08",filtered_from_final_matching_results
568,81,87,07/2L/S3072L03.jpg,07/2L/S3072L09.jpg,data/features/daugman_strict_v3/gabor_codes/07__2L__S3072L03.jpg.npz,data/features/daugman_strict_v3/gabor_codes/07__2L__S3072L09.jpg.npz,7,7,F07_T2,F07_T2,F07_T2_L,F07_T2_L,2,2,L,L,genuine,1,0,0,True,0.2828279164248404,0,27568,,"S3072L03,S3072L09",filtered_from_final_matching_results
570,81,89,07/2L/S3072L03.jpg,07/2R/S3072R08.jpg,data/features/daugman_strict_v3/gabor_codes/07__2L__S3072L03.jpg.npz,data/features/daugman_strict_v3/gabor_codes/07__2R__S3072R08.jpg.npz,7,7,F07_T2,F07_T2,F07_T2_L,F07_T2_R,2,2,L,R,same_subject_different_eye,0,0,0,True,0.4445997763220962,4,25036,,"S3072L03,S3072R08",filtered_from_final_matching_results
571,81,90,07/2L/S3072L03.jpg,07/2R/S3072R10.jpg,data/features/daugman_strict_v3/gabor_codes/07__2L__S3072L03.jpg.npz,data/features/daugman_strict_v3/gabor_codes/07__2R__S3072R10.jpg.npz,7,7,F07_T2,F07_T2,F07_T2_L,F07_T2_R,2,2,L,R,same_subject_different_eye,0,0,0,True,0.4290330115228901,0,25688,,"S3072L03,S3072R10",filtered_from_final_matching_results
588,84,86,07/2L/S3072L06.jpg,07/2L/S3072L08.jpg,data/features/daugman_strict_v3/gabor_codes/07__2L__S3072L06.jpg.npz,data/features/daugman_strict_v3/gabor_codes/07__2L__S3072L08.jpg.npz,7,7,F07_T2,F07_T2,F07_T2_L,F07_T2_L,2,2,L,L,genuine,1,0,0,True,0.2630269320843091,0,27328,,"S3072L06,S3072L08",filtered_from_final_matching_results
589,84,87,07/2L/S3072L06.jpg,07/2L/S3072L09.jpg,data/features/daugman_strict_v3/gabor_codes/07__2L__S3072L06.jpg.npz,data/features/daugman_strict_v3/gabor_codes/07__2L__S3072L09.jpg.npz,7,7,F07_T2,F07_T2,F07_T2_L,F07_T2_L,2,2,L,L,genuine,1,0,0,True,0.2830250036132389,0,27676,,"S3072L06,S3072L09",filtered_from_final_matching_results
591,84,89,07/2L/S3072L06.jpg,07/2R/S3072R08.jpg,data/features/daugman_strict_v3/gabor_codes/07__2L__S3072L06.jpg.npz,data/features/daugman_strict_v3/gabor_codes/07__2R__S3072R08.jpg.npz,7,7,F07_T2,F07_T2,F07_T2_L,F07_T2_R,2,2,L,R,same_subject_different_eye,0,0,0,True,0.447329650092081,-16,21720,,"S3072L06,S3072R08",filtered_from_final_matching_results
592,84,90,07/2L/S3072L06.jpg,07/2R/S3072R10.jpg,data/features/daugman_strict_v3/gabor_codes/07__2L__S3072L06.jpg.npz,data/features/daugman_strict_v3/gabor_codes/07__2R__S3072R10.jpg.npz,7,7,F07_T2,F07_T2,F07_T2_L,F07_T2_R,2,2,L,R,same_subject_different_eye,0,0,0,True,0.4242974058060531,0,25904,,"S3072L06,S3072R10",filtered_from_final_matching_results
598,86,87,07/2L/S3072L08.jpg,07/2L/S3072L09.jpg,data/features/daugman_strict_v3/gabor_codes/07__2L__S3072L08.jpg.npz,data/features/daugman_strict_v3/gabor_codes/07__2L__S3072L09.jpg.npz,7,7,F07_T2,F07_T2,F07_T2_L,F07_T2_L,2,2,L,L,genuine,1,0,0,True,0.2214440433212996,0,27700,,"S3072L08,S3072L09",filtered_from_final_matching_results
600,86,89,07/2L/S3072L08.jpg,07/2R/S3072R08.jpg,data/features/daugman_strict_v3/gabor_codes/07__2L__S3072L08.jpg.npz,data/features/daugman_strict_v3/gabor_codes/07__2R__S3072R08.jpg.npz,7,7,F07_T2,F07_T2,F07_T2_L,F07_T2_R,2,2,L,R,same_subject_different_eye,0,0,0,True,0.4255044580009385,0,25572,,"S3072L08,S3072R08",filtered_from_final_matching_results
601,86,90,07/2L/S3072L08.jpg,07/2R/S3072R10.jpg,data/features/daugman_strict_v3/gabor_codes/07__2L__S3072L08.jpg.npz,data/features/daugman_strict_v3/gabor_codes/07__2R__S3072R10.jpg.npz,7,7,F07_T2,F07_T2,F07_T2_L,F07_T2_R,2,2,L,R,same_subject_different_eye,0,0,0,True,0.4139956433794927,0,25708,,"S3072L08,S3072R10",filtered_from_final_matching_results
603,87,89,07/2L/S3072L09.jpg,07/2R/S3072R08.jpg,data/features/daugman_strict_v3/gabor_codes/07__2L__S3072L09.jpg.npz,data/features/daugman_strict_v3/gabor_codes/07__2R__S3072R08.jpg.npz,7,7,F07_T2,F07_T2,F07_T2_L,F07_T2_R,2,2,L,R,same_subject_different_eye,0,0,0,True,0.4309138949331675,0,25736,,"S3072L09,S3072R08",filtered_from_final_matching_results
604,87,90,07/2L/S3072L09.jpg,07/2R/S3072R10.jpg,data/features/daugman_strict_v3/gabor_codes/07__2L__S3072L09.jpg.npz,data/features/daugman_strict_v3/gabor_codes/07__2R__S3072R10.jpg.npz,7,7,F07_T2,F07_T2,F07_T2_L,F07_T2_R,2,2,L,R,same_subject_different_eye,0,0,0,True,0.397722025550254,0,25988,,"S3072L09,S3072R10",filtered_from_final_matching_results
607,89,90,07/2R/S3072R08.jpg,07/2R/S3072R10.jpg,data/features/daugman_strict_v3/gabor_codes/07__2R__S3072R08.jpg.npz,data/features/daugman_strict_v3/gabor_codes/07__2R__S3072R10.jpg.npz,7,7,F07_T2,F07_T2,F07_T2_R,F07_T2_R,2,2,R,R,genuine,1,0,0,True,0.32455165846691,0,25204,,"S3072R08,S3072R10",filtered_from_final_matching_results
608,91,92,08/2R/S3082R01.jpg,08/2R/S3082R02.jpg,data/features/daugman_strict_v3/gabor_codes/08__2R__S3082R01.jpg.npz,data/features/daugman_strict_v3/gabor_codes/08__2R__S3082R02.jpg.npz,8,8,F08_T2,F08_T2,F08_T2_R,F08_T2_R,2,2,R,R,genuine,1,0,0,True,0.2092160302253407,0,29644,,"S3082R01,S3082R02",filtered_from_final_matching_results
609,91,93,08/2R/S3082R01.jpg,08/2R/S3082R04.jpg,data/features/daugman_strict_v3/gabor_codes/08__2R__S3082R01.jpg.npz,data/features/daugman_strict_v3/gabor_codes/08__2R__S3082R04.jpg.npz,8,8,F08_T2,F08_T2,F08_T2_R,F08_T2_R,2,2,R,R,genuine,1,0,0,True,0.2571965399886557,-2,28208,,"S3082R01,S3082R04",filtered_from_final_matching_results
610,91,94,08/2R/S3082R01.jpg,08/2R/S3082R05.jpg,data/features/daugman_strict_v3/gabor_codes/08__2R__S3082R01.jpg.npz,data/features/daugman_strict_v3/gabor_codes/08__2R__S3082R05.jpg.npz,8,8,F08_T2,F08_T2,F08_T2_R,F08_T2_R,2,2,R,R,genuine,1,0,0,True,0.2406677727084197,-2,28932,,"S3082R01,S3082R05",filtered_from_final_matching_results
611,91,95,08/2R/S3082R01.jpg,08/2R/S3082R06.jpg,data/features/daugman_strict_v3/gabor_codes/08__2R__S3082R01.jpg.npz,data/features/daugman_strict_v3/gabor_codes/08__2R__S3082R06.jpg.npz,8,8,F08_T2,F08_T2,F08_T2_R,F08_T2_R,2,2,R,R,genuine,1,0,0,True,0.2558669243511872,-2,28976,,"S3082R01,S3082R06",filtered_from_final_matching_results
612,92,93,08/2R/S3082R02.jpg,08/2R/S3082R04.jpg,data/features/daugman_strict_v3/gabor_codes/08__2R__S3082R02.jpg.npz,data/features/daugman_strict_v3/gabor_codes/08__2R__S3082R04.jpg.npz,8,8,F08_T2,F08_T2,F08_T2_R,F08_T2_R,2,2,R,R,genuine,1,0,0,True,0.2366183440200724,0,28696,,"S3082R02,S3082R04",filtered_from_final_matching_results
613,92,94,08/2R/S3082R02.jpg,08/2R/S3082R05.jpg,data/features/daugman_strict_v3/gabor_codes/08__2R__S3082R02.jpg.npz,data/features/daugman_strict_v3/gabor_codes/08__2R__S3082R05.jpg.npz,8,8,F08_T2,F08_T2,F08_T2_R,F08_T2_R,2,2,R,R,genuine,1,0,0,True,0.2143442622950819,0,29280,,"S3082R02,S3082R05",filtered_from_final_matching_results
614,92,95,08/2R/S3082R02.jpg,08/2R/S3082R06.jpg,data/features/daugman_strict_v3/gabor_codes/08__2R__S3082R02.jpg.npz,data/features/daugman_strict_v3/gabor_codes/08__2R__S3082R06.jpg.npz,8,8,F08_T2,F08_T2,F08_T2_R,F08_T2_R,2,2,R,R,genuine,1,0,0,True,0.2240453866014404,0,29436,,"S3082R02,S3082R06",filtered_from_final_matching_results
615,93,94,08/2R/S3082R04.jpg,08/2R/S3082R05.jpg,data/features/daugman_strict_v3/gabor_codes/08__2R__S3082R04.jpg.npz,data/features/daugman_strict_v3/gabor_codes/08__2R__S3082R05.jpg.npz,8,8,F08_T2,F08_T2,F08_T2_R,F08_T2_R,2,2,R,R,genuine,1,0,0,True,0.1952264808362369,0,28700,,"S3082R04,S3082R05",filtered_from_final_matching_results
616,93,95,08/2R/S3082R04.jpg,08/2R/S3082R06.jpg,data/features/daugman_strict_v3/gabor_codes/08__2R__S3082R04.jpg.npz,data/features/daugman_strict_v3/gabor_codes/08__2R__S3082R06.jpg.npz,8,8,F08_T2,F08_T2,F08_T2_R,F08_T2_R,2,2,R,R,genuine,1,0,0,True,0.2205101327742837,0,28620,,"S3082R04,S3082R06",filtered_from_final_matching_results
617,94,95,08/2R/S3082R05.jpg,08/2R/S3082R06.jpg,data/features/daugman_strict_v3/gabor_codes/08__2R__S3082R05.jpg.npz,data/features/daugman_strict_v3/gabor_codes/08__2R__S3082R06.jpg.npz,8,8,F08_T2,F08_T2,F08_T2_R,F08_T2_R,2,2,R,R,genuine,1,0,0,True,0.1991409871829833,0,29336,,"S3082R05,S3082R06",filtered_from_final_matching_results
618,96,97,09/2L/S3092L01.jpg,09/2L/S3092L02.jpg,data/features/daugman_strict_v3/gabor_codes/09__2L__S3092L01.jpg.npz,data/features/daugman_strict_v3/gabor_codes/09__2L__S3092L02.jpg.npz,9,9,F09_T2,F09_T2,F09_T2_L,F09_T2_L,2,2,L,L,genuine,1,0,0,True,0.2780081478248217,2,27492,,"S3092L01,S3092L02",filtered_from_final_matching_results
619,96,98,09/2L/S3092L01.jpg,09/2L/S3092L03.jpg,data/features/daugman_strict_v3/gabor_codes/09__2L__S3092L01.jpg.npz,data/features/daugman_strict_v3/gabor_codes/09__2L__S3092L03.jpg.npz,9,9,F09_T2,F09_T2,F09_T2_L,F09_T2_L,2,2,L,L,genuine,1,0,0,True,0.3381567230632235,0,26952,,"S3092L01,S3092L03",filtered_from_final_matching_results
620,96,99,09/2L/S3092L01.jpg,09/2L/S3092L04.jpg,data/features/daugman_strict_v3/gabor_codes/09__2L__S3092L01.jpg.npz,data/features/daugman_strict_v3/gabor_codes/09__2L__S3092L04.jpg.npz,9,9,F09_T2,F09_T2,F09_T2_L,F09_T2_L,2,2,L,L,genuine,1,0,0,True,0.3221004295659902,0,27004,,"S3092L01,S3092L04",filtered_from_final_matching_results
621,96,100,09/2L/S3092L01.jpg,09/2L/S3092L05.jpg,data/features/daugman_strict_v3/gabor_codes/09__2L__S3092L01.jpg.npz,data/features/daugman_strict_v3/gabor_codes/09__2L__S3092L05.jpg.npz,9,9,F09_T2,F09_T2,F09_T2_L,F09_T2_L,2,2,L,L,genuine,1,0,0,True,0.3746411139821992,0,27864,,"S3092L01,S3092L05",filtered_from_final_matching_results
627,96,106,09/2L/S3092L01.jpg,09/2R/S3092R01.jpg,data/features/daugman_strict_v3/gabor_codes/09__2L__S3092L01.jpg.npz,data/features/daugman_strict_v3/gabor_codes/09__2R__S3092R01.jpg.npz,9,9,F09_T2,F09_T2,F09_T2_L,F09_T2_R,2,2,L,R,same_subject_different_eye,0,0,0,True,0.4359888406695598,-2,25808,,"S3092L01,S3092R01",filtered_from_final_matching_results
628,96,107,09/2L/S3092L01.jpg,09/2R/S3092R02.jpg,data/features/daugman_strict_v3/gabor_codes/09__2L__S3092L01.jpg.npz,data/features/daugman_strict_v3/gabor_codes/09__2R__S3092R02.jpg.npz,9,9,F09_T2,F09_T2,F09_T2_L,F09_T2_R,2,2,L,R,same_subject_different_eye,0,0,0,True,0.4244646182495344,0,25776,,"S3092L01,S3092R02",filtered_from_final_matching_results
629,96,108,09/2L/S3092L01.jpg,09/2R/S3092R03.jpg,data/features/daugman_strict_v3/gabor_codes/09__2L__S3092L01.jpg.npz,data/features/daugman_strict_v3/gabor_codes/09__2R__S3092R03.jpg.npz,9,9,F09_T2,F09_T2,F09_T2_L,F09_T2_R,2,2,L,R,same_subject_different_eye,0,0,0,True,0.4233213053027926,-2,25496,,"S3092L01,S3092R03",filtered_from_final_matching_results
630,96,109,09/2L/S3092L01.jpg,09/2R/S3092R04.jpg,data/features/daugman_strict_v3/gabor_codes/09__2L__S3092L01.jpg.npz,data/features/daugman_strict_v3/gabor_codes/09__2R__S3092R04.jpg.npz,9,9,F09_T2,F09_T2,F09_T2_L,F09_T2_R,2,2,L,R,same_subject_different_eye,0,0,0,True,0.4042872536945813,0,25984,,"S3092L01,S3092R04",filtered_from_final_matching_results
632,96,111,09/2L/S3092L01.jpg,09/2R/S3092R06.jpg,data/features/daugman_strict_v3/gabor_codes/09__2L__S3092L01.jpg.npz,data/features/daugman_strict_v3/gabor_codes/09__2R__S3092R06.jpg.npz,9,9,F09_T2,F09_T2,F09_T2_L,F09_T2_R,2,2,L,R,same_subject_different_eye,0,0,0,True,0.4117075358851674,0,26752,,"S3092L01,S3092R06",filtered_from_final_matching_results
633,97,98,09/2L/S3092L02.jpg,09/2L/S3092L03.jpg,data/features/daugman_strict_v3/gabor_codes/09__2L__S3092L02.jpg.npz,data/features/daugman_strict_v3/gabor_codes/09__2L__S3092L03.jpg.npz,9,9,F09_T2,F09_T2,F09_T2_L,F09_T2_L,2,2,L,L,genuine,1,0,0,True,0.2451235854675402,-2,26864,,"S3092L02,S3092L03",filtered_from_final_matching_results
634,97,99,09/2L/S3092L02.jpg,09/2L/S3092L04.jpg,data/features/daugman_strict_v3/gabor_codes/09__2L__S3092L02.jpg.npz,data/features/daugman_strict_v3/gabor_codes/09__2L__S3092L04.jpg.npz,9,9,F09_T2,F09_T2,F09_T2_L,F09_T2_L,2,2,L,L,genuine,1,0,0,True,0.2248028045574057,0,27384,,"S3092L02,S3092L04",filtered_from_final_matching_results
635,97,100,09/2L/S3092L02.jpg,09/2L/S3092L05.jpg,data/features/daugman_strict_v3/gabor_codes/09__2L__S3092L02.jpg.npz,data/features/daugman_strict_v3/gabor_codes/09__2L__S3092L05.jpg.npz,9,9,F09_T2,F09_T2,F09_T2_L,F09_T2_L,2,2,L,L,genuine,1,0,0,True,0.2897983643542019,0,28368,,"S3092L02,S3092L05",filtered_from_final_matching_results
641,97,106,09/2L/S3092L02.jpg,09/2R/S3092R01.jpg,data/features/daugman_strict_v3/gabor_codes/09__2L__S3092L02.jpg.npz,data/features/daugman_strict_v3/gabor_codes/09__2R__S3092R01.jpg.npz,9,9,F09_T2,F09_T2,F09_T2_L,F09_T2_R,2,2,L,R,same_subject_different_eye,0,0,0,True,0.4468823993685872,4,25340,,"S3092L02,S3092R01",filtered_from_final_matching_results
642,97,107,09/2L/S3092L02.jpg,09/2R/S3092R02.jpg,data/features/daugman_strict_v3/gabor_codes/09__2L__S3092L02.jpg.npz,data/features/daugman_strict_v3/gabor_codes/09__2R__S3092R02.jpg.npz,9,9,F09_T2,F09_T2,F09_T2_L,F09_T2_R,2,2,L,R,same_subject_different_eye,0,0,0,True,0.4226872938589602,2,25468,,"S3092L02,S3092R02",filtered_from_final_matching_results
643,97,108,09/2L/S3092L02.jpg,09/2R/S3092R03.jpg,data/features/daugman_strict_v3/gabor_codes/09__2L__S3092L02.jpg.npz,data/features/daugman_strict_v3/gabor_codes/09__2R__S3092R03.jpg.npz,9,9,F09_T2,F09_T2,F09_T2_L,F09_T2_R,2,2,L,R,same_subject_different_eye,0,0,0,True,0.404600598708051,-4,25388,,"S3092L02,S3092R03",filtered_from_final_matching_results
644,97,109,09/2L/S3092L02.jpg,09/2R/S3092R04.jpg,data/features/daugman_strict_v3/gabor_codes/09__2L__S3092L02.jpg.npz,data/features/daugman_strict_v3/gabor_codes/09__2R__S3092R04.jpg.npz,9,9,F09_T2,F09_T2,F09_T2_L,F09_T2_R,2,2,L,R,same_subject_different_eye,0,0,0,True,0.4214598311972491,-4,25592,,"S3092L02,S3092R04",filtered_from_final_matching_results
646,97,111,09/2L/S3092L02.jpg,09/2R/S3092R06.jpg,data/features/daugman_strict_v3/gabor_codes/09__2L__S3092L02.jpg.npz,data/features/daugman_strict_v3/gabor_codes/09__2R__S3092R06.jpg.npz,9,9,F09_T2,F09_T2,F09_T2_L,F09_T2_R,2,2,L,R,same_subject_different_eye,0,0,0,True,0.4104518025684666,-6,25852,,"S3092L02,S3092R06",filtered_from_final_matching_results
647,98,99,09/2L/S3092L03.jpg,09/2L/S3092L04.jpg,data/features/daugman_strict_v3/gabor_codes/09__2L__S3092L03.jpg.npz,data/features/daugman_strict_v3/gabor_codes/09__2L__S3092L04.jpg.npz,9,9,F09_T2,F09_T2,F09_T2_L,F09_T2_L,2,2,L,L,genuine,1,0,0,True,0.1996859834427633,0,28024,,"S3092L03,S3092L04",filtered_from_final_matching_results
648,98,100,09/2L/S3092L03.jpg,09/2L/S3092L05.jpg,data/features/daugman_strict_v3/gabor_codes/09__2L__S3092L03.jpg.npz,data/features/daugman_strict_v3/gabor_codes/09__2L__S3092L05.jpg.npz,9,9,F09_T2,F09_T2,F09_T2_L,F09_T2_L,2,2,L,L,genuine,1,0,0,True,0.2935769574278059,2,26872,,"S3092L03,S3092L05",filtered_from_final_matching_results
654,98,106,09/2L/S3092L03.jpg,09/2R/S3092R01.jpg,data/features/daugman_strict_v3/gabor_codes/09__2L__S3092L03.jpg.npz,data/features/daugman_strict_v3/gabor_codes/09__2R__S3092R01.jpg.npz,9,9,F09_T2,F09_T2,F09_T2_L,F09_T2_R,2,2,L,R,same_subject_different_eye,0,0,0,True,0.4585770750988142,4,25300,,"S3092L03,S3092R01",filtered_from_final_matching_results
655,98,107,09/2L/S3092L03.jpg,09/2R/S3092R02.jpg,data/features/daugman_strict_v3/gabor_codes/09__2L__S3092L03.jpg.npz,data/features/daugman_strict_v3/gabor_codes/09__2R__S3092R02.jpg.npz,9,9,F09_T2,F09_T2,F09_T2_L,F09_T2_R,2,2,L,R,same_subject_different_eye,0,0,0,True,0.434700593995826,4,24916,,"S3092L03,S3092R02",filtered_from_final_matching_results
656,98,108,09/2L/S3092L03.jpg,09/2R/S3092R03.jpg,data/features/daugman_strict_v3/gabor_codes/09__2L__S3092L03.jpg.npz,data/features/daugman_strict_v3/gabor_codes/09__2R__S3092R03.jpg.npz,9,9,F09_T2,F09_T2,F09_T2_L,F09_T2_R,2,2,L,R,same_subject_different_eye,0,0,0,True,0.4105478331970564,6,24460,,"S3092L03,S3092R03",filtered_from_final_matching_results
657,98,109,09/2L/S3092L03.jpg,09/2R/S3092R04.jpg,data/features/daugman_strict_v3/gabor_codes/09__2L__S3092L03.jpg.npz,data/features/daugman_strict_v3/gabor_codes/09__2R__S3092R04.jpg.npz,9,9,F09_T2,F09_T2,F09_T2_L,F09_T2_R,2,2,L,R,same_subject_different_eye,0,0,0,True,0.4199144486692015,4,25248,,"S3092L03,S3092R04",filtered_from_final_matching_results
659,98,111,09/2L/S3092L03.jpg,09/2R/S3092R06.jpg,data/features/daugman_strict_v3/gabor_codes/09__2L__S3092L03.jpg.npz,data/features/daugman_strict_v3/gabor_codes/09__2R__S3092R06.jpg.npz,9,9,F09_T2,F09_T2,F09_T2_L,F09_T2_R,2,2,L,R,same_subject_different_eye,0,0,0,True,0.4212978232189973,-16,24256,,"S3092L03,S3092R06",filtered_from_final_matching_results
660,99,100,09/2L/S3092L04.jpg,09/2L/S3092L05.jpg,data/features/daugman_strict_v3/gabor_codes/09__2L__S3092L04.jpg.npz,data/features/daugman_strict_v3/gabor_codes/09__2L__S3092L05.jpg.npz,9,9,F09_T2,F09_T2,F09_T2_L,F09_T2_L,2,2,L,L,genuine,1,0,0,True,0.2882839267093698,2,26852,,"S3092L04,S3092L05",filtered_from_final_matching_results
666,99,106,09/2L/S3092L04.jpg,09/2R/S3092R01.jpg,data/features/daugman_strict_v3/gabor_codes/09__2L__S3092L04.jpg.npz,data/features/daugman_strict_v3/gabor_codes/09__2R__S3092R01.jpg.npz,9,9,F09_T2,F09_T2,F09_T2_L,F09_T2_R,2,2,L,R,same_subject_different_eye,0,0,0,True,0.4553292894280762,10,23080,,"S3092L04,S3092R01",filtered_from_final_matching_results
667,99,107,09/2L/S3092L04.jpg,09/2R/S3092R02.jpg,data/features/daugman_strict_v3/gabor_codes/09__2L__S3092L04.jpg.npz,data/features/daugman_strict_v3/gabor_codes/09__2R__S3092R02.jpg.npz,9,9,F09_T2,F09_T2,F09_T2_L,F09_T2_R,2,2,L,R,same_subject_different_eye,0,0,0,True,0.4406843786783252,6,23788,,"S3092L04,S3092R02",filtered_from_final_matching_results
668,99,108,09/2L/S3092L04.jpg,09/2R/S3092R03.jpg,data/features/daugman_strict_v3/gabor_codes/09__2L__S3092L04.jpg.npz,data/features/daugman_strict_v3/gabor_codes/09__2R__S3092R03.jpg.npz,9,9,F09_T2,F09_T2,F09_T2_L,F09_T2_R,2,2,L,R,same_subject_different_eye,0,0,0,True,0.4288352719270669,-2,25448,,"S3092L04,S3092R03",filtered_from_final_matching_results
669,99,109,09/2L/S3092L04.jpg,09/2R/S3092R04.jpg,data/features/daugman_strict_v3/gabor_codes/09__2L__S3092L04.jpg.npz,data/features/daugman_strict_v3/gabor_codes/09__2R__S3092R04.jpg.npz,9,9,F09_T2,F09_T2,F09_T2_L,F09_T2_R,2,2,L,R,same_subject_different_eye,0,0,0,True,0.4300031565656566,-4,25344,,"S3092L04,S3092R04",filtered_from_final_matching_results
671,99,111,09/2L/S3092L04.jpg,09/2R/S3092R06.jpg,data/features/daugman_strict_v3/gabor_codes/09__2L__S3092L04.jpg.npz,data/features/daugman_strict_v3/gabor_codes/09__2R__S3092R06.jpg.npz,9,9,F09_T2,F09_T2,F09_T2_L,F09_T2_R,2,2,L,R,same_subject_different_eye,0,0,0,True,0.4186501842751843,-4,26048,,"S3092L04,S3092R06",filtered_from_final_matching_results
677,100,106,09/2L/S3092L05.jpg,09/2R/S3092R01.jpg,data/features/daugman_strict_v3/gabor_codes/09__2L__S3092L05.jpg.npz,data/features/daugman_strict_v3/gabor_codes/09__2R__S3092R01.jpg.npz,9,9,F09_T2,F09_T2,F09_T2_L,F09_T2_R,2,2,L,R,same_subject_different_eye,0,0,0,True,0.4583014244141522,-2,26116,,"S3092L05,S3092R01",filtered_from_final_matching_results
678,100,107,09/2L/S3092L05.jpg,09/2R/S3092R02.jpg,data/features/daugman_strict_v3/gabor_codes/09__2L__S3092L05.jpg.npz,data/features/daugman_strict_v3/gabor_codes/09__2R__S3092R02.jpg.npz,9,9,F09_T2,F09_T2,F09_T2_L,F09_T2_R,2,2,L,R,same_subject_different_eye,0,0,0,True,0.4248702686202686,0,26208,,"S3092L05,S3092R02",filtered_from_final_matching_results
679,100,108,09/2L/S3092L05.jpg,09/2R/S3092R03.jpg,data/features/daugman_strict_v3/gabor_codes/09__2L__S3092L05.jpg.npz,data/features/daugman_strict_v3/gabor_codes/09__2R__S3092R03.jpg.npz,9,9,F09_T2,F09_T2,F09_T2_L,F09_T2_R,2,2,L,R,same_subject_different_eye,0,0,0,True,0.4105356318300754,-2,25988,,"S3092L05,S3092R03",filtered_from_final_matching_results
680,100,109,09/2L/S3092L05.jpg,09/2R/S3092R04.jpg,data/features/daugman_strict_v3/gabor_codes/09__2L__S3092L05.jpg.npz,data/features/daugman_strict_v3/gabor_codes/09__2R__S3092R04.jpg.npz,9,9,F09_T2,F09_T2,F09_T2_L,F09_T2_R,2,2,L,R,same_subject_different_eye,0,0,0,True,0.4143924378716268,-2,26236,,"S3092L05,S3092R04",filtered_from_final_matching_results
682,100,111,09/2L/S3092L05.jpg,09/2R/S3092R06.jpg,data/features/daugman_strict_v3/gabor_codes/09__2L__S3092L05.jpg.npz,data/features/daugman_strict_v3/gabor_codes/09__2R__S3092R06.jpg.npz,9,9,F09_T2,F09_T2,F09_T2_L,F09_T2_R,2,2,L,R,same_subject_different_eye,0,0,0,True,0.413049918530588,-2,27004,,"S3092L05,S3092R06",filtered_from_final_matching_results
723,106,107,09/2R/S3092R01.jpg,09/2R/S3092R02.jpg,data/features/daugman_strict_v3/gabor_codes/09__2R__S3092R01.jpg.npz,data/features/daugman_strict_v3/gabor_codes/09__2R__S3092R02.jpg.npz,9,9,F09_T2,F09_T2,F09_T2_R,F09_T2_R,2,2,R,R,genuine,1,0,0,True,0.2559049413128532,0,27604,,"S3092R01,S3092R02",filtered_from_final_matching_results
724,106,108,09/2R/S3092R01.jpg,09/2R/S3092R03.jpg,data/features/daugman_strict_v3/gabor_codes/09__2R__S3092R01.jpg.npz,data/features/daugman_strict_v3/gabor_codes/09__2R__S3092R03.jpg.npz,9,9,F09_T2,F09_T2,F09_T2_R,F09_T2_R,2,2,R,R,genuine,1,0,0,True,0.1952730941057789,0,27756,,"S3092R01,S3092R03",filtered_from_final_matching_results
725,106,109,09/2R/S3092R01.jpg,09/2R/S3092R04.jpg,data/features/daugman_strict_v3/gabor_codes/09__2R__S3092R01.jpg.npz,data/features/daugman_strict_v3/gabor_codes/09__2R__S3092R04.jpg.npz,9,9,F09_T2,F09_T2,F09_T2_R,F09_T2_R,2,2,R,R,genuine,1,0,0,True,0.2154713998275366,0,27832,,"S3092R01,S3092R04",filtered_from_final_matching_results
727,106,111,09/2R/S3092R01.jpg,09/2R/S3092R06.jpg,data/features/daugman_strict_v3/gabor_codes/09__2R__S3092R01.jpg.npz,data/features/daugman_strict_v3/gabor_codes/09__2R__S3092R06.jpg.npz,9,9,F09_T2,F09_T2,F09_T2_R,F09_T2_R,2,2,R,R,genuine,1,0,0,True,0.2440257352941176,0,28288,,"S3092R01,S3092R06",filtered_from_final_matching_results
728,107,108,09/2R/S3092R02.jpg,09/2R/S3092R03.jpg,data/features/daugman_strict_v3/gabor_codes/09__2R__S3092R02.jpg.npz,data/features/daugman_strict_v3/gabor_codes/09__2R__S3092R03.jpg.npz,9,9,F09_T2,F09_T2,F09_T2_R,F09_T2_R,2,2,R,R,genuine,1,0,0,True,0.2868509826928718,0,27272,,"S3092R02,S3092R03",filtered_from_final_matching_results
729,107,109,09/2R/S3092R02.jpg,09/2R/S3092R04.jpg,data/features/daugman_strict_v3/gabor_codes/09__2R__S3092R02.jpg.npz,data/features/daugman_strict_v3/gabor_codes/09__2R__S3092R04.jpg.npz,9,9,F09_T2,F09_T2,F09_T2_R,F09_T2_R,2,2,R,R,genuine,1,0,0,True,0.2516252528171049,0,27688,,"S3092R02,S3092R04",filtered_from_final_matching_results
731,107,111,09/2R/S3092R02.jpg,09/2R/S3092R06.jpg,data/features/daugman_strict_v3/gabor_codes/09__2R__S3092R02.jpg.npz,data/features/daugman_strict_v3/gabor_codes/09__2R__S3092R06.jpg.npz,9,9,F09_T2,F09_T2,F09_T2_R,F09_T2_R,2,2,R,R,genuine,1,0,0,True,0.2871408045977011,0,27840,,"S3092R02,S3092R06",filtered_from_final_matching_results
732,108,109,09/2R/S3092R03.jpg,09/2R/S3092R04.jpg,data/features/daugman_strict_v3/gabor_codes/09__2R__S3092R03.jpg.npz,data/features/daugman_strict_v3/gabor_codes/09__2R__S3092R04.jpg.npz,9,9,F09_T2,F09_T2,F09_T2_R,F09_T2_R,2,2,R,R,genuine,1,0,0,True,0.1773184759166067,0,27820,,"S3092R03,S3092R04",filtered_from_final_matching_results
734,108,111,09/2R/S3092R03.jpg,09/2R/S3092R06.jpg,data/features/daugman_strict_v3/gabor_codes/09__2R__S3092R03.jpg.npz,data/features/daugman_strict_v3/gabor_codes/09__2R__S3092R06.jpg.npz,9,9,F09_T2,F09_T2,F09_T2_R,F09_T2_R,2,2,R,R,genuine,1,0,0,True,0.2254686168702073,0,28168,,"S3092R03,S3092R06",filtered_from_final_matching_results
736,109,111,09/2R/S3092R04.jpg,09/2R/S3092R06.jpg,data/features/daugman_strict_v3/gabor_codes/09__2R__S3092R04.jpg.npz,data/features/daugman_strict_v3/gabor_codes/09__2R__S3092R06.jpg.npz,9,9,F09_T2,F09_T2,F09_T2_R,F09_T2_R,2,2,R,R,genuine,1,0,0,True,0.2071347997743937,0,28368,,"S3092R04,S3092R06",filtered_from_final_matching_results
773,113,115,10/1L/S3101L02.jpg,10/1L/S3101L04.jpg,data/features/daugman_strict_v3/gabor_codes/10__1L__S3101L02.jpg.npz,data/features/daugman_strict_v3/gabor_codes/10__1L__S3101L04.jpg.npz,10,10,F10_T1,F10_T1,F10_T1_L,F10_T1_L,1,1,L,L,genuine,1,0,0,True,0.2552026712222395,0,25756,,"S3101L02,S3101L04",filtered_from_final_matching_results
775,113,117,10/1L/S3101L02.jpg,10/1L/S3101L08.jpg,data/features/daugman_strict_v3/gabor_codes/10__1L__S3101L02.jpg.npz,data/features/daugman_strict_v3/gabor_codes/10__1L__S3101L08.jpg.npz,10,10,F10_T1,F10_T1,F10_T1_L,F10_T1_L,1,1,L,L,genuine,1,0,0,True,0.3093104005167958,0,24768,,"S3101L02,S3101L08",filtered_from_final_matching_results
776,113,118,10/1L/S3101L02.jpg,10/1L/S3101L09.jpg,data/features/daugman_strict_v3/gabor_codes/10__1L__S3101L02.jpg.npz,data/features/daugman_strict_v3/gabor_codes/10__1L__S3101L09.jpg.npz,10,10,F10_T1,F10_T1,F10_T1_L,F10_T1_L,1,1,L,L,genuine,1,0,0,True,0.2787373661185699,0,26516,,"S3101L02,S3101L09",filtered_from_final_matching_results
777,113,119,10/1L/S3101L02.jpg,10/1L/S3101L10.jpg,data/features/daugman_strict_v3/gabor_codes/10__1L__S3101L02.jpg.npz,data/features/daugman_strict_v3/gabor_codes/10__1L__S3101L10.jpg.npz,10,10,F10_T1,F10_T1,F10_T1_L,F10_T1_L,1,1,L,L,genuine,1,0,0,True,0.3000226517668378,0,26488,,"S3101L02,S3101L10",filtered_from_final_matching_results
779,113,121,10/1L/S3101L02.jpg,10/1R/S3101R02.jpg,data/features/daugman_strict_v3/gabor_codes/10__1L__S3101L02.jpg.npz,data/features/daugman_strict_v3/gabor_codes/10__1R__S3101R02.jpg.npz,10,10,F10_T1,F10_T1,F10_T1_L,F10_T1_R,1,1,L,R,same_subject_different_eye,0,0,0,True,0.4254655934343434,-2,25344,,"S3101L02,S3101R02",filtered_from_final_matching_results
780,113,122,10/1L/S3101L02.jpg,10/1R/S3101R03.jpg,data/features/daugman_strict_v3/gabor_codes/10__1L__S3101L02.jpg.npz,data/features/daugman_strict_v3/gabor_codes/10__1R__S3101R03.jpg.npz,10,10,F10_T1,F10_T1,F10_T1_L,F10_T1_R,1,1,L,R,same_subject_different_eye,0,0,0,True,0.4414183736809435,0,25776,,"S3101L02,S3101R03",filtered_from_final_matching_results
781,113,123,10/1L/S3101L02.jpg,10/1R/S3101R04.jpg,data/features/daugman_strict_v3/gabor_codes/10__1L__S3101L02.jpg.npz,data/features/daugman_strict_v3/gabor_codes/10__1R__S3101R04.jpg.npz,10,10,F10_T1,F10_T1,F10_T1_L,F10_T1_R,1,1,L,R,same_subject_different_eye,0,0,0,True,0.4380709088094132,-2,25836,,"S3101L02,S3101R04",filtered_from_final_matching_results
782,113,124,10/1L/S3101L02.jpg,10/1R/S3101R05.jpg,data/features/daugman_strict_v3/gabor_codes/10__1L__S3101L02.jpg.npz,data/features/daugman_strict_v3/gabor_codes/10__1R__S3101R05.jpg.npz,10,10,F10_T1,F10_T1,F10_T1_L,F10_T1_R,1,1,L,R,same_subject_different_eye,0,0,0,True,0.4032497525569119,8,24248,,"S3101L02,S3101R05",filtered_from_final_matching_results
784,113,126,10/1L/S3101L02.jpg,10/1R/S3101R07.jpg,data/features/daugman_strict_v3/gabor_codes/10__1L__S3101L02.jpg.npz,data/features/daugman_strict_v3/gabor_codes/10__1R__S3101R07.jpg.npz,10,10,F10_T1,F10_T1,F10_T1_L,F10_T1_R,1,1,L,R,same_subject_different_eye,0,0,0,True,0.4328751728907331,-14,23136,,"S3101L02,S3101R07",filtered_from_final_matching_results
787,113,129,10/1L/S3101L02.jpg,10/2L/S3102L01.jpg,data/features/daugman_strict_v3/gabor_codes/10__1L__S3101L02.jpg.npz,data/features/daugman_strict_v3/gabor_codes/10__2L__S3102L01.jpg.npz,10,10,F10_T1,F10_T2,F10_T1_L,F10_T2_L,1,2,L,L,twin_same_eye,0,1,0,True,0.39296,0,25000,,"S3101L02,S3102L01",filtered_from_final_matching_results
790,113,132,10/1L/S3101L02.jpg,10/2L/S3102L06.jpg,data/features/daugman_strict_v3/gabor_codes/10__1L__S3101L02.jpg.npz,data/features/daugman_strict_v3/gabor_codes/10__2L__S3102L06.jpg.npz,10,10,F10_T1,F10_T2,F10_T1_L,F10_T2_L,1,2,L,L,twin_same_eye,0,1,0,True,0.4048214593755391,0,23188,,"S3101L02,S3102L06",filtered_from_final_matching_results
791,113,133,10/1L/S3101L02.jpg,10/2L/S3102L07.jpg,data/features/daugman_strict_v3/gabor_codes/10__1L__S3101L02.jpg.npz,data/features/daugman_strict_v3/gabor_codes/10__2L__S3102L07.jpg.npz,10,10,F10_T1,F10_T2,F10_T1_L,F10_T2_L,1,2,L,L,twin_same_eye,0,1,0,True,0.4035796766743649,0,24248,,"S3101L02,S3102L07",filtered_from_final_matching_results
793,113,135,10/1L/S3101L02.jpg,10/2L/S3102L09.jpg,data/features/daugman_strict_v3/gabor_codes/10__1L__S3101L02.jpg.npz,data/features/daugman_strict_v3/gabor_codes/10__2L__S3102L09.jpg.npz,10,10,F10_T1,F10_T2,F10_T1_L,F10_T2_L,1,2,L,L,twin_same_eye,0,1,0,True,0.4609231026972692,-8,23876,,"S3101L02,S3102L09",filtered_from_final_matching_results
794,113,136,10/1L/S3101L02.jpg,10/2L/S3102L10.jpg,data/features/daugman_strict_v3/gabor_codes/10__1L__S3101L02.jpg.npz,data/features/daugman_strict_v3/gabor_codes/10__2L__S3102L10.jpg.npz,10,10,F10_T1,F10_T2,F10_T1_L,F10_T2_L,1,2,L,L,twin_same_eye,0,1,0,True,0.4455117160578911,-6,23216,,"S3101L02,S3102L10",filtered_from_final_matching_results
796,113,138,10/1L/S3101L02.jpg,10/2R/S3102R02.jpg,data/features/daugman_strict_v3/gabor_codes/10__1L__S3101L02.jpg.npz,data/features/daugman_strict_v3/gabor_codes/10__2R__S3102R02.jpg.npz,10,10,F10_T1,F10_T2,F10_T1_L,F10_T2_R,1,2,L,R,twin_cross_eye,0,1,0,True,0.4268253457703441,6,24872,,"S3101L02,S3102R02",filtered_from_final_matching_results
800,113,142,10/1L/S3101L02.jpg,10/2R/S3102R06.jpg,data/features/daugman_strict_v3/gabor_codes/10__1L__S3101L02.jpg.npz,data/features/daugman_strict_v3/gabor_codes/10__2R__S3102R06.jpg.npz,10,10,F10_T1,F10_T2,F10_T1_L,F10_T2_R,1,2,L,R,twin_cross_eye,0,1,0,True,0.4542825004017355,2,24892,,"S3101L02,S3102R06",filtered_from_final_matching_results
801,113,143,10/1L/S3101L02.jpg,10/2R/S3102R07.jpg,data/features/daugman_strict_v3/gabor_codes/10__1L__S3101L02.jpg.npz,data/features/daugman_strict_v3/gabor_codes/10__2R__S3102R07.jpg.npz,10,10,F10_T1,F10_T2,F10_T1_L,F10_T2_R,1,2,L,R,twin_cross_eye,0,1,0,True,0.4532591414944356,2,25160,,"S3101L02,S3102R07",filtered_from_final_matching_results
802,113,144,10/1L/S3101L02.jpg,10/2R/S3102R08.jpg,data/features/daugman_strict_v3/gabor_codes/10__1L__S3101L02.jpg.npz,data/features/daugman_strict_v3/gabor_codes/10__2R__S3102R08.jpg.npz,10,10,F10_T1,F10_T2,F10_T1_L,F10_T2_R,1,2,L,R,twin_cross_eye,0,1,0,True,0.4529158332051085,0,25996,,"S3101L02,S3102R08",filtered_from_final_matching_results
803,113,145,10/1L/S3101L02.jpg,10/2R/S3102R09.jpg,data/features/daugman_strict_v3/gabor_codes/10__1L__S3101L02.jpg.npz,data/features/daugman_strict_v3/gabor_codes/10__2R__S3102R09.jpg.npz,10,10,F10_T1,F10_T2,F10_T1_L,F10_T2_R,1,2,L,R,twin_cross_eye,0,1,0,True,0.4337227018791265,8,23628,,"S3101L02,S3102R09",filtered_from_final_matching_results
838,115,117,10/1L/S3101L04.jpg,10/1L/S3101L08.jpg,data/features/daugman_strict_v3/gabor_codes/10__1L__S3101L04.jpg.npz,data/features/daugman_strict_v3/gabor_codes/10__1L__S3101L08.jpg.npz,10,10,F10_T1,F10_T1,F10_T1_L,F10_T1_L,1,1,L,L,genuine,1,0,0,True,0.2610371692906996,0,24644,,"S3101L04,S3101L08",filtered_from_final_matching_results
839,115,118,10/1L/S3101L04.jpg,10/1L/S3101L09.jpg,data/features/daugman_strict_v3/gabor_codes/10__1L__S3101L04.jpg.npz,data/features/daugman_strict_v3/gabor_codes/10__1L__S3101L09.jpg.npz,10,10,F10_T1,F10_T1,F10_T1_L,F10_T1_L,1,1,L,L,genuine,1,0,0,True,0.2622996349785748,0,25204,,"S3101L04,S3101L09",filtered_from_final_matching_results
840,115,119,10/1L/S3101L04.jpg,10/1L/S3101L10.jpg,data/features/daugman_strict_v3/gabor_codes/10__1L__S3101L04.jpg.npz,data/features/daugman_strict_v3/gabor_codes/10__1L__S3101L10.jpg.npz,10,10,F10_T1,F10_T1,F10_T1_L,F10_T1_L,1,1,L,L,genuine,1,0,0,True,0.3086263996215108,0,25364,,"S3101L04,S3101L10",filtered_from_final_matching_results
842,115,121,10/1L/S3101L04.jpg,10/1R/S3101R02.jpg,data/features/daugman_strict_v3/gabor_codes/10__1L__S3101L04.jpg.npz,data/features/daugman_strict_v3/gabor_codes/10__1R__S3101R02.jpg.npz,10,10,F10_T1,F10_T1,F10_T1_L,F10_T1_R,1,1,L,R,same_subject_different_eye,0,0,0,True,0.4252261841405003,-14,22548,,"S3101L04,S3101R02",filtered_from_final_matching_results
843,115,122,10/1L/S3101L04.jpg,10/1R/S3101R03.jpg,data/features/daugman_strict_v3/gabor_codes/10__1L__S3101L04.jpg.npz,data/features/daugman_strict_v3/gabor_codes/10__1R__S3101R03.jpg.npz,10,10,F10_T1,F10_T1,F10_T1_L,F10_T1_R,1,1,L,R,same_subject_different_eye,0,0,0,True,0.464547997901731,-12,22876,,"S3101L04,S3101R03",filtered_from_final_matching_results
844,115,123,10/1L/S3101L04.jpg,10/1R/S3101R04.jpg,data/features/daugman_strict_v3/gabor_codes/10__1L__S3101L04.jpg.npz,data/features/daugman_strict_v3/gabor_codes/10__1R__S3101R04.jpg.npz,10,10,F10_T1,F10_T1,F10_T1_L,F10_T1_R,1,1,L,R,same_subject_different_eye,0,0,0,True,0.4557044079515989,-12,23140,,"S3101L04,S3101R04",filtered_from_final_matching_results
845,115,124,10/1L/S3101L04.jpg,10/1R/S3101R05.jpg,data/features/daugman_strict_v3/gabor_codes/10__1L__S3101L04.jpg.npz,data/features/daugman_strict_v3/gabor_codes/10__1R__S3101R05.jpg.npz,10,10,F10_T1,F10_T1,F10_T1_L,F10_T1_R,1,1,L,R,same_subject_different_eye,0,0,0,True,0.4222761970853574,-12,23056,,"S3101L04,S3101R05",filtered_from_final_matching_results
847,115,126,10/1L/S3101L04.jpg,10/1R/S3101R07.jpg,data/features/daugman_strict_v3/gabor_codes/10__1L__S3101L04.jpg.npz,data/features/daugman_strict_v3/gabor_codes/10__1R__S3101R07.jpg.npz,10,10,F10_T1,F10_T1,F10_T1_L,F10_T1_R,1,1,L,R,same_subject_different_eye,0,0,0,True,0.4254696915987238,-12,22568,,"S3101L04,S3101R07",filtered_from_final_matching_results
850,115,129,10/1L/S3101L04.jpg,10/2L/S3102L01.jpg,data/features/daugman_strict_v3/gabor_codes/10__1L__S3101L04.jpg.npz,data/features/daugman_strict_v3/gabor_codes/10__2L__S3102L01.jpg.npz,10,10,F10_T1,F10_T2,F10_T1_L,F10_T2_L,1,2,L,L,twin_same_eye,0,1,0,True,0.4361047275114905,0,24368,,"S3101L04,S3102L01",filtered_from_final_matching_results
853,115,132,10/1L/S3101L04.jpg,10/2L/S3102L06.jpg,data/features/daugman_strict_v3/gabor_codes/10__1L__S3101L04.jpg.npz,data/features/daugman_strict_v3/gabor_codes/10__2L__S3102L06.jpg.npz,10,10,F10_T1,F10_T2,F10_T1_L,F10_T2_L,1,2,L,L,twin_same_eye,0,1,0,True,0.4103433098591549,0,22720,,"S3101L04,S3102L06",filtered_from_final_matching_results
854,115,133,10/1L/S3101L04.jpg,10/2L/S3102L07.jpg,data/features/daugman_strict_v3/gabor_codes/10__1L__S3101L04.jpg.npz,data/features/daugman_strict_v3/gabor_codes/10__2L__S3102L07.jpg.npz,10,10,F10_T1,F10_T2,F10_T1_L,F10_T2_L,1,2,L,L,twin_same_eye,0,1,0,True,0.4137826613600969,-4,23116,,"S3101L04,S3102L07",filtered_from_final_matching_results
856,115,135,10/1L/S3101L04.jpg,10/2L/S3102L09.jpg,data/features/daugman_strict_v3/gabor_codes/10__1L__S3101L04.jpg.npz,data/features/daugman_strict_v3/gabor_codes/10__2L__S3102L09.jpg.npz,10,10,F10_T1,F10_T2,F10_T1_L,F10_T2_L,1,2,L,L,twin_same_eye,0,1,0,True,0.4453098399727613,-6,23496,,"S3101L04,S3102L09",filtered_from_final_matching_results
857,115,136,10/1L/S3101L04.jpg,10/2L/S3102L10.jpg,data/features/daugman_strict_v3/gabor_codes/10__1L__S3101L04.jpg.npz,data/features/daugman_strict_v3/gabor_codes/10__2L__S3102L10.jpg.npz,10,10,F10_T1,F10_T2,F10_T1_L,F10_T2_L,1,2,L,L,twin_same_eye,0,1,0,True,0.4419107268877911,-6,22672,,"S3101L04,S3102L10",filtered_from_final_matching_results
859,115,138,10/1L/S3101L04.jpg,10/2R/S3102R02.jpg,data/features/daugman_strict_v3/gabor_codes/10__1L__S3101L04.jpg.npz,data/features/daugman_strict_v3/gabor_codes/10__2R__S3102R02.jpg.npz,10,10,F10_T1,F10_T2,F10_T1_L,F10_T2_R,1,2,L,R,twin_cross_eye,0,1,0,True,0.4297838270616493,0,24980,,"S3101L04,S3102R02",filtered_from_final_matching_results
863,115,142,10/1L/S3101L04.jpg,10/2R/S3102R06.jpg,data/features/daugman_strict_v3/gabor_codes/10__1L__S3101L04.jpg.npz,data/features/daugman_strict_v3/gabor_codes/10__2R__S3102R06.jpg.npz,10,10,F10_T1,F10_T2,F10_T1_L,F10_T2_R,1,2,L,R,twin_cross_eye,0,1,0,True,0.4419216847647252,0,24312,,"S3101L04,S3102R06",filtered_from_final_matching_results
864,115,143,10/1L/S3101L04.jpg,10/2R/S3102R07.jpg,data/features/daugman_strict_v3/gabor_codes/10__1L__S3101L04.jpg.npz,data/features/daugman_strict_v3/gabor_codes/10__2R__S3102R07.jpg.npz,10,10,F10_T1,F10_T2,F10_T1_L,F10_T2_R,1,2,L,R,twin_cross_eye,0,1,0,True,0.4445606694560669,0,24856,,"S3101L04,S3102R07",filtered_from_final_matching_results
865,115,144,10/1L/S3101L04.jpg,10/2R/S3102R08.jpg,data/features/daugman_strict_v3/gabor_codes/10__1L__S3101L04.jpg.npz,data/features/daugman_strict_v3/gabor_codes/10__2R__S3102R08.jpg.npz,10,10,F10_T1,F10_T2,F10_T1_L,F10_T2_R,1,2,L,R,twin_cross_eye,0,1,0,True,0.4433487703609071,0,25048,,"S3101L04,S3102R08",filtered_from_final_matching_results
866,115,145,10/1L/S3101L04.jpg,10/2R/S3102R09.jpg,data/features/daugman_strict_v3/gabor_codes/10__1L__S3101L04.jpg.npz,data/features/daugman_strict_v3/gabor_codes/10__2R__S3102R09.jpg.npz,10,10,F10_T1,F10_T2,F10_T1_L,F10_T2_R,1,2,L,R,twin_cross_eye,0,1,0,True,0.4370656706045865,6,23024,,"S3101L04,S3102R09",filtered_from_final_matching_results
898,117,118,10/1L/S3101L08.jpg,10/1L/S3101L09.jpg,data/features/daugman_strict_v3/gabor_codes/10__1L__S3101L08.jpg.npz,data/features/daugman_strict_v3/gabor_codes/10__1L__S3101L09.jpg.npz,10,10,F10_T1,F10_T1,F10_T1_L,F10_T1_L,1,1,L,L,genuine,1,0,0,True,0.3153207607994842,0,24816,,"S3101L08,S3101L09",filtered_from_final_matching_results
899,117,119,10/1L/S3101L08.jpg,10/1L/S3101L10.jpg,data/features/daugman_strict_v3/gabor_codes/10__1L__S3101L08.jpg.npz,data/features/daugman_strict_v3/gabor_codes/10__1L__S3101L10.jpg.npz,10,10,F10_T1,F10_T1,F10_T1_L,F10_T1_L,1,1,L,L,genuine,1,0,0,True,0.3261578863600191,0,25132,,"S3101L08,S3101L10",filtered_from_final_matching_results
901,117,121,10/1L/S3101L08.jpg,10/1R/S3101R02.jpg,data/features/daugman_strict_v3/gabor_codes/10__1L__S3101L08.jpg.npz,data/features/daugman_strict_v3/gabor_codes/10__1R__S3101R02.jpg.npz,10,10,F10_T1,F10_T1,F10_T1_L,F10_T1_R,1,1,L,R,same_subject_different_eye,0,0,0,True,0.440123789020452,-12,22296,,"S3101L08,S3101R02",filtered_from_final_matching_results
902,117,122,10/1L/S3101L08.jpg,10/1R/S3101R03.jpg,data/features/daugman_strict_v3/gabor_codes/10__1L__S3101L08.jpg.npz,data/features/daugman_strict_v3/gabor_codes/10__1R__S3101R03.jpg.npz,10,10,F10_T1,F10_T1,F10_T1_L,F10_T1_R,1,1,L,R,same_subject_different_eye,0,0,0,True,0.4601269998350651,0,24252,,"S3101L08,S3101R03",filtered_from_final_matching_results
903,117,123,10/1L/S3101L08.jpg,10/1R/S3101R04.jpg,data/features/daugman_strict_v3/gabor_codes/10__1L__S3101L08.jpg.npz,data/features/daugman_strict_v3/gabor_codes/10__1R__S3101R04.jpg.npz,10,10,F10_T1,F10_T1,F10_T1_L,F10_T1_R,1,1,L,R,same_subject_different_eye,0,0,0,True,0.4511923829862965,-12,22476,,"S3101L08,S3101R04",filtered_from_final_matching_results
904,117,124,10/1L/S3101L08.jpg,10/1R/S3101R05.jpg,data/features/daugman_strict_v3/gabor_codes/10__1L__S3101L08.jpg.npz,data/features/daugman_strict_v3/gabor_codes/10__1R__S3101R05.jpg.npz,10,10,F10_T1,F10_T1,F10_T1_L,F10_T1_R,1,1,L,R,same_subject_different_eye,0,0,0,True,0.4128888888888889,-12,22500,,"S3101L08,S3101R05",filtered_from_final_matching_results
906,117,126,10/1L/S3101L08.jpg,10/1R/S3101R07.jpg,data/features/daugman_strict_v3/gabor_codes/10__1L__S3101L08.jpg.npz,data/features/daugman_strict_v3/gabor_codes/10__1R__S3101R07.jpg.npz,10,10,F10_T1,F10_T1,F10_T1_L,F10_T1_R,1,1,L,R,same_subject_different_eye,0,0,0,True,0.4317270905447258,-12,21956,,"S3101L08,S3101R07",filtered_from_final_matching_results
909,117,129,10/1L/S3101L08.jpg,10/2L/S3102L01.jpg,data/features/daugman_strict_v3/gabor_codes/10__1L__S3101L08.jpg.npz,data/features/daugman_strict_v3/gabor_codes/10__2L__S3102L01.jpg.npz,10,10,F10_T1,F10_T2,F10_T1_L,F10_T2_L,1,2,L,L,twin_same_eye,0,1,0,True,0.4231779382797111,0,24368,,"S3101L08,S3102L01",filtered_from_final_matching_results
912,117,132,10/1L/S3101L08.jpg,10/2L/S3102L06.jpg,data/features/daugman_strict_v3/gabor_codes/10__1L__S3101L08.jpg.npz,data/features/daugman_strict_v3/gabor_codes/10__2L__S3102L06.jpg.npz,10,10,F10_T1,F10_T2,F10_T1_L,F10_T2_L,1,2,L,L,twin_same_eye,0,1,0,True,0.4180981051885957,0,22588,,"S3101L08,S3102L06",filtered_from_final_matching_results
913,117,133,10/1L/S3101L08.jpg,10/2L/S3102L07.jpg,data/features/daugman_strict_v3/gabor_codes/10__1L__S3101L08.jpg.npz,data/features/daugman_strict_v3/gabor_codes/10__2L__S3102L07.jpg.npz,10,10,F10_T1,F10_T2,F10_T1_L,F10_T2_L,1,2,L,L,twin_same_eye,0,1,0,True,0.4292035398230088,-2,23052,,"S3101L08,S3102L07",filtered_from_final_matching_results
915,117,135,10/1L/S3101L08.jpg,10/2L/S3102L09.jpg,data/features/daugman_strict_v3/gabor_codes/10__1L__S3101L08.jpg.npz,data/features/daugman_strict_v3/gabor_codes/10__2L__S3102L09.jpg.npz,10,10,F10_T1,F10_T2,F10_T1_L,F10_T2_L,1,2,L,L,twin_same_eye,0,1,0,True,0.4259903640256959,-10,22416,,"S3101L08,S3102L09",filtered_from_final_matching_results
916,117,136,10/1L/S3101L08.jpg,10/2L/S3102L10.jpg,data/features/daugman_strict_v3/gabor_codes/10__1L__S3101L08.jpg.npz,data/features/daugman_strict_v3/gabor_codes/10__2L__S3102L10.jpg.npz,10,10,F10_T1,F10_T2,F10_T1_L,F10_T2_L,1,2,L,L,twin_same_eye,0,1,0,True,0.4199466617620011,-10,21748,,"S3101L08,S3102L10",filtered_from_final_matching_results
918,117,138,10/1L/S3101L08.jpg,10/2R/S3102R02.jpg,data/features/daugman_strict_v3/gabor_codes/10__1L__S3101L08.jpg.npz,data/features/daugman_strict_v3/gabor_codes/10__2R__S3102R02.jpg.npz,10,10,F10_T1,F10_T2,F10_T1_L,F10_T2_R,1,2,L,R,twin_cross_eye,0,1,0,True,0.4238039478086317,2,23912,,"S3101L08,S3102R02",filtered_from_final_matching_results
922,117,142,10/1L/S3101L08.jpg,10/2R/S3102R06.jpg,data/features/daugman_strict_v3/gabor_codes/10__1L__S3101L08.jpg.npz,data/features/daugman_strict_v3/gabor_codes/10__2R__S3102R06.jpg.npz,10,10,F10_T1,F10_T2,F10_T1_L,F10_T2_R,1,2,L,R,twin_cross_eye,0,1,0,True,0.4378617945007236,8,22112,,"S3101L08,S3102R06",filtered_from_final_matching_results
923,117,143,10/1L/S3101L08.jpg,10/2R/S3102R07.jpg,data/features/daugman_strict_v3/gabor_codes/10__1L__S3101L08.jpg.npz,data/features/daugman_strict_v3/gabor_codes/10__2R__S3102R07.jpg.npz,10,10,F10_T1,F10_T2,F10_T1_L,F10_T2_R,1,2,L,R,twin_cross_eye,0,1,0,True,0.4398051496172582,6,22992,,"S3101L08,S3102R07",filtered_from_final_matching_results
924,117,144,10/1L/S3101L08.jpg,10/2R/S3102R08.jpg,data/features/daugman_strict_v3/gabor_codes/10__1L__S3101L08.jpg.npz,data/features/daugman_strict_v3/gabor_codes/10__2R__S3102R08.jpg.npz,10,10,F10_T1,F10_T2,F10_T1_L,F10_T2_R,1,2,L,R,twin_cross_eye,0,1,0,True,0.4570546888393622,6,23332,,"S3101L08,S3102R08",filtered_from_final_matching_results
925,117,145,10/1L/S3101L08.jpg,10/2R/S3102R09.jpg,data/features/daugman_strict_v3/gabor_codes/10__1L__S3101L08.jpg.npz,data/features/daugman_strict_v3/gabor_codes/10__2R__S3102R09.jpg.npz,10,10,F10_T1,F10_T2,F10_T1_L,F10_T2_R,1,2,L,R,twin_cross_eye,0,1,0,True,0.4103265589716866,6,23028,,"S3101L08,S3102R09",filtered_from_final_matching_results
927,118,119,10/1L/S3101L09.jpg,10/1L/S3101L10.jpg,data/features/daugman_strict_v3/gabor_codes/10__1L__S3101L09.jpg.npz,data/features/daugman_strict_v3/gabor_codes/10__1L__S3101L10.jpg.npz,10,10,F10_T1,F10_T1,F10_T1_L,F10_T1_L,1,1,L,L,genuine,1,0,0,True,0.2690362461365552,0,28472,,"S3101L09,S3101L10",filtered_from_final_matching_results
929,118,121,10/1L/S3101L09.jpg,10/1R/S3101R02.jpg,data/features/daugman_strict_v3/gabor_codes/10__1L__S3101L09.jpg.npz,data/features/daugman_strict_v3/gabor_codes/10__1R__S3101R02.jpg.npz,10,10,F10_T1,F10_T1,F10_T1_L,F10_T1_R,1,1,L,R,same_subject_different_eye,0,0,0,True,0.4485590562938629,-2,26788,,"S3101L09,S3101R02",filtered_from_final_matching_results
930,118,122,10/1L/S3101L09.jpg,10/1R/S3101R03.jpg,data/features/daugman_strict_v3/gabor_codes/10__1L__S3101L09.jpg.npz,data/features/daugman_strict_v3/gabor_codes/10__1R__S3101R03.jpg.npz,10,10,F10_T1,F10_T1,F10_T1_L,F10_T1_R,1,1,L,R,same_subject_different_eye,0,0,0,True,0.4475413467217956,0,27088,,"S3101L09,S3101R03",filtered_from_final_matching_results
931,118,123,10/1L/S3101L09.jpg,10/1R/S3101R04.jpg,data/features/daugman_strict_v3/gabor_codes/10__1L__S3101L09.jpg.npz,data/features/daugman_strict_v3/gabor_codes/10__1R__S3101R04.jpg.npz,10,10,F10_T1,F10_T1,F10_T1_L,F10_T1_R,1,1,L,R,same_subject_different_eye,0,0,0,True,0.4677093436792758,-12,24744,,"S3101L09,S3101R04",filtered_from_final_matching_results
932,118,124,10/1L/S3101L09.jpg,10/1R/S3101R05.jpg,data/features/daugman_strict_v3/gabor_codes/10__1L__S3101L09.jpg.npz,data/features/daugman_strict_v3/gabor_codes/10__1R__S3101R05.jpg.npz,10,10,F10_T1,F10_T1,F10_T1_L,F10_T1_R,1,1,L,R,same_subject_different_eye,0,0,0,True,0.4332864128018965,-2,26996,,"S3101L09,S3101R05",filtered_from_final_matching_results
934,118,126,10/1L/S3101L09.jpg,10/1R/S3101R07.jpg,data/features/daugman_strict_v3/gabor_codes/10__1L__S3101L09.jpg.npz,data/features/daugman_strict_v3/gabor_codes/10__1R__S3101R07.jpg.npz,10,10,F10_T1,F10_T1,F10_T1_L,F10_T1_R,1,1,L,R,same_subject_different_eye,0,0,0,True,0.448807157057654,-12,24144,,"S3101L09,S3101R07",filtered_from_final_matching_results
937,118,129,10/1L/S3101L09.jpg,10/2L/S3102L01.jpg,data/features/daugman_strict_v3/gabor_codes/10__1L__S3101L09.jpg.npz,data/features/daugman_strict_v3/gabor_codes/10__2L__S3102L01.jpg.npz,10,10,F10_T1,F10_T2,F10_T1_L,F10_T2_L,1,2,L,L,twin_same_eye,0,1,0,True,0.4474912039161695,0,26148,,"S3101L09,S3102L01",filtered_from_final_matching_results
940,118,132,10/1L/S3101L09.jpg,10/2L/S3102L06.jpg,data/features/daugman_strict_v3/gabor_codes/10__1L__S3101L09.jpg.npz,data/features/daugman_strict_v3/gabor_codes/10__2L__S3102L06.jpg.npz,10,10,F10_T1,F10_T2,F10_T1_L,F10_T2_L,1,2,L,L,twin_same_eye,0,1,0,True,0.4130338472443736,-8,22572,,"S3101L09,S3102L06",filtered_from_final_matching_results
941,118,133,10/1L/S3101L09.jpg,10/2L/S3102L07.jpg,data/features/daugman_strict_v3/gabor_codes/10__1L__S3101L09.jpg.npz,data/features/daugman_strict_v3/gabor_codes/10__2L__S3102L07.jpg.npz,10,10,F10_T1,F10_T2,F10_T1_L,F10_T2_L,1,2,L,L,twin_same_eye,0,1,0,True,0.4122856680685862,-2,24728,,"S3101L09,S3102L07",filtered_from_final_matching_results
943,118,135,10/1L/S3101L09.jpg,10/2L/S3102L09.jpg,data/features/daugman_strict_v3/gabor_codes/10__1L__S3101L09.jpg.npz,data/features/daugman_strict_v3/gabor_codes/10__2L__S3102L09.jpg.npz,10,10,F10_T1,F10_T2,F10_T1_L,F10_T2_L,1,2,L,L,twin_same_eye,0,1,0,True,0.4515609514370664,-8,24216,,"S3101L09,S3102L09",filtered_from_final_matching_results
944,118,136,10/1L/S3101L09.jpg,10/2L/S3102L10.jpg,data/features/daugman_strict_v3/gabor_codes/10__1L__S3101L09.jpg.npz,data/features/daugman_strict_v3/gabor_codes/10__2L__S3102L10.jpg.npz,10,10,F10_T1,F10_T2,F10_T1_L,F10_T2_L,1,2,L,L,twin_same_eye,0,1,0,True,0.4551548175056218,-8,23124,,"S3101L09,S3102L10",filtered_from_final_matching_results
946,118,138,10/1L/S3101L09.jpg,10/2R/S3102R02.jpg,data/features/daugman_strict_v3/gabor_codes/10__1L__S3101L09.jpg.npz,data/features/daugman_strict_v3/gabor_codes/10__2R__S3102R02.jpg.npz,10,10,F10_T1,F10_T2,F10_T1_L,F10_T2_R,1,2,L,R,twin_cross_eye,0,1,0,True,0.4344701024621502,0,26156,,"S3101L09,S3102R02",filtered_from_final_matching_results
950,118,142,10/1L/S3101L09.jpg,10/2R/S3102R06.jpg,data/features/daugman_strict_v3/gabor_codes/10__1L__S3101L09.jpg.npz,data/features/daugman_strict_v3/gabor_codes/10__2R__S3102R06.jpg.npz,10,10,F10_T1,F10_T2,F10_T1_L,F10_T2_R,1,2,L,R,twin_cross_eye,0,1,0,True,0.4112301200908795,6,24648,,"S3101L09,S3102R06",filtered_from_final_matching_results
951,118,143,10/1L/S3101L09.jpg,10/2R/S3102R07.jpg,data/features/daugman_strict_v3/gabor_codes/10__1L__S3101L09.jpg.npz,data/features/daugman_strict_v3/gabor_codes/10__2R__S3102R07.jpg.npz,10,10,F10_T1,F10_T2,F10_T1_L,F10_T2_R,1,2,L,R,twin_cross_eye,0,1,0,True,0.4104651162790698,4,25800,,"S3101L09,S3102R07",filtered_from_final_matching_results
952,118,144,10/1L/S3101L09.jpg,10/2R/S3102R08.jpg,data/features/daugman_strict_v3/gabor_codes/10__1L__S3101L09.jpg.npz,data/features/daugman_strict_v3/gabor_codes/10__2R__S3102R08.jpg.npz,10,10,F10_T1,F10_T2,F10_T1_L,F10_T2_R,1,2,L,R,twin_cross_eye,0,1,0,True,0.4258994430227307,2,26572,,"S3101L09,S3102R08",filtered_from_final_matching_results
953,118,145,10/1L/S3101L09.jpg,10/2R/S3102R09.jpg,data/features/daugman_strict_v3/gabor_codes/10__1L__S3101L09.jpg.npz,data/features/daugman_strict_v3/gabor_codes/10__2R__S3102R09.jpg.npz,10,10,F10_T1,F10_T2,F10_T1_L,F10_T2_R,1,2,L,R,twin_cross_eye,0,1,0,True,0.4147735877631379,2,26412,,"S3101L09,S3102R09",filtered_from_final_matching_results
956,119,121,10/1L/S3101L10.jpg,10/1R/S3101R02.jpg,data/features/daugman_strict_v3/gabor_codes/10__1L__S3101L10.jpg.npz,data/features/daugman_strict_v3/gabor_codes/10__1R__S3101R02.jpg.npz,10,10,F10_T1,F10_T1,F10_T1_L,F10_T1_R,1,1,L,R,same_subject_different_eye,0,0,0,True,0.4349325807463154,-10,25512,,"S3101L10,S3101R02",filtered_from_final_matching_results
957,119,122,10/1L/S3101L10.jpg,10/1R/S3101R03.jpg,data/features/daugman_strict_v3/gabor_codes/10__1L__S3101L10.jpg.npz,data/features/daugman_strict_v3/gabor_codes/10__1R__S3101R03.jpg.npz,10,10,F10_T1,F10_T1,F10_T1_L,F10_T1_R,1,1,L,R,same_subject_different_eye,0,0,0,True,0.4449905344400757,0,27468,,"S3101L10,S3101R03",filtered_from_final_matching_results
958,119,123,10/1L/S3101L10.jpg,10/1R/S3101R04.jpg,data/features/daugman_strict_v3/gabor_codes/10__1L__S3101L10.jpg.npz,data/features/daugman_strict_v3/gabor_codes/10__1R__S3101R04.jpg.npz,10,10,F10_T1,F10_T1,F10_T1_L,F10_T1_R,1,1,L,R,same_subject_different_eye,0,0,0,True,0.4716796875,-6,26624,,"S3101L10,S3101R04",filtered_from_final_matching_results
959,119,124,10/1L/S3101L10.jpg,10/1R/S3101R05.jpg,data/features/daugman_strict_v3/gabor_codes/10__1L__S3101L10.jpg.npz,data/features/daugman_strict_v3/gabor_codes/10__1R__S3101R05.jpg.npz,10,10,F10_T1,F10_T1,F10_T1_L,F10_T1_R,1,1,L,R,same_subject_different_eye,0,0,0,True,0.4416251556662515,-10,25696,,"S3101L10,S3101R05",filtered_from_final_matching_results
961,119,126,10/1L/S3101L10.jpg,10/1R/S3101R07.jpg,data/features/daugman_strict_v3/gabor_codes/10__1L__S3101L10.jpg.npz,data/features/daugman_strict_v3/gabor_codes/10__1R__S3101R07.jpg.npz,10,10,F10_T1,F10_T1,F10_T1_L,F10_T1_R,1,1,L,R,same_subject_different_eye,0,0,0,True,0.4656962025316455,-16,23700,,"S3101L10,S3101R07",filtered_from_final_matching_results
964,119,129,10/1L/S3101L10.jpg,10/2L/S3102L01.jpg,data/features/daugman_strict_v3/gabor_codes/10__1L__S3101L10.jpg.npz,data/features/daugman_strict_v3/gabor_codes/10__2L__S3102L01.jpg.npz,10,10,F10_T1,F10_T2,F10_T1_L,F10_T2_L,1,2,L,L,twin_same_eye,0,1,0,True,0.4099492461561427,0,26796,,"S3101L10,S3102L01",filtered_from_final_matching_results
967,119,132,10/1L/S3101L10.jpg,10/2L/S3102L06.jpg,data/features/daugman_strict_v3/gabor_codes/10__1L__S3101L10.jpg.npz,data/features/daugman_strict_v3/gabor_codes/10__2L__S3102L06.jpg.npz,10,10,F10_T1,F10_T2,F10_T1_L,F10_T2_L,1,2,L,L,twin_same_eye,0,1,0,True,0.38648108018003,2,23996,,"S3101L10,S3102L06",filtered_from_final_matching_results
968,119,133,10/1L/S3101L10.jpg,10/2L/S3102L07.jpg,data/features/daugman_strict_v3/gabor_codes/10__1L__S3101L10.jpg.npz,data/features/daugman_strict_v3/gabor_codes/10__2L__S3102L07.jpg.npz,10,10,F10_T1,F10_T2,F10_T1_L,F10_T2_L,1,2,L,L,twin_same_eye,0,1,0,True,0.4043713702715429,0,25484,,"S3101L10,S3102L07",filtered_from_final_matching_results
970,119,135,10/1L/S3101L10.jpg,10/2L/S3102L09.jpg,data/features/daugman_strict_v3/gabor_codes/10__1L__S3101L10.jpg.npz,data/features/daugman_strict_v3/gabor_codes/10__2L__S3102L09.jpg.npz,10,10,F10_T1,F10_T2,F10_T1_L,F10_T2_L,1,2,L,L,twin_same_eye,0,1,0,True,0.4486341059602649,-10,24160,,"S3101L10,S3102L09",filtered_from_final_matching_results
971,119,136,10/1L/S3101L10.jpg,10/2L/S3102L10.jpg,data/features/daugman_strict_v3/gabor_codes/10__1L__S3101L10.jpg.npz,data/features/daugman_strict_v3/gabor_codes/10__2L__S3102L10.jpg.npz,10,10,F10_T1,F10_T2,F10_T1_L,F10_T2_L,1,2,L,L,twin_same_eye,0,1,0,True,0.446641156462585,-8,23520,,"S3101L10,S3102L10",filtered_from_final_matching_results
973,119,138,10/1L/S3101L10.jpg,10/2R/S3102R02.jpg,data/features/daugman_strict_v3/gabor_codes/10__1L__S3101L10.jpg.npz,data/features/daugman_strict_v3/gabor_codes/10__2R__S3102R02.jpg.npz,10,10,F10_T1,F10_T2,F10_T1_L,F10_T2_R,1,2,L,R,twin_cross_eye,0,1,0,True,0.4538858049167327,6,25220,,"S3101L10,S3102R02",filtered_from_final_matching_results
977,119,142,10/1L/S3101L10.jpg,10/2R/S3102R06.jpg,data/features/daugman_strict_v3/gabor_codes/10__1L__S3101L10.jpg.npz,data/features/daugman_strict_v3/gabor_codes/10__2R__S3102R06.jpg.npz,10,10,F10_T1,F10_T2,F10_T1_L,F10_T2_R,1,2,L,R,twin_cross_eye,0,1,0,True,0.439687602224403,8,24456,,"S3101L10,S3102R06",filtered_from_final_matching_results
978,119,143,10/1L/S3101L10.jpg,10/2R/S3102R07.jpg,data/features/daugman_strict_v3/gabor_codes/10__1L__S3101L10.jpg.npz,data/features/daugman_strict_v3/gabor_codes/10__2R__S3102R07.jpg.npz,10,10,F10_T1,F10_T2,F10_T1_L,F10_T2_R,1,2,L,R,twin_cross_eye,0,1,0,True,0.440715552927262,0,27056,,"S3101L10,S3102R07",filtered_from_final_matching_results
979,119,144,10/1L/S3101L10.jpg,10/2R/S3102R08.jpg,data/features/daugman_strict_v3/gabor_codes/10__1L__S3101L10.jpg.npz,data/features/daugman_strict_v3/gabor_codes/10__2R__S3102R08.jpg.npz,10,10,F10_T1,F10_T2,F10_T1_L,F10_T2_R,1,2,L,R,twin_cross_eye,0,1,0,True,0.4400993883792048,6,26160,,"S3101L10,S3102R08",filtered_from_final_matching_results
980,119,145,10/1L/S3101L10.jpg,10/2R/S3102R09.jpg,data/features/daugman_strict_v3/gabor_codes/10__1L__S3101L10.jpg.npz,data/features/daugman_strict_v3/gabor_codes/10__2R__S3102R09.jpg.npz,10,10,F10_T1,F10_T2,F10_T1_L,F10_T2_R,1,2,L,R,twin_cross_eye,0,1,0,True,0.4228437168409883,4,26388,,"S3101L10,S3102R09",filtered_from_final_matching_results
1008,121,122,10/1R/S3101R02.jpg,10/1R/S3101R03.jpg,data/features/daugman_strict_v3/gabor_codes/10__1R__S3101R02.jpg.npz,data/features/daugman_strict_v3/gabor_codes/10__1R__S3101R03.jpg.npz,10,10,F10_T1,F10_T1,F10_T1_R,F10_T1_R,1,1,R,R,genuine,1,0,0,True,0.2865706583427923,0,28192,,"S3101R02,S3101R03",filtered_from_final_matching_results
1009,121,123,10/1R/S3101R02.jpg,10/1R/S3101R04.jpg,data/features/daugman_strict_v3/gabor_codes/10__1R__S3101R02.jpg.npz,data/features/daugman_strict_v3/gabor_codes/10__1R__S3101R04.jpg.npz,10,10,F10_T1,F10_T1,F10_T1_R,F10_T1_R,1,1,R,R,genuine,1,0,0,True,0.271518544436669,0,28580,,"S3101R02,S3101R04",filtered_from_final_matching_results
1010,121,124,10/1R/S3101R02.jpg,10/1R/S3101R05.jpg,data/features/daugman_strict_v3/gabor_codes/10__1R__S3101R02.jpg.npz,data/features/daugman_strict_v3/gabor_codes/10__1R__S3101R05.jpg.npz,10,10,F10_T1,F10_T1,F10_T1_R,F10_T1_R,1,1,R,R,genuine,1,0,0,True,0.2045454545454545,0,28556,,"S3101R02,S3101R05",filtered_from_final_matching_results
1012,121,126,10/1R/S3101R02.jpg,10/1R/S3101R07.jpg,data/features/daugman_strict_v3/gabor_codes/10__1R__S3101R02.jpg.npz,data/features/daugman_strict_v3/gabor_codes/10__1R__S3101R07.jpg.npz,10,10,F10_T1,F10_T1,F10_T1_R,F10_T1_R,1,1,R,R,genuine,1,0,0,True,0.319191261574074,0,27648,,"S3101R02,S3101R07",filtered_from_final_matching_results
1015,121,129,10/1R/S3101R02.jpg,10/2L/S3102L01.jpg,data/features/daugman_strict_v3/gabor_codes/10__1R__S3101R02.jpg.npz,data/features/daugman_strict_v3/gabor_codes/10__2L__S3102L01.jpg.npz,10,10,F10_T1,F10_T2,F10_T1_R,F10_T2_L,1,2,R,L,twin_cross_eye,0,1,0,True,0.4420442571127502,0,26572,,"S3101R02,S3102L01",filtered_from_final_matching_results
1018,121,132,10/1R/S3101R02.jpg,10/2L/S3102L06.jpg,data/features/daugman_strict_v3/gabor_codes/10__1R__S3101R02.jpg.npz,data/features/daugman_strict_v3/gabor_codes/10__2L__S3102L06.jpg.npz,10,10,F10_T1,F10_T2,F10_T1_R,F10_T2_L,1,2,R,L,twin_cross_eye,0,1,0,True,0.4625612020935337,0,23692,,"S3101R02,S3102L06",filtered_from_final_matching_results
1019,121,133,10/1R/S3101R02.jpg,10/2L/S3102L07.jpg,data/features/daugman_strict_v3/gabor_codes/10__1R__S3101R02.jpg.npz,data/features/daugman_strict_v3/gabor_codes/10__2L__S3102L07.jpg.npz,10,10,F10_T1,F10_T2,F10_T1_R,F10_T2_L,1,2,R,L,twin_cross_eye,0,1,0,True,0.4356690080520815,10,23348,,"S3101R02,S3102L07",filtered_from_final_matching_results
1021,121,135,10/1R/S3101R02.jpg,10/2L/S3102L09.jpg,data/features/daugman_strict_v3/gabor_codes/10__1R__S3101R02.jpg.npz,data/features/daugman_strict_v3/gabor_codes/10__2L__S3102L09.jpg.npz,10,10,F10_T1,F10_T2,F10_T1_R,F10_T2_L,1,2,R,L,twin_cross_eye,0,1,0,True,0.430509674374705,2,25428,,"S3101R02,S3102L09",filtered_from_final_matching_results
1022,121,136,10/1R/S3101R02.jpg,10/2L/S3102L10.jpg,data/features/daugman_strict_v3/gabor_codes/10__1R__S3101R02.jpg.npz,data/features/daugman_strict_v3/gabor_codes/10__2L__S3102L10.jpg.npz,10,10,F10_T1,F10_T2,F10_T1_R,F10_T2_L,1,2,R,L,twin_cross_eye,0,1,0,True,0.4415573770491803,2,24400,,"S3101R02,S3102L10",filtered_from_final_matching_results
1024,121,138,10/1R/S3101R02.jpg,10/2R/S3102R02.jpg,data/features/daugman_strict_v3/gabor_codes/10__1R__S3101R02.jpg.npz,data/features/daugman_strict_v3/gabor_codes/10__2R__S3102R02.jpg.npz,10,10,F10_T1,F10_T2,F10_T1_R,F10_T2_R,1,2,R,R,twin_same_eye,0,1,0,True,0.4457840819542947,-2,25380,,"S3101R02,S3102R02",filtered_from_final_matching_results
1028,121,142,10/1R/S3101R02.jpg,10/2R/S3102R06.jpg,data/features/daugman_strict_v3/gabor_codes/10__1R__S3101R02.jpg.npz,data/features/daugman_strict_v3/gabor_codes/10__2R__S3102R06.jpg.npz,10,10,F10_T1,F10_T2,F10_T1_R,F10_T2_R,1,2,R,R,twin_same_eye,0,1,0,True,0.414396731293062,2,24964,,"S3101R02,S3102R06",filtered_from_final_matching_results
1029,121,143,10/1R/S3101R02.jpg,10/2R/S3102R07.jpg,data/features/daugman_strict_v3/gabor_codes/10__1R__S3101R02.jpg.npz,data/features/daugman_strict_v3/gabor_codes/10__2R__S3102R07.jpg.npz,10,10,F10_T1,F10_T2,F10_T1_R,F10_T2_R,1,2,R,R,twin_same_eye,0,1,0,True,0.4304514214308029,4,25608,,"S3101R02,S3102R07",filtered_from_final_matching_results
1030,121,144,10/1R/S3101R02.jpg,10/2R/S3102R08.jpg,data/features/daugman_strict_v3/gabor_codes/10__1R__S3101R02.jpg.npz,data/features/daugman_strict_v3/gabor_codes/10__2R__S3102R08.jpg.npz,10,10,F10_T1,F10_T2,F10_T1_R,F10_T2_R,1,2,R,R,twin_same_eye,0,1,0,True,0.4224609375,6,25600,,"S3101R02,S3102R08",filtered_from_final_matching_results
1031,121,145,10/1R/S3101R02.jpg,10/2R/S3102R09.jpg,data/features/daugman_strict_v3/gabor_codes/10__1R__S3101R02.jpg.npz,data/features/daugman_strict_v3/gabor_codes/10__2R__S3102R09.jpg.npz,10,10,F10_T1,F10_T2,F10_T1_R,F10_T2_R,1,2,R,R,twin_same_eye,0,1,0,True,0.4309445768772348,0,26848,,"S3101R02,S3102R09",filtered_from_final_matching_results
1033,122,123,10/1R/S3101R03.jpg,10/1R/S3101R04.jpg,data/features/daugman_strict_v3/gabor_codes/10__1R__S3101R03.jpg.npz,data/features/daugman_strict_v3/gabor_codes/10__1R__S3101R04.jpg.npz,10,10,F10_T1,F10_T1,F10_T1_R,F10_T1_R,1,1,R,R,genuine,1,0,0,True,0.2016871165644171,0,28688,,"S3101R03,S3101R04",filtered_from_final_matching_results
1034,122,124,10/1R/S3101R03.jpg,10/1R/S3101R05.jpg,data/features/daugman_strict_v3/gabor_codes/10__1R__S3101R03.jpg.npz,data/features/daugman_strict_v3/gabor_codes/10__1R__S3101R05.jpg.npz,10,10,F10_T1,F10_T1,F10_T1_R,F10_T1_R,1,1,R,R,genuine,1,0,0,True,0.3031457187191423,0,28356,,"S3101R03,S3101R05",filtered_from_final_matching_results
1036,122,126,10/1R/S3101R03.jpg,10/1R/S3101R07.jpg,data/features/daugman_strict_v3/gabor_codes/10__1R__S3101R03.jpg.npz,data/features/daugman_strict_v3/gabor_codes/10__1R__S3101R07.jpg.npz,10,10,F10_T1,F10_T1,F10_T1_R,F10_T1_R,1,1,R,R,genuine,1,0,0,True,0.2708453133985048,0,27824,,"S3101R03,S3101R07",filtered_from_final_matching_results
1039,122,129,10/1R/S3101R03.jpg,10/2L/S3102L01.jpg,data/features/daugman_strict_v3/gabor_codes/10__1R__S3101R03.jpg.npz,data/features/daugman_strict_v3/gabor_codes/10__2L__S3102L01.jpg.npz,10,10,F10_T1,F10_T2,F10_T1_R,F10_T2_L,1,2,R,L,twin_cross_eye,0,1,0,True,0.4313808956240422,14,23492,,"S3101R03,S3102L01",filtered_from_final_matching_results
1042,122,132,10/1R/S3101R03.jpg,10/2L/S3102L06.jpg,data/features/daugman_strict_v3/gabor_codes/10__1R__S3101R03.jpg.npz,data/features/daugman_strict_v3/gabor_codes/10__2L__S3102L06.jpg.npz,10,10,F10_T1,F10_T2,F10_T1_R,F10_T2_L,1,2,R,L,twin_cross_eye,0,1,0,True,0.4395368782161234,2,23320,,"S3101R03,S3102L06",filtered_from_final_matching_results
1043,122,133,10/1R/S3101R03.jpg,10/2L/S3102L07.jpg,data/features/daugman_strict_v3/gabor_codes/10__1R__S3101R03.jpg.npz,data/features/daugman_strict_v3/gabor_codes/10__2L__S3102L07.jpg.npz,10,10,F10_T1,F10_T2,F10_T1_R,F10_T2_L,1,2,R,L,twin_cross_eye,0,1,0,True,0.4384615384615384,10,23140,,"S3101R03,S3102L07",filtered_from_final_matching_results
1045,122,135,10/1R/S3101R03.jpg,10/2L/S3102L09.jpg,data/features/daugman_strict_v3/gabor_codes/10__1R__S3101R03.jpg.npz,data/features/daugman_strict_v3/gabor_codes/10__2L__S3102L09.jpg.npz,10,10,F10_T1,F10_T2,F10_T1_R,F10_T2_L,1,2,R,L,twin_cross_eye,0,1,0,True,0.4488054607508532,12,23440,,"S3101R03,S3102L09",filtered_from_final_matching_results
1046,122,136,10/1R/S3101R03.jpg,10/2L/S3102L10.jpg,data/features/daugman_strict_v3/gabor_codes/10__1R__S3101R03.jpg.npz,data/features/daugman_strict_v3/gabor_codes/10__2L__S3102L10.jpg.npz,10,10,F10_T1,F10_T2,F10_T1_R,F10_T2_L,1,2,R,L,twin_cross_eye,0,1,0,True,0.4387968613775065,10,22940,,"S3101R03,S3102L10",filtered_from_final_matching_results
1048,122,138,10/1R/S3101R03.jpg,10/2R/S3102R02.jpg,data/features/daugman_strict_v3/gabor_codes/10__1R__S3101R03.jpg.npz,data/features/daugman_strict_v3/gabor_codes/10__2R__S3102R02.jpg.npz,10,10,F10_T1,F10_T2,F10_T1_R,F10_T2_R,1,2,R,R,twin_same_eye,0,1,0,True,0.4355926758753614,-4,24904,,"S3101R03,S3102R02",filtered_from_final_matching_results
1052,122,142,10/1R/S3101R03.jpg,10/2R/S3102R06.jpg,data/features/daugman_strict_v3/gabor_codes/10__1R__S3101R03.jpg.npz,data/features/daugman_strict_v3/gabor_codes/10__2R__S3102R06.jpg.npz,10,10,F10_T1,F10_T2,F10_T1_R,F10_T2_R,1,2,R,R,twin_same_eye,0,1,0,True,0.4242364298148441,0,25276,,"S3101R03,S3102R06",filtered_from_final_matching_results
1053,122,143,10/1R/S3101R03.jpg,10/2R/S3102R07.jpg,data/features/daugman_strict_v3/gabor_codes/10__1R__S3101R03.jpg.npz,data/features/daugman_strict_v3/gabor_codes/10__2R__S3102R07.jpg.npz,10,10,F10_T1,F10_T2,F10_T1_R,F10_T2_R,1,2,R,R,twin_same_eye,0,1,0,True,0.4409083765519409,4,25452,,"S3101R03,S3102R07",filtered_from_final_matching_results
1054,122,144,10/1R/S3101R03.jpg,10/2R/S3102R08.jpg,data/features/daugman_strict_v3/gabor_codes/10__1R__S3101R03.jpg.npz,data/features/daugman_strict_v3/gabor_codes/10__2R__S3102R08.jpg.npz,10,10,F10_T1,F10_T2,F10_T1_R,F10_T2_R,1,2,R,R,twin_same_eye,0,1,0,True,0.4397725514466966,4,25852,,"S3101R03,S3102R08",filtered_from_final_matching_results
1055,122,145,10/1R/S3101R03.jpg,10/2R/S3102R09.jpg,data/features/daugman_strict_v3/gabor_codes/10__1R__S3101R03.jpg.npz,data/features/daugman_strict_v3/gabor_codes/10__2R__S3102R09.jpg.npz,10,10,F10_T1,F10_T2,F10_T1_R,F10_T2_R,1,2,R,R,twin_same_eye,0,1,0,True,0.4535338345864662,0,26600,,"S3101R03,S3102R09",filtered_from_final_matching_results
1057,123,124,10/1R/S3101R04.jpg,10/1R/S3101R05.jpg,data/features/daugman_strict_v3/gabor_codes/10__1R__S3101R04.jpg.npz,data/features/daugman_strict_v3/gabor_codes/10__1R__S3101R05.jpg.npz,10,10,F10_T1,F10_T1,F10_T1_R,F10_T1_R,1,1,R,R,genuine,1,0,0,True,0.2340220385674931,0,29040,,"S3101R04,S3101R05",filtered_from_final_matching_results
1059,123,126,10/1R/S3101R04.jpg,10/1R/S3101R07.jpg,data/features/daugman_strict_v3/gabor_codes/10__1R__S3101R04.jpg.npz,data/features/daugman_strict_v3/gabor_codes/10__1R__S3101R07.jpg.npz,10,10,F10_T1,F10_T1,F10_T1_R,F10_T1_R,1,1,R,R,genuine,1,0,0,True,0.2841055341055341,0,27972,,"S3101R04,S3101R07",filtered_from_final_matching_results
1062,123,129,10/1R/S3101R04.jpg,10/2L/S3102L01.jpg,data/features/daugman_strict_v3/gabor_codes/10__1R__S3101R04.jpg.npz,data/features/daugman_strict_v3/gabor_codes/10__2L__S3102L01.jpg.npz,10,10,F10_T1,F10_T2,F10_T1_R,F10_T2_L,1,2,R,L,twin_cross_eye,0,1,0,True,0.442639405204461,0,26900,,"S3101R04,S3102L01",filtered_from_final_matching_results
1065,123,132,10/1R/S3101R04.jpg,10/2L/S3102L06.jpg,data/features/daugman_strict_v3/gabor_codes/10__1R__S3101R04.jpg.npz,data/features/daugman_strict_v3/gabor_codes/10__2L__S3102L06.jpg.npz,10,10,F10_T1,F10_T2,F10_T1_R,F10_T2_L,1,2,R,L,twin_cross_eye,0,1,0,True,0.4295228460630585,2,23724,,"S3101R04,S3102L06",filtered_from_final_matching_results
1066,123,133,10/1R/S3101R04.jpg,10/2L/S3102L07.jpg,data/features/daugman_strict_v3/gabor_codes/10__1R__S3101R04.jpg.npz,data/features/daugman_strict_v3/gabor_codes/10__2L__S3102L07.jpg.npz,10,10,F10_T1,F10_T2,F10_T1_R,F10_T2_L,1,2,R,L,twin_cross_eye,0,1,0,True,0.4389456697149005,16,22308,,"S3101R04,S3102L07",filtered_from_final_matching_results
1068,123,135,10/1R/S3101R04.jpg,10/2L/S3102L09.jpg,data/features/daugman_strict_v3/gabor_codes/10__1R__S3101R04.jpg.npz,data/features/daugman_strict_v3/gabor_codes/10__2L__S3102L09.jpg.npz,10,10,F10_T1,F10_T2,F10_T1_R,F10_T2_L,1,2,R,L,twin_cross_eye,0,1,0,True,0.4332233414379993,16,23032,,"S3101R04,S3102L09",filtered_from_final_matching_results
1069,123,136,10/1R/S3101R04.jpg,10/2L/S3102L10.jpg,data/features/daugman_strict_v3/gabor_codes/10__1R__S3101R04.jpg.npz,data/features/daugman_strict_v3/gabor_codes/10__2L__S3102L10.jpg.npz,10,10,F10_T1,F10_T2,F10_T1_R,F10_T2_L,1,2,R,L,twin_cross_eye,0,1,0,True,0.4574880422233218,-4,24252,,"S3101R04,S3102L10",filtered_from_final_matching_results
1071,123,138,10/1R/S3101R04.jpg,10/2R/S3102R02.jpg,data/features/daugman_strict_v3/gabor_codes/10__1R__S3101R04.jpg.npz,data/features/daugman_strict_v3/gabor_codes/10__2R__S3102R02.jpg.npz,10,10,F10_T1,F10_T2,F10_T1_R,F10_T2_R,1,2,R,R,twin_same_eye,0,1,0,True,0.4316208964646464,-4,25344,,"S3101R04,S3102R02",filtered_from_final_matching_results
1075,123,142,10/1R/S3101R04.jpg,10/2R/S3102R06.jpg,data/features/daugman_strict_v3/gabor_codes/10__1R__S3101R04.jpg.npz,data/features/daugman_strict_v3/gabor_codes/10__2R__S3102R06.jpg.npz,10,10,F10_T1,F10_T2,F10_T1_R,F10_T2_R,1,2,R,R,twin_same_eye,0,1,0,True,0.4183098591549296,0,25560,,"S3101R04,S3102R06",filtered_from_final_matching_results
1076,123,143,10/1R/S3101R04.jpg,10/2R/S3102R07.jpg,data/features/daugman_strict_v3/gabor_codes/10__1R__S3101R04.jpg.npz,data/features/daugman_strict_v3/gabor_codes/10__2R__S3102R07.jpg.npz,10,10,F10_T1,F10_T2,F10_T1_R,F10_T2_R,1,2,R,R,twin_same_eye,0,1,0,True,0.4267837711798539,4,25732,,"S3101R04,S3102R07",filtered_from_final_matching_results
1077,123,144,10/1R/S3101R04.jpg,10/2R/S3102R08.jpg,data/features/daugman_strict_v3/gabor_codes/10__1R__S3101R04.jpg.npz,data/features/daugman_strict_v3/gabor_codes/10__2R__S3102R08.jpg.npz,10,10,F10_T1,F10_T2,F10_T1_R,F10_T2_R,1,2,R,R,twin_same_eye,0,1,0,True,0.4253009294529941,4,26252,,"S3101R04,S3102R08",filtered_from_final_matching_results
1078,123,145,10/1R/S3101R04.jpg,10/2R/S3102R09.jpg,data/features/daugman_strict_v3/gabor_codes/10__1R__S3101R04.jpg.npz,data/features/daugman_strict_v3/gabor_codes/10__2R__S3102R09.jpg.npz,10,10,F10_T1,F10_T2,F10_T1_R,F10_T2_R,1,2,R,R,twin_same_eye,0,1,0,True,0.4272740696987596,0,27088,,"S3101R04,S3102R09",filtered_from_final_matching_results
1081,124,126,10/1R/S3101R05.jpg,10/1R/S3101R07.jpg,data/features/daugman_strict_v3/gabor_codes/10__1R__S3101R05.jpg.npz,data/features/daugman_strict_v3/gabor_codes/10__1R__S3101R07.jpg.npz,10,10,F10_T1,F10_T1,F10_T1_R,F10_T1_R,1,1,R,R,genuine,1,0,0,True,0.3365869471257743,0,27764,,"S3101R05,S3101R07",filtered_from_final_matching_results
1084,124,129,10/1R/S3101R05.jpg,10/2L/S3102L01.jpg,data/features/daugman_strict_v3/gabor_codes/10__1R__S3101R05.jpg.npz,data/features/daugman_strict_v3/gabor_codes/10__2L__S3102L01.jpg.npz,10,10,F10_T1,F10_T2,F10_T1_R,F10_T2_L,1,2,R,L,twin_cross_eye,0,1,0,True,0.4251561570493753,0,26896,,"S3101R05,S3102L01",filtered_from_final_matching_results
1087,124,132,10/1R/S3101R05.jpg,10/2L/S3102L06.jpg,data/features/daugman_strict_v3/gabor_codes/10__1R__S3101R05.jpg.npz,data/features/daugman_strict_v3/gabor_codes/10__2L__S3102L06.jpg.npz,10,10,F10_T1,F10_T2,F10_T1_R,F10_T2_L,1,2,R,L,twin_cross_eye,0,1,0,True,0.4465356429047302,0,24016,,"S3101R05,S3102L06",filtered_from_final_matching_results
1088,124,133,10/1R/S3101R05.jpg,10/2L/S3102L07.jpg,data/features/daugman_strict_v3/gabor_codes/10__1R__S3101R05.jpg.npz,data/features/daugman_strict_v3/gabor_codes/10__2L__S3102L07.jpg.npz,10,10,F10_T1,F10_T2,F10_T1_R,F10_T2_L,1,2,R,L,twin_cross_eye,0,1,0,True,0.4377678996666137,0,25196,,"S3101R05,S3102L07",filtered_from_final_matching_results
1090,124,135,10/1R/S3101R05.jpg,10/2L/S3102L09.jpg,data/features/daugman_strict_v3/gabor_codes/10__1R__S3101R05.jpg.npz,data/features/daugman_strict_v3/gabor_codes/10__2L__S3102L09.jpg.npz,10,10,F10_T1,F10_T2,F10_T1_R,F10_T2_L,1,2,R,L,twin_cross_eye,0,1,0,True,0.4264044943820225,16,23140,,"S3101R05,S3102L09",filtered_from_final_matching_results
1091,124,136,10/1R/S3101R05.jpg,10/2L/S3102L10.jpg,data/features/daugman_strict_v3/gabor_codes/10__1R__S3101R05.jpg.npz,data/features/daugman_strict_v3/gabor_codes/10__2L__S3102L10.jpg.npz,10,10,F10_T1,F10_T2,F10_T1_R,F10_T2_L,1,2,R,L,twin_cross_eye,0,1,0,True,0.4440031424581006,12,22912,,"S3101R05,S3102L10",filtered_from_final_matching_results
1093,124,138,10/1R/S3101R05.jpg,10/2R/S3102R02.jpg,data/features/daugman_strict_v3/gabor_codes/10__1R__S3101R05.jpg.npz,data/features/daugman_strict_v3/gabor_codes/10__2R__S3102R02.jpg.npz,10,10,F10_T1,F10_T2,F10_T1_R,F10_T2_R,1,2,R,R,twin_same_eye,0,1,0,True,0.4402630327998732,4,25244,,"S3101R05,S3102R02",filtered_from_final_matching_results
1097,124,142,10/1R/S3101R05.jpg,10/2R/S3102R06.jpg,data/features/daugman_strict_v3/gabor_codes/10__1R__S3101R05.jpg.npz,data/features/daugman_strict_v3/gabor_codes/10__2R__S3102R06.jpg.npz,10,10,F10_T1,F10_T2,F10_T1_R,F10_T2_R,1,2,R,R,twin_same_eye,0,1,0,True,0.4274706069272322,2,25176,,"S3101R05,S3102R06",filtered_from_final_matching_results
1098,124,143,10/1R/S3101R05.jpg,10/2R/S3102R07.jpg,data/features/daugman_strict_v3/gabor_codes/10__1R__S3101R05.jpg.npz,data/features/daugman_strict_v3/gabor_codes/10__2R__S3102R07.jpg.npz,10,10,F10_T1,F10_T2,F10_T1_R,F10_T2_R,1,2,R,R,twin_same_eye,0,1,0,True,0.4331215127092374,4,25808,,"S3101R05,S3102R07",filtered_from_final_matching_results
1099,124,144,10/1R/S3101R05.jpg,10/2R/S3102R08.jpg,data/features/daugman_strict_v3/gabor_codes/10__1R__S3101R05.jpg.npz,data/features/daugman_strict_v3/gabor_codes/10__2R__S3102R08.jpg.npz,10,10,F10_T1,F10_T2,F10_T1_R,F10_T2_R,1,2,R,R,twin_same_eye,0,1,0,True,0.4395579268292683,4,26240,,"S3101R05,S3102R08",filtered_from_final_matching_results
1100,124,145,10/1R/S3101R05.jpg,10/2R/S3102R09.jpg,data/features/daugman_strict_v3/gabor_codes/10__1R__S3101R05.jpg.npz,data/features/daugman_strict_v3/gabor_codes/10__2R__S3102R09.jpg.npz,10,10,F10_T1,F10_T2,F10_T1_R,F10_T2_R,1,2,R,R,twin_same_eye,0,1,0,True,0.4298000588062334,0,27208,,"S3101R05,S3102R09",filtered_from_final_matching_results
1125,126,129,10/1R/S3101R07.jpg,10/2L/S3102L01.jpg,data/features/daugman_strict_v3/gabor_codes/10__1R__S3101R07.jpg.npz,data/features/daugman_strict_v3/gabor_codes/10__2L__S3102L01.jpg.npz,10,10,F10_T1,F10_T2,F10_T1_R,F10_T2_L,1,2,R,L,twin_cross_eye,0,1,0,True,0.4491730704978283,12,23944,,"S3101R07,S3102L01",filtered_from_final_matching_results
1128,126,132,10/1R/S3101R07.jpg,10/2L/S3102L06.jpg,data/features/daugman_strict_v3/gabor_codes/10__1R__S3101R07.jpg.npz,data/features/daugman_strict_v3/gabor_codes/10__2L__S3102L06.jpg.npz,10,10,F10_T1,F10_T2,F10_T1_R,F10_T2_L,1,2,R,L,twin_cross_eye,0,1,0,True,0.4344404003639672,-8,21980,,"S3101R07,S3102L06",filtered_from_final_matching_results
1129,126,133,10/1R/S3101R07.jpg,10/2L/S3102L07.jpg,data/features/daugman_strict_v3/gabor_codes/10__1R__S3101R07.jpg.npz,data/features/daugman_strict_v3/gabor_codes/10__2L__S3102L07.jpg.npz,10,10,F10_T1,F10_T2,F10_T1_R,F10_T2_L,1,2,R,L,twin_cross_eye,0,1,0,True,0.4373473375671715,0,24564,,"S3101R07,S3102L07",filtered_from_final_matching_results
1131,126,135,10/1R/S3101R07.jpg,10/2L/S3102L09.jpg,data/features/daugman_strict_v3/gabor_codes/10__1R__S3101R07.jpg.npz,data/features/daugman_strict_v3/gabor_codes/10__2L__S3102L09.jpg.npz,10,10,F10_T1,F10_T2,F10_T1_R,F10_T2_L,1,2,R,L,twin_cross_eye,0,1,0,True,0.4383415175035641,2,25252,,"S3101R07,S3102L09",filtered_from_final_matching_results
1132,126,136,10/1R/S3101R07.jpg,10/2L/S3102L10.jpg,data/features/daugman_strict_v3/gabor_codes/10__1R__S3101R07.jpg.npz,data/features/daugman_strict_v3/gabor_codes/10__2L__S3102L10.jpg.npz,10,10,F10_T1,F10_T2,F10_T1_R,F10_T2_L,1,2,R,L,twin_cross_eye,0,1,0,True,0.4408757880388482,6,23476,,"S3101R07,S3102L10",filtered_from_final_matching_results
1134,126,138,10/1R/S3101R07.jpg,10/2R/S3102R02.jpg,data/features/daugman_strict_v3/gabor_codes/10__1R__S3101R07.jpg.npz,data/features/daugman_strict_v3/gabor_codes/10__2R__S3102R02.jpg.npz,10,10,F10_T1,F10_T2,F10_T1_R,F10_T2_R,1,2,R,R,twin_same_eye,0,1,0,True,0.4337987481945113,-2,24924,,"S3101R07,S3102R02",filtered_from_final_matching_results
1138,126,142,10/1R/S3101R07.jpg,10/2R/S3102R06.jpg,data/features/daugman_strict_v3/gabor_codes/10__1R__S3101R07.jpg.npz,data/features/daugman_strict_v3/gabor_codes/10__2R__S3102R06.jpg.npz,10,10,F10_T1,F10_T2,F10_T1_R,F10_T2_R,1,2,R,R,twin_same_eye,0,1,0,True,0.4260546108567691,2,24464,,"S3101R07,S3102R06",filtered_from_final_matching_results
1139,126,143,10/1R/S3101R07.jpg,10/2R/S3102R07.jpg,data/features/daugman_strict_v3/gabor_codes/10__1R__S3101R07.jpg.npz,data/features/daugman_strict_v3/gabor_codes/10__2R__S3102R07.jpg.npz,10,10,F10_T1,F10_T2,F10_T1_R,F10_T2_R,1,2,R,R,twin_same_eye,0,1,0,True,0.4298946023634621,4,25048,,"S3101R07,S3102R07",filtered_from_final_matching_results
1140,126,144,10/1R/S3101R07.jpg,10/2R/S3102R08.jpg,data/features/daugman_strict_v3/gabor_codes/10__1R__S3101R07.jpg.npz,data/features/daugman_strict_v3/gabor_codes/10__2R__S3102R08.jpg.npz,10,10,F10_T1,F10_T2,F10_T1_R,F10_T2_R,1,2,R,R,twin_same_eye,0,1,0,True,0.4450502706883217,2,25860,,"S3101R07,S3102R08",filtered_from_final_matching_results
1141,126,145,10/1R/S3101R07.jpg,10/2R/S3102R09.jpg,data/features/daugman_strict_v3/gabor_codes/10__1R__S3101R07.jpg.npz,data/features/daugman_strict_v3/gabor_codes/10__2R__S3102R09.jpg.npz,10,10,F10_T1,F10_T2,F10_T1_R,F10_T2_R,1,2,R,R,twin_same_eye,0,1,0,True,0.4503479050068068,0,26444,,"S3101R07,S3102R09",filtered_from_final_matching_results
1182,129,132,10/2L/S3102L01.jpg,10/2L/S3102L06.jpg,data/features/daugman_strict_v3/gabor_codes/10__2L__S3102L01.jpg.npz,data/features/daugman_strict_v3/gabor_codes/10__2L__S3102L06.jpg.npz,10,10,F10_T2,F10_T2,F10_T2_L,F10_T2_L,2,2,L,L,genuine,1,0,0,True,0.3325428523880845,0,24036,,"S3102L01,S3102L06",filtered_from_final_matching_results
1183,129,133,10/2L/S3102L01.jpg,10/2L/S3102L07.jpg,data/features/daugman_strict_v3/gabor_codes/10__2L__S3102L01.jpg.npz,data/features/daugman_strict_v3/gabor_codes/10__2L__S3102L07.jpg.npz,10,10,F10_T2,F10_T2,F10_T2_L,F10_T2_L,2,2,L,L,genuine,1,0,0,True,0.3287922243467177,0,25104,,"S3102L01,S3102L07",filtered_from_final_matching_results
1185,129,135,10/2L/S3102L01.jpg,10/2L/S3102L09.jpg,data/features/daugman_strict_v3/gabor_codes/10__2L__S3102L01.jpg.npz,data/features/daugman_strict_v3/gabor_codes/10__2L__S3102L09.jpg.npz,10,10,F10_T2,F10_T2,F10_T2_L,F10_T2_L,2,2,L,L,genuine,1,0,0,True,0.3559086701635298,0,25928,,"S3102L01,S3102L09",filtered_from_final_matching_results
1186,129,136,10/2L/S3102L01.jpg,10/2L/S3102L10.jpg,data/features/daugman_strict_v3/gabor_codes/10__2L__S3102L01.jpg.npz,data/features/daugman_strict_v3/gabor_codes/10__2L__S3102L10.jpg.npz,10,10,F10_T2,F10_T2,F10_T2_L,F10_T2_L,2,2,L,L,genuine,1,0,0,True,0.3739739256397875,0,24852,,"S3102L01,S3102L10",filtered_from_final_matching_results
1188,129,138,10/2L/S3102L01.jpg,10/2R/S3102R02.jpg,data/features/daugman_strict_v3/gabor_codes/10__2L__S3102L01.jpg.npz,data/features/daugman_strict_v3/gabor_codes/10__2R__S3102R02.jpg.npz,10,10,F10_T2,F10_T2,F10_T2_L,F10_T2_R,2,2,L,R,same_subject_different_eye,0,0,0,True,0.4358113777479442,6,23836,,"S3102L01,S3102R02",filtered_from_final_matching_results
1192,129,142,10/2L/S3102L01.jpg,10/2R/S3102R06.jpg,data/features/daugman_strict_v3/gabor_codes/10__2L__S3102L01.jpg.npz,data/features/daugman_strict_v3/gabor_codes/10__2R__S3102R06.jpg.npz,10,10,F10_T2,F10_T2,F10_T2_L,F10_T2_R,2,2,L,R,same_subject_different_eye,0,0,0,True,0.4541324971860427,0,24876,,"S3102L01,S3102R06",filtered_from_final_matching_results
1193,129,143,10/2L/S3102L01.jpg,10/2R/S3102R07.jpg,data/features/daugman_strict_v3/gabor_codes/10__2L__S3102L01.jpg.npz,data/features/daugman_strict_v3/gabor_codes/10__2R__S3102R07.jpg.npz,10,10,F10_T2,F10_T2,F10_T2_L,F10_T2_R,2,2,L,R,same_subject_different_eye,0,0,0,True,0.4528867102396514,0,25704,,"S3102L01,S3102R07",filtered_from_final_matching_results
1194,129,144,10/2L/S3102L01.jpg,10/2R/S3102R08.jpg,data/features/daugman_strict_v3/gabor_codes/10__2L__S3102L01.jpg.npz,data/features/daugman_strict_v3/gabor_codes/10__2R__S3102R08.jpg.npz,10,10,F10_T2,F10_T2,F10_T2_L,F10_T2_R,2,2,L,R,same_subject_different_eye,0,0,0,True,0.4293561770129072,0,26032,,"S3102L01,S3102R08",filtered_from_final_matching_results
1195,129,145,10/2L/S3102L01.jpg,10/2R/S3102R09.jpg,data/features/daugman_strict_v3/gabor_codes/10__2L__S3102L01.jpg.npz,data/features/daugman_strict_v3/gabor_codes/10__2R__S3102R09.jpg.npz,10,10,F10_T2,F10_T2,F10_T2_L,F10_T2_R,2,2,L,R,same_subject_different_eye,0,0,0,True,0.4345569620253164,10,23700,,"S3102L01,S3102R09",filtered_from_final_matching_results
1228,132,133,10/2L/S3102L06.jpg,10/2L/S3102L07.jpg,data/features/daugman_strict_v3/gabor_codes/10__2L__S3102L06.jpg.npz,data/features/daugman_strict_v3/gabor_codes/10__2L__S3102L07.jpg.npz,10,10,F10_T2,F10_T2,F10_T2_L,F10_T2_L,2,2,L,L,genuine,1,0,0,True,0.2097625329815303,0,24256,,"S3102L06,S3102L07",filtered_from_final_matching_results
1230,132,135,10/2L/S3102L06.jpg,10/2L/S3102L09.jpg,data/features/daugman_strict_v3/gabor_codes/10__2L__S3102L06.jpg.npz,data/features/daugman_strict_v3/gabor_codes/10__2L__S3102L09.jpg.npz,10,10,F10_T2,F10_T2,F10_T2_L,F10_T2_L,2,2,L,L,genuine,1,0,0,True,0.3431849198225861,0,23448,,"S3102L06,S3102L09",filtered_from_final_matching_results
1231,132,136,10/2L/S3102L06.jpg,10/2L/S3102L10.jpg,data/features/daugman_strict_v3/gabor_codes/10__2L__S3102L06.jpg.npz,data/features/daugman_strict_v3/gabor_codes/10__2L__S3102L10.jpg.npz,10,10,F10_T2,F10_T2,F10_T2_L,F10_T2_L,2,2,L,L,genuine,1,0,0,True,0.3622303440898556,0,22436,,"S3102L06,S3102L10",filtered_from_final_matching_results
1233,132,138,10/2L/S3102L06.jpg,10/2R/S3102R02.jpg,data/features/daugman_strict_v3/gabor_codes/10__2L__S3102L06.jpg.npz,data/features/daugman_strict_v3/gabor_codes/10__2R__S3102R02.jpg.npz,10,10,F10_T2,F10_T2,F10_T2_L,F10_T2_R,2,2,L,R,same_subject_different_eye,0,0,0,True,0.4411149508912331,6,21992,,"S3102L06,S3102R02",filtered_from_final_matching_results
1237,132,142,10/2L/S3102L06.jpg,10/2R/S3102R06.jpg,data/features/daugman_strict_v3/gabor_codes/10__2L__S3102L06.jpg.npz,data/features/daugman_strict_v3/gabor_codes/10__2R__S3102R06.jpg.npz,10,10,F10_T2,F10_T2,F10_T2_L,F10_T2_R,2,2,L,R,same_subject_different_eye,0,0,0,True,0.4402907087212616,10,21052,,"S3102L06,S3102R06",filtered_from_final_matching_results
1238,132,143,10/2L/S3102L06.jpg,10/2R/S3102R07.jpg,data/features/daugman_strict_v3/gabor_codes/10__2L__S3102L06.jpg.npz,data/features/daugman_strict_v3/gabor_codes/10__2R__S3102R07.jpg.npz,10,10,F10_T2,F10_T2,F10_T2_L,F10_T2_R,2,2,L,R,same_subject_different_eye,0,0,0,True,0.432633623081191,-10,21628,,"S3102L06,S3102R07",filtered_from_final_matching_results
1239,132,144,10/2L/S3102L06.jpg,10/2R/S3102R08.jpg,data/features/daugman_strict_v3/gabor_codes/10__2L__S3102L06.jpg.npz,data/features/daugman_strict_v3/gabor_codes/10__2R__S3102R08.jpg.npz,10,10,F10_T2,F10_T2,F10_T2_L,F10_T2_R,2,2,L,R,same_subject_different_eye,0,0,0,True,0.4341910403554239,-10,21608,,"S3102L06,S3102R08",filtered_from_final_matching_results
1240,132,145,10/2L/S3102L06.jpg,10/2R/S3102R09.jpg,data/features/daugman_strict_v3/gabor_codes/10__2L__S3102L06.jpg.npz,data/features/daugman_strict_v3/gabor_codes/10__2R__S3102R09.jpg.npz,10,10,F10_T2,F10_T2,F10_T2_L,F10_T2_R,2,2,L,R,same_subject_different_eye,0,0,0,True,0.4238413547237076,8,22440,,"S3102L06,S3102R09",filtered_from_final_matching_results
1243,133,135,10/2L/S3102L07.jpg,10/2L/S3102L09.jpg,data/features/daugman_strict_v3/gabor_codes/10__2L__S3102L07.jpg.npz,data/features/daugman_strict_v3/gabor_codes/10__2L__S3102L09.jpg.npz,10,10,F10_T2,F10_T2,F10_T2_L,F10_T2_L,2,2,L,L,genuine,1,0,0,True,0.3420649015175976,0,24776,,"S3102L07,S3102L09",filtered_from_final_matching_results
1244,133,136,10/2L/S3102L07.jpg,10/2L/S3102L10.jpg,data/features/daugman_strict_v3/gabor_codes/10__2L__S3102L07.jpg.npz,data/features/daugman_strict_v3/gabor_codes/10__2L__S3102L10.jpg.npz,10,10,F10_T2,F10_T2,F10_T2_L,F10_T2_L,2,2,L,L,genuine,1,0,0,True,0.3527385752688172,0,23808,,"S3102L07,S3102L10",filtered_from_final_matching_results
1246,133,138,10/2L/S3102L07.jpg,10/2R/S3102R02.jpg,data/features/daugman_strict_v3/gabor_codes/10__2L__S3102L07.jpg.npz,data/features/daugman_strict_v3/gabor_codes/10__2R__S3102R02.jpg.npz,10,10,F10_T2,F10_T2,F10_T2_L,F10_T2_R,2,2,L,R,same_subject_different_eye,0,0,0,True,0.4492105263157894,6,22800,,"S3102L07,S3102R02",filtered_from_final_matching_results
1250,133,142,10/2L/S3102L07.jpg,10/2R/S3102R06.jpg,data/features/daugman_strict_v3/gabor_codes/10__2L__S3102L07.jpg.npz,data/features/daugman_strict_v3/gabor_codes/10__2R__S3102R06.jpg.npz,10,10,F10_T2,F10_T2,F10_T2_L,F10_T2_R,2,2,L,R,same_subject_different_eye,0,0,0,True,0.4505166577587742,-8,22452,,"S3102L07,S3102R06",filtered_from_final_matching_results
1251,133,143,10/2L/S3102L07.jpg,10/2R/S3102R07.jpg,data/features/daugman_strict_v3/gabor_codes/10__2L__S3102L07.jpg.npz,data/features/daugman_strict_v3/gabor_codes/10__2R__S3102R07.jpg.npz,10,10,F10_T2,F10_T2,F10_T2_L,F10_T2_R,2,2,L,R,same_subject_different_eye,0,0,0,True,0.4213394269643171,-10,22756,,"S3102L07,S3102R07",filtered_from_final_matching_results
1252,133,144,10/2L/S3102L07.jpg,10/2R/S3102R08.jpg,data/features/daugman_strict_v3/gabor_codes/10__2L__S3102L07.jpg.npz,data/features/daugman_strict_v3/gabor_codes/10__2R__S3102R08.jpg.npz,10,10,F10_T2,F10_T2,F10_T2_L,F10_T2_R,2,2,L,R,same_subject_different_eye,0,0,0,True,0.4163441238564391,-10,22736,,"S3102L07,S3102R08",filtered_from_final_matching_results
1253,133,145,10/2L/S3102L07.jpg,10/2R/S3102R09.jpg,data/features/daugman_strict_v3/gabor_codes/10__2L__S3102L07.jpg.npz,data/features/daugman_strict_v3/gabor_codes/10__2R__S3102R09.jpg.npz,10,10,F10_T2,F10_T2,F10_T2_L,F10_T2_R,2,2,L,R,same_subject_different_eye,0,0,0,True,0.4316409711146553,-12,22572,,"S3102L07,S3102R09",filtered_from_final_matching_results
1267,135,136,10/2L/S3102L09.jpg,10/2L/S3102L10.jpg,data/features/daugman_strict_v3/gabor_codes/10__2L__S3102L09.jpg.npz,data/features/daugman_strict_v3/gabor_codes/10__2L__S3102L10.jpg.npz,10,10,F10_T2,F10_T2,F10_T2_L,F10_T2_L,2,2,L,L,genuine,1,0,0,True,0.2077793605571383,0,25272,,"S3102L09,S3102L10",filtered_from_final_matching_results
1269,135,138,10/2L/S3102L09.jpg,10/2R/S3102R02.jpg,data/features/daugman_strict_v3/gabor_codes/10__2L__S3102L09.jpg.npz,data/features/daugman_strict_v3/gabor_codes/10__2R__S3102R02.jpg.npz,10,10,F10_T2,F10_T2,F10_T2_L,F10_T2_R,2,2,L,R,same_subject_different_eye,0,0,0,True,0.4429202801867912,4,23984,,"S3102L09,S3102R02",filtered_from_final_matching_results
1273,135,142,10/2L/S3102L09.jpg,10/2R/S3102R06.jpg,data/features/daugman_strict_v3/gabor_codes/10__2L__S3102L09.jpg.npz,data/features/daugman_strict_v3/gabor_codes/10__2R__S3102R06.jpg.npz,10,10,F10_T2,F10_T2,F10_T2_L,F10_T2_R,2,2,L,R,same_subject_different_eye,0,0,0,True,0.4588407005838198,-2,23980,,"S3102L09,S3102R06",filtered_from_final_matching_results
1274,135,143,10/2L/S3102L09.jpg,10/2R/S3102R07.jpg,data/features/daugman_strict_v3/gabor_codes/10__2L__S3102L09.jpg.npz,data/features/daugman_strict_v3/gabor_codes/10__2R__S3102R07.jpg.npz,10,10,F10_T2,F10_T2,F10_T2_L,F10_T2_R,2,2,L,R,same_subject_different_eye,0,0,0,True,0.4542012927054478,14,21660,,"S3102L09,S3102R07",filtered_from_final_matching_results
1275,135,144,10/2L/S3102L09.jpg,10/2R/S3102R08.jpg,data/features/daugman_strict_v3/gabor_codes/10__2L__S3102L09.jpg.npz,data/features/daugman_strict_v3/gabor_codes/10__2R__S3102R08.jpg.npz,10,10,F10_T2,F10_T2,F10_T2_L,F10_T2_R,2,2,L,R,same_subject_different_eye,0,0,0,True,0.4556820218677182,14,22316,,"S3102L09,S3102R08",filtered_from_final_matching_results
1276,135,145,10/2L/S3102L09.jpg,10/2R/S3102R09.jpg,data/features/daugman_strict_v3/gabor_codes/10__2L__S3102L09.jpg.npz,data/features/daugman_strict_v3/gabor_codes/10__2R__S3102R09.jpg.npz,10,10,F10_T2,F10_T2,F10_T2_L,F10_T2_R,2,2,L,R,same_subject_different_eye,0,0,0,True,0.4237734165923282,12,22420,,"S3102L09,S3102R09",filtered_from_final_matching_results
1279,136,138,10/2L/S3102L10.jpg,10/2R/S3102R02.jpg,data/features/daugman_strict_v3/gabor_codes/10__2L__S3102L10.jpg.npz,data/features/daugman_strict_v3/gabor_codes/10__2R__S3102R02.jpg.npz,10,10,F10_T2,F10_T2,F10_T2_L,F10_T2_R,2,2,L,R,same_subject_different_eye,0,0,0,True,0.4317788544730922,4,23116,,"S3102L10,S3102R02",filtered_from_final_matching_results
1283,136,142,10/2L/S3102L10.jpg,10/2R/S3102R06.jpg,data/features/daugman_strict_v3/gabor_codes/10__2L__S3102L10.jpg.npz,data/features/daugman_strict_v3/gabor_codes/10__2R__S3102R06.jpg.npz,10,10,F10_T2,F10_T2,F10_T2_L,F10_T2_R,2,2,L,R,same_subject_different_eye,0,0,0,True,0.442775974025974,6,22176,,"S3102L10,S3102R06",filtered_from_final_matching_results
1284,136,143,10/2L/S3102L10.jpg,10/2R/S3102R07.jpg,data/features/daugman_strict_v3/gabor_codes/10__2L__S3102L10.jpg.npz,data/features/daugman_strict_v3/gabor_codes/10__2R__S3102R07.jpg.npz,10,10,F10_T2,F10_T2,F10_T2_L,F10_T2_R,2,2,L,R,same_subject_different_eye,0,0,0,True,0.448817907444668,-2,23856,,"S3102L10,S3102R07",filtered_from_final_matching_results
1285,136,144,10/2L/S3102L10.jpg,10/2R/S3102R08.jpg,data/features/daugman_strict_v3/gabor_codes/10__2L__S3102L10.jpg.npz,data/features/daugman_strict_v3/gabor_codes/10__2R__S3102R08.jpg.npz,10,10,F10_T2,F10_T2,F10_T2_L,F10_T2_R,2,2,L,R,same_subject_different_eye,0,0,0,True,0.4372853638593622,0,24460,,"S3102L10,S3102R08",filtered_from_final_matching_results
1286,136,145,10/2L/S3102L10.jpg,10/2R/S3102R09.jpg,data/features/daugman_strict_v3/gabor_codes/10__2L__S3102L10.jpg.npz,data/features/daugman_strict_v3/gabor_codes/10__2R__S3102R09.jpg.npz,10,10,F10_T2,F10_T2,F10_T2_L,F10_T2_R,2,2,L,R,same_subject_different_eye,0,0,0,True,0.4449827929722876,10,22084,,"S3102L10,S3102R09",filtered_from_final_matching_results
1300,138,142,10/2R/S3102R02.jpg,10/2R/S3102R06.jpg,data/features/daugman_strict_v3/gabor_codes/10__2R__S3102R02.jpg.npz,data/features/daugman_strict_v3/gabor_codes/10__2R__S3102R06.jpg.npz,10,10,F10_T2,F10_T2,F10_T2_R,F10_T2_R,2,2,R,R,genuine,1,0,0,True,0.3032735284859931,0,25416,,"S3102R02,S3102R06",filtered_from_final_matching_results
1301,138,143,10/2R/S3102R02.jpg,10/2R/S3102R07.jpg,data/features/daugman_strict_v3/gabor_codes/10__2R__S3102R02.jpg.npz,data/features/daugman_strict_v3/gabor_codes/10__2R__S3102R07.jpg.npz,10,10,F10_T2,F10_T2,F10_T2_R,F10_T2_R,2,2,R,R,genuine,1,0,0,True,0.3367771781033153,0,25940,,"S3102R02,S3102R07",filtered_from_final_matching_results
1302,138,144,10/2R/S3102R02.jpg,10/2R/S3102R08.jpg,data/features/daugman_strict_v3/gabor_codes/10__2R__S3102R02.jpg.npz,data/features/daugman_strict_v3/gabor_codes/10__2R__S3102R08.jpg.npz,10,10,F10_T2,F10_T2,F10_T2_R,F10_T2_R,2,2,R,R,genuine,1,0,0,True,0.328297743449947,0,26412,,"S3102R02,S3102R08",filtered_from_final_matching_results
1303,138,145,10/2R/S3102R02.jpg,10/2R/S3102R09.jpg,data/features/daugman_strict_v3/gabor_codes/10__2R__S3102R02.jpg.npz,data/features/daugman_strict_v3/gabor_codes/10__2R__S3102R09.jpg.npz,10,10,F10_T2,F10_T2,F10_T2_R,F10_T2_R,2,2,R,R,genuine,1,0,0,True,0.3195544170159913,0,25764,,"S3102R02,S3102R09",filtered_from_final_matching_results
1323,142,143,10/2R/S3102R06.jpg,10/2R/S3102R07.jpg,data/features/daugman_strict_v3/gabor_codes/10__2R__S3102R06.jpg.npz,data/features/daugman_strict_v3/gabor_codes/10__2R__S3102R07.jpg.npz,10,10,F10_T2,F10_T2,F10_T2_R,F10_T2_R,2,2,R,R,genuine,1,0,0,True,0.2383433688436004,0,25908,,"S3102R06,S3102R07",filtered_from_final_matching_results
1324,142,144,10/2R/S3102R06.jpg,10/2R/S3102R08.jpg,data/features/daugman_strict_v3/gabor_codes/10__2R__S3102R06.jpg.npz,data/features/daugman_strict_v3/gabor_codes/10__2R__S3102R08.jpg.npz,10,10,F10_T2,F10_T2,F10_T2_R,F10_T2_R,2,2,R,R,genuine,1,0,0,True,0.2730856709628506,0,26380,,"S3102R06,S3102R08",filtered_from_final_matching_results
1325,142,145,10/2R/S3102R06.jpg,10/2R/S3102R09.jpg,data/features/daugman_strict_v3/gabor_codes/10__2R__S3102R06.jpg.npz,data/features/daugman_strict_v3/gabor_codes/10__2R__S3102R09.jpg.npz,10,10,F10_T2,F10_T2,F10_T2_R,F10_T2_R,2,2,R,R,genuine,1,0,0,True,0.2921862971516551,0,25980,,"S3102R06,S3102R09",filtered_from_final_matching_results
1327,143,144,10/2R/S3102R07.jpg,10/2R/S3102R08.jpg,data/features/daugman_strict_v3/gabor_codes/10__2R__S3102R07.jpg.npz,data/features/daugman_strict_v3/gabor_codes/10__2R__S3102R08.jpg.npz,10,10,F10_T2,F10_T2,F10_T2_R,F10_T2_R,2,2,R,R,genuine,1,0,0,True,0.1933504775900073,0,27220,,"S3102R07,S3102R08",filtered_from_final_matching_results
1328,143,145,10/2R/S3102R07.jpg,10/2R/S3102R09.jpg,data/features/daugman_strict_v3/gabor_codes/10__2R__S3102R07.jpg.npz,data/features/daugman_strict_v3/gabor_codes/10__2R__S3102R09.jpg.npz,10,10,F10_T2,F10_T2,F10_T2_R,F10_T2_R,2,2,R,R,genuine,1,0,0,True,0.2572720422004521,0,26540,,"S3102R07,S3102R09",filtered_from_final_matching_results
1330,144,145,10/2R/S3102R08.jpg,10/2R/S3102R09.jpg,data/features/daugman_strict_v3/gabor_codes/10__2R__S3102R08.jpg.npz,data/features/daugman_strict_v3/gabor_codes/10__2R__S3102R09.jpg.npz,10,10,F10_T2,F10_T2,F10_T2_R,F10_T2_R,2,2,R,R,genuine,1,0,0,True,0.2748477195067598,0,26924,,"S3102R08,S3102R09",filtered_from_final_matching_results
1333,147,148,11/1L/S3111L01.jpg,11/1L/S3111L03.jpg,data/features/daugman_strict_v3/gabor_codes/11__1L__S3111L01.jpg.npz,data/features/daugman_strict_v3/gabor_codes/11__1L__S3111L03.jpg.npz,11,11,F11_T1,F11_T1,F11_T1_L,F11_T1_L,1,1,L,L,genuine,1,0,0,True,0.3597256857855361,0,28872,,"S3111L01,S3111L03",filtered_from_final_matching_results
1334,147,149,11/1L/S3111L01.jpg,11/1R/S3111R01.jpg,data/features/daugman_strict_v3/gabor_codes/11__1L__S3111L01.jpg.npz,data/features/daugman_strict_v3/gabor_codes/11__1R__S3111R01.jpg.npz,11,11,F11_T1,F11_T1,F11_T1_L,F11_T1_R,1,1,L,R,same_subject_different_eye,0,0,0,True,0.4235086342229199,12,25480,,"S3111L01,S3111R01",filtered_from_final_matching_results
1335,147,150,11/1L/S3111L01.jpg,11/1R/S3111R02.jpg,data/features/daugman_strict_v3/gabor_codes/11__1L__S3111L01.jpg.npz,data/features/daugman_strict_v3/gabor_codes/11__1R__S3111R02.jpg.npz,11,11,F11_T1,F11_T1,F11_T1_L,F11_T1_R,1,1,L,R,same_subject_different_eye,0,0,0,True,0.4179353736212521,12,25748,,"S3111L01,S3111R02",filtered_from_final_matching_results
1338,147,153,11/1L/S3111L01.jpg,11/1R/S3111R05.jpg,data/features/daugman_strict_v3/gabor_codes/11__1L__S3111L01.jpg.npz,data/features/daugman_strict_v3/gabor_codes/11__1R__S3111R05.jpg.npz,11,11,F11_T1,F11_T1,F11_T1_L,F11_T1_R,1,1,L,R,same_subject_different_eye,0,0,0,True,0.3981240428790199,10,26120,,"S3111L01,S3111R05",filtered_from_final_matching_results
1339,147,154,11/1L/S3111L01.jpg,11/1R/S3111R06.jpg,data/features/daugman_strict_v3/gabor_codes/11__1L__S3111L01.jpg.npz,data/features/daugman_strict_v3/gabor_codes/11__1R__S3111R06.jpg.npz,11,11,F11_T1,F11_T1,F11_T1_L,F11_T1_R,1,1,L,R,same_subject_different_eye,0,0,0,True,0.4078032935488744,-6,26476,,"S3111L01,S3111R06",filtered_from_final_matching_results
1342,147,157,11/1L/S3111L01.jpg,11/1R/S3111R09.jpg,data/features/daugman_strict_v3/gabor_codes/11__1L__S3111L01.jpg.npz,data/features/daugman_strict_v3/gabor_codes/11__1R__S3111R09.jpg.npz,11,11,F11_T1,F11_T1,F11_T1_L,F11_T1_R,1,1,L,R,same_subject_different_eye,0,0,0,True,0.3975390625,8,25600,,"S3111L01,S3111R09",filtered_from_final_matching_results
1343,147,158,11/1L/S3111L01.jpg,11/2L/S3112L10.jpg,data/features/daugman_strict_v3/gabor_codes/11__1L__S3111L01.jpg.npz,data/features/daugman_strict_v3/gabor_codes/11__2L__S3112L10.jpg.npz,11,11,F11_T1,F11_T2,F11_T1_L,F11_T2_L,1,2,L,L,twin_same_eye,0,1,0,True,0.442503805175038,-6,26280,,"S3111L01,S3112L10",filtered_from_final_matching_results
1344,148,149,11/1L/S3111L03.jpg,11/1R/S3111R01.jpg,data/features/daugman_strict_v3/gabor_codes/11__1L__S3111L03.jpg.npz,data/features/daugman_strict_v3/gabor_codes/11__1R__S3111R01.jpg.npz,11,11,F11_T1,F11_T1,F11_T1_L,F11_T1_R,1,1,L,R,same_subject_different_eye,0,0,0,True,0.4299747924080664,2,26976,,"S3111L03,S3111R01",filtered_from_final_matching_results
1345,148,150,11/1L/S3111L03.jpg,11/1R/S3111R02.jpg,data/features/daugman_strict_v3/gabor_codes/11__1L__S3111L03.jpg.npz,data/features/daugman_strict_v3/gabor_codes/11__1R__S3111R02.jpg.npz,11,11,F11_T1,F11_T1,F11_T1_L,F11_T1_R,1,1,L,R,same_subject_different_eye,0,0,0,True,0.4349288882092063,-8,26156,,"S3111L03,S3111R02",filtered_from_final_matching_results
1348,148,153,11/1L/S3111L03.jpg,11/1R/S3111R05.jpg,data/features/daugman_strict_v3/gabor_codes/11__1L__S3111L03.jpg.npz,data/features/daugman_strict_v3/gabor_codes/11__1R__S3111R05.jpg.npz,11,11,F11_T1,F11_T1,F11_T1_L,F11_T1_R,1,1,L,R,same_subject_different_eye,0,0,0,True,0.4240349599417334,2,27460,,"S3111L03,S3111R05",filtered_from_final_matching_results
1349,148,154,11/1L/S3111L03.jpg,11/1R/S3111R06.jpg,data/features/daugman_strict_v3/gabor_codes/11__1L__S3111L03.jpg.npz,data/features/daugman_strict_v3/gabor_codes/11__1R__S3111R06.jpg.npz,11,11,F11_T1,F11_T1,F11_T1_L,F11_T1_R,1,1,L,R,same_subject_different_eye,0,0,0,True,0.4192180699384661,-6,26652,,"S3111L03,S3111R06",filtered_from_final_matching_results
1352,148,157,11/1L/S3111L03.jpg,11/1R/S3111R09.jpg,data/features/daugman_strict_v3/gabor_codes/11__1L__S3111L03.jpg.npz,data/features/daugman_strict_v3/gabor_codes/11__1R__S3111R09.jpg.npz,11,11,F11_T1,F11_T1,F11_T1_L,F11_T1_R,1,1,L,R,same_subject_different_eye,0,0,0,True,0.4102936431106808,10,24792,,"S3111L03,S3111R09",filtered_from_final_matching_results
1353,148,158,11/1L/S3111L03.jpg,11/2L/S3112L10.jpg,data/features/daugman_strict_v3/gabor_codes/11__1L__S3111L03.jpg.npz,data/features/daugman_strict_v3/gabor_codes/11__2L__S3112L10.jpg.npz,11,11,F11_T1,F11_T2,F11_T1_L,F11_T2_L,1,2,L,L,twin_same_eye,0,1,0,True,0.4729623206684534,-10,25372,,"S3111L03,S3112L10",filtered_from_final_matching_results
1354,149,150,11/1R/S3111R01.jpg,11/1R/S3111R02.jpg,data/features/daugman_strict_v3/gabor_codes/11__1R__S3111R01.jpg.npz,data/features/daugman_strict_v3/gabor_codes/11__1R__S3111R02.jpg.npz,11,11,F11_T1,F11_T1,F11_T1_R,F11_T1_R,1,1,R,R,genuine,1,0,0,True,0.3025893508388038,0,27420,,"S3111R01,S3111R02",filtered_from_final_matching_results
1357,149,153,11/1R/S3111R01.jpg,11/1R/S3111R05.jpg,data/features/daugman_strict_v3/gabor_codes/11__1R__S3111R01.jpg.npz,data/features/daugman_strict_v3/gabor_codes/11__1R__S3111R05.jpg.npz,11,11,F11_T1,F11_T1,F11_T1_R,F11_T1_R,1,1,R,R,genuine,1,0,0,True,0.2846744696415508,0,27340,,"S3111R01,S3111R05",filtered_from_final_matching_results
1358,149,154,11/1R/S3111R01.jpg,11/1R/S3111R06.jpg,data/features/daugman_strict_v3/gabor_codes/11__1R__S3111R01.jpg.npz,data/features/daugman_strict_v3/gabor_codes/11__1R__S3111R06.jpg.npz,11,11,F11_T1,F11_T1,F11_T1_R,F11_T1_R,1,1,R,R,genuine,1,0,0,True,0.328496427008896,0,27428,,"S3111R01,S3111R06",filtered_from_final_matching_results
1361,149,157,11/1R/S3111R01.jpg,11/1R/S3111R09.jpg,data/features/daugman_strict_v3/gabor_codes/11__1R__S3111R01.jpg.npz,data/features/daugman_strict_v3/gabor_codes/11__1R__S3111R09.jpg.npz,11,11,F11_T1,F11_T1,F11_T1_R,F11_T1_R,1,1,R,R,genuine,1,0,0,True,0.346619460941069,0,26268,,"S3111R01,S3111R09",filtered_from_final_matching_results
1362,149,158,11/1R/S3111R01.jpg,11/2L/S3112L10.jpg,data/features/daugman_strict_v3/gabor_codes/11__1R__S3111R01.jpg.npz,data/features/daugman_strict_v3/gabor_codes/11__2L__S3112L10.jpg.npz,11,11,F11_T1,F11_T2,F11_T1_R,F11_T2_L,1,2,R,L,twin_cross_eye,0,1,0,True,0.4410943396226415,0,26500,,"S3111R01,S3112L10",filtered_from_final_matching_results
1365,150,153,11/1R/S3111R02.jpg,11/1R/S3111R05.jpg,data/features/daugman_strict_v3/gabor_codes/11__1R__S3111R02.jpg.npz,data/features/daugman_strict_v3/gabor_codes/11__1R__S3111R05.jpg.npz,11,11,F11_T1,F11_T1,F11_T1_R,F11_T1_R,1,1,R,R,genuine,1,0,0,True,0.2002786112301757,0,27996,,"S3111R02,S3111R05",filtered_from_final_matching_results
1366,150,154,11/1R/S3111R02.jpg,11/1R/S3111R06.jpg,data/features/daugman_strict_v3/gabor_codes/11__1R__S3111R02.jpg.npz,data/features/daugman_strict_v3/gabor_codes/11__1R__S3111R06.jpg.npz,11,11,F11_T1,F11_T1,F11_T1_R,F11_T1_R,1,1,R,R,genuine,1,0,0,True,0.209040959040959,0,28028,,"S3111R02,S3111R06",filtered_from_final_matching_results
1369,150,157,11/1R/S3111R02.jpg,11/1R/S3111R09.jpg,data/features/daugman_strict_v3/gabor_codes/11__1R__S3111R02.jpg.npz,data/features/daugman_strict_v3/gabor_codes/11__1R__S3111R09.jpg.npz,11,11,F11_T1,F11_T1,F11_T1_R,F11_T1_R,1,1,R,R,genuine,1,0,0,True,0.240686931902846,0,26844,,"S3111R02,S3111R09",filtered_from_final_matching_results
1370,150,158,11/1R/S3111R02.jpg,11/2L/S3112L10.jpg,data/features/daugman_strict_v3/gabor_codes/11__1R__S3111R02.jpg.npz,data/features/daugman_strict_v3/gabor_codes/11__2L__S3112L10.jpg.npz,11,11,F11_T1,F11_T2,F11_T1_R,F11_T2_L,1,2,R,L,twin_cross_eye,0,1,0,True,0.4087242859257067,0,27028,,"S3111R02,S3112L10",filtered_from_final_matching_results
1384,153,154,11/1R/S3111R05.jpg,11/1R/S3111R06.jpg,data/features/daugman_strict_v3/gabor_codes/11__1R__S3111R05.jpg.npz,data/features/daugman_strict_v3/gabor_codes/11__1R__S3111R06.jpg.npz,11,11,F11_T1,F11_T1,F11_T1_R,F11_T1_R,1,1,R,R,genuine,1,0,0,True,0.1778354178510517,0,28144,,"S3111R05,S3111R06",filtered_from_final_matching_results
1387,153,157,11/1R/S3111R05.jpg,11/1R/S3111R09.jpg,data/features/daugman_strict_v3/gabor_codes/11__1R__S3111R05.jpg.npz,data/features/daugman_strict_v3/gabor_codes/11__1R__S3111R09.jpg.npz,11,11,F11_T1,F11_T1,F11_T1_R,F11_T1_R,1,1,R,R,genuine,1,0,0,True,0.2602306547619047,0,26880,,"S3111R05,S3111R09",filtered_from_final_matching_results
1388,153,158,11/1R/S3111R05.jpg,11/2L/S3112L10.jpg,data/features/daugman_strict_v3/gabor_codes/11__1R__S3111R05.jpg.npz,data/features/daugman_strict_v3/gabor_codes/11__2L__S3112L10.jpg.npz,11,11,F11_T1,F11_T2,F11_T1_R,F11_T2_L,1,2,R,L,twin_cross_eye,0,1,0,True,0.4300951389921213,0,26908,,"S3111R05,S3112L10",filtered_from_final_matching_results
1391,154,157,11/1R/S3111R06.jpg,11/1R/S3111R09.jpg,data/features/daugman_strict_v3/gabor_codes/11__1R__S3111R06.jpg.npz,data/features/daugman_strict_v3/gabor_codes/11__1R__S3111R09.jpg.npz,11,11,F11_T1,F11_T1,F11_T1_R,F11_T1_R,1,1,R,R,genuine,1,0,0,True,0.2571121647651504,0,26996,,"S3111R06,S3111R09",filtered_from_final_matching_results
1392,154,158,11/1R/S3111R06.jpg,11/2L/S3112L10.jpg,data/features/daugman_strict_v3/gabor_codes/11__1R__S3111R06.jpg.npz,data/features/daugman_strict_v3/gabor_codes/11__2L__S3112L10.jpg.npz,11,11,F11_T1,F11_T2,F11_T1_R,F11_T2_L,1,2,R,L,twin_cross_eye,0,1,0,True,0.4256031185642836,0,27192,,"S3111R06,S3112L10",filtered_from_final_matching_results
1398,157,158,11/1R/S3111R09.jpg,11/2L/S3112L10.jpg,data/features/daugman_strict_v3/gabor_codes/11__1R__S3111R09.jpg.npz,data/features/daugman_strict_v3/gabor_codes/11__2L__S3112L10.jpg.npz,11,11,F11_T1,F11_T2,F11_T1_R,F11_T2_L,1,2,R,L,twin_cross_eye,0,1,0,True,0.4423410632591891,4,25356,,"S3111R09,S3112L10",filtered_from_final_matching_results
1399,159,160,12/1L/S3121L01.jpg,12/1L/S3121L02.jpg,data/features/daugman_strict_v3/gabor_codes/12__1L__S3121L01.jpg.npz,data/features/daugman_strict_v3/gabor_codes/12__1L__S3121L02.jpg.npz,12,12,F12_T1,F12_T1,F12_T1_L,F12_T1_L,1,1,L,L,genuine,1,0,0,True,0.2277653475038456,0,28604,,"S3121L01,S3121L02",filtered_from_final_matching_results
1400,159,161,12/1L/S3121L01.jpg,12/1L/S3121L03.jpg,data/features/daugman_strict_v3/gabor_codes/12__1L__S3121L01.jpg.npz,data/features/daugman_strict_v3/gabor_codes/12__1L__S3121L03.jpg.npz,12,12,F12_T1,F12_T1,F12_T1_L,F12_T1_L,1,1,L,L,genuine,1,0,0,True,0.2793823990871488,0,28044,,"S3121L01,S3121L03",filtered_from_final_matching_results
1401,159,162,12/1L/S3121L01.jpg,12/1R/S3121R01.jpg,data/features/daugman_strict_v3/gabor_codes/12__1L__S3121L01.jpg.npz,data/features/daugman_strict_v3/gabor_codes/12__1R__S3121R01.jpg.npz,12,12,F12_T1,F12_T1,F12_T1_L,F12_T1_R,1,1,L,R,same_subject_different_eye,0,0,0,True,0.4218365553602812,-14,22760,,"S3121L01,S3121R01",filtered_from_final_matching_results
1402,159,163,12/1L/S3121L01.jpg,12/1R/S3121R02.jpg,data/features/daugman_strict_v3/gabor_codes/12__1L__S3121L01.jpg.npz,data/features/daugman_strict_v3/gabor_codes/12__1R__S3121R02.jpg.npz,12,12,F12_T1,F12_T1,F12_T1_L,F12_T1_R,1,1,L,R,same_subject_different_eye,0,0,0,True,0.402611455778387,0,27724,,"S3121L01,S3121R02",filtered_from_final_matching_results
1404,159,165,12/1L/S3121L01.jpg,12/1R/S3121R04.jpg,data/features/daugman_strict_v3/gabor_codes/12__1L__S3121L01.jpg.npz,data/features/daugman_strict_v3/gabor_codes/12__1R__S3121R04.jpg.npz,12,12,F12_T1,F12_T1,F12_T1_L,F12_T1_R,1,1,L,R,same_subject_different_eye,0,0,0,True,0.40271047849788,10,26416,,"S3121L01,S3121R04",filtered_from_final_matching_results
1407,159,168,12/1L/S3121L01.jpg,12/1R/S3121R07.jpg,data/features/daugman_strict_v3/gabor_codes/12__1L__S3121L01.jpg.npz,data/features/daugman_strict_v3/gabor_codes/12__1R__S3121R07.jpg.npz,12,12,F12_T1,F12_T1,F12_T1_L,F12_T1_R,1,1,L,R,same_subject_different_eye,0,0,0,True,0.4060973624226636,-10,24568,,"S3121L01,S3121R07",filtered_from_final_matching_results
1408,159,169,12/1L/S3121L01.jpg,12/1R/S3121R08.jpg,data/features/daugman_strict_v3/gabor_codes/12__1L__S3121L01.jpg.npz,data/features/daugman_strict_v3/gabor_codes/12__1R__S3121R08.jpg.npz,12,12,F12_T1,F12_T1,F12_T1_L,F12_T1_R,1,1,L,R,same_subject_different_eye,0,0,0,True,0.4100119635112905,6,26748,,"S3121L01,S3121R08",filtered_from_final_matching_results
1409,159,170,12/1L/S3121L01.jpg,12/2L/S3122L01.jpg,data/features/daugman_strict_v3/gabor_codes/12__1L__S3121L01.jpg.npz,data/features/daugman_strict_v3/gabor_codes/12__2L__S3122L01.jpg.npz,12,12,F12_T1,F12_T2,F12_T1_L,F12_T2_L,1,2,L,L,twin_same_eye,0,1,0,True,0.3785820158102767,14,24288,,"S3121L01,S3122L01",filtered_from_final_matching_results
1413,159,174,12/1L/S3121L01.jpg,12/2L/S3122L05.jpg,data/features/daugman_strict_v3/gabor_codes/12__1L__S3121L01.jpg.npz,data/features/daugman_strict_v3/gabor_codes/12__2L__S3122L05.jpg.npz,12,12,F12_T1,F12_T2,F12_T1_L,F12_T2_L,1,2,L,L,twin_same_eye,0,1,0,True,0.4077702141789806,16,24092,,"S3121L01,S3122L05",filtered_from_final_matching_results
1415,159,176,12/1L/S3121L01.jpg,12/2L/S3122L07.jpg,data/features/daugman_strict_v3/gabor_codes/12__1L__S3121L01.jpg.npz,data/features/daugman_strict_v3/gabor_codes/12__2L__S3122L07.jpg.npz,12,12,F12_T1,F12_T2,F12_T1_L,F12_T2_L,1,2,L,L,twin_same_eye,0,1,0,True,0.4233161040219674,14,24764,,"S3121L01,S3122L07",filtered_from_final_matching_results
1417,159,178,12/1L/S3121L01.jpg,12/2L/S3122L09.jpg,data/features/daugman_strict_v3/gabor_codes/12__1L__S3121L01.jpg.npz,data/features/daugman_strict_v3/gabor_codes/12__2L__S3122L09.jpg.npz,12,12,F12_T1,F12_T2,F12_T1_L,F12_T2_L,1,2,L,L,twin_same_eye,0,1,0,True,0.3938776968138305,2,27996,,"S3121L01,S3122L09",filtered_from_final_matching_results
1418,159,179,12/1L/S3121L01.jpg,12/2L/S3122L10.jpg,data/features/daugman_strict_v3/gabor_codes/12__1L__S3121L01.jpg.npz,data/features/daugman_strict_v3/gabor_codes/12__2L__S3122L10.jpg.npz,12,12,F12_T1,F12_T2,F12_T1_L,F12_T2_L,1,2,L,L,twin_same_eye,0,1,0,True,0.3872853638593622,16,24460,,"S3121L01,S3122L10",filtered_from_final_matching_results
1419,159,180,12/1L/S3121L01.jpg,12/2R/S3122R01.jpg,data/features/daugman_strict_v3/gabor_codes/12__1L__S3121L01.jpg.npz,data/features/daugman_strict_v3/gabor_codes/12__2R__S3122R01.jpg.npz,12,12,F12_T1,F12_T2,F12_T1_L,F12_T2_R,1,2,L,R,twin_cross_eye,0,1,0,True,0.4263012100889342,0,27436,,"S3121L01,S3122R01",filtered_from_final_matching_results
1420,159,181,12/1L/S3121L01.jpg,12/2R/S3122R02.jpg,data/features/daugman_strict_v3/gabor_codes/12__1L__S3121L01.jpg.npz,data/features/daugman_strict_v3/gabor_codes/12__2R__S3122R02.jpg.npz,12,12,F12_T1,F12_T2,F12_T1_L,F12_T2_R,1,2,L,R,twin_cross_eye,0,1,0,True,0.4022177419354839,-4,26784,,"S3121L01,S3122R02",filtered_from_final_matching_results
1421,159,182,12/1L/S3121L01.jpg,12/2R/S3122R03.jpg,data/features/daugman_strict_v3/gabor_codes/12__1L__S3121L01.jpg.npz,data/features/daugman_strict_v3/gabor_codes/12__2R__S3122R03.jpg.npz,12,12,F12_T1,F12_T2,F12_T1_L,F12_T2_R,1,2,L,R,twin_cross_eye,0,1,0,True,0.4548555082881033,0,27268,,"S3121L01,S3122R03",filtered_from_final_matching_results
1422,159,183,12/1L/S3121L01.jpg,12/2R/S3122R04.jpg,data/features/daugman_strict_v3/gabor_codes/12__1L__S3121L01.jpg.npz,data/features/daugman_strict_v3/gabor_codes/12__2R__S3122R04.jpg.npz,12,12,F12_T1,F12_T2,F12_T1_L,F12_T2_R,1,2,L,R,twin_cross_eye,0,1,0,True,0.3987059348505131,0,26892,,"S3121L01,S3122R04",filtered_from_final_matching_results
1423,160,161,12/1L/S3121L02.jpg,12/1L/S3121L03.jpg,data/features/daugman_strict_v3/gabor_codes/12__1L__S3121L02.jpg.npz,data/features/daugman_strict_v3/gabor_codes/12__1L__S3121L03.jpg.npz,12,12,F12_T1,F12_T1,F12_T1_L,F12_T1_L,1,1,L,L,genuine,1,0,0,True,0.2856680569538329,2,27812,,"S3121L02,S3121L03",filtered_from_final_matching_results
1424,160,162,12/1L/S3121L02.jpg,12/1R/S3121R01.jpg,data/features/daugman_strict_v3/gabor_codes/12__1L__S3121L02.jpg.npz,data/features/daugman_strict_v3/gabor_codes/12__1R__S3121R01.jpg.npz,12,12,F12_T1,F12_T1,F12_T1_L,F12_T1_R,1,1,L,R,same_subject_different_eye,0,0,0,True,0.3951944492033579,-12,23348,,"S3121L02,S3121R01",filtered_from_final_matching_results
1425,160,163,12/1L/S3121L02.jpg,12/1R/S3121R02.jpg,data/features/daugman_strict_v3/gabor_codes/12__1L__S3121L02.jpg.npz,data/features/daugman_strict_v3/gabor_codes/12__1R__S3121R02.jpg.npz,12,12,F12_T1,F12_T1,F12_T1_L,F12_T1_R,1,1,L,R,same_subject_different_eye,0,0,0,True,0.3873737373737373,0,27720,,"S3121L02,S3121R02",filtered_from_final_matching_results
1427,160,165,12/1L/S3121L02.jpg,12/1R/S3121R04.jpg,data/features/daugman_strict_v3/gabor_codes/12__1L__S3121L02.jpg.npz,data/features/daugman_strict_v3/gabor_codes/12__1R__S3121R04.jpg.npz,12,12,F12_T1,F12_T1,F12_T1_L,F12_T1_R,1,1,L,R,same_subject_different_eye,0,0,0,True,0.3904389248043552,-14,23512,,"S3121L02,S3121R04",filtered_from_final_matching_results
1430,160,168,12/1L/S3121L02.jpg,12/1R/S3121R07.jpg,data/features/daugman_strict_v3/gabor_codes/12__1L__S3121L02.jpg.npz,data/features/daugman_strict_v3/gabor_codes/12__1R__S3121R07.jpg.npz,12,12,F12_T1,F12_T1,F12_T1_L,F12_T1_R,1,1,L,R,same_subject_different_eye,0,0,0,True,0.3937927582179209,-12,23972,,"S3121L02,S3121R07",filtered_from_final_matching_results
1431,160,169,12/1L/S3121L02.jpg,12/1R/S3121R08.jpg,data/features/daugman_strict_v3/gabor_codes/12__1L__S3121L02.jpg.npz,data/features/daugman_strict_v3/gabor_codes/12__1R__S3121R08.jpg.npz,12,12,F12_T1,F12_T1,F12_T1_L,F12_T1_R,1,1,L,R,same_subject_different_eye,0,0,0,True,0.395477886367401,-12,24148,,"S3121L02,S3121R08",filtered_from_final_matching_results
1432,160,170,12/1L/S3121L02.jpg,12/2L/S3122L01.jpg,data/features/daugman_strict_v3/gabor_codes/12__1L__S3121L02.jpg.npz,data/features/daugman_strict_v3/gabor_codes/12__2L__S3122L01.jpg.npz,12,12,F12_T1,F12_T2,F12_T1_L,F12_T2_L,1,2,L,L,twin_same_eye,0,1,0,True,0.3723902679598882,14,24332,,"S3121L02,S3122L01",filtered_from_final_matching_results
1436,160,174,12/1L/S3121L02.jpg,12/2L/S3122L05.jpg,data/features/daugman_strict_v3/gabor_codes/12__1L__S3121L02.jpg.npz,data/features/daugman_strict_v3/gabor_codes/12__2L__S3122L05.jpg.npz,12,12,F12_T1,F12_T2,F12_T1_L,F12_T2_L,1,2,L,L,twin_same_eye,0,1,0,True,0.4130181818181818,0,27500,,"S3121L02,S3122L05",filtered_from_final_matching_results
1438,160,176,12/1L/S3121L02.jpg,12/2L/S3122L07.jpg,data/features/daugman_strict_v3/gabor_codes/12__1L__S3121L02.jpg.npz,data/features/daugman_strict_v3/gabor_codes/12__2L__S3122L07.jpg.npz,12,12,F12_T1,F12_T2,F12_T1_L,F12_T2_L,1,2,L,L,twin_same_eye,0,1,0,True,0.4061641745498932,-6,26216,,"S3121L02,S3122L07",filtered_from_final_matching_results
1440,160,178,12/1L/S3121L02.jpg,12/2L/S3122L09.jpg,data/features/daugman_strict_v3/gabor_codes/12__1L__S3121L02.jpg.npz,data/features/daugman_strict_v3/gabor_codes/12__2L__S3122L09.jpg.npz,12,12,F12_T1,F12_T2,F12_T1_L,F12_T2_L,1,2,L,L,twin_same_eye,0,1,0,True,0.3895720784759738,2,28136,,"S3121L02,S3122L09",filtered_from_final_matching_results
1441,160,179,12/1L/S3121L02.jpg,12/2L/S3122L10.jpg,data/features/daugman_strict_v3/gabor_codes/12__1L__S3121L02.jpg.npz,data/features/daugman_strict_v3/gabor_codes/12__2L__S3122L10.jpg.npz,12,12,F12_T1,F12_T2,F12_T1_L,F12_T2_L,1,2,L,L,twin_same_eye,0,1,0,True,0.3992880770890263,2,27812,,"S3121L02,S3122L10",filtered_from_final_matching_results
1442,160,180,12/1L/S3121L02.jpg,12/2R/S3122R01.jpg,data/features/daugman_strict_v3/gabor_codes/12__1L__S3121L02.jpg.npz,data/features/daugman_strict_v3/gabor_codes/12__2R__S3122R01.jpg.npz,12,12,F12_T1,F12_T2,F12_T1_L,F12_T2_R,1,2,L,R,twin_cross_eye,0,1,0,True,0.4299358413531642,0,27432,,"S3121L02,S3122R01",filtered_from_final_matching_results
1443,160,181,12/1L/S3121L02.jpg,12/2R/S3122R02.jpg,data/features/daugman_strict_v3/gabor_codes/12__1L__S3121L02.jpg.npz,data/features/daugman_strict_v3/gabor_codes/12__2R__S3122R02.jpg.npz,12,12,F12_T1,F12_T2,F12_T1_L,F12_T2_R,1,2,L,R,twin_cross_eye,0,1,0,True,0.4021723544594207,0,27896,,"S3121L02,S3122R02",filtered_from_final_matching_results
1444,160,182,12/1L/S3121L02.jpg,12/2R/S3122R03.jpg,data/features/daugman_strict_v3/gabor_codes/12__1L__S3121L02.jpg.npz,data/features/daugman_strict_v3/gabor_codes/12__2R__S3122R03.jpg.npz,12,12,F12_T1,F12_T2,F12_T1_L,F12_T2_R,1,2,L,R,twin_cross_eye,0,1,0,True,0.4698055271238485,0,27356,,"S3121L02,S3122R03",filtered_from_final_matching_results
1445,160,183,12/1L/S3121L02.jpg,12/2R/S3122R04.jpg,data/features/daugman_strict_v3/gabor_codes/12__1L__S3121L02.jpg.npz,data/features/daugman_strict_v3/gabor_codes/12__2R__S3122R04.jpg.npz,12,12,F12_T1,F12_T2,F12_T1_L,F12_T2_R,1,2,L,R,twin_cross_eye,0,1,0,True,0.4046364985163205,0,26960,,"S3121L02,S3122R04",filtered_from_final_matching_results
1446,161,162,12/1L/S3121L03.jpg,12/1R/S3121R01.jpg,data/features/daugman_strict_v3/gabor_codes/12__1L__S3121L03.jpg.npz,data/features/daugman_strict_v3/gabor_codes/12__1R__S3121R01.jpg.npz,12,12,F12_T1,F12_T1,F12_T1_L,F12_T1_R,1,1,L,R,same_subject_different_eye,0,0,0,True,0.3884869939972294,6,25988,,"S3121L03,S3121R01",filtered_from_final_matching_results
1447,161,163,12/1L/S3121L03.jpg,12/1R/S3121R02.jpg,data/features/daugman_strict_v3/gabor_codes/12__1L__S3121L03.jpg.npz,data/features/daugman_strict_v3/gabor_codes/12__1R__S3121R02.jpg.npz,12,12,F12_T1,F12_T1,F12_T1_L,F12_T1_R,1,1,L,R,same_subject_different_eye,0,0,0,True,0.4017020612117427,12,25616,,"S3121L03,S3121R02",filtered_from_final_matching_results
1449,161,165,12/1L/S3121L03.jpg,12/1R/S3121R04.jpg,data/features/daugman_strict_v3/gabor_codes/12__1L__S3121L03.jpg.npz,data/features/daugman_strict_v3/gabor_codes/12__1R__S3121R04.jpg.npz,12,12,F12_T1,F12_T1,F12_T1_L,F12_T1_R,1,1,L,R,same_subject_different_eye,0,0,0,True,0.4053962900505902,-12,23720,,"S3121L03,S3121R04",filtered_from_final_matching_results
1452,161,168,12/1L/S3121L03.jpg,12/1R/S3121R07.jpg,data/features/daugman_strict_v3/gabor_codes/12__1L__S3121L03.jpg.npz,data/features/daugman_strict_v3/gabor_codes/12__1R__S3121R07.jpg.npz,12,12,F12_T1,F12_T1,F12_T1_L,F12_T1_R,1,1,L,R,same_subject_different_eye,0,0,0,True,0.3937576875768758,8,26016,,"S3121L03,S3121R07",filtered_from_final_matching_results
1453,161,169,12/1L/S3121L03.jpg,12/1R/S3121R08.jpg,data/features/daugman_strict_v3/gabor_codes/12__1L__S3121L03.jpg.npz,data/features/daugman_strict_v3/gabor_codes/12__1R__S3121R08.jpg.npz,12,12,F12_T1,F12_T1,F12_T1_L,F12_T1_R,1,1,L,R,same_subject_different_eye,0,0,0,True,0.3964990062681547,8,26164,,"S3121L03,S3121R08",filtered_from_final_matching_results
1454,161,170,12/1L/S3121L03.jpg,12/2L/S3122L01.jpg,data/features/daugman_strict_v3/gabor_codes/12__1L__S3121L03.jpg.npz,data/features/daugman_strict_v3/gabor_codes/12__2L__S3122L01.jpg.npz,12,12,F12_T1,F12_T2,F12_T1_L,F12_T2_L,1,2,L,L,twin_same_eye,0,1,0,True,0.3957162323283938,16,23484,,"S3121L03,S3122L01",filtered_from_final_matching_results
1458,161,174,12/1L/S3121L03.jpg,12/2L/S3122L05.jpg,data/features/daugman_strict_v3/gabor_codes/12__1L__S3121L03.jpg.npz,data/features/daugman_strict_v3/gabor_codes/12__2L__S3122L05.jpg.npz,12,12,F12_T1,F12_T2,F12_T1_L,F12_T2_L,1,2,L,L,twin_same_eye,0,1,0,True,0.4180745814307458,4,26280,,"S3121L03,S3122L05",filtered_from_final_matching_results
1460,161,176,12/1L/S3121L03.jpg,12/2L/S3122L07.jpg,data/features/daugman_strict_v3/gabor_codes/12__1L__S3121L03.jpg.npz,data/features/daugman_strict_v3/gabor_codes/12__2L__S3122L07.jpg.npz,12,12,F12_T1,F12_T2,F12_T1_L,F12_T2_L,1,2,L,L,twin_same_eye,0,1,0,True,0.4126966458889878,2,26952,,"S3121L03,S3122L07",filtered_from_final_matching_results
1462,161,178,12/1L/S3121L03.jpg,12/2L/S3122L09.jpg,data/features/daugman_strict_v3/gabor_codes/12__1L__S3121L03.jpg.npz,data/features/daugman_strict_v3/gabor_codes/12__2L__S3122L09.jpg.npz,12,12,F12_T1,F12_T2,F12_T1_L,F12_T2_L,1,2,L,L,twin_same_eye,0,1,0,True,0.3905847869602516,0,27976,,"S3121L03,S3122L09",filtered_from_final_matching_results
1463,161,179,12/1L/S3121L03.jpg,12/2L/S3122L10.jpg,data/features/daugman_strict_v3/gabor_codes/12__1L__S3121L03.jpg.npz,data/features/daugman_strict_v3/gabor_codes/12__2L__S3122L10.jpg.npz,12,12,F12_T1,F12_T2,F12_T1_L,F12_T2_L,1,2,L,L,twin_same_eye,0,1,0,True,0.4035594211372606,2,27364,,"S3121L03,S3122L10",filtered_from_final_matching_results
1464,161,180,12/1L/S3121L03.jpg,12/2R/S3122R01.jpg,data/features/daugman_strict_v3/gabor_codes/12__1L__S3121L03.jpg.npz,data/features/daugman_strict_v3/gabor_codes/12__2R__S3122R01.jpg.npz,12,12,F12_T1,F12_T2,F12_T1_L,F12_T2_R,1,2,L,R,twin_cross_eye,0,1,0,True,0.437840084643289,-2,26464,,"S3121L03,S3122R01",filtered_from_final_matching_results
1465,161,181,12/1L/S3121L03.jpg,12/2R/S3122R02.jpg,data/features/daugman_strict_v3/gabor_codes/12__1L__S3121L03.jpg.npz,data/features/daugman_strict_v3/gabor_codes/12__2R__S3122R02.jpg.npz,12,12,F12_T1,F12_T2,F12_T1_L,F12_T2_R,1,2,L,R,twin_cross_eye,0,1,0,True,0.4102508336958098,0,27588,,"S3121L03,S3122R02",filtered_from_final_matching_results
1466,161,182,12/1L/S3121L03.jpg,12/2R/S3122R03.jpg,data/features/daugman_strict_v3/gabor_codes/12__1L__S3121L03.jpg.npz,data/features/daugman_strict_v3/gabor_codes/12__2R__S3122R03.jpg.npz,12,12,F12_T1,F12_T2,F12_T1_L,F12_T2_R,1,2,L,R,twin_cross_eye,0,1,0,True,0.46795542925516,-2,26744,,"S3121L03,S3122R03",filtered_from_final_matching_results
1467,161,183,12/1L/S3121L03.jpg,12/2R/S3122R04.jpg,data/features/daugman_strict_v3/gabor_codes/12__1L__S3121L03.jpg.npz,data/features/daugman_strict_v3/gabor_codes/12__2R__S3122R04.jpg.npz,12,12,F12_T1,F12_T2,F12_T1_L,F12_T2_R,1,2,L,R,twin_cross_eye,0,1,0,True,0.3979484085080706,0,26516,,"S3121L03,S3122R04",filtered_from_final_matching_results
1468,162,163,12/1R/S3121R01.jpg,12/1R/S3121R02.jpg,data/features/daugman_strict_v3/gabor_codes/12__1R__S3121R01.jpg.npz,data/features/daugman_strict_v3/gabor_codes/12__1R__S3121R02.jpg.npz,12,12,F12_T1,F12_T1,F12_T1_R,F12_T1_R,1,1,R,R,genuine,1,0,0,True,0.2801610440094405,0,28812,,"S3121R01,S3121R02",filtered_from_final_matching_results
1470,162,165,12/1R/S3121R01.jpg,12/1R/S3121R04.jpg,data/features/daugman_strict_v3/gabor_codes/12__1R__S3121R01.jpg.npz,data/features/daugman_strict_v3/gabor_codes/12__1R__S3121R04.jpg.npz,12,12,F12_T1,F12_T1,F12_T1_R,F12_T1_R,1,1,R,R,genuine,1,0,0,True,0.3015090959206174,0,29024,,"S3121R01,S3121R04",filtered_from_final_matching_results
1473,162,168,12/1R/S3121R01.jpg,12/1R/S3121R07.jpg,data/features/daugman_strict_v3/gabor_codes/12__1R__S3121R01.jpg.npz,data/features/daugman_strict_v3/gabor_codes/12__1R__S3121R07.jpg.npz,12,12,F12_T1,F12_T1,F12_T1_R,F12_T1_R,1,1,R,R,genuine,1,0,0,True,0.2792189679218967,0,28680,,"S3121R01,S3121R07",filtered_from_final_matching_results
1474,162,169,12/1R/S3121R01.jpg,12/1R/S3121R08.jpg,data/features/daugman_strict_v3/gabor_codes/12__1R__S3121R01.jpg.npz,data/features/daugman_strict_v3/gabor_codes/12__1R__S3121R08.jpg.npz,12,12,F12_T1,F12_T1,F12_T1_R,F12_T1_R,1,1,R,R,genuine,1,0,0,True,0.2821737311767986,0,28688,,"S3121R01,S3121R08",filtered_from_final_matching_results
1475,162,170,12/1R/S3121R01.jpg,12/2L/S3122L01.jpg,data/features/daugman_strict_v3/gabor_codes/12__1R__S3121R01.jpg.npz,data/features/daugman_strict_v3/gabor_codes/12__2L__S3122L01.jpg.npz,12,12,F12_T1,F12_T2,F12_T1_R,F12_T2_L,1,2,R,L,twin_cross_eye,0,1,0,True,0.3851137562151575,0,26548,,"S3121R01,S3122L01",filtered_from_final_matching_results
1479,162,174,12/1R/S3121R01.jpg,12/2L/S3122L05.jpg,data/features/daugman_strict_v3/gabor_codes/12__1R__S3121R01.jpg.npz,data/features/daugman_strict_v3/gabor_codes/12__2L__S3122L05.jpg.npz,12,12,F12_T1,F12_T2,F12_T1_R,F12_T2_L,1,2,R,L,twin_cross_eye,0,1,0,True,0.3906064712857869,14,23612,,"S3121R01,S3122L05",filtered_from_final_matching_results
1481,162,176,12/1R/S3121R01.jpg,12/2L/S3122L07.jpg,data/features/daugman_strict_v3/gabor_codes/12__1R__S3121R01.jpg.npz,data/features/daugman_strict_v3/gabor_codes/12__2L__S3122L07.jpg.npz,12,12,F12_T1,F12_T2,F12_T1_R,F12_T2_L,1,2,R,L,twin_cross_eye,0,1,0,True,0.3969832148797822,4,26452,,"S3121R01,S3122L07",filtered_from_final_matching_results
1483,162,178,12/1R/S3121R01.jpg,12/2L/S3122L09.jpg,data/features/daugman_strict_v3/gabor_codes/12__1R__S3121R01.jpg.npz,data/features/daugman_strict_v3/gabor_codes/12__2L__S3122L09.jpg.npz,12,12,F12_T1,F12_T2,F12_T1_R,F12_T2_L,1,2,R,L,twin_cross_eye,0,1,0,True,0.3934814814814815,-4,27000,,"S3121R01,S3122L09",filtered_from_final_matching_results
1484,162,179,12/1R/S3121R01.jpg,12/2L/S3122L10.jpg,data/features/daugman_strict_v3/gabor_codes/12__1R__S3121R01.jpg.npz,data/features/daugman_strict_v3/gabor_codes/12__2L__S3122L10.jpg.npz,12,12,F12_T1,F12_T2,F12_T1_R,F12_T2_L,1,2,R,L,twin_cross_eye,0,1,0,True,0.4091012600576894,4,26348,,"S3121R01,S3122L10",filtered_from_final_matching_results
1485,162,180,12/1R/S3121R01.jpg,12/2R/S3122R01.jpg,data/features/daugman_strict_v3/gabor_codes/12__1R__S3121R01.jpg.npz,data/features/daugman_strict_v3/gabor_codes/12__2R__S3122R01.jpg.npz,12,12,F12_T1,F12_T2,F12_T1_R,F12_T2_R,1,2,R,R,twin_same_eye,0,1,0,True,0.3765126050420168,16,23800,,"S3121R01,S3122R01",filtered_from_final_matching_results
1486,162,181,12/1R/S3121R01.jpg,12/2R/S3122R02.jpg,data/features/daugman_strict_v3/gabor_codes/12__1R__S3121R01.jpg.npz,data/features/daugman_strict_v3/gabor_codes/12__2R__S3122R02.jpg.npz,12,12,F12_T1,F12_T2,F12_T1_R,F12_T2_R,1,2,R,R,twin_same_eye,0,1,0,True,0.3856828910955559,-16,24572,,"S3121R01,S3122R02",filtered_from_final_matching_results
1487,162,182,12/1R/S3121R01.jpg,12/2R/S3122R03.jpg,data/features/daugman_strict_v3/gabor_codes/12__1R__S3121R01.jpg.npz,data/features/daugman_strict_v3/gabor_codes/12__2R__S3122R03.jpg.npz,12,12,F12_T1,F12_T2,F12_T1_R,F12_T2_R,1,2,R,R,twin_same_eye,0,1,0,True,0.4236953083816552,14,22764,,"S3121R01,S3122R03",filtered_from_final_matching_results
1488,162,183,12/1R/S3121R01.jpg,12/2R/S3122R04.jpg,data/features/daugman_strict_v3/gabor_codes/12__1R__S3121R01.jpg.npz,data/features/daugman_strict_v3/gabor_codes/12__2R__S3122R04.jpg.npz,12,12,F12_T1,F12_T2,F12_T1_R,F12_T2_R,1,2,R,R,twin_same_eye,0,1,0,True,0.3680093209054594,16,24032,,"S3121R01,S3122R04",filtered_from_final_matching_results
1490,163,165,12/1R/S3121R02.jpg,12/1R/S3121R04.jpg,data/features/daugman_strict_v3/gabor_codes/12__1R__S3121R02.jpg.npz,data/features/daugman_strict_v3/gabor_codes/12__1R__S3121R04.jpg.npz,12,12,F12_T1,F12_T1,F12_T1_R,F12_T1_R,1,1,R,R,genuine,1,0,0,True,0.2331782632146709,0,29664,,"S3121R02,S3121R04",filtered_from_final_matching_results
1493,163,168,12/1R/S3121R02.jpg,12/1R/S3121R07.jpg,data/features/daugman_strict_v3/gabor_codes/12__1R__S3121R02.jpg.npz,data/features/daugman_strict_v3/gabor_codes/12__1R__S3121R07.jpg.npz,12,12,F12_T1,F12_T1,F12_T1_R,F12_T1_R,1,1,R,R,genuine,1,0,0,True,0.3294801737424688,-2,28548,,"S3121R02,S3121R07",filtered_from_final_matching_results
1494,163,169,12/1R/S3121R02.jpg,12/1R/S3121R08.jpg,data/features/daugman_strict_v3/gabor_codes/12__1R__S3121R02.jpg.npz,data/features/daugman_strict_v3/gabor_codes/12__1R__S3121R08.jpg.npz,12,12,F12_T1,F12_T1,F12_T1_R,F12_T1_R,1,1,R,R,genuine,1,0,0,True,0.325438716753496,0,29176,,"S3121R02,S3121R08",filtered_from_final_matching_results
1495,163,170,12/1R/S3121R02.jpg,12/2L/S3122L01.jpg,data/features/daugman_strict_v3/gabor_codes/12__1R__S3121R02.jpg.npz,data/features/daugman_strict_v3/gabor_codes/12__2L__S3122L01.jpg.npz,12,12,F12_T1,F12_T2,F12_T1_R,F12_T2_L,1,2,R,L,twin_cross_eye,0,1,0,True,0.3854715875805506,0,27312,,"S3121R02,S3122L01",filtered_from_final_matching_results
1499,163,174,12/1R/S3121R02.jpg,12/2L/S3122L05.jpg,data/features/daugman_strict_v3/gabor_codes/12__1R__S3121R02.jpg.npz,data/features/daugman_strict_v3/gabor_codes/12__2L__S3122L05.jpg.npz,12,12,F12_T1,F12_T2,F12_T1_R,F12_T2_L,1,2,R,L,twin_cross_eye,0,1,0,True,0.4023600185099491,8,25932,,"S3121R02,S3122L05",filtered_from_final_matching_results
1501,163,176,12/1R/S3121R02.jpg,12/2L/S3122L07.jpg,data/features/daugman_strict_v3/gabor_codes/12__1R__S3121R02.jpg.npz,data/features/daugman_strict_v3/gabor_codes/12__2L__S3122L07.jpg.npz,12,12,F12_T1,F12_T2,F12_T1_R,F12_T2_L,1,2,R,L,twin_cross_eye,0,1,0,True,0.4068369646882043,6,26620,,"S3121R02,S3122L07",filtered_from_final_matching_results
1503,163,178,12/1R/S3121R02.jpg,12/2L/S3122L09.jpg,data/features/daugman_strict_v3/gabor_codes/12__1R__S3121R02.jpg.npz,data/features/daugman_strict_v3/gabor_codes/12__2L__S3122L09.jpg.npz,12,12,F12_T1,F12_T2,F12_T1_R,F12_T2_L,1,2,R,L,twin_cross_eye,0,1,0,True,0.3922565077508043,4,27352,,"S3121R02,S3122L09",filtered_from_final_matching_results
1504,163,179,12/1R/S3121R02.jpg,12/2L/S3122L10.jpg,data/features/daugman_strict_v3/gabor_codes/12__1R__S3121R02.jpg.npz,data/features/daugman_strict_v3/gabor_codes/12__2L__S3122L10.jpg.npz,12,12,F12_T1,F12_T2,F12_T1_R,F12_T2_L,1,2,R,L,twin_cross_eye,0,1,0,True,0.3970013591573225,16,23544,,"S3121R02,S3122L10",filtered_from_final_matching_results
1505,163,180,12/1R/S3121R02.jpg,12/2R/S3122R01.jpg,data/features/daugman_strict_v3/gabor_codes/12__1R__S3121R02.jpg.npz,data/features/daugman_strict_v3/gabor_codes/12__2R__S3122R01.jpg.npz,12,12,F12_T1,F12_T2,F12_T1_R,F12_T2_R,1,2,R,R,twin_same_eye,0,1,0,True,0.3891658114645946,-6,27284,,"S3121R02,S3122R01",filtered_from_final_matching_results
1506,163,181,12/1R/S3121R02.jpg,12/2R/S3122R02.jpg,data/features/daugman_strict_v3/gabor_codes/12__1R__S3121R02.jpg.npz,data/features/daugman_strict_v3/gabor_codes/12__2R__S3122R02.jpg.npz,12,12,F12_T1,F12_T2,F12_T1_R,F12_T2_R,1,2,R,R,twin_same_eye,0,1,0,True,0.3815991085109346,0,28716,,"S3121R02,S3122R02",filtered_from_final_matching_results
1507,163,182,12/1R/S3121R02.jpg,12/2R/S3122R03.jpg,data/features/daugman_strict_v3/gabor_codes/12__1R__S3121R02.jpg.npz,data/features/daugman_strict_v3/gabor_codes/12__2R__S3122R03.jpg.npz,12,12,F12_T1,F12_T2,F12_T1_R,F12_T2_R,1,2,R,R,twin_same_eye,0,1,0,True,0.448502024291498,-16,24700,,"S3121R02,S3122R03",filtered_from_final_matching_results
1508,163,183,12/1R/S3121R02.jpg,12/2R/S3122R04.jpg,data/features/daugman_strict_v3/gabor_codes/12__1R__S3121R02.jpg.npz,data/features/daugman_strict_v3/gabor_codes/12__2R__S3122R04.jpg.npz,12,12,F12_T1,F12_T2,F12_T1_R,F12_T2_R,1,2,R,R,twin_same_eye,0,1,0,True,0.3786038343333821,-6,27332,,"S3121R02,S3122R04",filtered_from_final_matching_results
1530,165,168,12/1R/S3121R04.jpg,12/1R/S3121R07.jpg,data/features/daugman_strict_v3/gabor_codes/12__1R__S3121R04.jpg.npz,data/features/daugman_strict_v3/gabor_codes/12__1R__S3121R07.jpg.npz,12,12,F12_T1,F12_T1,F12_T1_R,F12_T1_R,1,1,R,R,genuine,1,0,0,True,0.2970507544581618,0,29160,,"S3121R04,S3121R07",filtered_from_final_matching_results
1531,165,169,12/1R/S3121R04.jpg,12/1R/S3121R08.jpg,data/features/daugman_strict_v3/gabor_codes/12__1R__S3121R04.jpg.npz,data/features/daugman_strict_v3/gabor_codes/12__1R__S3121R08.jpg.npz,12,12,F12_T1,F12_T1,F12_T1_R,F12_T1_R,1,1,R,R,genuine,1,0,0,True,0.2819003285870756,0,29216,,"S3121R04,S3121R08",filtered_from_final_matching_results
1532,165,170,12/1R/S3121R04.jpg,12/2L/S3122L01.jpg,data/features/daugman_strict_v3/gabor_codes/12__1R__S3121R04.jpg.npz,data/features/daugman_strict_v3/gabor_codes/12__2L__S3122L01.jpg.npz,12,12,F12_T1,F12_T2,F12_T1_R,F12_T2_L,1,2,R,L,twin_cross_eye,0,1,0,True,0.3768227168073676,4,26060,,"S3121R04,S3122L01",filtered_from_final_matching_results
1536,165,174,12/1R/S3121R04.jpg,12/2L/S3122L05.jpg,data/features/daugman_strict_v3/gabor_codes/12__1R__S3121R04.jpg.npz,data/features/daugman_strict_v3/gabor_codes/12__2L__S3122L05.jpg.npz,12,12,F12_T1,F12_T2,F12_T1_R,F12_T2_L,1,2,R,L,twin_cross_eye,0,1,0,True,0.393457868348698,12,24732,,"S3121R04,S3122L05",filtered_from_final_matching_results
1538,165,176,12/1R/S3121R04.jpg,12/2L/S3122L07.jpg,data/features/daugman_strict_v3/gabor_codes/12__1R__S3121R04.jpg.npz,data/features/daugman_strict_v3/gabor_codes/12__2L__S3122L07.jpg.npz,12,12,F12_T1,F12_T2,F12_T1_R,F12_T2_L,1,2,R,L,twin_cross_eye,0,1,0,True,0.3924380165289256,14,24200,,"S3121R04,S3122L07",filtered_from_final_matching_results
1540,165,178,12/1R/S3121R04.jpg,12/2L/S3122L09.jpg,data/features/daugman_strict_v3/gabor_codes/12__1R__S3121R04.jpg.npz,data/features/daugman_strict_v3/gabor_codes/12__2L__S3122L09.jpg.npz,12,12,F12_T1,F12_T2,F12_T1_R,F12_T2_L,1,2,R,L,twin_cross_eye,0,1,0,True,0.381675469483568,4,27264,,"S3121R04,S3122L09",filtered_from_final_matching_results
1541,165,179,12/1R/S3121R04.jpg,12/2L/S3122L10.jpg,data/features/daugman_strict_v3/gabor_codes/12__1R__S3121R04.jpg.npz,data/features/daugman_strict_v3/gabor_codes/12__2L__S3122L10.jpg.npz,12,12,F12_T1,F12_T2,F12_T1_R,F12_T2_L,1,2,R,L,twin_cross_eye,0,1,0,True,0.3789079863683509,4,26996,,"S3121R04,S3122L10",filtered_from_final_matching_results
1542,165,180,12/1R/S3121R04.jpg,12/2R/S3122R01.jpg,data/features/daugman_strict_v3/gabor_codes/12__1R__S3121R04.jpg.npz,data/features/daugman_strict_v3/gabor_codes/12__2R__S3122R01.jpg.npz,12,12,F12_T1,F12_T2,F12_T1_R,F12_T2_R,1,2,R,R,twin_same_eye,0,1,0,True,0.3801237144134744,-8,26836,,"S3121R04,S3122R01",filtered_from_final_matching_results
1543,165,181,12/1R/S3121R04.jpg,12/2R/S3122R02.jpg,data/features/daugman_strict_v3/gabor_codes/12__1R__S3121R04.jpg.npz,data/features/daugman_strict_v3/gabor_codes/12__2R__S3122R02.jpg.npz,12,12,F12_T1,F12_T2,F12_T1_R,F12_T2_R,1,2,R,R,twin_same_eye,0,1,0,True,0.3766555137320507,0,28692,,"S3121R04,S3122R02",filtered_from_final_matching_results
1544,165,182,12/1R/S3121R04.jpg,12/2R/S3122R03.jpg,data/features/daugman_strict_v3/gabor_codes/12__1R__S3121R04.jpg.npz,data/features/daugman_strict_v3/gabor_codes/12__2R__S3122R03.jpg.npz,12,12,F12_T1,F12_T2,F12_T1_R,F12_T2_R,1,2,R,R,twin_same_eye,0,1,0,True,0.4415379505065603,12,24084,,"S3121R04,S3122R03",filtered_from_final_matching_results
1545,165,183,12/1R/S3121R04.jpg,12/2R/S3122R04.jpg,data/features/daugman_strict_v3/gabor_codes/12__1R__S3121R04.jpg.npz,data/features/daugman_strict_v3/gabor_codes/12__2R__S3122R04.jpg.npz,12,12,F12_T1,F12_T2,F12_T1_R,F12_T2_R,1,2,R,R,twin_same_eye,0,1,0,True,0.3848748374512353,16,24608,,"S3121R04,S3122R04",filtered_from_final_matching_results
1579,168,169,12/1R/S3121R07.jpg,12/1R/S3121R08.jpg,data/features/daugman_strict_v3/gabor_codes/12__1R__S3121R07.jpg.npz,data/features/daugman_strict_v3/gabor_codes/12__1R__S3121R08.jpg.npz,12,12,F12_T1,F12_T1,F12_T1_R,F12_T1_R,1,1,R,R,genuine,1,0,0,True,0.1803571428571428,0,29680,,"S3121R07,S3121R08",filtered_from_final_matching_results
1580,168,170,12/1R/S3121R07.jpg,12/2L/S3122L01.jpg,data/features/daugman_strict_v3/gabor_codes/12__1R__S3121R07.jpg.npz,data/features/daugman_strict_v3/gabor_codes/12__2L__S3122L01.jpg.npz,12,12,F12_T1,F12_T2,F12_T1_R,F12_T2_L,1,2,R,L,twin_cross_eye,0,1,0,True,0.3916104429451452,0,27272,,"S3121R07,S3122L01",filtered_from_final_matching_results
1584,168,174,12/1R/S3121R07.jpg,12/2L/S3122L05.jpg,data/features/daugman_strict_v3/gabor_codes/12__1R__S3121R07.jpg.npz,data/features/daugman_strict_v3/gabor_codes/12__2L__S3122L05.jpg.npz,12,12,F12_T1,F12_T2,F12_T1_R,F12_T2_L,1,2,R,L,twin_cross_eye,0,1,0,True,0.3791806020066889,16,23920,,"S3121R07,S3122L05",filtered_from_final_matching_results
1586,168,176,12/1R/S3121R07.jpg,12/2L/S3122L07.jpg,data/features/daugman_strict_v3/gabor_codes/12__1R__S3121R07.jpg.npz,data/features/daugman_strict_v3/gabor_codes/12__2L__S3122L07.jpg.npz,12,12,F12_T1,F12_T2,F12_T1_R,F12_T2_L,1,2,R,L,twin_cross_eye,0,1,0,True,0.3769138755980861,12,25080,,"S3121R07,S3122L07",filtered_from_final_matching_results
1588,168,178,12/1R/S3121R07.jpg,12/2L/S3122L09.jpg,data/features/daugman_strict_v3/gabor_codes/12__1R__S3121R07.jpg.npz,data/features/daugman_strict_v3/gabor_codes/12__2L__S3122L09.jpg.npz,12,12,F12_T1,F12_T2,F12_T1_R,F12_T2_L,1,2,R,L,twin_cross_eye,0,1,0,True,0.3702853394555592,14,24392,,"S3121R07,S3122L09",filtered_from_final_matching_results
1589,168,179,12/1R/S3121R07.jpg,12/2L/S3122L10.jpg,data/features/daugman_strict_v3/gabor_codes/12__1R__S3121R07.jpg.npz,data/features/daugman_strict_v3/gabor_codes/12__2L__S3122L10.jpg.npz,12,12,F12_T1,F12_T2,F12_T1_R,F12_T2_L,1,2,R,L,twin_cross_eye,0,1,0,True,0.3996365438625475,14,24212,,"S3121R07,S3122L10",filtered_from_final_matching_results
1590,168,180,12/1R/S3121R07.jpg,12/2R/S3122R01.jpg,data/features/daugman_strict_v3/gabor_codes/12__1R__S3121R07.jpg.npz,data/features/daugman_strict_v3/gabor_codes/12__2R__S3122R01.jpg.npz,12,12,F12_T1,F12_T2,F12_T1_R,F12_T2_R,1,2,R,R,twin_same_eye,0,1,0,True,0.3748144299287411,-8,26944,,"S3121R07,S3122R01",filtered_from_final_matching_results
1591,168,181,12/1R/S3121R07.jpg,12/2R/S3122R02.jpg,data/features/daugman_strict_v3/gabor_codes/12__1R__S3121R07.jpg.npz,data/features/daugman_strict_v3/gabor_codes/12__2R__S3122R02.jpg.npz,12,12,F12_T1,F12_T2,F12_T1_R,F12_T2_R,1,2,R,R,twin_same_eye,0,1,0,True,0.3802107546877421,-12,25812,,"S3121R07,S3122R02",filtered_from_final_matching_results
1592,168,182,12/1R/S3121R07.jpg,12/2R/S3122R03.jpg,data/features/daugman_strict_v3/gabor_codes/12__1R__S3121R07.jpg.npz,data/features/daugman_strict_v3/gabor_codes/12__2R__S3122R03.jpg.npz,12,12,F12_T1,F12_T2,F12_T1_R,F12_T2_R,1,2,R,R,twin_same_eye,0,1,0,True,0.4164511958629606,-12,24752,,"S3121R07,S3122R03",filtered_from_final_matching_results
1593,168,183,12/1R/S3121R07.jpg,12/2R/S3122R04.jpg,data/features/daugman_strict_v3/gabor_codes/12__1R__S3121R07.jpg.npz,data/features/daugman_strict_v3/gabor_codes/12__2R__S3122R04.jpg.npz,12,12,F12_T1,F12_T2,F12_T1_R,F12_T2_R,1,2,R,R,twin_same_eye,0,1,0,True,0.3763724511621275,-2,28052,,"S3121R07,S3122R04",filtered_from_final_matching_results
1594,169,170,12/1R/S3121R08.jpg,12/2L/S3122L01.jpg,data/features/daugman_strict_v3/gabor_codes/12__1R__S3121R08.jpg.npz,data/features/daugman_strict_v3/gabor_codes/12__2L__S3122L01.jpg.npz,12,12,F12_T1,F12_T2,F12_T1_R,F12_T2_L,1,2,R,L,twin_cross_eye,0,1,0,True,0.3952012835472578,0,27424,,"S3121R08,S3122L01",filtered_from_final_matching_results
1598,169,174,12/1R/S3121R08.jpg,12/2L/S3122L05.jpg,data/features/daugman_strict_v3/gabor_codes/12__1R__S3121R08.jpg.npz,data/features/daugman_strict_v3/gabor_codes/12__2L__S3122L05.jpg.npz,12,12,F12_T1,F12_T2,F12_T1_R,F12_T2_L,1,2,R,L,twin_cross_eye,0,1,0,True,0.3784626599708408,14,24692,,"S3121R08,S3122L05",filtered_from_final_matching_results
1600,169,176,12/1R/S3121R08.jpg,12/2L/S3122L07.jpg,data/features/daugman_strict_v3/gabor_codes/12__1R__S3121R08.jpg.npz,data/features/daugman_strict_v3/gabor_codes/12__2L__S3122L07.jpg.npz,12,12,F12_T1,F12_T2,F12_T1_R,F12_T2_L,1,2,R,L,twin_cross_eye,0,1,0,True,0.3936195445920303,12,25296,,"S3121R08,S3122L07",filtered_from_final_matching_results
1602,169,178,12/1R/S3121R08.jpg,12/2L/S3122L09.jpg,data/features/daugman_strict_v3/gabor_codes/12__1R__S3121R08.jpg.npz,data/features/daugman_strict_v3/gabor_codes/12__2L__S3122L09.jpg.npz,12,12,F12_T1,F12_T2,F12_T1_R,F12_T2_L,1,2,R,L,twin_cross_eye,0,1,0,True,0.3848019723238428,12,25148,,"S3121R08,S3122L09",filtered_from_final_matching_results
1603,169,179,12/1R/S3121R08.jpg,12/2L/S3122L10.jpg,data/features/daugman_strict_v3/gabor_codes/12__1R__S3121R08.jpg.npz,data/features/daugman_strict_v3/gabor_codes/12__2L__S3122L10.jpg.npz,12,12,F12_T1,F12_T2,F12_T1_R,F12_T2_L,1,2,R,L,twin_cross_eye,0,1,0,True,0.4033562960589554,12,24968,,"S3121R08,S3122L10",filtered_from_final_matching_results
1604,169,180,12/1R/S3121R08.jpg,12/2R/S3122R01.jpg,data/features/daugman_strict_v3/gabor_codes/12__1R__S3121R08.jpg.npz,data/features/daugman_strict_v3/gabor_codes/12__2R__S3122R01.jpg.npz,12,12,F12_T1,F12_T2,F12_T1_R,F12_T2_R,1,2,R,R,twin_same_eye,0,1,0,True,0.3637869913686806,12,25952,,"S3121R08,S3122R01",filtered_from_final_matching_results
1605,169,181,12/1R/S3121R08.jpg,12/2R/S3122R02.jpg,data/features/daugman_strict_v3/gabor_codes/12__1R__S3121R08.jpg.npz,data/features/daugman_strict_v3/gabor_codes/12__2R__S3122R02.jpg.npz,12,12,F12_T1,F12_T2,F12_T1_R,F12_T2_R,1,2,R,R,twin_same_eye,0,1,0,True,0.3928847940538866,-12,25832,,"S3121R08,S3122R02",filtered_from_final_matching_results
1606,169,182,12/1R/S3121R08.jpg,12/2R/S3122R03.jpg,data/features/daugman_strict_v3/gabor_codes/12__1R__S3121R08.jpg.npz,data/features/daugman_strict_v3/gabor_codes/12__2R__S3122R03.jpg.npz,12,12,F12_T1,F12_T2,F12_T1_R,F12_T2_R,1,2,R,R,twin_same_eye,0,1,0,True,0.4124249130572242,-10,25304,,"S3121R08,S3122R03",filtered_from_final_matching_results
1607,169,183,12/1R/S3121R08.jpg,12/2R/S3122R04.jpg,data/features/daugman_strict_v3/gabor_codes/12__1R__S3121R08.jpg.npz,data/features/daugman_strict_v3/gabor_codes/12__2R__S3122R04.jpg.npz,12,12,F12_T1,F12_T2,F12_T1_R,F12_T2_R,1,2,R,R,twin_same_eye,0,1,0,True,0.3819454734034672,-6,26996,,"S3121R08,S3122R04",filtered_from_final_matching_results
1611,170,174,12/2L/S3122L01.jpg,12/2L/S3122L05.jpg,data/features/daugman_strict_v3/gabor_codes/12__2L__S3122L01.jpg.npz,data/features/daugman_strict_v3/gabor_codes/12__2L__S3122L05.jpg.npz,12,12,F12_T2,F12_T2,F12_T2_L,F12_T2_L,2,2,L,L,genuine,1,0,0,True,0.3043478260869565,0,27600,,"S3122L01,S3122L05",filtered_from_final_matching_results
1613,170,176,12/2L/S3122L01.jpg,12/2L/S3122L07.jpg,data/features/daugman_strict_v3/gabor_codes/12__2L__S3122L01.jpg.npz,data/features/daugman_strict_v3/gabor_codes/12__2L__S3122L07.jpg.npz,12,12,F12_T2,F12_T2,F12_T2_L,F12_T2_L,2,2,L,L,genuine,1,0,0,True,0.3054243595248318,0,27948,,"S3122L01,S3122L07",filtered_from_final_matching_results
1615,170,178,12/2L/S3122L01.jpg,12/2L/S3122L09.jpg,data/features/daugman_strict_v3/gabor_codes/12__2L__S3122L01.jpg.npz,data/features/daugman_strict_v3/gabor_codes/12__2L__S3122L09.jpg.npz,12,12,F12_T2,F12_T2,F12_T2_L,F12_T2_L,2,2,L,L,genuine,1,0,0,True,0.2854066647839593,0,28328,,"S3122L01,S3122L09",filtered_from_final_matching_results
1616,170,179,12/2L/S3122L01.jpg,12/2L/S3122L10.jpg,data/features/daugman_strict_v3/gabor_codes/12__2L__S3122L01.jpg.npz,data/features/daugman_strict_v3/gabor_codes/12__2L__S3122L10.jpg.npz,12,12,F12_T2,F12_T2,F12_T2_L,F12_T2_L,2,2,L,L,genuine,1,0,0,True,0.2873951372102943,0,28132,,"S3122L01,S3122L10",filtered_from_final_matching_results
1617,170,180,12/2L/S3122L01.jpg,12/2R/S3122R01.jpg,data/features/daugman_strict_v3/gabor_codes/12__2L__S3122L01.jpg.npz,data/features/daugman_strict_v3/gabor_codes/12__2R__S3122R01.jpg.npz,12,12,F12_T2,F12_T2,F12_T2_L,F12_T2_R,2,2,L,R,same_subject_different_eye,0,0,0,True,0.4007624200688637,14,24396,,"S3122L01,S3122R01",filtered_from_final_matching_results
1618,170,181,12/2L/S3122L01.jpg,12/2R/S3122R02.jpg,data/features/daugman_strict_v3/gabor_codes/12__2L__S3122L01.jpg.npz,data/features/daugman_strict_v3/gabor_codes/12__2R__S3122R02.jpg.npz,12,12,F12_T2,F12_T2,F12_T2_L,F12_T2_R,2,2,L,R,same_subject_different_eye,0,0,0,True,0.4209467369037167,0,27336,,"S3122L01,S3122R02",filtered_from_final_matching_results
1619,170,182,12/2L/S3122L01.jpg,12/2R/S3122R03.jpg,data/features/daugman_strict_v3/gabor_codes/12__2L__S3122L01.jpg.npz,data/features/daugman_strict_v3/gabor_codes/12__2R__S3122R03.jpg.npz,12,12,F12_T2,F12_T2,F12_T2_L,F12_T2_R,2,2,L,R,same_subject_different_eye,0,0,0,True,0.4661458333333333,-10,24576,,"S3122L01,S3122R03",filtered_from_final_matching_results
1620,170,183,12/2L/S3122L01.jpg,12/2R/S3122R04.jpg,data/features/daugman_strict_v3/gabor_codes/12__2L__S3122L01.jpg.npz,data/features/daugman_strict_v3/gabor_codes/12__2R__S3122R04.jpg.npz,12,12,F12_T2,F12_T2,F12_T2_L,F12_T2_R,2,2,L,R,same_subject_different_eye,0,0,0,True,0.400947248081006,12,24492,,"S3122L01,S3122R04",filtered_from_final_matching_results
1655,174,176,12/2L/S3122L05.jpg,12/2L/S3122L07.jpg,data/features/daugman_strict_v3/gabor_codes/12__2L__S3122L05.jpg.npz,data/features/daugman_strict_v3/gabor_codes/12__2L__S3122L07.jpg.npz,12,12,F12_T2,F12_T2,F12_T2_L,F12_T2_L,2,2,L,L,genuine,1,0,0,True,0.1886772708246128,-2,28668,,"S3122L05,S3122L07",filtered_from_final_matching_results
1657,174,178,12/2L/S3122L05.jpg,12/2L/S3122L09.jpg,data/features/daugman_strict_v3/gabor_codes/12__2L__S3122L05.jpg.npz,data/features/daugman_strict_v3/gabor_codes/12__2L__S3122L09.jpg.npz,12,12,F12_T2,F12_T2,F12_T2_L,F12_T2_L,2,2,L,L,genuine,1,0,0,True,0.2243535095197499,-2,28152,,"S3122L05,S3122L09",filtered_from_final_matching_results
1658,174,179,12/2L/S3122L05.jpg,12/2L/S3122L10.jpg,data/features/daugman_strict_v3/gabor_codes/12__2L__S3122L05.jpg.npz,data/features/daugman_strict_v3/gabor_codes/12__2L__S3122L10.jpg.npz,12,12,F12_T2,F12_T2,F12_T2_L,F12_T2_L,2,2,L,L,genuine,1,0,0,True,0.2417880605541273,-2,28008,,"S3122L05,S3122L10",filtered_from_final_matching_results
1659,174,180,12/2L/S3122L05.jpg,12/2R/S3122R01.jpg,data/features/daugman_strict_v3/gabor_codes/12__2L__S3122L05.jpg.npz,data/features/daugman_strict_v3/gabor_codes/12__2R__S3122R01.jpg.npz,12,12,F12_T2,F12_T2,F12_T2_L,F12_T2_R,2,2,L,R,same_subject_different_eye,0,0,0,True,0.3979383778885365,10,26484,,"S3122L05,S3122R01",filtered_from_final_matching_results
1660,174,181,12/2L/S3122L05.jpg,12/2R/S3122R02.jpg,data/features/daugman_strict_v3/gabor_codes/12__2L__S3122L05.jpg.npz,data/features/daugman_strict_v3/gabor_codes/12__2R__S3122R02.jpg.npz,12,12,F12_T2,F12_T2,F12_T2_L,F12_T2_R,2,2,L,R,same_subject_different_eye,0,0,0,True,0.4227444428301612,2,27532,,"S3122L05,S3122R02",filtered_from_final_matching_results
1661,174,182,12/2L/S3122L05.jpg,12/2R/S3122R03.jpg,data/features/daugman_strict_v3/gabor_codes/12__2L__S3122L05.jpg.npz,data/features/daugman_strict_v3/gabor_codes/12__2R__S3122R03.jpg.npz,12,12,F12_T2,F12_T2,F12_T2_L,F12_T2_R,2,2,L,R,same_subject_different_eye,0,0,0,True,0.4591043383610636,6,25724,,"S3122L05,S3122R03",filtered_from_final_matching_results
1662,174,183,12/2L/S3122L05.jpg,12/2R/S3122R04.jpg,data/features/daugman_strict_v3/gabor_codes/12__2L__S3122L05.jpg.npz,data/features/daugman_strict_v3/gabor_codes/12__2R__S3122R04.jpg.npz,12,12,F12_T2,F12_T2,F12_T2_L,F12_T2_R,2,2,L,R,same_subject_different_eye,0,0,0,True,0.4171539961013645,-10,24624,,"S3122L05,S3122R04",filtered_from_final_matching_results
1672,176,178,12/2L/S3122L07.jpg,12/2L/S3122L09.jpg,data/features/daugman_strict_v3/gabor_codes/12__2L__S3122L07.jpg.npz,data/features/daugman_strict_v3/gabor_codes/12__2L__S3122L09.jpg.npz,12,12,F12_T2,F12_T2,F12_T2_L,F12_T2_L,2,2,L,L,genuine,1,0,0,True,0.2078725463090959,0,28936,,"S3122L07,S3122L09",filtered_from_final_matching_results
1673,176,179,12/2L/S3122L07.jpg,12/2L/S3122L10.jpg,data/features/daugman_strict_v3/gabor_codes/12__2L__S3122L07.jpg.npz,data/features/daugman_strict_v3/gabor_codes/12__2L__S3122L10.jpg.npz,12,12,F12_T2,F12_T2,F12_T2_L,F12_T2_L,2,2,L,L,genuine,1,0,0,True,0.2100610178893357,0,28844,,"S3122L07,S3122L10",filtered_from_final_matching_results
1674,176,180,12/2L/S3122L07.jpg,12/2R/S3122R01.jpg,data/features/daugman_strict_v3/gabor_codes/12__2L__S3122L07.jpg.npz,data/features/daugman_strict_v3/gabor_codes/12__2R__S3122R01.jpg.npz,12,12,F12_T2,F12_T2,F12_T2_L,F12_T2_R,2,2,L,R,same_subject_different_eye,0,0,0,True,0.3945546838947854,12,26004,,"S3122L07,S3122R01",filtered_from_final_matching_results
1675,176,181,12/2L/S3122L07.jpg,12/2R/S3122R02.jpg,data/features/daugman_strict_v3/gabor_codes/12__2L__S3122L07.jpg.npz,data/features/daugman_strict_v3/gabor_codes/12__2R__S3122R02.jpg.npz,12,12,F12_T2,F12_T2,F12_T2_L,F12_T2_R,2,2,L,R,same_subject_different_eye,0,0,0,True,0.4201610197920161,-16,23848,,"S3122L07,S3122R02",filtered_from_final_matching_results
1676,176,182,12/2L/S3122L07.jpg,12/2R/S3122R03.jpg,data/features/daugman_strict_v3/gabor_codes/12__2L__S3122L07.jpg.npz,data/features/daugman_strict_v3/gabor_codes/12__2R__S3122R03.jpg.npz,12,12,F12_T2,F12_T2,F12_T2_L,F12_T2_R,2,2,L,R,same_subject_different_eye,0,0,0,True,0.4567686967497633,8,25352,,"S3122L07,S3122R03",filtered_from_final_matching_results
1677,176,183,12/2L/S3122L07.jpg,12/2R/S3122R04.jpg,data/features/daugman_strict_v3/gabor_codes/12__2L__S3122L07.jpg.npz,data/features/daugman_strict_v3/gabor_codes/12__2R__S3122R04.jpg.npz,12,12,F12_T2,F12_T2,F12_T2_L,F12_T2_R,2,2,L,R,same_subject_different_eye,0,0,0,True,0.4037403740374037,12,25452,,"S3122L07,S3122R04",filtered_from_final_matching_results
1684,178,179,12/2L/S3122L09.jpg,12/2L/S3122L10.jpg,data/features/daugman_strict_v3/gabor_codes/12__2L__S3122L09.jpg.npz,data/features/daugman_strict_v3/gabor_codes/12__2L__S3122L10.jpg.npz,12,12,F12_T2,F12_T2,F12_T2_L,F12_T2_L,2,2,L,L,genuine,1,0,0,True,0.177111903455842,0,29168,,"S3122L09,S3122L10",filtered_from_final_matching_results
1685,178,180,12/2L/S3122L09.jpg,12/2R/S3122R01.jpg,data/features/daugman_strict_v3/gabor_codes/12__2L__S3122L09.jpg.npz,data/features/daugman_strict_v3/gabor_codes/12__2R__S3122R01.jpg.npz,12,12,F12_T2,F12_T2,F12_T2_L,F12_T2_R,2,2,L,R,same_subject_different_eye,0,0,0,True,0.3759548058561426,16,25136,,"S3122L09,S3122R01",filtered_from_final_matching_results
1686,178,181,12/2L/S3122L09.jpg,12/2R/S3122R02.jpg,data/features/daugman_strict_v3/gabor_codes/12__2L__S3122L09.jpg.npz,data/features/daugman_strict_v3/gabor_codes/12__2R__S3122R02.jpg.npz,12,12,F12_T2,F12_T2,F12_T2_L,F12_T2_R,2,2,L,R,same_subject_different_eye,0,0,0,True,0.3850265164070268,-16,24136,,"S3122L09,S3122R02",filtered_from_final_matching_results
1687,178,182,12/2L/S3122L09.jpg,12/2R/S3122R03.jpg,data/features/daugman_strict_v3/gabor_codes/12__2L__S3122L09.jpg.npz,data/features/daugman_strict_v3/gabor_codes/12__2R__S3122R03.jpg.npz,12,12,F12_T2,F12_T2,F12_T2_L,F12_T2_R,2,2,L,R,same_subject_different_eye,0,0,0,True,0.4467769908946379,0,27676,,"S3122L09,S3122R03",filtered_from_final_matching_results
1688,178,183,12/2L/S3122L09.jpg,12/2R/S3122R04.jpg,data/features/daugman_strict_v3/gabor_codes/12__2L__S3122L09.jpg.npz,data/features/daugman_strict_v3/gabor_codes/12__2R__S3122R04.jpg.npz,12,12,F12_T2,F12_T2,F12_T2_L,F12_T2_R,2,2,L,R,same_subject_different_eye,0,0,0,True,0.3903981264637002,12,25620,,"S3122L09,S3122R04",filtered_from_final_matching_results
1689,179,180,12/2L/S3122L10.jpg,12/2R/S3122R01.jpg,data/features/daugman_strict_v3/gabor_codes/12__2L__S3122L10.jpg.npz,data/features/daugman_strict_v3/gabor_codes/12__2R__S3122R01.jpg.npz,12,12,F12_T2,F12_T2,F12_T2_L,F12_T2_R,2,2,L,R,same_subject_different_eye,0,0,0,True,0.3925799809946151,14,25256,,"S3122L10,S3122R01",filtered_from_final_matching_results
1690,179,181,12/2L/S3122L10.jpg,12/2R/S3122R02.jpg,data/features/daugman_strict_v3/gabor_codes/12__2L__S3122L10.jpg.npz,data/features/daugman_strict_v3/gabor_codes/12__2R__S3122R02.jpg.npz,12,12,F12_T2,F12_T2,F12_T2_L,F12_T2_R,2,2,L,R,same_subject_different_eye,0,0,0,True,0.4153878231859883,-16,23980,,"S3122L10,S3122R02",filtered_from_final_matching_results
1691,179,182,12/2L/S3122L10.jpg,12/2R/S3122R03.jpg,data/features/daugman_strict_v3/gabor_codes/12__2L__S3122L10.jpg.npz,data/features/daugman_strict_v3/gabor_codes/12__2R__S3122R03.jpg.npz,12,12,F12_T2,F12_T2,F12_T2_L,F12_T2_R,2,2,L,R,same_subject_different_eye,0,0,0,True,0.4607260209669848,8,25564,,"S3122L10,S3122R03",filtered_from_final_matching_results
1692,179,183,12/2L/S3122L10.jpg,12/2R/S3122R04.jpg,data/features/daugman_strict_v3/gabor_codes/12__2L__S3122L10.jpg.npz,data/features/daugman_strict_v3/gabor_codes/12__2R__S3122R04.jpg.npz,12,12,F12_T2,F12_T2,F12_T2_L,F12_T2_R,2,2,L,R,same_subject_different_eye,0,0,0,True,0.4129638291237917,10,25656,,"S3122L10,S3122R04",filtered_from_final_matching_results
1693,180,181,12/2R/S3122R01.jpg,12/2R/S3122R02.jpg,data/features/daugman_strict_v3/gabor_codes/12__2R__S3122R01.jpg.npz,data/features/daugman_strict_v3/gabor_codes/12__2R__S3122R02.jpg.npz,12,12,F12_T2,F12_T2,F12_T2_R,F12_T2_R,2,2,R,R,genuine,1,0,0,True,0.3144352064220183,-2,27904,,"S3122R01,S3122R02",filtered_from_final_matching_results
1694,180,182,12/2R/S3122R01.jpg,12/2R/S3122R03.jpg,data/features/daugman_strict_v3/gabor_codes/12__2R__S3122R01.jpg.npz,data/features/daugman_strict_v3/gabor_codes/12__2R__S3122R03.jpg.npz,12,12,F12_T2,F12_T2,F12_T2_R,F12_T2_R,2,2,R,R,genuine,1,0,0,True,0.409130624726955,0,27468,,"S3122R01,S3122R03",filtered_from_final_matching_results
1695,180,183,12/2R/S3122R01.jpg,12/2R/S3122R04.jpg,data/features/daugman_strict_v3/gabor_codes/12__2R__S3122R01.jpg.npz,data/features/daugman_strict_v3/gabor_codes/12__2R__S3122R04.jpg.npz,12,12,F12_T2,F12_T2,F12_T2_R,F12_T2_R,2,2,R,R,genuine,1,0,0,True,0.271259842519685,0,27940,,"S3122R01,S3122R04",filtered_from_final_matching_results
1696,181,182,12/2R/S3122R02.jpg,12/2R/S3122R03.jpg,data/features/daugman_strict_v3/gabor_codes/12__2R__S3122R02.jpg.npz,data/features/daugman_strict_v3/gabor_codes/12__2R__S3122R03.jpg.npz,12,12,F12_T2,F12_T2,F12_T2_R,F12_T2_R,2,2,R,R,genuine,1,0,0,True,0.4049898462431099,0,27576,,"S3122R02,S3122R03",filtered_from_final_matching_results
1697,181,183,12/2R/S3122R02.jpg,12/2R/S3122R04.jpg,data/features/daugman_strict_v3/gabor_codes/12__2R__S3122R02.jpg.npz,data/features/daugman_strict_v3/gabor_codes/12__2R__S3122R04.jpg.npz,12,12,F12_T2,F12_T2,F12_T2_R,F12_T2_R,2,2,R,R,genuine,1,0,0,True,0.2978753743048624,0,28052,,"S3122R02,S3122R04",filtered_from_final_matching_results
1698,182,183,12/2R/S3122R03.jpg,12/2R/S3122R04.jpg,data/features/daugman_strict_v3/gabor_codes/12__2R__S3122R03.jpg.npz,data/features/daugman_strict_v3/gabor_codes/12__2R__S3122R04.jpg.npz,12,12,F12_T2,F12_T2,F12_T2_R,F12_T2_R,2,2,R,R,genuine,1,0,0,True,0.3548891204048221,0,26876,,"S3122R03,S3122R04",filtered_from_final_matching_results
1699,184,185,13/1L/S3131L08.jpg,13/1L/S3131L10.jpg,data/features/daugman_strict_v3/gabor_codes/13__1L__S3131L08.jpg.npz,data/features/daugman_strict_v3/gabor_codes/13__1L__S3131L10.jpg.npz,13,13,F13_T1,F13_T1,F13_T1_L,F13_T1_L,1,1,L,L,genuine,1,0,0,True,0.2248008453909933,0,24604,,"S3131L08,S3131L10",filtered_from_final_matching_results
1700,184,186,13/1L/S3131L08.jpg,13/1R/S3131R04.jpg,data/features/daugman_strict_v3/gabor_codes/13__1L__S3131L08.jpg.npz,data/features/daugman_strict_v3/gabor_codes/13__1R__S3131R04.jpg.npz,13,13,F13_T1,F13_T1,F13_T1_L,F13_T1_R,1,1,L,R,same_subject_different_eye,0,0,0,True,0.4476518908865468,0,25808,,"S3131L08,S3131R04",filtered_from_final_matching_results
1701,184,187,13/1L/S3131L08.jpg,13/1R/S3131R05.jpg,data/features/daugman_strict_v3/gabor_codes/13__1L__S3131L08.jpg.npz,data/features/daugman_strict_v3/gabor_codes/13__1R__S3131R05.jpg.npz,13,13,F13_T1,F13_T1,F13_T1_L,F13_T1_R,1,1,L,R,same_subject_different_eye,0,0,0,True,0.4433995741660752,-16,22544,,"S3131L08,S3131R05",filtered_from_final_matching_results
1702,184,188,13/1L/S3131L08.jpg,13/1R/S3131R06.jpg,data/features/daugman_strict_v3/gabor_codes/13__1L__S3131L08.jpg.npz,data/features/daugman_strict_v3/gabor_codes/13__1R__S3131R06.jpg.npz,13,13,F13_T1,F13_T1,F13_T1_L,F13_T1_R,1,1,L,R,same_subject_different_eye,0,0,0,True,0.4416071428571428,-16,22400,,"S3131L08,S3131R06",filtered_from_final_matching_results
1703,184,189,13/1L/S3131L08.jpg,13/1R/S3131R07.jpg,data/features/daugman_strict_v3/gabor_codes/13__1L__S3131L08.jpg.npz,data/features/daugman_strict_v3/gabor_codes/13__1R__S3131R07.jpg.npz,13,13,F13_T1,F13_T1,F13_T1_L,F13_T1_R,1,1,L,R,same_subject_different_eye,0,0,0,True,0.4176190476190476,0,25200,,"S3131L08,S3131R07",filtered_from_final_matching_results
1705,184,191,13/1L/S3131L08.jpg,13/2L/S3132L04.jpg,data/features/daugman_strict_v3/gabor_codes/13__1L__S3131L08.jpg.npz,data/features/daugman_strict_v3/gabor_codes/13__2L__S3132L04.jpg.npz,13,13,F13_T1,F13_T2,F13_T1_L,F13_T2_L,1,2,L,L,twin_same_eye,0,1,0,True,0.4252443494196701,0,26192,,"S3131L08,S3132L04",filtered_from_final_matching_results
1706,184,192,13/1L/S3131L08.jpg,13/2L/S3132L05.jpg,data/features/daugman_strict_v3/gabor_codes/13__1L__S3131L08.jpg.npz,data/features/daugman_strict_v3/gabor_codes/13__2L__S3132L05.jpg.npz,13,13,F13_T1,F13_T2,F13_T1_L,F13_T2_L,1,2,L,L,twin_same_eye,0,1,0,True,0.420458050586058,0,25936,,"S3131L08,S3132L05",filtered_from_final_matching_results
1708,184,194,13/1L/S3131L08.jpg,13/2L/S3132L08.jpg,data/features/daugman_strict_v3/gabor_codes/13__1L__S3131L08.jpg.npz,data/features/daugman_strict_v3/gabor_codes/13__2L__S3132L08.jpg.npz,13,13,F13_T1,F13_T2,F13_T1_L,F13_T2_L,1,2,L,L,twin_same_eye,0,1,0,True,0.412156862745098,0,25500,,"S3131L08,S3132L08",filtered_from_final_matching_results
1709,184,195,13/1L/S3131L08.jpg,13/2L/S3132L09.jpg,data/features/daugman_strict_v3/gabor_codes/13__1L__S3131L08.jpg.npz,data/features/daugman_strict_v3/gabor_codes/13__2L__S3132L09.jpg.npz,13,13,F13_T1,F13_T2,F13_T1_L,F13_T2_L,1,2,L,L,twin_same_eye,0,1,0,True,0.4131667198977962,0,25048,,"S3131L08,S3132L09",filtered_from_final_matching_results
1710,184,196,13/1L/S3131L08.jpg,13/2L/S3132L10.jpg,data/features/daugman_strict_v3/gabor_codes/13__1L__S3131L08.jpg.npz,data/features/daugman_strict_v3/gabor_codes/13__2L__S3132L10.jpg.npz,13,13,F13_T1,F13_T2,F13_T1_L,F13_T2_L,1,2,L,L,twin_same_eye,0,1,0,True,0.4105960264900662,-6,25368,,"S3131L08,S3132L10",filtered_from_final_matching_results
1711,184,197,13/1L/S3131L08.jpg,13/2R/S3132R06.jpg,data/features/daugman_strict_v3/gabor_codes/13__1L__S3131L08.jpg.npz,data/features/daugman_strict_v3/gabor_codes/13__2R__S3132R06.jpg.npz,13,13,F13_T1,F13_T2,F13_T1_L,F13_T2_R,1,2,L,R,twin_cross_eye,0,1,0,True,0.43020799480013,0,24616,,"S3131L08,S3132R06",filtered_from_final_matching_results
1712,184,198,13/1L/S3131L08.jpg,13/2R/S3132R07.jpg,data/features/daugman_strict_v3/gabor_codes/13__1L__S3131L08.jpg.npz,data/features/daugman_strict_v3/gabor_codes/13__2R__S3132R07.jpg.npz,13,13,F13_T1,F13_T2,F13_T1_L,F13_T2_R,1,2,L,R,twin_cross_eye,0,1,0,True,0.4319932998324958,0,23880,,"S3131L08,S3132R07",filtered_from_final_matching_results
1713,185,186,13/1L/S3131L10.jpg,13/1R/S3131R04.jpg,data/features/daugman_strict_v3/gabor_codes/13__1L__S3131L10.jpg.npz,data/features/daugman_strict_v3/gabor_codes/13__1R__S3131R04.jpg.npz,13,13,F13_T1,F13_T1,F13_T1_L,F13_T1_R,1,1,L,R,same_subject_different_eye,0,0,0,True,0.425057410351528,4,22644,,"S3131L10,S3131R04",filtered_from_final_matching_results
1714,185,187,13/1L/S3131L10.jpg,13/1R/S3131R05.jpg,data/features/daugman_strict_v3/gabor_codes/13__1L__S3131L10.jpg.npz,data/features/daugman_strict_v3/gabor_codes/13__1R__S3131R05.jpg.npz,13,13,F13_T1,F13_T1,F13_T1_L,F13_T1_R,1,1,L,R,same_subject_different_eye,0,0,0,True,0.4570195525805883,2,22708,,"S3131L10,S3131R05",filtered_from_final_matching_results
1715,185,188,13/1L/S3131L10.jpg,13/1R/S3131R06.jpg,data/features/daugman_strict_v3/gabor_codes/13__1L__S3131L10.jpg.npz,data/features/daugman_strict_v3/gabor_codes/13__1R__S3131R06.jpg.npz,13,13,F13_T1,F13_T1,F13_T1_L,F13_T1_R,1,1,L,R,same_subject_different_eye,0,0,0,True,0.4575617283950617,4,22032,,"S3131L10,S3131R06",filtered_from_final_matching_results
1716,185,189,13/1L/S3131L10.jpg,13/1R/S3131R07.jpg,data/features/daugman_strict_v3/gabor_codes/13__1L__S3131L10.jpg.npz,data/features/daugman_strict_v3/gabor_codes/13__1R__S3131R07.jpg.npz,13,13,F13_T1,F13_T1,F13_T1_L,F13_T1_R,1,1,L,R,same_subject_different_eye,0,0,0,True,0.4029552715654952,0,22536,,"S3131L10,S3131R07",filtered_from_final_matching_results
1718,185,191,13/1L/S3131L10.jpg,13/2L/S3132L04.jpg,data/features/daugman_strict_v3/gabor_codes/13__1L__S3131L10.jpg.npz,data/features/daugman_strict_v3/gabor_codes/13__2L__S3132L04.jpg.npz,13,13,F13_T1,F13_T2,F13_T1_L,F13_T2_L,1,2,L,L,twin_same_eye,0,1,0,True,0.3827828241123038,0,24220,,"S3131L10,S3132L04",filtered_from_final_matching_results
1719,185,192,13/1L/S3131L10.jpg,13/2L/S3132L05.jpg,data/features/daugman_strict_v3/gabor_codes/13__1L__S3131L10.jpg.npz,data/features/daugman_strict_v3/gabor_codes/13__2L__S3132L05.jpg.npz,13,13,F13_T1,F13_T2,F13_T1_L,F13_T2_L,1,2,L,L,twin_same_eye,0,1,0,True,0.4167924844824693,0,23844,,"S3131L10,S3132L05",filtered_from_final_matching_results
1721,185,194,13/1L/S3131L10.jpg,13/2L/S3132L08.jpg,data/features/daugman_strict_v3/gabor_codes/13__1L__S3131L10.jpg.npz,data/features/daugman_strict_v3/gabor_codes/13__2L__S3132L08.jpg.npz,13,13,F13_T1,F13_T2,F13_T1_L,F13_T2_L,1,2,L,L,twin_same_eye,0,1,0,True,0.4439370384764866,14,20584,,"S3131L10,S3132L08",filtered_from_final_matching_results
1722,185,195,13/1L/S3131L10.jpg,13/2L/S3132L09.jpg,data/features/daugman_strict_v3/gabor_codes/13__1L__S3131L10.jpg.npz,data/features/daugman_strict_v3/gabor_codes/13__2L__S3132L09.jpg.npz,13,13,F13_T1,F13_T2,F13_T1_L,F13_T2_L,1,2,L,L,twin_same_eye,0,1,0,True,0.4396069868995633,0,22900,,"S3131L10,S3132L09",filtered_from_final_matching_results
1723,185,196,13/1L/S3131L10.jpg,13/2L/S3132L10.jpg,data/features/daugman_strict_v3/gabor_codes/13__1L__S3131L10.jpg.npz,data/features/daugman_strict_v3/gabor_codes/13__2L__S3132L10.jpg.npz,13,13,F13_T1,F13_T2,F13_T1_L,F13_T2_L,1,2,L,L,twin_same_eye,0,1,0,True,0.4328407224958949,-2,24360,,"S3131L10,S3132L10",filtered_from_final_matching_results
1724,185,197,13/1L/S3131L10.jpg,13/2R/S3132R06.jpg,data/features/daugman_strict_v3/gabor_codes/13__1L__S3131L10.jpg.npz,data/features/daugman_strict_v3/gabor_codes/13__2R__S3132R06.jpg.npz,13,13,F13_T1,F13_T2,F13_T1_L,F13_T2_R,1,2,L,R,twin_cross_eye,0,1,0,True,0.4411285946825827,0,22116,,"S3131L10,S3132R06",filtered_from_final_matching_results
1725,185,198,13/1L/S3131L10.jpg,13/2R/S3132R07.jpg,data/features/daugman_strict_v3/gabor_codes/13__1L__S3131L10.jpg.npz,data/features/daugman_strict_v3/gabor_codes/13__2R__S3132R07.jpg.npz,13,13,F13_T1,F13_T2,F13_T1_L,F13_T2_R,1,2,L,R,twin_cross_eye,0,1,0,True,0.4386588658865886,-2,22220,,"S3131L10,S3132R07",filtered_from_final_matching_results
1726,186,187,13/1R/S3131R04.jpg,13/1R/S3131R05.jpg,data/features/daugman_strict_v3/gabor_codes/13__1R__S3131R04.jpg.npz,data/features/daugman_strict_v3/gabor_codes/13__1R__S3131R05.jpg.npz,13,13,F13_T1,F13_T1,F13_T1_R,F13_T1_R,1,1,R,R,genuine,1,0,0,True,0.2580608878224355,0,26672,,"S3131R04,S3131R05",filtered_from_final_matching_results
1727,186,188,13/1R/S3131R04.jpg,13/1R/S3131R06.jpg,data/features/daugman_strict_v3/gabor_codes/13__1R__S3131R04.jpg.npz,data/features/daugman_strict_v3/gabor_codes/13__1R__S3131R06.jpg.npz,13,13,F13_T1,F13_T1,F13_T1_R,F13_T1_R,1,1,R,R,genuine,1,0,0,True,0.27097875569044,0,26360,,"S3131R04,S3131R06",filtered_from_final_matching_results
1728,186,189,13/1R/S3131R04.jpg,13/1R/S3131R07.jpg,data/features/daugman_strict_v3/gabor_codes/13__1R__S3131R04.jpg.npz,data/features/daugman_strict_v3/gabor_codes/13__1R__S3131R07.jpg.npz,13,13,F13_T1,F13_T1,F13_T1_R,F13_T1_R,1,1,R,R,genuine,1,0,0,True,0.3089965933725612,-2,25832,,"S3131R04,S3131R07",filtered_from_final_matching_results
1730,186,191,13/1R/S3131R04.jpg,13/2L/S3132L04.jpg,data/features/daugman_strict_v3/gabor_codes/13__1R__S3131R04.jpg.npz,data/features/daugman_strict_v3/gabor_codes/13__2L__S3132L04.jpg.npz,13,13,F13_T1,F13_T2,F13_T1_R,F13_T2_L,1,2,R,L,twin_cross_eye,0,1,0,True,0.4269010499522749,4,25144,,"S3131R04,S3132L04",filtered_from_final_matching_results
1731,186,192,13/1R/S3131R04.jpg,13/2L/S3132L05.jpg,data/features/daugman_strict_v3/gabor_codes/13__1R__S3131R04.jpg.npz,data/features/daugman_strict_v3/gabor_codes/13__2L__S3132L05.jpg.npz,13,13,F13_T1,F13_T2,F13_T1_R,F13_T2_L,1,2,R,L,twin_cross_eye,0,1,0,True,0.4344849546250597,4,25124,,"S3131R04,S3132L05",filtered_from_final_matching_results
1733,186,194,13/1R/S3131R04.jpg,13/2L/S3132L08.jpg,data/features/daugman_strict_v3/gabor_codes/13__1R__S3131R04.jpg.npz,data/features/daugman_strict_v3/gabor_codes/13__2L__S3132L08.jpg.npz,13,13,F13_T1,F13_T2,F13_T1_R,F13_T2_L,1,2,R,L,twin_cross_eye,0,1,0,True,0.4428126897389192,0,26352,,"S3131R04,S3132L08",filtered_from_final_matching_results
1734,186,195,13/1R/S3131R04.jpg,13/2L/S3132L09.jpg,data/features/daugman_strict_v3/gabor_codes/13__1R__S3131R04.jpg.npz,data/features/daugman_strict_v3/gabor_codes/13__2L__S3132L09.jpg.npz,13,13,F13_T1,F13_T2,F13_T1_R,F13_T2_L,1,2,R,L,twin_cross_eye,0,1,0,True,0.4217167842896594,0,26072,,"S3131R04,S3132L09",filtered_from_final_matching_results
1735,186,196,13/1R/S3131R04.jpg,13/2L/S3132L10.jpg,data/features/daugman_strict_v3/gabor_codes/13__1R__S3131R04.jpg.npz,data/features/daugman_strict_v3/gabor_codes/13__2L__S3132L10.jpg.npz,13,13,F13_T1,F13_T2,F13_T1_R,F13_T2_L,1,2,R,L,twin_cross_eye,0,1,0,True,0.4494877393349009,-14,23816,,"S3131R04,S3132L10",filtered_from_final_matching_results
1736,186,197,13/1R/S3131R04.jpg,13/2R/S3132R06.jpg,data/features/daugman_strict_v3/gabor_codes/13__1R__S3131R04.jpg.npz,data/features/daugman_strict_v3/gabor_codes/13__2R__S3132R06.jpg.npz,13,13,F13_T1,F13_T2,F13_T1_R,F13_T2_R,1,2,R,R,twin_same_eye,0,1,0,True,0.4452574737830646,0,25556,,"S3131R04,S3132R06",filtered_from_final_matching_results
1737,186,198,13/1R/S3131R04.jpg,13/2R/S3132R07.jpg,data/features/daugman_strict_v3/gabor_codes/13__1R__S3131R04.jpg.npz,data/features/daugman_strict_v3/gabor_codes/13__2R__S3132R07.jpg.npz,13,13,F13_T1,F13_T2,F13_T1_R,F13_T2_R,1,2,R,R,twin_same_eye,0,1,0,True,0.4328112449799197,0,24900,,"S3131R04,S3132R07",filtered_from_final_matching_results
1738,187,188,13/1R/S3131R05.jpg,13/1R/S3131R06.jpg,data/features/daugman_strict_v3/gabor_codes/13__1R__S3131R05.jpg.npz,data/features/daugman_strict_v3/gabor_codes/13__1R__S3131R06.jpg.npz,13,13,F13_T1,F13_T1,F13_T1_R,F13_T1_R,1,1,R,R,genuine,1,0,0,True,0.1675162529550827,0,27072,,"S3131R05,S3131R06",filtered_from_final_matching_results
1739,187,189,13/1R/S3131R05.jpg,13/1R/S3131R07.jpg,data/features/daugman_strict_v3/gabor_codes/13__1R__S3131R05.jpg.npz,data/features/daugman_strict_v3/gabor_codes/13__1R__S3131R07.jpg.npz,13,13,F13_T1,F13_T1,F13_T1_R,F13_T1_R,1,1,R,R,genuine,1,0,0,True,0.2805977229601518,-2,25296,,"S3131R05,S3131R07",filtered_from_final_matching_results
1741,187,191,13/1R/S3131R05.jpg,13/2L/S3132L04.jpg,data/features/daugman_strict_v3/gabor_codes/13__1R__S3131R05.jpg.npz,data/features/daugman_strict_v3/gabor_codes/13__2L__S3132L04.jpg.npz,13,13,F13_T1,F13_T2,F13_T1_R,F13_T2_L,1,2,R,L,twin_cross_eye,0,1,0,True,0.437745740498034,6,24416,,"S3131R05,S3132L04",filtered_from_final_matching_results
1742,187,192,13/1R/S3131R05.jpg,13/2L/S3132L05.jpg,data/features/daugman_strict_v3/gabor_codes/13__1R__S3131R05.jpg.npz,data/features/daugman_strict_v3/gabor_codes/13__2L__S3132L05.jpg.npz,13,13,F13_T1,F13_T2,F13_T1_R,F13_T2_L,1,2,R,L,twin_cross_eye,0,1,0,True,0.433960733409054,4,24652,,"S3131R05,S3132L05",filtered_from_final_matching_results
1744,187,194,13/1R/S3131R05.jpg,13/2L/S3132L08.jpg,data/features/daugman_strict_v3/gabor_codes/13__1R__S3131R05.jpg.npz,data/features/daugman_strict_v3/gabor_codes/13__2L__S3132L08.jpg.npz,13,13,F13_T1,F13_T2,F13_T1_R,F13_T2_L,1,2,R,L,twin_cross_eye,0,1,0,True,0.4324631545939166,0,25512,,"S3131R05,S3132L08",filtered_from_final_matching_results
1745,187,195,13/1R/S3131R05.jpg,13/2L/S3132L09.jpg,data/features/daugman_strict_v3/gabor_codes/13__1R__S3131R05.jpg.npz,data/features/daugman_strict_v3/gabor_codes/13__2L__S3132L09.jpg.npz,13,13,F13_T1,F13_T2,F13_T1_R,F13_T2_L,1,2,R,L,twin_cross_eye,0,1,0,True,0.4319974247545469,-2,24852,,"S3131R05,S3132L09",filtered_from_final_matching_results
1746,187,196,13/1R/S3131R05.jpg,13/2L/S3132L10.jpg,data/features/daugman_strict_v3/gabor_codes/13__1R__S3131R05.jpg.npz,data/features/daugman_strict_v3/gabor_codes/13__2L__S3132L10.jpg.npz,13,13,F13_T1,F13_T2,F13_T1_R,F13_T2_L,1,2,R,L,twin_cross_eye,0,1,0,True,0.4347689898198904,2,25540,,"S3131R05,S3132L10",filtered_from_final_matching_results
1747,187,197,13/1R/S3131R05.jpg,13/2R/S3132R06.jpg,data/features/daugman_strict_v3/gabor_codes/13__1R__S3131R05.jpg.npz,data/features/daugman_strict_v3/gabor_codes/13__2R__S3132R06.jpg.npz,13,13,F13_T1,F13_T2,F13_T1_R,F13_T2_R,1,2,R,R,twin_same_eye,0,1,0,True,0.4453934585492228,0,24704,,"S3131R05,S3132R06",filtered_from_final_matching_results
1748,187,198,13/1R/S3131R05.jpg,13/2R/S3132R07.jpg,data/features/daugman_strict_v3/gabor_codes/13__1R__S3131R05.jpg.npz,data/features/daugman_strict_v3/gabor_codes/13__2R__S3132R07.jpg.npz,13,13,F13_T1,F13_T2,F13_T1_R,F13_T2_R,1,2,R,R,twin_same_eye,0,1,0,True,0.4377922511690046,2,23952,,"S3131R05,S3132R07",filtered_from_final_matching_results
1749,188,189,13/1R/S3131R06.jpg,13/1R/S3131R07.jpg,data/features/daugman_strict_v3/gabor_codes/13__1R__S3131R06.jpg.npz,data/features/daugman_strict_v3/gabor_codes/13__1R__S3131R07.jpg.npz,13,13,F13_T1,F13_T1,F13_T1_R,F13_T1_R,1,1,R,R,genuine,1,0,0,True,0.2965608043408873,-2,25064,,"S3131R06,S3131R07",filtered_from_final_matching_results
1751,188,191,13/1R/S3131R06.jpg,13/2L/S3132L04.jpg,data/features/daugman_strict_v3/gabor_codes/13__1R__S3131R06.jpg.npz,data/features/daugman_strict_v3/gabor_codes/13__2L__S3132L04.jpg.npz,13,13,F13_T1,F13_T2,F13_T1_R,F13_T2_L,1,2,R,L,twin_cross_eye,0,1,0,True,0.4306018672890964,8,23992,,"S3131R06,S3132L04",filtered_from_final_matching_results
1752,188,192,13/1R/S3131R06.jpg,13/2L/S3132L05.jpg,data/features/daugman_strict_v3/gabor_codes/13__1R__S3131R06.jpg.npz,data/features/daugman_strict_v3/gabor_codes/13__2L__S3132L05.jpg.npz,13,13,F13_T1,F13_T2,F13_T1_R,F13_T2_L,1,2,R,L,twin_cross_eye,0,1,0,True,0.42531328320802,8,23940,,"S3131R06,S3132L05",filtered_from_final_matching_results
1754,188,194,13/1R/S3131R06.jpg,13/2L/S3132L08.jpg,data/features/daugman_strict_v3/gabor_codes/13__1R__S3131R06.jpg.npz,data/features/daugman_strict_v3/gabor_codes/13__2L__S3132L08.jpg.npz,13,13,F13_T1,F13_T2,F13_T1_R,F13_T2_L,1,2,R,L,twin_cross_eye,0,1,0,True,0.4287082867635318,-2,25052,,"S3131R06,S3132L08",filtered_from_final_matching_results
1755,188,195,13/1R/S3131R06.jpg,13/2L/S3132L09.jpg,data/features/daugman_strict_v3/gabor_codes/13__1R__S3131R06.jpg.npz,data/features/daugman_strict_v3/gabor_codes/13__2L__S3132L09.jpg.npz,13,13,F13_T1,F13_T2,F13_T1_R,F13_T2_L,1,2,R,L,twin_cross_eye,0,1,0,True,0.4206008583690987,16,22368,,"S3131R06,S3132L09",filtered_from_final_matching_results
1756,188,196,13/1R/S3131R06.jpg,13/2L/S3132L10.jpg,data/features/daugman_strict_v3/gabor_codes/13__1R__S3131R06.jpg.npz,data/features/daugman_strict_v3/gabor_codes/13__2L__S3132L10.jpg.npz,13,13,F13_T1,F13_T2,F13_T1_R,F13_T2_L,1,2,R,L,twin_cross_eye,0,1,0,True,0.4466591349257585,6,24784,,"S3131R06,S3132L10",filtered_from_final_matching_results
1757,188,197,13/1R/S3131R06.jpg,13/2R/S3132R06.jpg,data/features/daugman_strict_v3/gabor_codes/13__1R__S3131R06.jpg.npz,data/features/daugman_strict_v3/gabor_codes/13__2R__S3132R06.jpg.npz,13,13,F13_T1,F13_T2,F13_T1_R,F13_T2_R,1,2,R,R,twin_same_eye,0,1,0,True,0.4352605863192182,0,24560,,"S3131R06,S3132R06",filtered_from_final_matching_results
1758,188,198,13/1R/S3131R06.jpg,13/2R/S3132R07.jpg,data/features/daugman_strict_v3/gabor_codes/13__1R__S3131R06.jpg.npz,data/features/daugman_strict_v3/gabor_codes/13__2R__S3132R07.jpg.npz,13,13,F13_T1,F13_T2,F13_T1_R,F13_T2_R,1,2,R,R,twin_same_eye,0,1,0,True,0.4232014703308244,-6,22852,,"S3131R06,S3132R07",filtered_from_final_matching_results
1760,189,191,13/1R/S3131R07.jpg,13/2L/S3132L04.jpg,data/features/daugman_strict_v3/gabor_codes/13__1R__S3131R07.jpg.npz,data/features/daugman_strict_v3/gabor_codes/13__2L__S3132L04.jpg.npz,13,13,F13_T1,F13_T2,F13_T1_R,F13_T2_L,1,2,R,L,twin_cross_eye,0,1,0,True,0.4347420506164828,-4,24656,,"S3131R07,S3132L04",filtered_from_final_matching_results
1761,189,192,13/1R/S3131R07.jpg,13/2L/S3132L05.jpg,data/features/daugman_strict_v3/gabor_codes/13__1R__S3131R07.jpg.npz,data/features/daugman_strict_v3/gabor_codes/13__2L__S3132L05.jpg.npz,13,13,F13_T1,F13_T2,F13_T1_R,F13_T2_L,1,2,R,L,twin_cross_eye,0,1,0,True,0.4231175800943242,-4,24596,,"S3131R07,S3132L05",filtered_from_final_matching_results
1763,189,194,13/1R/S3131R07.jpg,13/2L/S3132L08.jpg,data/features/daugman_strict_v3/gabor_codes/13__1R__S3131R07.jpg.npz,data/features/daugman_strict_v3/gabor_codes/13__2L__S3132L08.jpg.npz,13,13,F13_T1,F13_T2,F13_T1_R,F13_T2_L,1,2,R,L,twin_cross_eye,0,1,0,True,0.4392217630853994,12,23232,,"S3131R07,S3132L08",filtered_from_final_matching_results
1764,189,195,13/1R/S3131R07.jpg,13/2L/S3132L09.jpg,data/features/daugman_strict_v3/gabor_codes/13__1R__S3131R07.jpg.npz,data/features/daugman_strict_v3/gabor_codes/13__2L__S3132L09.jpg.npz,13,13,F13_T1,F13_T2,F13_T1_R,F13_T2_L,1,2,R,L,twin_cross_eye,0,1,0,True,0.4327578013622683,0,25252,,"S3131R07,S3132L09",filtered_from_final_matching_results
1765,189,196,13/1R/S3131R07.jpg,13/2L/S3132L10.jpg,data/features/daugman_strict_v3/gabor_codes/13__1R__S3131R07.jpg.npz,data/features/daugman_strict_v3/gabor_codes/13__2L__S3132L10.jpg.npz,13,13,F13_T1,F13_T2,F13_T1_R,F13_T2_L,1,2,R,L,twin_cross_eye,0,1,0,True,0.4293416572077185,-6,24668,,"S3131R07,S3132L10",filtered_from_final_matching_results
1766,189,197,13/1R/S3131R07.jpg,13/2R/S3132R06.jpg,data/features/daugman_strict_v3/gabor_codes/13__1R__S3131R07.jpg.npz,data/features/daugman_strict_v3/gabor_codes/13__2R__S3132R06.jpg.npz,13,13,F13_T1,F13_T2,F13_T1_R,F13_T2_R,1,2,R,R,twin_same_eye,0,1,0,True,0.4378738884397736,0,24740,,"S3131R07,S3132R06",filtered_from_final_matching_results
1767,189,198,13/1R/S3131R07.jpg,13/2R/S3132R07.jpg,data/features/daugman_strict_v3/gabor_codes/13__1R__S3131R07.jpg.npz,data/features/daugman_strict_v3/gabor_codes/13__2R__S3132R07.jpg.npz,13,13,F13_T1,F13_T2,F13_T1_R,F13_T2_R,1,2,R,R,twin_same_eye,0,1,0,True,0.4550457907713984,-6,22712,,"S3131R07,S3132R07",filtered_from_final_matching_results
1776,191,192,13/2L/S3132L04.jpg,13/2L/S3132L05.jpg,data/features/daugman_strict_v3/gabor_codes/13__2L__S3132L04.jpg.npz,data/features/daugman_strict_v3/gabor_codes/13__2L__S3132L05.jpg.npz,13,13,F13_T2,F13_T2,F13_T2_L,F13_T2_L,2,2,L,L,genuine,1,0,0,True,0.1946896145925272,0,27192,,"S3132L04,S3132L05",filtered_from_final_matching_results
1778,191,194,13/2L/S3132L04.jpg,13/2L/S3132L08.jpg,data/features/daugman_strict_v3/gabor_codes/13__2L__S3132L04.jpg.npz,data/features/daugman_strict_v3/gabor_codes/13__2L__S3132L08.jpg.npz,13,13,F13_T2,F13_T2,F13_T2_L,F13_T2_L,2,2,L,L,genuine,1,0,0,True,0.4372003093580819,0,25860,,"S3132L04,S3132L08",filtered_from_final_matching_results
1779,191,195,13/2L/S3132L04.jpg,13/2L/S3132L09.jpg,data/features/daugman_strict_v3/gabor_codes/13__2L__S3132L04.jpg.npz,data/features/daugman_strict_v3/gabor_codes/13__2L__S3132L09.jpg.npz,13,13,F13_T2,F13_T2,F13_T2_L,F13_T2_L,2,2,L,L,genuine,1,0,0,True,0.4109917355371901,-6,24200,,"S3132L04,S3132L09",filtered_from_final_matching_results
1780,191,196,13/2L/S3132L04.jpg,13/2L/S3132L10.jpg,data/features/daugman_strict_v3/gabor_codes/13__2L__S3132L04.jpg.npz,data/features/daugman_strict_v3/gabor_codes/13__2L__S3132L10.jpg.npz,13,13,F13_T2,F13_T2,F13_T2_L,F13_T2_L,2,2,L,L,genuine,1,0,0,True,0.2929393536963258,0,27108,,"S3132L04,S3132L10",filtered_from_final_matching_results
1781,191,197,13/2L/S3132L04.jpg,13/2R/S3132R06.jpg,data/features/daugman_strict_v3/gabor_codes/13__2L__S3132L04.jpg.npz,data/features/daugman_strict_v3/gabor_codes/13__2R__S3132R06.jpg.npz,13,13,F13_T2,F13_T2,F13_T2_L,F13_T2_R,2,2,L,R,same_subject_different_eye,0,0,0,True,0.4521849013533344,0,24532,,"S3132L04,S3132R06",filtered_from_final_matching_results
1782,191,198,13/2L/S3132L04.jpg,13/2R/S3132R07.jpg,data/features/daugman_strict_v3/gabor_codes/13__2L__S3132L04.jpg.npz,data/features/daugman_strict_v3/gabor_codes/13__2R__S3132R07.jpg.npz,13,13,F13_T2,F13_T2,F13_T2_L,F13_T2_R,2,2,L,R,same_subject_different_eye,0,0,0,True,0.4228901540522438,-2,23888,,"S3132L04,S3132R07",filtered_from_final_matching_results
1784,192,194,13/2L/S3132L05.jpg,13/2L/S3132L08.jpg,data/features/daugman_strict_v3/gabor_codes/13__2L__S3132L05.jpg.npz,data/features/daugman_strict_v3/gabor_codes/13__2L__S3132L08.jpg.npz,13,13,F13_T2,F13_T2,F13_T2_L,F13_T2_L,2,2,L,L,genuine,1,0,0,True,0.433296668761785,-2,25456,,"S3132L05,S3132L08",filtered_from_final_matching_results
1785,192,195,13/2L/S3132L05.jpg,13/2L/S3132L09.jpg,data/features/daugman_strict_v3/gabor_codes/13__2L__S3132L05.jpg.npz,data/features/daugman_strict_v3/gabor_codes/13__2L__S3132L09.jpg.npz,13,13,F13_T2,F13_T2,F13_T2_L,F13_T2_L,2,2,L,L,genuine,1,0,0,True,0.4170568291895382,-4,24776,,"S3132L05,S3132L09",filtered_from_final_matching_results
1786,192,196,13/2L/S3132L05.jpg,13/2L/S3132L10.jpg,data/features/daugman_strict_v3/gabor_codes/13__2L__S3132L05.jpg.npz,data/features/daugman_strict_v3/gabor_codes/13__2L__S3132L10.jpg.npz,13,13,F13_T2,F13_T2,F13_T2_L,F13_T2_L,2,2,L,L,genuine,1,0,0,True,0.2864103338872941,-2,26476,,"S3132L05,S3132L10",filtered_from_final_matching_results
1787,192,197,13/2L/S3132L05.jpg,13/2R/S3132R06.jpg,data/features/daugman_strict_v3/gabor_codes/13__2L__S3132L05.jpg.npz,data/features/daugman_strict_v3/gabor_codes/13__2R__S3132R06.jpg.npz,13,13,F13_T2,F13_T2,F13_T2_L,F13_T2_R,2,2,L,R,same_subject_different_eye,0,0,0,True,0.443520782396088,0,24540,,"S3132L05,S3132R06",filtered_from_final_matching_results
1788,192,198,13/2L/S3132L05.jpg,13/2R/S3132R07.jpg,data/features/daugman_strict_v3/gabor_codes/13__2L__S3132L05.jpg.npz,data/features/daugman_strict_v3/gabor_codes/13__2R__S3132R07.jpg.npz,13,13,F13_T2,F13_T2,F13_T2_L,F13_T2_R,2,2,L,R,same_subject_different_eye,0,0,0,True,0.4098188831125272,-2,23852,,"S3132L05,S3132R07",filtered_from_final_matching_results
1794,194,195,13/2L/S3132L08.jpg,13/2L/S3132L09.jpg,data/features/daugman_strict_v3/gabor_codes/13__2L__S3132L08.jpg.npz,data/features/daugman_strict_v3/gabor_codes/13__2L__S3132L09.jpg.npz,13,13,F13_T2,F13_T2,F13_T2_L,F13_T2_L,2,2,L,L,genuine,1,0,0,True,0.1739032789339721,0,26716,,"S3132L08,S3132L09",filtered_from_final_matching_results
1795,194,196,13/2L/S3132L08.jpg,13/2L/S3132L10.jpg,data/features/daugman_strict_v3/gabor_codes/13__2L__S3132L08.jpg.npz,data/features/daugman_strict_v3/gabor_codes/13__2L__S3132L10.jpg.npz,13,13,F13_T2,F13_T2,F13_T2_L,F13_T2_L,2,2,L,L,genuine,1,0,0,True,0.4452799629801018,-2,25932,,"S3132L08,S3132L10",filtered_from_final_matching_results
1796,194,197,13/2L/S3132L08.jpg,13/2R/S3132R06.jpg,data/features/daugman_strict_v3/gabor_codes/13__2L__S3132L08.jpg.npz,data/features/daugman_strict_v3/gabor_codes/13__2R__S3132R06.jpg.npz,13,13,F13_T2,F13_T2,F13_T2_L,F13_T2_R,2,2,L,R,same_subject_different_eye,0,0,0,True,0.4381883938845964,2,24332,,"S3132L08,S3132R06",filtered_from_final_matching_results
1797,194,198,13/2L/S3132L08.jpg,13/2R/S3132R07.jpg,data/features/daugman_strict_v3/gabor_codes/13__2L__S3132L08.jpg.npz,data/features/daugman_strict_v3/gabor_codes/13__2R__S3132R07.jpg.npz,13,13,F13_T2,F13_T2,F13_T2_L,F13_T2_R,2,2,L,R,same_subject_different_eye,0,0,0,True,0.4260044075266994,2,23596,,"S3132L08,S3132R07",filtered_from_final_matching_results
1798,195,196,13/2L/S3132L09.jpg,13/2L/S3132L10.jpg,data/features/daugman_strict_v3/gabor_codes/13__2L__S3132L09.jpg.npz,data/features/daugman_strict_v3/gabor_codes/13__2L__S3132L10.jpg.npz,13,13,F13_T2,F13_T2,F13_T2_L,F13_T2_L,2,2,L,L,genuine,1,0,0,True,0.4245350500715307,-4,25164,,"S3132L09,S3132L10",filtered_from_final_matching_results
1799,195,197,13/2L/S3132L09.jpg,13/2R/S3132R06.jpg,data/features/daugman_strict_v3/gabor_codes/13__2L__S3132L09.jpg.npz,data/features/daugman_strict_v3/gabor_codes/13__2R__S3132R06.jpg.npz,13,13,F13_T2,F13_T2,F13_T2_L,F13_T2_R,2,2,L,R,same_subject_different_eye,0,0,0,True,0.4497680967367898,2,24148,,"S3132L09,S3132R06",filtered_from_final_matching_results
1800,195,198,13/2L/S3132L09.jpg,13/2R/S3132R07.jpg,data/features/daugman_strict_v3/gabor_codes/13__2L__S3132L09.jpg.npz,data/features/daugman_strict_v3/gabor_codes/13__2R__S3132R07.jpg.npz,13,13,F13_T2,F13_T2,F13_T2_L,F13_T2_R,2,2,L,R,same_subject_different_eye,0,0,0,True,0.4197224558452481,0,23780,,"S3132L09,S3132R07",filtered_from_final_matching_results
1801,196,197,13/2L/S3132L10.jpg,13/2R/S3132R06.jpg,data/features/daugman_strict_v3/gabor_codes/13__2L__S3132L10.jpg.npz,data/features/daugman_strict_v3/gabor_codes/13__2R__S3132R06.jpg.npz,13,13,F13_T2,F13_T2,F13_T2_L,F13_T2_R,2,2,L,R,same_subject_different_eye,0,0,0,True,0.4490841875315073,6,23804,,"S3132L10,S3132R06",filtered_from_final_matching_results
1802,196,198,13/2L/S3132L10.jpg,13/2R/S3132R07.jpg,data/features/daugman_strict_v3/gabor_codes/13__2L__S3132L10.jpg.npz,data/features/daugman_strict_v3/gabor_codes/13__2R__S3132R07.jpg.npz,13,13,F13_T2,F13_T2,F13_T2_L,F13_T2_R,2,2,L,R,same_subject_different_eye,0,0,0,True,0.409147146156384,0,24248,,"S3132L10,S3132R07",filtered_from_final_matching_results
1803,197,198,13/2R/S3132R06.jpg,13/2R/S3132R07.jpg,data/features/daugman_strict_v3/gabor_codes/13__2R__S3132R06.jpg.npz,data/features/daugman_strict_v3/gabor_codes/13__2R__S3132R07.jpg.npz,13,13,F13_T2,F13_T2,F13_T2_R,F13_T2_R,2,2,R,R,genuine,1,0,0,True,0.421122022185852,-8,21996,,"S3132R06,S3132R07",filtered_from_final_matching_results
1804,199,200,14/1L/S3141L03.jpg,14/1R/S3141R04.jpg,data/features/daugman_strict_v3/gabor_codes/14__1L__S3141L03.jpg.npz,data/features/daugman_strict_v3/gabor_codes/14__1R__S3141R04.jpg.npz,14,14,F14_T1,F14_T1,F14_T1_L,F14_T1_R,1,1,L,R,same_subject_different_eye,0,0,0,True,0.4179319769207409,-2,26344,,"S3141L03,S3141R04",filtered_from_final_matching_results
1805,199,201,14/1L/S3141L03.jpg,14/1R/S3141R06.jpg,data/features/daugman_strict_v3/gabor_codes/14__1L__S3141L03.jpg.npz,data/features/daugman_strict_v3/gabor_codes/14__1R__S3141R06.jpg.npz,14,14,F14_T1,F14_T1,F14_T1_L,F14_T1_R,1,1,L,R,same_subject_different_eye,0,0,0,True,0.4121243885394828,16,22896,,"S3141L03,S3141R06",filtered_from_final_matching_results
1806,199,202,14/1L/S3141L03.jpg,14/1R/S3141R07.jpg,data/features/daugman_strict_v3/gabor_codes/14__1L__S3141L03.jpg.npz,data/features/daugman_strict_v3/gabor_codes/14__1R__S3141R07.jpg.npz,14,14,F14_T1,F14_T1,F14_T1_L,F14_T1_R,1,1,L,R,same_subject_different_eye,0,0,0,True,0.4023994811932555,-14,24672,,"S3141L03,S3141R07",filtered_from_final_matching_results
1807,199,203,14/1L/S3141L03.jpg,14/1R/S3141R10.jpg,data/features/daugman_strict_v3/gabor_codes/14__1L__S3141L03.jpg.npz,data/features/daugman_strict_v3/gabor_codes/14__1R__S3141R10.jpg.npz,14,14,F14_T1,F14_T1,F14_T1_L,F14_T1_R,1,1,L,R,same_subject_different_eye,0,0,0,True,0.4078510436432637,4,25296,,"S3141L03,S3141R10",filtered_from_final_matching_results
1808,199,204,14/1L/S3141L03.jpg,14/2L/S3142L02.jpg,data/features/daugman_strict_v3/gabor_codes/14__1L__S3141L03.jpg.npz,data/features/daugman_strict_v3/gabor_codes/14__2L__S3142L02.jpg.npz,14,14,F14_T1,F14_T2,F14_T1_L,F14_T2_L,1,2,L,L,twin_same_eye,0,1,0,True,0.4817000171027877,-16,23388,,"S3141L03,S3142L02",filtered_from_final_matching_results
1809,199,205,14/1L/S3141L03.jpg,14/2L/S3142L03.jpg,data/features/daugman_strict_v3/gabor_codes/14__1L__S3141L03.jpg.npz,data/features/daugman_strict_v3/gabor_codes/14__2L__S3142L03.jpg.npz,14,14,F14_T1,F14_T2,F14_T1_L,F14_T2_L,1,2,L,L,twin_same_eye,0,1,0,True,0.4877069956066238,-14,23672,,"S3141L03,S3142L03",filtered_from_final_matching_results
1810,199,206,14/1L/S3141L03.jpg,14/2L/S3142L04.jpg,data/features/daugman_strict_v3/gabor_codes/14__1L__S3141L03.jpg.npz,data/features/daugman_strict_v3/gabor_codes/14__2L__S3142L04.jpg.npz,14,14,F14_T1,F14_T2,F14_T1_L,F14_T2_L,1,2,L,L,twin_same_eye,0,1,0,True,0.477489659560929,0,25144,,"S3141L03,S3142L04",filtered_from_final_matching_results
1811,199,207,14/1L/S3141L03.jpg,14/2L/S3142L07.jpg,data/features/daugman_strict_v3/gabor_codes/14__1L__S3141L03.jpg.npz,data/features/daugman_strict_v3/gabor_codes/14__2L__S3142L07.jpg.npz,14,14,F14_T1,F14_T2,F14_T1_L,F14_T2_L,1,2,L,L,twin_same_eye,0,1,0,True,0.4797426120114395,2,25176,,"S3141L03,S3142L07",filtered_from_final_matching_results
1812,199,208,14/1L/S3141L03.jpg,14/2R/S3142R07.jpg,data/features/daugman_strict_v3/gabor_codes/14__1L__S3141L03.jpg.npz,data/features/daugman_strict_v3/gabor_codes/14__2R__S3142R07.jpg.npz,14,14,F14_T1,F14_T2,F14_T1_L,F14_T2_R,1,2,L,R,twin_cross_eye,0,1,0,True,0.4181863395225464,0,24128,,"S3141L03,S3142R07",filtered_from_final_matching_results
1813,199,209,14/1L/S3141L03.jpg,14/2R/S3142R08.jpg,data/features/daugman_strict_v3/gabor_codes/14__1L__S3141L03.jpg.npz,data/features/daugman_strict_v3/gabor_codes/14__2R__S3142R08.jpg.npz,14,14,F14_T1,F14_T2,F14_T1_L,F14_T2_R,1,2,L,R,twin_cross_eye,0,1,0,True,0.4075745366639806,2,24820,,"S3141L03,S3142R08",filtered_from_final_matching_results
1814,199,210,14/1L/S3141L03.jpg,14/2R/S3142R09.jpg,data/features/daugman_strict_v3/gabor_codes/14__1L__S3141L03.jpg.npz,data/features/daugman_strict_v3/gabor_codes/14__2R__S3142R09.jpg.npz,14,14,F14_T1,F14_T2,F14_T1_L,F14_T2_R,1,2,L,R,twin_cross_eye,0,1,0,True,0.4029374201787994,-2,25056,,"S3141L03,S3142R09",filtered_from_final_matching_results
1815,199,211,14/1L/S3141L03.jpg,14/2R/S3142R10.jpg,data/features/daugman_strict_v3/gabor_codes/14__1L__S3141L03.jpg.npz,data/features/daugman_strict_v3/gabor_codes/14__2R__S3142R10.jpg.npz,14,14,F14_T1,F14_T2,F14_T1_L,F14_T2_R,1,2,L,R,twin_cross_eye,0,1,0,True,0.4223777495000909,12,22004,,"S3141L03,S3142R10",filtered_from_final_matching_results
1816,200,201,14/1R/S3141R04.jpg,14/1R/S3141R06.jpg,data/features/daugman_strict_v3/gabor_codes/14__1R__S3141R04.jpg.npz,data/features/daugman_strict_v3/gabor_codes/14__1R__S3141R06.jpg.npz,14,14,F14_T1,F14_T1,F14_T1_R,F14_T1_R,1,1,R,R,genuine,1,0,0,True,0.2378109452736318,0,28140,,"S3141R04,S3141R06",filtered_from_final_matching_results
1817,200,202,14/1R/S3141R04.jpg,14/1R/S3141R07.jpg,data/features/daugman_strict_v3/gabor_codes/14__1R__S3141R04.jpg.npz,data/features/daugman_strict_v3/gabor_codes/14__1R__S3141R07.jpg.npz,14,14,F14_T1,F14_T1,F14_T1_R,F14_T1_R,1,1,R,R,genuine,1,0,0,True,0.2431511660578814,0,28472,,"S3141R04,S3141R07",filtered_from_final_matching_results
1818,200,203,14/1R/S3141R04.jpg,14/1R/S3141R10.jpg,data/features/daugman_strict_v3/gabor_codes/14__1R__S3141R04.jpg.npz,data/features/daugman_strict_v3/gabor_codes/14__1R__S3141R10.jpg.npz,14,14,F14_T1,F14_T1,F14_T1_R,F14_T1_R,1,1,R,R,genuine,1,0,0,True,0.3290238450074516,2,26840,,"S3141R04,S3141R10",filtered_from_final_matching_results
1819,200,204,14/1R/S3141R04.jpg,14/2L/S3142L02.jpg,data/features/daugman_strict_v3/gabor_codes/14__1R__S3141R04.jpg.npz,data/features/daugman_strict_v3/gabor_codes/14__2L__S3142L02.jpg.npz,14,14,F14_T1,F14_T2,F14_T1_R,F14_T2_L,1,2,R,L,twin_cross_eye,0,1,0,True,0.4643885501355013,12,23616,,"S3141R04,S3142L02",filtered_from_final_matching_results
1820,200,205,14/1R/S3141R04.jpg,14/2L/S3142L03.jpg,data/features/daugman_strict_v3/gabor_codes/14__1R__S3141R04.jpg.npz,data/features/daugman_strict_v3/gabor_codes/14__2L__S3142L03.jpg.npz,14,14,F14_T1,F14_T2,F14_T1_R,F14_T2_L,1,2,R,L,twin_cross_eye,0,1,0,True,0.4656541249568519,12,23176,,"S3141R04,S3142L03",filtered_from_final_matching_results
1821,200,206,14/1R/S3141R04.jpg,14/2L/S3142L04.jpg,data/features/daugman_strict_v3/gabor_codes/14__1R__S3141R04.jpg.npz,data/features/daugman_strict_v3/gabor_codes/14__2L__S3142L04.jpg.npz,14,14,F14_T1,F14_T2,F14_T1_R,F14_T2_L,1,2,R,L,twin_cross_eye,0,1,0,True,0.4706766271681264,10,23292,,"S3141R04,S3142L04",filtered_from_final_matching_results
1822,200,207,14/1R/S3141R04.jpg,14/2L/S3142L07.jpg,data/features/daugman_strict_v3/gabor_codes/14__1R__S3141R04.jpg.npz,data/features/daugman_strict_v3/gabor_codes/14__2L__S3142L07.jpg.npz,14,14,F14_T1,F14_T2,F14_T1_R,F14_T2_L,1,2,R,L,twin_cross_eye,0,1,0,True,0.4510183470796162,-10,23764,,"S3141R04,S3142L07",filtered_from_final_matching_results
1823,200,208,14/1R/S3141R04.jpg,14/2R/S3142R07.jpg,data/features/daugman_strict_v3/gabor_codes/14__1R__S3141R04.jpg.npz,data/features/daugman_strict_v3/gabor_codes/14__2R__S3142R07.jpg.npz,14,14,F14_T1,F14_T2,F14_T1_R,F14_T2_R,1,2,R,R,twin_same_eye,0,1,0,True,0.4255079006772009,-16,21264,,"S3141R04,S3142R07",filtered_from_final_matching_results
1824,200,209,14/1R/S3141R04.jpg,14/2R/S3142R08.jpg,data/features/daugman_strict_v3/gabor_codes/14__1R__S3141R04.jpg.npz,data/features/daugman_strict_v3/gabor_codes/14__2R__S3142R08.jpg.npz,14,14,F14_T1,F14_T2,F14_T1_R,F14_T2_R,1,2,R,R,twin_same_eye,0,1,0,True,0.4300503637381085,-16,21444,,"S3141R04,S3142R08",filtered_from_final_matching_results
1825,200,210,14/1R/S3141R04.jpg,14/2R/S3142R09.jpg,data/features/daugman_strict_v3/gabor_codes/14__1R__S3141R04.jpg.npz,data/features/daugman_strict_v3/gabor_codes/14__2R__S3142R09.jpg.npz,14,14,F14_T1,F14_T2,F14_T1_R,F14_T2_R,1,2,R,R,twin_same_eye,0,1,0,True,0.4175253768071362,0,26008,,"S3141R04,S3142R09",filtered_from_final_matching_results
1826,200,211,14/1R/S3141R04.jpg,14/2R/S3142R10.jpg,data/features/daugman_strict_v3/gabor_codes/14__1R__S3141R04.jpg.npz,data/features/daugman_strict_v3/gabor_codes/14__2R__S3142R10.jpg.npz,14,14,F14_T1,F14_T2,F14_T1_R,F14_T2_R,1,2,R,R,twin_same_eye,0,1,0,True,0.4319623204626002,-16,21444,,"S3141R04,S3142R10",filtered_from_final_matching_results
1827,201,202,14/1R/S3141R06.jpg,14/1R/S3141R07.jpg,data/features/daugman_strict_v3/gabor_codes/14__1R__S3141R06.jpg.npz,data/features/daugman_strict_v3/gabor_codes/14__1R__S3141R07.jpg.npz,14,14,F14_T1,F14_T1,F14_T1_R,F14_T1_R,1,1,R,R,genuine,1,0,0,True,0.2219833662249788,0,28376,,"S3141R06,S3141R07",filtered_from_final_matching_results
1828,201,203,14/1R/S3141R06.jpg,14/1R/S3141R10.jpg,data/features/daugman_strict_v3/gabor_codes/14__1R__S3141R06.jpg.npz,data/features/daugman_strict_v3/gabor_codes/14__1R__S3141R10.jpg.npz,14,14,F14_T1,F14_T1,F14_T1_R,F14_T1_R,1,1,R,R,genuine,1,0,0,True,0.307165085951393,2,26992,,"S3141R06,S3141R10",filtered_from_final_matching_results
1829,201,204,14/1R/S3141R06.jpg,14/2L/S3142L02.jpg,data/features/daugman_strict_v3/gabor_codes/14__1R__S3141R06.jpg.npz,data/features/daugman_strict_v3/gabor_codes/14__2L__S3142L02.jpg.npz,14,14,F14_T1,F14_T2,F14_T1_R,F14_T2_L,1,2,R,L,twin_cross_eye,0,1,0,True,0.4626029076896129,14,22836,,"S3141R06,S3142L02",filtered_from_final_matching_results
1830,201,205,14/1R/S3141R06.jpg,14/2L/S3142L03.jpg,data/features/daugman_strict_v3/gabor_codes/14__1R__S3141R06.jpg.npz,data/features/daugman_strict_v3/gabor_codes/14__2L__S3142L03.jpg.npz,14,14,F14_T1,F14_T2,F14_T1_R,F14_T2_L,1,2,R,L,twin_cross_eye,0,1,0,True,0.4801434569629111,12,22864,,"S3141R06,S3142L03",filtered_from_final_matching_results
1831,201,206,14/1R/S3141R06.jpg,14/2L/S3142L04.jpg,data/features/daugman_strict_v3/gabor_codes/14__1R__S3141R06.jpg.npz,data/features/daugman_strict_v3/gabor_codes/14__2L__S3142L04.jpg.npz,14,14,F14_T1,F14_T2,F14_T1_R,F14_T2_L,1,2,R,L,twin_cross_eye,0,1,0,True,0.4761198057204533,-16,22236,,"S3141R06,S3142L04",filtered_from_final_matching_results
1832,201,207,14/1R/S3141R06.jpg,14/2L/S3142L07.jpg,data/features/daugman_strict_v3/gabor_codes/14__1R__S3141R06.jpg.npz,data/features/daugman_strict_v3/gabor_codes/14__2L__S3142L07.jpg.npz,14,14,F14_T1,F14_T2,F14_T1_R,F14_T2_L,1,2,R,L,twin_cross_eye,0,1,0,True,0.4523349571644549,-10,23812,,"S3141R06,S3142L07",filtered_from_final_matching_results
1833,201,208,14/1R/S3141R06.jpg,14/2R/S3142R07.jpg,data/features/daugman_strict_v3/gabor_codes/14__1R__S3141R06.jpg.npz,data/features/daugman_strict_v3/gabor_codes/14__2R__S3142R07.jpg.npz,14,14,F14_T1,F14_T2,F14_T1_R,F14_T2_R,1,2,R,R,twin_same_eye,0,1,0,True,0.4299814643188137,-16,21580,,"S3141R06,S3142R07",filtered_from_final_matching_results
1834,201,209,14/1R/S3141R06.jpg,14/2R/S3142R08.jpg,data/features/daugman_strict_v3/gabor_codes/14__1R__S3141R06.jpg.npz,data/features/daugman_strict_v3/gabor_codes/14__2R__S3142R08.jpg.npz,14,14,F14_T1,F14_T2,F14_T1_R,F14_T2_R,1,2,R,R,twin_same_eye,0,1,0,True,0.4253765613519471,-16,21776,,"S3141R06,S3142R08",filtered_from_final_matching_results
1835,201,210,14/1R/S3141R06.jpg,14/2R/S3142R09.jpg,data/features/daugman_strict_v3/gabor_codes/14__1R__S3141R06.jpg.npz,data/features/daugman_strict_v3/gabor_codes/14__2R__S3142R09.jpg.npz,14,14,F14_T1,F14_T2,F14_T1_R,F14_T2_R,1,2,R,R,twin_same_eye,0,1,0,True,0.4173501577287066,-2,25360,,"S3141R06,S3142R09",filtered_from_final_matching_results
1836,201,211,14/1R/S3141R06.jpg,14/2R/S3142R10.jpg,data/features/daugman_strict_v3/gabor_codes/14__1R__S3141R06.jpg.npz,data/features/daugman_strict_v3/gabor_codes/14__2R__S3142R10.jpg.npz,14,14,F14_T1,F14_T2,F14_T1_R,F14_T2_R,1,2,R,R,twin_same_eye,0,1,0,True,0.4133497133497134,-2,24420,,"S3141R06,S3142R10",filtered_from_final_matching_results
1837,202,203,14/1R/S3141R07.jpg,14/1R/S3141R10.jpg,data/features/daugman_strict_v3/gabor_codes/14__1R__S3141R07.jpg.npz,data/features/daugman_strict_v3/gabor_codes/14__1R__S3141R10.jpg.npz,14,14,F14_T1,F14_T1,F14_T1_R,F14_T1_R,1,1,R,R,genuine,1,0,0,True,0.3181055855330319,0,27428,,"S3141R07,S3141R10",filtered_from_final_matching_results
1838,202,204,14/1R/S3141R07.jpg,14/2L/S3142L02.jpg,data/features/daugman_strict_v3/gabor_codes/14__1R__S3141R07.jpg.npz,data/features/daugman_strict_v3/gabor_codes/14__2L__S3142L02.jpg.npz,14,14,F14_T1,F14_T2,F14_T1_R,F14_T2_L,1,2,R,L,twin_cross_eye,0,1,0,True,0.4752528602221854,-10,24124,,"S3141R07,S3142L02",filtered_from_final_matching_results
1839,202,205,14/1R/S3141R07.jpg,14/2L/S3142L03.jpg,data/features/daugman_strict_v3/gabor_codes/14__1R__S3141R07.jpg.npz,data/features/daugman_strict_v3/gabor_codes/14__2L__S3142L03.jpg.npz,14,14,F14_T1,F14_T2,F14_T1_R,F14_T2_L,1,2,R,L,twin_cross_eye,0,1,0,True,0.467377812257564,0,25780,,"S3141R07,S3142L03",filtered_from_final_matching_results
1840,202,206,14/1R/S3141R07.jpg,14/2L/S3142L04.jpg,data/features/daugman_strict_v3/gabor_codes/14__1R__S3141R07.jpg.npz,data/features/daugman_strict_v3/gabor_codes/14__2L__S3142L04.jpg.npz,14,14,F14_T1,F14_T2,F14_T1_R,F14_T2_L,1,2,R,L,twin_cross_eye,0,1,0,True,0.4538821833903801,-16,22204,,"S3141R07,S3142L04",filtered_from_final_matching_results
1841,202,207,14/1R/S3141R07.jpg,14/2L/S3142L07.jpg,data/features/daugman_strict_v3/gabor_codes/14__1R__S3141R07.jpg.npz,data/features/daugman_strict_v3/gabor_codes/14__2L__S3142L07.jpg.npz,14,14,F14_T1,F14_T2,F14_T1_R,F14_T2_L,1,2,R,L,twin_cross_eye,0,1,0,True,0.4422515874377896,-12,23308,,"S3141R07,S3142L07",filtered_from_final_matching_results
1842,202,208,14/1R/S3141R07.jpg,14/2R/S3142R07.jpg,data/features/daugman_strict_v3/gabor_codes/14__1R__S3141R07.jpg.npz,data/features/daugman_strict_v3/gabor_codes/14__2R__S3142R07.jpg.npz,14,14,F14_T1,F14_T2,F14_T1_R,F14_T2_R,1,2,R,R,twin_same_eye,0,1,0,True,0.4165976478383303,-4,24148,,"S3141R07,S3142R07",filtered_from_final_matching_results
1843,202,209,14/1R/S3141R07.jpg,14/2R/S3142R08.jpg,data/features/daugman_strict_v3/gabor_codes/14__1R__S3141R07.jpg.npz,data/features/daugman_strict_v3/gabor_codes/14__2R__S3142R08.jpg.npz,14,14,F14_T1,F14_T2,F14_T1_R,F14_T2_R,1,2,R,R,twin_same_eye,0,1,0,True,0.4257310411311054,-4,24896,,"S3141R07,S3142R08",filtered_from_final_matching_results
1844,202,210,14/1R/S3141R07.jpg,14/2R/S3142R09.jpg,data/features/daugman_strict_v3/gabor_codes/14__1R__S3141R07.jpg.npz,data/features/daugman_strict_v3/gabor_codes/14__2R__S3142R09.jpg.npz,14,14,F14_T1,F14_T2,F14_T1_R,F14_T2_R,1,2,R,R,twin_same_eye,0,1,0,True,0.4110300820419325,-16,21940,,"S3141R07,S3142R09",filtered_from_final_matching_results
1845,202,211,14/1R/S3141R07.jpg,14/2R/S3142R10.jpg,data/features/daugman_strict_v3/gabor_codes/14__1R__S3141R07.jpg.npz,data/features/daugman_strict_v3/gabor_codes/14__2R__S3142R10.jpg.npz,14,14,F14_T1,F14_T2,F14_T1_R,F14_T2_R,1,2,R,R,twin_same_eye,0,1,0,True,0.4010125123477115,-4,24296,,"S3141R07,S3142R10",filtered_from_final_matching_results
1846,203,204,14/1R/S3141R10.jpg,14/2L/S3142L02.jpg,data/features/daugman_strict_v3/gabor_codes/14__1R__S3141R10.jpg.npz,data/features/daugman_strict_v3/gabor_codes/14__2L__S3142L02.jpg.npz,14,14,F14_T1,F14_T2,F14_T1_R,F14_T2_L,1,2,R,L,twin_cross_eye,0,1,0,True,0.4775422989708704,12,22932,,"S3141R10,S3142L02",filtered_from_final_matching_results
1847,203,205,14/1R/S3141R10.jpg,14/2L/S3142L03.jpg,data/features/daugman_strict_v3/gabor_codes/14__1R__S3141R10.jpg.npz,data/features/daugman_strict_v3/gabor_codes/14__2L__S3142L03.jpg.npz,14,14,F14_T1,F14_T2,F14_T1_R,F14_T2_L,1,2,R,L,twin_cross_eye,0,1,0,True,0.4626977152899824,10,22760,,"S3141R10,S3142L03",filtered_from_final_matching_results
1848,203,206,14/1R/S3141R10.jpg,14/2L/S3142L04.jpg,data/features/daugman_strict_v3/gabor_codes/14__1R__S3141R10.jpg.npz,data/features/daugman_strict_v3/gabor_codes/14__2L__S3142L04.jpg.npz,14,14,F14_T1,F14_T2,F14_T1_R,F14_T2_L,1,2,R,L,twin_cross_eye,0,1,0,True,0.4597671185262426,8,23016,,"S3141R10,S3142L04",filtered_from_final_matching_results
1849,203,207,14/1R/S3141R10.jpg,14/2L/S3142L07.jpg,data/features/daugman_strict_v3/gabor_codes/14__1R__S3141R10.jpg.npz,data/features/daugman_strict_v3/gabor_codes/14__2L__S3142L07.jpg.npz,14,14,F14_T1,F14_T2,F14_T1_R,F14_T2_L,1,2,R,L,twin_cross_eye,0,1,0,True,0.4875624190863695,16,21628,,"S3141R10,S3142L07",filtered_from_final_matching_results
1850,203,208,14/1R/S3141R10.jpg,14/2R/S3142R07.jpg,data/features/daugman_strict_v3/gabor_codes/14__1R__S3141R10.jpg.npz,data/features/daugman_strict_v3/gabor_codes/14__2R__S3142R07.jpg.npz,14,14,F14_T1,F14_T2,F14_T1_R,F14_T2_R,1,2,R,R,twin_same_eye,0,1,0,True,0.4166360462979974,14,21772,,"S3141R10,S3142R07",filtered_from_final_matching_results
1851,203,209,14/1R/S3141R10.jpg,14/2R/S3142R08.jpg,data/features/daugman_strict_v3/gabor_codes/14__1R__S3141R10.jpg.npz,data/features/daugman_strict_v3/gabor_codes/14__2R__S3142R08.jpg.npz,14,14,F14_T1,F14_T2,F14_T1_R,F14_T2_R,1,2,R,R,twin_same_eye,0,1,0,True,0.4413381018841591,12,22928,,"S3141R10,S3142R08",filtered_from_final_matching_results
1852,203,210,14/1R/S3141R10.jpg,14/2R/S3142R09.jpg,data/features/daugman_strict_v3/gabor_codes/14__1R__S3141R10.jpg.npz,data/features/daugman_strict_v3/gabor_codes/14__2R__S3142R09.jpg.npz,14,14,F14_T1,F14_T2,F14_T1_R,F14_T2_R,1,2,R,R,twin_same_eye,0,1,0,True,0.4159769555339175,-2,24648,,"S3141R10,S3142R09",filtered_from_final_matching_results
1853,203,211,14/1R/S3141R10.jpg,14/2R/S3142R10.jpg,data/features/daugman_strict_v3/gabor_codes/14__1R__S3141R10.jpg.npz,data/features/daugman_strict_v3/gabor_codes/14__2R__S3142R10.jpg.npz,14,14,F14_T1,F14_T2,F14_T1_R,F14_T2_R,1,2,R,R,twin_same_eye,0,1,0,True,0.4238107244915112,-2,23796,,"S3141R10,S3142R10",filtered_from_final_matching_results
1854,204,205,14/2L/S3142L02.jpg,14/2L/S3142L03.jpg,data/features/daugman_strict_v3/gabor_codes/14__2L__S3142L02.jpg.npz,data/features/daugman_strict_v3/gabor_codes/14__2L__S3142L03.jpg.npz,14,14,F14_T2,F14_T2,F14_T2_L,F14_T2_L,2,2,L,L,genuine,1,0,0,True,0.2889806756158725,0,27116,,"S3142L02,S3142L03",filtered_from_final_matching_results
1855,204,206,14/2L/S3142L02.jpg,14/2L/S3142L04.jpg,data/features/daugman_strict_v3/gabor_codes/14__2L__S3142L02.jpg.npz,data/features/daugman_strict_v3/gabor_codes/14__2L__S3142L04.jpg.npz,14,14,F14_T2,F14_T2,F14_T2_L,F14_T2_L,2,2,L,L,genuine,1,0,0,True,0.2669572223849985,0,27304,,"S3142L02,S3142L04",filtered_from_final_matching_results
1856,204,207,14/2L/S3142L02.jpg,14/2L/S3142L07.jpg,data/features/daugman_strict_v3/gabor_codes/14__2L__S3142L02.jpg.npz,data/features/daugman_strict_v3/gabor_codes/14__2L__S3142L07.jpg.npz,14,14,F14_T2,F14_T2,F14_T2_L,F14_T2_L,2,2,L,L,genuine,1,0,0,True,0.3564043653072946,0,27856,,"S3142L02,S3142L07",filtered_from_final_matching_results
1857,204,208,14/2L/S3142L02.jpg,14/2R/S3142R07.jpg,data/features/daugman_strict_v3/gabor_codes/14__2L__S3142L02.jpg.npz,data/features/daugman_strict_v3/gabor_codes/14__2R__S3142R07.jpg.npz,14,14,F14_T2,F14_T2,F14_T2_L,F14_T2_R,2,2,L,R,same_subject_different_eye,0,0,0,True,0.4556800314465409,-16,20352,,"S3142L02,S3142R07",filtered_from_final_matching_results
1858,204,209,14/2L/S3142L02.jpg,14/2R/S3142R08.jpg,data/features/daugman_strict_v3/gabor_codes/14__2L__S3142L02.jpg.npz,data/features/daugman_strict_v3/gabor_codes/14__2R__S3142R08.jpg.npz,14,14,F14_T2,F14_T2,F14_T2_L,F14_T2_R,2,2,L,R,same_subject_different_eye,0,0,0,True,0.4723580293343362,-14,21272,,"S3142L02,S3142R08",filtered_from_final_matching_results
1859,204,210,14/2L/S3142L02.jpg,14/2R/S3142R09.jpg,data/features/daugman_strict_v3/gabor_codes/14__2L__S3142L02.jpg.npz,data/features/daugman_strict_v3/gabor_codes/14__2R__S3142R09.jpg.npz,14,14,F14_T2,F14_T2,F14_T2_L,F14_T2_R,2,2,L,R,same_subject_different_eye,0,0,0,True,0.4835714285714286,-2,25200,,"S3142L02,S3142R09",filtered_from_final_matching_results
1860,204,211,14/2L/S3142L02.jpg,14/2R/S3142R10.jpg,data/features/daugman_strict_v3/gabor_codes/14__2L__S3142L02.jpg.npz,data/features/daugman_strict_v3/gabor_codes/14__2R__S3142R10.jpg.npz,14,14,F14_T2,F14_T2,F14_T2_L,F14_T2_R,2,2,L,R,same_subject_different_eye,0,0,0,True,0.4822462369741412,-16,20728,,"S3142L02,S3142R10",filtered_from_final_matching_results
1861,205,206,14/2L/S3142L03.jpg,14/2L/S3142L04.jpg,data/features/daugman_strict_v3/gabor_codes/14__2L__S3142L03.jpg.npz,data/features/daugman_strict_v3/gabor_codes/14__2L__S3142L04.jpg.npz,14,14,F14_T2,F14_T2,F14_T2_L,F14_T2_L,2,2,L,L,genuine,1,0,0,True,0.2062970618632806,0,27092,,"S3142L03,S3142L04",filtered_from_final_matching_results
1862,205,207,14/2L/S3142L03.jpg,14/2L/S3142L07.jpg,data/features/daugman_strict_v3/gabor_codes/14__2L__S3142L03.jpg.npz,data/features/daugman_strict_v3/gabor_codes/14__2L__S3142L07.jpg.npz,14,14,F14_T2,F14_T2,F14_T2_L,F14_T2_L,2,2,L,L,genuine,1,0,0,True,0.3719234989810315,6,25516,,"S3142L03,S3142L07",filtered_from_final_matching_results
1863,205,208,14/2L/S3142L03.jpg,14/2R/S3142R07.jpg,data/features/daugman_strict_v3/gabor_codes/14__2L__S3142L03.jpg.npz,data/features/daugman_strict_v3/gabor_codes/14__2R__S3142R07.jpg.npz,14,14,F14_T2,F14_T2,F14_T2_L,F14_T2_R,2,2,L,R,same_subject_different_eye,0,0,0,True,0.4539948453608247,-2,23280,,"S3142L03,S3142R07",filtered_from_final_matching_results
1864,205,209,14/2L/S3142L03.jpg,14/2R/S3142R08.jpg,data/features/daugman_strict_v3/gabor_codes/14__2L__S3142L03.jpg.npz,data/features/daugman_strict_v3/gabor_codes/14__2R__S3142R08.jpg.npz,14,14,F14_T2,F14_T2,F14_T2_L,F14_T2_R,2,2,L,R,same_subject_different_eye,0,0,0,True,0.459766739385803,-2,23836,,"S3142L03,S3142R08",filtered_from_final_matching_results
1865,205,210,14/2L/S3142L03.jpg,14/2R/S3142R09.jpg,data/features/daugman_strict_v3/gabor_codes/14__2L__S3142L03.jpg.npz,data/features/daugman_strict_v3/gabor_codes/14__2R__S3142R09.jpg.npz,14,14,F14_T2,F14_T2,F14_T2_L,F14_T2_R,2,2,L,R,same_subject_different_eye,0,0,0,True,0.4663759373981089,4,24536,,"S3142L03,S3142R09",filtered_from_final_matching_results
1866,205,211,14/2L/S3142L03.jpg,14/2R/S3142R10.jpg,data/features/daugman_strict_v3/gabor_codes/14__2L__S3142L03.jpg.npz,data/features/daugman_strict_v3/gabor_codes/14__2R__S3142R10.jpg.npz,14,14,F14_T2,F14_T2,F14_T2_L,F14_T2_R,2,2,L,R,same_subject_different_eye,0,0,0,True,0.4550390964378801,-4,23020,,"S3142L03,S3142R10",filtered_from_final_matching_results
1867,206,207,14/2L/S3142L04.jpg,14/2L/S3142L07.jpg,data/features/daugman_strict_v3/gabor_codes/14__2L__S3142L04.jpg.npz,data/features/daugman_strict_v3/gabor_codes/14__2L__S3142L07.jpg.npz,14,14,F14_T2,F14_T2,F14_T2_L,F14_T2_L,2,2,L,L,genuine,1,0,0,True,0.3617870427774333,6,25808,,"S3142L04,S3142L07",filtered_from_final_matching_results
1868,206,208,14/2L/S3142L04.jpg,14/2R/S3142R07.jpg,data/features/daugman_strict_v3/gabor_codes/14__2L__S3142L04.jpg.npz,data/features/daugman_strict_v3/gabor_codes/14__2R__S3142R07.jpg.npz,14,14,F14_T2,F14_T2,F14_T2_L,F14_T2_R,2,2,L,R,same_subject_different_eye,0,0,0,True,0.438430583501006,-14,19880,,"S3142L04,S3142R07",filtered_from_final_matching_results
1869,206,209,14/2L/S3142L04.jpg,14/2R/S3142R08.jpg,data/features/daugman_strict_v3/gabor_codes/14__2L__S3142L04.jpg.npz,data/features/daugman_strict_v3/gabor_codes/14__2R__S3142R08.jpg.npz,14,14,F14_T2,F14_T2,F14_T2_L,F14_T2_R,2,2,L,R,same_subject_different_eye,0,0,0,True,0.4496969696969697,-4,23100,,"S3142L04,S3142R08",filtered_from_final_matching_results
1870,206,210,14/2L/S3142L04.jpg,14/2R/S3142R09.jpg,data/features/daugman_strict_v3/gabor_codes/14__2L__S3142L04.jpg.npz,data/features/daugman_strict_v3/gabor_codes/14__2R__S3142R09.jpg.npz,14,14,F14_T2,F14_T2,F14_T2_L,F14_T2_R,2,2,L,R,same_subject_different_eye,0,0,0,True,0.4550406363479163,-6,23132,,"S3142L04,S3142R09",filtered_from_final_matching_results
1871,206,211,14/2L/S3142L04.jpg,14/2R/S3142R10.jpg,data/features/daugman_strict_v3/gabor_codes/14__2L__S3142L04.jpg.npz,data/features/daugman_strict_v3/gabor_codes/14__2R__S3142R10.jpg.npz,14,14,F14_T2,F14_T2,F14_T2_L,F14_T2_R,2,2,L,R,same_subject_different_eye,0,0,0,True,0.4549424374751886,-14,20152,,"S3142L04,S3142R10",filtered_from_final_matching_results
1872,207,208,14/2L/S3142L07.jpg,14/2R/S3142R07.jpg,data/features/daugman_strict_v3/gabor_codes/14__2L__S3142L07.jpg.npz,data/features/daugman_strict_v3/gabor_codes/14__2R__S3142R07.jpg.npz,14,14,F14_T2,F14_T2,F14_T2_L,F14_T2_R,2,2,L,R,same_subject_different_eye,0,0,0,True,0.4753835696251699,-14,20596,,"S3142L07,S3142R07",filtered_from_final_matching_results
1873,207,209,14/2L/S3142L07.jpg,14/2R/S3142R08.jpg,data/features/daugman_strict_v3/gabor_codes/14__2L__S3142L07.jpg.npz,data/features/daugman_strict_v3/gabor_codes/14__2R__S3142R08.jpg.npz,14,14,F14_T2,F14_T2,F14_T2_L,F14_T2_R,2,2,L,R,same_subject_different_eye,0,0,0,True,0.4616230166316192,-14,20924,,"S3142L07,S3142R08",filtered_from_final_matching_results
1874,207,210,14/2L/S3142L07.jpg,14/2R/S3142R09.jpg,data/features/daugman_strict_v3/gabor_codes/14__2L__S3142L07.jpg.npz,data/features/daugman_strict_v3/gabor_codes/14__2R__S3142R09.jpg.npz,14,14,F14_T2,F14_T2,F14_T2_L,F14_T2_R,2,2,L,R,same_subject_different_eye,0,0,0,True,0.4809235074626866,-14,21440,,"S3142L07,S3142R09",filtered_from_final_matching_results
1875,207,211,14/2L/S3142L07.jpg,14/2R/S3142R10.jpg,data/features/daugman_strict_v3/gabor_codes/14__2L__S3142L07.jpg.npz,data/features/daugman_strict_v3/gabor_codes/14__2R__S3142R10.jpg.npz,14,14,F14_T2,F14_T2,F14_T2_L,F14_T2_R,2,2,L,R,same_subject_different_eye,0,0,0,True,0.464463601532567,-14,20880,,"S3142L07,S3142R10",filtered_from_final_matching_results
1876,208,209,14/2R/S3142R07.jpg,14/2R/S3142R08.jpg,data/features/daugman_strict_v3/gabor_codes/14__2R__S3142R07.jpg.npz,data/features/daugman_strict_v3/gabor_codes/14__2R__S3142R08.jpg.npz,14,14,F14_T2,F14_T2,F14_T2_R,F14_T2_R,2,2,R,R,genuine,1,0,0,True,0.2426698727893267,0,25784,,"S3142R07,S3142R08",filtered_from_final_matching_results
1877,208,210,14/2R/S3142R07.jpg,14/2R/S3142R09.jpg,data/features/daugman_strict_v3/gabor_codes/14__2R__S3142R07.jpg.npz,data/features/daugman_strict_v3/gabor_codes/14__2R__S3142R09.jpg.npz,14,14,F14_T2,F14_T2,F14_T2_R,F14_T2_R,2,2,R,R,genuine,1,0,0,True,0.2848956686689851,-2,25304,,"S3142R07,S3142R09",filtered_from_final_matching_results
1878,208,211,14/2R/S3142R07.jpg,14/2R/S3142R10.jpg,data/features/daugman_strict_v3/gabor_codes/14__2R__S3142R07.jpg.npz,data/features/daugman_strict_v3/gabor_codes/14__2R__S3142R10.jpg.npz,14,14,F14_T2,F14_T2,F14_T2_R,F14_T2_R,2,2,R,R,genuine,1,0,0,True,0.211429023079355,-2,25304,,"S3142R07,S3142R10",filtered_from_final_matching_results
1879,209,210,14/2R/S3142R08.jpg,14/2R/S3142R09.jpg,data/features/daugman_strict_v3/gabor_codes/14__2R__S3142R08.jpg.npz,data/features/daugman_strict_v3/gabor_codes/14__2R__S3142R09.jpg.npz,14,14,F14_T2,F14_T2,F14_T2_R,F14_T2_R,2,2,R,R,genuine,1,0,0,True,0.304421768707483,-2,25872,,"S3142R08,S3142R09",filtered_from_final_matching_results
1880,209,211,14/2R/S3142R08.jpg,14/2R/S3142R10.jpg,data/features/daugman_strict_v3/gabor_codes/14__2R__S3142R08.jpg.npz,data/features/daugman_strict_v3/gabor_codes/14__2R__S3142R10.jpg.npz,14,14,F14_T2,F14_T2,F14_T2_R,F14_T2_R,2,2,R,R,genuine,1,0,0,True,0.2696853475266124,-2,25552,,"S3142R08,S3142R10",filtered_from_final_matching_results
1881,210,211,14/2R/S3142R09.jpg,14/2R/S3142R10.jpg,data/features/daugman_strict_v3/gabor_codes/14__2R__S3142R09.jpg.npz,data/features/daugman_strict_v3/gabor_codes/14__2R__S3142R10.jpg.npz,14,14,F14_T2,F14_T2,F14_T2_R,F14_T2_R,2,2,R,R,genuine,1,0,0,True,0.2577789699570815,0,26096,,"S3142R09,S3142R10",filtered_from_final_matching_results
1907,214,215,15/1L/S3151L03.jpg,15/1L/S3151L04.jpg,data/features/daugman_strict_v3/gabor_codes/15__1L__S3151L03.jpg.npz,data/features/daugman_strict_v3/gabor_codes/15__1L__S3151L04.jpg.npz,15,15,F15_T1,F15_T1,F15_T1_L,F15_T1_L,1,1,L,L,genuine,1,0,0,True,0.2214700193423597,0,28952,,"S3151L03,S3151L04",filtered_from_final_matching_results
1908,214,216,15/1L/S3151L03.jpg,15/1L/S3151L05.jpg,data/features/daugman_strict_v3/gabor_codes/15__1L__S3151L03.jpg.npz,data/features/daugman_strict_v3/gabor_codes/15__1L__S3151L05.jpg.npz,15,15,F15_T1,F15_T1,F15_T1_L,F15_T1_L,1,1,L,L,genuine,1,0,0,True,0.2905190311418685,0,28900,,"S3151L03,S3151L05",filtered_from_final_matching_results
1909,214,217,15/1L/S3151L03.jpg,15/1L/S3151L06.jpg,data/features/daugman_strict_v3/gabor_codes/15__1L__S3151L03.jpg.npz,data/features/daugman_strict_v3/gabor_codes/15__1L__S3151L06.jpg.npz,15,15,F15_T1,F15_T1,F15_T1_L,F15_T1_L,1,1,L,L,genuine,1,0,0,True,0.2872659960882928,0,28632,,"S3151L03,S3151L06",filtered_from_final_matching_results
1910,214,218,15/1L/S3151L03.jpg,15/1L/S3151L07.jpg,data/features/daugman_strict_v3/gabor_codes/15__1L__S3151L03.jpg.npz,data/features/daugman_strict_v3/gabor_codes/15__1L__S3151L07.jpg.npz,15,15,F15_T1,F15_T1,F15_T1_L,F15_T1_L,1,1,L,L,genuine,1,0,0,True,0.2630638063806381,0,29088,,"S3151L03,S3151L07",filtered_from_final_matching_results
1911,214,219,15/1L/S3151L03.jpg,15/1R/S3151R01.jpg,data/features/daugman_strict_v3/gabor_codes/15__1L__S3151L03.jpg.npz,data/features/daugman_strict_v3/gabor_codes/15__1R__S3151R01.jpg.npz,15,15,F15_T1,F15_T1,F15_T1_L,F15_T1_R,1,1,L,R,same_subject_different_eye,0,0,0,True,0.3878326996197718,-12,26300,,"S3151L03,S3151R01",filtered_from_final_matching_results
1912,214,220,15/1L/S3151L03.jpg,15/1R/S3151R02.jpg,data/features/daugman_strict_v3/gabor_codes/15__1L__S3151L03.jpg.npz,data/features/daugman_strict_v3/gabor_codes/15__1R__S3151R02.jpg.npz,15,15,F15_T1,F15_T1,F15_T1_L,F15_T1_R,1,1,L,R,same_subject_different_eye,0,0,0,True,0.397407524502055,-12,25304,,"S3151L03,S3151R02",filtered_from_final_matching_results
1913,214,221,15/1L/S3151L03.jpg,15/1R/S3151R03.jpg,data/features/daugman_strict_v3/gabor_codes/15__1L__S3151L03.jpg.npz,data/features/daugman_strict_v3/gabor_codes/15__1R__S3151R03.jpg.npz,15,15,F15_T1,F15_T1,F15_T1_L,F15_T1_R,1,1,L,R,same_subject_different_eye,0,0,0,True,0.4296490392250278,-10,25188,,"S3151L03,S3151R03",filtered_from_final_matching_results
1914,214,222,15/1L/S3151L03.jpg,15/2R/S3152R02.jpg,data/features/daugman_strict_v3/gabor_codes/15__1L__S3151L03.jpg.npz,data/features/daugman_strict_v3/gabor_codes/15__2R__S3152R02.jpg.npz,15,15,F15_T1,F15_T2,F15_T1_L,F15_T2_R,1,2,L,R,twin_cross_eye,0,1,0,True,0.4276602615856612,-14,24772,,"S3151L03,S3152R02",filtered_from_final_matching_results
1915,214,223,15/1L/S3151L03.jpg,15/2R/S3152R03.jpg,data/features/daugman_strict_v3/gabor_codes/15__1L__S3151L03.jpg.npz,data/features/daugman_strict_v3/gabor_codes/15__2R__S3152R03.jpg.npz,15,15,F15_T1,F15_T2,F15_T1_L,F15_T2_R,1,2,L,R,twin_cross_eye,0,1,0,True,0.4357938943627847,-16,24764,,"S3151L03,S3152R03",filtered_from_final_matching_results
1916,214,224,15/1L/S3151L03.jpg,15/2R/S3152R04.jpg,data/features/daugman_strict_v3/gabor_codes/15__1L__S3151L03.jpg.npz,data/features/daugman_strict_v3/gabor_codes/15__2R__S3152R04.jpg.npz,15,15,F15_T1,F15_T2,F15_T1_L,F15_T2_R,1,2,L,R,twin_cross_eye,0,1,0,True,0.424120116241524,14,24776,,"S3151L03,S3152R04",filtered_from_final_matching_results
1917,214,225,15/1L/S3151L03.jpg,15/2R/S3152R07.jpg,data/features/daugman_strict_v3/gabor_codes/15__1L__S3151L03.jpg.npz,data/features/daugman_strict_v3/gabor_codes/15__2R__S3152R07.jpg.npz,15,15,F15_T1,F15_T2,F15_T1_L,F15_T2_R,1,2,L,R,twin_cross_eye,0,1,0,True,0.4281297709923664,-10,26200,,"S3151L03,S3152R07",filtered_from_final_matching_results
1918,215,216,15/1L/S3151L04.jpg,15/1L/S3151L05.jpg,data/features/daugman_strict_v3/gabor_codes/15__1L__S3151L04.jpg.npz,data/features/daugman_strict_v3/gabor_codes/15__1L__S3151L05.jpg.npz,15,15,F15_T1,F15_T1,F15_T1_L,F15_T1_L,1,1,L,L,genuine,1,0,0,True,0.2904150737302021,0,29296,,"S3151L04,S3151L05",filtered_from_final_matching_results
1919,215,217,15/1L/S3151L04.jpg,15/1L/S3151L06.jpg,data/features/daugman_strict_v3/gabor_codes/15__1L__S3151L04.jpg.npz,data/features/daugman_strict_v3/gabor_codes/15__1L__S3151L06.jpg.npz,15,15,F15_T1,F15_T1,F15_T1_L,F15_T1_L,1,1,L,L,genuine,1,0,0,True,0.3204239988915062,0,28868,,"S3151L04,S3151L06",filtered_from_final_matching_results
1920,215,218,15/1L/S3151L04.jpg,15/1L/S3151L07.jpg,data/features/daugman_strict_v3/gabor_codes/15__1L__S3151L04.jpg.npz,data/features/daugman_strict_v3/gabor_codes/15__1L__S3151L07.jpg.npz,15,15,F15_T1,F15_T1,F15_T1_L,F15_T1_L,1,1,L,L,genuine,1,0,0,True,0.3023407468423943,0,29136,,"S3151L04,S3151L07",filtered_from_final_matching_results
1921,215,219,15/1L/S3151L04.jpg,15/1R/S3151R01.jpg,data/features/daugman_strict_v3/gabor_codes/15__1L__S3151L04.jpg.npz,data/features/daugman_strict_v3/gabor_codes/15__1R__S3151R01.jpg.npz,15,15,F15_T1,F15_T1,F15_T1_L,F15_T1_R,1,1,L,R,same_subject_different_eye,0,0,0,True,0.4259091594990191,-12,26508,,"S3151L04,S3151R01",filtered_from_final_matching_results
1922,215,220,15/1L/S3151L04.jpg,15/1R/S3151R02.jpg,data/features/daugman_strict_v3/gabor_codes/15__1L__S3151L04.jpg.npz,data/features/daugman_strict_v3/gabor_codes/15__1R__S3151R02.jpg.npz,15,15,F15_T1,F15_T1,F15_T1_L,F15_T1_R,1,1,L,R,same_subject_different_eye,0,0,0,True,0.4210853355426677,14,24140,,"S3151L04,S3151R02",filtered_from_final_matching_results
1923,215,221,15/1L/S3151L04.jpg,15/1R/S3151R03.jpg,data/features/daugman_strict_v3/gabor_codes/15__1L__S3151L04.jpg.npz,data/features/daugman_strict_v3/gabor_codes/15__1R__S3151R03.jpg.npz,15,15,F15_T1,F15_T1,F15_T1_L,F15_T1_R,1,1,L,R,same_subject_different_eye,0,0,0,True,0.4205689627617069,-12,25028,,"S3151L04,S3151R03",filtered_from_final_matching_results
1924,215,222,15/1L/S3151L04.jpg,15/2R/S3152R02.jpg,data/features/daugman_strict_v3/gabor_codes/15__1L__S3151L04.jpg.npz,data/features/daugman_strict_v3/gabor_codes/15__2R__S3152R02.jpg.npz,15,15,F15_T1,F15_T2,F15_T1_L,F15_T2_R,1,2,L,R,twin_cross_eye,0,1,0,True,0.4515958312978342,-16,24564,,"S3151L04,S3152R02",filtered_from_final_matching_results
1925,215,223,15/1L/S3151L04.jpg,15/2R/S3152R03.jpg,data/features/daugman_strict_v3/gabor_codes/15__1L__S3151L04.jpg.npz,data/features/daugman_strict_v3/gabor_codes/15__2R__S3152R03.jpg.npz,15,15,F15_T1,F15_T2,F15_T1_L,F15_T2_R,1,2,L,R,twin_cross_eye,0,1,0,True,0.4448003942828979,12,24348,,"S3151L04,S3152R03",filtered_from_final_matching_results
1926,215,224,15/1L/S3151L04.jpg,15/2R/S3152R04.jpg,data/features/daugman_strict_v3/gabor_codes/15__1L__S3151L04.jpg.npz,data/features/daugman_strict_v3/gabor_codes/15__2R__S3152R04.jpg.npz,15,15,F15_T1,F15_T2,F15_T1_L,F15_T2_R,1,2,L,R,twin_cross_eye,0,1,0,True,0.4500162813415825,14,24568,,"S3151L04,S3152R04",filtered_from_final_matching_results
1927,215,225,15/1L/S3151L04.jpg,15/2R/S3152R07.jpg,data/features/daugman_strict_v3/gabor_codes/15__1L__S3151L04.jpg.npz,data/features/daugman_strict_v3/gabor_codes/15__2R__S3152R07.jpg.npz,15,15,F15_T1,F15_T2,F15_T1_L,F15_T2_R,1,2,L,R,twin_cross_eye,0,1,0,True,0.4428548464877029,12,24884,,"S3151L04,S3152R07",filtered_from_final_matching_results
1928,216,217,15/1L/S3151L05.jpg,15/1L/S3151L06.jpg,data/features/daugman_strict_v3/gabor_codes/15__1L__S3151L05.jpg.npz,data/features/daugman_strict_v3/gabor_codes/15__1L__S3151L06.jpg.npz,15,15,F15_T1,F15_T1,F15_T1_L,F15_T1_L,1,1,L,L,genuine,1,0,0,True,0.126068376068376,0,29016,,"S3151L05,S3151L06",filtered_from_final_matching_results
1929,216,218,15/1L/S3151L05.jpg,15/1L/S3151L07.jpg,data/features/daugman_strict_v3/gabor_codes/15__1L__S3151L05.jpg.npz,data/features/daugman_strict_v3/gabor_codes/15__1L__S3151L07.jpg.npz,15,15,F15_T1,F15_T1,F15_T1_L,F15_T1_L,1,1,L,L,genuine,1,0,0,True,0.2343963865316178,0,29224,,"S3151L05,S3151L07",filtered_from_final_matching_results
1930,216,219,15/1L/S3151L05.jpg,15/1R/S3151R01.jpg,data/features/daugman_strict_v3/gabor_codes/15__1L__S3151L05.jpg.npz,data/features/daugman_strict_v3/gabor_codes/15__1R__S3151R01.jpg.npz,15,15,F15_T1,F15_T1,F15_T1_L,F15_T1_R,1,1,L,R,same_subject_different_eye,0,0,0,True,0.4193002257336343,-12,26580,,"S3151L05,S3151R01",filtered_from_final_matching_results
1931,216,220,15/1L/S3151L05.jpg,15/1R/S3151R02.jpg,data/features/daugman_strict_v3/gabor_codes/15__1L__S3151L05.jpg.npz,data/features/daugman_strict_v3/gabor_codes/15__1R__S3151R02.jpg.npz,15,15,F15_T1,F15_T1,F15_T1_L,F15_T1_R,1,1,L,R,same_subject_different_eye,0,0,0,True,0.4191091240271568,14,24156,,"S3151L05,S3151R02",filtered_from_final_matching_results
1932,216,221,15/1L/S3151L05.jpg,15/1R/S3151R03.jpg,data/features/daugman_strict_v3/gabor_codes/15__1L__S3151L05.jpg.npz,data/features/daugman_strict_v3/gabor_codes/15__1R__S3151R03.jpg.npz,15,15,F15_T1,F15_T1,F15_T1_L,F15_T1_R,1,1,L,R,same_subject_different_eye,0,0,0,True,0.421474638312707,16,22948,,"S3151L05,S3151R03",filtered_from_final_matching_results
1933,216,222,15/1L/S3151L05.jpg,15/2R/S3152R02.jpg,data/features/daugman_strict_v3/gabor_codes/15__1L__S3151L05.jpg.npz,data/features/daugman_strict_v3/gabor_codes/15__2R__S3152R02.jpg.npz,15,15,F15_T1,F15_T2,F15_T1_L,F15_T2_R,1,2,L,R,twin_cross_eye,0,1,0,True,0.4129695595854922,-16,24704,,"S3151L05,S3152R02",filtered_from_final_matching_results
1934,216,223,15/1L/S3151L05.jpg,15/2R/S3152R03.jpg,data/features/daugman_strict_v3/gabor_codes/15__1L__S3151L05.jpg.npz,data/features/daugman_strict_v3/gabor_codes/15__2R__S3152R03.jpg.npz,15,15,F15_T1,F15_T2,F15_T1_L,F15_T2_R,1,2,L,R,twin_cross_eye,0,1,0,True,0.4179383245906851,-16,25164,,"S3151L05,S3152R03",filtered_from_final_matching_results
1935,216,224,15/1L/S3151L05.jpg,15/2R/S3152R04.jpg,data/features/daugman_strict_v3/gabor_codes/15__1L__S3151L05.jpg.npz,data/features/daugman_strict_v3/gabor_codes/15__2R__S3152R04.jpg.npz,15,15,F15_T1,F15_T2,F15_T1_L,F15_T2_R,1,2,L,R,twin_cross_eye,0,1,0,True,0.4462634530847355,-10,26388,,"S3151L05,S3152R04",filtered_from_final_matching_results
1936,216,225,15/1L/S3151L05.jpg,15/2R/S3152R07.jpg,data/features/daugman_strict_v3/gabor_codes/15__1L__S3151L05.jpg.npz,data/features/daugman_strict_v3/gabor_codes/15__2R__S3152R07.jpg.npz,15,15,F15_T1,F15_T2,F15_T1_L,F15_T2_R,1,2,L,R,twin_cross_eye,0,1,0,True,0.4479281550338743,-16,25388,,"S3151L05,S3152R07",filtered_from_final_matching_results
1937,217,218,15/1L/S3151L06.jpg,15/1L/S3151L07.jpg,data/features/daugman_strict_v3/gabor_codes/15__1L__S3151L06.jpg.npz,data/features/daugman_strict_v3/gabor_codes/15__1L__S3151L07.jpg.npz,15,15,F15_T1,F15_T1,F15_T1_L,F15_T1_L,1,1,L,L,genuine,1,0,0,True,0.244472672342763,0,29128,,"S3151L06,S3151L07",filtered_from_final_matching_results
1938,217,219,15/1L/S3151L06.jpg,15/1R/S3151R01.jpg,data/features/daugman_strict_v3/gabor_codes/15__1L__S3151L06.jpg.npz,data/features/daugman_strict_v3/gabor_codes/15__1R__S3151R01.jpg.npz,15,15,F15_T1,F15_T1,F15_T1_L,F15_T1_R,1,1,L,R,same_subject_different_eye,0,0,0,True,0.4010543082524271,-12,26368,,"S3151L06,S3151R01",filtered_from_final_matching_results
1939,217,220,15/1L/S3151L06.jpg,15/1R/S3151R02.jpg,data/features/daugman_strict_v3/gabor_codes/15__1L__S3151L06.jpg.npz,data/features/daugman_strict_v3/gabor_codes/15__1R__S3151R02.jpg.npz,15,15,F15_T1,F15_T1,F15_T1_L,F15_T1_R,1,1,L,R,same_subject_different_eye,0,0,0,True,0.4215380727762803,14,23744,,"S3151L06,S3151R02",filtered_from_final_matching_results
1940,217,221,15/1L/S3151L06.jpg,15/1R/S3151R03.jpg,data/features/daugman_strict_v3/gabor_codes/15__1L__S3151L06.jpg.npz,data/features/daugman_strict_v3/gabor_codes/15__1R__S3151R03.jpg.npz,15,15,F15_T1,F15_T1,F15_T1_L,F15_T1_R,1,1,L,R,same_subject_different_eye,0,0,0,True,0.4041526474234106,16,22588,,"S3151L06,S3151R03",filtered_from_final_matching_results
1941,217,222,15/1L/S3151L06.jpg,15/2R/S3152R02.jpg,data/features/daugman_strict_v3/gabor_codes/15__1L__S3151L06.jpg.npz,data/features/daugman_strict_v3/gabor_codes/15__2R__S3152R02.jpg.npz,15,15,F15_T1,F15_T2,F15_T1_L,F15_T2_R,1,2,L,R,twin_cross_eye,0,1,0,True,0.4060840173829068,-16,24852,,"S3151L06,S3152R02",filtered_from_final_matching_results
1942,217,223,15/1L/S3151L06.jpg,15/2R/S3152R03.jpg,data/features/daugman_strict_v3/gabor_codes/15__1L__S3151L06.jpg.npz,data/features/daugman_strict_v3/gabor_codes/15__2R__S3152R03.jpg.npz,15,15,F15_T1,F15_T2,F15_T1_L,F15_T2_R,1,2,L,R,twin_cross_eye,0,1,0,True,0.4064456574088939,-16,24916,,"S3151L06,S3152R03",filtered_from_final_matching_results
1943,217,224,15/1L/S3151L06.jpg,15/2R/S3152R04.jpg,data/features/daugman_strict_v3/gabor_codes/15__1L__S3151L06.jpg.npz,data/features/daugman_strict_v3/gabor_codes/15__2R__S3152R04.jpg.npz,15,15,F15_T1,F15_T2,F15_T1_L,F15_T2_R,1,2,L,R,twin_cross_eye,0,1,0,True,0.4384238310708899,-8,26520,,"S3151L06,S3152R04",filtered_from_final_matching_results
1944,217,225,15/1L/S3151L06.jpg,15/2R/S3152R07.jpg,data/features/daugman_strict_v3/gabor_codes/15__1L__S3151L06.jpg.npz,data/features/daugman_strict_v3/gabor_codes/15__2R__S3152R07.jpg.npz,15,15,F15_T1,F15_T2,F15_T1_L,F15_T2_R,1,2,L,R,twin_cross_eye,0,1,0,True,0.447016706443914,-16,25140,,"S3151L06,S3152R07",filtered_from_final_matching_results
1945,218,219,15/1L/S3151L07.jpg,15/1R/S3151R01.jpg,data/features/daugman_strict_v3/gabor_codes/15__1L__S3151L07.jpg.npz,data/features/daugman_strict_v3/gabor_codes/15__1R__S3151R01.jpg.npz,15,15,F15_T1,F15_T1,F15_T1_L,F15_T1_R,1,1,L,R,same_subject_different_eye,0,0,0,True,0.3966873392830131,-12,26444,,"S3151L07,S3151R01",filtered_from_final_matching_results
1946,218,220,15/1L/S3151L07.jpg,15/1R/S3151R02.jpg,data/features/daugman_strict_v3/gabor_codes/15__1L__S3151L07.jpg.npz,data/features/daugman_strict_v3/gabor_codes/15__1R__S3151R02.jpg.npz,15,15,F15_T1,F15_T1,F15_T1_L,F15_T1_R,1,1,L,R,same_subject_different_eye,0,0,0,True,0.4180096361521847,14,24076,,"S3151L07,S3151R02",filtered_from_final_matching_results
1947,218,221,15/1L/S3151L07.jpg,15/1R/S3151R03.jpg,data/features/daugman_strict_v3/gabor_codes/15__1L__S3151L07.jpg.npz,data/features/daugman_strict_v3/gabor_codes/15__1R__S3151R03.jpg.npz,15,15,F15_T1,F15_T1,F15_T1_L,F15_T1_R,1,1,L,R,same_subject_different_eye,0,0,0,True,0.4157721606648199,16,23104,,"S3151L07,S3151R03",filtered_from_final_matching_results
1948,218,222,15/1L/S3151L07.jpg,15/2R/S3152R02.jpg,data/features/daugman_strict_v3/gabor_codes/15__1L__S3151L07.jpg.npz,data/features/daugman_strict_v3/gabor_codes/15__2R__S3152R02.jpg.npz,15,15,F15_T1,F15_T2,F15_T1_L,F15_T2_R,1,2,L,R,twin_cross_eye,0,1,0,True,0.3973504680310963,-14,25212,,"S3151L07,S3152R02",filtered_from_final_matching_results
1949,218,223,15/1L/S3151L07.jpg,15/2R/S3152R03.jpg,data/features/daugman_strict_v3/gabor_codes/15__1L__S3151L07.jpg.npz,data/features/daugman_strict_v3/gabor_codes/15__2R__S3152R03.jpg.npz,15,15,F15_T1,F15_T2,F15_T1_L,F15_T2_R,1,2,L,R,twin_cross_eye,0,1,0,True,0.4065851735015773,-14,25360,,"S3151L07,S3152R03",filtered_from_final_matching_results
1950,218,224,15/1L/S3151L07.jpg,15/2R/S3152R04.jpg,data/features/daugman_strict_v3/gabor_codes/15__1L__S3151L07.jpg.npz,data/features/daugman_strict_v3/gabor_codes/15__2R__S3152R04.jpg.npz,15,15,F15_T1,F15_T2,F15_T1_L,F15_T2_R,1,2,L,R,twin_cross_eye,0,1,0,True,0.4223410446675396,-4,27492,,"S3151L07,S3152R04",filtered_from_final_matching_results
1951,218,225,15/1L/S3151L07.jpg,15/2R/S3152R07.jpg,data/features/daugman_strict_v3/gabor_codes/15__1L__S3151L07.jpg.npz,data/features/daugman_strict_v3/gabor_codes/15__2R__S3152R07.jpg.npz,15,15,F15_T1,F15_T2,F15_T1_L,F15_T2_R,1,2,L,R,twin_cross_eye,0,1,0,True,0.4219727784730913,-14,25568,,"S3151L07,S3152R07",filtered_from_final_matching_results
1952,219,220,15/1R/S3151R01.jpg,15/1R/S3151R02.jpg,data/features/daugman_strict_v3/gabor_codes/15__1R__S3151R01.jpg.npz,data/features/daugman_strict_v3/gabor_codes/15__1R__S3151R02.jpg.npz,15,15,F15_T1,F15_T1,F15_T1_R,F15_T1_R,1,1,R,R,genuine,1,0,0,True,0.2808237861429351,0,29328,,"S3151R01,S3151R02",filtered_from_final_matching_results
1953,219,221,15/1R/S3151R01.jpg,15/1R/S3151R03.jpg,data/features/daugman_strict_v3/gabor_codes/15__1R__S3151R01.jpg.npz,data/features/daugman_strict_v3/gabor_codes/15__1R__S3151R03.jpg.npz,15,15,F15_T1,F15_T1,F15_T1_R,F15_T1_R,1,1,R,R,genuine,1,0,0,True,0.3253496503496503,0,28600,,"S3151R01,S3151R03",filtered_from_final_matching_results
1954,219,222,15/1R/S3151R01.jpg,15/2R/S3152R02.jpg,data/features/daugman_strict_v3/gabor_codes/15__1R__S3151R01.jpg.npz,data/features/daugman_strict_v3/gabor_codes/15__2R__S3152R02.jpg.npz,15,15,F15_T1,F15_T2,F15_T1_R,F15_T2_R,1,2,R,R,twin_same_eye,0,1,0,True,0.4390480143904801,-2,28908,,"S3151R01,S3152R02",filtered_from_final_matching_results
1955,219,223,15/1R/S3151R01.jpg,15/2R/S3152R03.jpg,data/features/daugman_strict_v3/gabor_codes/15__1R__S3151R01.jpg.npz,data/features/daugman_strict_v3/gabor_codes/15__2R__S3152R03.jpg.npz,15,15,F15_T1,F15_T2,F15_T1_R,F15_T2_R,1,2,R,R,twin_same_eye,0,1,0,True,0.4300970114223126,-16,25564,,"S3151R01,S3152R03",filtered_from_final_matching_results
1956,219,224,15/1R/S3151R01.jpg,15/2R/S3152R04.jpg,data/features/daugman_strict_v3/gabor_codes/15__1R__S3151R01.jpg.npz,data/features/daugman_strict_v3/gabor_codes/15__2R__S3152R04.jpg.npz,15,15,F15_T1,F15_T2,F15_T1_R,F15_T2_R,1,2,R,R,twin_same_eye,0,1,0,True,0.4114639761646804,2,29536,,"S3151R01,S3152R04",filtered_from_final_matching_results
1957,219,225,15/1R/S3151R01.jpg,15/2R/S3152R07.jpg,data/features/daugman_strict_v3/gabor_codes/15__1R__S3151R01.jpg.npz,data/features/daugman_strict_v3/gabor_codes/15__2R__S3152R07.jpg.npz,15,15,F15_T1,F15_T2,F15_T1_R,F15_T2_R,1,2,R,R,twin_same_eye,0,1,0,True,0.4101360544217687,2,29400,,"S3151R01,S3152R07",filtered_from_final_matching_results
1958,220,221,15/1R/S3151R02.jpg,15/1R/S3151R03.jpg,data/features/daugman_strict_v3/gabor_codes/15__1R__S3151R02.jpg.npz,data/features/daugman_strict_v3/gabor_codes/15__1R__S3151R03.jpg.npz,15,15,F15_T1,F15_T1,F15_T1_R,F15_T1_R,1,1,R,R,genuine,1,0,0,True,0.3343377921505218,2,27212,,"S3151R02,S3151R03",filtered_from_final_matching_results
1959,220,222,15/1R/S3151R02.jpg,15/2R/S3152R02.jpg,data/features/daugman_strict_v3/gabor_codes/15__1R__S3151R02.jpg.npz,data/features/daugman_strict_v3/gabor_codes/15__2R__S3152R02.jpg.npz,15,15,F15_T1,F15_T2,F15_T1_R,F15_T2_R,1,2,R,R,twin_same_eye,0,1,0,True,0.4422717357432222,-10,25672,,"S3151R02,S3152R02",filtered_from_final_matching_results
1960,220,223,15/1R/S3151R02.jpg,15/2R/S3152R03.jpg,data/features/daugman_strict_v3/gabor_codes/15__1R__S3151R02.jpg.npz,data/features/daugman_strict_v3/gabor_codes/15__2R__S3152R03.jpg.npz,15,15,F15_T1,F15_T2,F15_T1_R,F15_T2_R,1,2,R,R,twin_same_eye,0,1,0,True,0.4300389922015596,-8,26672,,"S3151R02,S3152R03",filtered_from_final_matching_results
1961,220,224,15/1R/S3151R02.jpg,15/2R/S3152R04.jpg,data/features/daugman_strict_v3/gabor_codes/15__1R__S3151R02.jpg.npz,data/features/daugman_strict_v3/gabor_codes/15__2R__S3152R04.jpg.npz,15,15,F15_T1,F15_T2,F15_T1_R,F15_T2_R,1,2,R,R,twin_same_eye,0,1,0,True,0.3839285714285714,-10,26096,,"S3151R02,S3152R04",filtered_from_final_matching_results
1962,220,225,15/1R/S3151R02.jpg,15/2R/S3152R07.jpg,data/features/daugman_strict_v3/gabor_codes/15__1R__S3151R02.jpg.npz,data/features/daugman_strict_v3/gabor_codes/15__2R__S3152R07.jpg.npz,15,15,F15_T1,F15_T2,F15_T1_R,F15_T2_R,1,2,R,R,twin_same_eye,0,1,0,True,0.4073222083593262,-12,25648,,"S3151R02,S3152R07",filtered_from_final_matching_results
1963,221,222,15/1R/S3151R03.jpg,15/2R/S3152R02.jpg,data/features/daugman_strict_v3/gabor_codes/15__1R__S3151R03.jpg.npz,data/features/daugman_strict_v3/gabor_codes/15__2R__S3152R02.jpg.npz,15,15,F15_T1,F15_T2,F15_T1_R,F15_T2_R,1,2,R,R,twin_same_eye,0,1,0,True,0.3883466800133466,-14,23976,,"S3151R03,S3152R02",filtered_from_final_matching_results
1964,221,223,15/1R/S3151R03.jpg,15/2R/S3152R03.jpg,data/features/daugman_strict_v3/gabor_codes/15__1R__S3151R03.jpg.npz,data/features/daugman_strict_v3/gabor_codes/15__2R__S3152R03.jpg.npz,15,15,F15_T1,F15_T2,F15_T1_R,F15_T2_R,1,2,R,R,twin_same_eye,0,1,0,True,0.3860785272075595,-14,24552,,"S3151R03,S3152R03",filtered_from_final_matching_results
1965,221,224,15/1R/S3151R03.jpg,15/2R/S3152R04.jpg,data/features/daugman_strict_v3/gabor_codes/15__1R__S3151R03.jpg.npz,data/features/daugman_strict_v3/gabor_codes/15__2R__S3152R04.jpg.npz,15,15,F15_T1,F15_T2,F15_T1_R,F15_T2_R,1,2,R,R,twin_same_eye,0,1,0,True,0.4088282504012841,-12,24920,,"S3151R03,S3152R04",filtered_from_final_matching_results
1966,221,225,15/1R/S3151R03.jpg,15/2R/S3152R07.jpg,data/features/daugman_strict_v3/gabor_codes/15__1R__S3151R03.jpg.npz,data/features/daugman_strict_v3/gabor_codes/15__2R__S3152R07.jpg.npz,15,15,F15_T1,F15_T2,F15_T1_R,F15_T2_R,1,2,R,R,twin_same_eye,0,1,0,True,0.4244613124387855,-14,24504,,"S3151R03,S3152R07",filtered_from_final_matching_results
1967,222,223,15/2R/S3152R02.jpg,15/2R/S3152R03.jpg,data/features/daugman_strict_v3/gabor_codes/15__2R__S3152R02.jpg.npz,data/features/daugman_strict_v3/gabor_codes/15__2R__S3152R03.jpg.npz,15,15,F15_T2,F15_T2,F15_T2_R,F15_T2_R,2,2,R,R,genuine,1,0,0,True,0.2368663921624307,0,28172,,"S3152R02,S3152R03",filtered_from_final_matching_results
1968,222,224,15/2R/S3152R02.jpg,15/2R/S3152R04.jpg,data/features/daugman_strict_v3/gabor_codes/15__2R__S3152R02.jpg.npz,data/features/daugman_strict_v3/gabor_codes/15__2R__S3152R04.jpg.npz,15,15,F15_T2,F15_T2,F15_T2_R,F15_T2_R,2,2,R,R,genuine,1,0,0,True,0.3603564754923099,-4,27828,,"S3152R02,S3152R04",filtered_from_final_matching_results
1969,222,225,15/2R/S3152R02.jpg,15/2R/S3152R07.jpg,data/features/daugman_strict_v3/gabor_codes/15__2R__S3152R02.jpg.npz,data/features/daugman_strict_v3/gabor_codes/15__2R__S3152R07.jpg.npz,15,15,F15_T2,F15_T2,F15_T2_R,F15_T2_R,2,2,R,R,genuine,1,0,0,True,0.3349739839684995,-2,28444,,"S3152R02,S3152R07",filtered_from_final_matching_results
1970,223,224,15/2R/S3152R03.jpg,15/2R/S3152R04.jpg,data/features/daugman_strict_v3/gabor_codes/15__2R__S3152R03.jpg.npz,data/features/daugman_strict_v3/gabor_codes/15__2R__S3152R04.jpg.npz,15,15,F15_T2,F15_T2,F15_T2_R,F15_T2_R,2,2,R,R,genuine,1,0,0,True,0.3493449781659388,-4,27480,,"S3152R03,S3152R04",filtered_from_final_matching_results
1971,223,225,15/2R/S3152R03.jpg,15/2R/S3152R07.jpg,data/features/daugman_strict_v3/gabor_codes/15__2R__S3152R03.jpg.npz,data/features/daugman_strict_v3/gabor_codes/15__2R__S3152R07.jpg.npz,15,15,F15_T2,F15_T2,F15_T2_R,F15_T2_R,2,2,R,R,genuine,1,0,0,True,0.3216221851542952,0,28776,,"S3152R03,S3152R07",filtered_from_final_matching_results
1972,224,225,15/2R/S3152R04.jpg,15/2R/S3152R07.jpg,data/features/daugman_strict_v3/gabor_codes/15__2R__S3152R04.jpg.npz,data/features/daugman_strict_v3/gabor_codes/15__2R__S3152R07.jpg.npz,15,15,F15_T2,F15_T2,F15_T2_R,F15_T2_R,2,2,R,R,genuine,1,0,0,True,0.278850060950833,0,29532,,"S3152R04,S3152R07",filtered_from_final_matching_results
1973,226,227,16/2L/S3162L01.jpg,16/2L/S3162L02.jpg,data/features/daugman_strict_v3/gabor_codes/16__2L__S3162L01.jpg.npz,data/features/daugman_strict_v3/gabor_codes/16__2L__S3162L02.jpg.npz,16,16,F16_T2,F16_T2,F16_T2_L,F16_T2_L,2,2,L,L,genuine,1,0,0,True,0.3358489229024943,0,28224,,"S3162L01,S3162L02",filtered_from_final_matching_results
1974,226,228,16/2L/S3162L01.jpg,16/2L/S3162L03.jpg,data/features/daugman_strict_v3/gabor_codes/16__2L__S3162L01.jpg.npz,data/features/daugman_strict_v3/gabor_codes/16__2L__S3162L03.jpg.npz,16,16,F16_T2,F16_T2,F16_T2_L,F16_T2_L,2,2,L,L,genuine,1,0,0,True,0.3704438565549676,0,27216,,"S3162L01,S3162L03",filtered_from_final_matching_results
1975,226,229,16/2L/S3162L01.jpg,16/2L/S3162L04.jpg,data/features/daugman_strict_v3/gabor_codes/16__2L__S3162L01.jpg.npz,data/features/daugman_strict_v3/gabor_codes/16__2L__S3162L04.jpg.npz,16,16,F16_T2,F16_T2,F16_T2_L,F16_T2_L,2,2,L,L,genuine,1,0,0,True,0.3809050772626932,0,27180,,"S3162L01,S3162L04",filtered_from_final_matching_results
1977,226,231,16/2L/S3162L01.jpg,16/2R/S3162R06.jpg,data/features/daugman_strict_v3/gabor_codes/16__2L__S3162L01.jpg.npz,data/features/daugman_strict_v3/gabor_codes/16__2R__S3162R06.jpg.npz,16,16,F16_T2,F16_T2,F16_T2_L,F16_T2_R,2,2,L,R,same_subject_different_eye,0,0,0,True,0.4018900343642612,12,23280,,"S3162L01,S3162R06",filtered_from_final_matching_results
1978,226,232,16/2L/S3162L01.jpg,16/2R/S3162R07.jpg,data/features/daugman_strict_v3/gabor_codes/16__2L__S3162L01.jpg.npz,data/features/daugman_strict_v3/gabor_codes/16__2R__S3162R07.jpg.npz,16,16,F16_T2,F16_T2,F16_T2_L,F16_T2_R,2,2,L,R,same_subject_different_eye,0,0,0,True,0.4177051671732523,-8,26320,,"S3162L01,S3162R07",filtered_from_final_matching_results
1979,226,233,16/2L/S3162L01.jpg,16/2R/S3162R08.jpg,data/features/daugman_strict_v3/gabor_codes/16__2L__S3162L01.jpg.npz,data/features/daugman_strict_v3/gabor_codes/16__2R__S3162R08.jpg.npz,16,16,F16_T2,F16_T2,F16_T2_L,F16_T2_R,2,2,L,R,same_subject_different_eye,0,0,0,True,0.4070424810208367,-16,24764,,"S3162L01,S3162R08",filtered_from_final_matching_results
1980,226,234,16/2L/S3162L01.jpg,16/2R/S3162R09.jpg,data/features/daugman_strict_v3/gabor_codes/16__2L__S3162L01.jpg.npz,data/features/daugman_strict_v3/gabor_codes/16__2R__S3162R09.jpg.npz,16,16,F16_T2,F16_T2,F16_T2_L,F16_T2_R,2,2,L,R,same_subject_different_eye,0,0,0,True,0.4054889131225009,14,22008,,"S3162L01,S3162R09",filtered_from_final_matching_results
1981,226,235,16/2L/S3162L01.jpg,16/2R/S3162R10.jpg,data/features/daugman_strict_v3/gabor_codes/16__2L__S3162L01.jpg.npz,data/features/daugman_strict_v3/gabor_codes/16__2R__S3162R10.jpg.npz,16,16,F16_T2,F16_T2,F16_T2_L,F16_T2_R,2,2,L,R,same_subject_different_eye,0,0,0,True,0.40625,-12,24928,,"S3162L01,S3162R10",filtered_from_final_matching_results
1982,227,228,16/2L/S3162L02.jpg,16/2L/S3162L03.jpg,data/features/daugman_strict_v3/gabor_codes/16__2L__S3162L02.jpg.npz,data/features/daugman_strict_v3/gabor_codes/16__2L__S3162L03.jpg.npz,16,16,F16_T2,F16_T2,F16_T2_L,F16_T2_L,2,2,L,L,genuine,1,0,0,True,0.2989592494869539,0,27288,,"S3162L02,S3162L03",filtered_from_final_matching_results
1983,227,229,16/2L/S3162L02.jpg,16/2L/S3162L04.jpg,data/features/daugman_strict_v3/gabor_codes/16__2L__S3162L02.jpg.npz,data/features/daugman_strict_v3/gabor_codes/16__2L__S3162L04.jpg.npz,16,16,F16_T2,F16_T2,F16_T2_L,F16_T2_L,2,2,L,L,genuine,1,0,0,True,0.2627483927527761,0,27376,,"S3162L02,S3162L04",filtered_from_final_matching_results
1985,227,231,16/2L/S3162L02.jpg,16/2R/S3162R06.jpg,data/features/daugman_strict_v3/gabor_codes/16__2L__S3162L02.jpg.npz,data/features/daugman_strict_v3/gabor_codes/16__2R__S3162R06.jpg.npz,16,16,F16_T2,F16_T2,F16_T2_L,F16_T2_R,2,2,L,R,same_subject_different_eye,0,0,0,True,0.4270274413613368,-4,26092,,"S3162L02,S3162R06",filtered_from_final_matching_results
1986,227,232,16/2L/S3162L02.jpg,16/2R/S3162R07.jpg,data/features/daugman_strict_v3/gabor_codes/16__2L__S3162L02.jpg.npz,data/features/daugman_strict_v3/gabor_codes/16__2R__S3162R07.jpg.npz,16,16,F16_T2,F16_T2,F16_T2_L,F16_T2_R,2,2,L,R,same_subject_different_eye,0,0,0,True,0.4458319550115779,-16,24184,,"S3162L02,S3162R07",filtered_from_final_matching_results
1987,227,233,16/2L/S3162L02.jpg,16/2R/S3162R08.jpg,data/features/daugman_strict_v3/gabor_codes/16__2L__S3162L02.jpg.npz,data/features/daugman_strict_v3/gabor_codes/16__2R__S3162R08.jpg.npz,16,16,F16_T2,F16_T2,F16_T2_L,F16_T2_R,2,2,L,R,same_subject_different_eye,0,0,0,True,0.434540164861807,10,24748,,"S3162L02,S3162R08",filtered_from_final_matching_results
1988,227,234,16/2L/S3162L02.jpg,16/2R/S3162R09.jpg,data/features/daugman_strict_v3/gabor_codes/16__2L__S3162L02.jpg.npz,data/features/daugman_strict_v3/gabor_codes/16__2R__S3162R09.jpg.npz,16,16,F16_T2,F16_T2,F16_T2_L,F16_T2_R,2,2,L,R,same_subject_different_eye,0,0,0,True,0.416359971959341,12,22824,,"S3162L02,S3162R09",filtered_from_final_matching_results
1989,227,235,16/2L/S3162L02.jpg,16/2R/S3162R10.jpg,data/features/daugman_strict_v3/gabor_codes/16__2L__S3162L02.jpg.npz,data/features/daugman_strict_v3/gabor_codes/16__2R__S3162R10.jpg.npz,16,16,F16_T2,F16_T2,F16_T2_L,F16_T2_R,2,2,L,R,same_subject_different_eye,0,0,0,True,0.4393056849953402,-6,25752,,"S3162L02,S3162R10",filtered_from_final_matching_results
1990,228,229,16/2L/S3162L03.jpg,16/2L/S3162L04.jpg,data/features/daugman_strict_v3/gabor_codes/16__2L__S3162L03.jpg.npz,data/features/daugman_strict_v3/gabor_codes/16__2L__S3162L04.jpg.npz,16,16,F16_T2,F16_T2,F16_T2_L,F16_T2_L,2,2,L,L,genuine,1,0,0,True,0.3220143134039063,0,26828,,"S3162L03,S3162L04",filtered_from_final_matching_results
1992,228,231,16/2L/S3162L03.jpg,16/2R/S3162R06.jpg,data/features/daugman_strict_v3/gabor_codes/16__2L__S3162L03.jpg.npz,data/features/daugman_strict_v3/gabor_codes/16__2R__S3162R06.jpg.npz,16,16,F16_T2,F16_T2,F16_T2_L,F16_T2_R,2,2,L,R,same_subject_different_eye,0,0,0,True,0.41163217623498,6,23968,,"S3162L03,S3162R06",filtered_from_final_matching_results
1993,228,232,16/2L/S3162L03.jpg,16/2R/S3162R07.jpg,data/features/daugman_strict_v3/gabor_codes/16__2L__S3162L03.jpg.npz,data/features/daugman_strict_v3/gabor_codes/16__2R__S3162R07.jpg.npz,16,16,F16_T2,F16_T2,F16_T2_L,F16_T2_R,2,2,L,R,same_subject_different_eye,0,0,0,True,0.4274389257401715,-12,24724,,"S3162L03,S3162R07",filtered_from_final_matching_results
1994,228,233,16/2L/S3162L03.jpg,16/2R/S3162R08.jpg,data/features/daugman_strict_v3/gabor_codes/16__2L__S3162L03.jpg.npz,data/features/daugman_strict_v3/gabor_codes/16__2R__S3162R08.jpg.npz,16,16,F16_T2,F16_T2,F16_T2_L,F16_T2_R,2,2,L,R,same_subject_different_eye,0,0,0,True,0.4209519934906428,-14,24580,,"S3162L03,S3162R08",filtered_from_final_matching_results
1995,228,234,16/2L/S3162L03.jpg,16/2R/S3162R09.jpg,data/features/daugman_strict_v3/gabor_codes/16__2L__S3162L03.jpg.npz,data/features/daugman_strict_v3/gabor_codes/16__2R__S3162R09.jpg.npz,16,16,F16_T2,F16_T2,F16_T2_L,F16_T2_R,2,2,L,R,same_subject_different_eye,0,0,0,True,0.4093168845516479,14,21724,,"S3162L03,S3162R09",filtered_from_final_matching_results
1996,228,235,16/2L/S3162L03.jpg,16/2R/S3162R10.jpg,data/features/daugman_strict_v3/gabor_codes/16__2L__S3162L03.jpg.npz,data/features/daugman_strict_v3/gabor_codes/16__2R__S3162R10.jpg.npz,16,16,F16_T2,F16_T2,F16_T2_L,F16_T2_R,2,2,L,R,same_subject_different_eye,0,0,0,True,0.4227880488610102,-12,24232,,"S3162L03,S3162R10",filtered_from_final_matching_results
1998,229,231,16/2L/S3162L04.jpg,16/2R/S3162R06.jpg,data/features/daugman_strict_v3/gabor_codes/16__2L__S3162L04.jpg.npz,data/features/daugman_strict_v3/gabor_codes/16__2R__S3162R06.jpg.npz,16,16,F16_T2,F16_T2,F16_T2_L,F16_T2_R,2,2,L,R,same_subject_different_eye,0,0,0,True,0.4363087674714104,-6,25184,,"S3162L04,S3162R06",filtered_from_final_matching_results
1999,229,232,16/2L/S3162L04.jpg,16/2R/S3162R07.jpg,data/features/daugman_strict_v3/gabor_codes/16__2L__S3162L04.jpg.npz,data/features/daugman_strict_v3/gabor_codes/16__2R__S3162R07.jpg.npz,16,16,F16_T2,F16_T2,F16_T2_L,F16_T2_R,2,2,L,R,same_subject_different_eye,0,0,0,True,0.4514641164522681,14,23632,,"S3162L04,S3162R07",filtered_from_final_matching_results
2000,229,233,16/2L/S3162L04.jpg,16/2R/S3162R08.jpg,data/features/daugman_strict_v3/gabor_codes/16__2L__S3162L04.jpg.npz,data/features/daugman_strict_v3/gabor_codes/16__2R__S3162R08.jpg.npz,16,16,F16_T2,F16_T2,F16_T2_L,F16_T2_R,2,2,L,R,same_subject_different_eye,0,0,0,True,0.4522582228767796,8,24444,,"S3162L04,S3162R08",filtered_from_final_matching_results
2001,229,234,16/2L/S3162L04.jpg,16/2R/S3162R09.jpg,data/features/daugman_strict_v3/gabor_codes/16__2L__S3162L04.jpg.npz,data/features/daugman_strict_v3/gabor_codes/16__2R__S3162R09.jpg.npz,16,16,F16_T2,F16_T2,F16_T2_L,F16_T2_R,2,2,L,R,same_subject_different_eye,0,0,0,True,0.4194868995633188,14,21984,,"S3162L04,S3162R09",filtered_from_final_matching_results
2002,229,235,16/2L/S3162L04.jpg,16/2R/S3162R10.jpg,data/features/daugman_strict_v3/gabor_codes/16__2L__S3162L04.jpg.npz,data/features/daugman_strict_v3/gabor_codes/16__2R__S3162R10.jpg.npz,16,16,F16_T2,F16_T2,F16_T2_L,F16_T2_R,2,2,L,R,same_subject_different_eye,0,0,0,True,0.4408090976882923,16,21456,,"S3162L04,S3162R10",filtered_from_final_matching_results
2008,231,232,16/2R/S3162R06.jpg,16/2R/S3162R07.jpg,data/features/daugman_strict_v3/gabor_codes/16__2R__S3162R06.jpg.npz,data/features/daugman_strict_v3/gabor_codes/16__2R__S3162R07.jpg.npz,16,16,F16_T2,F16_T2,F16_T2_R,F16_T2_R,2,2,R,R,genuine,1,0,0,True,0.3455599938546628,2,26036,,"S3162R06,S3162R07",filtered_from_final_matching_results
2009,231,233,16/2R/S3162R06.jpg,16/2R/S3162R08.jpg,data/features/daugman_strict_v3/gabor_codes/16__2R__S3162R06.jpg.npz,data/features/daugman_strict_v3/gabor_codes/16__2R__S3162R08.jpg.npz,16,16,F16_T2,F16_T2,F16_T2_R,F16_T2_R,2,2,R,R,genuine,1,0,0,True,0.3047752808988764,0,26344,,"S3162R06,S3162R08",filtered_from_final_matching_results
2010,231,234,16/2R/S3162R06.jpg,16/2R/S3162R09.jpg,data/features/daugman_strict_v3/gabor_codes/16__2R__S3162R06.jpg.npz,data/features/daugman_strict_v3/gabor_codes/16__2R__S3162R09.jpg.npz,16,16,F16_T2,F16_T2,F16_T2_R,F16_T2_R,2,2,R,R,genuine,1,0,0,True,0.3459475074281941,2,24232,,"S3162R06,S3162R09",filtered_from_final_matching_results
2011,231,235,16/2R/S3162R06.jpg,16/2R/S3162R10.jpg,data/features/daugman_strict_v3/gabor_codes/16__2R__S3162R06.jpg.npz,data/features/daugman_strict_v3/gabor_codes/16__2R__S3162R10.jpg.npz,16,16,F16_T2,F16_T2,F16_T2_R,F16_T2_R,2,2,R,R,genuine,1,0,0,True,0.3743130789762914,0,25476,,"S3162R06,S3162R10",filtered_from_final_matching_results
2012,232,233,16/2R/S3162R07.jpg,16/2R/S3162R08.jpg,data/features/daugman_strict_v3/gabor_codes/16__2R__S3162R07.jpg.npz,data/features/daugman_strict_v3/gabor_codes/16__2R__S3162R08.jpg.npz,16,16,F16_T2,F16_T2,F16_T2_R,F16_T2_R,2,2,R,R,genuine,1,0,0,True,0.3060264329837667,0,27844,,"S3162R07,S3162R08",filtered_from_final_matching_results
2013,232,234,16/2R/S3162R07.jpg,16/2R/S3162R09.jpg,data/features/daugman_strict_v3/gabor_codes/16__2R__S3162R07.jpg.npz,data/features/daugman_strict_v3/gabor_codes/16__2R__S3162R09.jpg.npz,16,16,F16_T2,F16_T2,F16_T2_R,F16_T2_R,2,2,R,R,genuine,1,0,0,True,0.3075438075438075,0,26936,,"S3162R07,S3162R09",filtered_from_final_matching_results
2014,232,235,16/2R/S3162R07.jpg,16/2R/S3162R10.jpg,data/features/daugman_strict_v3/gabor_codes/16__2R__S3162R07.jpg.npz,data/features/daugman_strict_v3/gabor_codes/16__2R__S3162R10.jpg.npz,16,16,F16_T2,F16_T2,F16_T2_R,F16_T2_R,2,2,R,R,genuine,1,0,0,True,0.4444654754694124,2,26416,,"S3162R07,S3162R10",filtered_from_final_matching_results
2015,233,234,16/2R/S3162R08.jpg,16/2R/S3162R09.jpg,data/features/daugman_strict_v3/gabor_codes/16__2R__S3162R08.jpg.npz,data/features/daugman_strict_v3/gabor_codes/16__2R__S3162R09.jpg.npz,16,16,F16_T2,F16_T2,F16_T2_R,F16_T2_R,2,2,R,R,genuine,1,0,0,True,0.3059235571798386,2,26268,,"S3162R08,S3162R09",filtered_from_final_matching_results
2016,233,235,16/2R/S3162R08.jpg,16/2R/S3162R10.jpg,data/features/daugman_strict_v3/gabor_codes/16__2R__S3162R08.jpg.npz,data/features/daugman_strict_v3/gabor_codes/16__2R__S3162R10.jpg.npz,16,16,F16_T2,F16_T2,F16_T2_R,F16_T2_R,2,2,R,R,genuine,1,0,0,True,0.3556731772774713,2,26828,,"S3162R08,S3162R10",filtered_from_final_matching_results
2017,234,235,16/2R/S3162R09.jpg,16/2R/S3162R10.jpg,data/features/daugman_strict_v3/gabor_codes/16__2R__S3162R09.jpg.npz,data/features/daugman_strict_v3/gabor_codes/16__2R__S3162R10.jpg.npz,16,16,F16_T2,F16_T2,F16_T2_R,F16_T2_R,2,2,R,R,genuine,1,0,0,True,0.3954408738325154,-4,25268,,"S3162R09,S3162R10",filtered_from_final_matching_results
2018,236,237,17/1L/S3171L10.jpg,17/2L/S3172L07.jpg,data/features/daugman_strict_v3/gabor_codes/17__1L__S3171L10.jpg.npz,data/features/daugman_strict_v3/gabor_codes/17__2L__S3172L07.jpg.npz,17,17,F17_T1,F17_T2,F17_T1_L,F17_T2_L,1,2,L,L,twin_same_eye,0,1,0,True,0.4277140335392763,-2,22660,,"S3171L10,S3172L07",filtered_from_final_matching_results
2019,236,238,17/1L/S3171L10.jpg,17/2R/S3172R02.jpg,data/features/daugman_strict_v3/gabor_codes/17__1L__S3171L10.jpg.npz,data/features/daugman_strict_v3/gabor_codes/17__2R__S3172R02.jpg.npz,17,17,F17_T1,F17_T2,F17_T1_L,F17_T2_R,1,2,L,R,twin_cross_eye,0,1,0,True,0.3779653284671533,6,26304,,"S3171L10,S3172R02",filtered_from_final_matching_results
2020,237,238,17/2L/S3172L07.jpg,17/2R/S3172R02.jpg,data/features/daugman_strict_v3/gabor_codes/17__2L__S3172L07.jpg.npz,data/features/daugman_strict_v3/gabor_codes/17__2R__S3172R02.jpg.npz,17,17,F17_T2,F17_T2,F17_T2_L,F17_T2_R,2,2,L,R,same_subject_different_eye,0,0,0,True,0.4486504594180704,-14,20896,,"S3172L07,S3172R02",filtered_from_final_matching_results
2021,239,240,18/1R/S3181R04.jpg,18/1R/S3181R05.jpg,data/features/daugman_strict_v3/gabor_codes/18__1R__S3181R04.jpg.npz,data/features/daugman_strict_v3/gabor_codes/18__1R__S3181R05.jpg.npz,18,18,F18_T1,F18_T1,F18_T1_R,F18_T1_R,1,1,R,R,genuine,1,0,0,True,0.3399764547595021,0,23784,,"S3181R04,S3181R05",filtered_from_final_matching_results
2022,239,241,18/1R/S3181R04.jpg,18/2L/S3182L01.jpg,data/features/daugman_strict_v3/gabor_codes/18__1R__S3181R04.jpg.npz,data/features/daugman_strict_v3/gabor_codes/18__2L__S3182L01.jpg.npz,18,18,F18_T1,F18_T2,F18_T1_R,F18_T2_L,1,2,R,L,twin_cross_eye,0,1,0,True,0.463040505896428,2,23404,,"S3181R04,S3182L01",filtered_from_final_matching_results
2025,239,244,18/1R/S3181R04.jpg,18/2R/S3182R03.jpg,data/features/daugman_strict_v3/gabor_codes/18__1R__S3181R04.jpg.npz,data/features/daugman_strict_v3/gabor_codes/18__2R__S3182R03.jpg.npz,18,18,F18_T1,F18_T2,F18_T1_R,F18_T2_R,1,2,R,R,twin_same_eye,0,1,0,True,0.4569811698717949,8,19968,,"S3181R04,S3182R03",filtered_from_final_matching_results
2026,239,245,18/1R/S3181R04.jpg,18/2R/S3182R04.jpg,data/features/daugman_strict_v3/gabor_codes/18__1R__S3181R04.jpg.npz,data/features/daugman_strict_v3/gabor_codes/18__2R__S3182R04.jpg.npz,18,18,F18_T1,F18_T2,F18_T1_R,F18_T2_R,1,2,R,R,twin_same_eye,0,1,0,True,0.4909199852507375,-2,21696,,"S3181R04,S3182R04",filtered_from_final_matching_results
2027,239,246,18/1R/S3181R04.jpg,18/2R/S3182R05.jpg,data/features/daugman_strict_v3/gabor_codes/18__1R__S3181R04.jpg.npz,data/features/daugman_strict_v3/gabor_codes/18__2R__S3182R05.jpg.npz,18,18,F18_T1,F18_T2,F18_T1_R,F18_T2_R,1,2,R,R,twin_same_eye,0,1,0,True,0.4783422973492124,-4,20824,,"S3181R04,S3182R05",filtered_from_final_matching_results
2028,239,247,18/1R/S3181R04.jpg,18/2R/S3182R06.jpg,data/features/daugman_strict_v3/gabor_codes/18__1R__S3181R04.jpg.npz,data/features/daugman_strict_v3/gabor_codes/18__2R__S3182R06.jpg.npz,18,18,F18_T1,F18_T2,F18_T1_R,F18_T2_R,1,2,R,R,twin_same_eye,0,1,0,True,0.4488523405024399,0,22132,,"S3181R04,S3182R06",filtered_from_final_matching_results
2029,239,248,18/1R/S3181R04.jpg,18/2R/S3182R07.jpg,data/features/daugman_strict_v3/gabor_codes/18__1R__S3181R04.jpg.npz,data/features/daugman_strict_v3/gabor_codes/18__2R__S3182R07.jpg.npz,18,18,F18_T1,F18_T2,F18_T1_R,F18_T2_R,1,2,R,R,twin_same_eye,0,1,0,True,0.4609459949256977,0,22072,,"S3181R04,S3182R07",filtered_from_final_matching_results
2031,240,241,18/1R/S3181R05.jpg,18/2L/S3182L01.jpg,data/features/daugman_strict_v3/gabor_codes/18__1R__S3181R05.jpg.npz,data/features/daugman_strict_v3/gabor_codes/18__2L__S3182L01.jpg.npz,18,18,F18_T1,F18_T2,F18_T1_R,F18_T2_L,1,2,R,L,twin_cross_eye,0,1,0,True,0.4715646384316627,-10,21628,,"S3181R05,S3182L01",filtered_from_final_matching_results
2034,240,244,18/1R/S3181R05.jpg,18/2R/S3182R03.jpg,data/features/daugman_strict_v3/gabor_codes/18__1R__S3181R05.jpg.npz,data/features/daugman_strict_v3/gabor_codes/18__2R__S3182R03.jpg.npz,18,18,F18_T1,F18_T2,F18_T1_R,F18_T2_R,1,2,R,R,twin_same_eye,0,1,0,True,0.4629022646007151,6,20136,,"S3181R05,S3182R03",filtered_from_final_matching_results
2035,240,245,18/1R/S3181R05.jpg,18/2R/S3182R04.jpg,data/features/daugman_strict_v3/gabor_codes/18__1R__S3181R05.jpg.npz,data/features/daugman_strict_v3/gabor_codes/18__2R__S3182R04.jpg.npz,18,18,F18_T1,F18_T2,F18_T1_R,F18_T2_R,1,2,R,R,twin_same_eye,0,1,0,True,0.4946269261962692,-10,19728,,"S3181R05,S3182R04",filtered_from_final_matching_results
2036,240,246,18/1R/S3181R05.jpg,18/2R/S3182R05.jpg,data/features/daugman_strict_v3/gabor_codes/18__1R__S3181R05.jpg.npz,data/features/daugman_strict_v3/gabor_codes/18__2R__S3182R05.jpg.npz,18,18,F18_T1,F18_T2,F18_T1_R,F18_T2_R,1,2,R,R,twin_same_eye,0,1,0,True,0.4813108303996686,-10,19316,,"S3181R05,S3182R05",filtered_from_final_matching_results
2037,240,247,18/1R/S3181R05.jpg,18/2R/S3182R06.jpg,data/features/daugman_strict_v3/gabor_codes/18__1R__S3181R05.jpg.npz,data/features/daugman_strict_v3/gabor_codes/18__2R__S3182R06.jpg.npz,18,18,F18_T1,F18_T2,F18_T1_R,F18_T2_R,1,2,R,R,twin_same_eye,0,1,0,True,0.455126953125,-6,20480,,"S3181R05,S3182R06",filtered_from_final_matching_results
2038,240,248,18/1R/S3181R05.jpg,18/2R/S3182R07.jpg,data/features/daugman_strict_v3/gabor_codes/18__1R__S3181R05.jpg.npz,data/features/daugman_strict_v3/gabor_codes/18__2R__S3182R07.jpg.npz,18,18,F18_T1,F18_T2,F18_T1_R,F18_T2_R,1,2,R,R,twin_same_eye,0,1,0,True,0.4315364941963407,8,20332,,"S3181R05,S3182R07",filtered_from_final_matching_results
2042,241,244,18/2L/S3182L01.jpg,18/2R/S3182R03.jpg,data/features/daugman_strict_v3/gabor_codes/18__2L__S3182L01.jpg.npz,data/features/daugman_strict_v3/gabor_codes/18__2R__S3182R03.jpg.npz,18,18,F18_T2,F18_T2,F18_T2_L,F18_T2_R,2,2,L,R,same_subject_different_eye,0,0,0,True,0.4658936459395175,-2,23544,,"S3182L01,S3182R03",filtered_from_final_matching_results
2043,241,245,18/2L/S3182L01.jpg,18/2R/S3182R04.jpg,data/features/daugman_strict_v3/gabor_codes/18__2L__S3182L01.jpg.npz,data/features/daugman_strict_v3/gabor_codes/18__2R__S3182R04.jpg.npz,18,18,F18_T2,F18_T2,F18_T2_L,F18_T2_R,2,2,L,R,same_subject_different_eye,0,0,0,True,0.4684554973821989,-6,22920,,"S3182L01,S3182R04",filtered_from_final_matching_results
2044,241,246,18/2L/S3182L01.jpg,18/2R/S3182R05.jpg,data/features/daugman_strict_v3/gabor_codes/18__2L__S3182L01.jpg.npz,data/features/daugman_strict_v3/gabor_codes/18__2R__S3182R05.jpg.npz,18,18,F18_T2,F18_T2,F18_T2_L,F18_T2_R,2,2,L,R,same_subject_different_eye,0,0,0,True,0.4376115850029756,-14,20164,,"S3182L01,S3182R05",filtered_from_final_matching_results
2045,241,247,18/2L/S3182L01.jpg,18/2R/S3182R06.jpg,data/features/daugman_strict_v3/gabor_codes/18__2L__S3182L01.jpg.npz,data/features/daugman_strict_v3/gabor_codes/18__2R__S3182R06.jpg.npz,18,18,F18_T2,F18_T2,F18_T2_L,F18_T2_R,2,2,L,R,same_subject_different_eye,0,0,0,True,0.4426937633700839,2,24308,,"S3182L01,S3182R06",filtered_from_final_matching_results
2046,241,248,18/2L/S3182L01.jpg,18/2R/S3182R07.jpg,data/features/daugman_strict_v3/gabor_codes/18__2L__S3182L01.jpg.npz,data/features/daugman_strict_v3/gabor_codes/18__2R__S3182R07.jpg.npz,18,18,F18_T2,F18_T2,F18_T2_L,F18_T2_R,2,2,L,R,same_subject_different_eye,0,0,0,True,0.4434432515337423,-14,20864,,"S3182L01,S3182R07",filtered_from_final_matching_results
2061,244,245,18/2R/S3182R03.jpg,18/2R/S3182R04.jpg,data/features/daugman_strict_v3/gabor_codes/18__2R__S3182R03.jpg.npz,data/features/daugman_strict_v3/gabor_codes/18__2R__S3182R04.jpg.npz,18,18,F18_T2,F18_T2,F18_T2_R,F18_T2_R,2,2,R,R,genuine,1,0,0,True,0.2936860068259385,2,23440,,"S3182R03,S3182R04",filtered_from_final_matching_results
2062,244,246,18/2R/S3182R03.jpg,18/2R/S3182R05.jpg,data/features/daugman_strict_v3/gabor_codes/18__2R__S3182R03.jpg.npz,data/features/daugman_strict_v3/gabor_codes/18__2R__S3182R05.jpg.npz,18,18,F18_T2,F18_T2,F18_T2_R,F18_T2_R,2,2,R,R,genuine,1,0,0,True,0.260856348792774,2,23028,,"S3182R03,S3182R05",filtered_from_final_matching_results
2063,244,247,18/2R/S3182R03.jpg,18/2R/S3182R06.jpg,data/features/daugman_strict_v3/gabor_codes/18__2R__S3182R03.jpg.npz,data/features/daugman_strict_v3/gabor_codes/18__2R__S3182R06.jpg.npz,18,18,F18_T2,F18_T2,F18_T2_R,F18_T2_R,2,2,R,R,genuine,1,0,0,True,0.3115418502202643,4,22700,,"S3182R03,S3182R06",filtered_from_final_matching_results
2064,244,248,18/2R/S3182R03.jpg,18/2R/S3182R07.jpg,data/features/daugman_strict_v3/gabor_codes/18__2R__S3182R03.jpg.npz,data/features/daugman_strict_v3/gabor_codes/18__2R__S3182R07.jpg.npz,18,18,F18_T2,F18_T2,F18_T2_R,F18_T2_R,2,2,R,R,genuine,1,0,0,True,0.3661126910771418,4,22504,,"S3182R03,S3182R07",filtered_from_final_matching_results
2066,245,246,18/2R/S3182R04.jpg,18/2R/S3182R05.jpg,data/features/daugman_strict_v3/gabor_codes/18__2R__S3182R04.jpg.npz,data/features/daugman_strict_v3/gabor_codes/18__2R__S3182R05.jpg.npz,18,18,F18_T2,F18_T2,F18_T2_R,F18_T2_R,2,2,R,R,genuine,1,0,0,True,0.1467849753302562,0,25132,,"S3182R04,S3182R05",filtered_from_final_matching_results
2067,245,247,18/2R/S3182R04.jpg,18/2R/S3182R06.jpg,data/features/daugman_strict_v3/gabor_codes/18__2R__S3182R04.jpg.npz,data/features/daugman_strict_v3/gabor_codes/18__2R__S3182R06.jpg.npz,18,18,F18_T2,F18_T2,F18_T2_R,F18_T2_R,2,2,R,R,genuine,1,0,0,True,0.3670785525154457,4,22660,,"S3182R04,S3182R06",filtered_from_final_matching_results
2068,245,248,18/2R/S3182R04.jpg,18/2R/S3182R07.jpg,data/features/daugman_strict_v3/gabor_codes/18__2R__S3182R04.jpg.npz,data/features/daugman_strict_v3/gabor_codes/18__2R__S3182R07.jpg.npz,18,18,F18_T2,F18_T2,F18_T2_R,F18_T2_R,2,2,R,R,genuine,1,0,0,True,0.3782119914346895,4,22416,,"S3182R04,S3182R07",filtered_from_final_matching_results
2070,246,247,18/2R/S3182R05.jpg,18/2R/S3182R06.jpg,data/features/daugman_strict_v3/gabor_codes/18__2R__S3182R05.jpg.npz,data/features/daugman_strict_v3/gabor_codes/18__2R__S3182R06.jpg.npz,18,18,F18_T2,F18_T2,F18_T2_R,F18_T2_R,2,2,R,R,genuine,1,0,0,True,0.3490532959326788,2,22816,,"S3182R05,S3182R06",filtered_from_final_matching_results
2071,246,248,18/2R/S3182R05.jpg,18/2R/S3182R07.jpg,data/features/daugman_strict_v3/gabor_codes/18__2R__S3182R05.jpg.npz,data/features/daugman_strict_v3/gabor_codes/18__2R__S3182R07.jpg.npz,18,18,F18_T2,F18_T2,F18_T2_R,F18_T2_R,2,2,R,R,genuine,1,0,0,True,0.3599728014505893,4,22060,,"S3182R05,S3182R07",filtered_from_final_matching_results
2073,247,248,18/2R/S3182R06.jpg,18/2R/S3182R07.jpg,data/features/daugman_strict_v3/gabor_codes/18__2R__S3182R06.jpg.npz,data/features/daugman_strict_v3/gabor_codes/18__2R__S3182R07.jpg.npz,18,18,F18_T2,F18_T2,F18_T2_R,F18_T2_R,2,2,R,R,genuine,1,0,0,True,0.2264615633074935,0,24768,,"S3182R06,S3182R07",filtered_from_final_matching_results
13425,0,37,00/2L/S3002L02.jpg,03/2R/S3032R06.jpg,data/features/daugman_strict_v3/gabor_codes/00__2L__S3002L02.jpg.npz,data/features/daugman_strict_v3/gabor_codes/03__2R__S3032R06.jpg.npz,0,3,F00_T2,F03_T2,F00_T2_L,F03_T2_R,2,2,L,R,unrelated,0,0,1,True,0.4375122717455331,-16,20372,,"S3002L02,S3032R06",filtered_from_final_matching_results
13459,0,71,00/2L/S3002L02.jpg,06/2L/S3062L07.jpg,data/features/daugman_strict_v3/gabor_codes/00__2L__S3002L02.jpg.npz,data/features/daugman_strict_v3/gabor_codes/06__2L__S3062L07.jpg.npz,0,6,F00_T2,F06_T2,F00_T2_L,F06_T2_L,2,2,L,L,unrelated,0,0,1,True,0.4797965915338097,-16,21828,,"S3002L02,S3062L07",filtered_from_final_matching_results
13489,55,203,05/1R/S3051R03.jpg,14/1R/S3141R10.jpg,data/features/daugman_strict_v3/gabor_codes/05__1R__S3051R03.jpg.npz,data/features/daugman_strict_v3/gabor_codes/14__1R__S3141R10.jpg.npz,5,14,F05_T1,F14_T1,F05_T1_R,F14_T1_R,1,1,R,R,unrelated,0,0,1,True,0.4302645139127448,14,23288,,"S3051R03,S3141R10",filtered_from_final_matching_results
13533,0,145,00/2L/S3002L02.jpg,10/2R/S3102R09.jpg,data/features/daugman_strict_v3/gabor_codes/00__2L__S3002L02.jpg.npz,data/features/daugman_strict_v3/gabor_codes/10__2R__S3102R09.jpg.npz,0,10,F00_T2,F10_T2,F00_T2_L,F10_T2_R,2,2,L,R,unrelated,0,0,1,True,0.4847341638884014,0,22796,,"S3002L02,S3102R09",filtered_from_final_matching_results
13571,160,233,12/1L/S3121L02.jpg,16/2R/S3162R08.jpg,data/features/daugman_strict_v3/gabor_codes/12__1L__S3121L02.jpg.npz,data/features/daugman_strict_v3/gabor_codes/16__2R__S3162R08.jpg.npz,12,16,F12_T1,F16_T2,F12_T1_L,F16_T2_R,1,2,L,R,unrelated,0,0,1,True,0.4144134477825465,0,27960,,"S3121L02,S3162R08",filtered_from_final_matching_results
13576,0,188,00/2L/S3002L02.jpg,13/1R/S3131R06.jpg,data/features/daugman_strict_v3/gabor_codes/00__2L__S3002L02.jpg.npz,data/features/daugman_strict_v3/gabor_codes/13__1R__S3131R06.jpg.npz,0,13,F00_T2,F13_T1,F00_T2_L,F13_T1_R,2,1,L,R,unrelated,0,0,1,True,0.4798682972718721,-8,21260,,"S3002L02,S3131R06",filtered_from_final_matching_results
13583,0,195,00/2L/S3002L02.jpg,13/2L/S3132L09.jpg,data/features/daugman_strict_v3/gabor_codes/00__2L__S3002L02.jpg.npz,data/features/daugman_strict_v3/gabor_codes/13__2L__S3132L09.jpg.npz,0,13,F00_T2,F13_T2,F00_T2_L,F13_T2_L,2,2,L,L,unrelated,0,0,1,True,0.4863251879699248,6,21280,,"S3002L02,S3132L09",filtered_from_final_matching_results
13613,0,225,00/2L/S3002L02.jpg,15/2R/S3152R07.jpg,data/features/daugman_strict_v3/gabor_codes/00__2L__S3002L02.jpg.npz,data/features/daugman_strict_v3/gabor_codes/15__2R__S3152R07.jpg.npz,0,15,F00_T2,F15_T2,F00_T2_L,F15_T2_R,2,2,L,R,unrelated,0,0,1,True,0.4741827326068734,4,23860,,"S3002L02,S3152R07",filtered_from_final_matching_results
13616,231,245,16/2R/S3162R06.jpg,18/2R/S3182R04.jpg,data/features/daugman_strict_v3/gabor_codes/16__2R__S3162R06.jpg.npz,data/features/daugman_strict_v3/gabor_codes/18__2R__S3182R04.jpg.npz,16,18,F16_T2,F18_T2,F16_T2_R,F18_T2_R,2,2,R,R,unrelated,0,0,1,True,0.4536350148367952,-12,21568,,"S3162R06,S3182R04",filtered_from_final_matching_results
13659,57,148,05/2L/S3052L02.jpg,11/1L/S3111L03.jpg,data/features/daugman_strict_v3/gabor_codes/05__2L__S3052L02.jpg.npz,data/features/daugman_strict_v3/gabor_codes/11__1L__S3111L03.jpg.npz,5,11,F05_T2,F11_T1,F05_T2_L,F11_T1_L,2,1,L,L,unrelated,0,0,1,True,0.4175804614070065,2,28088,,"S3052L02,S3111L03",filtered_from_final_matching_results
13817,203,221,14/1R/S3141R10.jpg,15/1R/S3151R03.jpg,data/features/daugman_strict_v3/gabor_codes/14__1R__S3141R10.jpg.npz,data/features/daugman_strict_v3/gabor_codes/15__1R__S3151R03.jpg.npz,14,15,F14_T1,F15_T1,F14_T1_R,F15_T1_R,1,1,R,R,unrelated,0,0,1,True,0.445179180887372,-12,23440,,"S3141R10,S3151R03",filtered_from_final_matching_results
13944,41,233,03/2R/S3032R10.jpg,16/2R/S3162R08.jpg,data/features/daugman_strict_v3/gabor_codes/03__2R__S3032R10.jpg.npz,data/features/daugman_strict_v3/gabor_codes/16__2R__S3162R08.jpg.npz,3,16,F03_T2,F16_T2,F03_T2_R,F16_T2_R,2,2,R,R,unrelated,0,0,1,True,0.4531722054380664,-8,23832,,"S3032R10,S3162R08",filtered_from_final_matching_results
13977,60,143,06/1L/S3061L02.jpg,10/2R/S3102R07.jpg,data/features/daugman_strict_v3/gabor_codes/06__1L__S3061L02.jpg.npz,data/features/daugman_strict_v3/gabor_codes/10__2R__S3102R07.jpg.npz,6,10,F06_T1,F10_T2,F06_T1_L,F10_T2_R,1,2,L,R,unrelated,0,0,1,True,0.4513995562382659,4,23436,,"S3061L02,S3102R07",filtered_from_final_matching_results
14062,144,191,10/2R/S3102R08.jpg,13/2L/S3132L04.jpg,data/features/daugman_strict_v3/gabor_codes/10__2R__S3102R08.jpg.npz,data/features/daugman_strict_v3/gabor_codes/13__2L__S3132L04.jpg.npz,10,13,F10_T2,F13_T2,F10_T2_R,F13_T2_L,2,2,R,L,unrelated,0,0,1,True,0.4392344870595572,0,25656,,"S3102R08,S3132L04",filtered_from_final_matching_results
14427,159,202,12/1L/S3121L01.jpg,14/1R/S3141R07.jpg,data/features/daugman_strict_v3/gabor_codes/12__1L__S3121L01.jpg.npz,data/features/daugman_strict_v3/gabor_codes/14__1R__S3141R07.jpg.npz,12,14,F12_T1,F14_T1,F12_T1_L,F14_T1_R,1,1,L,R,unrelated,0,0,1,True,0.420810461737165,-10,24776,,"S3121L01,S3141R07",filtered_from_final_matching_results
14617,36,111,03/2R/S3032R05.jpg,09/2R/S3092R06.jpg,data/features/daugman_strict_v3/gabor_codes/03__2R__S3032R05.jpg.npz,data/features/daugman_strict_v3/gabor_codes/09__2R__S3092R06.jpg.npz,3,9,F03_T2,F09_T2,F03_T2_R,F09_T2_R,2,2,R,R,unrelated,0,0,1,True,0.4528243601059135,16,22660,,"S3032R05,S3092R06",filtered_from_final_matching_results
14734,59,79,05/2R/S3052R01.jpg,07/2L/S3072L01.jpg,data/features/daugman_strict_v3/gabor_codes/05__2R__S3052R01.jpg.npz,data/features/daugman_strict_v3/gabor_codes/07__2L__S3072L01.jpg.npz,5,7,F05_T2,F07_T2,F05_T2_R,F07_T2_L,2,2,R,L,unrelated,0,0,1,True,0.4914318354912414,-4,26260,,"S3052R01,S3072L01",filtered_from_final_matching_results
14867,1,21,01/1L/S3011L07.jpg,02/1R/S3021R09.jpg,data/features/daugman_strict_v3/gabor_codes/01__1L__S3011L07.jpg.npz,data/features/daugman_strict_v3/gabor_codes/02__1R__S3021R09.jpg.npz,1,2,F01_T1,F02_T1,F01_T1_L,F02_T1_R,1,1,L,R,unrelated,0,0,1,True,0.4505141388174807,-10,21784,,"S3011L07,S3021R09",filtered_from_final_matching_results
14871,84,245,07/2L/S3072L06.jpg,18/2R/S3182R04.jpg,data/features/daugman_strict_v3/gabor_codes/07__2L__S3072L06.jpg.npz,data/features/daugman_strict_v3/gabor_codes/18__2R__S3182R04.jpg.npz,7,18,F07_T2,F18_T2,F07_T2_L,F18_T2_R,2,2,L,R,unrelated,0,0,1,True,0.4527654046028211,-14,21552,,"S3072L06,S3182R04",filtered_from_final_matching_results
14888,1,42,01/1L/S3011L07.jpg,04/1L/S3041L03.jpg,data/features/daugman_strict_v3/gabor_codes/01__1L__S3011L07.jpg.npz,data/features/daugman_strict_v3/gabor_codes/04__1L__S3041L03.jpg.npz,1,4,F01_T1,F04_T1,F01_T1_L,F04_T1_L,1,1,L,L,unrelated,0,0,1,True,0.4312574442742896,0,23508,,"S3011L07,S3041L03",filtered_from_final_matching_results
14890,1,44,01/1L/S3011L07.jpg,04/1L/S3041L05.jpg,data/features/daugman_strict_v3/gabor_codes/01__1L__S3011L07.jpg.npz,data/features/daugman_strict_v3/gabor_codes/04__1L__S3041L05.jpg.npz,1,4,F01_T1,F04_T1,F01_T1_L,F04_T1_L,1,1,L,L,unrelated,0,0,1,True,0.4273328223797662,-12,20876,,"S3011L07,S3041L05",filtered_from_final_matching_results
14893,1,47,01/1L/S3011L07.jpg,04/2L/S3042L08.jpg,data/features/daugman_strict_v3/gabor_codes/01__1L__S3011L07.jpg.npz,data/features/daugman_strict_v3/gabor_codes/04__2L__S3042L08.jpg.npz,1,4,F01_T1,F04_T2,F01_T1_L,F04_T2_L,1,2,L,L,unrelated,0,0,1,True,0.413641245972073,-6,18620,,"S3011L07,S3042L08",filtered_from_final_matching_results
14912,44,51,04/1L/S3041L05.jpg,05/1L/S3051L07.jpg,data/features/daugman_strict_v3/gabor_codes/04__1L__S3041L05.jpg.npz,data/features/daugman_strict_v3/gabor_codes/05__1L__S3051L07.jpg.npz,4,5,F04_T1,F05_T1,F04_T1_L,F05_T1_L,1,1,L,L,unrelated,0,0,1,True,0.4315360056757715,2,22552,,"S3041L05,S3051L07",filtered_from_final_matching_results
14917,75,180,06/2R/S3062R08.jpg,12/2R/S3122R01.jpg,data/features/daugman_strict_v3/gabor_codes/06__2R__S3062R08.jpg.npz,data/features/daugman_strict_v3/gabor_codes/12__2R__S3122R01.jpg.npz,6,12,F06_T2,F12_T2,F06_T2_R,F12_T2_R,2,2,R,R,unrelated,0,0,1,True,0.426991926991927,16,22792,,"S3062R08,S3122R01",filtered_from_final_matching_results
14939,35,202,03/2R/S3032R04.jpg,14/1R/S3141R07.jpg,data/features/daugman_strict_v3/gabor_codes/03__2R__S3032R04.jpg.npz,data/features/daugman_strict_v3/gabor_codes/14__1R__S3141R07.jpg.npz,3,14,F03_T2,F14_T1,F03_T2_R,F14_T1_R,2,1,R,R,unrelated,0,0,1,True,0.4468206770356816,4,26232,,"S3032R04,S3141R07",filtered_from_final_matching_results
14940,1,94,01/1L/S3011L07.jpg,08/2R/S3082R05.jpg,data/features/daugman_strict_v3/gabor_codes/01__1L__S3011L07.jpg.npz,data/features/daugman_strict_v3/gabor_codes/08__2R__S3082R05.jpg.npz,1,8,F01_T1,F08_T2,F01_T1_L,F08_T2_R,1,2,L,R,unrelated,0,0,1,True,0.4365526965103983,8,22696,,"S3011L07,S3082R05",filtered_from_final_matching_results
14981,1,135,01/1L/S3011L07.jpg,10/2L/S3102L09.jpg,data/features/daugman_strict_v3/gabor_codes/01__1L__S3011L07.jpg.npz,data/features/daugman_strict_v3/gabor_codes/10__2L__S3102L09.jpg.npz,1,10,F01_T1,F10_T2,F01_T1_L,F10_T2_L,1,2,L,L,unrelated,0,0,1,True,0.4354304635761589,-12,21140,,"S3011L07,S3102L09",filtered_from_final_matching_results
14999,1,153,01/1L/S3011L07.jpg,11/1R/S3111R05.jpg,data/features/daugman_strict_v3/gabor_codes/01__1L__S3011L07.jpg.npz,data/features/daugman_strict_v3/gabor_codes/11__1R__S3111R05.jpg.npz,1,11,F01_T1,F11_T1,F01_T1_L,F11_T1_R,1,1,L,R,unrelated,0,0,1,True,0.4294438669438669,0,23088,,"S3011L07,S3111R05",filtered_from_final_matching_results
15025,1,179,01/1L/S3011L07.jpg,12/2L/S3122L10.jpg,data/features/daugman_strict_v3/gabor_codes/01__1L__S3011L07.jpg.npz,data/features/daugman_strict_v3/gabor_codes/12__2L__S3122L10.jpg.npz,1,12,F01_T1,F12_T2,F01_T1_L,F12_T2_L,1,2,L,L,unrelated,0,0,1,True,0.4222861842105263,10,21888,,"S3011L07,S3122L10",filtered_from_final_matching_results
15036,98,145,09/2L/S3092L03.jpg,10/2R/S3102R09.jpg,data/features/daugman_strict_v3/gabor_codes/09__2L__S3092L03.jpg.npz,data/features/daugman_strict_v3/gabor_codes/10__2R__S3102R09.jpg.npz,9,10,F09_T2,F10_T2,F09_T2_L,F10_T2_R,2,2,L,R,unrelated,0,0,1,True,0.4726198134448375,4,24872,,"S3092L03,S3102R09",filtered_from_final_matching_results
15048,1,202,01/1L/S3011L07.jpg,14/1R/S3141R07.jpg,data/features/daugman_strict_v3/gabor_codes/01__1L__S3011L07.jpg.npz,data/features/daugman_strict_v3/gabor_codes/14__1R__S3141R07.jpg.npz,1,14,F01_T1,F14_T1,F01_T1_L,F14_T1_R,1,1,L,R,unrelated,0,0,1,True,0.4076735585812742,0,23796,,"S3011L07,S3141R07",filtered_from_final_matching_results
15068,1,222,01/1L/S3011L07.jpg,15/2R/S3152R02.jpg,data/features/daugman_strict_v3/gabor_codes/01__1L__S3011L07.jpg.npz,data/features/daugman_strict_v3/gabor_codes/15__2R__S3152R02.jpg.npz,1,15,F01_T1,F15_T2,F01_T1_L,F15_T2_R,1,2,L,R,unrelated,0,0,1,True,0.4512372013651877,-4,23440,,"S3011L07,S3152R02",filtered_from_final_matching_results
15085,1,239,01/1L/S3011L07.jpg,18/1R/S3181R04.jpg,data/features/daugman_strict_v3/gabor_codes/01__1L__S3011L07.jpg.npz,data/features/daugman_strict_v3/gabor_codes/18__1R__S3181R04.jpg.npz,1,18,F01_T1,F18_T1,F01_T1_L,F18_T1_R,1,1,L,R,unrelated,0,0,1,True,0.4262645249487354,0,23408,,"S3011L07,S3181R04",filtered_from_final_matching_results
15088,106,197,09/2R/S3092R01.jpg,13/2R/S3132R06.jpg,data/features/daugman_strict_v3/gabor_codes/09__2R__S3092R01.jpg.npz,data/features/daugman_strict_v3/gabor_codes/13__2R__S3132R06.jpg.npz,9,13,F09_T2,F13_T2,F09_T2_R,F13_T2_R,2,2,R,R,unrelated,0,0,1,True,0.4532803180914513,14,22132,,"S3092R01,S3132R06",filtered_from_final_matching_results
15155,196,235,13/2L/S3132L10.jpg,16/2R/S3162R10.jpg,data/features/daugman_strict_v3/gabor_codes/13__2L__S3132L10.jpg.npz,data/features/daugman_strict_v3/gabor_codes/16__2R__S3162R10.jpg.npz,13,16,F13_T2,F16_T2,F13_T2_L,F16_T2_R,2,2,L,R,unrelated,0,0,1,True,0.4045789305155299,-6,24984,,"S3132L10,S3162R10",filtered_from_final_matching_results
15163,149,189,11/1R/S3111R01.jpg,13/1R/S3131R07.jpg,data/features/daugman_strict_v3/gabor_codes/11__1R__S3111R01.jpg.npz,data/features/daugman_strict_v3/gabor_codes/13__1R__S3131R07.jpg.npz,11,13,F11_T1,F13_T1,F11_T1_R,F13_T1_R,1,1,R,R,unrelated,0,0,1,True,0.4292841305036427,-4,25256,,"S3111R01,S3131R07",filtered_from_final_matching_results
15172,188,210,13/1R/S3131R06.jpg,14/2R/S3142R09.jpg,data/features/daugman_strict_v3/gabor_codes/13__1R__S3131R06.jpg.npz,data/features/daugman_strict_v3/gabor_codes/14__2R__S3142R09.jpg.npz,13,14,F13_T1,F14_T2,F13_T1_R,F14_T2_R,1,2,R,R,unrelated,0,0,1,True,0.3921061853863676,14,22828,,"S3131R06,S3142R09",filtered_from_final_matching_results
15310,51,228,05/1L/S3051L07.jpg,16/2L/S3162L03.jpg,data/features/daugman_strict_v3/gabor_codes/05__1L__S3051L07.jpg.npz,data/features/daugman_strict_v3/gabor_codes/16__2L__S3162L03.jpg.npz,5,16,F05_T1,F16_T2,F05_T1_L,F16_T2_L,1,2,L,L,unrelated,0,0,1,True,0.3994593651900942,0,22936,,"S3051L07,S3162L03",filtered_from_final_matching_results
15322,154,204,11/1R/S3111R06.jpg,14/2L/S3142L02.jpg,data/features/daugman_strict_v3/gabor_codes/11__1R__S3111R06.jpg.npz,data/features/daugman_strict_v3/gabor_codes/14__2L__S3142L02.jpg.npz,11,14,F11_T1,F14_T2,F11_T1_R,F14_T2_L,1,2,R,L,unrelated,0,0,1,True,0.4700789793438639,2,26336,,"S3111R06,S3142L02",filtered_from_final_matching_results
15360,54,96,05/1R/S3051R01.jpg,09/2L/S3092L01.jpg,data/features/daugman_strict_v3/gabor_codes/05__1R__S3051R01.jpg.npz,data/features/daugman_strict_v3/gabor_codes/09__2L__S3092L01.jpg.npz,5,9,F05_T1,F09_T2,F05_T1_R,F09_T2_L,1,2,R,L,unrelated,0,0,1,True,0.4463192791567494,-10,23528,,"S3051R01,S3092L01",filtered_from_final_matching_results
15499,44,54,04/1L/S3041L05.jpg,05/1R/S3051R01.jpg,data/features/daugman_strict_v3/gabor_codes/04__1L__S3041L05.jpg.npz,data/features/daugman_strict_v3/gabor_codes/05__1R__S3051R01.jpg.npz,4,5,F04_T1,F05_T1,F04_T1_L,F05_T1_R,1,1,L,R,unrelated,0,0,1,True,0.4433338772845953,-10,24512,,"S3041L05,S3051R01",filtered_from_final_matching_results
15521,55,223,05/1R/S3051R03.jpg,15/2R/S3152R03.jpg,data/features/daugman_strict_v3/gabor_codes/05__1R__S3051R03.jpg.npz,data/features/daugman_strict_v3/gabor_codes/15__2R__S3152R03.jpg.npz,5,15,F05_T1,F15_T2,F05_T1_R,F15_T2_R,1,2,R,R,unrelated,0,0,1,True,0.4511429003935815,4,26424,,"S3051R03,S3152R03",filtered_from_final_matching_results
15649,136,179,10/2L/S3102L10.jpg,12/2L/S3122L10.jpg,data/features/daugman_strict_v3/gabor_codes/10__2L__S3102L10.jpg.npz,data/features/daugman_strict_v3/gabor_codes/12__2L__S3122L10.jpg.npz,10,12,F10_T2,F12_T2,F10_T2_L,F12_T2_L,2,2,L,L,unrelated,0,0,1,True,0.4472398190045248,14,22100,,"S3102L10,S3122L10",filtered_from_final_matching_results
15822,55,184,05/1R/S3051R03.jpg,13/1L/S3131L08.jpg,data/features/daugman_strict_v3/gabor_codes/05__1R__S3051R03.jpg.npz,data/features/daugman_strict_v3/gabor_codes/13__1L__S3131L08.jpg.npz,5,13,F05_T1,F13_T1,F05_T1_R,F13_T1_L,1,1,R,L,unrelated,0,0,1,True,0.4514313143655088,-16,22916,,"S3051R03,S3131L08",filtered_from_final_matching_results
16184,98,169,09/2L/S3092L03.jpg,12/1R/S3121R08.jpg,data/features/daugman_strict_v3/gabor_codes/09__2L__S3092L03.jpg.npz,data/features/daugman_strict_v3/gabor_codes/12__1R__S3121R08.jpg.npz,9,12,F09_T2,F12_T1,F09_T2_L,F12_T1_R,2,1,L,R,unrelated,0,0,1,True,0.4460829493087557,-8,26040,,"S3092L03,S3121R08",filtered_from_final_matching_results
16219,53,194,05/1L/S3051L10.jpg,13/2L/S3132L08.jpg,data/features/daugman_strict_v3/gabor_codes/05__1L__S3051L10.jpg.npz,data/features/daugman_strict_v3/gabor_codes/13__2L__S3132L08.jpg.npz,5,13,F05_T1,F13_T2,F05_T1_L,F13_T2_L,1,2,L,L,unrelated,0,0,1,True,0.4498374361356247,2,25836,,"S3051L10,S3132L08",filtered_from_final_matching_results
16325,2,21,01/1R/S3011R01.jpg,02/1R/S3021R09.jpg,data/features/daugman_strict_v3/gabor_codes/01__1R__S3011R01.jpg.npz,data/features/daugman_strict_v3/gabor_codes/02__1R__S3021R09.jpg.npz,1,2,F01_T1,F02_T1,F01_T1_R,F02_T1_R,1,1,R,R,unrelated,0,0,1,True,0.4440031152647975,2,25680,,"S3011R01,S3021R09",filtered_from_final_matching_results
16332,2,28,01/1R/S3011R01.jpg,03/2L/S3032L06.jpg,data/features/daugman_strict_v3/gabor_codes/01__1R__S3011R01.jpg.npz,data/features/daugman_strict_v3/gabor_codes/03__2L__S3032L06.jpg.npz,1,3,F01_T1,F03_T2,F01_T1_R,F03_T2_L,1,2,R,L,unrelated,0,0,1,True,0.429003683564287,-12,22804,,"S3011R01,S3032L06",filtered_from_final_matching_results
16373,2,69,01/1R/S3011R01.jpg,06/2L/S3062L05.jpg,data/features/daugman_strict_v3/gabor_codes/01__1R__S3011R01.jpg.npz,data/features/daugman_strict_v3/gabor_codes/06__2L__S3062L05.jpg.npz,1,6,F01_T1,F06_T2,F01_T1_R,F06_T2_L,1,2,R,L,unrelated,0,0,1,True,0.4528744939271255,-6,24700,,"S3011R01,S3062L05",filtered_from_final_matching_results
16415,2,111,01/1R/S3011R01.jpg,09/2R/S3092R06.jpg,data/features/daugman_strict_v3/gabor_codes/01__1R__S3011R01.jpg.npz,data/features/daugman_strict_v3/gabor_codes/09__2R__S3092R06.jpg.npz,1,9,F01_T1,F09_T2,F01_T1_R,F09_T2_R,1,2,R,R,unrelated,0,0,1,True,0.4580977718656468,-12,24056,,"S3011R01,S3092R06",filtered_from_final_matching_results
16417,71,161,06/2L/S3062L07.jpg,12/1L/S3121L03.jpg,data/features/daugman_strict_v3/gabor_codes/06__2L__S3062L07.jpg.npz,data/features/daugman_strict_v3/gabor_codes/12__1L__S3121L03.jpg.npz,6,12,F06_T2,F12_T1,F06_T2_L,F12_T1_L,2,1,L,L,unrelated,0,0,1,True,0.4015871854885898,-2,27344,,"S3062L07,S3121L03",filtered_from_final_matching_results
16423,2,119,01/1R/S3011R01.jpg,10/1L/S3101L10.jpg,data/features/daugman_strict_v3/gabor_codes/01__1R__S3011R01.jpg.npz,data/features/daugman_strict_v3/gabor_codes/10__1L__S3101L10.jpg.npz,1,10,F01_T1,F10_T1,F01_T1_R,F10_T1_L,1,1,R,L,unrelated,0,0,1,True,0.4226662352370167,-8,24724,,"S3011R01,S3101L10",filtered_from_final_matching_results
16427,2,123,01/1R/S3011R01.jpg,10/1R/S3101R04.jpg,data/features/daugman_strict_v3/gabor_codes/01__1R__S3011R01.jpg.npz,data/features/daugman_strict_v3/gabor_codes/10__1R__S3101R04.jpg.npz,1,10,F01_T1,F10_T1,F01_T1_R,F10_T1_R,1,1,R,R,unrelated,0,0,1,True,0.4194831767202182,0,26392,,"S3011R01,S3101R04",filtered_from_final_matching_results
16438,50,217,05/1L/S3051L06.jpg,15/1L/S3151L06.jpg,data/features/daugman_strict_v3/gabor_codes/05__1L__S3051L06.jpg.npz,data/features/daugman_strict_v3/gabor_codes/15__1L__S3151L06.jpg.npz,5,15,F05_T1,F15_T1,F05_T1_L,F15_T1_L,1,1,L,L,unrelated,0,0,1,True,0.4282882011605415,14,20680,,"S3051L06,S3151L06",filtered_from_final_matching_results
16462,2,158,01/1R/S3011R01.jpg,11/2L/S3112L10.jpg,data/features/daugman_strict_v3/gabor_codes/01__1R__S3011R01.jpg.npz,data/features/daugman_strict_v3/gabor_codes/11__2L__S3112L10.jpg.npz,1,11,F01_T1,F11_T2,F01_T1_R,F11_T2_L,1,2,R,L,unrelated,0,0,1,True,0.4279725609756097,0,26240,,"S3011R01,S3112L10",filtered_from_final_matching_results
16482,109,245,09/2R/S3092R04.jpg,18/2R/S3182R04.jpg,data/features/daugman_strict_v3/gabor_codes/09__2R__S3092R04.jpg.npz,data/features/daugman_strict_v3/gabor_codes/18__2R__S3182R04.jpg.npz,9,18,F09_T2,F18_T2,F09_T2_R,F18_T2_R,2,2,R,R,unrelated,0,0,1,True,0.4488011167679422,4,24356,,"S3092R04,S3182R04",filtered_from_final_matching_results
16503,2,199,01/1R/S3011R01.jpg,14/1L/S3141L03.jpg,data/features/daugman_strict_v3/gabor_codes/01__1R__S3011R01.jpg.npz,data/features/daugman_strict_v3/gabor_codes/14__1L__S3141L03.jpg.npz,1,14,F01_T1,F14_T1,F01_T1_R,F14_T1_L,1,1,R,L,unrelated,0,0,1,True,0.4308563812062645,10,24008,,"S3011R01,S3141L03",filtered_from_final_matching_results
16514,2,210,01/1R/S3011R01.jpg,14/2R/S3142R09.jpg,data/features/daugman_strict_v3/gabor_codes/01__1R__S3011R01.jpg.npz,data/features/daugman_strict_v3/gabor_codes/14__2R__S3142R09.jpg.npz,1,14,F01_T1,F14_T2,F01_T1_R,F14_T2_R,1,2,R,R,unrelated,0,0,1,True,0.4247768984677555,6,23756,,"S3011R01,S3142R09",filtered_from_final_matching_results
16529,2,225,01/1R/S3011R01.jpg,15/2R/S3152R07.jpg,data/features/daugman_strict_v3/gabor_codes/01__1R__S3011R01.jpg.npz,data/features/daugman_strict_v3/gabor_codes/15__2R__S3152R07.jpg.npz,1,15,F01_T1,F15_T2,F01_T1_R,F15_T2_R,1,2,R,R,unrelated,0,0,1,True,0.4189536878216123,6,25652,,"S3011R01,S3152R07",filtered_from_final_matching_results
16571,58,106,05/2L/S3052L03.jpg,09/2R/S3092R01.jpg,data/features/daugman_strict_v3/gabor_codes/05__2L__S3052L03.jpg.npz,data/features/daugman_strict_v3/gabor_codes/09__2R__S3092R01.jpg.npz,5,9,F05_T2,F09_T2,F05_T2_L,F09_T2_R,2,2,L,R,unrelated,0,0,1,True,0.4442552819975554,-16,22908,,"S3052L03,S3092R01",filtered_from_final_matching_results
16593,224,227,15/2R/S3152R04.jpg,16/2L/S3162L02.jpg,data/features/daugman_strict_v3/gabor_codes/15__2R__S3152R04.jpg.npz,data/features/daugman_strict_v3/gabor_codes/16__2L__S3162L02.jpg.npz,15,16,F15_T2,F16_T2,F15_T2_R,F16_T2_L,2,2,R,L,unrelated,0,0,1,True,0.4245506149479659,16,25368,,"S3152R04,S3162L02",filtered_from_final_matching_results
16703,46,79,04/1R/S3041R01.jpg,07/2L/S3072L01.jpg,data/features/daugman_strict_v3/gabor_codes/04__1R__S3041R01.jpg.npz,data/features/daugman_strict_v3/gabor_codes/07__2L__S3072L01.jpg.npz,4,7,F04_T1,F07_T2,F04_T1_R,F07_T2_L,1,2,R,L,unrelated,0,0,1,True,0.4089211947886876,0,25176,,"S3041R01,S3072L01",filtered_from_final_matching_results
16854,57,93,05/2L/S3052L02.jpg,08/2R/S3082R04.jpg,data/features/daugman_strict_v3/gabor_codes/05__2L__S3052L02.jpg.npz,data/features/daugman_strict_v3/gabor_codes/08__2R__S3082R04.jpg.npz,5,8,F05_T2,F08_T2,F05_T2_L,F08_T2_R,2,2,L,R,unrelated,0,0,1,True,0.4211718188353702,0,27820,,"S3052L02,S3082R04",filtered_from_final_matching_results
16926,64,245,06/1R/S3061R07.jpg,18/2R/S3182R04.jpg,data/features/daugman_strict_v3/gabor_codes/06__1R__S3061R07.jpg.npz,data/features/daugman_strict_v3/gabor_codes/18__2R__S3182R04.jpg.npz,6,18,F06_T1,F18_T2,F06_T1_R,F18_T2_R,1,2,R,R,unrelated,0,0,1,True,0.456517047906776,16,18536,,"S3061R07,S3182R04",filtered_from_final_matching_results
17138,118,158,10/1L/S3101L09.jpg,11/2L/S3112L10.jpg,data/features/daugman_strict_v3/gabor_codes/10__1L__S3101L09.jpg.npz,data/features/daugman_strict_v3/gabor_codes/11__2L__S3112L10.jpg.npz,10,11,F10_T1,F11_T2,F10_T1_L,F11_T2_L,1,2,L,L,unrelated,0,0,1,True,0.4374350601157785,0,26948,,"S3101L09,S3112L10",filtered_from_final_matching_results
17204,113,234,10/1L/S3101L02.jpg,16/2R/S3162R09.jpg,data/features/daugman_strict_v3/gabor_codes/10__1L__S3101L02.jpg.npz,data/features/daugman_strict_v3/gabor_codes/16__2R__S3162R09.jpg.npz,10,16,F10_T1,F16_T2,F10_T1_L,F16_T2_R,1,2,L,R,unrelated,0,0,1,True,0.459288402326377,6,23384,,"S3101L02,S3162R09",filtered_from_final_matching_results
17238,37,170,03/2R/S3032R06.jpg,12/2L/S3122L01.jpg,data/features/daugman_strict_v3/gabor_codes/03__2R__S3032R06.jpg.npz,data/features/daugman_strict_v3/gabor_codes/12__2L__S3122L01.jpg.npz,3,12,F03_T2,F12_T2,F03_T2_R,F12_T2_L,2,2,R,L,unrelated,0,0,1,True,0.4424915884540464,14,22588,,"S3032R06,S3122L01",filtered_from_final_matching_results
17255,46,145,04/1R/S3041R01.jpg,10/2R/S3102R09.jpg,data/features/daugman_strict_v3/gabor_codes/04__1R__S3041R01.jpg.npz,data/features/daugman_strict_v3/gabor_codes/10__2R__S3102R09.jpg.npz,4,10,F04_T1,F10_T2,F04_T1_R,F10_T2_R,1,2,R,R,unrelated,0,0,1,True,0.4287186533837169,-10,23288,,"S3041R01,S3102R09",filtered_from_final_matching_results
17335,76,153,06/2R/S3062R09.jpg,11/1R/S3111R05.jpg,data/features/daugman_strict_v3/gabor_codes/06__2R__S3062R09.jpg.npz,data/features/daugman_strict_v3/gabor_codes/11__1R__S3111R05.jpg.npz,6,11,F06_T2,F11_T1,F06_T2_R,F11_T1_R,2,1,R,R,unrelated,0,0,1,True,0.4349830925299723,4,26024,,"S3062R09,S3111R05",filtered_from_final_matching_results
17336,63,176,06/1R/S3061R04.jpg,12/2L/S3122L07.jpg,data/features/daugman_strict_v3/gabor_codes/06__1R__S3061R04.jpg.npz,data/features/daugman_strict_v3/gabor_codes/12__2L__S3122L07.jpg.npz,6,12,F06_T1,F12_T2,F06_T1_R,F12_T2_L,1,2,R,L,unrelated,0,0,1,True,0.4510005130836326,12,23388,,"S3061R04,S3122L07",filtered_from_final_matching_results
17387,59,184,05/2R/S3052R01.jpg,13/1L/S3131L08.jpg,data/features/daugman_strict_v3/gabor_codes/05__2R__S3052R01.jpg.npz,data/features/daugman_strict_v3/gabor_codes/13__1L__S3131L08.jpg.npz,5,13,F05_T2,F13_T1,F05_T2_R,F13_T1_L,2,1,R,L,unrelated,0,0,1,True,0.4913986237798047,2,24996,,"S3052R01,S3131L08",filtered_from_final_matching_results
17523,176,209,12/2L/S3122L07.jpg,14/2R/S3142R08.jpg,data/features/daugman_strict_v3/gabor_codes/12__2L__S3122L07.jpg.npz,data/features/daugman_strict_v3/gabor_codes/14__2R__S3142R08.jpg.npz,12,14,F12_T2,F14_T2,F12_T2_L,F14_T2_R,2,2,L,R,unrelated,0,0,1,True,0.4252767527675277,6,24932,,"S3122L07,S3142R08",filtered_from_final_matching_results
17564,44,73,04/1L/S3041L05.jpg,06/2R/S3062R02.jpg,data/features/daugman_strict_v3/gabor_codes/04__1L__S3041L05.jpg.npz,data/features/daugman_strict_v3/gabor_codes/06__2R__S3062R02.jpg.npz,4,6,F04_T1,F06_T2,F04_T1_L,F06_T2_R,1,2,L,R,unrelated,0,0,1,True,0.4274865262126409,2,24492,,"S3041L05,S3062R02",filtered_from_final_matching_results
17679,56,220,05/2L/S3052L01.jpg,15/1R/S3151R02.jpg,data/features/daugman_strict_v3/gabor_codes/05__2L__S3052L01.jpg.npz,data/features/daugman_strict_v3/gabor_codes/15__1R__S3151R02.jpg.npz,5,15,F05_T2,F15_T1,F05_T2_L,F15_T1_R,2,1,L,R,unrelated,0,0,1,True,0.45924,14,25000,,"S3052L01,S3151R02",filtered_from_final_matching_results
17706,154,185,11/1R/S3111R06.jpg,13/1L/S3131L10.jpg,data/features/daugman_strict_v3/gabor_codes/11__1R__S3111R06.jpg.npz,data/features/daugman_strict_v3/gabor_codes/13__1L__S3131L10.jpg.npz,11,13,F11_T1,F13_T1,F11_T1_R,F13_T1_L,1,1,R,L,unrelated,0,0,1,True,0.4531920600858369,-8,22368,,"S3111R06,S3131L10",filtered_from_final_matching_results
17756,99,121,09/2L/S3092L04.jpg,10/1R/S3101R02.jpg,data/features/daugman_strict_v3/gabor_codes/09__2L__S3092L04.jpg.npz,data/features/daugman_strict_v3/gabor_codes/10__1R__S3101R02.jpg.npz,9,10,F09_T2,F10_T1,F09_T2_L,F10_T1_R,2,1,L,R,unrelated,0,0,1,True,0.4687656380316931,8,23980,,"S3092L04,S3101R02",filtered_from_final_matching_results
17785,3,23,01/1R/S3011R02.jpg,02/2R/S3022R01.jpg,data/features/daugman_strict_v3/gabor_codes/01__1R__S3011R02.jpg.npz,data/features/daugman_strict_v3/gabor_codes/02__2R__S3022R01.jpg.npz,1,2,F01_T1,F02_T2,F01_T1_R,F02_T2_R,1,2,R,R,unrelated,0,0,1,True,0.4551282051282051,-8,23088,,"S3011R02,S3022R01",filtered_from_final_matching_results
17800,3,38,01/1R/S3011R02.jpg,03/2R/S3032R07.jpg,data/features/daugman_strict_v3/gabor_codes/01__1R__S3011R02.jpg.npz,data/features/daugman_strict_v3/gabor_codes/03__2R__S3032R07.jpg.npz,1,3,F01_T1,F03_T2,F01_T1_R,F03_T2_R,1,2,R,R,unrelated,0,0,1,True,0.506760757994473,-16,20264,,"S3011R02,S3032R07",filtered_from_final_matching_results
17832,3,70,01/1R/S3011R02.jpg,06/2L/S3062L06.jpg,data/features/daugman_strict_v3/gabor_codes/01__1R__S3011R02.jpg.npz,data/features/daugman_strict_v3/gabor_codes/06__2L__S3062L06.jpg.npz,1,6,F01_T1,F06_T2,F01_T1_R,F06_T2_L,1,2,R,L,unrelated,0,0,1,True,0.4620725568477695,-10,23044,,"S3011R02,S3062L06",filtered_from_final_matching_results
17883,3,121,01/1R/S3011R02.jpg,10/1R/S3101R02.jpg,data/features/daugman_strict_v3/gabor_codes/01__1R__S3011R02.jpg.npz,data/features/daugman_strict_v3/gabor_codes/10__1R__S3101R02.jpg.npz,1,10,F01_T1,F10_T1,F01_T1_R,F10_T1_R,1,1,R,R,unrelated,0,0,1,True,0.4702695062193743,-16,21224,,"S3011R02,S3101R02",filtered_from_final_matching_results
17909,3,147,01/1R/S3011R02.jpg,11/1L/S3111L01.jpg,data/features/daugman_strict_v3/gabor_codes/01__1R__S3011R02.jpg.npz,data/features/daugman_strict_v3/gabor_codes/11__1L__S3111L01.jpg.npz,1,11,F01_T1,F11_T1,F01_T1_R,F11_T1_L,1,1,R,L,unrelated,0,0,1,True,0.438110459953827,-14,22524,,"S3011R02,S3111L01",filtered_from_final_matching_results
17938,180,234,12/2R/S3122R01.jpg,16/2R/S3162R09.jpg,data/features/daugman_strict_v3/gabor_codes/12__2R__S3122R01.jpg.npz,data/features/daugman_strict_v3/gabor_codes/16__2R__S3162R09.jpg.npz,12,16,F12_T2,F16_T2,F12_T2_R,F16_T2_R,2,2,R,R,unrelated,0,0,1,True,0.4216680637049455,-12,23860,,"S3122R01,S3162R09",filtered_from_final_matching_results
17945,3,183,01/1R/S3011R02.jpg,12/2R/S3122R04.jpg,data/features/daugman_strict_v3/gabor_codes/01__1R__S3011R02.jpg.npz,data/features/daugman_strict_v3/gabor_codes/12__2R__S3122R04.jpg.npz,1,12,F01_T1,F12_T2,F01_T1_R,F12_T2_R,1,2,R,R,unrelated,0,0,1,True,0.4091022236973116,-2,24104,,"S3011R02,S3122R04",filtered_from_final_matching_results
17957,3,195,01/1R/S3011R02.jpg,13/2L/S3132L09.jpg,data/features/daugman_strict_v3/gabor_codes/01__1R__S3011R02.jpg.npz,data/features/daugman_strict_v3/gabor_codes/13__2L__S3132L09.jpg.npz,1,13,F01_T1,F13_T2,F01_T1_R,F13_T2_L,1,2,R,L,unrelated,0,0,1,True,0.4441068672839506,-16,20736,,"S3011R02,S3132L09",filtered_from_final_matching_results
17985,3,223,01/1R/S3011R02.jpg,15/2R/S3152R03.jpg,data/features/daugman_strict_v3/gabor_codes/01__1R__S3011R02.jpg.npz,data/features/daugman_strict_v3/gabor_codes/15__2R__S3152R03.jpg.npz,1,15,F01_T1,F15_T2,F01_T1_R,F15_T2_R,1,2,R,R,unrelated,0,0,1,True,0.4586480014735679,-16,21716,,"S3011R02,S3152R03",filtered_from_final_matching_results
18005,71,227,06/2L/S3062L07.jpg,16/2L/S3162L02.jpg,data/features/daugman_strict_v3/gabor_codes/06__2L__S3062L07.jpg.npz,data/features/daugman_strict_v3/gabor_codes/16__2L__S3162L02.jpg.npz,6,16,F06_T2,F16_T2,F06_T2_L,F16_T2_L,2,2,L,L,unrelated,0,0,1,True,0.4236044657097289,-10,25080,,"S3062L07,S3162L02",filtered_from_final_matching_results
18145,169,197,12/1R/S3121R08.jpg,13/2R/S3132R06.jpg,data/features/daugman_strict_v3/gabor_codes/12__1R__S3121R08.jpg.npz,data/features/daugman_strict_v3/gabor_codes/13__2R__S3132R06.jpg.npz,12,13,F12_T1,F13_T2,F12_T1_R,F13_T2_R,1,2,R,R,unrelated,0,0,1,True,0.4219713381103149,-10,24004,,"S3121R08,S3132R06",filtered_from_final_matching_results
18182,64,94,06/1R/S3061R07.jpg,08/2R/S3082R05.jpg,data/features/daugman_strict_v3/gabor_codes/06__1R__S3061R07.jpg.npz,data/features/daugman_strict_v3/gabor_codes/08__2R__S3082R05.jpg.npz,6,8,F06_T1,F08_T2,F06_T1_R,F08_T2_R,1,2,R,R,unrelated,0,0,1,True,0.4312745600546728,-2,23412,,"S3061R07,S3082R05",filtered_from_final_matching_results
18303,159,221,12/1L/S3121L01.jpg,15/1R/S3151R03.jpg,data/features/daugman_strict_v3/gabor_codes/12__1L__S3121L01.jpg.npz,data/features/daugman_strict_v3/gabor_codes/15__1R__S3151R03.jpg.npz,12,15,F12_T1,F15_T1,F12_T1_L,F15_T1_R,1,1,L,R,unrelated,0,0,1,True,0.4415637553935426,4,26884,,"S3121L01,S3151R03",filtered_from_final_matching_results
18314,185,232,13/1L/S3131L10.jpg,16/2R/S3162R07.jpg,data/features/daugman_strict_v3/gabor_codes/13__1L__S3131L10.jpg.npz,data/features/daugman_strict_v3/gabor_codes/16__2R__S3162R07.jpg.npz,13,16,F13_T1,F16_T2,F13_T1_L,F16_T2_R,1,2,L,R,unrelated,0,0,1,True,0.4648582600195503,-16,20460,,"S3131L10,S3162R07",filtered_from_final_matching_results
18338,211,234,14/2R/S3142R10.jpg,16/2R/S3162R09.jpg,data/features/daugman_strict_v3/gabor_codes/14__2R__S3142R10.jpg.npz,data/features/daugman_strict_v3/gabor_codes/16__2R__S3162R09.jpg.npz,14,16,F14_T2,F16_T2,F14_T2_R,F16_T2_R,2,2,R,R,unrelated,0,0,1,True,0.4107142857142857,14,21336,,"S3142R10,S3162R09",filtered_from_final_matching_results
18401,107,187,09/2R/S3092R02.jpg,13/1R/S3131R05.jpg,data/features/daugman_strict_v3/gabor_codes/09__2R__S3092R02.jpg.npz,data/features/daugman_strict_v3/gabor_codes/13__1R__S3131R05.jpg.npz,9,13,F09_T2,F13_T1,F09_T2_R,F13_T1_R,2,1,R,R,unrelated,0,0,1,True,0.4090447154471545,4,25584,,"S3092R02,S3131R05",filtered_from_final_matching_results
18427,55,246,05/1R/S3051R03.jpg,18/2R/S3182R05.jpg,data/features/daugman_strict_v3/gabor_codes/05__1R__S3051R03.jpg.npz,data/features/daugman_strict_v3/gabor_codes/18__2R__S3182R05.jpg.npz,5,18,F05_T1,F18_T2,F05_T1_R,F18_T2_R,1,2,R,R,unrelated,0,0,1,True,0.4616740449253976,-2,24396,,"S3051R03,S3182R05",filtered_from_final_matching_results
18504,138,224,10/2R/S3102R02.jpg,15/2R/S3152R04.jpg,data/features/daugman_strict_v3/gabor_codes/10__2R__S3102R02.jpg.npz,data/features/daugman_strict_v3/gabor_codes/15__2R__S3152R04.jpg.npz,10,15,F10_T2,F15_T2,F10_T2_R,F15_T2_R,2,2,R,R,unrelated,0,0,1,True,0.4599578503688092,0,26572,,"S3102R02,S3152R04",filtered_from_final_matching_results
18561,207,240,14/2L/S3142L07.jpg,18/1R/S3181R05.jpg,data/features/daugman_strict_v3/gabor_codes/14__2L__S3142L07.jpg.npz,data/features/daugman_strict_v3/gabor_codes/18__1R__S3181R05.jpg.npz,14,18,F14_T2,F18_T1,F14_T2_L,F18_T1_R,2,1,L,R,unrelated,0,0,1,True,0.4694871794871795,-2,23400,,"S3142L07,S3181R05",filtered_from_final_matching_results
18590,93,225,08/2R/S3082R04.jpg,15/2R/S3152R07.jpg,data/features/daugman_strict_v3/gabor_codes/08__2R__S3082R04.jpg.npz,data/features/daugman_strict_v3/gabor_codes/15__2R__S3152R07.jpg.npz,8,15,F08_T2,F15_T2,F08_T2_R,F15_T2_R,2,2,R,R,unrelated,0,0,1,True,0.4122418879056047,16,24408,,"S3082R04,S3152R07",filtered_from_final_matching_results
18804,159,207,12/1L/S3121L01.jpg,14/2L/S3142L07.jpg,data/features/daugman_strict_v3/gabor_codes/12__1L__S3121L01.jpg.npz,data/features/daugman_strict_v3/gabor_codes/14__2L__S3142L07.jpg.npz,12,14,F12_T1,F14_T2,F12_T1_L,F14_T2_L,1,2,L,L,unrelated,0,0,1,True,0.4685933989977536,-16,23148,,"S3121L01,S3142L07",filtered_from_final_matching_results
18805,60,147,06/1L/S3061L02.jpg,11/1L/S3111L01.jpg,data/features/daugman_strict_v3/gabor_codes/06__1L__S3061L02.jpg.npz,data/features/daugman_strict_v3/gabor_codes/11__1L__S3111L01.jpg.npz,6,11,F06_T1,F11_T1,F06_T1_L,F11_T1_L,1,1,L,L,unrelated,0,0,1,True,0.4648673801768264,-2,25788,,"S3061L02,S3111L01",filtered_from_final_matching_results
18865,229,240,16/2L/S3162L04.jpg,18/1R/S3181R05.jpg,data/features/daugman_strict_v3/gabor_codes/16__2L__S3162L04.jpg.npz,data/features/daugman_strict_v3/gabor_codes/18__1R__S3181R05.jpg.npz,16,18,F16_T2,F18_T1,F16_T2_L,F18_T1_R,2,1,L,R,unrelated,0,0,1,True,0.4839364844903988,12,21664,,"S3162L04,S3181R05",filtered_from_final_matching_results
18897,55,211,05/1R/S3051R03.jpg,14/2R/S3142R10.jpg,data/features/daugman_strict_v3/gabor_codes/05__1R__S3051R03.jpg.npz,data/features/daugman_strict_v3/gabor_codes/14__2R__S3142R10.jpg.npz,5,14,F05_T1,F14_T2,F05_T1_R,F14_T2_R,1,2,R,R,unrelated,0,0,1,True,0.4442243920412675,-16,21712,,"S3051R03,S3142R10",filtered_from_final_matching_results
18915,36,239,03/2R/S3032R05.jpg,18/1R/S3181R04.jpg,data/features/daugman_strict_v3/gabor_codes/03__2R__S3032R05.jpg.npz,data/features/daugman_strict_v3/gabor_codes/18__1R__S3181R04.jpg.npz,3,18,F03_T2,F18_T1,F03_T2_R,F18_T1_R,2,1,R,R,unrelated,0,0,1,True,0.5056557087310004,4,22632,,"S3032R05,S3181R04",filtered_from_final_matching_results
18954,50,96,05/1L/S3051L06.jpg,09/2L/S3092L01.jpg,data/features/daugman_strict_v3/gabor_codes/05__1L__S3051L06.jpg.npz,data/features/daugman_strict_v3/gabor_codes/09__2L__S3092L01.jpg.npz,5,9,F05_T1,F09_T2,F05_T1_L,F09_T2_L,1,2,L,L,unrelated,0,0,1,True,0.4486739171913756,4,20964,,"S3051L06,S3092L01",filtered_from_final_matching_results
19107,73,135,06/2R/S3062R02.jpg,10/2L/S3102L09.jpg,data/features/daugman_strict_v3/gabor_codes/06__2R__S3062R02.jpg.npz,data/features/daugman_strict_v3/gabor_codes/10__2L__S3102L09.jpg.npz,6,10,F06_T2,F10_T2,F06_T2_R,F10_T2_L,2,2,R,L,unrelated,0,0,1,True,0.4631867176634214,16,23008,,"S3062R02,S3102L09",filtered_from_final_matching_results
19174,98,126,09/2L/S3092L03.jpg,10/1R/S3101R07.jpg,data/features/daugman_strict_v3/gabor_codes/09__2L__S3092L03.jpg.npz,data/features/daugman_strict_v3/gabor_codes/10__1R__S3101R07.jpg.npz,9,10,F09_T2,F10_T1,F09_T2_L,F10_T1_R,2,1,L,R,unrelated,0,0,1,True,0.4439444783404515,0,26224,,"S3092L03,S3101R07",filtered_from_final_matching_results
19233,4,13,01/2L/S3012L02.jpg,02/1R/S3021R01.jpg,data/features/daugman_strict_v3/gabor_codes/01__2L__S3012L02.jpg.npz,data/features/daugman_strict_v3/gabor_codes/02__1R__S3021R01.jpg.npz,1,2,F01_T2,F02_T1,F01_T2_L,F02_T1_R,2,1,L,R,unrelated,0,0,1,True,0.4396535222052067,-10,20896,,"S3012L02,S3021R01",filtered_from_final_matching_results
19238,4,18,01/2L/S3012L02.jpg,02/1R/S3021R06.jpg,data/features/daugman_strict_v3/gabor_codes/01__2L__S3012L02.jpg.npz,data/features/daugman_strict_v3/gabor_codes/02__1R__S3021R06.jpg.npz,1,2,F01_T2,F02_T1,F01_T2_L,F02_T1_R,2,1,L,R,unrelated,0,0,1,True,0.4494296577946768,14,21040,,"S3012L02,S3021R06",filtered_from_final_matching_results
19239,4,19,01/2L/S3012L02.jpg,02/1R/S3021R07.jpg,data/features/daugman_strict_v3/gabor_codes/01__2L__S3012L02.jpg.npz,data/features/daugman_strict_v3/gabor_codes/02__1R__S3021R07.jpg.npz,1,2,F01_T2,F02_T1,F01_T2_L,F02_T1_R,2,1,L,R,unrelated,0,0,1,True,0.4404104183109708,16,20272,,"S3012L02,S3021R07",filtered_from_final_matching_results
19248,4,28,01/2L/S3012L02.jpg,03/2L/S3032L06.jpg,data/features/daugman_strict_v3/gabor_codes/01__2L__S3012L02.jpg.npz,data/features/daugman_strict_v3/gabor_codes/03__2L__S3032L06.jpg.npz,1,3,F01_T2,F03_T2,F01_T2_L,F03_T2_L,2,2,L,L,unrelated,0,0,1,True,0.4782872147041002,14,19804,,"S3012L02,S3032L06",filtered_from_final_matching_results
19269,4,49,01/2L/S3012L02.jpg,04/2R/S3042R08.jpg,data/features/daugman_strict_v3/gabor_codes/01__2L__S3012L02.jpg.npz,data/features/daugman_strict_v3/gabor_codes/04__2R__S3042R08.jpg.npz,1,4,F01_T2,F04_T2,F01_T2_L,F04_T2_R,2,2,L,R,unrelated,0,0,1,True,0.4244096012388695,-2,20664,,"S3012L02,S3042R08",filtered_from_final_matching_results
19307,57,122,05/2L/S3052L02.jpg,10/1R/S3101R03.jpg,data/features/daugman_strict_v3/gabor_codes/05__2L__S3052L02.jpg.npz,data/features/daugman_strict_v3/gabor_codes/10__1R__S3101R03.jpg.npz,5,10,F05_T2,F10_T1,F05_T2_L,F10_T1_R,2,1,L,R,unrelated,0,0,1,True,0.4413664417970432,0,27868,,"S3052L02,S3101R03",filtered_from_final_matching_results
19315,4,95,01/2L/S3012L02.jpg,08/2R/S3082R06.jpg,data/features/daugman_strict_v3/gabor_codes/01__2L__S3012L02.jpg.npz,data/features/daugman_strict_v3/gabor_codes/08__2R__S3082R06.jpg.npz,1,8,F01_T2,F08_T2,F01_T2_L,F08_T2_R,2,2,L,R,unrelated,0,0,1,True,0.4143175735950045,-6,22420,,"S3012L02,S3082R06",filtered_from_final_matching_results
19341,4,121,01/2L/S3012L02.jpg,10/1R/S3101R02.jpg,data/features/daugman_strict_v3/gabor_codes/01__2L__S3012L02.jpg.npz,data/features/daugman_strict_v3/gabor_codes/10__1R__S3101R02.jpg.npz,1,10,F01_T2,F10_T1,F01_T2_L,F10_T1_R,2,1,L,R,unrelated,0,0,1,True,0.4716322234978951,12,20904,,"S3012L02,S3101R02",filtered_from_final_matching_results
19342,4,122,01/2L/S3012L02.jpg,10/1R/S3101R03.jpg,data/features/daugman_strict_v3/gabor_codes/01__2L__S3012L02.jpg.npz,data/features/daugman_strict_v3/gabor_codes/10__1R__S3101R03.jpg.npz,1,10,F01_T2,F10_T1,F01_T2_L,F10_T1_R,2,1,L,R,unrelated,0,0,1,True,0.4790240563270095,14,20452,,"S3012L02,S3101R03",filtered_from_final_matching_results
19370,4,150,01/2L/S3012L02.jpg,11/1R/S3111R02.jpg,data/features/daugman_strict_v3/gabor_codes/01__2L__S3012L02.jpg.npz,data/features/daugman_strict_v3/gabor_codes/11__1R__S3111R02.jpg.npz,1,11,F01_T2,F11_T1,F01_T2_L,F11_T1_R,2,1,L,R,unrelated,0,0,1,True,0.4646619841966637,-2,22780,,"S3012L02,S3111R02",filtered_from_final_matching_results
19394,4,174,01/2L/S3012L02.jpg,12/2L/S3122L05.jpg,data/features/daugman_strict_v3/gabor_codes/01__2L__S3012L02.jpg.npz,data/features/daugman_strict_v3/gabor_codes/12__2L__S3122L05.jpg.npz,1,12,F01_T2,F12_T2,F01_T2_L,F12_T2_L,2,2,L,L,unrelated,0,0,1,True,0.4649709302325581,12,20640,,"S3012L02,S3122L05",filtered_from_final_matching_results
19399,67,111,06/2L/S3062L03.jpg,09/2R/S3092R06.jpg,data/features/daugman_strict_v3/gabor_codes/06__2L__S3062L03.jpg.npz,data/features/daugman_strict_v3/gabor_codes/09__2R__S3092R06.jpg.npz,6,9,F06_T2,F09_T2,F06_T2_L,F09_T2_R,2,2,L,R,unrelated,0,0,1,True,0.4697643763387708,-14,24276,,"S3062L03,S3092R06",filtered_from_final_matching_results
19404,4,184,01/2L/S3012L02.jpg,13/1L/S3131L08.jpg,data/features/daugman_strict_v3/gabor_codes/01__2L__S3012L02.jpg.npz,data/features/daugman_strict_v3/gabor_codes/13__1L__S3131L08.jpg.npz,1,13,F01_T2,F13_T1,F01_T2_L,F13_T1_L,2,1,L,L,unrelated,0,0,1,True,0.4164526622153741,2,23364,,"S3012L02,S3131L08",filtered_from_final_matching_results
19420,98,149,09/2L/S3092L03.jpg,11/1R/S3111R01.jpg,data/features/daugman_strict_v3/gabor_codes/09__2L__S3092L03.jpg.npz,data/features/daugman_strict_v3/gabor_codes/11__1R__S3111R01.jpg.npz,9,11,F09_T2,F11_T1,F09_T2_L,F11_T1_R,2,1,L,R,unrelated,0,0,1,True,0.4840015420200462,0,25940,,"S3092L03,S3111R01",filtered_from_final_matching_results
19421,4,201,01/2L/S3012L02.jpg,14/1R/S3141R06.jpg,data/features/daugman_strict_v3/gabor_codes/01__2L__S3012L02.jpg.npz,data/features/daugman_strict_v3/gabor_codes/14__1R__S3141R06.jpg.npz,1,14,F01_T2,F14_T1,F01_T2_L,F14_T1_R,2,1,L,R,unrelated,0,0,1,True,0.4194255547602004,6,22352,,"S3012L02,S3141R06",filtered_from_final_matching_results
19422,4,202,01/2L/S3012L02.jpg,14/1R/S3141R07.jpg,data/features/daugman_strict_v3/gabor_codes/01__2L__S3012L02.jpg.npz,data/features/daugman_strict_v3/gabor_codes/14__1R__S3141R07.jpg.npz,1,14,F01_T2,F14_T1,F01_T2_L,F14_T1_R,2,1,L,R,unrelated,0,0,1,True,0.4078011180755548,0,23612,,"S3012L02,S3141R07",filtered_from_final_matching_results
19439,4,219,01/2L/S3012L02.jpg,15/1R/S3151R01.jpg,data/features/daugman_strict_v3/gabor_codes/01__2L__S3012L02.jpg.npz,data/features/daugman_strict_v3/gabor_codes/15__1R__S3151R01.jpg.npz,1,15,F01_T2,F15_T1,F01_T2_L,F15_T1_R,2,1,L,R,unrelated,0,0,1,True,0.4936677220463256,-2,24004,,"S3012L02,S3151R01",filtered_from_final_matching_results
19451,4,231,01/2L/S3012L02.jpg,16/2R/S3162R06.jpg,data/features/daugman_strict_v3/gabor_codes/01__2L__S3012L02.jpg.npz,data/features/daugman_strict_v3/gabor_codes/16__2R__S3162R06.jpg.npz,1,16,F01_T2,F16_T2,F01_T2_L,F16_T2_R,2,2,L,R,unrelated,0,0,1,True,0.4277693904510285,-6,21196,,"S3012L02,S3162R06",filtered_from_final_matching_results
19452,4,232,01/2L/S3012L02.jpg,16/2R/S3162R07.jpg,data/features/daugman_strict_v3/gabor_codes/01__2L__S3012L02.jpg.npz,data/features/daugman_strict_v3/gabor_codes/16__2R__S3162R07.jpg.npz,1,16,F01_T2,F16_T2,F01_T2_L,F16_T2_R,2,2,L,R,unrelated,0,0,1,True,0.4644983365435125,-4,22844,,"S3012L02,S3162R07",filtered_from_final_matching_results
19464,4,244,01/2L/S3012L02.jpg,18/2R/S3182R03.jpg,data/features/daugman_strict_v3/gabor_codes/01__2L__S3012L02.jpg.npz,data/features/daugman_strict_v3/gabor_codes/18__2R__S3182R03.jpg.npz,1,18,F01_T2,F18_T2,F01_T2_L,F18_T2_R,2,2,L,R,unrelated,0,0,1,True,0.4432940929157031,6,19028,,"S3012L02,S3182R03",filtered_from_final_matching_results
19722,168,186,12/1R/S3121R07.jpg,13/1R/S3131R04.jpg,data/features/daugman_strict_v3/gabor_codes/12__1R__S3121R07.jpg.npz,data/features/daugman_strict_v3/gabor_codes/13__1R__S3131R04.jpg.npz,12,13,F12_T1,F13_T1,F12_T1_R,F13_T1_R,1,1,R,R,unrelated,0,0,1,True,0.4540018399264029,-6,26088,,"S3121R07,S3131R04",filtered_from_final_matching_results
19778,57,133,05/2L/S3052L02.jpg,10/2L/S3102L07.jpg,data/features/daugman_strict_v3/gabor_codes/05__2L__S3052L02.jpg.npz,data/features/daugman_strict_v3/gabor_codes/10__2L__S3102L07.jpg.npz,5,10,F05_T2,F10_T2,F05_T2_L,F10_T2_L,2,2,L,L,unrelated,0,0,1,True,0.4450056116722783,-2,24948,,"S3052L02,S3102L07",filtered_from_final_matching_results
19900,108,205,09/2R/S3092R03.jpg,14/2L/S3142L03.jpg,data/features/daugman_strict_v3/gabor_codes/09__2R__S3092R03.jpg.npz,data/features/daugman_strict_v3/gabor_codes/14__2L__S3142L03.jpg.npz,9,14,F09_T2,F14_T2,F09_T2_R,F14_T2_L,2,2,R,L,unrelated,0,0,1,True,0.4404699738903394,-14,22980,,"S3092R03,S3142L03",filtered_from_final_matching_results
20036,38,241,03/2R/S3032R07.jpg,18/2L/S3182L01.jpg,data/features/daugman_strict_v3/gabor_codes/03__2R__S3032R07.jpg.npz,data/features/daugman_strict_v3/gabor_codes/18__2L__S3182L01.jpg.npz,3,18,F03_T2,F18_T2,F03_T2_R,F18_T2_L,2,2,R,L,unrelated,0,0,1,True,0.4740990990990991,10,23088,,"S3032R07,S3182L01",filtered_from_final_matching_results
20068,54,187,05/1R/S3051R01.jpg,13/1R/S3131R05.jpg,data/features/daugman_strict_v3/gabor_codes/05__1R__S3051R01.jpg.npz,data/features/daugman_strict_v3/gabor_codes/13__1R__S3131R05.jpg.npz,5,13,F05_T1,F13_T1,F05_T1_R,F13_T1_R,1,1,R,R,unrelated,0,0,1,True,0.4122869883739449,4,25116,,"S3051R01,S3131R05",filtered_from_final_matching_results
20071,51,237,05/1L/S3051L07.jpg,17/2L/S3172L07.jpg,data/features/daugman_strict_v3/gabor_codes/05__1L__S3051L07.jpg.npz,data/features/daugman_strict_v3/gabor_codes/17__2L__S3172L07.jpg.npz,5,17,F05_T1,F17_T2,F05_T1_L,F17_T2_L,1,2,L,L,unrelated,0,0,1,True,0.4734634146341463,-6,20500,,"S3051L07,S3172L07",filtered_from_final_matching_results
20100,163,207,12/1R/S3121R02.jpg,14/2L/S3142L07.jpg,data/features/daugman_strict_v3/gabor_codes/12__1R__S3121R02.jpg.npz,data/features/daugman_strict_v3/gabor_codes/14__2L__S3142L07.jpg.npz,12,14,F12_T1,F14_T2,F12_T1_R,F14_T2_L,1,2,R,L,unrelated,0,0,1,True,0.443976897689769,-16,24240,,"S3121R02,S3142L07",filtered_from_final_matching_results
20113,98,154,09/2L/S3092L03.jpg,11/1R/S3111R06.jpg,data/features/daugman_strict_v3/gabor_codes/09__2L__S3092L03.jpg.npz,data/features/daugman_strict_v3/gabor_codes/11__1R__S3111R06.jpg.npz,9,11,F09_T2,F11_T1,F09_T2_L,F11_T1_R,2,1,L,R,unrelated,0,0,1,True,0.4621144055106319,0,26712,,"S3092L03,S3111R06",filtered_from_final_matching_results
20123,68,86,06/2L/S3062L04.jpg,07/2L/S3072L08.jpg,data/features/daugman_strict_v3/gabor_codes/06__2L__S3062L04.jpg.npz,data/features/daugman_strict_v3/gabor_codes/07__2L__S3072L08.jpg.npz,6,7,F06_T2,F07_T2,F06_T2_L,F07_T2_L,2,2,L,L,unrelated,0,0,1,True,0.4834063342318059,10,23744,,"S3062L04,S3072L08",filtered_from_final_matching_results
20157,119,239,10/1L/S3101L10.jpg,18/1R/S3181R04.jpg,data/features/daugman_strict_v3/gabor_codes/10__1L__S3101L10.jpg.npz,data/features/daugman_strict_v3/gabor_codes/18__1R__S3181R04.jpg.npz,10,18,F10_T1,F18_T1,F10_T1_L,F18_T1_R,1,1,L,R,unrelated,0,0,1,True,0.4652181236314637,4,23748,,"S3101L10,S3181R04",filtered_from_final_matching_results
20208,154,224,11/1R/S3111R06.jpg,15/2R/S3152R04.jpg,data/features/daugman_strict_v3/gabor_codes/11__1R__S3111R06.jpg.npz,data/features/daugman_strict_v3/gabor_codes/15__2R__S3152R04.jpg.npz,11,15,F11_T1,F15_T2,F11_T1_R,F15_T2_R,1,2,R,R,unrelated,0,0,1,True,0.4069373942470389,-10,26004,,"S3111R06,S3152R04",filtered_from_final_matching_results
20270,45,136,04/1L/S3041L06.jpg,10/2L/S3102L10.jpg,data/features/daugman_strict_v3/gabor_codes/04__1L__S3041L06.jpg.npz,data/features/daugman_strict_v3/gabor_codes/10__2L__S3102L10.jpg.npz,4,10,F04_T1,F10_T2,F04_T1_L,F10_T2_L,1,2,L,L,unrelated,0,0,1,True,0.4455244513564886,-4,23148,,"S3041L06,S3102L10",filtered_from_final_matching_results
20327,76,216,06/2R/S3062R09.jpg,15/1L/S3151L05.jpg,data/features/daugman_strict_v3/gabor_codes/06__2R__S3062R09.jpg.npz,data/features/daugman_strict_v3/gabor_codes/15__1L__S3151L05.jpg.npz,6,15,F06_T2,F15_T1,F06_T2_R,F15_T1_L,2,1,R,L,unrelated,0,0,1,True,0.451841590612777,-8,24544,,"S3062R09,S3151L05",filtered_from_final_matching_results
20340,237,245,17/2L/S3172L07.jpg,18/2R/S3182R04.jpg,data/features/daugman_strict_v3/gabor_codes/17__2L__S3172L07.jpg.npz,data/features/daugman_strict_v3/gabor_codes/18__2R__S3182R04.jpg.npz,17,18,F17_T2,F18_T2,F17_T2_L,F18_T2_R,2,2,L,R,unrelated,0,0,1,True,0.4634753184713376,-8,20096,,"S3172L07,S3182R04",filtered_from_final_matching_results
20368,199,244,14/1L/S3141L03.jpg,18/2R/S3182R03.jpg,data/features/daugman_strict_v3/gabor_codes/14__1L__S3141L03.jpg.npz,data/features/daugman_strict_v3/gabor_codes/18__2R__S3182R03.jpg.npz,14,18,F14_T1,F18_T2,F14_T1_L,F18_T2_R,1,2,L,R,unrelated,0,0,1,True,0.5258262511803589,-12,21180,,"S3141L03,S3182R03",filtered_from_final_matching_results
20656,36,67,03/2R/S3032R05.jpg,06/2L/S3062L03.jpg,data/features/daugman_strict_v3/gabor_codes/03__2R__S3032R05.jpg.npz,data/features/daugman_strict_v3/gabor_codes/06__2L__S3062L03.jpg.npz,3,6,F03_T2,F06_T2,F03_T2_R,F06_T2_L,2,2,R,L,unrelated,0,0,1,True,0.5003942595805078,2,25364,,"S3032R05,S3062L03",filtered_from_final_matching_results
20708,5,30,01/2L/S3012L07.jpg,03/2L/S3032L09.jpg,data/features/daugman_strict_v3/gabor_codes/01__2L__S3012L07.jpg.npz,data/features/daugman_strict_v3/gabor_codes/03__2L__S3032L09.jpg.npz,1,3,F01_T2,F03_T2,F01_T2_L,F03_T2_L,2,2,L,L,unrelated,0,0,1,True,0.4501567687200295,-10,21688,,"S3012L07,S3032L09",filtered_from_final_matching_results
20736,5,58,01/2L/S3012L07.jpg,05/2L/S3052L03.jpg,data/features/daugman_strict_v3/gabor_codes/01__2L__S3012L07.jpg.npz,data/features/daugman_strict_v3/gabor_codes/05__2L__S3052L03.jpg.npz,1,5,F01_T2,F05_T2,F01_T2_L,F05_T2_L,2,2,L,L,unrelated,0,0,1,True,0.4284181782718939,16,20508,,"S3012L07,S3052L03",filtered_from_final_matching_results
20745,5,67,01/2L/S3012L07.jpg,06/2L/S3062L03.jpg,data/features/daugman_strict_v3/gabor_codes/01__2L__S3012L07.jpg.npz,data/features/daugman_strict_v3/gabor_codes/06__2L__S3062L03.jpg.npz,1,6,F01_T2,F06_T2,F01_T2_L,F06_T2_L,2,2,L,L,unrelated,0,0,1,True,0.4545048265999284,-12,22376,,"S3012L07,S3062L03",filtered_from_final_matching_results
20746,109,198,09/2R/S3092R04.jpg,13/2R/S3132R07.jpg,data/features/daugman_strict_v3/gabor_codes/09__2R__S3092R04.jpg.npz,data/features/daugman_strict_v3/gabor_codes/13__2R__S3132R07.jpg.npz,9,13,F09_T2,F13_T2,F09_T2_R,F13_T2_R,2,2,R,R,unrelated,0,0,1,True,0.4515908313376667,10,23384,,"S3092R04,S3132R07",filtered_from_final_matching_results
20747,5,69,01/2L/S3012L07.jpg,06/2L/S3062L05.jpg,data/features/daugman_strict_v3/gabor_codes/01__2L__S3012L07.jpg.npz,data/features/daugman_strict_v3/gabor_codes/06__2L__S3062L05.jpg.npz,1,6,F01_T2,F06_T2,F01_T2_L,F06_T2_L,2,2,L,L,unrelated,0,0,1,True,0.437232113419057,2,24264,,"S3012L07,S3062L05",filtered_from_final_matching_results
20751,192,238,13/2L/S3132L05.jpg,17/2R/S3172R02.jpg,data/features/daugman_strict_v3/gabor_codes/13__2L__S3132L05.jpg.npz,data/features/daugman_strict_v3/gabor_codes/17__2R__S3172R02.jpg.npz,13,17,F13_T2,F17_T2,F13_T2_L,F17_T2_R,2,2,L,R,unrelated,0,0,1,True,0.4506330226833128,16,22748,,"S3132L05,S3172R02",filtered_from_final_matching_results
20826,5,148,01/2L/S3012L07.jpg,11/1L/S3111L03.jpg,data/features/daugman_strict_v3/gabor_codes/01__2L__S3012L07.jpg.npz,data/features/daugman_strict_v3/gabor_codes/11__1L__S3111L03.jpg.npz,1,11,F01_T2,F11_T1,F01_T2_L,F11_T1_L,2,1,L,L,unrelated,0,0,1,True,0.4542643529628946,16,21668,,"S3012L07,S3111L03",filtered_from_final_matching_results
20828,5,150,01/2L/S3012L07.jpg,11/1R/S3111R02.jpg,data/features/daugman_strict_v3/gabor_codes/01__2L__S3012L07.jpg.npz,data/features/daugman_strict_v3/gabor_codes/11__1R__S3111R02.jpg.npz,1,11,F01_T2,F11_T1,F01_T2_L,F11_T1_R,2,1,L,R,unrelated,0,0,1,True,0.4250200481154771,0,24940,,"S3012L07,S3111R02",filtered_from_final_matching_results
20864,5,186,01/2L/S3012L07.jpg,13/1R/S3131R04.jpg,data/features/daugman_strict_v3/gabor_codes/01__2L__S3012L07.jpg.npz,data/features/daugman_strict_v3/gabor_codes/13__1R__S3131R04.jpg.npz,1,13,F01_T2,F13_T1,F01_T2_L,F13_T1_R,2,1,L,R,unrelated,0,0,1,True,0.4232823800131492,0,24336,,"S3012L07,S3131R04",filtered_from_final_matching_results
20876,5,198,01/2L/S3012L07.jpg,13/2R/S3132R07.jpg,data/features/daugman_strict_v3/gabor_codes/01__2L__S3012L07.jpg.npz,data/features/daugman_strict_v3/gabor_codes/13__2R__S3132R07.jpg.npz,1,13,F01_T2,F13_T2,F01_T2_L,F13_T2_R,2,2,L,R,unrelated,0,0,1,True,0.4371153057037341,16,19496,,"S3012L07,S3132R07",filtered_from_final_matching_results
20879,5,201,01/2L/S3012L07.jpg,14/1R/S3141R06.jpg,data/features/daugman_strict_v3/gabor_codes/01__2L__S3012L07.jpg.npz,data/features/daugman_strict_v3/gabor_codes/14__1R__S3141R06.jpg.npz,1,14,F01_T2,F14_T1,F01_T2_L,F14_T1_R,2,1,L,R,unrelated,0,0,1,True,0.4075079573113649,14,21364,,"S3012L07,S3141R06",filtered_from_final_matching_results
20928,50,244,05/1L/S3051L06.jpg,18/2R/S3182R03.jpg,data/features/daugman_strict_v3/gabor_codes/05__1L__S3051L06.jpg.npz,data/features/daugman_strict_v3/gabor_codes/18__2R__S3182R03.jpg.npz,5,18,F05_T1,F18_T2,F05_T1_L,F18_T2_R,1,2,L,R,unrelated,0,0,1,True,0.4565592635212888,10,17380,,"S3051L06,S3182R03",filtered_from_final_matching_results
21330,73,132,06/2R/S3062R02.jpg,10/2L/S3102L06.jpg,data/features/daugman_strict_v3/gabor_codes/06__2R__S3062R02.jpg.npz,data/features/daugman_strict_v3/gabor_codes/10__2L__S3102L06.jpg.npz,6,10,F06_T2,F10_T2,F06_T2_R,F10_T2_L,2,2,R,L,unrelated,0,0,1,True,0.4210174029451138,-12,20916,,"S3062R02,S3102L06",filtered_from_final_matching_results
21346,50,150,05/1L/S3051L06.jpg,11/1R/S3111R02.jpg,data/features/daugman_strict_v3/gabor_codes/05__1L__S3051L06.jpg.npz,data/features/daugman_strict_v3/gabor_codes/11__1R__S3111R02.jpg.npz,5,11,F05_T1,F11_T1,F05_T1_L,F11_T1_R,1,1,L,R,unrelated,0,0,1,True,0.4346527259148618,6,21424,,"S3051L06,S3111R02",filtered_from_final_matching_results
21357,145,182,10/2R/S3102R09.jpg,12/2R/S3122R03.jpg,data/features/daugman_strict_v3/gabor_codes/10__2R__S3102R09.jpg.npz,data/features/daugman_strict_v3/gabor_codes/12__2R__S3122R03.jpg.npz,10,12,F10_T2,F12_T2,F10_T2_R,F12_T2_R,2,2,R,R,unrelated,0,0,1,True,0.4441263230956099,14,23052,,"S3102R09,S3122R03",filtered_from_final_matching_results
21371,184,236,13/1L/S3131L08.jpg,17/1L/S3171L10.jpg,data/features/daugman_strict_v3/gabor_codes/13__1L__S3131L08.jpg.npz,data/features/daugman_strict_v3/gabor_codes/17__1L__S3171L10.jpg.npz,13,17,F13_T1,F17_T1,F13_T1_L,F17_T1_L,1,1,L,L,unrelated,0,0,1,True,0.4629612630805948,-16,21788,,"S3131L08,S3171L10",filtered_from_final_matching_results
21488,57,147,05/2L/S3052L02.jpg,11/1L/S3111L01.jpg,data/features/daugman_strict_v3/gabor_codes/05__2L__S3052L02.jpg.npz,data/features/daugman_strict_v3/gabor_codes/11__1L__S3111L01.jpg.npz,5,11,F05_T2,F11_T1,F05_T2_L,F11_T1_L,2,1,L,L,unrelated,0,0,1,True,0.4523037903339439,2,28388,,"S3052L02,S3111L01",filtered_from_final_matching_results
21494,115,211,10/1L/S3101L04.jpg,14/2R/S3142R10.jpg,data/features/daugman_strict_v3/gabor_codes/10__1L__S3101L04.jpg.npz,data/features/daugman_strict_v3/gabor_codes/14__2R__S3142R10.jpg.npz,10,14,F10_T1,F14_T2,F10_T1_L,F14_T2_R,1,2,L,R,unrelated,0,0,1,True,0.4356987493202827,-4,22068,,"S3101L04,S3142R10",filtered_from_final_matching_results
21597,62,199,06/1R/S3061R01.jpg,14/1L/S3141L03.jpg,data/features/daugman_strict_v3/gabor_codes/06__1R__S3061R01.jpg.npz,data/features/daugman_strict_v3/gabor_codes/14__1L__S3141L03.jpg.npz,6,14,F06_T1,F14_T1,F06_T1_R,F14_T1_L,1,1,R,L,unrelated,0,0,1,True,0.4133304195804196,0,22880,,"S3061R01,S3141L03",filtered_from_final_matching_results
21724,136,169,10/2L/S3102L10.jpg,12/1R/S3121R08.jpg,data/features/daugman_strict_v3/gabor_codes/10__2L__S3102L10.jpg.npz,data/features/daugman_strict_v3/gabor_codes/12__1R__S3121R08.jpg.npz,10,12,F10_T2,F12_T1,F10_T2_L,F12_T1_R,2,1,L,R,unrelated,0,0,1,True,0.466867469879518,0,24900,,"S3102L10,S3121R08",filtered_from_final_matching_results
21828,79,115,07/2L/S3072L01.jpg,10/1L/S3101L04.jpg,data/features/daugman_strict_v3/gabor_codes/07__2L__S3072L01.jpg.npz,data/features/daugman_strict_v3/gabor_codes/10__1L__S3101L04.jpg.npz,7,10,F07_T2,F10_T1,F07_T2_L,F10_T1_L,2,1,L,L,unrelated,0,0,1,True,0.4530349423631123,16,22208,,"S3072L01,S3101L04",filtered_from_final_matching_results
21855,36,97,03/2R/S3032R05.jpg,09/2L/S3092L02.jpg,data/features/daugman_strict_v3/gabor_codes/03__2R__S3032R05.jpg.npz,data/features/daugman_strict_v3/gabor_codes/09__2L__S3092L02.jpg.npz,3,9,F03_T2,F09_T2,F03_T2_R,F09_T2_L,2,2,R,L,unrelated,0,0,1,True,0.4340372571061506,-6,24908,,"S3032R05,S3092L02",filtered_from_final_matching_results
21868,71,81,06/2L/S3062L07.jpg,07/2L/S3072L03.jpg,data/features/daugman_strict_v3/gabor_codes/06__2L__S3062L07.jpg.npz,data/features/daugman_strict_v3/gabor_codes/07__2L__S3072L03.jpg.npz,6,7,F06_T2,F07_T2,F06_T2_L,F07_T2_L,2,2,L,L,unrelated,0,0,1,True,0.4738446726572529,-12,24928,,"S3062L07,S3072L03",filtered_from_final_matching_results
21889,65,169,06/1R/S3061R08.jpg,12/1R/S3121R08.jpg,data/features/daugman_strict_v3/gabor_codes/06__1R__S3061R08.jpg.npz,data/features/daugman_strict_v3/gabor_codes/12__1R__S3121R08.jpg.npz,6,12,F06_T1,F12_T1,F06_T1_R,F12_T1_R,1,1,R,R,unrelated,0,0,1,True,0.4504128169844702,-10,20348,,"S3061R08,S3121R08",filtered_from_final_matching_results
22150,6,14,01/2R/S3012R07.jpg,02/1R/S3021R02.jpg,data/features/daugman_strict_v3/gabor_codes/01__2R__S3012R07.jpg.npz,data/features/daugman_strict_v3/gabor_codes/02__1R__S3021R02.jpg.npz,1,2,F01_T2,F02_T1,F01_T2_R,F02_T1_R,2,1,R,R,unrelated,0,0,1,True,0.403283833435395,2,26128,,"S3012R07,S3021R02",filtered_from_final_matching_results
22160,6,24,01/2R/S3012R07.jpg,02/2R/S3022R02.jpg,data/features/daugman_strict_v3/gabor_codes/01__2R__S3012R07.jpg.npz,data/features/daugman_strict_v3/gabor_codes/02__2R__S3022R02.jpg.npz,1,2,F01_T2,F02_T2,F01_T2_R,F02_T2_R,2,2,R,R,unrelated,0,0,1,True,0.432638512903808,-14,22164,,"S3012R07,S3022R02",filtered_from_final_matching_results
22244,6,108,01/2R/S3012R07.jpg,09/2R/S3092R03.jpg,data/features/daugman_strict_v3/gabor_codes/01__2R__S3012R07.jpg.npz,data/features/daugman_strict_v3/gabor_codes/09__2R__S3092R03.jpg.npz,1,9,F01_T2,F09_T2,F01_T2_R,F09_T2_R,2,2,R,R,unrelated,0,0,1,True,0.4377180739706908,-16,22928,,"S3012R07,S3092R03",filtered_from_final_matching_results
22262,6,126,01/2R/S3012R07.jpg,10/1R/S3101R07.jpg,data/features/daugman_strict_v3/gabor_codes/01__2R__S3012R07.jpg.npz,data/features/daugman_strict_v3/gabor_codes/10__1R__S3101R07.jpg.npz,1,10,F01_T2,F10_T1,F01_T2_R,F10_T1_R,2,1,R,R,unrelated,0,0,1,True,0.4370068826590566,10,23828,,"S3012R07,S3101R07",filtered_from_final_matching_results
22272,6,136,01/2R/S3012R07.jpg,10/2L/S3102L10.jpg,data/features/daugman_strict_v3/gabor_codes/01__2R__S3012R07.jpg.npz,data/features/daugman_strict_v3/gabor_codes/10__2L__S3102L10.jpg.npz,1,10,F01_T2,F10_T2,F01_T2_R,F10_T2_L,2,2,R,L,unrelated,0,0,1,True,0.4529097171863669,-8,22064,,"S3012R07,S3102L10",filtered_from_final_matching_results
22297,6,161,01/2R/S3012R07.jpg,12/1L/S3121L03.jpg,data/features/daugman_strict_v3/gabor_codes/01__2R__S3012R07.jpg.npz,data/features/daugman_strict_v3/gabor_codes/12__1L__S3121L03.jpg.npz,1,12,F01_T2,F12_T1,F01_T2_R,F12_T1_L,2,1,R,L,unrelated,0,0,1,True,0.440817223198594,14,22760,,"S3012R07,S3121L03",filtered_from_final_matching_results
22320,6,184,01/2R/S3012R07.jpg,13/1L/S3131L08.jpg,data/features/daugman_strict_v3/gabor_codes/01__2R__S3012R07.jpg.npz,data/features/daugman_strict_v3/gabor_codes/13__1L__S3131L08.jpg.npz,1,13,F01_T2,F13_T1,F01_T2_R,F13_T1_L,2,1,R,L,unrelated,0,0,1,True,0.473725834797891,12,22760,,"S3012R07,S3131L08",filtered_from_final_matching_results
22331,38,154,03/2R/S3032R07.jpg,11/1R/S3111R06.jpg,data/features/daugman_strict_v3/gabor_codes/03__2R__S3032R07.jpg.npz,data/features/daugman_strict_v3/gabor_codes/11__1R__S3111R06.jpg.npz,3,11,F03_T2,F11_T1,F03_T2_R,F11_T1_R,2,1,R,R,unrelated,0,0,1,True,0.4821336540113382,14,23284,,"S3032R07,S3111R06",filtered_from_final_matching_results
22368,6,232,01/2R/S3012R07.jpg,16/2R/S3162R07.jpg,data/features/daugman_strict_v3/gabor_codes/01__2R__S3012R07.jpg.npz,data/features/daugman_strict_v3/gabor_codes/16__2R__S3162R07.jpg.npz,1,16,F01_T2,F16_T2,F01_T2_R,F16_T2_R,2,2,R,R,unrelated,0,0,1,True,0.4511163734776725,16,23648,,"S3012R07,S3162R07",filtered_from_final_matching_results
22373,6,237,01/2R/S3012R07.jpg,17/2L/S3172L07.jpg,data/features/daugman_strict_v3/gabor_codes/01__2R__S3012R07.jpg.npz,data/features/daugman_strict_v3/gabor_codes/17__2L__S3172L07.jpg.npz,1,17,F01_T2,F17_T2,F01_T2_R,F17_T2_L,2,2,R,L,unrelated,0,0,1,True,0.458580486807118,-16,19556,,"S3012R07,S3172L07",filtered_from_final_matching_results
22375,135,178,10/2L/S3102L09.jpg,12/2L/S3122L09.jpg,data/features/daugman_strict_v3/gabor_codes/10__2L__S3102L09.jpg.npz,data/features/daugman_strict_v3/gabor_codes/12__2L__S3122L09.jpg.npz,10,12,F10_T2,F12_T2,F10_T2_L,F12_T2_L,2,2,L,L,unrelated,0,0,1,True,0.4499916022841787,12,23816,,"S3102L09,S3122L09",filtered_from_final_matching_results
22376,143,154,10/2R/S3102R07.jpg,11/1R/S3111R06.jpg,data/features/daugman_strict_v3/gabor_codes/10__2R__S3102R07.jpg.npz,data/features/daugman_strict_v3/gabor_codes/11__1R__S3111R06.jpg.npz,10,11,F10_T2,F11_T1,F10_T2_R,F11_T1_R,2,1,R,R,unrelated,0,0,1,True,0.4307163227646368,14,23844,,"S3102R07,S3111R06",filtered_from_final_matching_results
22596,98,129,09/2L/S3092L03.jpg,10/2L/S3102L01.jpg,data/features/daugman_strict_v3/gabor_codes/09__2L__S3092L03.jpg.npz,data/features/daugman_strict_v3/gabor_codes/10__2L__S3102L01.jpg.npz,9,10,F09_T2,F10_T2,F09_T2_L,F10_T2_L,2,2,L,L,unrelated,0,0,1,True,0.4539423516852219,0,26228,,"S3092L03,S3102L01",filtered_from_final_matching_results
22606,68,158,06/2L/S3062L04.jpg,11/2L/S3112L10.jpg,data/features/daugman_strict_v3/gabor_codes/06__2L__S3062L04.jpg.npz,data/features/daugman_strict_v3/gabor_codes/11__2L__S3112L10.jpg.npz,6,11,F06_T2,F11_T2,F06_T2_L,F11_T2_L,2,2,L,L,unrelated,0,0,1,True,0.489699018187671,8,24852,,"S3062L04,S3112L10",filtered_from_final_matching_results
22643,184,208,13/1L/S3131L08.jpg,14/2R/S3142R07.jpg,data/features/daugman_strict_v3/gabor_codes/13__1L__S3131L08.jpg.npz,data/features/daugman_strict_v3/gabor_codes/14__2R__S3142R07.jpg.npz,13,14,F13_T1,F14_T2,F13_T1_L,F14_T2_R,1,2,L,R,unrelated,0,0,1,True,0.443367540858989,-12,21048,,"S3131L08,S3142R07",filtered_from_final_matching_results
22696,95,162,08/2R/S3082R06.jpg,12/1R/S3121R01.jpg,data/features/daugman_strict_v3/gabor_codes/08__2R__S3082R06.jpg.npz,data/features/daugman_strict_v3/gabor_codes/12__1R__S3121R01.jpg.npz,8,12,F08_T2,F12_T1,F08_T2_R,F12_T1_R,2,1,R,R,unrelated,0,0,1,True,0.3999364675984752,-8,25184,,"S3082R06,S3121R01",filtered_from_final_matching_results
22700,52,198,05/1L/S3051L08.jpg,13/2R/S3132R07.jpg,data/features/daugman_strict_v3/gabor_codes/05__1L__S3051L08.jpg.npz,data/features/daugman_strict_v3/gabor_codes/13__2R__S3132R07.jpg.npz,5,13,F05_T1,F13_T2,F05_T1_L,F13_T2_R,1,2,L,R,unrelated,0,0,1,True,0.4038736165655123,2,22408,,"S3051L08,S3132R07",filtered_from_final_matching_results
22766,225,235,15/2R/S3152R07.jpg,16/2R/S3162R10.jpg,data/features/daugman_strict_v3/gabor_codes/15__2R__S3152R07.jpg.npz,data/features/daugman_strict_v3/gabor_codes/16__2R__S3162R10.jpg.npz,15,16,F15_T2,F16_T2,F15_T2_R,F16_T2_R,2,2,R,R,unrelated,0,0,1,True,0.4121222353537059,-16,23692,,"S3152R07,S3162R10",filtered_from_final_matching_results
22777,86,159,07/2L/S3072L08.jpg,12/1L/S3121L01.jpg,data/features/daugman_strict_v3/gabor_codes/07__2L__S3072L08.jpg.npz,data/features/daugman_strict_v3/gabor_codes/12__1L__S3121L01.jpg.npz,7,12,F07_T2,F12_T1,F07_T2_L,F12_T1_L,2,1,L,L,unrelated,0,0,1,True,0.4739949185473023,2,26764,,"S3072L08,S3121L01",filtered_from_final_matching_results
23032,61,94,06/1L/S3061L03.jpg,08/2R/S3082R05.jpg,data/features/daugman_strict_v3/gabor_codes/06__1L__S3061L03.jpg.npz,data/features/daugman_strict_v3/gabor_codes/08__2R__S3082R05.jpg.npz,6,8,F06_T1,F08_T2,F06_T1_L,F08_T2_R,1,2,L,R,unrelated,0,0,1,True,0.4222818368313082,-10,25348,,"S3061L03,S3082R05",filtered_from_final_matching_results
23049,225,247,15/2R/S3152R07.jpg,18/2R/S3182R06.jpg,data/features/daugman_strict_v3/gabor_codes/15__2R__S3152R07.jpg.npz,data/features/daugman_strict_v3/gabor_codes/18__2R__S3182R06.jpg.npz,15,18,F15_T2,F18_T2,F15_T2_R,F18_T2_R,2,2,R,R,unrelated,0,0,1,True,0.4766405409558936,0,26028,,"S3152R07,S3182R06",filtered_from_final_matching_results
23145,107,228,09/2R/S3092R02.jpg,16/2L/S3162L03.jpg,data/features/daugman_strict_v3/gabor_codes/09__2R__S3092R02.jpg.npz,data/features/daugman_strict_v3/gabor_codes/16__2L__S3162L03.jpg.npz,9,16,F09_T2,F16_T2,F09_T2_R,F16_T2_L,2,2,R,L,unrelated,0,0,1,True,0.4388660564169624,-14,21412,,"S3092R02,S3162L03",filtered_from_final_matching_results
23242,142,153,10/2R/S3102R06.jpg,11/1R/S3111R05.jpg,data/features/daugman_strict_v3/gabor_codes/10__2R__S3102R06.jpg.npz,data/features/daugman_strict_v3/gabor_codes/11__1R__S3111R05.jpg.npz,10,11,F10_T2,F11_T1,F10_T2_R,F11_T1_R,2,1,R,R,unrelated,0,0,1,True,0.4484279475982533,14,22900,,"S3102R06,S3111R05",filtered_from_final_matching_results
23344,160,222,12/1L/S3121L02.jpg,15/2R/S3152R02.jpg,data/features/daugman_strict_v3/gabor_codes/12__1L__S3121L02.jpg.npz,data/features/daugman_strict_v3/gabor_codes/15__2R__S3152R02.jpg.npz,12,15,F12_T1,F15_T2,F12_T1_L,F15_T2_R,1,2,L,R,unrelated,0,0,1,True,0.4403474625144175,2,27744,,"S3121L02,S3152R02",filtered_from_final_matching_results
23415,62,203,06/1R/S3061R01.jpg,14/1R/S3141R10.jpg,data/features/daugman_strict_v3/gabor_codes/06__1R__S3061R01.jpg.npz,data/features/daugman_strict_v3/gabor_codes/14__1R__S3141R10.jpg.npz,6,14,F06_T1,F14_T1,F06_T1_R,F14_T1_R,1,1,R,R,unrelated,0,0,1,True,0.4346463323353293,-8,21376,,"S3061R01,S3141R10",filtered_from_final_matching_results
23461,44,57,04/1L/S3041L05.jpg,05/2L/S3052L02.jpg,data/features/daugman_strict_v3/gabor_codes/04__1L__S3041L05.jpg.npz,data/features/daugman_strict_v3/gabor_codes/05__2L__S3052L02.jpg.npz,4,5,F04_T1,F05_T2,F04_T1_L,F05_T2_L,1,2,L,L,unrelated,0,0,1,True,0.4512316085303356,-14,24196,,"S3041L05,S3052L02",filtered_from_final_matching_results
23475,133,231,10/2L/S3102L07.jpg,16/2R/S3162R06.jpg,data/features/daugman_strict_v3/gabor_codes/10__2L__S3102L07.jpg.npz,data/features/daugman_strict_v3/gabor_codes/16__2R__S3162R06.jpg.npz,10,16,F10_T2,F16_T2,F10_T2_L,F16_T2_R,2,2,L,R,unrelated,0,0,1,True,0.4476294146105466,0,24804,,"S3102L07,S3162R06",filtered_from_final_matching_results
23621,7,45,02/1L/S3021L01.jpg,04/1L/S3041L06.jpg,data/features/daugman_strict_v3/gabor_codes/02__1L__S3021L01.jpg.npz,data/features/daugman_strict_v3/gabor_codes/04__1L__S3041L06.jpg.npz,2,4,F02_T1,F04_T1,F02_T1_L,F04_T1_L,1,1,L,L,unrelated,0,0,1,True,0.4144026056561805,-6,25176,,"S3021L01,S3041L06",filtered_from_final_matching_results
23622,7,46,02/1L/S3021L01.jpg,04/1R/S3041R01.jpg,data/features/daugman_strict_v3/gabor_codes/02__1L__S3021L01.jpg.npz,data/features/daugman_strict_v3/gabor_codes/04__1R__S3041R01.jpg.npz,2,4,F02_T1,F04_T1,F02_T1_L,F04_T1_R,1,1,L,R,unrelated,0,0,1,True,0.4340062111801242,0,25760,,"S3021L01,S3041R01",filtered_from_final_matching_results
23674,7,98,02/1L/S3021L01.jpg,09/2L/S3092L03.jpg,data/features/daugman_strict_v3/gabor_codes/02__1L__S3021L01.jpg.npz,data/features/daugman_strict_v3/gabor_codes/09__2L__S3092L03.jpg.npz,2,9,F02_T1,F09_T2,F02_T1_L,F09_T2_L,1,2,L,L,unrelated,0,0,1,True,0.4219072925893121,0,27096,,"S3021L01,S3092L03",filtered_from_final_matching_results
23688,124,194,10/1R/S3101R05.jpg,13/2L/S3132L08.jpg,data/features/daugman_strict_v3/gabor_codes/10__1R__S3101R05.jpg.npz,data/features/daugman_strict_v3/gabor_codes/13__2L__S3132L08.jpg.npz,10,13,F10_T1,F13_T2,F10_T1_R,F13_T2_L,1,2,R,L,unrelated,0,0,1,True,0.4362392562708296,16,22804,,"S3101R05,S3132L08",filtered_from_final_matching_results
23695,7,119,02/1L/S3021L01.jpg,10/1L/S3101L10.jpg,data/features/daugman_strict_v3/gabor_codes/02__1L__S3021L01.jpg.npz,data/features/daugman_strict_v3/gabor_codes/10__1L__S3101L10.jpg.npz,2,10,F02_T1,F10_T1,F02_T1_L,F10_T1_L,1,1,L,L,unrelated,0,0,1,True,0.4379240652519128,0,27708,,"S3021L01,S3101L10",filtered_from_final_matching_results
23706,76,202,06/2R/S3062R09.jpg,14/1R/S3141R07.jpg,data/features/daugman_strict_v3/gabor_codes/06__2R__S3062R09.jpg.npz,data/features/daugman_strict_v3/gabor_codes/14__1R__S3141R07.jpg.npz,6,14,F06_T2,F14_T1,F06_T2_R,F14_T1_R,2,1,R,R,unrelated,0,0,1,True,0.4340389424794569,-16,22392,,"S3062R09,S3141R07",filtered_from_final_matching_results
23714,7,138,02/1L/S3021L01.jpg,10/2R/S3102R02.jpg,data/features/daugman_strict_v3/gabor_codes/02__1L__S3021L01.jpg.npz,data/features/daugman_strict_v3/gabor_codes/10__2R__S3102R02.jpg.npz,2,10,F02_T1,F10_T2,F02_T1_L,F10_T2_R,1,2,L,R,unrelated,0,0,1,True,0.4495384133938351,-4,25564,,"S3021L01,S3102R02",filtered_from_final_matching_results
23733,7,157,02/1L/S3021L01.jpg,11/1R/S3111R09.jpg,data/features/daugman_strict_v3/gabor_codes/02__1L__S3021L01.jpg.npz,data/features/daugman_strict_v3/gabor_codes/11__1R__S3111R09.jpg.npz,2,11,F02_T1,F11_T1,F02_T1_L,F11_T1_R,1,1,L,R,unrelated,0,0,1,True,0.4135386711064023,0,26428,,"S3021L01,S3111R09",filtered_from_final_matching_results
23776,7,200,02/1L/S3021L01.jpg,14/1R/S3141R04.jpg,data/features/daugman_strict_v3/gabor_codes/02__1L__S3021L01.jpg.npz,data/features/daugman_strict_v3/gabor_codes/14__1R__S3141R04.jpg.npz,2,14,F02_T1,F14_T1,F02_T1_L,F14_T1_R,1,1,L,R,unrelated,0,0,1,True,0.417767673301304,16,23312,,"S3021L01,S3141R04",filtered_from_final_matching_results
23784,7,208,02/1L/S3021L01.jpg,14/2R/S3142R07.jpg,data/features/daugman_strict_v3/gabor_codes/02__1L__S3021L01.jpg.npz,data/features/daugman_strict_v3/gabor_codes/14__2R__S3142R07.jpg.npz,2,14,F02_T1,F14_T2,F02_T1_L,F14_T2_R,1,2,L,R,unrelated,0,0,1,True,0.3951002959552778,-4,24328,,"S3021L01,S3142R07",filtered_from_final_matching_results
23791,7,215,02/1L/S3021L01.jpg,15/1L/S3151L04.jpg,data/features/daugman_strict_v3/gabor_codes/02__1L__S3021L01.jpg.npz,data/features/daugman_strict_v3/gabor_codes/15__1L__S3151L04.jpg.npz,2,15,F02_T1,F15_T1,F02_T1_L,F15_T1_L,1,1,L,L,unrelated,0,0,1,True,0.4474882260596546,12,25480,,"S3021L01,S3151L04",filtered_from_final_matching_results
23798,118,239,10/1L/S3101L09.jpg,18/1R/S3181R04.jpg,data/features/daugman_strict_v3/gabor_codes/10__1L__S3101L09.jpg.npz,data/features/daugman_strict_v3/gabor_codes/18__1R__S3181R04.jpg.npz,10,18,F10_T1,F18_T1,F10_T1_L,F18_T1_R,1,1,L,R,unrelated,0,0,1,True,0.4614576033637,6,22832,,"S3101L09,S3181R04",filtered_from_final_matching_results
23862,62,231,06/1R/S3061R01.jpg,16/2R/S3162R06.jpg,data/features/daugman_strict_v3/gabor_codes/06__1R__S3061R01.jpg.npz,data/features/daugman_strict_v3/gabor_codes/16__2R__S3162R06.jpg.npz,6,16,F06_T1,F16_T2,F06_T1_R,F16_T2_R,1,2,R,R,unrelated,0,0,1,True,0.4395055234087322,-2,22812,,"S3061R01,S3162R06",filtered_from_final_matching_results
24055,150,196,11/1R/S3111R02.jpg,13/2L/S3132L10.jpg,data/features/daugman_strict_v3/gabor_codes/11__1R__S3111R02.jpg.npz,data/features/daugman_strict_v3/gabor_codes/13__2L__S3132L10.jpg.npz,11,13,F11_T1,F13_T2,F11_T1_R,F13_T2_L,1,2,R,L,unrelated,0,0,1,True,0.4251288017284361,-14,24068,,"S3111R02,S3132L10",filtered_from_final_matching_results
24175,68,87,06/2L/S3062L04.jpg,07/2L/S3072L09.jpg,data/features/daugman_strict_v3/gabor_codes/06__2L__S3062L04.jpg.npz,data/features/daugman_strict_v3/gabor_codes/07__2L__S3072L09.jpg.npz,6,7,F06_T2,F07_T2,F06_T2_L,F07_T2_L,2,2,L,L,unrelated,0,0,1,True,0.4841411841249187,8,24592,,"S3062L04,S3072L09",filtered_from_final_matching_results
24196,91,223,08/2R/S3082R01.jpg,15/2R/S3152R03.jpg,data/features/daugman_strict_v3/gabor_codes/08__2R__S3082R01.jpg.npz,data/features/daugman_strict_v3/gabor_codes/15__2R__S3152R03.jpg.npz,8,15,F08_T2,F15_T2,F08_T2_R,F15_T2_R,2,2,R,R,unrelated,0,0,1,True,0.4237473588892242,8,26504,,"S3082R01,S3152R03",filtered_from_final_matching_results
24219,50,64,05/1L/S3051L06.jpg,06/1R/S3061R07.jpg,data/features/daugman_strict_v3/gabor_codes/05__1L__S3051L06.jpg.npz,data/features/daugman_strict_v3/gabor_codes/06__1R__S3061R07.jpg.npz,5,6,F05_T1,F06_T1,F05_T1_L,F06_T1_R,1,1,L,R,unrelated,0,0,1,True,0.4439231944141392,-14,18332,,"S3051L06,S3061R07",filtered_from_final_matching_results
24414,37,158,03/2R/S3032R06.jpg,11/2L/S3112L10.jpg,data/features/daugman_strict_v3/gabor_codes/03__2R__S3032R06.jpg.npz,data/features/daugman_strict_v3/gabor_codes/11__2L__S3112L10.jpg.npz,3,11,F03_T2,F11_T2,F03_T2_R,F11_T2_L,2,2,R,L,unrelated,0,0,1,True,0.4963276385118952,2,25052,,"S3032R06,S3112L10",filtered_from_final_matching_results
24480,204,231,14/2L/S3142L02.jpg,16/2R/S3162R06.jpg,data/features/daugman_strict_v3/gabor_codes/14__2L__S3142L02.jpg.npz,data/features/daugman_strict_v3/gabor_codes/16__2R__S3162R06.jpg.npz,14,16,F14_T2,F16_T2,F14_T2_L,F16_T2_R,2,2,L,R,unrelated,0,0,1,True,0.4691925151719487,12,23728,,"S3142L02,S3162R06",filtered_from_final_matching_results
24552,61,218,06/1L/S3061L03.jpg,15/1L/S3151L07.jpg,data/features/daugman_strict_v3/gabor_codes/06__1L__S3061L03.jpg.npz,data/features/daugman_strict_v3/gabor_codes/15__1L__S3151L07.jpg.npz,6,15,F06_T1,F15_T1,F06_T1_L,F15_T1_L,1,1,L,L,unrelated,0,0,1,True,0.4563327814569536,10,24160,,"S3061L03,S3151L07",filtered_from_final_matching_results
24715,129,178,10/2L/S3102L01.jpg,12/2L/S3122L09.jpg,data/features/daugman_strict_v3/gabor_codes/10__2L__S3102L01.jpg.npz,data/features/daugman_strict_v3/gabor_codes/12__2L__S3122L09.jpg.npz,10,12,F10_T2,F12_T2,F10_T2_L,F12_T2_L,2,2,L,L,unrelated,0,0,1,True,0.4646822948797038,-6,25936,,"S3102L01,S3122L09",filtered_from_final_matching_results
24720,106,215,09/2R/S3092R01.jpg,15/1L/S3151L04.jpg,data/features/daugman_strict_v3/gabor_codes/09__2R__S3092R01.jpg.npz,data/features/daugman_strict_v3/gabor_codes/15__1L__S3151L04.jpg.npz,9,15,F09_T2,F15_T1,F09_T2_R,F15_T1_L,2,1,R,L,unrelated,0,0,1,True,0.5377410252390656,8,25516,,"S3092R01,S3151L04",filtered_from_final_matching_results
24724,87,184,07/2L/S3072L09.jpg,13/1L/S3131L08.jpg,data/features/daugman_strict_v3/gabor_codes/07__2L__S3072L09.jpg.npz,data/features/daugman_strict_v3/gabor_codes/13__1L__S3131L08.jpg.npz,7,13,F07_T2,F13_T1,F07_T2_L,F13_T1_L,2,1,L,L,unrelated,0,0,1,True,0.4768540765657536,-8,24972,,"S3072L09,S3131L08",filtered_from_final_matching_results
24750,138,159,10/2R/S3102R02.jpg,12/1L/S3121L01.jpg,data/features/daugman_strict_v3/gabor_codes/10__2R__S3102R02.jpg.npz,data/features/daugman_strict_v3/gabor_codes/12__1L__S3121L01.jpg.npz,10,12,F10_T2,F12_T1,F10_T2_R,F12_T1_L,2,1,R,L,unrelated,0,0,1,True,0.4427351136175153,8,24116,,"S3102R02,S3121L01",filtered_from_final_matching_results
24773,38,89,03/2R/S3032R07.jpg,07/2R/S3072R08.jpg,data/features/daugman_strict_v3/gabor_codes/03__2R__S3032R07.jpg.npz,data/features/daugman_strict_v3/gabor_codes/07__2R__S3072R08.jpg.npz,3,7,F03_T2,F07_T2,F03_T2_R,F07_T2_R,2,2,R,R,unrelated,0,0,1,True,0.4500524842547236,-8,22864,,"S3032R07,S3072R08",filtered_from_final_matching_results
25072,8,56,02/1L/S3021L02.jpg,05/2L/S3052L01.jpg,data/features/daugman_strict_v3/gabor_codes/02__1L__S3021L02.jpg.npz,data/features/daugman_strict_v3/gabor_codes/05__2L__S3052L01.jpg.npz,2,5,F02_T1,F05_T2,F02_T1_L,F05_T2_L,1,2,L,L,unrelated,0,0,1,True,0.4369229604964432,-10,26428,,"S3021L02,S3052L01",filtered_from_final_matching_results
25077,95,244,08/2R/S3082R06.jpg,18/2R/S3182R03.jpg,data/features/daugman_strict_v3/gabor_codes/08__2R__S3082R06.jpg.npz,data/features/daugman_strict_v3/gabor_codes/18__2R__S3182R03.jpg.npz,8,18,F08_T2,F18_T2,F08_T2_R,F18_T2_R,2,2,R,R,unrelated,0,0,1,True,0.4814494425221068,16,20808,,"S3082R06,S3182R03",filtered_from_final_matching_results
25088,209,229,14/2R/S3142R08.jpg,16/2L/S3162L04.jpg,data/features/daugman_strict_v3/gabor_codes/14__2R__S3142R08.jpg.npz,data/features/daugman_strict_v3/gabor_codes/16__2L__S3162L04.jpg.npz,14,16,F14_T2,F16_T2,F14_T2_R,F16_T2_L,2,2,R,L,unrelated,0,0,1,True,0.4710343567251462,16,21888,,"S3142R08,S3162L04",filtered_from_final_matching_results
25100,8,84,02/1L/S3021L02.jpg,07/2L/S3072L06.jpg,data/features/daugman_strict_v3/gabor_codes/02__1L__S3021L02.jpg.npz,data/features/daugman_strict_v3/gabor_codes/07__2L__S3072L06.jpg.npz,2,7,F02_T1,F07_T2,F02_T1_L,F07_T2_L,1,2,L,L,unrelated,0,0,1,True,0.4250325414904002,-16,24584,,"S3021L02,S3072L06",filtered_from_final_matching_results
25109,8,93,02/1L/S3021L02.jpg,08/2R/S3082R04.jpg,data/features/daugman_strict_v3/gabor_codes/02__1L__S3021L02.jpg.npz,data/features/daugman_strict_v3/gabor_codes/08__2R__S3082R04.jpg.npz,2,8,F02_T1,F08_T2,F02_T1_L,F08_T2_R,1,2,L,R,unrelated,0,0,1,True,0.449223245109321,2,27808,,"S3021L02,S3082R04",filtered_from_final_matching_results
25124,8,108,02/1L/S3021L02.jpg,09/2R/S3092R03.jpg,data/features/daugman_strict_v3/gabor_codes/02__1L__S3021L02.jpg.npz,data/features/daugman_strict_v3/gabor_codes/09__2R__S3092R03.jpg.npz,2,9,F02_T1,F09_T2,F02_T1_L,F09_T2_R,1,2,L,R,unrelated,0,0,1,True,0.438597918022121,-16,24592,,"S3021L02,S3092R03",filtered_from_final_matching_results
25186,8,170,02/1L/S3021L02.jpg,12/2L/S3122L01.jpg,data/features/daugman_strict_v3/gabor_codes/02__1L__S3021L02.jpg.npz,data/features/daugman_strict_v3/gabor_codes/12__2L__S3122L01.jpg.npz,2,12,F02_T1,F12_T2,F02_T1_L,F12_T2_L,1,2,L,L,unrelated,0,0,1,True,0.4209176300578034,0,27680,,"S3021L02,S3122L01",filtered_from_final_matching_results
25194,8,178,02/1L/S3021L02.jpg,12/2L/S3122L09.jpg,data/features/daugman_strict_v3/gabor_codes/02__1L__S3021L02.jpg.npz,data/features/daugman_strict_v3/gabor_codes/12__2L__S3122L09.jpg.npz,2,12,F02_T1,F12_T2,F02_T1_L,F12_T2_L,1,2,L,L,unrelated,0,0,1,True,0.4256685697115384,-10,26624,,"S3021L02,S3122L09",filtered_from_final_matching_results
25196,8,180,02/1L/S3021L02.jpg,12/2R/S3122R01.jpg,data/features/daugman_strict_v3/gabor_codes/02__1L__S3021L02.jpg.npz,data/features/daugman_strict_v3/gabor_codes/12__2R__S3122R01.jpg.npz,2,12,F02_T1,F12_T2,F02_T1_L,F12_T2_R,1,2,L,R,unrelated,0,0,1,True,0.4377089136490251,0,28720,,"S3021L02,S3122R01",filtered_from_final_matching_results
25211,97,221,09/2L/S3092L02.jpg,15/1R/S3151R03.jpg,data/features/daugman_strict_v3/gabor_codes/09__2L__S3092L02.jpg.npz,data/features/daugman_strict_v3/gabor_codes/15__1R__S3151R03.jpg.npz,9,15,F09_T2,F15_T1,F09_T2_L,F15_T1_R,2,1,L,R,unrelated,0,0,1,True,0.4055880493202656,-4,25304,,"S3092L02,S3151R03",filtered_from_final_matching_results
25220,8,204,02/1L/S3021L02.jpg,14/2L/S3142L02.jpg,data/features/daugman_strict_v3/gabor_codes/02__1L__S3021L02.jpg.npz,data/features/daugman_strict_v3/gabor_codes/14__2L__S3142L02.jpg.npz,2,14,F02_T1,F14_T2,F02_T1_L,F14_T2_L,1,2,L,L,unrelated,0,0,1,True,0.4500566159818829,-14,24728,,"S3021L02,S3142L02",filtered_from_final_matching_results
25388,45,210,04/1L/S3041L06.jpg,14/2R/S3142R09.jpg,data/features/daugman_strict_v3/gabor_codes/04__1L__S3041L06.jpg.npz,data/features/daugman_strict_v3/gabor_codes/14__2R__S3142R09.jpg.npz,4,14,F04_T1,F14_T2,F04_T1_L,F14_T2_R,1,2,L,R,unrelated,0,0,1,True,0.413417803768681,2,24624,,"S3041L06,S3142R09",filtered_from_final_matching_results
25425,95,126,08/2R/S3082R06.jpg,10/1R/S3101R07.jpg,data/features/daugman_strict_v3/gabor_codes/08__2R__S3082R06.jpg.npz,data/features/daugman_strict_v3/gabor_codes/10__1R__S3101R07.jpg.npz,8,10,F08_T2,F10_T1,F08_T2_R,F10_T1_R,2,1,R,R,unrelated,0,0,1,True,0.4599872975547793,-12,25192,,"S3082R06,S3101R07",filtered_from_final_matching_results
25456,84,183,07/2L/S3072L06.jpg,12/2R/S3122R04.jpg,data/features/daugman_strict_v3/gabor_codes/07__2L__S3072L06.jpg.npz,data/features/daugman_strict_v3/gabor_codes/12__2R__S3122R04.jpg.npz,7,12,F07_T2,F12_T2,F07_T2_L,F12_T2_R,2,2,L,R,unrelated,0,0,1,True,0.411839306169203,16,24444,,"S3072L06,S3122R04",filtered_from_final_matching_results
25492,73,244,06/2R/S3062R02.jpg,18/2R/S3182R03.jpg,data/features/daugman_strict_v3/gabor_codes/06__2R__S3062R02.jpg.npz,data/features/daugman_strict_v3/gabor_codes/18__2R__S3182R03.jpg.npz,6,18,F06_T2,F18_T2,F06_T2_R,F18_T2_R,2,2,R,R,unrelated,0,0,1,True,0.4761882744590346,8,21628,,"S3062R02,S3182R03",filtered_from_final_matching_results
25566,67,129,06/2L/S3062L03.jpg,10/2L/S3102L01.jpg,data/features/daugman_strict_v3/gabor_codes/06__2L__S3062L03.jpg.npz,data/features/daugman_strict_v3/gabor_codes/10__2L__S3102L01.jpg.npz,6,10,F06_T2,F10_T2,F06_T2_L,F10_T2_L,2,2,L,L,unrelated,0,0,1,True,0.4731682549601624,-2,25604,,"S3062L03,S3102L01",filtered_from_final_matching_results
25599,121,174,10/1R/S3101R02.jpg,12/2L/S3122L05.jpg,data/features/daugman_strict_v3/gabor_codes/10__1R__S3101R02.jpg.npz,data/features/daugman_strict_v3/gabor_codes/12__2L__S3122L05.jpg.npz,10,12,F10_T1,F12_T2,F10_T1_R,F12_T2_L,1,2,R,L,unrelated,0,0,1,True,0.4824983130904183,16,23712,,"S3101R02,S3122L05",filtered_from_final_matching_results
25612,46,70,04/1R/S3041R01.jpg,06/2L/S3062L06.jpg,data/features/daugman_strict_v3/gabor_codes/04__1R__S3041R01.jpg.npz,data/features/daugman_strict_v3/gabor_codes/06__2L__S3062L06.jpg.npz,4,6,F04_T1,F06_T2,F04_T1_R,F06_T2_L,1,2,R,L,unrelated,0,0,1,True,0.4122940544412607,16,22336,,"S3041R01,S3062L06",filtered_from_final_matching_results
25629,111,223,09/2R/S3092R06.jpg,15/2R/S3152R03.jpg,data/features/daugman_strict_v3/gabor_codes/09__2R__S3092R06.jpg.npz,data/features/daugman_strict_v3/gabor_codes/15__2R__S3152R03.jpg.npz,9,15,F09_T2,F15_T2,F09_T2_R,F15_T2_R,2,2,R,R,unrelated,0,0,1,True,0.4336837557603686,2,27776,,"S3092R06,S3152R03",filtered_from_final_matching_results
25701,107,191,09/2R/S3092R02.jpg,13/2L/S3132L04.jpg,data/features/daugman_strict_v3/gabor_codes/09__2R__S3092R02.jpg.npz,data/features/daugman_strict_v3/gabor_codes/13__2L__S3132L04.jpg.npz,9,13,F09_T2,F13_T2,F09_T2_R,F13_T2_L,2,2,R,L,unrelated,0,0,1,True,0.4608938547486033,12,23628,,"S3092R02,S3132L04",filtered_from_final_matching_results
25797,93,241,08/2R/S3082R04.jpg,18/2L/S3182L01.jpg,data/features/daugman_strict_v3/gabor_codes/08__2R__S3082R04.jpg.npz,data/features/daugman_strict_v3/gabor_codes/18__2L__S3182L01.jpg.npz,8,18,F08_T2,F18_T2,F08_T2_R,F18_T2_L,2,2,R,L,unrelated,0,0,1,True,0.4430778934090192,-6,25368,,"S3082R04,S3182L01",filtered_from_final_matching_results
25860,107,240,09/2R/S3092R02.jpg,18/1R/S3181R05.jpg,data/features/daugman_strict_v3/gabor_codes/09__2R__S3092R02.jpg.npz,data/features/daugman_strict_v3/gabor_codes/18__1R__S3181R05.jpg.npz,9,18,F09_T2,F18_T1,F09_T2_R,F18_T1_R,2,1,R,R,unrelated,0,0,1,True,0.4958847736625514,-6,22356,,"S3092R02,S3181R05",filtered_from_final_matching_results
26005,58,234,05/2L/S3052L03.jpg,16/2R/S3162R09.jpg,data/features/daugman_strict_v3/gabor_codes/05__2L__S3052L03.jpg.npz,data/features/daugman_strict_v3/gabor_codes/16__2R__S3162R09.jpg.npz,5,16,F05_T2,F16_T2,F05_T2_L,F16_T2_R,2,2,L,R,unrelated,0,0,1,True,0.4544943820224719,-8,23140,,"S3052L03,S3162R09",filtered_from_final_matching_results
26055,183,236,12/2R/S3122R04.jpg,17/1L/S3171L10.jpg,data/features/daugman_strict_v3/gabor_codes/12__2R__S3122R04.jpg.npz,data/features/daugman_strict_v3/gabor_codes/17__1L__S3171L10.jpg.npz,12,17,F12_T2,F17_T1,F12_T2_R,F17_T1_L,2,1,R,L,unrelated,0,0,1,True,0.4467509025270758,4,25484,,"S3122R04,S3171L10",filtered_from_final_matching_results
26150,86,237,07/2L/S3072L08.jpg,17/2L/S3172L07.jpg,data/features/daugman_strict_v3/gabor_codes/07__2L__S3072L08.jpg.npz,data/features/daugman_strict_v3/gabor_codes/17__2L__S3172L07.jpg.npz,7,17,F07_T2,F17_T2,F07_T2_L,F17_T2_L,2,2,L,L,unrelated,0,0,1,True,0.4724268007903718,2,22268,,"S3072L08,S3172L07",filtered_from_final_matching_results
26163,41,223,03/2R/S3032R10.jpg,15/2R/S3152R03.jpg,data/features/daugman_strict_v3/gabor_codes/03__2R__S3032R10.jpg.npz,data/features/daugman_strict_v3/gabor_codes/15__2R__S3152R03.jpg.npz,3,15,F03_T2,F15_T2,F03_T2_R,F15_T2_R,2,2,R,R,unrelated,0,0,1,True,0.4611742424242424,-8,24288,,"S3032R10,S3152R03",filtered_from_final_matching_results
26166,124,224,10/1R/S3101R05.jpg,15/2R/S3152R04.jpg,data/features/daugman_strict_v3/gabor_codes/10__1R__S3101R05.jpg.npz,data/features/daugman_strict_v3/gabor_codes/15__2R__S3152R04.jpg.npz,10,15,F10_T1,F15_T2,F10_T1_R,F15_T2_R,1,2,R,R,unrelated,0,0,1,True,0.4414012283959434,4,28004,,"S3101R05,S3152R04",filtered_from_final_matching_results
26206,118,217,10/1L/S3101L09.jpg,15/1L/S3151L06.jpg,data/features/daugman_strict_v3/gabor_codes/10__1L__S3101L09.jpg.npz,data/features/daugman_strict_v3/gabor_codes/15__1L__S3151L06.jpg.npz,10,15,F10_T1,F15_T1,F10_T1_L,F15_T1_L,1,1,L,L,unrelated,0,0,1,True,0.4367664760758351,6,26584,,"S3101L09,S3151L06",filtered_from_final_matching_results
26385,188,226,13/1R/S3131R06.jpg,16/2L/S3162L01.jpg,data/features/daugman_strict_v3/gabor_codes/13__1R__S3131R06.jpg.npz,data/features/daugman_strict_v3/gabor_codes/16__2L__S3162L01.jpg.npz,13,16,F13_T1,F16_T2,F13_T1_R,F16_T2_L,1,2,R,L,unrelated,0,0,1,True,0.4199037049126816,-4,24508,,"S3131R06,S3162L01",filtered_from_final_matching_results
26440,51,208,05/1L/S3051L07.jpg,14/2R/S3142R07.jpg,data/features/daugman_strict_v3/gabor_codes/05__1L__S3051L07.jpg.npz,data/features/daugman_strict_v3/gabor_codes/14__2R__S3142R07.jpg.npz,5,14,F05_T1,F14_T2,F05_T1_L,F14_T2_R,1,2,L,R,unrelated,0,0,1,True,0.4478741991846243,4,20604,,"S3051L07,S3142R07",filtered_from_final_matching_results
26510,9,54,02/1L/S3021L03.jpg,05/1R/S3051R01.jpg,data/features/daugman_strict_v3/gabor_codes/02__1L__S3021L03.jpg.npz,data/features/daugman_strict_v3/gabor_codes/05__1R__S3051R01.jpg.npz,2,5,F02_T1,F05_T1,F02_T1_L,F05_T1_R,1,1,L,R,unrelated,0,0,1,True,0.4534776018861569,14,23752,,"S3021L03,S3051R01",filtered_from_final_matching_results
26530,69,168,06/2L/S3062L05.jpg,12/1R/S3121R07.jpg,data/features/daugman_strict_v3/gabor_codes/06__2L__S3062L05.jpg.npz,data/features/daugman_strict_v3/gabor_codes/12__1R__S3121R07.jpg.npz,6,12,F06_T2,F12_T1,F06_T2_L,F12_T1_R,2,1,L,R,unrelated,0,0,1,True,0.4253416244434208,8,26052,,"S3062L05,S3121R07",filtered_from_final_matching_results
26574,145,186,10/2R/S3102R09.jpg,13/1R/S3131R04.jpg,data/features/daugman_strict_v3/gabor_codes/10__2R__S3102R09.jpg.npz,data/features/daugman_strict_v3/gabor_codes/13__1R__S3131R04.jpg.npz,10,13,F10_T2,F13_T1,F10_T2_R,F13_T1_R,2,1,R,R,unrelated,0,0,1,True,0.4386799936538156,-6,25212,,"S3102R09,S3131R04",filtered_from_final_matching_results
26592,38,126,03/2R/S3032R07.jpg,10/1R/S3101R07.jpg,data/features/daugman_strict_v3/gabor_codes/03__2R__S3032R07.jpg.npz,data/features/daugman_strict_v3/gabor_codes/10__1R__S3101R07.jpg.npz,3,10,F03_T2,F10_T1,F03_T2_R,F10_T1_R,2,1,R,R,unrelated,0,0,1,True,0.4662729658792651,-14,22860,,"S3032R07,S3101R07",filtered_from_final_matching_results
26594,9,138,02/1L/S3021L03.jpg,10/2R/S3102R02.jpg,data/features/daugman_strict_v3/gabor_codes/02__1L__S3021L03.jpg.npz,data/features/daugman_strict_v3/gabor_codes/10__2R__S3102R02.jpg.npz,2,10,F02_T1,F10_T2,F02_T1_L,F10_T2_R,1,2,L,R,unrelated,0,0,1,True,0.3963193568726356,-2,25376,,"S3021L03,S3102R02",filtered_from_final_matching_results
26649,205,241,14/2L/S3142L03.jpg,18/2L/S3182L01.jpg,data/features/daugman_strict_v3/gabor_codes/14__2L__S3142L03.jpg.npz,data/features/daugman_strict_v3/gabor_codes/18__2L__S3182L01.jpg.npz,14,18,F14_T2,F18_T2,F14_T2_L,F18_T2_L,2,2,L,L,unrelated,0,0,1,True,0.4635042735042735,12,23400,,"S3142L03,S3182L01",filtered_from_final_matching_results
26675,9,219,02/1L/S3021L03.jpg,15/1R/S3151R01.jpg,data/features/daugman_strict_v3/gabor_codes/02__1L__S3021L03.jpg.npz,data/features/daugman_strict_v3/gabor_codes/15__1R__S3151R01.jpg.npz,2,15,F02_T1,F15_T1,F02_T1_L,F15_T1_R,1,1,L,R,unrelated,0,0,1,True,0.4568268665490888,-6,27216,,"S3021L03,S3151R01",filtered_from_final_matching_results
26697,49,60,04/2R/S3042R08.jpg,06/1L/S3061L02.jpg,data/features/daugman_strict_v3/gabor_codes/04__2R__S3042R08.jpg.npz,data/features/daugman_strict_v3/gabor_codes/06__1L__S3061L02.jpg.npz,4,6,F04_T2,F06_T1,F04_T2_R,F06_T1_L,2,1,R,L,unrelated,0,0,1,True,0.4188198643943558,-2,21828,,"S3042R08,S3061L02",filtered_from_final_matching_results
26734,176,205,12/2L/S3122L07.jpg,14/2L/S3142L03.jpg,data/features/daugman_strict_v3/gabor_codes/12__2L__S3122L07.jpg.npz,data/features/daugman_strict_v3/gabor_codes/14__2L__S3142L03.jpg.npz,12,14,F12_T2,F14_T2,F12_T2_L,F14_T2_L,2,2,L,L,unrelated,0,0,1,True,0.4289978008168394,6,25464,,"S3122L07,S3142L03",filtered_from_final_matching_results
26786,98,117,09/2L/S3092L03.jpg,10/1L/S3101L08.jpg,data/features/daugman_strict_v3/gabor_codes/09__2L__S3092L03.jpg.npz,data/features/daugman_strict_v3/gabor_codes/10__1L__S3101L08.jpg.npz,9,10,F09_T2,F10_T1,F09_T2_L,F10_T1_L,2,1,L,L,unrelated,0,0,1,True,0.47284318595794,-2,24156,,"S3092L03,S3101L08",filtered_from_final_matching_results
26843,73,232,06/2R/S3062R02.jpg,16/2R/S3162R07.jpg,data/features/daugman_strict_v3/gabor_codes/06__2R__S3062R02.jpg.npz,data/features/daugman_strict_v3/gabor_codes/16__2R__S3162R07.jpg.npz,6,16,F06_T2,F16_T2,F06_T2_R,F16_T2_R,2,2,R,R,unrelated,0,0,1,True,0.4192968111201962,8,24460,,"S3062R02,S3162R07",filtered_from_final_matching_results
26856,97,178,09/2L/S3092L02.jpg,12/2L/S3122L09.jpg,data/features/daugman_strict_v3/gabor_codes/09__2L__S3092L02.jpg.npz,data/features/daugman_strict_v3/gabor_codes/12__2L__S3122L09.jpg.npz,9,12,F09_T2,F12_T2,F09_T2_L,F12_T2_L,2,2,L,L,unrelated,0,0,1,True,0.4481948381321796,2,26812,,"S3092L02,S3122L09",filtered_from_final_matching_results
27231,121,198,10/1R/S3101R02.jpg,13/2R/S3132R07.jpg,data/features/daugman_strict_v3/gabor_codes/10__1R__S3101R02.jpg.npz,data/features/daugman_strict_v3/gabor_codes/13__2R__S3132R07.jpg.npz,10,13,F10_T1,F13_T2,F10_T1_R,F13_T2_R,1,2,R,R,unrelated,0,0,1,True,0.4258669793935332,6,23876,,"S3101R02,S3132R07",filtered_from_final_matching_results
27253,95,149,08/2R/S3082R06.jpg,11/1R/S3111R01.jpg,data/features/daugman_strict_v3/gabor_codes/08__2R__S3082R06.jpg.npz,data/features/daugman_strict_v3/gabor_codes/11__1R__S3111R01.jpg.npz,8,11,F08_T2,F11_T1,F08_T2_R,F11_T1_R,2,1,R,R,unrelated,0,0,1,True,0.4146188008882309,2,27020,,"S3082R06,S3111R01",filtered_from_final_matching_results
27390,188,199,13/1R/S3131R06.jpg,14/1L/S3141L03.jpg,data/features/daugman_strict_v3/gabor_codes/13__1R__S3131R06.jpg.npz,data/features/daugman_strict_v3/gabor_codes/14__1L__S3141L03.jpg.npz,13,14,F13_T1,F14_T1,F13_T1_R,F14_T1_L,1,1,R,L,unrelated,0,0,1,True,0.4250957243139757,0,25072,,"S3131R06,S3141L03",filtered_from_final_matching_results
27519,96,197,09/2L/S3092L01.jpg,13/2R/S3132R06.jpg,data/features/daugman_strict_v3/gabor_codes/09__2L__S3092L01.jpg.npz,data/features/daugman_strict_v3/gabor_codes/13__2R__S3132R06.jpg.npz,9,13,F09_T2,F13_T2,F09_T2_L,F13_T2_R,2,2,L,R,unrelated,0,0,1,True,0.4450725456943659,14,21228,,"S3092L01,S3132R06",filtered_from_final_matching_results
27529,77,224,06/2R/S3062R10.jpg,15/2R/S3152R04.jpg,data/features/daugman_strict_v3/gabor_codes/06__2R__S3062R10.jpg.npz,data/features/daugman_strict_v3/gabor_codes/15__2R__S3152R04.jpg.npz,6,15,F06_T2,F15_T2,F06_T2_R,F15_T2_R,2,2,R,R,unrelated,0,0,1,True,0.4579097839898348,10,25184,,"S3062R10,S3152R04",filtered_from_final_matching_results
27724,73,81,06/2R/S3062R02.jpg,07/2L/S3072L03.jpg,data/features/daugman_strict_v3/gabor_codes/06__2R__S3062R02.jpg.npz,data/features/daugman_strict_v3/gabor_codes/07__2L__S3072L03.jpg.npz,6,7,F06_T2,F07_T2,F06_T2_R,F07_T2_L,2,2,R,L,unrelated,0,0,1,True,0.4457621758380771,6,25296,,"S3062R02,S3072L03",filtered_from_final_matching_results
27795,89,113,07/2R/S3072R08.jpg,10/1L/S3101L02.jpg,data/features/daugman_strict_v3/gabor_codes/07__2R__S3072R08.jpg.npz,data/features/daugman_strict_v3/gabor_codes/10__1L__S3101L02.jpg.npz,7,10,F07_T2,F10_T1,F07_T2_R,F10_T1_L,2,1,R,L,unrelated,0,0,1,True,0.4263278855975485,8,23496,,"S3072R08,S3101L02",filtered_from_final_matching_results
27884,219,232,15/1R/S3151R01.jpg,16/2R/S3162R07.jpg,data/features/daugman_strict_v3/gabor_codes/15__1R__S3151R01.jpg.npz,data/features/daugman_strict_v3/gabor_codes/16__2R__S3162R07.jpg.npz,15,16,F15_T1,F16_T2,F15_T1_R,F16_T2_R,1,2,R,R,unrelated,0,0,1,True,0.4526546822742475,0,28704,,"S3151R01,S3162R07",filtered_from_final_matching_results
27931,10,35,02/1L/S3021L04.jpg,03/2R/S3032R04.jpg,data/features/daugman_strict_v3/gabor_codes/02__1L__S3021L04.jpg.npz,data/features/daugman_strict_v3/gabor_codes/03__2R__S3032R04.jpg.npz,2,3,F02_T1,F03_T2,F02_T1_L,F03_T2_R,1,2,L,R,unrelated,0,0,1,True,0.4730176211453744,-6,25424,,"S3021L04,S3032R04",filtered_from_final_matching_results
27945,10,49,02/1L/S3021L04.jpg,04/2R/S3042R08.jpg,data/features/daugman_strict_v3/gabor_codes/02__1L__S3021L04.jpg.npz,data/features/daugman_strict_v3/gabor_codes/04__2R__S3042R08.jpg.npz,2,4,F02_T1,F04_T2,F02_T1_L,F04_T2_R,1,2,L,R,unrelated,0,0,1,True,0.4253281305427456,0,22552,,"S3021L04,S3042R08",filtered_from_final_matching_results
27950,10,54,02/1L/S3021L04.jpg,05/1R/S3051R01.jpg,data/features/daugman_strict_v3/gabor_codes/02__1L__S3021L04.jpg.npz,data/features/daugman_strict_v3/gabor_codes/05__1R__S3051R01.jpg.npz,2,5,F02_T1,F05_T1,F02_T1_L,F05_T1_R,1,1,L,R,unrelated,0,0,1,True,0.4611331836241147,-14,23156,,"S3021L04,S3051R01",filtered_from_final_matching_results
27988,205,220,14/2L/S3142L03.jpg,15/1R/S3151R02.jpg,data/features/daugman_strict_v3/gabor_codes/14__2L__S3142L03.jpg.npz,data/features/daugman_strict_v3/gabor_codes/15__1R__S3151R02.jpg.npz,14,15,F14_T2,F15_T1,F14_T2_L,F15_T1_R,2,1,L,R,unrelated,0,0,1,True,0.4735580469095737,0,27116,,"S3142L03,S3151R02",filtered_from_final_matching_results
27993,10,97,02/1L/S3021L04.jpg,09/2L/S3092L02.jpg,data/features/daugman_strict_v3/gabor_codes/02__1L__S3021L04.jpg.npz,data/features/daugman_strict_v3/gabor_codes/09__2L__S3092L02.jpg.npz,2,9,F02_T1,F09_T2,F02_T1_L,F09_T2_L,1,2,L,L,unrelated,0,0,1,True,0.4263844936708861,-8,25280,,"S3021L04,S3092L02",filtered_from_final_matching_results
28011,10,115,02/1L/S3021L04.jpg,10/1L/S3101L04.jpg,data/features/daugman_strict_v3/gabor_codes/02__1L__S3021L04.jpg.npz,data/features/daugman_strict_v3/gabor_codes/10__1L__S3101L04.jpg.npz,2,10,F02_T1,F10_T1,F02_T1_L,F10_T1_L,1,1,L,L,unrelated,0,0,1,True,0.4579908675799087,-12,21900,,"S3021L04,S3101L04",filtered_from_final_matching_results
28072,10,176,02/1L/S3021L04.jpg,12/2L/S3122L07.jpg,data/features/daugman_strict_v3/gabor_codes/02__1L__S3021L04.jpg.npz,data/features/daugman_strict_v3/gabor_codes/12__2L__S3122L07.jpg.npz,2,12,F02_T1,F12_T2,F02_T1_L,F12_T2_L,1,2,L,L,unrelated,0,0,1,True,0.4280397022332506,-8,25792,,"S3021L04,S3122L07",filtered_from_final_matching_results
28076,10,180,02/1L/S3021L04.jpg,12/2R/S3122R01.jpg,data/features/daugman_strict_v3/gabor_codes/02__1L__S3021L04.jpg.npz,data/features/daugman_strict_v3/gabor_codes/12__2R__S3122R01.jpg.npz,2,12,F02_T1,F12_T2,F02_T1_L,F12_T2_R,1,2,L,R,unrelated,0,0,1,True,0.4256954612005856,16,24588,,"S3021L04,S3122R01",filtered_from_final_matching_results
28079,10,183,02/1L/S3021L04.jpg,12/2R/S3122R04.jpg,data/features/daugman_strict_v3/gabor_codes/02__1L__S3021L04.jpg.npz,data/features/daugman_strict_v3/gabor_codes/12__2R__S3122R04.jpg.npz,2,12,F02_T1,F12_T2,F02_T1_L,F12_T2_R,1,2,L,R,unrelated,0,0,1,True,0.4234436985047299,2,26216,,"S3021L04,S3122R04",filtered_from_final_matching_results
28095,10,199,02/1L/S3021L04.jpg,14/1L/S3141L03.jpg,data/features/daugman_strict_v3/gabor_codes/02__1L__S3021L04.jpg.npz,data/features/daugman_strict_v3/gabor_codes/14__1L__S3141L03.jpg.npz,2,14,F02_T1,F14_T1,F02_T1_L,F14_T1_L,1,1,L,L,unrelated,0,0,1,True,0.4141616314199395,0,26480,,"S3021L04,S3141L03",filtered_from_final_matching_results
28132,10,236,02/1L/S3021L04.jpg,17/1L/S3171L10.jpg,data/features/daugman_strict_v3/gabor_codes/02__1L__S3021L04.jpg.npz,data/features/daugman_strict_v3/gabor_codes/17__1L__S3171L10.jpg.npz,2,17,F02_T1,F17_T1,F02_T1_L,F17_T1_L,1,1,L,L,unrelated,0,0,1,True,0.4289490049751244,-4,25728,,"S3021L04,S3171L10",filtered_from_final_matching_results
28287,47,90,04/2L/S3042L08.jpg,07/2R/S3072R10.jpg,data/features/daugman_strict_v3/gabor_codes/04__2L__S3042L08.jpg.npz,data/features/daugman_strict_v3/gabor_codes/07__2R__S3072R10.jpg.npz,4,7,F04_T2,F07_T2,F04_T2_L,F07_T2_R,2,2,L,R,unrelated,0,0,1,True,0.4466309499278796,-10,19412,,"S3042L08,S3072R10",filtered_from_final_matching_results
28299,211,232,14/2R/S3142R10.jpg,16/2R/S3162R07.jpg,data/features/daugman_strict_v3/gabor_codes/14__2R__S3142R10.jpg.npz,data/features/daugman_strict_v3/gabor_codes/16__2R__S3162R07.jpg.npz,14,16,F14_T2,F16_T2,F14_T2_R,F16_T2_R,2,2,R,R,unrelated,0,0,1,True,0.4374441065998927,-14,22364,,"S3142R10,S3162R07",filtered_from_final_matching_results
28319,58,169,05/2L/S3052L03.jpg,12/1R/S3121R08.jpg,data/features/daugman_strict_v3/gabor_codes/05__2L__S3052L03.jpg.npz,data/features/daugman_strict_v3/gabor_codes/12__1R__S3121R08.jpg.npz,5,12,F05_T2,F12_T1,F05_T2_L,F12_T1_R,2,1,L,R,unrelated,0,0,1,True,0.4129594573276542,10,25356,,"S3052L03,S3121R08",filtered_from_final_matching_results
28320,207,215,14/2L/S3142L07.jpg,15/1L/S3151L04.jpg,data/features/daugman_strict_v3/gabor_codes/14__2L__S3142L07.jpg.npz,data/features/daugman_strict_v3/gabor_codes/15__1L__S3151L04.jpg.npz,14,15,F14_T2,F15_T1,F14_T2_L,F15_T1_L,2,1,L,L,unrelated,0,0,1,True,0.4923100823364921,4,25748,,"S3142L07,S3151L04",filtered_from_final_matching_results
28391,185,202,13/1L/S3131L10.jpg,14/1R/S3141R07.jpg,data/features/daugman_strict_v3/gabor_codes/13__1L__S3131L10.jpg.npz,data/features/daugman_strict_v3/gabor_codes/14__1R__S3141R07.jpg.npz,13,14,F13_T1,F14_T1,F13_T1_L,F14_T1_R,1,1,L,R,unrelated,0,0,1,True,0.4339823298429319,0,24448,,"S3131L10,S3141R07",filtered_from_final_matching_results
28439,77,136,06/2R/S3062R10.jpg,10/2L/S3102L10.jpg,data/features/daugman_strict_v3/gabor_codes/06__2R__S3062R10.jpg.npz,data/features/daugman_strict_v3/gabor_codes/10__2L__S3102L10.jpg.npz,6,10,F06_T2,F10_T2,F06_T2_R,F10_T2_L,2,2,R,L,unrelated,0,0,1,True,0.4537629757785467,-6,23120,,"S3062R10,S3102L10",filtered_from_final_matching_results
28502,179,244,12/2L/S3122L10.jpg,18/2R/S3182R03.jpg,data/features/daugman_strict_v3/gabor_codes/12__2L__S3122L10.jpg.npz,data/features/daugman_strict_v3/gabor_codes/18__2R__S3182R03.jpg.npz,12,18,F12_T2,F18_T2,F12_T2_L,F18_T2_R,2,2,L,R,unrelated,0,0,1,True,0.4940359796636683,16,20456,,"S3122L10,S3182R03",filtered_from_final_matching_results
28641,61,138,06/1L/S3061L03.jpg,10/2R/S3102R02.jpg,data/features/daugman_strict_v3/gabor_codes/06__1L__S3061L03.jpg.npz,data/features/daugman_strict_v3/gabor_codes/10__2R__S3102R02.jpg.npz,6,10,F06_T1,F10_T2,F06_T1_L,F10_T2_R,1,2,L,R,unrelated,0,0,1,True,0.426961926961927,-2,25740,,"S3061L03,S3102R02",filtered_from_final_matching_results
28716,71,117,06/2L/S3062L07.jpg,10/1L/S3101L08.jpg,data/features/daugman_strict_v3/gabor_codes/06__2L__S3062L07.jpg.npz,data/features/daugman_strict_v3/gabor_codes/10__1L__S3101L08.jpg.npz,6,10,F06_T2,F10_T1,F06_T2_L,F10_T1_L,2,1,L,L,unrelated,0,0,1,True,0.3919668703763267,0,24872,,"S3062L07,S3101L08",filtered_from_final_matching_results
28725,118,225,10/1L/S3101L09.jpg,15/2R/S3152R07.jpg,data/features/daugman_strict_v3/gabor_codes/10__1L__S3101L09.jpg.npz,data/features/daugman_strict_v3/gabor_codes/15__2R__S3152R07.jpg.npz,10,15,F10_T1,F15_T2,F10_T1_L,F15_T2_R,1,2,L,R,unrelated,0,0,1,True,0.4210296684118673,-12,25212,,"S3101L09,S3152R07",filtered_from_final_matching_results
28766,202,244,14/1R/S3141R07.jpg,18/2R/S3182R03.jpg,data/features/daugman_strict_v3/gabor_codes/14__1R__S3141R07.jpg.npz,data/features/daugman_strict_v3/gabor_codes/18__2R__S3182R03.jpg.npz,14,18,F14_T1,F18_T2,F14_T1_R,F18_T2_R,1,2,R,R,unrelated,0,0,1,True,0.4979342813220599,-16,20816,,"S3141R07,S3182R03",filtered_from_final_matching_results
28803,35,47,03/2R/S3032R04.jpg,04/2L/S3042L08.jpg,data/features/daugman_strict_v3/gabor_codes/03__2R__S3032R04.jpg.npz,data/features/daugman_strict_v3/gabor_codes/04__2L__S3042L08.jpg.npz,3,4,F03_T2,F04_T2,F03_T2_R,F04_T2_L,2,2,R,L,unrelated,0,0,1,True,0.4575308374810647,-14,18484,,"S3032R04,S3042L08",filtered_from_final_matching_results
28867,217,238,15/1L/S3151L06.jpg,17/2R/S3172R02.jpg,data/features/daugman_strict_v3/gabor_codes/15__1L__S3151L06.jpg.npz,data/features/daugman_strict_v3/gabor_codes/17__2R__S3172R02.jpg.npz,15,17,F15_T1,F17_T2,F15_T1_L,F17_T2_R,1,2,L,R,unrelated,0,0,1,True,0.4292505149738552,-10,25244,,"S3151L06,S3172R02",filtered_from_final_matching_results
29250,49,89,04/2R/S3042R08.jpg,07/2R/S3072R08.jpg,data/features/daugman_strict_v3/gabor_codes/04__2R__S3042R08.jpg.npz,data/features/daugman_strict_v3/gabor_codes/07__2R__S3072R08.jpg.npz,4,7,F04_T2,F07_T2,F04_T2_R,F07_T2_R,2,2,R,R,unrelated,0,0,1,True,0.45095,-12,20000,,"S3042R08,S3072R08",filtered_from_final_matching_results
29263,57,117,05/2L/S3052L02.jpg,10/1L/S3101L08.jpg,data/features/daugman_strict_v3/gabor_codes/05__2L__S3052L02.jpg.npz,data/features/daugman_strict_v3/gabor_codes/10__1L__S3101L08.jpg.npz,5,10,F05_T2,F10_T1,F05_T2_L,F10_T1_L,2,1,L,L,unrelated,0,0,1,True,0.3878952411370169,0,25048,,"S3052L02,S3101L08",filtered_from_final_matching_results
29304,37,53,03/2R/S3032R06.jpg,05/1L/S3051L10.jpg,data/features/daugman_strict_v3/gabor_codes/03__2R__S3032R06.jpg.npz,data/features/daugman_strict_v3/gabor_codes/05__1L__S3051L10.jpg.npz,3,5,F03_T2,F05_T1,F03_T2_R,F05_T1_L,2,1,R,L,unrelated,0,0,1,True,0.4547062986553432,-16,22608,,"S3032R06,S3051L10",filtered_from_final_matching_results
29387,123,208,10/1R/S3101R04.jpg,14/2R/S3142R07.jpg,data/features/daugman_strict_v3/gabor_codes/10__1R__S3101R04.jpg.npz,data/features/daugman_strict_v3/gabor_codes/14__2R__S3142R07.jpg.npz,10,14,F10_T1,F14_T2,F10_T1_R,F14_T2_R,1,2,R,R,unrelated,0,0,1,True,0.4403367496339678,6,24588,,"S3101R04,S3142R07",filtered_from_final_matching_results
29436,143,189,10/2R/S3102R07.jpg,13/1R/S3131R07.jpg,data/features/daugman_strict_v3/gabor_codes/10__2R__S3102R07.jpg.npz,data/features/daugman_strict_v3/gabor_codes/13__1R__S3131R07.jpg.npz,10,13,F10_T2,F13_T1,F10_T2_R,F13_T1_R,2,1,R,R,unrelated,0,0,1,True,0.475472765475998,-4,24748,,"S3102R07,S3131R07",filtered_from_final_matching_results
29469,46,99,04/1R/S3041R01.jpg,09/2L/S3092L04.jpg,data/features/daugman_strict_v3/gabor_codes/04__1R__S3041R01.jpg.npz,data/features/daugman_strict_v3/gabor_codes/09__2L__S3092L04.jpg.npz,4,9,F04_T1,F09_T2,F04_T1_R,F09_T2_L,1,2,R,L,unrelated,0,0,1,True,0.4340564738292011,8,23232,,"S3041R01,S3092L04",filtered_from_final_matching_results
29572,144,178,10/2R/S3102R08.jpg,12/2L/S3122L09.jpg,data/features/daugman_strict_v3/gabor_codes/10__2R__S3102R08.jpg.npz,data/features/daugman_strict_v3/gabor_codes/12__2L__S3122L09.jpg.npz,10,12,F10_T2,F12_T2,F10_T2_R,F12_T2_L,2,2,R,L,unrelated,0,0,1,True,0.4044653263403263,0,27456,,"S3102R08,S3122L09",filtered_from_final_matching_results
29605,54,136,05/1R/S3051R01.jpg,10/2L/S3102L10.jpg,data/features/daugman_strict_v3/gabor_codes/05__1R__S3051R01.jpg.npz,data/features/daugman_strict_v3/gabor_codes/10__2L__S3102L10.jpg.npz,5,10,F05_T1,F10_T2,F05_T1_R,F10_T2_L,1,2,R,L,unrelated,0,0,1,True,0.4523128473357306,0,24472,,"S3051R01,S3102L10",filtered_from_final_matching_results
29664,124,240,10/1R/S3101R05.jpg,18/1R/S3181R05.jpg,data/features/daugman_strict_v3/gabor_codes/10__1R__S3101R05.jpg.npz,data/features/daugman_strict_v3/gabor_codes/18__1R__S3181R05.jpg.npz,10,18,F10_T1,F18_T1,F10_T1_R,F18_T1_R,1,1,R,R,unrelated,0,0,1,True,0.4735199546056364,16,21148,,"S3101R05,S3181R05",filtered_from_final_matching_results
29818,42,184,04/1L/S3041L03.jpg,13/1L/S3131L08.jpg,data/features/daugman_strict_v3/gabor_codes/04__1L__S3041L03.jpg.npz,data/features/daugman_strict_v3/gabor_codes/13__1L__S3131L08.jpg.npz,4,13,F04_T1,F13_T1,F04_T1_L,F13_T1_L,1,1,L,L,unrelated,0,0,1,True,0.4591470082799562,-2,25604,,"S3041L03,S3131L08",filtered_from_final_matching_results
29819,195,223,13/2L/S3132L09.jpg,15/2R/S3152R03.jpg,data/features/daugman_strict_v3/gabor_codes/13__2L__S3132L09.jpg.npz,data/features/daugman_strict_v3/gabor_codes/15__2R__S3152R03.jpg.npz,13,15,F13_T2,F15_T2,F13_T2_L,F15_T2_R,2,2,L,R,unrelated,0,0,1,True,0.4315045439246045,10,23768,,"S3132L09,S3152R03",filtered_from_final_matching_results
29965,187,199,13/1R/S3131R05.jpg,14/1L/S3141L03.jpg,data/features/daugman_strict_v3/gabor_codes/13__1R__S3131R05.jpg.npz,data/features/daugman_strict_v3/gabor_codes/14__1L__S3141L03.jpg.npz,13,14,F13_T1,F14_T1,F13_T1_R,F14_T1_L,1,1,R,L,unrelated,0,0,1,True,0.4308383709831371,0,25144,,"S3131R05,S3141L03",filtered_from_final_matching_results
30047,147,198,11/1L/S3111L01.jpg,13/2R/S3132R07.jpg,data/features/daugman_strict_v3/gabor_codes/11__1L__S3111L01.jpg.npz,data/features/daugman_strict_v3/gabor_codes/13__2R__S3132R07.jpg.npz,11,13,F11_T1,F13_T2,F11_T1_L,F13_T2_R,1,2,L,R,unrelated,0,0,1,True,0.4411946902654867,16,22600,,"S3111L01,S3132R07",filtered_from_final_matching_results
30067,211,228,14/2R/S3142R10.jpg,16/2L/S3162L03.jpg,data/features/daugman_strict_v3/gabor_codes/14__2R__S3142R10.jpg.npz,data/features/daugman_strict_v3/gabor_codes/16__2L__S3162L03.jpg.npz,14,16,F14_T2,F16_T2,F14_T2_R,F16_T2_L,2,2,R,L,unrelated,0,0,1,True,0.4099682707562136,-8,22692,,"S3142R10,S3162L03",filtered_from_final_matching_results
30247,76,132,06/2R/S3062R09.jpg,10/2L/S3102L06.jpg,data/features/daugman_strict_v3/gabor_codes/06__2R__S3062R09.jpg.npz,data/features/daugman_strict_v3/gabor_codes/10__2L__S3102L06.jpg.npz,6,10,F06_T2,F10_T2,F06_T2_R,F10_T2_L,2,2,R,L,unrelated,0,0,1,True,0.4315,-8,22000,,"S3062R09,S3102L06",filtered_from_final_matching_results
30396,174,189,12/2L/S3122L05.jpg,13/1R/S3131R07.jpg,data/features/daugman_strict_v3/gabor_codes/12__2L__S3122L05.jpg.npz,data/features/daugman_strict_v3/gabor_codes/13__1R__S3131R07.jpg.npz,12,13,F12_T2,F13_T1,F12_T2_L,F13_T1_R,2,1,L,R,unrelated,0,0,1,True,0.4525448143405889,-6,24992,,"S3122L05,S3131R07",filtered_from_final_matching_results
30778,59,176,05/2R/S3052R01.jpg,12/2L/S3122L07.jpg,data/features/daugman_strict_v3/gabor_codes/05__2R__S3052R01.jpg.npz,data/features/daugman_strict_v3/gabor_codes/12__2L__S3122L07.jpg.npz,5,12,F05_T2,F12_T2,F05_T2_R,F12_T2_L,2,2,R,L,unrelated,0,0,1,True,0.4479734332425068,-16,23488,,"S3052R01,S3122L07",filtered_from_final_matching_results
30804,12,28,02/1L/S3021L06.jpg,03/2L/S3032L06.jpg,data/features/daugman_strict_v3/gabor_codes/02__1L__S3021L06.jpg.npz,data/features/daugman_strict_v3/gabor_codes/03__2L__S3032L06.jpg.npz,2,3,F02_T1,F03_T2,F02_T1_L,F03_T2_L,1,2,L,L,unrelated,0,0,1,True,0.4538121922227882,16,23556,,"S3021L06,S3032L06",filtered_from_final_matching_results
30823,12,47,02/1L/S3021L06.jpg,04/2L/S3042L08.jpg,data/features/daugman_strict_v3/gabor_codes/02__1L__S3021L06.jpg.npz,data/features/daugman_strict_v3/gabor_codes/04__2L__S3042L08.jpg.npz,2,4,F02_T1,F04_T2,F02_T1_L,F04_T2_L,1,2,L,L,unrelated,0,0,1,True,0.4539598332701781,-4,21112,,"S3021L06,S3042L08",filtered_from_final_matching_results
30831,12,55,02/1L/S3021L06.jpg,05/1R/S3051R03.jpg,data/features/daugman_strict_v3/gabor_codes/02__1L__S3021L06.jpg.npz,data/features/daugman_strict_v3/gabor_codes/05__1R__S3051R03.jpg.npz,2,5,F02_T1,F05_T1,F02_T1_L,F05_T1_R,1,1,L,R,unrelated,0,0,1,True,0.4510050251256281,-10,25472,,"S3021L06,S3051R03",filtered_from_final_matching_results
30837,12,61,02/1L/S3021L06.jpg,06/1L/S3061L03.jpg,data/features/daugman_strict_v3/gabor_codes/02__1L__S3021L06.jpg.npz,data/features/daugman_strict_v3/gabor_codes/06__1L__S3061L03.jpg.npz,2,6,F02_T1,F06_T1,F02_T1_L,F06_T1_L,1,1,L,L,unrelated,0,0,1,True,0.4227574750830565,12,25284,,"S3021L06,S3061L03",filtered_from_final_matching_results
30937,12,161,02/1L/S3021L06.jpg,12/1L/S3121L03.jpg,data/features/daugman_strict_v3/gabor_codes/02__1L__S3021L06.jpg.npz,data/features/daugman_strict_v3/gabor_codes/12__1L__S3121L03.jpg.npz,2,12,F02_T1,F12_T1,F02_T1_L,F12_T1_L,1,1,L,L,unrelated,0,0,1,True,0.4436418543911198,12,24504,,"S3021L06,S3121L03",filtered_from_final_matching_results
30957,12,181,02/1L/S3021L06.jpg,12/2R/S3122R02.jpg,data/features/daugman_strict_v3/gabor_codes/02__1L__S3021L06.jpg.npz,data/features/daugman_strict_v3/gabor_codes/12__2R__S3122R02.jpg.npz,2,12,F02_T1,F12_T2,F02_T1_L,F12_T2_R,1,2,L,R,unrelated,0,0,1,True,0.410937275728434,4,27868,,"S3021L06,S3122R02",filtered_from_final_matching_results
30961,178,236,12/2L/S3122L09.jpg,17/1L/S3171L10.jpg,data/features/daugman_strict_v3/gabor_codes/12__2L__S3122L09.jpg.npz,data/features/daugman_strict_v3/gabor_codes/17__1L__S3171L10.jpg.npz,12,17,F12_T2,F17_T1,F12_T2_L,F17_T1_L,2,1,L,L,unrelated,0,0,1,True,0.4353895018388499,-14,23928,,"S3122L09,S3171L10",filtered_from_final_matching_results
30973,12,197,02/1L/S3021L06.jpg,13/2R/S3132R06.jpg,data/features/daugman_strict_v3/gabor_codes/02__1L__S3021L06.jpg.npz,data/features/daugman_strict_v3/gabor_codes/13__2R__S3132R06.jpg.npz,2,13,F02_T1,F13_T2,F02_T1_L,F13_T2_R,1,2,L,R,unrelated,0,0,1,True,0.418136131193793,14,22684,,"S3021L06,S3132R06",filtered_from_final_matching_results
30977,12,201,02/1L/S3021L06.jpg,14/1R/S3141R06.jpg,data/features/daugman_strict_v3/gabor_codes/02__1L__S3021L06.jpg.npz,data/features/daugman_strict_v3/gabor_codes/14__1R__S3141R06.jpg.npz,2,14,F02_T1,F14_T1,F02_T1_L,F14_T1_R,1,1,L,R,unrelated,0,0,1,True,0.4221443178498393,0,27384,,"S3021L06,S3141R06",filtered_from_final_matching_results
30997,12,221,02/1L/S3021L06.jpg,15/1R/S3151R03.jpg,data/features/daugman_strict_v3/gabor_codes/02__1L__S3021L06.jpg.npz,data/features/daugman_strict_v3/gabor_codes/15__1R__S3151R03.jpg.npz,2,15,F02_T1,F15_T1,F02_T1_L,F15_T1_R,1,1,L,R,unrelated,0,0,1,True,0.4628576072821846,12,24608,,"S3021L06,S3151R03",filtered_from_final_matching_results
31161,119,161,10/1L/S3101L10.jpg,12/1L/S3121L03.jpg,data/features/daugman_strict_v3/gabor_codes/10__1L__S3101L10.jpg.npz,data/features/daugman_strict_v3/gabor_codes/12__1L__S3121L03.jpg.npz,10,12,F10_T1,F12_T1,F10_T1_L,F12_T1_L,1,1,L,L,unrelated,0,0,1,True,0.4731961750217328,-2,27608,,"S3101L10,S3121L03",filtered_from_final_matching_results
31181,70,247,06/2L/S3062L06.jpg,18/2R/S3182R06.jpg,data/features/daugman_strict_v3/gabor_codes/06__2L__S3062L06.jpg.npz,data/features/daugman_strict_v3/gabor_codes/18__2R__S3182R06.jpg.npz,6,18,F06_T2,F18_T2,F06_T2_L,F18_T2_R,2,2,L,R,unrelated,0,0,1,True,0.4985418016850291,-6,24688,,"S3062L06,S3182R06",filtered_from_final_matching_results
31390,36,199,03/2R/S3032R05.jpg,14/1L/S3141L03.jpg,data/features/daugman_strict_v3/gabor_codes/03__2R__S3032R05.jpg.npz,data/features/daugman_strict_v3/gabor_codes/14__1L__S3141L03.jpg.npz,3,14,F03_T2,F14_T1,F03_T2_R,F14_T1_L,2,1,R,L,unrelated,0,0,1,True,0.4632212788078322,16,23084,,"S3032R05,S3141L03",filtered_from_final_matching_results
31426,92,133,08/2R/S3082R02.jpg,10/2L/S3102L07.jpg,data/features/daugman_strict_v3/gabor_codes/08__2R__S3082R02.jpg.npz,data/features/daugman_strict_v3/gabor_codes/10__2L__S3102L07.jpg.npz,8,10,F08_T2,F10_T2,F08_T2_R,F10_T2_L,2,2,R,L,unrelated,0,0,1,True,0.4402266070602744,0,25948,,"S3082R02,S3102L07",filtered_from_final_matching_results
31550,46,147,04/1R/S3041R01.jpg,11/1L/S3111L01.jpg,data/features/daugman_strict_v3/gabor_codes/04__1R__S3041R01.jpg.npz,data/features/daugman_strict_v3/gabor_codes/11__1L__S3111L01.jpg.npz,4,11,F04_T1,F11_T1,F04_T1_R,F11_T1_L,1,1,R,L,unrelated,0,0,1,True,0.453757893115663,0,25972,,"S3041R01,S3111L01",filtered_from_final_matching_results
31604,86,222,07/2L/S3072L08.jpg,15/2R/S3152R02.jpg,data/features/daugman_strict_v3/gabor_codes/07__2L__S3072L08.jpg.npz,data/features/daugman_strict_v3/gabor_codes/15__2R__S3152R02.jpg.npz,7,15,F07_T2,F15_T2,F07_T2_L,F15_T2_R,2,2,L,R,unrelated,0,0,1,True,0.4265501778258853,-6,25868,,"S3072L08,S3152R02",filtered_from_final_matching_results
31647,150,237,11/1R/S3111R02.jpg,17/2L/S3172L07.jpg,data/features/daugman_strict_v3/gabor_codes/11__1R__S3111R02.jpg.npz,data/features/daugman_strict_v3/gabor_codes/17__2L__S3172L07.jpg.npz,11,17,F11_T1,F17_T2,F11_T1_R,F17_T2_L,1,2,R,L,unrelated,0,0,1,True,0.4933400605449041,-16,19820,,"S3111R02,S3172L07",filtered_from_final_matching_results
31700,61,117,06/1L/S3061L03.jpg,10/1L/S3101L08.jpg,data/features/daugman_strict_v3/gabor_codes/06__1L__S3061L03.jpg.npz,data/features/daugman_strict_v3/gabor_codes/10__1L__S3101L08.jpg.npz,6,10,F06_T1,F10_T1,F06_T1_L,F10_T1_L,1,1,L,L,unrelated,0,0,1,True,0.4321918901660281,0,25056,,"S3061L03,S3101L08",filtered_from_final_matching_results
31715,57,76,05/2L/S3052L02.jpg,06/2R/S3062R09.jpg,data/features/daugman_strict_v3/gabor_codes/05__2L__S3052L02.jpg.npz,data/features/daugman_strict_v3/gabor_codes/06__2R__S3062R09.jpg.npz,5,6,F05_T2,F06_T2,F05_T2_L,F06_T2_R,2,2,L,R,unrelated,0,0,1,True,0.4085644732959575,2,27112,,"S3052L02,S3062R09",filtered_from_final_matching_results
31814,186,246,13/1R/S3131R04.jpg,18/2R/S3182R05.jpg,data/features/daugman_strict_v3/gabor_codes/13__1R__S3131R04.jpg.npz,data/features/daugman_strict_v3/gabor_codes/18__2R__S3182R05.jpg.npz,13,18,F13_T1,F18_T2,F13_T1_R,F18_T2_R,1,2,R,R,unrelated,0,0,1,True,0.4412328051541006,-4,22972,,"S3131R04,S3182R05",filtered_from_final_matching_results
31857,111,122,09/2R/S3092R06.jpg,10/1R/S3101R03.jpg,data/features/daugman_strict_v3/gabor_codes/09__2R__S3092R06.jpg.npz,data/features/daugman_strict_v3/gabor_codes/10__1R__S3101R03.jpg.npz,9,10,F09_T2,F10_T1,F09_T2_R,F10_T1_R,2,1,R,R,unrelated,0,0,1,True,0.4125119464797706,-12,25112,,"S3092R06,S3101R03",filtered_from_final_matching_results
31969,81,165,07/2L/S3072L03.jpg,12/1R/S3121R04.jpg,data/features/daugman_strict_v3/gabor_codes/07__2L__S3072L03.jpg.npz,data/features/daugman_strict_v3/gabor_codes/12__1R__S3121R04.jpg.npz,7,12,F07_T2,F12_T1,F07_T2_L,F12_T1_R,2,1,L,R,unrelated,0,0,1,True,0.4693332329921734,4,26576,,"S3072L03,S3121R04",filtered_from_final_matching_results
32095,53,185,05/1L/S3051L10.jpg,13/1L/S3131L10.jpg,data/features/daugman_strict_v3/gabor_codes/05__1L__S3051L10.jpg.npz,data/features/daugman_strict_v3/gabor_codes/13__1L__S3131L10.jpg.npz,5,13,F05_T1,F13_T1,F05_T1_L,F13_T1_L,1,1,L,L,unrelated,0,0,1,True,0.4658115838398284,-6,22376,,"S3051L10,S3131L10",filtered_from_final_matching_results
32269,13,53,02/1R/S3021R01.jpg,05/1L/S3051L10.jpg,data/features/daugman_strict_v3/gabor_codes/02__1R__S3021R01.jpg.npz,data/features/daugman_strict_v3/gabor_codes/05__1L__S3051L10.jpg.npz,2,5,F02_T1,F05_T1,F02_T1_R,F05_T1_L,1,1,R,L,unrelated,0,0,1,True,0.4442591710338256,6,25188,,"S3021R01,S3051L10",filtered_from_final_matching_results
32280,13,64,02/1R/S3021R01.jpg,06/1R/S3061R07.jpg,data/features/daugman_strict_v3/gabor_codes/02__1R__S3021R01.jpg.npz,data/features/daugman_strict_v3/gabor_codes/06__1R__S3061R07.jpg.npz,2,6,F02_T1,F06_T1,F02_T1_R,F06_T1_R,1,1,R,R,unrelated,0,0,1,True,0.4591836734693877,16,19600,,"S3021R01,S3061R07",filtered_from_final_matching_results
32345,113,224,10/1L/S3101L02.jpg,15/2R/S3152R04.jpg,data/features/daugman_strict_v3/gabor_codes/10__1L__S3101L02.jpg.npz,data/features/daugman_strict_v3/gabor_codes/15__2R__S3152R04.jpg.npz,10,15,F10_T1,F15_T2,F10_T1_L,F15_T2_R,1,2,L,R,unrelated,0,0,1,True,0.426436205744823,12,23952,,"S3101L02,S3152R04",filtered_from_final_matching_results
32381,13,165,02/1R/S3021R01.jpg,12/1R/S3121R04.jpg,data/features/daugman_strict_v3/gabor_codes/02__1R__S3021R01.jpg.npz,data/features/daugman_strict_v3/gabor_codes/12__1R__S3121R04.jpg.npz,2,12,F02_T1,F12_T1,F02_T1_R,F12_T1_R,1,1,R,R,unrelated,0,0,1,True,0.4392642642642642,4,26640,,"S3021R01,S3121R04",filtered_from_final_matching_results
32434,13,218,02/1R/S3021R01.jpg,15/1L/S3151L07.jpg,data/features/daugman_strict_v3/gabor_codes/02__1R__S3021R01.jpg.npz,data/features/daugman_strict_v3/gabor_codes/15__1L__S3151L07.jpg.npz,2,15,F02_T1,F15_T1,F02_T1_R,F15_T1_L,1,1,R,L,unrelated,0,0,1,True,0.4275500841107203,6,26156,,"S3021R01,S3151L07",filtered_from_final_matching_results
32442,150,184,11/1R/S3111R02.jpg,13/1L/S3131L08.jpg,data/features/daugman_strict_v3/gabor_codes/11__1R__S3111R02.jpg.npz,data/features/daugman_strict_v3/gabor_codes/13__1L__S3131L08.jpg.npz,11,13,F11_T1,F13_T1,F11_T1_R,F13_T1_L,1,1,R,L,unrelated,0,0,1,True,0.4502487562189055,-12,24120,,"S3111R02,S3131L08",filtered_from_final_matching_results
32444,13,228,02/1R/S3021R01.jpg,16/2L/S3162L03.jpg,data/features/daugman_strict_v3/gabor_codes/02__1R__S3021R01.jpg.npz,data/features/daugman_strict_v3/gabor_codes/16__2L__S3162L03.jpg.npz,2,16,F02_T1,F16_T2,F02_T1_R,F16_T2_L,1,2,R,L,unrelated,0,0,1,True,0.4365977690288714,12,24384,,"S3021R01,S3162L03",filtered_from_final_matching_results
32453,13,237,02/1R/S3021R01.jpg,17/2L/S3172L07.jpg,data/features/daugman_strict_v3/gabor_codes/02__1R__S3021R01.jpg.npz,data/features/daugman_strict_v3/gabor_codes/17__2L__S3172L07.jpg.npz,2,17,F02_T1,F17_T2,F02_T1_R,F17_T2_L,1,2,R,L,unrelated,0,0,1,True,0.4409015179563125,-6,21608,,"S3021R01,S3172L07",filtered_from_final_matching_results
32456,13,240,02/1R/S3021R01.jpg,18/1R/S3181R05.jpg,data/features/daugman_strict_v3/gabor_codes/02__1R__S3021R01.jpg.npz,data/features/daugman_strict_v3/gabor_codes/18__1R__S3181R05.jpg.npz,2,18,F02_T1,F18_T1,F02_T1_R,F18_T1_R,1,1,R,R,unrelated,0,0,1,True,0.4640347633136095,10,21632,,"S3021R01,S3181R05",filtered_from_final_matching_results
32512,161,187,12/1L/S3121L03.jpg,13/1R/S3131R05.jpg,data/features/daugman_strict_v3/gabor_codes/12__1L__S3121L03.jpg.npz,data/features/daugman_strict_v3/gabor_codes/13__1R__S3131R05.jpg.npz,12,13,F12_T1,F13_T1,F12_T1_L,F13_T1_R,1,1,L,R,unrelated,0,0,1,True,0.4191101694915254,14,23600,,"S3121L03,S3131R05",filtered_from_final_matching_results
32624,54,144,05/1R/S3051R01.jpg,10/2R/S3102R08.jpg,data/features/daugman_strict_v3/gabor_codes/05__1R__S3051R01.jpg.npz,data/features/daugman_strict_v3/gabor_codes/10__2R__S3102R08.jpg.npz,5,10,F05_T1,F10_T2,F05_T1_R,F10_T2_R,1,2,R,R,unrelated,0,0,1,True,0.4525337282000658,8,24312,,"S3051R01,S3102R08",filtered_from_final_matching_results
32627,42,219,04/1L/S3041L03.jpg,15/1R/S3151R01.jpg,data/features/daugman_strict_v3/gabor_codes/04__1L__S3041L03.jpg.npz,data/features/daugman_strict_v3/gabor_codes/15__1R__S3151R01.jpg.npz,4,15,F04_T1,F15_T1,F04_T1_L,F15_T1_R,1,1,L,R,unrelated,0,0,1,True,0.4599727602905569,-10,26432,,"S3041L03,S3151R01",filtered_from_final_matching_results
32678,86,247,07/2L/S3072L08.jpg,18/2R/S3182R06.jpg,data/features/daugman_strict_v3/gabor_codes/07__2L__S3072L08.jpg.npz,data/features/daugman_strict_v3/gabor_codes/18__2R__S3182R06.jpg.npz,7,18,F07_T2,F18_T2,F07_T2_L,F18_T2_R,2,2,L,R,unrelated,0,0,1,True,0.4997418688693856,8,23244,,"S3072L08,S3182R06",filtered_from_final_matching_results
32697,41,71,03/2R/S3032R10.jpg,06/2L/S3062L07.jpg,data/features/daugman_strict_v3/gabor_codes/03__2R__S3032R10.jpg.npz,data/features/daugman_strict_v3/gabor_codes/06__2L__S3062L07.jpg.npz,3,6,F03_T2,F06_T2,F03_T2_R,F06_T2_L,2,2,R,L,unrelated,0,0,1,True,0.4381355932203389,14,22420,,"S3032R10,S3062L07",filtered_from_final_matching_results
32754,70,87,06/2L/S3062L06.jpg,07/2L/S3072L09.jpg,data/features/daugman_strict_v3/gabor_codes/06__2L__S3062L06.jpg.npz,data/features/daugman_strict_v3/gabor_codes/07__2L__S3072L09.jpg.npz,6,7,F06_T2,F07_T2,F06_T2_L,F07_T2_L,2,2,L,L,unrelated,0,0,1,True,0.4642742582197273,-16,24940,,"S3062L06,S3072L09",filtered_from_final_matching_results
32845,51,209,05/1L/S3051L07.jpg,14/2R/S3142R08.jpg,data/features/daugman_strict_v3/gabor_codes/05__1L__S3051L07.jpg.npz,data/features/daugman_strict_v3/gabor_codes/14__2R__S3142R08.jpg.npz,5,14,F05_T1,F14_T2,F05_T1_L,F14_T2_R,1,2,L,R,unrelated,0,0,1,True,0.4612454770519901,4,21004,,"S3051L07,S3142R08",filtered_from_final_matching_results
32862,81,129,07/2L/S3072L03.jpg,10/2L/S3102L01.jpg,data/features/daugman_strict_v3/gabor_codes/07__2L__S3072L03.jpg.npz,data/features/daugman_strict_v3/gabor_codes/10__2L__S3102L01.jpg.npz,7,10,F07_T2,F10_T2,F07_T2_L,F10_T2_L,2,2,L,L,unrelated,0,0,1,True,0.4264144682263149,12,24108,,"S3072L03,S3102L01",filtered_from_final_matching_results
32891,90,168,07/2R/S3072R10.jpg,12/1R/S3121R07.jpg,data/features/daugman_strict_v3/gabor_codes/07__2R__S3072R10.jpg.npz,data/features/daugman_strict_v3/gabor_codes/12__1R__S3121R07.jpg.npz,7,12,F07_T2,F12_T1,F07_T2_R,F12_T1_R,2,1,R,R,unrelated,0,0,1,True,0.4498392282958199,12,24880,,"S3072R10,S3121R07",filtered_from_final_matching_results
32907,51,145,05/1L/S3051L07.jpg,10/2R/S3102R09.jpg,data/features/daugman_strict_v3/gabor_codes/05__1L__S3051L07.jpg.npz,data/features/daugman_strict_v3/gabor_codes/10__2R__S3102R09.jpg.npz,5,10,F05_T1,F10_T2,F05_T1_L,F10_T2_R,1,2,L,R,unrelated,0,0,1,True,0.4536352698521829,0,23272,,"S3051L07,S3102R09",filtered_from_final_matching_results
32983,109,219,09/2R/S3092R04.jpg,15/1R/S3151R01.jpg,data/features/daugman_strict_v3/gabor_codes/09__2R__S3092R04.jpg.npz,data/features/daugman_strict_v3/gabor_codes/15__1R__S3151R01.jpg.npz,9,15,F09_T2,F15_T1,F09_T2_R,F15_T1_R,2,1,R,R,unrelated,0,0,1,True,0.486992385786802,2,28368,,"S3092R04,S3151R01",filtered_from_final_matching_results
33041,121,188,10/1R/S3101R02.jpg,13/1R/S3131R06.jpg,data/features/daugman_strict_v3/gabor_codes/10__1R__S3101R02.jpg.npz,data/features/daugman_strict_v3/gabor_codes/13__1R__S3131R06.jpg.npz,10,13,F10_T1,F13_T1,F10_T1_R,F13_T1_R,1,1,R,R,unrelated,0,0,1,True,0.4339840637450199,6,25100,,"S3101R02,S3131R06",filtered_from_final_matching_results
33074,238,245,17/2R/S3172R02.jpg,18/2R/S3182R04.jpg,data/features/daugman_strict_v3/gabor_codes/17__2R__S3172R02.jpg.npz,data/features/daugman_strict_v3/gabor_codes/18__2R__S3182R04.jpg.npz,17,18,F17_T2,F18_T2,F17_T2_R,F18_T2_R,2,2,R,R,unrelated,0,0,1,True,0.5058966510622974,-12,22216,,"S3172R02,S3182R04",filtered_from_final_matching_results
33125,50,92,05/1L/S3051L06.jpg,08/2R/S3082R02.jpg,data/features/daugman_strict_v3/gabor_codes/05__1L__S3051L06.jpg.npz,data/features/daugman_strict_v3/gabor_codes/08__2R__S3082R02.jpg.npz,5,8,F05_T1,F08_T2,F05_T1_L,F08_T2_R,1,2,L,R,unrelated,0,0,1,True,0.4787196623285262,4,22744,,"S3051L06,S3082R02",filtered_from_final_matching_results
33212,121,158,10/1R/S3101R02.jpg,11/2L/S3112L10.jpg,data/features/daugman_strict_v3/gabor_codes/10__1R__S3101R02.jpg.npz,data/features/daugman_strict_v3/gabor_codes/11__2L__S3112L10.jpg.npz,10,11,F10_T1,F11_T2,F10_T1_R,F11_T2_L,1,2,R,L,unrelated,0,0,1,True,0.4231728911783644,12,24848,,"S3101R02,S3112L10",filtered_from_final_matching_results
33370,86,246,07/2L/S3072L08.jpg,18/2R/S3182R05.jpg,data/features/daugman_strict_v3/gabor_codes/07__2L__S3072L08.jpg.npz,data/features/daugman_strict_v3/gabor_codes/18__2R__S3182R05.jpg.npz,7,18,F07_T2,F18_T2,F07_T2_L,F18_T2_R,2,2,L,R,unrelated,0,0,1,True,0.4793470730862487,-4,23096,,"S3072L08,S3182R05",filtered_from_final_matching_results
33449,46,75,04/1R/S3041R01.jpg,06/2R/S3062R08.jpg,data/features/daugman_strict_v3/gabor_codes/04__1R__S3041R01.jpg.npz,data/features/daugman_strict_v3/gabor_codes/06__2R__S3062R08.jpg.npz,4,6,F04_T1,F06_T2,F04_T1_R,F06_T2_R,1,2,R,R,unrelated,0,0,1,True,0.4249304911955514,8,21580,,"S3041R01,S3062R08",filtered_from_final_matching_results
33523,74,207,06/2R/S3062R07.jpg,14/2L/S3142L07.jpg,data/features/daugman_strict_v3/gabor_codes/06__2R__S3062R07.jpg.npz,data/features/daugman_strict_v3/gabor_codes/14__2L__S3142L07.jpg.npz,6,14,F06_T2,F14_T2,F06_T2_R,F14_T2_L,2,2,R,L,unrelated,0,0,1,True,0.4561044395924308,-14,21984,,"S3062R07,S3142L07",filtered_from_final_matching_results
33621,77,91,06/2R/S3062R10.jpg,08/2R/S3082R01.jpg,data/features/daugman_strict_v3/gabor_codes/06__2R__S3062R10.jpg.npz,data/features/daugman_strict_v3/gabor_codes/08__2R__S3082R01.jpg.npz,6,8,F06_T2,F08_T2,F06_T2_R,F08_T2_R,2,2,R,R,unrelated,0,0,1,True,0.3990450791465932,-16,23248,,"S3062R10,S3082R01",filtered_from_final_matching_results
33764,14,108,02/1R/S3021R02.jpg,09/2R/S3092R03.jpg,data/features/daugman_strict_v3/gabor_codes/02__1R__S3021R02.jpg.npz,data/features/daugman_strict_v3/gabor_codes/09__2R__S3092R03.jpg.npz,2,9,F02_T1,F09_T2,F02_T1_R,F09_T2_R,1,2,R,R,unrelated,0,0,1,True,0.4225803618478834,16,22772,,"S3021R02,S3092R03",filtered_from_final_matching_results
33765,14,109,02/1R/S3021R02.jpg,09/2R/S3092R04.jpg,data/features/daugman_strict_v3/gabor_codes/02__1R__S3021R02.jpg.npz,data/features/daugman_strict_v3/gabor_codes/09__2R__S3092R04.jpg.npz,2,9,F02_T1,F09_T2,F02_T1_R,F09_T2_R,1,2,R,R,unrelated,0,0,1,True,0.4165631653655074,16,22544,,"S3021R02,S3092R04",filtered_from_final_matching_results
33789,14,133,02/1R/S3021R02.jpg,10/2L/S3102L07.jpg,data/features/daugman_strict_v3/gabor_codes/02__1R__S3021R02.jpg.npz,data/features/daugman_strict_v3/gabor_codes/10__2L__S3102L07.jpg.npz,2,10,F02_T1,F10_T2,F02_T1_R,F10_T2_L,1,2,R,L,unrelated,0,0,1,True,0.4426673658451319,10,22884,,"S3021R02,S3102L07",filtered_from_final_matching_results
33792,14,136,02/1R/S3021R02.jpg,10/2L/S3102L10.jpg,data/features/daugman_strict_v3/gabor_codes/02__1R__S3021R02.jpg.npz,data/features/daugman_strict_v3/gabor_codes/10__2L__S3102L10.jpg.npz,2,10,F02_T1,F10_T2,F02_T1_R,F10_T2_L,1,2,R,L,unrelated,0,0,1,True,0.4675780604658847,0,24212,,"S3021R02,S3102L10",filtered_from_final_matching_results
33799,14,143,02/1R/S3021R02.jpg,10/2R/S3102R07.jpg,data/features/daugman_strict_v3/gabor_codes/02__1R__S3021R02.jpg.npz,data/features/daugman_strict_v3/gabor_codes/10__2R__S3102R07.jpg.npz,2,10,F02_T1,F10_T2,F02_T1_R,F10_T2_R,1,2,R,R,unrelated,0,0,1,True,0.4376730103806228,-14,23120,,"S3021R02,S3102R07",filtered_from_final_matching_results
33806,14,150,02/1R/S3021R02.jpg,11/1R/S3111R02.jpg,data/features/daugman_strict_v3/gabor_codes/02__1R__S3021R02.jpg.npz,data/features/daugman_strict_v3/gabor_codes/11__1R__S3111R02.jpg.npz,2,11,F02_T1,F11_T1,F02_T1_R,F11_T1_R,1,1,R,R,unrelated,0,0,1,True,0.4372190590350614,0,26696,,"S3021R02,S3111R02",filtered_from_final_matching_results
33818,14,162,02/1R/S3021R02.jpg,12/1R/S3121R01.jpg,data/features/daugman_strict_v3/gabor_codes/02__1R__S3021R02.jpg.npz,data/features/daugman_strict_v3/gabor_codes/12__1R__S3121R01.jpg.npz,2,12,F02_T1,F12_T1,F02_T1_R,F12_T1_R,1,1,R,R,unrelated,0,0,1,True,0.451824092468846,-16,22148,,"S3021R02,S3121R01",filtered_from_final_matching_results
33840,14,184,02/1R/S3021R02.jpg,13/1L/S3131L08.jpg,data/features/daugman_strict_v3/gabor_codes/02__1R__S3021R02.jpg.npz,data/features/daugman_strict_v3/gabor_codes/13__1L__S3131L08.jpg.npz,2,13,F02_T1,F13_T1,F02_T1_R,F13_T1_L,1,1,R,L,unrelated,0,0,1,True,0.4872069142563751,-12,23372,,"S3021R02,S3131L08",filtered_from_final_matching_results
33851,14,195,02/1R/S3021R02.jpg,13/2L/S3132L09.jpg,data/features/daugman_strict_v3/gabor_codes/02__1R__S3021R02.jpg.npz,data/features/daugman_strict_v3/gabor_codes/13__2L__S3132L09.jpg.npz,2,13,F02_T1,F13_T2,F02_T1_R,F13_T2_L,1,2,R,L,unrelated,0,0,1,True,0.3975271304038427,-14,22484,,"S3021R02,S3132L09",filtered_from_final_matching_results
33856,14,200,02/1R/S3021R02.jpg,14/1R/S3141R04.jpg,data/features/daugman_strict_v3/gabor_codes/02__1R__S3021R02.jpg.npz,data/features/daugman_strict_v3/gabor_codes/14__1R__S3141R04.jpg.npz,2,14,F02_T1,F14_T1,F02_T1_R,F14_T1_R,1,1,R,R,unrelated,0,0,1,True,0.3994903737259343,10,24724,,"S3021R02,S3141R04",filtered_from_final_matching_results
34008,232,238,16/2R/S3162R07.jpg,17/2R/S3172R02.jpg,data/features/daugman_strict_v3/gabor_codes/16__2R__S3162R07.jpg.npz,data/features/daugman_strict_v3/gabor_codes/17__2R__S3172R02.jpg.npz,16,17,F16_T2,F17_T2,F16_T2_R,F17_T2_R,2,2,R,R,unrelated,0,0,1,True,0.4357418421475647,-12,24884,,"S3162R07,S3172R02",filtered_from_final_matching_results
34051,182,192,12/2R/S3122R03.jpg,13/2L/S3132L05.jpg,data/features/daugman_strict_v3/gabor_codes/12__2R__S3122R03.jpg.npz,data/features/daugman_strict_v3/gabor_codes/13__2L__S3132L05.jpg.npz,12,13,F12_T2,F13_T2,F12_T2_R,F13_T2_L,2,2,R,L,unrelated,0,0,1,True,0.4578431372549019,-14,22440,,"S3122R03,S3132L05",filtered_from_final_matching_results
34109,35,76,03/2R/S3032R04.jpg,06/2R/S3062R09.jpg,data/features/daugman_strict_v3/gabor_codes/03__2R__S3032R04.jpg.npz,data/features/daugman_strict_v3/gabor_codes/06__2R__S3062R09.jpg.npz,3,6,F03_T2,F06_T2,F03_T2_R,F06_T2_R,2,2,R,R,unrelated,0,0,1,True,0.4646590731783429,-4,25636,,"S3032R04,S3062R09",filtered_from_final_matching_results
34143,68,240,06/2L/S3062L04.jpg,18/1R/S3181R05.jpg,data/features/daugman_strict_v3/gabor_codes/06__2L__S3062L04.jpg.npz,data/features/daugman_strict_v3/gabor_codes/18__1R__S3181R05.jpg.npz,6,18,F06_T2,F18_T1,F06_T2_L,F18_T1_R,2,1,L,R,unrelated,0,0,1,True,0.4767768876768365,4,23468,,"S3062L04,S3181R05",filtered_from_final_matching_results
34187,160,235,12/1L/S3121L02.jpg,16/2R/S3162R10.jpg,data/features/daugman_strict_v3/gabor_codes/12__1L__S3121L02.jpg.npz,data/features/daugman_strict_v3/gabor_codes/16__2R__S3162R10.jpg.npz,12,16,F12_T1,F16_T2,F12_T1_L,F16_T2_R,1,2,L,R,unrelated,0,0,1,True,0.4045031055900621,-16,23184,,"S3121L02,S3162R10",filtered_from_final_matching_results
34194,218,226,15/1L/S3151L07.jpg,16/2L/S3162L01.jpg,data/features/daugman_strict_v3/gabor_codes/15__1L__S3151L07.jpg.npz,data/features/daugman_strict_v3/gabor_codes/16__2L__S3162L01.jpg.npz,15,16,F15_T1,F16_T2,F15_T1_L,F16_T2_L,1,2,L,L,unrelated,0,0,1,True,0.440110142267095,12,26148,,"S3151L07,S3162L01",filtered_from_final_matching_results
34396,225,234,15/2R/S3152R07.jpg,16/2R/S3162R09.jpg,data/features/daugman_strict_v3/gabor_codes/15__2R__S3152R07.jpg.npz,data/features/daugman_strict_v3/gabor_codes/16__2R__S3162R09.jpg.npz,15,16,F15_T2,F16_T2,F15_T2_R,F16_T2_R,2,2,R,R,unrelated,0,0,1,True,0.4440896005757466,-16,22232,,"S3152R07,S3162R09",filtered_from_final_matching_results
34465,38,52,03/2R/S3032R07.jpg,05/1L/S3051L08.jpg,data/features/daugman_strict_v3/gabor_codes/03__2R__S3032R07.jpg.npz,data/features/daugman_strict_v3/gabor_codes/05__1L__S3051L08.jpg.npz,3,5,F03_T2,F05_T1,F03_T2_R,F05_T1_L,2,1,R,L,unrelated,0,0,1,True,0.4692492012779553,-14,20032,,"S3032R07,S3051L08",filtered_from_final_matching_results
34700,147,246,11/1L/S3111L01.jpg,18/2R/S3182R05.jpg,data/features/daugman_strict_v3/gabor_codes/11__1L__S3111L01.jpg.npz,data/features/daugman_strict_v3/gabor_codes/18__2R__S3182R05.jpg.npz,11,18,F11_T1,F18_T2,F11_T1_L,F18_T2_R,1,2,L,R,unrelated,0,0,1,True,0.4576299797434166,8,23696,,"S3111L01,S3182R05",filtered_from_final_matching_results
34838,163,187,12/1R/S3121R02.jpg,13/1R/S3131R05.jpg,data/features/daugman_strict_v3/gabor_codes/12__1R__S3121R02.jpg.npz,data/features/daugman_strict_v3/gabor_codes/13__1R__S3131R05.jpg.npz,12,13,F12_T1,F13_T1,F12_T1_R,F13_T1_R,1,1,R,R,unrelated,0,0,1,True,0.4602659245516388,2,25872,,"S3121R02,S3131R05",filtered_from_final_matching_results
34953,113,159,10/1L/S3101L02.jpg,12/1L/S3121L01.jpg,data/features/daugman_strict_v3/gabor_codes/10__1L__S3101L02.jpg.npz,data/features/daugman_strict_v3/gabor_codes/12__1L__S3121L01.jpg.npz,10,12,F10_T1,F12_T1,F10_T1_L,F12_T1_L,1,1,L,L,unrelated,0,0,1,True,0.46438323160938,-8,24904,,"S3101L02,S3121L01",filtered_from_final_matching_results
35008,115,158,10/1L/S3101L04.jpg,11/2L/S3112L10.jpg,data/features/daugman_strict_v3/gabor_codes/10__1L__S3101L04.jpg.npz,data/features/daugman_strict_v3/gabor_codes/11__2L__S3112L10.jpg.npz,10,11,F10_T1,F11_T2,F10_T1_L,F11_T2_L,1,2,L,L,unrelated,0,0,1,True,0.4248307952622673,6,23640,,"S3101L04,S3112L10",filtered_from_final_matching_results
35159,35,183,03/2R/S3032R04.jpg,12/2R/S3122R04.jpg,data/features/daugman_strict_v3/gabor_codes/03__2R__S3032R04.jpg.npz,data/features/daugman_strict_v3/gabor_codes/12__2R__S3122R04.jpg.npz,3,12,F03_T2,F12_T2,F03_T2_R,F12_T2_R,2,2,R,R,unrelated,0,0,1,True,0.4736324926301998,14,24424,,"S3032R04,S3122R04",filtered_from_final_matching_results
35441,52,70,05/1L/S3051L08.jpg,06/2L/S3062L06.jpg,data/features/daugman_strict_v3/gabor_codes/05__1L__S3051L08.jpg.npz,data/features/daugman_strict_v3/gabor_codes/06__2L__S3062L06.jpg.npz,5,6,F05_T1,F06_T2,F05_T1_L,F06_T2_L,1,2,L,L,unrelated,0,0,1,True,0.4838155370843989,0,25024,,"S3051L08,S3062L06",filtered_from_final_matching_results
35564,75,235,06/2R/S3062R08.jpg,16/2R/S3162R10.jpg,data/features/daugman_strict_v3/gabor_codes/06__2R__S3062R08.jpg.npz,data/features/daugman_strict_v3/gabor_codes/16__2R__S3162R10.jpg.npz,6,16,F06_T2,F16_T2,F06_T2_R,F16_T2_R,2,2,R,R,unrelated,0,0,1,True,0.4456764815505031,-16,21464,,"S3062R08,S3162R10",filtered_from_final_matching_results
35595,214,247,15/1L/S3151L03.jpg,18/2R/S3182R06.jpg,data/features/daugman_strict_v3/gabor_codes/15__1L__S3151L03.jpg.npz,data/features/daugman_strict_v3/gabor_codes/18__2R__S3182R06.jpg.npz,15,18,F15_T1,F18_T2,F15_T1_L,F18_T2_R,1,2,L,R,unrelated,0,0,1,True,0.4820196149654921,-16,22024,,"S3151L03,S3182R06",filtered_from_final_matching_results
35639,36,144,03/2R/S3032R05.jpg,10/2R/S3102R08.jpg,data/features/daugman_strict_v3/gabor_codes/03__2R__S3032R05.jpg.npz,data/features/daugman_strict_v3/gabor_codes/10__2R__S3102R08.jpg.npz,3,10,F03_T2,F10_T2,F03_T2_R,F10_T2_R,2,2,R,R,unrelated,0,0,1,True,0.4761572052401747,12,22900,,"S3032R05,S3102R08",filtered_from_final_matching_results
35741,68,78,06/2L/S3062L04.jpg,07/1L/S3071L06.jpg,data/features/daugman_strict_v3/gabor_codes/06__2L__S3062L04.jpg.npz,data/features/daugman_strict_v3/gabor_codes/07__1L__S3071L06.jpg.npz,6,7,F06_T2,F07_T1,F06_T2_L,F07_T1_L,2,1,L,L,unrelated,0,0,1,True,0.4839257010180389,-12,22396,,"S3062L04,S3071L06",filtered_from_final_matching_results
35789,53,239,05/1L/S3051L10.jpg,18/1R/S3181R04.jpg,data/features/daugman_strict_v3/gabor_codes/05__1L__S3051L10.jpg.npz,data/features/daugman_strict_v3/gabor_codes/18__1R__S3181R04.jpg.npz,5,18,F05_T1,F18_T1,F05_T1_L,F18_T1_R,1,1,L,R,unrelated,0,0,1,True,0.4589897260273972,6,23360,,"S3051L10,S3181R04",filtered_from_final_matching_results
35798,143,150,10/2R/S3102R07.jpg,11/1R/S3111R02.jpg,data/features/daugman_strict_v3/gabor_codes/10__2R__S3102R07.jpg.npz,data/features/daugman_strict_v3/gabor_codes/11__1R__S3111R02.jpg.npz,10,11,F10_T2,F11_T1,F10_T2_R,F11_T1_R,2,1,R,R,unrelated,0,0,1,True,0.4244628658433429,14,23644,,"S3102R07,S3111R02",filtered_from_final_matching_results
35804,86,106,07/2L/S3072L08.jpg,09/2R/S3092R01.jpg,data/features/daugman_strict_v3/gabor_codes/07__2L__S3072L08.jpg.npz,data/features/daugman_strict_v3/gabor_codes/09__2R__S3092R01.jpg.npz,7,9,F07_T2,F09_T2,F07_T2_L,F09_T2_R,2,2,L,R,unrelated,0,0,1,True,0.4146983721672518,8,25064,,"S3072L08,S3092R01",filtered_from_final_matching_results
35860,35,121,03/2R/S3032R04.jpg,10/1R/S3101R02.jpg,data/features/daugman_strict_v3/gabor_codes/03__2R__S3032R04.jpg.npz,data/features/daugman_strict_v3/gabor_codes/10__1R__S3101R02.jpg.npz,3,10,F03_T2,F10_T1,F03_T2_R,F10_T1_R,2,1,R,R,unrelated,0,0,1,True,0.4779040404040404,-16,23760,,"S3032R04,S3101R02",filtered_from_final_matching_results
35866,55,142,05/1R/S3051R03.jpg,10/2R/S3102R06.jpg,data/features/daugman_strict_v3/gabor_codes/05__1R__S3051R03.jpg.npz,data/features/daugman_strict_v3/gabor_codes/10__2R__S3102R06.jpg.npz,5,10,F05_T1,F10_T2,F05_T1_R,F10_T2_R,1,2,R,R,unrelated,0,0,1,True,0.4451941287878788,0,25344,,"S3051R03,S3102R06",filtered_from_final_matching_results
35898,61,233,06/1L/S3061L03.jpg,16/2R/S3162R08.jpg,data/features/daugman_strict_v3/gabor_codes/06__1L__S3061L03.jpg.npz,data/features/daugman_strict_v3/gabor_codes/16__2R__S3162R08.jpg.npz,6,16,F06_T1,F16_T2,F06_T1_L,F16_T2_R,1,2,L,R,unrelated,0,0,1,True,0.4181041181041181,-2,25740,,"S3061L03,S3162R08",filtered_from_final_matching_results
35931,70,138,06/2L/S3062L06.jpg,10/2R/S3102R02.jpg,data/features/daugman_strict_v3/gabor_codes/06__2L__S3062L06.jpg.npz,data/features/daugman_strict_v3/gabor_codes/10__2R__S3102R02.jpg.npz,6,10,F06_T2,F10_T2,F06_T2_L,F10_T2_R,2,2,L,R,unrelated,0,0,1,True,0.4515512761730093,-4,26172,,"S3062L06,S3102R02",filtered_from_final_matching_results
35943,43,199,04/1L/S3041L04.jpg,14/1L/S3141L03.jpg,data/features/daugman_strict_v3/gabor_codes/04__1L__S3041L04.jpg.npz,data/features/daugman_strict_v3/gabor_codes/14__1L__S3141L03.jpg.npz,4,14,F04_T1,F14_T1,F04_T1_L,F14_T1_L,1,1,L,L,unrelated,0,0,1,True,0.4089501004688546,12,23888,,"S3041L04,S3141L03",filtered_from_final_matching_results
36543,220,240,15/1R/S3151R02.jpg,18/1R/S3181R05.jpg,data/features/daugman_strict_v3/gabor_codes/15__1R__S3151R02.jpg.npz,data/features/daugman_strict_v3/gabor_codes/18__1R__S3181R05.jpg.npz,15,18,F15_T1,F18_T1,F15_T1_R,F18_T1_R,1,1,R,R,unrelated,0,0,1,True,0.4718176914778856,-12,22248,,"S3151R02,S3181R05",filtered_from_final_matching_results
36568,199,233,14/1L/S3141L03.jpg,16/2R/S3162R08.jpg,data/features/daugman_strict_v3/gabor_codes/14__1L__S3141L03.jpg.npz,data/features/daugman_strict_v3/gabor_codes/16__2R__S3162R08.jpg.npz,14,16,F14_T1,F16_T2,F14_T1_L,F16_T2_R,1,2,L,R,unrelated,0,0,1,True,0.4139027531798422,8,24844,,"S3141L03,S3162R08",filtered_from_final_matching_results
36720,220,227,15/1R/S3151R02.jpg,16/2L/S3162L02.jpg,data/features/daugman_strict_v3/gabor_codes/15__1R__S3151R02.jpg.npz,data/features/daugman_strict_v3/gabor_codes/16__2L__S3162L02.jpg.npz,15,16,F15_T1,F16_T2,F15_T1_R,F16_T2_L,1,2,R,L,unrelated,0,0,1,True,0.4351623659031603,0,27592,,"S3151R02,S3162L02",filtered_from_final_matching_results
36770,198,244,13/2R/S3132R07.jpg,18/2R/S3182R03.jpg,data/features/daugman_strict_v3/gabor_codes/13__2R__S3132R07.jpg.npz,data/features/daugman_strict_v3/gabor_codes/18__2R__S3182R03.jpg.npz,13,18,F13_T2,F18_T2,F13_T2_R,F18_T2_R,2,2,R,R,unrelated,0,0,1,True,0.433879612451041,12,19404,,"S3132R07,S3182R03",filtered_from_final_matching_results
36804,55,174,05/1R/S3051R03.jpg,12/2L/S3122L05.jpg,data/features/daugman_strict_v3/gabor_codes/05__1R__S3051R03.jpg.npz,data/features/daugman_strict_v3/gabor_codes/12__2L__S3122L05.jpg.npz,5,12,F05_T1,F12_T2,F05_T1_R,F12_T2_L,1,2,R,L,unrelated,0,0,1,True,0.4121996996996997,4,26640,,"S3051R03,S3122L05",filtered_from_final_matching_results
36851,47,218,04/2L/S3042L08.jpg,15/1L/S3151L07.jpg,data/features/daugman_strict_v3/gabor_codes/04__2L__S3042L08.jpg.npz,data/features/daugman_strict_v3/gabor_codes/15__1L__S3151L07.jpg.npz,4,15,F04_T2,F15_T1,F04_T2_L,F15_T1_L,2,1,L,L,unrelated,0,0,1,True,0.451512639867385,-14,19304,,"S3042L08,S3151L07",filtered_from_final_matching_results
36866,153,197,11/1R/S3111R05.jpg,13/2R/S3132R06.jpg,data/features/daugman_strict_v3/gabor_codes/11__1R__S3111R05.jpg.npz,data/features/daugman_strict_v3/gabor_codes/13__2R__S3132R06.jpg.npz,11,13,F11_T1,F13_T2,F11_T1_R,F13_T2_R,1,2,R,R,unrelated,0,0,1,True,0.4299950174389636,-6,24084,,"S3111R05,S3132R06",filtered_from_final_matching_results
36890,74,144,06/2R/S3062R07.jpg,10/2R/S3102R08.jpg,data/features/daugman_strict_v3/gabor_codes/06__2R__S3062R07.jpg.npz,data/features/daugman_strict_v3/gabor_codes/10__2R__S3102R08.jpg.npz,6,10,F06_T2,F10_T2,F06_T2_R,F10_T2_R,2,2,R,R,unrelated,0,0,1,True,0.4308389025677102,-10,22744,,"S3062R07,S3102R08",filtered_from_final_matching_results
36920,45,52,04/1L/S3041L06.jpg,05/1L/S3051L08.jpg,data/features/daugman_strict_v3/gabor_codes/04__1L__S3041L06.jpg.npz,data/features/daugman_strict_v3/gabor_codes/05__1L__S3051L08.jpg.npz,4,5,F04_T1,F05_T1,F04_T1_L,F05_T1_L,1,1,L,L,unrelated,0,0,1,True,0.4139753128170443,0,23656,,"S3041L06,S3051L08",filtered_from_final_matching_results
36947,100,119,09/2L/S3092L05.jpg,10/1L/S3101L10.jpg,data/features/daugman_strict_v3/gabor_codes/09__2L__S3092L05.jpg.npz,data/features/daugman_strict_v3/gabor_codes/10__1L__S3101L10.jpg.npz,9,10,F09_T2,F10_T1,F09_T2_L,F10_T1_L,2,1,L,L,unrelated,0,0,1,True,0.465008909768346,-10,24692,,"S3092L05,S3101L10",filtered_from_final_matching_results
37410,54,67,05/1R/S3051R01.jpg,06/2L/S3062L03.jpg,data/features/daugman_strict_v3/gabor_codes/05__1R__S3051R01.jpg.npz,data/features/daugman_strict_v3/gabor_codes/06__2L__S3062L03.jpg.npz,5,6,F05_T1,F06_T2,F05_T1_R,F06_T2_L,1,2,R,L,unrelated,0,0,1,True,0.4426041825675469,0,26204,,"S3051R01,S3062L03",filtered_from_final_matching_results
37481,67,206,06/2L/S3062L03.jpg,14/2L/S3142L04.jpg,data/features/daugman_strict_v3/gabor_codes/06__2L__S3062L03.jpg.npz,data/features/daugman_strict_v3/gabor_codes/14__2L__S3142L04.jpg.npz,6,14,F06_T2,F14_T2,F06_T2_L,F14_T2_L,2,2,L,L,unrelated,0,0,1,True,0.4820356714114217,10,23324,,"S3062L03,S3142L04",filtered_from_final_matching_results
37590,185,234,13/1L/S3131L10.jpg,16/2R/S3162R09.jpg,data/features/daugman_strict_v3/gabor_codes/13__1L__S3131L10.jpg.npz,data/features/daugman_strict_v3/gabor_codes/16__2R__S3162R09.jpg.npz,13,16,F13_T1,F16_T2,F13_T1_L,F16_T2_R,1,2,L,R,unrelated,0,0,1,True,0.4740339398895931,-16,19564,,"S3131L10,S3162R09",filtered_from_final_matching_results
37636,161,219,12/1L/S3121L03.jpg,15/1R/S3151R01.jpg,data/features/daugman_strict_v3/gabor_codes/12__1L__S3121L03.jpg.npz,data/features/daugman_strict_v3/gabor_codes/15__1R__S3151R01.jpg.npz,12,15,F12_T1,F15_T1,F12_T1_L,F15_T1_R,1,1,L,R,unrelated,0,0,1,True,0.4446616434461188,-2,28136,,"S3121L03,S3151R01",filtered_from_final_matching_results
37704,49,100,04/2R/S3042R08.jpg,09/2L/S3092L05.jpg,data/features/daugman_strict_v3/gabor_codes/04__2R__S3042R08.jpg.npz,data/features/daugman_strict_v3/gabor_codes/09__2L__S3092L05.jpg.npz,4,9,F04_T2,F09_T2,F04_T2_R,F09_T2_L,2,2,R,L,unrelated,0,0,1,True,0.4575992255566312,12,20660,,"S3042R08,S3092L05",filtered_from_final_matching_results
37717,121,181,10/1R/S3101R02.jpg,12/2R/S3122R02.jpg,data/features/daugman_strict_v3/gabor_codes/10__1R__S3101R02.jpg.npz,data/features/daugman_strict_v3/gabor_codes/12__2R__S3122R02.jpg.npz,10,12,F10_T1,F12_T2,F10_T1_R,F12_T2_R,1,2,R,R,unrelated,0,0,1,True,0.4649188701923077,-4,26624,,"S3101R02,S3122R02",filtered_from_final_matching_results
37812,207,239,14/2L/S3142L07.jpg,18/1R/S3181R04.jpg,data/features/daugman_strict_v3/gabor_codes/14__2L__S3142L07.jpg.npz,data/features/daugman_strict_v3/gabor_codes/18__1R__S3181R04.jpg.npz,14,18,F14_T2,F18_T1,F14_T2_L,F18_T1_R,2,1,L,R,unrelated,0,0,1,True,0.4689609236234458,-6,22520,,"S3142L07,S3181R04",filtered_from_final_matching_results
37831,100,234,09/2L/S3092L05.jpg,16/2R/S3162R09.jpg,data/features/daugman_strict_v3/gabor_codes/09__2L__S3092L05.jpg.npz,data/features/daugman_strict_v3/gabor_codes/16__2R__S3162R09.jpg.npz,9,16,F09_T2,F16_T2,F09_T2_L,F16_T2_R,2,2,L,R,unrelated,0,0,1,True,0.4598393574297189,0,25896,,"S3092L05,S3162R09",filtered_from_final_matching_results
37845,50,208,05/1L/S3051L06.jpg,14/2R/S3142R07.jpg,data/features/daugman_strict_v3/gabor_codes/05__1L__S3051L06.jpg.npz,data/features/daugman_strict_v3/gabor_codes/14__2R__S3142R07.jpg.npz,5,14,F05_T1,F14_T2,F05_T1_L,F14_T2_R,1,2,L,R,unrelated,0,0,1,True,0.452954368174727,2,20512,,"S3051L06,S3142R07",filtered_from_final_matching_results
37893,50,214,05/1L/S3051L06.jpg,15/1L/S3151L03.jpg,data/features/daugman_strict_v3/gabor_codes/05__1L__S3051L06.jpg.npz,data/features/daugman_strict_v3/gabor_codes/15__1L__S3151L03.jpg.npz,5,15,F05_T1,F15_T1,F05_T1_L,F15_T1_L,1,1,L,L,unrelated,0,0,1,True,0.4425536100727916,16,20332,,"S3051L06,S3151L03",filtered_from_final_matching_results
37896,93,232,08/2R/S3082R04.jpg,16/2R/S3162R07.jpg,data/features/daugman_strict_v3/gabor_codes/08__2R__S3082R04.jpg.npz,data/features/daugman_strict_v3/gabor_codes/16__2R__S3162R07.jpg.npz,8,16,F08_T2,F16_T2,F08_T2_R,F16_T2_R,2,2,R,R,unrelated,0,0,1,True,0.42536716591537,0,27508,,"S3082R04,S3162R07",filtered_from_final_matching_results
37980,100,160,09/2L/S3092L05.jpg,12/1L/S3121L02.jpg,data/features/daugman_strict_v3/gabor_codes/09__2L__S3092L05.jpg.npz,data/features/daugman_strict_v3/gabor_codes/12__1L__S3121L02.jpg.npz,9,12,F09_T2,F12_T1,F09_T2_L,F12_T1_L,2,1,L,L,unrelated,0,0,1,True,0.4380189798339264,-16,23604,,"S3092L05,S3121L02",filtered_from_final_matching_results
38040,142,192,10/2R/S3102R06.jpg,13/2L/S3132L05.jpg,data/features/daugman_strict_v3/gabor_codes/10__2R__S3102R06.jpg.npz,data/features/daugman_strict_v3/gabor_codes/13__2L__S3132L05.jpg.npz,10,13,F10_T2,F13_T2,F10_T2_R,F13_T2_L,2,2,R,L,unrelated,0,0,1,True,0.4501855913615657,-6,23708,,"S3102R06,S3132L05",filtered_from_final_matching_results
38117,49,126,04/2R/S3042R08.jpg,10/1R/S3101R07.jpg,data/features/daugman_strict_v3/gabor_codes/04__2R__S3042R08.jpg.npz,data/features/daugman_strict_v3/gabor_codes/10__1R__S3101R07.jpg.npz,4,10,F04_T2,F10_T1,F04_T2_R,F10_T1_R,2,1,R,R,unrelated,0,0,1,True,0.4456437560503388,-12,20660,,"S3042R08,S3101R07",filtered_from_final_matching_results
38153,138,225,10/2R/S3102R02.jpg,15/2R/S3152R07.jpg,data/features/daugman_strict_v3/gabor_codes/10__2R__S3102R02.jpg.npz,data/features/daugman_strict_v3/gabor_codes/15__2R__S3152R07.jpg.npz,10,15,F10_T2,F15_T2,F10_T2_R,F15_T2_R,2,2,R,R,unrelated,0,0,1,True,0.4530400815217391,-16,23552,,"S3102R02,S3152R07",filtered_from_final_matching_results
38161,77,219,06/2R/S3062R10.jpg,15/1R/S3151R01.jpg,data/features/daugman_strict_v3/gabor_codes/06__2R__S3062R10.jpg.npz,data/features/daugman_strict_v3/gabor_codes/15__1R__S3151R01.jpg.npz,6,15,F06_T2,F15_T1,F06_T2_R,F15_T1_R,2,1,R,R,unrelated,0,0,1,True,0.4222524668254508,-16,23512,,"S3062R10,S3151R01",filtered_from_final_matching_results
38365,183,226,12/2R/S3122R04.jpg,16/2L/S3162L01.jpg,data/features/daugman_strict_v3/gabor_codes/12__2R__S3122R04.jpg.npz,data/features/daugman_strict_v3/gabor_codes/16__2L__S3162L01.jpg.npz,12,16,F12_T2,F16_T2,F12_T2_R,F16_T2_L,2,2,R,L,unrelated,0,0,1,True,0.4020357257804957,14,24856,,"S3122R04,S3162L01",filtered_from_final_matching_results
38453,86,194,07/2L/S3072L08.jpg,13/2L/S3132L08.jpg,data/features/daugman_strict_v3/gabor_codes/07__2L__S3072L08.jpg.npz,data/features/daugman_strict_v3/gabor_codes/13__2L__S3132L08.jpg.npz,7,13,F07_T2,F13_T2,F07_T2_L,F13_T2_L,2,2,L,L,unrelated,0,0,1,True,0.4474387719903415,-12,23192,,"S3072L08,S3132L08",filtered_from_final_matching_results
38472,59,194,05/2R/S3052R01.jpg,13/2L/S3132L08.jpg,data/features/daugman_strict_v3/gabor_codes/05__2R__S3052R01.jpg.npz,data/features/daugman_strict_v3/gabor_codes/13__2L__S3132L08.jpg.npz,5,13,F05_T2,F13_T2,F05_T2_R,F13_T2_L,2,2,R,L,unrelated,0,0,1,True,0.4722501255650427,8,23892,,"S3052R01,S3132L08",filtered_from_final_matching_results
38496,108,198,09/2R/S3092R03.jpg,13/2R/S3132R07.jpg,data/features/daugman_strict_v3/gabor_codes/09__2R__S3092R03.jpg.npz,data/features/daugman_strict_v3/gabor_codes/13__2R__S3132R07.jpg.npz,9,13,F09_T2,F13_T2,F09_T2_R,F13_T2_R,2,2,R,R,unrelated,0,0,1,True,0.4854322490867977,10,22996,,"S3092R03,S3132R07",filtered_from_final_matching_results
38576,98,183,09/2L/S3092L03.jpg,12/2R/S3122R04.jpg,data/features/daugman_strict_v3/gabor_codes/09__2L__S3092L03.jpg.npz,data/features/daugman_strict_v3/gabor_codes/12__2R__S3122R04.jpg.npz,9,12,F09_T2,F12_T2,F09_T2_L,F12_T2_R,2,2,L,R,unrelated,0,0,1,True,0.4536609752345793,-6,26004,,"S3092L03,S3122R04",filtered_from_final_matching_results
38637,184,248,13/1L/S3131L08.jpg,18/2R/S3182R07.jpg,data/features/daugman_strict_v3/gabor_codes/13__1L__S3131L08.jpg.npz,data/features/daugman_strict_v3/gabor_codes/18__2R__S3182R07.jpg.npz,13,18,F13_T1,F18_T2,F13_T1_L,F18_T2_R,1,2,L,R,unrelated,0,0,1,True,0.4460686399128382,6,22028,,"S3131L08,S3182R07",filtered_from_final_matching_results
38676,111,165,09/2R/S3092R06.jpg,12/1R/S3121R04.jpg,data/features/daugman_strict_v3/gabor_codes/09__2R__S3092R06.jpg.npz,data/features/daugman_strict_v3/gabor_codes/12__1R__S3121R04.jpg.npz,9,12,F09_T2,F12_T1,F09_T2_R,F12_T1_R,2,1,R,R,unrelated,0,0,1,True,0.4582753286929621,14,25860,,"S3092R06,S3121R04",filtered_from_final_matching_results
38841,38,53,03/2R/S3032R07.jpg,05/1L/S3051L10.jpg,data/features/daugman_strict_v3/gabor_codes/03__2R__S3032R07.jpg.npz,data/features/daugman_strict_v3/gabor_codes/05__1L__S3051L10.jpg.npz,3,5,F03_T2,F05_T1,F03_T2_R,F05_T1_L,2,1,R,L,unrelated,0,0,1,True,0.4876349703935911,-16,22968,,"S3032R07,S3051L10",filtered_from_final_matching_results
38878,144,225,10/2R/S3102R08.jpg,15/2R/S3152R07.jpg,data/features/daugman_strict_v3/gabor_codes/10__2R__S3102R08.jpg.npz,data/features/daugman_strict_v3/gabor_codes/15__2R__S3152R07.jpg.npz,10,15,F10_T2,F15_T2,F10_T2_R,F15_T2_R,2,2,R,R,unrelated,0,0,1,True,0.4350673652694611,-4,26720,,"S3102R08,S3152R07",filtered_from_final_matching_results
38918,132,154,10/2L/S3102L06.jpg,11/1R/S3111R06.jpg,data/features/daugman_strict_v3/gabor_codes/10__2L__S3102L06.jpg.npz,data/features/daugman_strict_v3/gabor_codes/11__1R__S3111R06.jpg.npz,10,11,F10_T2,F11_T1,F10_T2_L,F11_T1_R,2,1,L,R,unrelated,0,0,1,True,0.4344016024036054,2,23964,,"S3102L06,S3111R06",filtered_from_final_matching_results
39019,44,189,04/1L/S3041L05.jpg,13/1R/S3131R07.jpg,data/features/daugman_strict_v3/gabor_codes/04__1L__S3041L05.jpg.npz,data/features/daugman_strict_v3/gabor_codes/13__1R__S3131R07.jpg.npz,4,13,F04_T1,F13_T1,F04_T1_L,F13_T1_R,1,1,L,R,unrelated,0,0,1,True,0.4506861772486772,-10,24192,,"S3041L05,S3131R07",filtered_from_final_matching_results
39092,108,204,09/2R/S3092R03.jpg,14/2L/S3142L02.jpg,data/features/daugman_strict_v3/gabor_codes/09__2R__S3092R03.jpg.npz,data/features/daugman_strict_v3/gabor_codes/14__2L__S3142L02.jpg.npz,9,14,F09_T2,F14_T2,F09_T2_R,F14_T2_L,2,2,R,L,unrelated,0,0,1,True,0.4367125818914832,14,23812,,"S3092R03,S3142L02",filtered_from_final_matching_results
39159,78,201,07/1L/S3071L06.jpg,14/1R/S3141R06.jpg,data/features/daugman_strict_v3/gabor_codes/07__1L__S3071L06.jpg.npz,data/features/daugman_strict_v3/gabor_codes/14__1R__S3141R06.jpg.npz,7,14,F07_T1,F14_T1,F07_T1_L,F14_T1_R,1,1,L,R,unrelated,0,0,1,True,0.4079061685490877,8,23020,,"S3071L06,S3141R06",filtered_from_final_matching_results
39162,43,170,04/1L/S3041L04.jpg,12/2L/S3122L01.jpg,data/features/daugman_strict_v3/gabor_codes/04__1L__S3041L04.jpg.npz,data/features/daugman_strict_v3/gabor_codes/12__2L__S3122L01.jpg.npz,4,12,F04_T1,F12_T2,F04_T1_L,F12_T2_L,1,2,L,L,unrelated,0,0,1,True,0.4564586925850447,0,25516,,"S3041L04,S3122L01",filtered_from_final_matching_results
39221,123,216,10/1R/S3101R04.jpg,15/1L/S3151L05.jpg,data/features/daugman_strict_v3/gabor_codes/10__1R__S3101R04.jpg.npz,data/features/daugman_strict_v3/gabor_codes/15__1L__S3151L05.jpg.npz,10,15,F10_T1,F15_T1,F10_T1_R,F15_T1_L,1,1,R,L,unrelated,0,0,1,True,0.4766788210270434,8,26328,,"S3101R04,S3151L05",filtered_from_final_matching_results
39315,78,98,07/1L/S3071L06.jpg,09/2L/S3092L03.jpg,data/features/daugman_strict_v3/gabor_codes/07__1L__S3071L06.jpg.npz,data/features/daugman_strict_v3/gabor_codes/09__2L__S3092L03.jpg.npz,7,9,F07_T1,F09_T2,F07_T1_L,F09_T2_L,1,2,L,L,unrelated,0,0,1,True,0.4511045258620689,12,22272,,"S3071L06,S3092L03",filtered_from_final_matching_results
39356,98,176,09/2L/S3092L03.jpg,12/2L/S3122L07.jpg,data/features/daugman_strict_v3/gabor_codes/09__2L__S3092L03.jpg.npz,data/features/daugman_strict_v3/gabor_codes/12__2L__S3122L07.jpg.npz,9,12,F09_T2,F12_T2,F09_T2_L,F12_T2_L,2,2,L,L,unrelated,0,0,1,True,0.4577194828622971,4,26608,,"S3092L03,S3122L07",filtered_from_final_matching_results
39369,63,182,06/1R/S3061R04.jpg,12/2R/S3122R03.jpg,data/features/daugman_strict_v3/gabor_codes/06__1R__S3061R04.jpg.npz,data/features/daugman_strict_v3/gabor_codes/12__2R__S3122R03.jpg.npz,6,12,F06_T1,F12_T2,F06_T1_R,F12_T2_R,1,2,R,R,unrelated,0,0,1,True,0.399008966493629,0,25428,,"S3061R04,S3122R03",filtered_from_final_matching_results
39406,198,215,13/2R/S3132R07.jpg,15/1L/S3151L04.jpg,data/features/daugman_strict_v3/gabor_codes/13__2R__S3132R07.jpg.npz,data/features/daugman_strict_v3/gabor_codes/15__1L__S3151L04.jpg.npz,13,15,F13_T2,F15_T1,F13_T2_R,F15_T1_L,2,1,R,L,unrelated,0,0,1,True,0.4315569899244332,0,25408,,"S3132R07,S3151L04",filtered_from_final_matching_results
39444,18,28,02/1R/S3021R06.jpg,03/2L/S3032L06.jpg,data/features/daugman_strict_v3/gabor_codes/02__1R__S3021R06.jpg.npz,data/features/daugman_strict_v3/gabor_codes/03__2L__S3032L06.jpg.npz,2,3,F02_T1,F03_T2,F02_T1_R,F03_T2_L,1,2,R,L,unrelated,0,0,1,True,0.4152298850574712,-2,26448,,"S3021R06,S3032L06",filtered_from_final_matching_results
39476,18,60,02/1R/S3021R06.jpg,06/1L/S3061L02.jpg,data/features/daugman_strict_v3/gabor_codes/02__1R__S3021R06.jpg.npz,data/features/daugman_strict_v3/gabor_codes/06__1L__S3061L02.jpg.npz,2,6,F02_T1,F06_T1,F02_T1_R,F06_T1_L,1,1,R,L,unrelated,0,0,1,True,0.4427752097243622,-6,23364,,"S3021R06,S3061L02",filtered_from_final_matching_results
39477,135,165,10/2L/S3102L09.jpg,12/1R/S3121R04.jpg,data/features/daugman_strict_v3/gabor_codes/10__2L__S3102L09.jpg.npz,data/features/daugman_strict_v3/gabor_codes/12__1R__S3121R04.jpg.npz,10,12,F10_T2,F12_T1,F10_T2_L,F12_T1_R,2,1,L,R,unrelated,0,0,1,True,0.4462903768506056,16,23776,,"S3102L09,S3121R04",filtered_from_final_matching_results
39485,18,69,02/1R/S3021R06.jpg,06/2L/S3062L05.jpg,data/features/daugman_strict_v3/gabor_codes/02__1R__S3021R06.jpg.npz,data/features/daugman_strict_v3/gabor_codes/06__2L__S3062L05.jpg.npz,2,6,F02_T1,F06_T2,F02_T1_R,F06_T2_L,1,2,R,L,unrelated,0,0,1,True,0.4886133996580133,8,25732,,"S3021R06,S3062L05",filtered_from_final_matching_results
39489,18,73,02/1R/S3021R06.jpg,06/2R/S3062R02.jpg,data/features/daugman_strict_v3/gabor_codes/02__1R__S3021R06.jpg.npz,data/features/daugman_strict_v3/gabor_codes/06__2R__S3062R02.jpg.npz,2,6,F02_T1,F06_T2,F02_T1_R,F06_T2_R,1,2,R,R,unrelated,0,0,1,True,0.4087308650765397,16,22472,,"S3021R06,S3062R02",filtered_from_final_matching_results
39513,18,97,02/1R/S3021R06.jpg,09/2L/S3092L02.jpg,data/features/daugman_strict_v3/gabor_codes/02__1R__S3021R06.jpg.npz,data/features/daugman_strict_v3/gabor_codes/09__2L__S3092L02.jpg.npz,2,9,F02_T1,F09_T2,F02_T1_R,F09_T2_L,1,2,R,L,unrelated,0,0,1,True,0.4159194588642441,6,25428,,"S3021R06,S3092L02",filtered_from_final_matching_results
39559,18,143,02/1R/S3021R06.jpg,10/2R/S3102R07.jpg,data/features/daugman_strict_v3/gabor_codes/02__1R__S3021R06.jpg.npz,data/features/daugman_strict_v3/gabor_codes/10__2R__S3102R07.jpg.npz,2,10,F02_T1,F10_T2,F02_T1_R,F10_T2_R,1,2,R,R,unrelated,0,0,1,True,0.4469435330685546,14,23164,,"S3021R06,S3102R07",filtered_from_final_matching_results
39569,18,153,02/1R/S3021R06.jpg,11/1R/S3111R05.jpg,data/features/daugman_strict_v3/gabor_codes/02__1R__S3021R06.jpg.npz,data/features/daugman_strict_v3/gabor_codes/11__1R__S3111R05.jpg.npz,2,11,F02_T1,F11_T1,F02_T1_R,F11_T1_R,1,1,R,R,unrelated,0,0,1,True,0.4449514400535834,16,23888,,"S3021R06,S3111R05",filtered_from_final_matching_results
39596,18,180,02/1R/S3021R06.jpg,12/2R/S3122R01.jpg,data/features/daugman_strict_v3/gabor_codes/02__1R__S3021R06.jpg.npz,data/features/daugman_strict_v3/gabor_codes/12__2R__S3122R01.jpg.npz,2,12,F02_T1,F12_T2,F02_T1_R,F12_T2_R,1,2,R,R,unrelated,0,0,1,True,0.4662663107947805,2,26976,,"S3021R06,S3122R01",filtered_from_final_matching_results
39647,18,231,02/1R/S3021R06.jpg,16/2R/S3162R06.jpg,data/features/daugman_strict_v3/gabor_codes/02__1R__S3021R06.jpg.npz,data/features/daugman_strict_v3/gabor_codes/16__2R__S3162R06.jpg.npz,2,16,F02_T1,F16_T2,F02_T1_R,F16_T2_R,1,2,R,R,unrelated,0,0,1,True,0.4312794216543376,-12,23792,,"S3021R06,S3162R06",filtered_from_final_matching_results
39677,98,233,09/2L/S3092L03.jpg,16/2R/S3162R08.jpg,data/features/daugman_strict_v3/gabor_codes/09__2L__S3092L03.jpg.npz,data/features/daugman_strict_v3/gabor_codes/16__2R__S3162R08.jpg.npz,9,16,F09_T2,F16_T2,F09_T2_L,F16_T2_R,2,2,L,R,unrelated,0,0,1,True,0.4604536636322937,-2,26804,,"S3092L03,S3162R08",filtered_from_final_matching_results
39821,132,158,10/2L/S3102L06.jpg,11/2L/S3112L10.jpg,data/features/daugman_strict_v3/gabor_codes/10__2L__S3102L06.jpg.npz,data/features/daugman_strict_v3/gabor_codes/11__2L__S3112L10.jpg.npz,10,11,F10_T2,F11_T2,F10_T2_L,F11_T2_L,2,2,L,L,unrelated,0,0,1,True,0.43732782369146,4,23232,,"S3102L06,S3112L10",filtered_from_final_matching_results
39886,74,149,06/2R/S3062R07.jpg,11/1R/S3111R01.jpg,data/features/daugman_strict_v3/gabor_codes/06__2R__S3062R07.jpg.npz,data/features/daugman_strict_v3/gabor_codes/11__1R__S3111R01.jpg.npz,6,11,F06_T2,F11_T1,F06_T2_R,F11_T1_R,2,1,R,R,unrelated,0,0,1,True,0.4216538789428815,8,23460,,"S3062R07,S3111R01",filtered_from_final_matching_results
39977,181,210,12/2R/S3122R02.jpg,14/2R/S3142R09.jpg,data/features/daugman_strict_v3/gabor_codes/12__2R__S3122R02.jpg.npz,data/features/daugman_strict_v3/gabor_codes/14__2R__S3142R09.jpg.npz,12,14,F12_T2,F14_T2,F12_T2_R,F14_T2_R,2,2,R,R,unrelated,0,0,1,True,0.4353336572724328,8,24696,,"S3122R02,S3142R09",filtered_from_final_matching_results
40012,58,113,05/2L/S3052L03.jpg,10/1L/S3101L02.jpg,data/features/daugman_strict_v3/gabor_codes/05__2L__S3052L03.jpg.npz,data/features/daugman_strict_v3/gabor_codes/10__1L__S3101L02.jpg.npz,5,10,F05_T2,F10_T1,F05_T2_L,F10_T1_L,2,1,L,L,unrelated,0,0,1,True,0.4010424831478288,0,25516,,"S3052L03,S3101L02",filtered_from_final_matching_results
40086,129,159,10/2L/S3102L01.jpg,12/1L/S3121L01.jpg,data/features/daugman_strict_v3/gabor_codes/10__2L__S3102L01.jpg.npz,data/features/daugman_strict_v3/gabor_codes/12__1L__S3121L01.jpg.npz,10,12,F10_T2,F12_T1,F10_T2_L,F12_T1_L,2,1,L,L,unrelated,0,0,1,True,0.4424758398527381,-6,26076,,"S3102L01,S3121L01",filtered_from_final_matching_results
40100,42,78,04/1L/S3041L03.jpg,07/1L/S3071L06.jpg,data/features/daugman_strict_v3/gabor_codes/04__1L__S3041L03.jpg.npz,data/features/daugman_strict_v3/gabor_codes/07__1L__S3071L06.jpg.npz,4,7,F04_T1,F07_T1,F04_T1_L,F07_T1_L,1,1,L,L,unrelated,0,0,1,True,0.4241671027385313,6,22932,,"S3041L03,S3071L06",filtered_from_final_matching_results
40181,63,108,06/1R/S3061R04.jpg,09/2R/S3092R03.jpg,data/features/daugman_strict_v3/gabor_codes/06__1R__S3061R04.jpg.npz,data/features/daugman_strict_v3/gabor_codes/09__2R__S3092R03.jpg.npz,6,9,F06_T1,F09_T2,F06_T1_R,F09_T2_R,1,2,R,R,unrelated,0,0,1,True,0.46045054200542,-8,23616,,"S3061R04,S3092R03",filtered_from_final_matching_results
40200,84,94,07/2L/S3072L06.jpg,08/2R/S3082R05.jpg,data/features/daugman_strict_v3/gabor_codes/07__2L__S3072L06.jpg.npz,data/features/daugman_strict_v3/gabor_codes/08__2R__S3082R05.jpg.npz,7,8,F07_T2,F08_T2,F07_T2_L,F08_T2_R,2,2,L,R,unrelated,0,0,1,True,0.4502643504531722,8,26480,,"S3072L06,S3082R05",filtered_from_final_matching_results
40211,50,247,05/1L/S3051L06.jpg,18/2R/S3182R06.jpg,data/features/daugman_strict_v3/gabor_codes/05__1L__S3051L06.jpg.npz,data/features/daugman_strict_v3/gabor_codes/18__2R__S3182R06.jpg.npz,5,18,F05_T1,F18_T2,F05_T1_L,F18_T2_R,1,2,L,R,unrelated,0,0,1,True,0.4535064129085643,6,19336,,"S3051L06,S3182R06",filtered_from_final_matching_results
40399,150,248,11/1R/S3111R02.jpg,18/2R/S3182R07.jpg,data/features/daugman_strict_v3/gabor_codes/11__1R__S3111R02.jpg.npz,data/features/daugman_strict_v3/gabor_codes/18__2R__S3182R07.jpg.npz,11,18,F11_T1,F18_T2,F11_T1_R,F18_T2_R,1,2,R,R,unrelated,0,0,1,True,0.4452112438983336,2,23764,,"S3111R02,S3182R07",filtered_from_final_matching_results
40474,143,188,10/2R/S3102R07.jpg,13/1R/S3131R06.jpg,data/features/daugman_strict_v3/gabor_codes/10__2R__S3102R07.jpg.npz,data/features/daugman_strict_v3/gabor_codes/13__1R__S3131R06.jpg.npz,10,13,F10_T2,F13_T1,F10_T2_R,F13_T1_R,2,1,R,R,unrelated,0,0,1,True,0.4601219705369871,2,25252,,"S3102R07,S3131R06",filtered_from_final_matching_results
40516,37,124,03/2R/S3032R06.jpg,10/1R/S3101R05.jpg,data/features/daugman_strict_v3/gabor_codes/03__2R__S3032R06.jpg.npz,data/features/daugman_strict_v3/gabor_codes/10__1R__S3101R05.jpg.npz,3,10,F03_T2,F10_T1,F03_T2_R,F10_T1_R,2,1,R,R,unrelated,0,0,1,True,0.4695368355610818,-2,25736,,"S3032R06,S3101R05",filtered_from_final_matching_results
40903,57,108,05/2L/S3052L02.jpg,09/2R/S3092R03.jpg,data/features/daugman_strict_v3/gabor_codes/05__2L__S3052L02.jpg.npz,data/features/daugman_strict_v3/gabor_codes/09__2R__S3092R03.jpg.npz,5,9,F05_T2,F09_T2,F05_T2_L,F09_T2_R,2,2,L,R,unrelated,0,0,1,True,0.4607124810510358,-16,23748,,"S3052L02,S3092R03",filtered_from_final_matching_results
40943,158,226,11/2L/S3112L10.jpg,16/2L/S3162L01.jpg,data/features/daugman_strict_v3/gabor_codes/11__2L__S3112L10.jpg.npz,data/features/daugman_strict_v3/gabor_codes/16__2L__S3162L01.jpg.npz,11,16,F11_T2,F16_T2,F11_T2_L,F16_T2_L,2,2,L,L,unrelated,0,0,1,True,0.4554850930653928,-10,24284,,"S3112L10,S3162L01",filtered_from_final_matching_results
40949,19,93,02/1R/S3021R07.jpg,08/2R/S3082R04.jpg,data/features/daugman_strict_v3/gabor_codes/02__1R__S3021R07.jpg.npz,data/features/daugman_strict_v3/gabor_codes/08__2R__S3082R04.jpg.npz,2,8,F02_T1,F08_T2,F02_T1_R,F08_T2_R,1,2,R,R,unrelated,0,0,1,True,0.4168329177057356,-12,24060,,"S3021R07,S3082R04",filtered_from_final_matching_results
40964,19,108,02/1R/S3021R07.jpg,09/2R/S3092R03.jpg,data/features/daugman_strict_v3/gabor_codes/02__1R__S3021R07.jpg.npz,data/features/daugman_strict_v3/gabor_codes/09__2R__S3092R03.jpg.npz,2,9,F02_T1,F09_T2,F02_T1_R,F09_T2_R,1,2,R,R,unrelated,0,0,1,True,0.3969428007889546,0,26364,,"S3021R07,S3092R03",filtered_from_final_matching_results
40969,19,113,02/1R/S3021R07.jpg,10/1L/S3101L02.jpg,data/features/daugman_strict_v3/gabor_codes/02__1R__S3021R07.jpg.npz,data/features/daugman_strict_v3/gabor_codes/10__1L__S3101L02.jpg.npz,2,10,F02_T1,F10_T1,F02_T1_R,F10_T1_L,1,1,R,L,unrelated,0,0,1,True,0.4412754501093723,14,23772,,"S3021R07,S3101L02",filtered_from_final_matching_results
40995,47,115,04/2L/S3042L08.jpg,10/1L/S3101L04.jpg,data/features/daugman_strict_v3/gabor_codes/04__2L__S3042L08.jpg.npz,data/features/daugman_strict_v3/gabor_codes/10__1L__S3101L04.jpg.npz,4,10,F04_T2,F10_T1,F04_T2_L,F10_T1_L,2,1,L,L,unrelated,0,0,1,True,0.4217794436772539,2,20276,,"S3042L08,S3101L04",filtered_from_final_matching_results
41044,19,188,02/1R/S3021R07.jpg,13/1R/S3131R06.jpg,data/features/daugman_strict_v3/gabor_codes/02__1R__S3021R07.jpg.npz,data/features/daugman_strict_v3/gabor_codes/13__1R__S3131R06.jpg.npz,2,13,F02_T1,F13_T1,F02_T1_R,F13_T1_R,1,1,R,R,unrelated,0,0,1,True,0.4179147944749542,10,24036,,"S3021R07,S3131R06",filtered_from_final_matching_results
41058,19,202,02/1R/S3021R07.jpg,14/1R/S3141R07.jpg,data/features/daugman_strict_v3/gabor_codes/02__1R__S3021R07.jpg.npz,data/features/daugman_strict_v3/gabor_codes/14__1R__S3141R07.jpg.npz,2,14,F02_T1,F14_T1,F02_T1_R,F14_T1_R,1,1,R,R,unrelated,0,0,1,True,0.4102229188436085,-14,22968,,"S3021R07,S3141R07",filtered_from_final_matching_results
41063,19,207,02/1R/S3021R07.jpg,14/2L/S3142L07.jpg,data/features/daugman_strict_v3/gabor_codes/02__1R__S3021R07.jpg.npz,data/features/daugman_strict_v3/gabor_codes/14__2L__S3142L07.jpg.npz,2,14,F02_T1,F14_T2,F02_T1_R,F14_T2_L,1,2,R,L,unrelated,0,0,1,True,0.4563854489164086,-2,25840,,"S3021R07,S3142L07",filtered_from_final_matching_results
41064,19,208,02/1R/S3021R07.jpg,14/2R/S3142R07.jpg,data/features/daugman_strict_v3/gabor_codes/02__1R__S3021R07.jpg.npz,data/features/daugman_strict_v3/gabor_codes/14__2R__S3142R07.jpg.npz,2,14,F02_T1,F14_T2,F02_T1_R,F14_T2_R,1,2,R,R,unrelated,0,0,1,True,0.4419519363762102,10,23136,,"S3021R07,S3142R07",filtered_from_final_matching_results
41066,157,220,11/1R/S3111R09.jpg,15/1R/S3151R02.jpg,data/features/daugman_strict_v3/gabor_codes/11__1R__S3111R09.jpg.npz,data/features/daugman_strict_v3/gabor_codes/15__1R__S3151R02.jpg.npz,11,15,F11_T1,F15_T1,F11_T1_R,F15_T1_R,1,1,R,R,unrelated,0,0,1,True,0.4458217485325919,-6,25896,,"S3111R09,S3151R02",filtered_from_final_matching_results
41095,19,239,02/1R/S3021R07.jpg,18/1R/S3181R04.jpg,data/features/daugman_strict_v3/gabor_codes/02__1R__S3021R07.jpg.npz,data/features/daugman_strict_v3/gabor_codes/18__1R__S3181R04.jpg.npz,2,18,F02_T1,F18_T1,F02_T1_R,F18_T1_R,1,1,R,R,unrelated,0,0,1,True,0.454439687267312,14,21488,,"S3021R07,S3181R04",filtered_from_final_matching_results
41101,19,245,02/1R/S3021R07.jpg,18/2R/S3182R04.jpg,data/features/daugman_strict_v3/gabor_codes/02__1R__S3021R07.jpg.npz,data/features/daugman_strict_v3/gabor_codes/18__2R__S3182R04.jpg.npz,2,18,F02_T1,F18_T2,F02_T1_R,F18_T2_R,1,2,R,R,unrelated,0,0,1,True,0.4655243261012491,2,24336,,"S3021R07,S3182R04",filtered_from_final_matching_results
41145,184,224,13/1L/S3131L08.jpg,15/2R/S3152R04.jpg,data/features/daugman_strict_v3/gabor_codes/13__1L__S3131L08.jpg.npz,data/features/daugman_strict_v3/gabor_codes/15__2R__S3152R04.jpg.npz,13,15,F13_T1,F15_T2,F13_T1_L,F15_T2_R,1,2,L,R,unrelated,0,0,1,True,0.4522716288061865,10,24828,,"S3131L08,S3152R04",filtered_from_final_matching_results
41417,35,145,03/2R/S3032R04.jpg,10/2R/S3102R09.jpg,data/features/daugman_strict_v3/gabor_codes/03__2R__S3032R04.jpg.npz,data/features/daugman_strict_v3/gabor_codes/10__2R__S3102R09.jpg.npz,3,10,F03_T2,F10_T2,F03_T2_R,F10_T2_R,2,2,R,R,unrelated,0,0,1,True,0.4650207468879668,-10,24100,,"S3032R04,S3102R09",filtered_from_final_matching_results
41460,238,248,17/2R/S3172R02.jpg,18/2R/S3182R07.jpg,data/features/daugman_strict_v3/gabor_codes/17__2R__S3172R02.jpg.npz,data/features/daugman_strict_v3/gabor_codes/18__2R__S3182R07.jpg.npz,17,18,F17_T2,F18_T2,F17_T2_R,F18_T2_R,2,2,R,R,unrelated,0,0,1,True,0.4787799603532168,8,22196,,"S3172R02,S3182R07",filtered_from_final_matching_results
41559,237,246,17/2L/S3172L07.jpg,18/2R/S3182R05.jpg,data/features/daugman_strict_v3/gabor_codes/17__2L__S3172L07.jpg.npz,data/features/daugman_strict_v3/gabor_codes/18__2R__S3182R05.jpg.npz,17,18,F17_T2,F18_T2,F17_T2_L,F18_T2_R,2,2,L,R,unrelated,0,0,1,True,0.467925478348439,-8,19860,,"S3172L07,S3182R05",filtered_from_final_matching_results
41722,95,245,08/2R/S3082R06.jpg,18/2R/S3182R04.jpg,data/features/daugman_strict_v3/gabor_codes/08__2R__S3082R06.jpg.npz,data/features/daugman_strict_v3/gabor_codes/18__2R__S3182R04.jpg.npz,8,18,F08_T2,F18_T2,F08_T2_R,F18_T2_R,2,2,R,R,unrelated,0,0,1,True,0.4577076171521621,16,22108,,"S3082R06,S3182R04",filtered_from_final_matching_results
41922,92,210,08/2R/S3082R02.jpg,14/2R/S3142R09.jpg,data/features/daugman_strict_v3/gabor_codes/08__2R__S3082R02.jpg.npz,data/features/daugman_strict_v3/gabor_codes/14__2R__S3142R09.jpg.npz,8,14,F08_T2,F14_T2,F08_T2_R,F14_T2_R,2,2,R,R,unrelated,0,0,1,True,0.4469860064585575,-16,22296,,"S3082R02,S3142R09",filtered_from_final_matching_results
42138,113,215,10/1L/S3101L02.jpg,15/1L/S3151L04.jpg,data/features/daugman_strict_v3/gabor_codes/10__1L__S3101L02.jpg.npz,data/features/daugman_strict_v3/gabor_codes/15__1L__S3151L04.jpg.npz,10,15,F10_T1,F15_T1,F10_T1_L,F15_T1_L,1,1,L,L,unrelated,0,0,1,True,0.4515334063526834,-8,25564,,"S3101L02,S3151L04",filtered_from_final_matching_results
42278,92,174,08/2R/S3082R02.jpg,12/2L/S3122L05.jpg,data/features/daugman_strict_v3/gabor_codes/08__2R__S3082R02.jpg.npz,data/features/daugman_strict_v3/gabor_codes/12__2L__S3122L05.jpg.npz,8,12,F08_T2,F12_T2,F08_T2_R,F12_T2_L,2,2,R,L,unrelated,0,0,1,True,0.4161057003723861,2,27928,,"S3082R02,S3122L05",filtered_from_final_matching_results
42518,118,169,10/1L/S3101L09.jpg,12/1R/S3121R08.jpg,data/features/daugman_strict_v3/gabor_codes/10__1L__S3101L09.jpg.npz,data/features/daugman_strict_v3/gabor_codes/12__1R__S3121R08.jpg.npz,10,12,F10_T1,F12_T1,F10_T1_L,F12_T1_R,1,1,L,R,unrelated,0,0,1,True,0.4330831058538065,8,26376,,"S3101L09,S3121R08",filtered_from_final_matching_results
42525,75,162,06/2R/S3062R08.jpg,12/1R/S3121R01.jpg,data/features/daugman_strict_v3/gabor_codes/06__2R__S3062R08.jpg.npz,data/features/daugman_strict_v3/gabor_codes/12__1R__S3121R01.jpg.npz,6,12,F06_T2,F12_T1,F06_T2_R,F12_T1_R,2,1,R,R,unrelated,0,0,1,True,0.4361752988047809,0,25100,,"S3062R08,S3121R01",filtered_from_final_matching_results
42546,63,169,06/1R/S3061R04.jpg,12/1R/S3121R08.jpg,data/features/daugman_strict_v3/gabor_codes/06__1R__S3061R04.jpg.npz,data/features/daugman_strict_v3/gabor_codes/12__1R__S3121R08.jpg.npz,6,12,F06_T1,F12_T1,F06_T1_R,F12_T1_R,1,1,R,R,unrelated,0,0,1,True,0.4393174165901438,0,26136,,"S3061R04,S3121R08",filtered_from_final_matching_results
42638,63,244,06/1R/S3061R04.jpg,18/2R/S3182R03.jpg,data/features/daugman_strict_v3/gabor_codes/06__1R__S3061R04.jpg.npz,data/features/daugman_strict_v3/gabor_codes/18__2R__S3182R03.jpg.npz,6,18,F06_T1,F18_T2,F06_T1_R,F18_T2_R,1,2,R,R,unrelated,0,0,1,True,0.4723527109023292,-8,20436,,"S3061R04,S3182R03",filtered_from_final_matching_results
42650,77,97,06/2R/S3062R10.jpg,09/2L/S3092L02.jpg,data/features/daugman_strict_v3/gabor_codes/06__2R__S3062R10.jpg.npz,data/features/daugman_strict_v3/gabor_codes/09__2L__S3092L02.jpg.npz,6,9,F06_T2,F09_T2,F06_T2_R,F09_T2_L,2,2,R,L,unrelated,0,0,1,True,0.4337234395750332,6,24096,,"S3062R10,S3092L02",filtered_from_final_matching_results
42744,48,228,04/2R/S3042R07.jpg,16/2L/S3162L03.jpg,data/features/daugman_strict_v3/gabor_codes/04__2R__S3042R07.jpg.npz,data/features/daugman_strict_v3/gabor_codes/16__2L__S3162L03.jpg.npz,4,16,F04_T2,F16_T2,F04_T2_R,F16_T2_L,2,2,R,L,unrelated,0,0,1,True,0.4549905514516406,6,23284,,"S3042R07,S3162L03",filtered_from_final_matching_results
42781,52,196,05/1L/S3051L08.jpg,13/2L/S3132L10.jpg,data/features/daugman_strict_v3/gabor_codes/05__1L__S3051L08.jpg.npz,data/features/daugman_strict_v3/gabor_codes/13__2L__S3132L10.jpg.npz,5,13,F05_T1,F13_T2,F05_T1_L,F13_T2_L,1,2,L,L,unrelated,0,0,1,True,0.4370239643321568,-16,21532,,"S3051L08,S3132L10",filtered_from_final_matching_results
42788,149,224,11/1R/S3111R01.jpg,15/2R/S3152R04.jpg,data/features/daugman_strict_v3/gabor_codes/11__1R__S3111R01.jpg.npz,data/features/daugman_strict_v3/gabor_codes/15__2R__S3152R04.jpg.npz,11,15,F11_T1,F15_T2,F11_T1_R,F15_T2_R,1,2,R,R,unrelated,0,0,1,True,0.4256478658536585,-6,26240,,"S3111R01,S3152R04",filtered_from_final_matching_results
42883,58,119,05/2L/S3052L03.jpg,10/1L/S3101L10.jpg,data/features/daugman_strict_v3/gabor_codes/05__2L__S3052L03.jpg.npz,data/features/daugman_strict_v3/gabor_codes/10__1L__S3101L10.jpg.npz,5,10,F05_T2,F10_T1,F05_T2_L,F10_T1_L,2,1,L,L,unrelated,0,0,1,True,0.4540862146385271,-2,26724,,"S3052L03,S3101L10",filtered_from_final_matching_results
42923,61,158,06/1L/S3061L03.jpg,11/2L/S3112L10.jpg,data/features/daugman_strict_v3/gabor_codes/06__1L__S3061L03.jpg.npz,data/features/daugman_strict_v3/gabor_codes/11__2L__S3112L10.jpg.npz,6,11,F06_T1,F11_T2,F06_T1_L,F11_T2_L,1,2,L,L,unrelated,0,0,1,True,0.4441049048429522,-2,25852,,"S3061L03,S3112L10",filtered_from_final_matching_results
43024,133,176,10/2L/S3102L07.jpg,12/2L/S3122L07.jpg,data/features/daugman_strict_v3/gabor_codes/10__2L__S3102L07.jpg.npz,data/features/daugman_strict_v3/gabor_codes/12__2L__S3122L07.jpg.npz,10,12,F10_T2,F12_T2,F10_T2_L,F12_T2_L,2,2,L,L,unrelated,0,0,1,True,0.4645887126521579,16,21688,,"S3102L07,S3122L07",filtered_from_final_matching_results
43217,48,135,04/2R/S3042R07.jpg,10/2L/S3102L09.jpg,data/features/daugman_strict_v3/gabor_codes/04__2R__S3042R07.jpg.npz,data/features/daugman_strict_v3/gabor_codes/10__2L__S3102L09.jpg.npz,4,10,F04_T2,F10_T2,F04_T2_R,F10_T2_L,2,2,R,L,unrelated,0,0,1,True,0.4688929115853658,-14,20992,,"S3042R07,S3102L09",filtered_from_final_matching_results
43239,149,162,11/1R/S3111R01.jpg,12/1R/S3121R01.jpg,data/features/daugman_strict_v3/gabor_codes/11__1R__S3111R01.jpg.npz,data/features/daugman_strict_v3/gabor_codes/12__1R__S3121R01.jpg.npz,11,12,F11_T1,F12_T1,F11_T1_R,F12_T1_R,1,1,R,R,unrelated,0,0,1,True,0.4414055424741894,-16,22084,,"S3111R01,S3121R01",filtered_from_final_matching_results
43274,37,188,03/2R/S3032R06.jpg,13/1R/S3131R06.jpg,data/features/daugman_strict_v3/gabor_codes/03__2R__S3032R06.jpg.npz,data/features/daugman_strict_v3/gabor_codes/13__1R__S3131R06.jpg.npz,3,13,F03_T2,F13_T1,F03_T2_R,F13_T1_R,2,1,R,R,unrelated,0,0,1,True,0.4571940646882294,-4,23992,,"S3032R06,S3131R06",filtered_from_final_matching_results
43360,67,248,06/2L/S3062L03.jpg,18/2R/S3182R07.jpg,data/features/daugman_strict_v3/gabor_codes/06__2L__S3062L03.jpg.npz,data/features/daugman_strict_v3/gabor_codes/18__2R__S3182R07.jpg.npz,6,18,F06_T2,F18_T2,F06_T2_L,F18_T2_R,2,2,L,R,unrelated,0,0,1,True,0.4515823384498768,-14,21108,,"S3062L03,S3182R07",filtered_from_final_matching_results
43362,126,248,10/1R/S3101R07.jpg,18/2R/S3182R07.jpg,data/features/daugman_strict_v3/gabor_codes/10__1R__S3101R07.jpg.npz,data/features/daugman_strict_v3/gabor_codes/18__2R__S3182R07.jpg.npz,10,18,F10_T1,F18_T2,F10_T1_R,F18_T2_R,1,2,R,R,unrelated,0,0,1,True,0.4570205479452054,-4,23360,,"S3101R07,S3182R07",filtered_from_final_matching_results
43430,150,219,11/1R/S3111R02.jpg,15/1R/S3151R01.jpg,data/features/daugman_strict_v3/gabor_codes/11__1R__S3111R02.jpg.npz,data/features/daugman_strict_v3/gabor_codes/15__1R__S3151R01.jpg.npz,11,15,F11_T1,F15_T1,F11_T1_R,F15_T1_R,1,1,R,R,unrelated,0,0,1,True,0.4291123778501629,16,24560,,"S3111R02,S3151R01",filtered_from_final_matching_results
43688,64,90,06/1R/S3061R07.jpg,07/2R/S3072R10.jpg,data/features/daugman_strict_v3/gabor_codes/06__1R__S3061R07.jpg.npz,data/features/daugman_strict_v3/gabor_codes/07__2R__S3072R10.jpg.npz,6,7,F06_T1,F07_T2,F06_T1_R,F07_T2_R,1,2,R,R,unrelated,0,0,1,True,0.4683200579290369,2,22096,,"S3061R07,S3072R10",filtered_from_final_matching_results
43712,108,238,09/2R/S3092R03.jpg,17/2R/S3172R02.jpg,data/features/daugman_strict_v3/gabor_codes/09__2R__S3092R03.jpg.npz,data/features/daugman_strict_v3/gabor_codes/17__2R__S3172R02.jpg.npz,9,17,F09_T2,F17_T2,F09_T2_R,F17_T2_R,2,2,R,R,unrelated,0,0,1,True,0.4242302758178319,10,24944,,"S3092R03,S3172R02",filtered_from_final_matching_results
43788,21,52,02/1R/S3021R09.jpg,05/1L/S3051L08.jpg,data/features/daugman_strict_v3/gabor_codes/02__1R__S3021R09.jpg.npz,data/features/daugman_strict_v3/gabor_codes/05__1L__S3051L08.jpg.npz,2,5,F02_T1,F05_T1,F02_T1_R,F05_T1_L,1,1,R,L,unrelated,0,0,1,True,0.4249782040104621,-6,22940,,"S3021R09,S3051L08",filtered_from_final_matching_results
43810,21,74,02/1R/S3021R09.jpg,06/2R/S3062R07.jpg,data/features/daugman_strict_v3/gabor_codes/02__1R__S3021R09.jpg.npz,data/features/daugman_strict_v3/gabor_codes/06__2R__S3062R07.jpg.npz,2,6,F02_T1,F06_T2,F02_T1_R,F06_T2_R,1,2,R,R,unrelated,0,0,1,True,0.4403758638125737,10,23732,,"S3021R09,S3062R07",filtered_from_final_matching_results
43828,21,92,02/1R/S3021R09.jpg,08/2R/S3082R02.jpg,data/features/daugman_strict_v3/gabor_codes/02__1R__S3021R09.jpg.npz,data/features/daugman_strict_v3/gabor_codes/08__2R__S3082R02.jpg.npz,2,8,F02_T1,F08_T2,F02_T1_R,F08_T2_R,1,2,R,R,unrelated,0,0,1,True,0.4245208300332647,-12,25252,,"S3021R09,S3082R02",filtered_from_final_matching_results
43829,69,144,06/2L/S3062L05.jpg,10/2R/S3102R08.jpg,data/features/daugman_strict_v3/gabor_codes/06__2L__S3062L05.jpg.npz,data/features/daugman_strict_v3/gabor_codes/10__2R__S3102R08.jpg.npz,6,10,F06_T2,F10_T2,F06_T2_L,F10_T2_R,2,2,L,R,unrelated,0,0,1,True,0.4553600521342457,-10,24552,,"S3062L05,S3102R08",filtered_from_final_matching_results
43895,21,159,02/1R/S3021R09.jpg,12/1L/S3121L01.jpg,data/features/daugman_strict_v3/gabor_codes/02__1R__S3021R09.jpg.npz,data/features/daugman_strict_v3/gabor_codes/12__1L__S3121L01.jpg.npz,2,12,F02_T1,F12_T1,F02_T1_R,F12_T1_L,1,1,R,L,unrelated,0,0,1,True,0.4580101431980907,4,26816,,"S3021R09,S3121L01",filtered_from_final_matching_results
43899,89,149,07/2R/S3072R08.jpg,11/1R/S3111R01.jpg,data/features/daugman_strict_v3/gabor_codes/07__2R__S3072R08.jpg.npz,data/features/daugman_strict_v3/gabor_codes/11__1R__S3111R01.jpg.npz,7,11,F07_T2,F11_T1,F07_T2_R,F11_T1_R,2,1,R,R,unrelated,0,0,1,True,0.4688543314004568,-14,22764,,"S3072R08,S3111R01",filtered_from_final_matching_results
43901,21,165,02/1R/S3021R09.jpg,12/1R/S3121R04.jpg,data/features/daugman_strict_v3/gabor_codes/02__1R__S3021R09.jpg.npz,data/features/daugman_strict_v3/gabor_codes/12__1R__S3121R04.jpg.npz,2,12,F02_T1,F12_T1,F02_T1_R,F12_T1_R,1,1,R,R,unrelated,0,0,1,True,0.440829557881581,14,25604,,"S3021R09,S3121R04",filtered_from_final_matching_results
43928,21,192,02/1R/S3021R09.jpg,13/2L/S3132L05.jpg,data/features/daugman_strict_v3/gabor_codes/02__1R__S3021R09.jpg.npz,data/features/daugman_strict_v3/gabor_codes/13__2L__S3132L05.jpg.npz,2,13,F02_T1,F13_T2,F02_T1_R,F13_T2_L,1,2,R,L,unrelated,0,0,1,True,0.4449594959495949,-16,22220,,"S3021R09,S3132L05",filtered_from_final_matching_results
43939,21,203,02/1R/S3021R09.jpg,14/1R/S3141R10.jpg,data/features/daugman_strict_v3/gabor_codes/02__1R__S3021R09.jpg.npz,data/features/daugman_strict_v3/gabor_codes/14__1R__S3141R10.jpg.npz,2,14,F02_T1,F14_T1,F02_T1_R,F14_T1_R,1,1,R,R,unrelated,0,0,1,True,0.4238492063492063,6,25200,,"S3021R09,S3141R10",filtered_from_final_matching_results
43940,21,204,02/1R/S3021R09.jpg,14/2L/S3142L02.jpg,data/features/daugman_strict_v3/gabor_codes/02__1R__S3021R09.jpg.npz,data/features/daugman_strict_v3/gabor_codes/14__2L__S3142L02.jpg.npz,2,14,F02_T1,F14_T2,F02_T1_R,F14_T2_L,1,2,R,L,unrelated,0,0,1,True,0.4561337165330509,-2,26444,,"S3021R09,S3142L02",filtered_from_final_matching_results
43954,21,218,02/1R/S3021R09.jpg,15/1L/S3151L07.jpg,data/features/daugman_strict_v3/gabor_codes/02__1R__S3021R09.jpg.npz,data/features/daugman_strict_v3/gabor_codes/15__1L__S3151L07.jpg.npz,2,15,F02_T1,F15_T1,F02_T1_R,F15_T1_L,1,1,R,L,unrelated,0,0,1,True,0.4270576448828607,8,25952,,"S3021R09,S3151L07",filtered_from_final_matching_results
44120,36,195,03/2R/S3032R05.jpg,13/2L/S3132L09.jpg,data/features/daugman_strict_v3/gabor_codes/03__2R__S3032R05.jpg.npz,data/features/daugman_strict_v3/gabor_codes/13__2L__S3132L09.jpg.npz,3,13,F03_T2,F13_T2,F03_T2_R,F13_T2_L,2,2,R,L,unrelated,0,0,1,True,0.4841881042110437,-2,24412,,"S3032R05,S3132L09",filtered_from_final_matching_results
44271,69,238,06/2L/S3062L05.jpg,17/2R/S3172R02.jpg,data/features/daugman_strict_v3/gabor_codes/06__2L__S3062L05.jpg.npz,data/features/daugman_strict_v3/gabor_codes/17__2R__S3172R02.jpg.npz,6,17,F06_T2,F17_T2,F06_T2_L,F17_T2_R,2,2,L,R,unrelated,0,0,1,True,0.4075088623912343,-8,24824,,"S3062L05,S3172R02",filtered_from_final_matching_results
44376,228,247,16/2L/S3162L03.jpg,18/2R/S3182R06.jpg,data/features/daugman_strict_v3/gabor_codes/16__2L__S3162L03.jpg.npz,data/features/daugman_strict_v3/gabor_codes/18__2R__S3182R06.jpg.npz,16,18,F16_T2,F18_T2,F16_T2_L,F18_T2_R,2,2,L,R,unrelated,0,0,1,True,0.4383593459680416,8,21528,,"S3162L03,S3182R06",filtered_from_final_matching_results
44461,145,159,10/2R/S3102R09.jpg,12/1L/S3121L01.jpg,data/features/daugman_strict_v3/gabor_codes/10__2R__S3102R09.jpg.npz,data/features/daugman_strict_v3/gabor_codes/12__1L__S3121L01.jpg.npz,10,12,F10_T2,F12_T1,F10_T2_R,F12_T1_L,2,1,R,L,unrelated,0,0,1,True,0.4176535273219421,-16,23644,,"S3102R09,S3121L01",filtered_from_final_matching_results
44504,44,143,04/1L/S3041L05.jpg,10/2R/S3102R07.jpg,data/features/daugman_strict_v3/gabor_codes/04__1L__S3041L05.jpg.npz,data/features/daugman_strict_v3/gabor_codes/10__2R__S3102R07.jpg.npz,4,10,F04_T1,F10_T2,F04_T1_L,F10_T2_R,1,2,L,R,unrelated,0,0,1,True,0.4444270995941305,0,25624,,"S3041L05,S3102R07",filtered_from_final_matching_results
44587,154,237,11/1R/S3111R06.jpg,17/2L/S3172L07.jpg,data/features/daugman_strict_v3/gabor_codes/11__1R__S3111R06.jpg.npz,data/features/daugman_strict_v3/gabor_codes/17__2L__S3172L07.jpg.npz,11,17,F11_T1,F17_T2,F11_T1_R,F17_T2_L,1,2,R,L,unrelated,0,0,1,True,0.4881385115745169,14,20908,,"S3111R06,S3172L07",filtered_from_final_matching_results
44722,225,244,15/2R/S3152R07.jpg,18/2R/S3182R03.jpg,data/features/daugman_strict_v3/gabor_codes/15__2R__S3152R07.jpg.npz,data/features/daugman_strict_v3/gabor_codes/18__2R__S3182R03.jpg.npz,15,18,F15_T2,F18_T2,F15_T2_R,F18_T2_R,2,2,R,R,unrelated,0,0,1,True,0.496031746031746,-2,24948,,"S3152R07,S3182R03",filtered_from_final_matching_results
44976,138,199,10/2R/S3102R02.jpg,14/1L/S3141L03.jpg,data/features/daugman_strict_v3/gabor_codes/10__2R__S3102R02.jpg.npz,data/features/daugman_strict_v3/gabor_codes/14__1L__S3141L03.jpg.npz,10,14,F10_T2,F14_T1,F10_T2_R,F14_T1_L,2,1,R,L,unrelated,0,0,1,True,0.417002688172043,12,23808,,"S3102R02,S3141L03",filtered_from_final_matching_results
45122,182,195,12/2R/S3122R03.jpg,13/2L/S3132L09.jpg,data/features/daugman_strict_v3/gabor_codes/12__2R__S3122R03.jpg.npz,data/features/daugman_strict_v3/gabor_codes/13__2L__S3132L09.jpg.npz,12,13,F12_T2,F13_T2,F12_T2_R,F13_T2_L,2,2,R,L,unrelated,0,0,1,True,0.4322251635004671,0,25688,,"S3122R03,S3132L09",filtered_from_final_matching_results
45154,149,210,11/1R/S3111R01.jpg,14/2R/S3142R09.jpg,data/features/daugman_strict_v3/gabor_codes/11__1R__S3111R01.jpg.npz,data/features/daugman_strict_v3/gabor_codes/14__2R__S3142R09.jpg.npz,11,14,F11_T1,F14_T2,F11_T1_R,F14_T2_R,1,2,R,R,unrelated,0,0,1,True,0.431400455432661,2,24592,,"S3111R01,S3142R09",filtered_from_final_matching_results
45237,22,61,02/2L/S3022L01.jpg,06/1L/S3061L03.jpg,data/features/daugman_strict_v3/gabor_codes/02__2L__S3022L01.jpg.npz,data/features/daugman_strict_v3/gabor_codes/06__1L__S3061L03.jpg.npz,2,6,F02_T2,F06_T1,F02_T2_L,F06_T1_L,2,1,L,L,unrelated,0,0,1,True,0.4093965517241379,-12,23200,,"S3022L01,S3061L03",filtered_from_final_matching_results
45248,55,224,05/1R/S3051R03.jpg,15/2R/S3152R04.jpg,data/features/daugman_strict_v3/gabor_codes/05__1R__S3051R03.jpg.npz,data/features/daugman_strict_v3/gabor_codes/15__2R__S3152R04.jpg.npz,5,15,F05_T1,F15_T2,F05_T1_R,F15_T2_R,1,2,R,R,unrelated,0,0,1,True,0.437686678614098,6,26784,,"S3051R03,S3152R04",filtered_from_final_matching_results
45252,22,76,02/2L/S3022L01.jpg,06/2R/S3062R09.jpg,data/features/daugman_strict_v3/gabor_codes/02__2L__S3022L01.jpg.npz,data/features/daugman_strict_v3/gabor_codes/06__2R__S3062R09.jpg.npz,2,6,F02_T2,F06_T2,F02_T2_L,F06_T2_R,2,2,L,R,unrelated,0,0,1,True,0.4308048852266039,0,27184,,"S3022L01,S3062R09",filtered_from_final_matching_results
45267,22,91,02/2L/S3022L01.jpg,08/2R/S3082R01.jpg,data/features/daugman_strict_v3/gabor_codes/02__2L__S3022L01.jpg.npz,data/features/daugman_strict_v3/gabor_codes/08__2R__S3082R01.jpg.npz,2,8,F02_T2,F08_T2,F02_T2_L,F08_T2_R,2,2,L,R,unrelated,0,0,1,True,0.4509249033683048,0,28976,,"S3022L01,S3082R01",filtered_from_final_matching_results
45320,22,144,02/2L/S3022L01.jpg,10/2R/S3102R08.jpg,data/features/daugman_strict_v3/gabor_codes/02__2L__S3022L01.jpg.npz,data/features/daugman_strict_v3/gabor_codes/10__2R__S3102R08.jpg.npz,2,10,F02_T2,F10_T2,F02_T2_L,F10_T2_R,2,2,L,R,unrelated,0,0,1,True,0.4686583577712609,0,27280,,"S3022L01,S3102R08",filtered_from_final_matching_results
45330,22,154,02/2L/S3022L01.jpg,11/1R/S3111R06.jpg,data/features/daugman_strict_v3/gabor_codes/02__2L__S3022L01.jpg.npz,data/features/daugman_strict_v3/gabor_codes/11__1R__S3111R06.jpg.npz,2,11,F02_T2,F11_T1,F02_T2_L,F11_T1_R,2,1,L,R,unrelated,0,0,1,True,0.4367142857142857,0,28000,,"S3022L01,S3111R06",filtered_from_final_matching_results
45339,22,163,02/2L/S3022L01.jpg,12/1R/S3121R02.jpg,data/features/daugman_strict_v3/gabor_codes/02__2L__S3022L01.jpg.npz,data/features/daugman_strict_v3/gabor_codes/12__1R__S3121R02.jpg.npz,2,12,F02_T2,F12_T1,F02_T2_L,F12_T1_R,2,1,L,R,unrelated,0,0,1,True,0.4190857524190857,-16,23976,,"S3022L01,S3121R02",filtered_from_final_matching_results
45363,22,187,02/2L/S3022L01.jpg,13/1R/S3131R05.jpg,data/features/daugman_strict_v3/gabor_codes/02__2L__S3022L01.jpg.npz,data/features/daugman_strict_v3/gabor_codes/13__1R__S3131R05.jpg.npz,2,13,F02_T2,F13_T1,F02_T2_L,F13_T1_R,2,1,L,R,unrelated,0,0,1,True,0.4438441637498098,-2,26284,,"S3022L01,S3131R05",filtered_from_final_matching_results
45386,22,210,02/2L/S3022L01.jpg,14/2R/S3142R09.jpg,data/features/daugman_strict_v3/gabor_codes/02__2L__S3022L01.jpg.npz,data/features/daugman_strict_v3/gabor_codes/14__2R__S3142R09.jpg.npz,2,14,F02_T2,F14_T2,F02_T2_L,F14_T2_R,2,2,L,R,unrelated,0,0,1,True,0.4333247466941439,-12,23292,,"S3022L01,S3142R09",filtered_from_final_matching_results
45401,22,225,02/2L/S3022L01.jpg,15/2R/S3152R07.jpg,data/features/daugman_strict_v3/gabor_codes/02__2L__S3022L01.jpg.npz,data/features/daugman_strict_v3/gabor_codes/15__2R__S3152R07.jpg.npz,2,15,F02_T2,F15_T2,F02_T2_L,F15_T2_R,2,2,L,R,unrelated,0,0,1,True,0.4666962044011224,6,27084,,"S3022L01,S3152R07",filtered_from_final_matching_results
45403,75,122,06/2R/S3062R08.jpg,10/1R/S3101R03.jpg,data/features/daugman_strict_v3/gabor_codes/06__2R__S3062R08.jpg.npz,data/features/daugman_strict_v3/gabor_codes/10__1R__S3101R03.jpg.npz,6,10,F06_T2,F10_T1,F06_T2_R,F10_T1_R,2,1,R,R,unrelated,0,0,1,True,0.4231592465753425,-10,23360,,"S3062R08,S3101R03",filtered_from_final_matching_results
45410,44,96,04/1L/S3041L05.jpg,09/2L/S3092L01.jpg,data/features/daugman_strict_v3/gabor_codes/04__1L__S3041L05.jpg.npz,data/features/daugman_strict_v3/gabor_codes/09__2L__S3092L01.jpg.npz,4,9,F04_T1,F09_T2,F04_T1_L,F09_T2_L,1,2,L,L,unrelated,0,0,1,True,0.4235520287958115,6,24448,,"S3041L05,S3092L01",filtered_from_final_matching_results
45419,158,236,11/2L/S3112L10.jpg,17/1L/S3171L10.jpg,data/features/daugman_strict_v3/gabor_codes/11__2L__S3112L10.jpg.npz,data/features/daugman_strict_v3/gabor_codes/17__1L__S3171L10.jpg.npz,11,17,F11_T2,F17_T1,F11_T2_L,F17_T1_L,2,1,L,L,unrelated,0,0,1,True,0.4506487889273356,-16,23120,,"S3112L10,S3171L10",filtered_from_final_matching_results
45554,70,117,06/2L/S3062L06.jpg,10/1L/S3101L08.jpg,data/features/daugman_strict_v3/gabor_codes/06__2L__S3062L06.jpg.npz,data/features/daugman_strict_v3/gabor_codes/10__1L__S3101L08.jpg.npz,6,10,F06_T2,F10_T1,F06_T2_L,F10_T1_L,2,1,L,L,unrelated,0,0,1,True,0.4382861635220126,0,25440,,"S3062L06,S3101L08",filtered_from_final_matching_results
45811,53,132,05/1L/S3051L10.jpg,10/2L/S3102L06.jpg,data/features/daugman_strict_v3/gabor_codes/05__1L__S3051L10.jpg.npz,data/features/daugman_strict_v3/gabor_codes/10__2L__S3102L06.jpg.npz,5,10,F05_T1,F10_T2,F05_T1_L,F10_T2_L,1,2,L,L,unrelated,0,0,1,True,0.4540893760539629,2,23720,,"S3051L10,S3102L06",filtered_from_final_matching_results
46152,47,52,04/2L/S3042L08.jpg,05/1L/S3051L08.jpg,data/features/daugman_strict_v3/gabor_codes/04__2L__S3042L08.jpg.npz,data/features/daugman_strict_v3/gabor_codes/05__1L__S3051L08.jpg.npz,4,5,F04_T2,F05_T1,F04_T2_L,F05_T1_L,2,1,L,L,unrelated,0,0,1,True,0.4616201456310679,0,19776,,"S3042L08,S3051L08",filtered_from_final_matching_results
46169,46,163,04/1R/S3041R01.jpg,12/1R/S3121R02.jpg,data/features/daugman_strict_v3/gabor_codes/04__1R__S3041R01.jpg.npz,data/features/daugman_strict_v3/gabor_codes/12__1R__S3121R02.jpg.npz,4,12,F04_T1,F12_T1,F04_T1_R,F12_T1_R,1,1,R,R,unrelated,0,0,1,True,0.463593725972628,0,26012,,"S3041R01,S3121R02",filtered_from_final_matching_results
46371,78,174,07/1L/S3071L06.jpg,12/2L/S3122L05.jpg,data/features/daugman_strict_v3/gabor_codes/07__1L__S3071L06.jpg.npz,data/features/daugman_strict_v3/gabor_codes/12__2L__S3122L05.jpg.npz,7,12,F07_T1,F12_T2,F07_T1_L,F12_T2_L,1,2,L,L,unrelated,0,0,1,True,0.4085454840278903,0,24668,,"S3071L06,S3122L05",filtered_from_final_matching_results
46395,79,236,07/2L/S3072L01.jpg,17/1L/S3171L10.jpg,data/features/daugman_strict_v3/gabor_codes/07__2L__S3072L01.jpg.npz,data/features/daugman_strict_v3/gabor_codes/17__1L__S3171L10.jpg.npz,7,17,F07_T2,F17_T1,F07_T2_L,F17_T1_L,2,1,L,L,unrelated,0,0,1,True,0.4198041016222834,4,26136,,"S3072L01,S3171L10",filtered_from_final_matching_results
46410,121,154,10/1R/S3101R02.jpg,11/1R/S3111R06.jpg,data/features/daugman_strict_v3/gabor_codes/10__1R__S3101R02.jpg.npz,data/features/daugman_strict_v3/gabor_codes/11__1R__S3111R06.jpg.npz,10,11,F10_T1,F11_T1,F10_T1_R,F11_T1_R,1,1,R,R,unrelated,0,0,1,True,0.4456379676523443,14,24484,,"S3101R02,S3111R06",filtered_from_final_matching_results
46542,35,87,03/2R/S3032R04.jpg,07/2L/S3072L09.jpg,data/features/daugman_strict_v3/gabor_codes/03__2R__S3032R04.jpg.npz,data/features/daugman_strict_v3/gabor_codes/07__2L__S3072L09.jpg.npz,3,7,F03_T2,F07_T2,F03_T2_R,F07_T2_L,2,2,R,L,unrelated,0,0,1,True,0.4848425810473815,4,25664,,"S3032R04,S3072L09",filtered_from_final_matching_results
46553,133,245,10/2L/S3102L07.jpg,18/2R/S3182R04.jpg,data/features/daugman_strict_v3/gabor_codes/10__2L__S3102L07.jpg.npz,data/features/daugman_strict_v3/gabor_codes/18__2R__S3182R04.jpg.npz,10,18,F10_T2,F18_T2,F10_T2_L,F18_T2_R,2,2,L,R,unrelated,0,0,1,True,0.4565094871313169,6,21292,,"S3102L07,S3182R04",filtered_from_final_matching_results
46576,79,97,07/2L/S3072L01.jpg,09/2L/S3092L02.jpg,data/features/daugman_strict_v3/gabor_codes/07__2L__S3072L01.jpg.npz,data/features/daugman_strict_v3/gabor_codes/09__2L__S3092L02.jpg.npz,7,9,F07_T2,F09_T2,F07_T2_L,F09_T2_L,2,2,L,L,unrelated,0,0,1,True,0.3933881406331992,16,22868,,"S3072L01,S3092L02",filtered_from_final_matching_results
46669,23,53,02/2R/S3022R01.jpg,05/1L/S3051L10.jpg,data/features/daugman_strict_v3/gabor_codes/02__2R__S3022R01.jpg.npz,data/features/daugman_strict_v3/gabor_codes/05__1L__S3051L10.jpg.npz,2,5,F02_T2,F05_T1,F02_T2_R,F05_T1_L,2,1,R,L,unrelated,0,0,1,True,0.4377516028030416,0,26828,,"S3022R01,S3051L10",filtered_from_final_matching_results
46705,23,89,02/2R/S3022R01.jpg,07/2R/S3072R08.jpg,data/features/daugman_strict_v3/gabor_codes/02__2R__S3022R01.jpg.npz,data/features/daugman_strict_v3/gabor_codes/07__2R__S3072R08.jpg.npz,2,7,F02_T2,F07_T2,F02_T2_R,F07_T2_R,2,2,R,R,unrelated,0,0,1,True,0.43566961561928,0,26224,,"S3022R01,S3072R08",filtered_from_final_matching_results
46711,23,95,02/2R/S3022R01.jpg,08/2R/S3082R06.jpg,data/features/daugman_strict_v3/gabor_codes/02__2R__S3022R01.jpg.npz,data/features/daugman_strict_v3/gabor_codes/08__2R__S3082R06.jpg.npz,2,8,F02_T2,F08_T2,F02_T2_R,F08_T2_R,2,2,R,R,unrelated,0,0,1,True,0.4403048591767254,-12,25848,,"S3022R01,S3082R06",filtered_from_final_matching_results
46727,23,111,02/2R/S3022R01.jpg,09/2R/S3092R06.jpg,data/features/daugman_strict_v3/gabor_codes/02__2R__S3022R01.jpg.npz,data/features/daugman_strict_v3/gabor_codes/09__2R__S3092R06.jpg.npz,2,9,F02_T2,F09_T2,F02_T2_R,F09_T2_R,2,2,R,R,unrelated,0,0,1,True,0.4495275590551181,8,25400,,"S3022R01,S3092R06",filtered_from_final_matching_results
46739,23,123,02/2R/S3022R01.jpg,10/1R/S3101R04.jpg,data/features/daugman_strict_v3/gabor_codes/02__2R__S3022R01.jpg.npz,data/features/daugman_strict_v3/gabor_codes/10__1R__S3101R04.jpg.npz,2,10,F02_T2,F10_T1,F02_T2_R,F10_T1_R,2,1,R,R,unrelated,0,0,1,True,0.442118582791034,0,27660,,"S3022R01,S3101R04",filtered_from_final_matching_results
46758,90,225,07/2R/S3072R10.jpg,15/2R/S3152R07.jpg,data/features/daugman_strict_v3/gabor_codes/07__2R__S3072R10.jpg.npz,data/features/daugman_strict_v3/gabor_codes/15__2R__S3152R07.jpg.npz,7,15,F07_T2,F15_T2,F07_T2_R,F15_T2_R,2,2,R,R,unrelated,0,0,1,True,0.4262340324869894,-6,25364,,"S3072R10,S3152R07",filtered_from_final_matching_results
46759,23,143,02/2R/S3022R01.jpg,10/2R/S3102R07.jpg,data/features/daugman_strict_v3/gabor_codes/02__2R__S3022R01.jpg.npz,data/features/daugman_strict_v3/gabor_codes/10__2R__S3102R07.jpg.npz,2,10,F02_T2,F10_T2,F02_T2_R,F10_T2_R,2,2,R,R,unrelated,0,0,1,True,0.4234716981132075,0,26500,,"S3022R01,S3102R07",filtered_from_final_matching_results
46796,23,180,02/2R/S3022R01.jpg,12/2R/S3122R01.jpg,data/features/daugman_strict_v3/gabor_codes/02__2R__S3022R01.jpg.npz,data/features/daugman_strict_v3/gabor_codes/12__2R__S3122R01.jpg.npz,2,12,F02_T2,F12_T2,F02_T2_R,F12_T2_R,2,2,R,R,unrelated,0,0,1,True,0.424845084575448,16,23884,,"S3022R01,S3122R01",filtered_from_final_matching_results
46800,53,201,05/1L/S3051L10.jpg,14/1R/S3141R06.jpg,data/features/daugman_strict_v3/gabor_codes/05__1L__S3051L10.jpg.npz,data/features/daugman_strict_v3/gabor_codes/14__1R__S3141R06.jpg.npz,5,14,F05_T1,F14_T1,F05_T1_L,F14_T1_R,1,1,L,R,unrelated,0,0,1,True,0.4613721166892808,16,23584,,"S3051L10,S3141R06",filtered_from_final_matching_results
46825,153,225,11/1R/S3111R05.jpg,15/2R/S3152R07.jpg,data/features/daugman_strict_v3/gabor_codes/11__1R__S3111R05.jpg.npz,data/features/daugman_strict_v3/gabor_codes/15__2R__S3152R07.jpg.npz,11,15,F11_T1,F15_T2,F11_T1_R,F15_T2_R,1,2,R,R,unrelated,0,0,1,True,0.4299180961211559,-10,25884,,"S3111R05,S3152R07",filtered_from_final_matching_results
47151,121,246,10/1R/S3101R02.jpg,18/2R/S3182R05.jpg,data/features/daugman_strict_v3/gabor_codes/10__1R__S3101R02.jpg.npz,data/features/daugman_strict_v3/gabor_codes/18__2R__S3182R05.jpg.npz,10,18,F10_T1,F18_T2,F10_T1_R,F18_T2_R,1,2,R,R,unrelated,0,0,1,True,0.4070381731424676,-4,23472,,"S3101R02,S3182R05",filtered_from_final_matching_results
47203,62,106,06/1R/S3061R01.jpg,09/2R/S3092R01.jpg,data/features/daugman_strict_v3/gabor_codes/06__1R__S3061R01.jpg.npz,data/features/daugman_strict_v3/gabor_codes/09__2R__S3092R01.jpg.npz,6,9,F06_T1,F09_T2,F06_T1_R,F09_T2_R,1,2,R,R,unrelated,0,0,1,True,0.4720959825486275,8,22004,,"S3061R01,S3092R01",filtered_from_final_matching_results
47225,99,219,09/2L/S3092L04.jpg,15/1R/S3151R01.jpg,data/features/daugman_strict_v3/gabor_codes/09__2L__S3092L04.jpg.npz,data/features/daugman_strict_v3/gabor_codes/15__1R__S3151R01.jpg.npz,9,15,F09_T2,F15_T1,F09_T2_L,F15_T1_R,2,1,L,R,unrelated,0,0,1,True,0.4583709386281588,-6,26592,,"S3092L04,S3151R01",filtered_from_final_matching_results
47231,91,123,08/2R/S3082R01.jpg,10/1R/S3101R04.jpg,data/features/daugman_strict_v3/gabor_codes/08__2R__S3082R01.jpg.npz,data/features/daugman_strict_v3/gabor_codes/10__1R__S3101R04.jpg.npz,8,10,F08_T2,F10_T1,F08_T2_R,F10_T1_R,2,1,R,R,unrelated,0,0,1,True,0.4805101422948834,-10,26424,,"S3082R01,S3101R04",filtered_from_final_matching_results
47448,71,232,06/2L/S3062L07.jpg,16/2R/S3162R07.jpg,data/features/daugman_strict_v3/gabor_codes/06__2L__S3062L07.jpg.npz,data/features/daugman_strict_v3/gabor_codes/16__2R__S3162R07.jpg.npz,6,16,F06_T2,F16_T2,F06_T2_L,F16_T2_R,2,2,L,R,unrelated,0,0,1,True,0.4417348130841121,4,27392,,"S3062L07,S3162R07",filtered_from_final_matching_results
47515,90,111,07/2R/S3072R10.jpg,09/2R/S3092R06.jpg,data/features/daugman_strict_v3/gabor_codes/07__2R__S3072R10.jpg.npz,data/features/daugman_strict_v3/gabor_codes/09__2R__S3092R06.jpg.npz,7,9,F07_T2,F09_T2,F07_T2_R,F09_T2_R,2,2,R,R,unrelated,0,0,1,True,0.4353203916852774,-16,23284,,"S3072R10,S3092R06",filtered_from_final_matching_results
47521,76,221,06/2R/S3062R09.jpg,15/1R/S3151R03.jpg,data/features/daugman_strict_v3/gabor_codes/06__2R__S3062R09.jpg.npz,data/features/daugman_strict_v3/gabor_codes/15__1R__S3151R03.jpg.npz,6,15,F06_T2,F15_T1,F06_T2_R,F15_T1_R,2,1,R,R,unrelated,0,0,1,True,0.4338183730715287,16,22816,,"S3062R09,S3151R03",filtered_from_final_matching_results
47622,93,180,08/2R/S3082R04.jpg,12/2R/S3122R01.jpg,data/features/daugman_strict_v3/gabor_codes/08__2R__S3082R04.jpg.npz,data/features/daugman_strict_v3/gabor_codes/12__2R__S3122R01.jpg.npz,8,12,F08_T2,F12_T2,F08_T2_R,F12_T2_R,2,2,R,R,unrelated,0,0,1,True,0.4409422447156892,4,26872,,"S3082R04,S3122R01",filtered_from_final_matching_results
47861,49,97,04/2R/S3042R08.jpg,09/2L/S3092L02.jpg,data/features/daugman_strict_v3/gabor_codes/04__2R__S3042R08.jpg.npz,data/features/daugman_strict_v3/gabor_codes/09__2L__S3092L02.jpg.npz,4,9,F04_T2,F09_T2,F04_T2_R,F09_T2_L,2,2,R,L,unrelated,0,0,1,True,0.4491687368622205,-10,20932,,"S3042R08,S3092L02",filtered_from_final_matching_results
47890,38,121,03/2R/S3032R07.jpg,10/1R/S3101R02.jpg,data/features/daugman_strict_v3/gabor_codes/03__2R__S3032R07.jpg.npz,data/features/daugman_strict_v3/gabor_codes/10__1R__S3101R02.jpg.npz,3,10,F03_T2,F10_T1,F03_T2_R,F10_T1_R,2,1,R,R,unrelated,0,0,1,True,0.4851709699930216,-16,22928,,"S3032R07,S3101R02",filtered_from_final_matching_results
47963,201,248,14/1R/S3141R06.jpg,18/2R/S3182R07.jpg,data/features/daugman_strict_v3/gabor_codes/14__1R__S3141R06.jpg.npz,data/features/daugman_strict_v3/gabor_codes/18__2R__S3182R07.jpg.npz,14,18,F14_T1,F18_T2,F14_T1_R,F18_T2_R,1,2,R,R,unrelated,0,0,1,True,0.4548521256931608,-14,21640,,"S3141R06,S3182R07",filtered_from_final_matching_results
48103,24,47,02/2R/S3022R02.jpg,04/2L/S3042L08.jpg,data/features/daugman_strict_v3/gabor_codes/02__2R__S3022R02.jpg.npz,data/features/daugman_strict_v3/gabor_codes/04__2L__S3042L08.jpg.npz,2,4,F02_T2,F04_T2,F02_T2_R,F04_T2_L,2,2,R,L,unrelated,0,0,1,True,0.4439911797133407,14,18140,,"S3022R02,S3042L08",filtered_from_final_matching_results
48116,24,60,02/2R/S3022R02.jpg,06/1L/S3061L02.jpg,data/features/daugman_strict_v3/gabor_codes/02__2R__S3022R02.jpg.npz,data/features/daugman_strict_v3/gabor_codes/06__1L__S3061L02.jpg.npz,2,6,F02_T2,F06_T1,F02_T2_R,F06_T1_L,2,1,R,L,unrelated,0,0,1,True,0.4565034429992349,0,26140,,"S3022R02,S3061L02",filtered_from_final_matching_results
48143,24,87,02/2R/S3022R02.jpg,07/2L/S3072L09.jpg,data/features/daugman_strict_v3/gabor_codes/02__2R__S3022R02.jpg.npz,data/features/daugman_strict_v3/gabor_codes/07__2L__S3072L09.jpg.npz,2,7,F02_T2,F07_T2,F02_T2_R,F07_T2_L,2,2,R,L,unrelated,0,0,1,True,0.439774105518496,-2,26384,,"S3022R02,S3072L09",filtered_from_final_matching_results
48165,24,109,02/2R/S3022R02.jpg,09/2R/S3092R04.jpg,data/features/daugman_strict_v3/gabor_codes/02__2R__S3022R02.jpg.npz,data/features/daugman_strict_v3/gabor_codes/09__2R__S3092R04.jpg.npz,2,9,F02_T2,F09_T2,F02_T2_R,F09_T2_R,2,2,R,R,unrelated,0,0,1,True,0.4298570019723866,-16,24336,,"S3022R02,S3092R04",filtered_from_final_matching_results
48173,24,117,02/2R/S3022R02.jpg,10/1L/S3101L08.jpg,data/features/daugman_strict_v3/gabor_codes/02__2R__S3022R02.jpg.npz,data/features/daugman_strict_v3/gabor_codes/10__1L__S3101L08.jpg.npz,2,10,F02_T2,F10_T1,F02_T2_R,F10_T1_L,2,1,R,L,unrelated,0,0,1,True,0.4330869633590187,0,25436,,"S3022R02,S3101L08",filtered_from_final_matching_results
48185,24,129,02/2R/S3022R02.jpg,10/2L/S3102L01.jpg,data/features/daugman_strict_v3/gabor_codes/02__2R__S3022R02.jpg.npz,data/features/daugman_strict_v3/gabor_codes/10__2L__S3102L01.jpg.npz,2,10,F02_T2,F10_T2,F02_T2_R,F10_T2_L,2,2,R,L,unrelated,0,0,1,True,0.4233811776219214,-10,24524,,"S3022R02,S3102L01",filtered_from_final_matching_results
48204,24,148,02/2R/S3022R02.jpg,11/1L/S3111L03.jpg,data/features/daugman_strict_v3/gabor_codes/02__2R__S3022R02.jpg.npz,data/features/daugman_strict_v3/gabor_codes/11__1L__S3111L03.jpg.npz,2,11,F02_T2,F11_T1,F02_T2_R,F11_T1_L,2,1,R,L,unrelated,0,0,1,True,0.4364760093622001,-4,27344,,"S3022R02,S3111L03",filtered_from_final_matching_results
48206,161,217,12/1L/S3121L03.jpg,15/1L/S3151L06.jpg,data/features/daugman_strict_v3/gabor_codes/12__1L__S3121L03.jpg.npz,data/features/daugman_strict_v3/gabor_codes/15__1L__S3151L06.jpg.npz,12,15,F12_T1,F15_T1,F12_T1_L,F15_T1_L,1,1,L,L,unrelated,0,0,1,True,0.471808593144098,8,25788,,"S3121L03,S3151L06",filtered_from_final_matching_results
48224,24,168,02/2R/S3022R02.jpg,12/1R/S3121R07.jpg,data/features/daugman_strict_v3/gabor_codes/02__2R__S3022R02.jpg.npz,data/features/daugman_strict_v3/gabor_codes/12__1R__S3121R07.jpg.npz,2,12,F02_T2,F12_T1,F02_T2_R,F12_T1_R,2,1,R,R,unrelated,0,0,1,True,0.4332141814998541,-2,27416,,"S3022R02,S3121R07",filtered_from_final_matching_results
48268,37,200,03/2R/S3032R06.jpg,14/1R/S3141R04.jpg,data/features/daugman_strict_v3/gabor_codes/03__2R__S3032R06.jpg.npz,data/features/daugman_strict_v3/gabor_codes/14__1R__S3141R04.jpg.npz,3,14,F03_T2,F14_T1,F03_T2_R,F14_T1_R,2,1,R,R,unrelated,0,0,1,True,0.4276566974228444,4,25144,,"S3032R06,S3141R04",filtered_from_final_matching_results
48294,24,238,02/2R/S3022R02.jpg,17/2R/S3172R02.jpg,data/features/daugman_strict_v3/gabor_codes/02__2R__S3022R02.jpg.npz,data/features/daugman_strict_v3/gabor_codes/17__2R__S3172R02.jpg.npz,2,17,F02_T2,F17_T2,F02_T2_R,F17_T2_R,2,2,R,R,unrelated,0,0,1,True,0.4193520140105078,16,22840,,"S3022R02,S3172R02",filtered_from_final_matching_results
48330,113,233,10/1L/S3101L02.jpg,16/2R/S3162R08.jpg,data/features/daugman_strict_v3/gabor_codes/10__1L__S3101L02.jpg.npz,data/features/daugman_strict_v3/gabor_codes/16__2R__S3162R08.jpg.npz,10,16,F10_T1,F16_T2,F10_T1_L,F16_T2_R,1,2,L,R,unrelated,0,0,1,True,0.4627456955660521,0,26252,,"S3101L02,S3162R08",filtered_from_final_matching_results
48334,109,122,09/2R/S3092R04.jpg,10/1R/S3101R03.jpg,data/features/daugman_strict_v3/gabor_codes/09__2R__S3092R04.jpg.npz,data/features/daugman_strict_v3/gabor_codes/10__1R__S3101R03.jpg.npz,9,10,F09_T2,F10_T1,F09_T2_R,F10_T1_R,2,1,R,R,unrelated,0,0,1,True,0.4083222811671088,-12,24128,,"S3092R04,S3101R03",filtered_from_final_matching_results
48417,44,74,04/1L/S3041L05.jpg,06/2R/S3062R07.jpg,data/features/daugman_strict_v3/gabor_codes/04__1L__S3041L05.jpg.npz,data/features/daugman_strict_v3/gabor_codes/06__2R__S3062R07.jpg.npz,4,6,F04_T1,F06_T2,F04_T1_L,F06_T2_R,1,2,L,R,unrelated,0,0,1,True,0.4423829787234042,-8,23500,,"S3041L05,S3062R07",filtered_from_final_matching_results
48492,170,245,12/2L/S3122L01.jpg,18/2R/S3182R04.jpg,data/features/daugman_strict_v3/gabor_codes/12__2L__S3122L01.jpg.npz,data/features/daugman_strict_v3/gabor_codes/18__2R__S3182R04.jpg.npz,12,18,F12_T2,F18_T2,F12_T2_L,F18_T2_R,2,2,L,R,unrelated,0,0,1,True,0.4716273110012813,-10,21852,,"S3122L01,S3182R04",filtered_from_final_matching_results
48630,44,221,04/1L/S3041L05.jpg,15/1R/S3151R03.jpg,data/features/daugman_strict_v3/gabor_codes/04__1L__S3041L05.jpg.npz,data/features/daugman_strict_v3/gabor_codes/15__1R__S3151R03.jpg.npz,4,15,F04_T1,F15_T1,F04_T1_L,F15_T1_R,1,1,L,R,unrelated,0,0,1,True,0.4454625480153649,-8,24992,,"S3041L05,S3151R03",filtered_from_final_matching_results
48663,79,95,07/2L/S3072L01.jpg,08/2R/S3082R06.jpg,data/features/daugman_strict_v3/gabor_codes/07__2L__S3072L01.jpg.npz,data/features/daugman_strict_v3/gabor_codes/08__2R__S3082R06.jpg.npz,7,8,F07_T2,F08_T2,F07_T2_L,F08_T2_R,2,2,L,R,unrelated,0,0,1,True,0.4819725864123957,6,26848,,"S3072L01,S3082R06",filtered_from_final_matching_results
48717,76,184,06/2R/S3062R09.jpg,13/1L/S3131L08.jpg,data/features/daugman_strict_v3/gabor_codes/06__2R__S3062R09.jpg.npz,data/features/daugman_strict_v3/gabor_codes/13__1L__S3131L08.jpg.npz,6,13,F06_T2,F13_T1,F06_T2_R,F13_T1_L,2,1,R,L,unrelated,0,0,1,True,0.4429817788758493,0,25904,,"S3062R09,S3131L08",filtered_from_final_matching_results
48919,55,70,05/1R/S3051R03.jpg,06/2L/S3062L06.jpg,data/features/daugman_strict_v3/gabor_codes/05__1R__S3051R03.jpg.npz,data/features/daugman_strict_v3/gabor_codes/06__2L__S3062L06.jpg.npz,5,6,F05_T1,F06_T2,F05_T1_R,F06_T2_L,1,2,R,L,unrelated,0,0,1,True,0.428296661024773,-10,25996,,"S3051R03,S3062L06",filtered_from_final_matching_results
49009,124,165,10/1R/S3101R05.jpg,12/1R/S3121R04.jpg,data/features/daugman_strict_v3/gabor_codes/10__1R__S3101R05.jpg.npz,data/features/daugman_strict_v3/gabor_codes/12__1R__S3121R04.jpg.npz,10,12,F10_T1,F12_T1,F10_T1_R,F12_T1_R,1,1,R,R,unrelated,0,0,1,True,0.4600246002460024,-6,26016,,"S3101R05,S3121R04",filtered_from_final_matching_results
49148,150,247,11/1R/S3111R02.jpg,18/2R/S3182R06.jpg,data/features/daugman_strict_v3/gabor_codes/11__1R__S3111R02.jpg.npz,data/features/daugman_strict_v3/gabor_codes/18__2R__S3182R06.jpg.npz,11,18,F11_T1,F18_T2,F11_T1_R,F18_T2_R,1,2,R,R,unrelated,0,0,1,True,0.4201130856219709,0,24760,,"S3111R02,S3182R06",filtered_from_final_matching_results
49149,53,174,05/1L/S3051L10.jpg,12/2L/S3122L05.jpg,data/features/daugman_strict_v3/gabor_codes/05__1L__S3051L10.jpg.npz,data/features/daugman_strict_v3/gabor_codes/12__2L__S3122L05.jpg.npz,5,12,F05_T1,F12_T2,F05_T1_L,F12_T2_L,1,2,L,L,unrelated,0,0,1,True,0.4356100896520286,4,26324,,"S3051L10,S3122L05",filtered_from_final_matching_results
49157,64,234,06/1R/S3061R07.jpg,16/2R/S3162R09.jpg,data/features/daugman_strict_v3/gabor_codes/06__1R__S3061R07.jpg.npz,data/features/daugman_strict_v3/gabor_codes/16__2R__S3162R09.jpg.npz,6,16,F06_T1,F16_T2,F06_T1_R,F16_T2_R,1,2,R,R,unrelated,0,0,1,True,0.4511499540018399,2,21740,,"S3061R07,S3162R09",filtered_from_final_matching_results
49220,158,224,11/2L/S3112L10.jpg,15/2R/S3152R04.jpg,data/features/daugman_strict_v3/gabor_codes/11__2L__S3112L10.jpg.npz,data/features/daugman_strict_v3/gabor_codes/15__2R__S3152R04.jpg.npz,11,15,F11_T2,F15_T2,F11_T2_L,F15_T2_R,2,2,L,R,unrelated,0,0,1,True,0.4698247354497354,14,24192,,"S3112L10,S3152R04",filtered_from_final_matching_results
49298,194,228,13/2L/S3132L08.jpg,16/2L/S3162L03.jpg,data/features/daugman_strict_v3/gabor_codes/13__2L__S3132L08.jpg.npz,data/features/daugman_strict_v3/gabor_codes/16__2L__S3162L03.jpg.npz,13,16,F13_T2,F16_T2,F13_T2_L,F16_T2_L,2,2,L,L,unrelated,0,0,1,True,0.4469246031746032,6,24192,,"S3132L08,S3162L03",filtered_from_final_matching_results
49325,47,239,04/2L/S3042L08.jpg,18/1R/S3181R04.jpg,data/features/daugman_strict_v3/gabor_codes/04__2L__S3042L08.jpg.npz,data/features/daugman_strict_v3/gabor_codes/18__1R__S3181R04.jpg.npz,4,18,F04_T2,F18_T1,F04_T2_L,F18_T1_R,2,1,L,R,unrelated,0,0,1,True,0.4290137356451249,14,17764,,"S3042L08,S3181R04",filtered_from_final_matching_results
49420,56,184,05/2L/S3052L01.jpg,13/1L/S3131L08.jpg,data/features/daugman_strict_v3/gabor_codes/05__2L__S3052L01.jpg.npz,data/features/daugman_strict_v3/gabor_codes/13__1L__S3131L08.jpg.npz,5,13,F05_T2,F13_T1,F05_T2_L,F13_T1_L,2,1,L,L,unrelated,0,0,1,True,0.4585407591785936,6,25712,,"S3052L01,S3131L08",filtered_from_final_matching_results
49526,25,47,03/1L/S3031L06.jpg,04/2L/S3042L08.jpg,data/features/daugman_strict_v3/gabor_codes/03__1L__S3031L06.jpg.npz,data/features/daugman_strict_v3/gabor_codes/04__2L__S3042L08.jpg.npz,3,4,F03_T1,F04_T2,F03_T1_L,F04_T2_L,1,2,L,L,unrelated,0,0,1,True,0.4689634146341463,-16,16400,,"S3031L06,S3042L08",filtered_from_final_matching_results
49536,25,57,03/1L/S3031L06.jpg,05/2L/S3052L02.jpg,data/features/daugman_strict_v3/gabor_codes/03__1L__S3031L06.jpg.npz,data/features/daugman_strict_v3/gabor_codes/05__2L__S3052L02.jpg.npz,3,5,F03_T1,F05_T2,F03_T1_L,F05_T2_L,1,2,L,L,unrelated,0,0,1,True,0.4622649429147079,-2,23824,,"S3031L06,S3052L02",filtered_from_final_matching_results
49586,25,107,03/1L/S3031L06.jpg,09/2R/S3092R02.jpg,data/features/daugman_strict_v3/gabor_codes/03__1L__S3031L06.jpg.npz,data/features/daugman_strict_v3/gabor_codes/09__2R__S3092R02.jpg.npz,3,9,F03_T1,F09_T2,F03_T1_L,F09_T2_R,1,2,L,R,unrelated,0,0,1,True,0.4250519570488396,0,23096,,"S3031L06,S3092R02",filtered_from_final_matching_results
49596,25,117,03/1L/S3031L06.jpg,10/1L/S3101L08.jpg,data/features/daugman_strict_v3/gabor_codes/03__1L__S3031L06.jpg.npz,data/features/daugman_strict_v3/gabor_codes/10__1L__S3101L08.jpg.npz,3,10,F03_T1,F10_T1,F03_T1_L,F10_T1_L,1,1,L,L,unrelated,0,0,1,True,0.4943605518269948,-6,21456,,"S3031L06,S3101L08",filtered_from_final_matching_results
49615,132,148,10/2L/S3102L06.jpg,11/1L/S3111L03.jpg,data/features/daugman_strict_v3/gabor_codes/10__2L__S3102L06.jpg.npz,data/features/daugman_strict_v3/gabor_codes/11__1L__S3111L03.jpg.npz,10,11,F10_T2,F11_T1,F10_T2_L,F11_T1_L,2,1,L,L,unrelated,0,0,1,True,0.4436086956521739,8,23000,,"S3102L06,S3111L03",filtered_from_final_matching_results
49633,25,154,03/1L/S3031L06.jpg,11/1R/S3111R06.jpg,data/features/daugman_strict_v3/gabor_codes/03__1L__S3031L06.jpg.npz,data/features/daugman_strict_v3/gabor_codes/11__1R__S3111R06.jpg.npz,3,11,F03_T1,F11_T1,F03_T1_L,F11_T1_R,1,1,L,R,unrelated,0,0,1,True,0.5130828581013083,0,23848,,"S3031L06,S3111R06",filtered_from_final_matching_results
49644,25,165,03/1L/S3031L06.jpg,12/1R/S3121R04.jpg,data/features/daugman_strict_v3/gabor_codes/03__1L__S3031L06.jpg.npz,data/features/daugman_strict_v3/gabor_codes/12__1R__S3121R04.jpg.npz,3,12,F03_T1,F12_T1,F03_T1_L,F12_T1_R,1,1,L,R,unrelated,0,0,1,True,0.4389448480845442,-4,24224,,"S3031L06,S3121R04",filtered_from_final_matching_results
49674,25,195,03/1L/S3031L06.jpg,13/2L/S3132L09.jpg,data/features/daugman_strict_v3/gabor_codes/03__1L__S3031L06.jpg.npz,data/features/daugman_strict_v3/gabor_codes/13__2L__S3132L09.jpg.npz,3,13,F03_T1,F13_T2,F03_T1_L,F13_T2_L,1,2,L,L,unrelated,0,0,1,True,0.453045013239188,0,22660,,"S3031L06,S3132L09",filtered_from_final_matching_results
49675,25,196,03/1L/S3031L06.jpg,13/2L/S3132L10.jpg,data/features/daugman_strict_v3/gabor_codes/03__1L__S3031L06.jpg.npz,data/features/daugman_strict_v3/gabor_codes/13__2L__S3132L10.jpg.npz,3,13,F03_T1,F13_T2,F03_T1_L,F13_T2_L,1,2,L,L,unrelated,0,0,1,True,0.4729778745012695,-6,22056,,"S3031L06,S3132L10",filtered_from_final_matching_results
49684,25,205,03/1L/S3031L06.jpg,14/2L/S3142L03.jpg,data/features/daugman_strict_v3/gabor_codes/03__1L__S3031L06.jpg.npz,data/features/daugman_strict_v3/gabor_codes/14__2L__S3142L03.jpg.npz,3,14,F03_T1,F14_T2,F03_T1_L,F14_T2_L,1,2,L,L,unrelated,0,0,1,True,0.4359821255100058,-16,20588,,"S3031L06,S3142L03",filtered_from_final_matching_results
49688,25,209,03/1L/S3031L06.jpg,14/2R/S3142R08.jpg,data/features/daugman_strict_v3/gabor_codes/03__1L__S3031L06.jpg.npz,data/features/daugman_strict_v3/gabor_codes/14__2R__S3142R08.jpg.npz,3,14,F03_T1,F14_T2,F03_T1_L,F14_T2_R,1,2,L,R,unrelated,0,0,1,True,0.454236648424231,10,21196,,"S3031L06,S3142R08",filtered_from_final_matching_results
49694,25,215,03/1L/S3031L06.jpg,15/1L/S3151L04.jpg,data/features/daugman_strict_v3/gabor_codes/03__1L__S3031L06.jpg.npz,data/features/daugman_strict_v3/gabor_codes/15__1L__S3151L04.jpg.npz,3,15,F03_T1,F15_T1,F03_T1_L,F15_T1_L,1,1,L,L,unrelated,0,0,1,True,0.466332776850306,12,21564,,"S3031L06,S3151L04",filtered_from_final_matching_results
49696,25,217,03/1L/S3031L06.jpg,15/1L/S3151L06.jpg,data/features/daugman_strict_v3/gabor_codes/03__1L__S3031L06.jpg.npz,data/features/daugman_strict_v3/gabor_codes/15__1L__S3151L06.jpg.npz,3,15,F03_T1,F15_T1,F03_T1_L,F15_T1_L,1,1,L,L,unrelated,0,0,1,True,0.4808114035087719,10,21888,,"S3031L06,S3151L06",filtered_from_final_matching_results
49724,25,245,03/1L/S3031L06.jpg,18/2R/S3182R04.jpg,data/features/daugman_strict_v3/gabor_codes/03__1L__S3031L06.jpg.npz,data/features/daugman_strict_v3/gabor_codes/18__2R__S3182R04.jpg.npz,3,18,F03_T1,F18_T2,F03_T1_L,F18_T2_R,1,2,L,R,unrelated,0,0,1,True,0.4589820942000778,4,20552,,"S3031L06,S3182R04",filtered_from_final_matching_results
49730,76,248,06/2R/S3062R09.jpg,18/2R/S3182R07.jpg,data/features/daugman_strict_v3/gabor_codes/06__2R__S3062R09.jpg.npz,data/features/daugman_strict_v3/gabor_codes/18__2R__S3182R07.jpg.npz,6,18,F06_T2,F18_T2,F06_T2_R,F18_T2_R,2,2,R,R,unrelated,0,0,1,True,0.4672296677069947,-10,21788,,"S3062R09,S3182R07",filtered_from_final_matching_results
49820,75,170,06/2R/S3062R08.jpg,12/2L/S3122L01.jpg,data/features/daugman_strict_v3/gabor_codes/06__2R__S3062R08.jpg.npz,data/features/daugman_strict_v3/gabor_codes/12__2L__S3122L01.jpg.npz,6,12,F06_T2,F12_T2,F06_T2_R,F12_T2_L,2,2,R,L,unrelated,0,0,1,True,0.4125176139032409,-2,25548,,"S3062R08,S3122L01",filtered_from_final_matching_results
49895,49,217,04/2R/S3042R08.jpg,15/1L/S3151L06.jpg,data/features/daugman_strict_v3/gabor_codes/04__2R__S3042R08.jpg.npz,data/features/daugman_strict_v3/gabor_codes/15__1L__S3151L06.jpg.npz,4,15,F04_T2,F15_T1,F04_T2_R,F15_T1_L,2,1,R,L,unrelated,0,0,1,True,0.4777568331762488,-12,21220,,"S3042R08,S3151L06",filtered_from_final_matching_results
49921,170,232,12/2L/S3122L01.jpg,16/2R/S3162R07.jpg,data/features/daugman_strict_v3/gabor_codes/12__2L__S3122L01.jpg.npz,data/features/daugman_strict_v3/gabor_codes/16__2R__S3162R07.jpg.npz,12,16,F12_T2,F16_T2,F12_T2_L,F16_T2_R,2,2,L,R,unrelated,0,0,1,True,0.398353271304091,0,27084,,"S3122L01,S3162R07",filtered_from_final_matching_results
49953,54,180,05/1R/S3051R01.jpg,12/2R/S3122R01.jpg,data/features/daugman_strict_v3/gabor_codes/05__1R__S3051R01.jpg.npz,data/features/daugman_strict_v3/gabor_codes/12__2R__S3122R01.jpg.npz,5,12,F05_T1,F12_T2,F05_T1_R,F12_T2_R,1,2,R,R,unrelated,0,0,1,True,0.4509060955518945,14,24280,,"S3051R01,S3122R01",filtered_from_final_matching_results
50141,58,63,05/2L/S3052L03.jpg,06/1R/S3061R04.jpg,data/features/daugman_strict_v3/gabor_codes/05__2L__S3052L03.jpg.npz,data/features/daugman_strict_v3/gabor_codes/06__1R__S3061R04.jpg.npz,5,6,F05_T2,F06_T1,F05_T2_L,F06_T1_R,2,1,L,R,unrelated,0,0,1,True,0.4321494387669626,6,23876,,"S3052L03,S3061R04",filtered_from_final_matching_results
50169,55,161,05/1R/S3051R03.jpg,12/1L/S3121L03.jpg,data/features/daugman_strict_v3/gabor_codes/05__1R__S3051R03.jpg.npz,data/features/daugman_strict_v3/gabor_codes/12__1L__S3121L03.jpg.npz,5,12,F05_T1,F12_T1,F05_T1_R,F12_T1_L,1,1,R,L,unrelated,0,0,1,True,0.4227912122648964,-10,25308,,"S3051R03,S3121L03",filtered_from_final_matching_results
50383,36,185,03/2R/S3032R05.jpg,13/1L/S3131L10.jpg,data/features/daugman_strict_v3/gabor_codes/03__2R__S3032R05.jpg.npz,data/features/daugman_strict_v3/gabor_codes/13__1L__S3131L10.jpg.npz,3,13,F03_T2,F13_T1,F03_T2_R,F13_T1_L,2,1,R,L,unrelated,0,0,1,True,0.4690257000383582,12,20856,,"S3032R05,S3131L10",filtered_from_final_matching_results
50442,170,204,12/2L/S3122L01.jpg,14/2L/S3142L02.jpg,data/features/daugman_strict_v3/gabor_codes/12__2L__S3122L01.jpg.npz,data/features/daugman_strict_v3/gabor_codes/14__2L__S3142L02.jpg.npz,12,14,F12_T2,F14_T2,F12_T2_L,F14_T2_L,2,2,L,L,unrelated,0,0,1,True,0.4563782991202346,-10,24552,,"S3122L01,S3142L02",filtered_from_final_matching_results
50459,38,50,03/2R/S3032R07.jpg,05/1L/S3051L06.jpg,data/features/daugman_strict_v3/gabor_codes/03__2R__S3032R07.jpg.npz,data/features/daugman_strict_v3/gabor_codes/05__1L__S3051L06.jpg.npz,3,5,F03_T2,F05_T1,F03_T2_R,F05_T1_L,2,1,R,L,unrelated,0,0,1,True,0.4689327485380117,-12,19152,,"S3032R07,S3051L06",filtered_from_final_matching_results
50546,159,187,12/1L/S3121L01.jpg,13/1R/S3131R05.jpg,data/features/daugman_strict_v3/gabor_codes/12__1L__S3121L01.jpg.npz,data/features/daugman_strict_v3/gabor_codes/13__1R__S3131R05.jpg.npz,12,13,F12_T1,F13_T1,F12_T1_L,F13_T1_R,1,1,L,R,unrelated,0,0,1,True,0.4399098832914758,0,27076,,"S3121L01,S3131R05",filtered_from_final_matching_results
50643,53,205,05/1L/S3051L10.jpg,14/2L/S3142L03.jpg,data/features/daugman_strict_v3/gabor_codes/05__1L__S3051L10.jpg.npz,data/features/daugman_strict_v3/gabor_codes/14__2L__S3142L03.jpg.npz,5,14,F05_T1,F14_T2,F05_T1_L,F14_T2_L,1,2,L,L,unrelated,0,0,1,True,0.4453979343863912,-2,26336,,"S3051L10,S3142L03",filtered_from_final_matching_results
50703,97,188,09/2L/S3092L02.jpg,13/1R/S3131R06.jpg,data/features/daugman_strict_v3/gabor_codes/09__2L__S3092L02.jpg.npz,data/features/daugman_strict_v3/gabor_codes/13__1R__S3131R06.jpg.npz,9,13,F09_T2,F13_T1,F09_T2_L,F13_T1_R,2,1,L,R,unrelated,0,0,1,True,0.4329052258635961,12,22580,,"S3092L02,S3131R06",filtered_from_final_matching_results
50830,57,176,05/2L/S3052L02.jpg,12/2L/S3122L07.jpg,data/features/daugman_strict_v3/gabor_codes/05__2L__S3052L02.jpg.npz,data/features/daugman_strict_v3/gabor_codes/12__2L__S3122L07.jpg.npz,5,12,F05_T2,F12_T2,F05_T2_L,F12_T2_L,2,2,L,L,unrelated,0,0,1,True,0.39253529588465,6,26632,,"S3052L02,S3122L07",filtered_from_final_matching_results
50895,77,200,06/2R/S3062R10.jpg,14/1R/S3141R04.jpg,data/features/daugman_strict_v3/gabor_codes/06__2R__S3062R10.jpg.npz,data/features/daugman_strict_v3/gabor_codes/14__1R__S3141R04.jpg.npz,6,14,F06_T2,F14_T1,F06_T2_R,F14_T1_R,2,1,R,R,unrelated,0,0,1,True,0.4249349522983521,-14,23060,,"S3062R10,S3141R04",filtered_from_final_matching_results
50963,26,61,03/1R/S3031R09.jpg,06/1L/S3061L03.jpg,data/features/daugman_strict_v3/gabor_codes/03__1R__S3031R09.jpg.npz,data/features/daugman_strict_v3/gabor_codes/06__1L__S3061L03.jpg.npz,3,6,F03_T1,F06_T1,F03_T1_R,F06_T1_L,1,1,R,L,unrelated,0,0,1,True,0.4601867899094936,4,20772,,"S3031R09,S3061L03",filtered_from_final_matching_results
50989,26,87,03/1R/S3031R09.jpg,07/2L/S3072L09.jpg,data/features/daugman_strict_v3/gabor_codes/03__1R__S3031R09.jpg.npz,data/features/daugman_strict_v3/gabor_codes/07__2L__S3072L09.jpg.npz,3,7,F03_T1,F07_T2,F03_T1_R,F07_T2_L,1,2,R,L,unrelated,0,0,1,True,0.4485604992953493,-8,19868,,"S3031R09,S3072L09",filtered_from_final_matching_results
51011,26,109,03/1R/S3031R09.jpg,09/2R/S3092R04.jpg,data/features/daugman_strict_v3/gabor_codes/03__1R__S3031R09.jpg.npz,data/features/daugman_strict_v3/gabor_codes/09__2R__S3092R04.jpg.npz,3,9,F03_T1,F09_T2,F03_T1_R,F09_T2_R,1,2,R,R,unrelated,0,0,1,True,0.4741632413388139,-6,20436,,"S3031R09,S3092R04",filtered_from_final_matching_results
51021,26,119,03/1R/S3031R09.jpg,10/1L/S3101L10.jpg,data/features/daugman_strict_v3/gabor_codes/03__1R__S3031R09.jpg.npz,data/features/daugman_strict_v3/gabor_codes/10__1L__S3101L10.jpg.npz,3,10,F03_T1,F10_T1,F03_T1_R,F10_T1_L,1,1,R,L,unrelated,0,0,1,True,0.4785675032057153,0,21836,,"S3031R09,S3101L10",filtered_from_final_matching_results
51045,26,143,03/1R/S3031R09.jpg,10/2R/S3102R07.jpg,data/features/daugman_strict_v3/gabor_codes/03__1R__S3031R09.jpg.npz,data/features/daugman_strict_v3/gabor_codes/10__2R__S3102R07.jpg.npz,3,10,F03_T1,F10_T2,F03_T1_R,F10_T2_R,1,2,R,R,unrelated,0,0,1,True,0.4329611650485437,4,20600,,"S3031R09,S3102R07",filtered_from_final_matching_results
51052,26,150,03/1R/S3031R09.jpg,11/1R/S3111R02.jpg,data/features/daugman_strict_v3/gabor_codes/03__1R__S3031R09.jpg.npz,data/features/daugman_strict_v3/gabor_codes/11__1R__S3111R02.jpg.npz,3,11,F03_T1,F11_T1,F03_T1_R,F11_T1_R,1,1,R,R,unrelated,0,0,1,True,0.4629010695187165,4,20944,,"S3031R09,S3111R02",filtered_from_final_matching_results
51064,26,162,03/1R/S3031R09.jpg,12/1R/S3121R01.jpg,data/features/daugman_strict_v3/gabor_codes/03__1R__S3031R09.jpg.npz,data/features/daugman_strict_v3/gabor_codes/12__1R__S3121R01.jpg.npz,3,12,F03_T1,F12_T1,F03_T1_R,F12_T1_R,1,1,R,R,unrelated,0,0,1,True,0.4588223787167449,8,20448,,"S3031R09,S3121R01",filtered_from_final_matching_results
51071,26,169,03/1R/S3031R09.jpg,12/1R/S3121R08.jpg,data/features/daugman_strict_v3/gabor_codes/03__1R__S3031R09.jpg.npz,data/features/daugman_strict_v3/gabor_codes/12__1R__S3121R08.jpg.npz,3,12,F03_T1,F12_T1,F03_T1_R,F12_T1_R,1,1,R,R,unrelated,0,0,1,True,0.4762742487637885,-4,21032,,"S3031R09,S3121R08",filtered_from_final_matching_results
51081,75,222,06/2R/S3062R08.jpg,15/2R/S3152R02.jpg,data/features/daugman_strict_v3/gabor_codes/06__2R__S3062R08.jpg.npz,data/features/daugman_strict_v3/gabor_codes/15__2R__S3152R02.jpg.npz,6,15,F06_T2,F15_T2,F06_T2_R,F15_T2_R,2,2,R,R,unrelated,0,0,1,True,0.4167445119103223,-2,25692,,"S3062R08,S3152R02",filtered_from_final_matching_results
51104,92,159,08/2R/S3082R02.jpg,12/1L/S3121L01.jpg,data/features/daugman_strict_v3/gabor_codes/08__2R__S3082R02.jpg.npz,data/features/daugman_strict_v3/gabor_codes/12__1L__S3121L01.jpg.npz,8,12,F08_T2,F12_T1,F08_T2_R,F12_T1_L,2,1,R,L,unrelated,0,0,1,True,0.403567657263539,-10,26516,,"S3082R02,S3121L01",filtered_from_final_matching_results
51106,26,204,03/1R/S3031R09.jpg,14/2L/S3142L02.jpg,data/features/daugman_strict_v3/gabor_codes/03__1R__S3031R09.jpg.npz,data/features/daugman_strict_v3/gabor_codes/14__2L__S3142L02.jpg.npz,3,14,F03_T1,F14_T2,F03_T1_R,F14_T2_L,1,2,R,L,unrelated,0,0,1,True,0.4741884580703336,16,17744,,"S3031R09,S3142L02",filtered_from_final_matching_results
51110,26,208,03/1R/S3031R09.jpg,14/2R/S3142R07.jpg,data/features/daugman_strict_v3/gabor_codes/03__1R__S3031R09.jpg.npz,data/features/daugman_strict_v3/gabor_codes/14__2R__S3142R07.jpg.npz,3,14,F03_T1,F14_T2,F03_T1_R,F14_T2_R,1,2,R,R,unrelated,0,0,1,True,0.4459858323494687,16,16940,,"S3031R09,S3142R07",filtered_from_final_matching_results
51147,26,245,03/1R/S3031R09.jpg,18/2R/S3182R04.jpg,data/features/daugman_strict_v3/gabor_codes/03__1R__S3031R09.jpg.npz,data/features/daugman_strict_v3/gabor_codes/18__2R__S3182R04.jpg.npz,3,18,F03_T1,F18_T2,F03_T1_R,F18_T2_R,1,2,R,R,unrelated,0,0,1,True,0.4982728842832469,0,18528,,"S3031R09,S3182R04",filtered_from_final_matching_results
51405,99,241,09/2L/S3092L04.jpg,18/2L/S3182L01.jpg,data/features/daugman_strict_v3/gabor_codes/09__2L__S3092L04.jpg.npz,data/features/daugman_strict_v3/gabor_codes/18__2L__S3182L01.jpg.npz,9,18,F09_T2,F18_T2,F09_T2_L,F18_T2_L,2,2,L,L,unrelated,0,0,1,True,0.4725306595956248,-6,24136,,"S3092L04,S3182L01",filtered_from_final_matching_results
51421,91,149,08/2R/S3082R01.jpg,11/1R/S3111R01.jpg,data/features/daugman_strict_v3/gabor_codes/08__2R__S3082R01.jpg.npz,data/features/daugman_strict_v3/gabor_codes/11__1R__S3111R01.jpg.npz,8,11,F08_T2,F11_T1,F08_T2_R,F11_T1_R,2,1,R,R,unrelated,0,0,1,True,0.3910044546630263,0,27836,,"S3082R01,S3111R01",filtered_from_final_matching_results
51580,50,245,05/1L/S3051L06.jpg,18/2R/S3182R04.jpg,data/features/daugman_strict_v3/gabor_codes/05__1L__S3051L06.jpg.npz,data/features/daugman_strict_v3/gabor_codes/18__2R__S3182R04.jpg.npz,5,18,F05_T1,F18_T2,F05_T1_L,F18_T2_R,1,2,L,R,unrelated,0,0,1,True,0.4246022978347326,12,18104,,"S3051L06,S3182R04",filtered_from_final_matching_results
51593,109,144,09/2R/S3092R04.jpg,10/2R/S3102R08.jpg,data/features/daugman_strict_v3/gabor_codes/09__2R__S3092R04.jpg.npz,data/features/daugman_strict_v3/gabor_codes/10__2R__S3102R08.jpg.npz,9,10,F09_T2,F10_T2,F09_T2_R,F10_T2_R,2,2,R,R,unrelated,0,0,1,True,0.4733792671468838,6,25544,,"S3092R04,S3102R08",filtered_from_final_matching_results
51673,187,236,13/1R/S3131R05.jpg,17/1L/S3171L10.jpg,data/features/daugman_strict_v3/gabor_codes/13__1R__S3131R05.jpg.npz,data/features/daugman_strict_v3/gabor_codes/17__1L__S3171L10.jpg.npz,13,17,F13_T1,F17_T1,F13_T1_R,F17_T1_L,1,1,R,L,unrelated,0,0,1,True,0.4351745143233454,-6,24296,,"S3131R05,S3171L10",filtered_from_final_matching_results
51682,150,186,11/1R/S3111R02.jpg,13/1R/S3131R04.jpg,data/features/daugman_strict_v3/gabor_codes/11__1R__S3111R02.jpg.npz,data/features/daugman_strict_v3/gabor_codes/13__1R__S3131R04.jpg.npz,11,13,F11_T1,F13_T1,F11_T1_R,F13_T1_R,1,1,R,R,unrelated,0,0,1,True,0.4216538915094339,0,27136,,"S3111R02,S3131R04",filtered_from_final_matching_results
51742,51,204,05/1L/S3051L07.jpg,14/2L/S3142L02.jpg,data/features/daugman_strict_v3/gabor_codes/05__1L__S3051L07.jpg.npz,data/features/daugman_strict_v3/gabor_codes/14__2L__S3142L02.jpg.npz,5,14,F05_T1,F14_T2,F05_T1_L,F14_T2_L,1,2,L,L,unrelated,0,0,1,True,0.467851472922914,0,22676,,"S3051L07,S3142L02",filtered_from_final_matching_results
51791,159,239,12/1L/S3121L01.jpg,18/1R/S3181R04.jpg,data/features/daugman_strict_v3/gabor_codes/12__1L__S3121L01.jpg.npz,data/features/daugman_strict_v3/gabor_codes/18__1R__S3181R04.jpg.npz,12,18,F12_T1,F18_T1,F12_T1_L,F18_T1_R,1,1,L,R,unrelated,0,0,1,True,0.4512834417932032,12,22128,,"S3121L01,S3181R04",filtered_from_final_matching_results
51817,208,233,14/2R/S3142R07.jpg,16/2R/S3162R08.jpg,data/features/daugman_strict_v3/gabor_codes/14__2R__S3142R07.jpg.npz,data/features/daugman_strict_v3/gabor_codes/16__2R__S3162R08.jpg.npz,14,16,F14_T2,F16_T2,F14_T2_R,F16_T2_R,2,2,R,R,unrelated,0,0,1,True,0.4145531400966183,8,23184,,"S3142R07,S3162R08",filtered_from_final_matching_results
52002,129,225,10/2L/S3102L01.jpg,15/2R/S3152R07.jpg,data/features/daugman_strict_v3/gabor_codes/10__2L__S3102L01.jpg.npz,data/features/daugman_strict_v3/gabor_codes/15__2R__S3152R07.jpg.npz,10,15,F10_T2,F15_T2,F10_T2_L,F15_T2_R,2,2,L,R,unrelated,0,0,1,True,0.4220706260032102,-12,24920,,"S3102L01,S3152R07",filtered_from_final_matching_results
52126,117,185,10/1L/S3101L08.jpg,13/1L/S3131L10.jpg,data/features/daugman_strict_v3/gabor_codes/10__1L__S3101L08.jpg.npz,data/features/daugman_strict_v3/gabor_codes/13__1L__S3131L10.jpg.npz,10,13,F10_T1,F13_T1,F10_T1_L,F13_T1_L,1,1,L,L,unrelated,0,0,1,True,0.453155042824681,0,22884,,"S3101L08,S3131L10",filtered_from_final_matching_results
52206,45,181,04/1L/S3041L06.jpg,12/2R/S3122R02.jpg,data/features/daugman_strict_v3/gabor_codes/04__1L__S3041L06.jpg.npz,data/features/daugman_strict_v3/gabor_codes/12__2R__S3122R02.jpg.npz,4,12,F04_T1,F12_T2,F04_T1_L,F12_T2_R,1,2,L,R,unrelated,0,0,1,True,0.429727157360406,-8,25216,,"S3041L06,S3122R02",filtered_from_final_matching_results
52212,70,196,06/2L/S3062L06.jpg,13/2L/S3132L10.jpg,data/features/daugman_strict_v3/gabor_codes/06__2L__S3062L06.jpg.npz,data/features/daugman_strict_v3/gabor_codes/13__2L__S3132L10.jpg.npz,6,13,F06_T2,F13_T2,F06_T2_L,F13_T2_L,2,2,L,L,unrelated,0,0,1,True,0.4437226048841578,-10,25552,,"S3062L06,S3132L10",filtered_from_final_matching_results
52276,67,218,06/2L/S3062L03.jpg,15/1L/S3151L07.jpg,data/features/daugman_strict_v3/gabor_codes/06__2L__S3062L03.jpg.npz,data/features/daugman_strict_v3/gabor_codes/15__1L__S3151L07.jpg.npz,6,15,F06_T2,F15_T1,F06_T2_L,F15_T1_L,2,1,L,L,unrelated,0,0,1,True,0.4216550719948228,-10,24724,,"S3062L03,S3151L07",filtered_from_final_matching_results
52332,220,245,15/1R/S3151R02.jpg,18/2R/S3182R04.jpg,data/features/daugman_strict_v3/gabor_codes/15__1R__S3151R02.jpg.npz,data/features/daugman_strict_v3/gabor_codes/18__2R__S3182R04.jpg.npz,15,18,F15_T1,F18_T2,F15_T1_R,F18_T2_R,1,2,R,R,unrelated,0,0,1,True,0.4698947961675747,-16,21292,,"S3151R02,S3182R04",filtered_from_final_matching_results
52368,27,43,03/2L/S3032L05.jpg,04/1L/S3041L04.jpg,data/features/daugman_strict_v3/gabor_codes/03__2L__S3032L05.jpg.npz,data/features/daugman_strict_v3/gabor_codes/04__1L__S3041L04.jpg.npz,3,4,F03_T2,F04_T1,F03_T2_L,F04_T1_L,2,1,L,L,unrelated,0,0,1,True,0.445079883805374,14,22032,,"S3032L05,S3041L04",filtered_from_final_matching_results
52372,27,47,03/2L/S3032L05.jpg,04/2L/S3042L08.jpg,data/features/daugman_strict_v3/gabor_codes/03__2L__S3032L05.jpg.npz,data/features/daugman_strict_v3/gabor_codes/04__2L__S3042L08.jpg.npz,3,4,F03_T2,F04_T2,F03_T2_L,F04_T2_L,2,2,L,L,unrelated,0,0,1,True,0.4684148434148434,12,18648,,"S3032L05,S3042L08",filtered_from_final_matching_results
52375,27,50,03/2L/S3032L05.jpg,05/1L/S3051L06.jpg,data/features/daugman_strict_v3/gabor_codes/03__2L__S3032L05.jpg.npz,data/features/daugman_strict_v3/gabor_codes/05__1L__S3051L06.jpg.npz,3,5,F03_T2,F05_T1,F03_T2_L,F05_T1_L,2,1,L,L,unrelated,0,0,1,True,0.4751246261216351,8,20060,,"S3032L05,S3051L06",filtered_from_final_matching_results
52377,27,52,03/2L/S3032L05.jpg,05/1L/S3051L08.jpg,data/features/daugman_strict_v3/gabor_codes/03__2L__S3032L05.jpg.npz,data/features/daugman_strict_v3/gabor_codes/05__1L__S3051L08.jpg.npz,3,5,F03_T2,F05_T1,F03_T2_L,F05_T1_L,2,1,L,L,unrelated,0,0,1,True,0.4489262913522925,10,20676,,"S3032L05,S3051L08",filtered_from_final_matching_results
52389,92,203,08/2R/S3082R02.jpg,14/1R/S3141R10.jpg,data/features/daugman_strict_v3/gabor_codes/08__2R__S3082R02.jpg.npz,data/features/daugman_strict_v3/gabor_codes/14__1R__S3141R10.jpg.npz,8,14,F08_T2,F14_T1,F08_T2_R,F14_T1_R,2,1,R,R,unrelated,0,0,1,True,0.4177220018309429,4,26216,,"S3082R02,S3141R10",filtered_from_final_matching_results
52390,60,162,06/1L/S3061L02.jpg,12/1R/S3121R01.jpg,data/features/daugman_strict_v3/gabor_codes/06__1L__S3061L02.jpg.npz,data/features/daugman_strict_v3/gabor_codes/12__1R__S3121R01.jpg.npz,6,12,F06_T1,F12_T1,F06_T1_L,F12_T1_R,1,1,L,R,unrelated,0,0,1,True,0.4324693042291951,12,23456,,"S3061L02,S3121R01",filtered_from_final_matching_results
52447,147,229,11/1L/S3111L01.jpg,16/2L/S3162L04.jpg,data/features/daugman_strict_v3/gabor_codes/11__1L__S3111L01.jpg.npz,data/features/daugman_strict_v3/gabor_codes/16__2L__S3162L04.jpg.npz,11,16,F11_T1,F16_T2,F11_T1_L,F16_T2_L,1,2,L,L,unrelated,0,0,1,True,0.4389906922629435,0,27504,,"S3111L01,S3162L04",filtered_from_final_matching_results
52449,27,124,03/2L/S3032L05.jpg,10/1R/S3101R05.jpg,data/features/daugman_strict_v3/gabor_codes/03__2L__S3032L05.jpg.npz,data/features/daugman_strict_v3/gabor_codes/10__1R__S3101R05.jpg.npz,3,10,F03_T2,F10_T1,F03_T2_L,F10_T1_R,2,1,L,R,unrelated,0,0,1,True,0.4199622505842171,16,22252,,"S3032L05,S3101R05",filtered_from_final_matching_results
52505,27,180,03/2L/S3032L05.jpg,12/2R/S3122R01.jpg,data/features/daugman_strict_v3/gabor_codes/03__2L__S3032L05.jpg.npz,data/features/daugman_strict_v3/gabor_codes/12__2R__S3122R01.jpg.npz,3,12,F03_T2,F12_T2,F03_T2_L,F12_T2_R,2,2,L,R,unrelated,0,0,1,True,0.4792616625745352,14,22808,,"S3032L05,S3122R01",filtered_from_final_matching_results
52535,27,210,03/2L/S3032L05.jpg,14/2R/S3142R09.jpg,data/features/daugman_strict_v3/gabor_codes/03__2L__S3032L05.jpg.npz,data/features/daugman_strict_v3/gabor_codes/14__2R__S3142R09.jpg.npz,3,14,F03_T2,F14_T2,F03_T2_L,F14_T2_R,2,2,L,R,unrelated,0,0,1,True,0.4546593651382959,16,21548,,"S3032L05,S3142R09",filtered_from_final_matching_results
52542,27,217,03/2L/S3032L05.jpg,15/1L/S3151L06.jpg,data/features/daugman_strict_v3/gabor_codes/03__2L__S3032L05.jpg.npz,data/features/daugman_strict_v3/gabor_codes/15__1L__S3151L06.jpg.npz,3,15,F03_T2,F15_T1,F03_T2_L,F15_T1_L,2,1,L,L,unrelated,0,0,1,True,0.4465713799557597,10,23508,,"S3032L05,S3151L06",filtered_from_final_matching_results
52555,41,76,03/2R/S3032R10.jpg,06/2R/S3062R09.jpg,data/features/daugman_strict_v3/gabor_codes/03__2R__S3032R10.jpg.npz,data/features/daugman_strict_v3/gabor_codes/06__2R__S3062R09.jpg.npz,3,6,F03_T2,F06_T2,F03_T2_R,F06_T2_R,2,2,R,R,unrelated,0,0,1,True,0.4537906137184115,-14,22160,,"S3032R10,S3062R09",filtered_from_final_matching_results
52559,27,234,03/2L/S3032L05.jpg,16/2R/S3162R09.jpg,data/features/daugman_strict_v3/gabor_codes/03__2L__S3032L05.jpg.npz,data/features/daugman_strict_v3/gabor_codes/16__2R__S3162R09.jpg.npz,3,16,F03_T2,F16_T2,F03_T2_L,F16_T2_R,2,2,L,R,unrelated,0,0,1,True,0.4440403155127082,-6,22820,,"S3032L05,S3162R09",filtered_from_final_matching_results
52694,145,165,10/2R/S3102R09.jpg,12/1R/S3121R04.jpg,data/features/daugman_strict_v3/gabor_codes/10__2R__S3102R09.jpg.npz,data/features/daugman_strict_v3/gabor_codes/12__1R__S3121R04.jpg.npz,10,12,F10_T2,F12_T1,F10_T2_R,F12_T1_R,2,1,R,R,unrelated,0,0,1,True,0.4213941107968724,16,24044,,"S3102R09,S3121R04",filtered_from_final_matching_results
52713,92,229,08/2R/S3082R02.jpg,16/2L/S3162L04.jpg,data/features/daugman_strict_v3/gabor_codes/08__2R__S3082R02.jpg.npz,data/features/daugman_strict_v3/gabor_codes/16__2L__S3162L04.jpg.npz,8,16,F08_T2,F16_T2,F08_T2_R,F16_T2_L,2,2,R,L,unrelated,0,0,1,True,0.4303677252697158,8,26324,,"S3082R02,S3162L04",filtered_from_final_matching_results
52749,100,223,09/2L/S3092L05.jpg,15/2R/S3152R03.jpg,data/features/daugman_strict_v3/gabor_codes/09__2L__S3092L05.jpg.npz,data/features/daugman_strict_v3/gabor_codes/15__2R__S3152R03.jpg.npz,9,15,F09_T2,F15_T2,F09_T2_L,F15_T2_R,2,2,L,R,unrelated,0,0,1,True,0.4351151454025886,-16,23796,,"S3092L05,S3152R03",filtered_from_final_matching_results
52886,153,192,11/1R/S3111R05.jpg,13/2L/S3132L05.jpg,data/features/daugman_strict_v3/gabor_codes/11__1R__S3111R05.jpg.npz,data/features/daugman_strict_v3/gabor_codes/13__2L__S3132L05.jpg.npz,11,13,F11_T1,F13_T2,F11_T1_R,F13_T2_L,1,2,R,L,unrelated,0,0,1,True,0.410675105485232,-12,23700,,"S3111R05,S3132L05",filtered_from_final_matching_results
52889,68,220,06/2L/S3062L04.jpg,15/1R/S3151R02.jpg,data/features/daugman_strict_v3/gabor_codes/06__2L__S3062L04.jpg.npz,data/features/daugman_strict_v3/gabor_codes/15__1R__S3151R02.jpg.npz,6,15,F06_T2,F15_T1,F06_T2_L,F15_T1_R,2,1,L,R,unrelated,0,0,1,True,0.411058881741712,-16,24252,,"S3062L04,S3151R02",filtered_from_final_matching_results
52918,42,174,04/1L/S3041L03.jpg,12/2L/S3122L05.jpg,data/features/daugman_strict_v3/gabor_codes/04__1L__S3041L03.jpg.npz,data/features/daugman_strict_v3/gabor_codes/12__2L__S3122L05.jpg.npz,4,12,F04_T1,F12_T2,F04_T1_L,F12_T2_L,1,2,L,L,unrelated,0,0,1,True,0.4229634486149811,-14,24404,,"S3041L03,S3122L05",filtered_from_final_matching_results
52921,153,248,11/1R/S3111R05.jpg,18/2R/S3182R07.jpg,data/features/daugman_strict_v3/gabor_codes/11__1R__S3111R05.jpg.npz,data/features/daugman_strict_v3/gabor_codes/18__2R__S3182R07.jpg.npz,11,18,F11_T1,F18_T2,F11_T1_R,F18_T2_R,1,2,R,R,unrelated,0,0,1,True,0.4398172098637696,4,23196,,"S3111R05,S3182R07",filtered_from_final_matching_results
52931,44,95,04/1L/S3041L05.jpg,08/2R/S3082R06.jpg,data/features/daugman_strict_v3/gabor_codes/04__1L__S3041L05.jpg.npz,data/features/daugman_strict_v3/gabor_codes/08__2R__S3082R06.jpg.npz,4,8,F04_T1,F08_T2,F04_T1_L,F08_T2_R,1,2,L,R,unrelated,0,0,1,True,0.4291443850267379,-2,26928,,"S3041L05,S3082R06",filtered_from_final_matching_results
53028,44,163,04/1L/S3041L05.jpg,12/1R/S3121R02.jpg,data/features/daugman_strict_v3/gabor_codes/04__1L__S3041L05.jpg.npz,data/features/daugman_strict_v3/gabor_codes/12__1R__S3121R02.jpg.npz,4,12,F04_T1,F12_T1,F04_T1_L,F12_T1_R,1,1,L,R,unrelated,0,0,1,True,0.4326114548627637,-10,25212,,"S3041L05,S3121R02",filtered_from_final_matching_results
53036,206,246,14/2L/S3142L04.jpg,18/2R/S3182R05.jpg,data/features/daugman_strict_v3/gabor_codes/14__2L__S3142L04.jpg.npz,data/features/daugman_strict_v3/gabor_codes/18__2R__S3182R05.jpg.npz,14,18,F14_T2,F18_T2,F14_T2_L,F18_T2_R,2,2,L,R,unrelated,0,0,1,True,0.4476724285469793,0,23372,,"S3142L04,S3182R05",filtered_from_final_matching_results
53319,197,228,13/2R/S3132R06.jpg,16/2L/S3162L03.jpg,data/features/daugman_strict_v3/gabor_codes/13__2R__S3132R06.jpg.npz,data/features/daugman_strict_v3/gabor_codes/16__2L__S3162L03.jpg.npz,13,16,F13_T2,F16_T2,F13_T2_R,F16_T2_L,2,2,R,L,unrelated,0,0,1,True,0.4292084726867335,-12,21528,,"S3132R06,S3162L03",filtered_from_final_matching_results
53640,138,180,10/2R/S3102R02.jpg,12/2R/S3122R01.jpg,data/features/daugman_strict_v3/gabor_codes/10__2R__S3102R02.jpg.npz,data/features/daugman_strict_v3/gabor_codes/12__2R__S3122R01.jpg.npz,10,12,F10_T2,F12_T2,F10_T2_R,F12_T2_R,2,2,R,R,unrelated,0,0,1,True,0.4434573231484556,12,24088,,"S3102R02,S3122R01",filtered_from_final_matching_results
53713,170,226,12/2L/S3122L01.jpg,16/2L/S3162L01.jpg,data/features/daugman_strict_v3/gabor_codes/12__2L__S3122L01.jpg.npz,data/features/daugman_strict_v3/gabor_codes/16__2L__S3162L01.jpg.npz,12,16,F12_T2,F16_T2,F12_T2_L,F16_T2_L,2,2,L,L,unrelated,0,0,1,True,0.4288270204224123,-12,22916,,"S3122L01,S3162L01",filtered_from_final_matching_results
53741,144,232,10/2R/S3102R08.jpg,16/2R/S3162R07.jpg,data/features/daugman_strict_v3/gabor_codes/10__2R__S3102R08.jpg.npz,data/features/daugman_strict_v3/gabor_codes/16__2R__S3162R07.jpg.npz,10,16,F10_T2,F16_T2,F10_T2_R,F16_T2_R,2,2,R,R,unrelated,0,0,1,True,0.4129672897196261,8,25680,,"S3102R08,S3162R07",filtered_from_final_matching_results
53837,135,209,10/2L/S3102L09.jpg,14/2R/S3142R08.jpg,data/features/daugman_strict_v3/gabor_codes/10__2L__S3102L09.jpg.npz,data/features/daugman_strict_v3/gabor_codes/14__2R__S3142R08.jpg.npz,10,14,F10_T2,F14_T2,F10_T2_L,F14_T2_R,2,2,L,R,unrelated,0,0,1,True,0.4871908913004803,-8,22484,,"S3102L09,S3142R08",filtered_from_final_matching_results
53845,28,97,03/2L/S3032L06.jpg,09/2L/S3092L02.jpg,data/features/daugman_strict_v3/gabor_codes/03__2L__S3032L06.jpg.npz,data/features/daugman_strict_v3/gabor_codes/09__2L__S3092L02.jpg.npz,3,9,F03_T2,F09_T2,F03_T2_L,F09_T2_L,2,2,L,L,unrelated,0,0,1,True,0.4749022164276401,-8,24544,,"S3032L06,S3092L02",filtered_from_final_matching_results
53846,28,98,03/2L/S3032L06.jpg,09/2L/S3092L03.jpg,data/features/daugman_strict_v3/gabor_codes/03__2L__S3032L06.jpg.npz,data/features/daugman_strict_v3/gabor_codes/09__2L__S3092L03.jpg.npz,3,9,F03_T2,F09_T2,F03_T2_L,F09_T2_L,2,2,L,L,unrelated,0,0,1,True,0.46955533097524,-10,23748,,"S3032L06,S3092L03",filtered_from_final_matching_results
53895,28,147,03/2L/S3032L06.jpg,11/1L/S3111L01.jpg,data/features/daugman_strict_v3/gabor_codes/03__2L__S3032L06.jpg.npz,data/features/daugman_strict_v3/gabor_codes/11__1L__S3111L01.jpg.npz,3,11,F03_T2,F11_T1,F03_T2_L,F11_T1_L,2,1,L,L,unrelated,0,0,1,True,0.4428181684117386,4,27124,,"S3032L06,S3111L01",filtered_from_final_matching_results
53900,194,225,13/2L/S3132L08.jpg,15/2R/S3152R07.jpg,data/features/daugman_strict_v3/gabor_codes/13__2L__S3132L08.jpg.npz,data/features/daugman_strict_v3/gabor_codes/15__2R__S3152R07.jpg.npz,13,15,F13_T2,F15_T2,F13_T2_L,F15_T2_R,2,2,L,R,unrelated,0,0,1,True,0.4554874005305039,12,24128,,"S3132L08,S3152R07",filtered_from_final_matching_results
53951,28,203,03/2L/S3032L06.jpg,14/1R/S3141R10.jpg,data/features/daugman_strict_v3/gabor_codes/03__2L__S3032L06.jpg.npz,data/features/daugman_strict_v3/gabor_codes/14__1R__S3141R10.jpg.npz,3,14,F03_T2,F14_T1,F03_T2_L,F14_T1_R,2,1,L,R,unrelated,0,0,1,True,0.4594183689380945,2,25652,,"S3032L06,S3141R10",filtered_from_final_matching_results
53962,28,214,03/2L/S3032L06.jpg,15/1L/S3151L03.jpg,data/features/daugman_strict_v3/gabor_codes/03__2L__S3032L06.jpg.npz,data/features/daugman_strict_v3/gabor_codes/15__1L__S3151L03.jpg.npz,3,15,F03_T2,F15_T1,F03_T2_L,F15_T1_L,2,1,L,L,unrelated,0,0,1,True,0.466258584652135,2,26792,,"S3032L06,S3151L03",filtered_from_final_matching_results
53977,28,229,03/2L/S3032L06.jpg,16/2L/S3162L04.jpg,data/features/daugman_strict_v3/gabor_codes/03__2L__S3032L06.jpg.npz,data/features/daugman_strict_v3/gabor_codes/16__2L__S3162L04.jpg.npz,3,16,F03_T2,F16_T2,F03_T2_L,F16_T2_L,2,2,L,L,unrelated,0,0,1,True,0.4402882109458838,0,26092,,"S3032L06,S3162L04",filtered_from_final_matching_results
53993,28,245,03/2L/S3032L06.jpg,18/2R/S3182R04.jpg,data/features/daugman_strict_v3/gabor_codes/03__2L__S3032L06.jpg.npz,data/features/daugman_strict_v3/gabor_codes/18__2R__S3182R04.jpg.npz,3,18,F03_T2,F18_T2,F03_T2_L,F18_T2_R,2,2,L,R,unrelated,0,0,1,True,0.4500889679715302,10,22480,,"S3032L06,S3182R04",filtered_from_final_matching_results
53994,28,246,03/2L/S3032L06.jpg,18/2R/S3182R05.jpg,data/features/daugman_strict_v3/gabor_codes/03__2L__S3032L06.jpg.npz,data/features/daugman_strict_v3/gabor_codes/18__2R__S3182R05.jpg.npz,3,18,F03_T2,F18_T2,F03_T2_L,F18_T2_R,2,2,L,R,unrelated,0,0,1,True,0.45,12,21640,,"S3032L06,S3182R05",filtered_from_final_matching_results
54033,200,237,14/1R/S3141R04.jpg,17/2L/S3172L07.jpg,data/features/daugman_strict_v3/gabor_codes/14__1R__S3141R04.jpg.npz,data/features/daugman_strict_v3/gabor_codes/17__2L__S3172L07.jpg.npz,14,17,F14_T1,F17_T2,F14_T1_R,F17_T2_L,1,2,R,L,unrelated,0,0,1,True,0.4361635220125786,10,22260,,"S3141R04,S3172L07",filtered_from_final_matching_results
54258,91,162,08/2R/S3082R01.jpg,12/1R/S3121R01.jpg,data/features/daugman_strict_v3/gabor_codes/08__2R__S3082R01.jpg.npz,data/features/daugman_strict_v3/gabor_codes/12__1R__S3121R01.jpg.npz,8,12,F08_T2,F12_T1,F08_T2_R,F12_T1_R,2,1,R,R,unrelated,0,0,1,True,0.4052745317752521,-10,24988,,"S3082R01,S3121R01",filtered_from_final_matching_results
54305,77,86,06/2R/S3062R10.jpg,07/2L/S3072L08.jpg,data/features/daugman_strict_v3/gabor_codes/06__2R__S3062R10.jpg.npz,data/features/daugman_strict_v3/gabor_codes/07__2L__S3072L08.jpg.npz,6,7,F06_T2,F07_T2,F06_T2_R,F07_T2_L,2,2,R,L,unrelated,0,0,1,True,0.4329239856987408,-4,25732,,"S3062R10,S3072L08",filtered_from_final_matching_results
54500,74,223,06/2R/S3062R07.jpg,15/2R/S3152R03.jpg,data/features/daugman_strict_v3/gabor_codes/06__2R__S3062R07.jpg.npz,data/features/daugman_strict_v3/gabor_codes/15__2R__S3152R03.jpg.npz,6,15,F06_T2,F15_T2,F06_T2_R,F15_T2_R,2,2,R,R,unrelated,0,0,1,True,0.4619133011071261,2,25652,,"S3062R07,S3152R03",filtered_from_final_matching_results
54564,196,203,13/2L/S3132L10.jpg,14/1R/S3141R10.jpg,data/features/daugman_strict_v3/gabor_codes/13__2L__S3132L10.jpg.npz,data/features/daugman_strict_v3/gabor_codes/14__1R__S3141R10.jpg.npz,13,14,F13_T2,F14_T1,F13_T2_L,F14_T1_R,2,1,L,R,unrelated,0,0,1,True,0.4522702895959957,16,22376,,"S3132L10,S3141R10",filtered_from_final_matching_results
54806,79,111,07/2L/S3072L01.jpg,09/2R/S3092R06.jpg,data/features/daugman_strict_v3/gabor_codes/07__2L__S3072L01.jpg.npz,data/features/daugman_strict_v3/gabor_codes/09__2R__S3092R06.jpg.npz,7,9,F07_T2,F09_T2,F07_T2_L,F09_T2_R,2,2,L,R,unrelated,0,0,1,True,0.396158290005777,0,27696,,"S3072L01,S3092R06",filtered_from_final_matching_results
54835,58,209,05/2L/S3052L03.jpg,14/2R/S3142R08.jpg,data/features/daugman_strict_v3/gabor_codes/05__2L__S3052L03.jpg.npz,data/features/daugman_strict_v3/gabor_codes/14__2R__S3142R08.jpg.npz,5,14,F05_T2,F14_T2,F05_T2_L,F14_T2_R,2,2,L,R,unrelated,0,0,1,True,0.4477368791828108,16,22712,,"S3052L03,S3142R08",filtered_from_final_matching_results
54851,185,200,13/1L/S3131L10.jpg,14/1R/S3141R04.jpg,data/features/daugman_strict_v3/gabor_codes/13__1L__S3131L10.jpg.npz,data/features/daugman_strict_v3/gabor_codes/14__1R__S3141R04.jpg.npz,13,14,F13_T1,F14_T1,F13_T1_L,F14_T1_R,1,1,L,R,unrelated,0,0,1,True,0.4329093665768194,2,23744,,"S3131L10,S3141R04",filtered_from_final_matching_results
54908,99,228,09/2L/S3092L04.jpg,16/2L/S3162L03.jpg,data/features/daugman_strict_v3/gabor_codes/09__2L__S3092L04.jpg.npz,data/features/daugman_strict_v3/gabor_codes/16__2L__S3162L03.jpg.npz,9,16,F09_T2,F16_T2,F09_T2_L,F16_T2_L,2,2,L,L,unrelated,0,0,1,True,0.4437910065610497,6,24996,,"S3092L04,S3162L03",filtered_from_final_matching_results
54973,61,220,06/1L/S3061L03.jpg,15/1R/S3151R02.jpg,data/features/daugman_strict_v3/gabor_codes/06__1L__S3061L03.jpg.npz,data/features/daugman_strict_v3/gabor_codes/15__1R__S3151R02.jpg.npz,6,15,F06_T1,F15_T1,F06_T1_L,F15_T1_R,1,1,L,R,unrelated,0,0,1,True,0.46311980289498,0,25976,,"S3061L03,S3151R02",filtered_from_final_matching_results
55102,55,208,05/1R/S3051R03.jpg,14/2R/S3142R07.jpg,data/features/daugman_strict_v3/gabor_codes/05__1R__S3051R03.jpg.npz,data/features/daugman_strict_v3/gabor_codes/14__2R__S3142R07.jpg.npz,5,14,F05_T1,F14_T2,F05_T1_R,F14_T2_R,1,2,R,R,unrelated,0,0,1,True,0.4265555141579731,-16,21472,,"S3051R03,S3142R07",filtered_from_final_matching_results
55108,69,136,06/2L/S3062L05.jpg,10/2L/S3102L10.jpg,data/features/daugman_strict_v3/gabor_codes/06__2L__S3062L05.jpg.npz,data/features/daugman_strict_v3/gabor_codes/10__2L__S3102L10.jpg.npz,6,10,F06_T2,F10_T2,F06_T2_L,F10_T2_L,2,2,L,L,unrelated,0,0,1,True,0.468845473548802,0,24876,,"S3062L05,S3102L10",filtered_from_final_matching_results
55130,99,214,09/2L/S3092L04.jpg,15/1L/S3151L03.jpg,data/features/daugman_strict_v3/gabor_codes/09__2L__S3092L04.jpg.npz,data/features/daugman_strict_v3/gabor_codes/15__1L__S3151L03.jpg.npz,9,15,F09_T2,F15_T1,F09_T2_L,F15_T1_L,2,1,L,L,unrelated,0,0,1,True,0.4403891977760127,10,25180,,"S3092L04,S3151L03",filtered_from_final_matching_results
55147,46,209,04/1R/S3041R01.jpg,14/2R/S3142R08.jpg,data/features/daugman_strict_v3/gabor_codes/04__1R__S3041R01.jpg.npz,data/features/daugman_strict_v3/gabor_codes/14__2R__S3142R08.jpg.npz,4,14,F04_T1,F14_T2,F04_T1_R,F14_T2_R,1,2,R,R,unrelated,0,0,1,True,0.4525521207764198,-6,22256,,"S3041R01,S3142R08",filtered_from_final_matching_results
55216,29,45,03/2L/S3032L08.jpg,04/1L/S3041L06.jpg,data/features/daugman_strict_v3/gabor_codes/03__2L__S3032L08.jpg.npz,data/features/daugman_strict_v3/gabor_codes/04__1L__S3041L06.jpg.npz,3,4,F03_T2,F04_T1,F03_T2_L,F04_T1_L,2,1,L,L,unrelated,0,0,1,True,0.4586479367866549,16,22780,,"S3032L08,S3041L06",filtered_from_final_matching_results
55219,67,147,06/2L/S3062L03.jpg,11/1L/S3111L01.jpg,data/features/daugman_strict_v3/gabor_codes/06__2L__S3062L03.jpg.npz,data/features/daugman_strict_v3/gabor_codes/11__1L__S3111L01.jpg.npz,6,11,F06_T2,F11_T1,F06_T2_L,F11_T1_L,2,1,L,L,unrelated,0,0,1,True,0.4181124738259049,-4,26744,,"S3062L03,S3111L01",filtered_from_final_matching_results
55231,29,60,03/2L/S3032L08.jpg,06/1L/S3061L02.jpg,data/features/daugman_strict_v3/gabor_codes/03__2L__S3032L08.jpg.npz,data/features/daugman_strict_v3/gabor_codes/06__1L__S3061L02.jpg.npz,3,6,F03_T2,F06_T1,F03_T2_L,F06_T1_L,2,1,L,L,unrelated,0,0,1,True,0.4498378962536023,-8,22208,,"S3032L08,S3061L02",filtered_from_final_matching_results
55239,29,68,03/2L/S3032L08.jpg,06/2L/S3062L04.jpg,data/features/daugman_strict_v3/gabor_codes/03__2L__S3032L08.jpg.npz,data/features/daugman_strict_v3/gabor_codes/06__2L__S3062L04.jpg.npz,3,6,F03_T2,F06_T2,F03_T2_L,F06_T2_L,2,2,L,L,unrelated,0,0,1,True,0.4638893631551989,16,23428,,"S3032L08,S3062L04",filtered_from_final_matching_results
55250,29,79,03/2L/S3032L08.jpg,07/2L/S3072L01.jpg,data/features/daugman_strict_v3/gabor_codes/03__2L__S3032L08.jpg.npz,data/features/daugman_strict_v3/gabor_codes/07__2L__S3072L01.jpg.npz,3,7,F03_T2,F07_T2,F03_T2_L,F07_T2_L,2,2,L,L,unrelated,0,0,1,True,0.4365284974093264,12,23932,,"S3032L08,S3072L01",filtered_from_final_matching_results
55286,29,115,03/2L/S3032L08.jpg,10/1L/S3101L04.jpg,data/features/daugman_strict_v3/gabor_codes/03__2L__S3032L08.jpg.npz,data/features/daugman_strict_v3/gabor_codes/10__1L__S3101L04.jpg.npz,3,10,F03_T2,F10_T1,F03_T2_L,F10_T1_L,2,1,L,L,unrelated,0,0,1,True,0.4072263920404957,10,22916,,"S3032L08,S3101L04",filtered_from_final_matching_results
55307,29,136,03/2L/S3032L08.jpg,10/2L/S3102L10.jpg,data/features/daugman_strict_v3/gabor_codes/03__2L__S3032L08.jpg.npz,data/features/daugman_strict_v3/gabor_codes/10__2L__S3102L10.jpg.npz,3,10,F03_T2,F10_T2,F03_T2_L,F10_T2_L,2,2,L,L,unrelated,0,0,1,True,0.4511258041458184,-8,22384,,"S3032L08,S3102L10",filtered_from_final_matching_results
55557,129,199,10/2L/S3102L01.jpg,14/1L/S3141L03.jpg,data/features/daugman_strict_v3/gabor_codes/10__2L__S3102L01.jpg.npz,data/features/daugman_strict_v3/gabor_codes/14__1L__S3141L03.jpg.npz,10,14,F10_T2,F14_T1,F10_T2_L,F14_T1_L,2,1,L,L,unrelated,0,0,1,True,0.4667656053246987,-16,22236,,"S3102L01,S3141L03",filtered_from_final_matching_results
55636,51,220,05/1L/S3051L07.jpg,15/1R/S3151R02.jpg,data/features/daugman_strict_v3/gabor_codes/05__1L__S3051L07.jpg.npz,data/features/daugman_strict_v3/gabor_codes/15__1R__S3151R02.jpg.npz,5,15,F05_T1,F15_T1,F05_T1_L,F15_T1_R,1,1,L,R,unrelated,0,0,1,True,0.4628412034269775,16,20076,,"S3051L07,S3151R02",filtered_from_final_matching_results
55652,73,204,06/2R/S3062R02.jpg,14/2L/S3142L02.jpg,data/features/daugman_strict_v3/gabor_codes/06__2R__S3062R02.jpg.npz,data/features/daugman_strict_v3/gabor_codes/14__2L__S3142L02.jpg.npz,6,14,F06_T2,F14_T2,F06_T2_R,F14_T2_L,2,2,R,L,unrelated,0,0,1,True,0.4941850220264317,16,22700,,"S3062R02,S3142L02",filtered_from_final_matching_results
55905,90,143,07/2R/S3072R10.jpg,10/2R/S3102R07.jpg,data/features/daugman_strict_v3/gabor_codes/07__2R__S3072R10.jpg.npz,data/features/daugman_strict_v3/gabor_codes/10__2R__S3102R07.jpg.npz,7,10,F07_T2,F10_T2,F07_T2_R,F10_T2_R,2,2,R,R,unrelated,0,0,1,True,0.447189170546646,14,23196,,"S3072R10,S3102R07",filtered_from_final_matching_results
55928,209,235,14/2R/S3142R08.jpg,16/2R/S3162R10.jpg,data/features/daugman_strict_v3/gabor_codes/14__2R__S3142R08.jpg.npz,data/features/daugman_strict_v3/gabor_codes/16__2R__S3162R10.jpg.npz,14,16,F14_T2,F16_T2,F14_T2_R,F16_T2_R,2,2,R,R,unrelated,0,0,1,True,0.436003600360036,10,22220,,"S3142R08,S3162R10",filtered_from_final_matching_results
56057,59,99,05/2R/S3052R01.jpg,09/2L/S3092L04.jpg,data/features/daugman_strict_v3/gabor_codes/05__2R__S3052R01.jpg.npz,data/features/daugman_strict_v3/gabor_codes/09__2L__S3092L04.jpg.npz,5,9,F05_T2,F09_T2,F05_T2_R,F09_T2_L,2,2,R,L,unrelated,0,0,1,True,0.4364378540486504,12,24008,,"S3052R01,S3092L04",filtered_from_final_matching_results
56107,36,227,03/2R/S3032R05.jpg,16/2L/S3162L02.jpg,data/features/daugman_strict_v3/gabor_codes/03__2R__S3032R05.jpg.npz,data/features/daugman_strict_v3/gabor_codes/16__2L__S3162L02.jpg.npz,3,16,F03_T2,F16_T2,F03_T2_R,F16_T2_L,2,2,R,L,unrelated,0,0,1,True,0.4995703125,4,25600,,"S3032R05,S3162L02",filtered_from_final_matching_results
56109,191,232,13/2L/S3132L04.jpg,16/2R/S3162R07.jpg,data/features/daugman_strict_v3/gabor_codes/13__2L__S3132L04.jpg.npz,data/features/daugman_strict_v3/gabor_codes/16__2R__S3162R07.jpg.npz,13,16,F13_T2,F16_T2,F13_T2_L,F16_T2_R,2,2,L,R,unrelated,0,0,1,True,0.4577405537708429,2,26148,,"S3132L04,S3162R07",filtered_from_final_matching_results
56120,197,205,13/2R/S3132R06.jpg,14/2L/S3142L03.jpg,data/features/daugman_strict_v3/gabor_codes/13__2R__S3132R06.jpg.npz,data/features/daugman_strict_v3/gabor_codes/14__2L__S3142L03.jpg.npz,13,14,F13_T2,F14_T2,F13_T2_R,F14_T2_L,2,2,R,L,unrelated,0,0,1,True,0.4258935151068533,-16,21712,,"S3132R06,S3142L03",filtered_from_final_matching_results
56131,73,109,06/2R/S3062R02.jpg,09/2R/S3092R04.jpg,data/features/daugman_strict_v3/gabor_codes/06__2R__S3062R02.jpg.npz,data/features/daugman_strict_v3/gabor_codes/09__2R__S3092R04.jpg.npz,6,9,F06_T2,F09_T2,F06_T2_R,F09_T2_R,2,2,R,R,unrelated,0,0,1,True,0.4239016736401673,-14,22944,,"S3062R02,S3092R04",filtered_from_final_matching_results
56149,87,182,07/2L/S3072L09.jpg,12/2R/S3122R03.jpg,data/features/daugman_strict_v3/gabor_codes/07__2L__S3072L09.jpg.npz,data/features/daugman_strict_v3/gabor_codes/12__2R__S3122R03.jpg.npz,7,12,F07_T2,F12_T2,F07_T2_L,F12_T2_R,2,2,L,R,unrelated,0,0,1,True,0.4228915662650602,2,26560,,"S3072L09,S3122R03",filtered_from_final_matching_results
56275,94,123,08/2R/S3082R05.jpg,10/1R/S3101R04.jpg,data/features/daugman_strict_v3/gabor_codes/08__2R__S3082R05.jpg.npz,data/features/daugman_strict_v3/gabor_codes/10__1R__S3101R04.jpg.npz,8,10,F08_T2,F10_T1,F08_T2_R,F10_T1_R,2,1,R,R,unrelated,0,0,1,True,0.4634472150259067,-16,24704,,"S3082R05,S3101R04",filtered_from_final_matching_results
56287,154,180,11/1R/S3111R06.jpg,12/2R/S3122R01.jpg,data/features/daugman_strict_v3/gabor_codes/11__1R__S3111R06.jpg.npz,data/features/daugman_strict_v3/gabor_codes/12__2R__S3122R01.jpg.npz,11,12,F11_T1,F12_T2,F11_T1_R,F12_T2_R,1,2,R,R,unrelated,0,0,1,True,0.4392785403414797,16,23896,,"S3111R06,S3122R01",filtered_from_final_matching_results
56559,94,154,08/2R/S3082R05.jpg,11/1R/S3111R06.jpg,data/features/daugman_strict_v3/gabor_codes/08__2R__S3082R05.jpg.npz,data/features/daugman_strict_v3/gabor_codes/11__1R__S3111R06.jpg.npz,8,11,F08_T2,F11_T1,F08_T2_R,F11_T1_R,2,1,R,R,unrelated,0,0,1,True,0.434393063583815,2,27680,,"S3082R05,S3111R06",filtered_from_final_matching_results
56636,30,42,03/2L/S3032L09.jpg,04/1L/S3041L03.jpg,data/features/daugman_strict_v3/gabor_codes/03__2L__S3032L09.jpg.npz,data/features/daugman_strict_v3/gabor_codes/04__1L__S3041L03.jpg.npz,3,4,F03_T2,F04_T1,F03_T2_L,F04_T1_L,2,1,L,L,unrelated,0,0,1,True,0.4686866981769075,14,23696,,"S3032L09,S3041L03",filtered_from_final_matching_results
56663,97,202,09/2L/S3092L02.jpg,14/1R/S3141R07.jpg,data/features/daugman_strict_v3/gabor_codes/09__2L__S3092L02.jpg.npz,data/features/daugman_strict_v3/gabor_codes/14__1R__S3141R07.jpg.npz,9,14,F09_T2,F14_T1,F09_T2_L,F14_T1_R,2,1,L,R,unrelated,0,0,1,True,0.4170426935091982,-16,23048,,"S3092L02,S3141R07",filtered_from_final_matching_results
56668,30,74,03/2L/S3032L09.jpg,06/2R/S3062R07.jpg,data/features/daugman_strict_v3/gabor_codes/03__2L__S3032L09.jpg.npz,data/features/daugman_strict_v3/gabor_codes/06__2R__S3062R07.jpg.npz,3,6,F03_T2,F06_T2,F03_T2_L,F06_T2_R,2,2,L,R,unrelated,0,0,1,True,0.4506464685449633,-16,20728,,"S3032L09,S3062R07",filtered_from_final_matching_results
56683,30,89,03/2L/S3032L09.jpg,07/2R/S3072R08.jpg,data/features/daugman_strict_v3/gabor_codes/03__2L__S3032L09.jpg.npz,data/features/daugman_strict_v3/gabor_codes/07__2R__S3072R08.jpg.npz,3,7,F03_T2,F07_T2,F03_T2_L,F07_T2_R,2,2,L,R,unrelated,0,0,1,True,0.4389316099476439,6,24448,,"S3032L09,S3072R08",filtered_from_final_matching_results
56780,30,186,03/2L/S3032L09.jpg,13/1R/S3131R04.jpg,data/features/daugman_strict_v3/gabor_codes/03__2L__S3032L09.jpg.npz,data/features/daugman_strict_v3/gabor_codes/13__1R__S3131R04.jpg.npz,3,13,F03_T2,F13_T1,F03_T2_L,F13_T1_R,2,1,L,R,unrelated,0,0,1,True,0.4386312704706085,14,23204,,"S3032L09,S3131R04",filtered_from_final_matching_results
56792,30,198,03/2L/S3032L09.jpg,13/2R/S3132R07.jpg,data/features/daugman_strict_v3/gabor_codes/03__2L__S3032L09.jpg.npz,data/features/daugman_strict_v3/gabor_codes/13__2R__S3132R07.jpg.npz,3,13,F03_T2,F13_T2,F03_T2_L,F13_T2_R,2,2,L,R,unrelated,0,0,1,True,0.4268984446477584,14,21860,,"S3032L09,S3132R07",filtered_from_final_matching_results
56800,147,165,11/1L/S3111L01.jpg,12/1R/S3121R04.jpg,data/features/daugman_strict_v3/gabor_codes/11__1L__S3111L01.jpg.npz,data/features/daugman_strict_v3/gabor_codes/12__1R__S3121R04.jpg.npz,11,12,F11_T1,F12_T1,F11_T1_L,F12_T1_R,1,1,L,R,unrelated,0,0,1,True,0.4181615958668197,-2,27872,,"S3111L01,S3121R04",filtered_from_final_matching_results
56815,205,239,14/2L/S3142L03.jpg,18/1R/S3181R04.jpg,data/features/daugman_strict_v3/gabor_codes/14__2L__S3142L03.jpg.npz,data/features/daugman_strict_v3/gabor_codes/18__1R__S3181R04.jpg.npz,14,18,F14_T2,F18_T1,F14_T2_L,F18_T1_R,2,1,L,R,unrelated,0,0,1,True,0.4653603918824353,4,22864,,"S3142L03,S3181R04",filtered_from_final_matching_results
56861,109,223,09/2R/S3092R04.jpg,15/2R/S3152R03.jpg,data/features/daugman_strict_v3/gabor_codes/09__2R__S3092R04.jpg.npz,data/features/daugman_strict_v3/gabor_codes/15__2R__S3152R03.jpg.npz,9,15,F09_T2,F15_T2,F09_T2_R,F15_T2_R,2,2,R,R,unrelated,0,0,1,True,0.4235685453730004,-4,26756,,"S3092R04,S3152R03",filtered_from_final_matching_results
57104,81,228,07/2L/S3072L03.jpg,16/2L/S3162L03.jpg,data/features/daugman_strict_v3/gabor_codes/07__2L__S3072L03.jpg.npz,data/features/daugman_strict_v3/gabor_codes/16__2L__S3162L03.jpg.npz,7,16,F07_T2,F16_T2,F07_T2_L,F16_T2_L,2,2,L,L,unrelated,0,0,1,True,0.3971313496629952,14,24332,,"S3072L03,S3162L03",filtered_from_final_matching_results
57444,224,231,15/2R/S3152R04.jpg,16/2R/S3162R06.jpg,data/features/daugman_strict_v3/gabor_codes/15__2R__S3152R04.jpg.npz,data/features/daugman_strict_v3/gabor_codes/16__2R__S3162R06.jpg.npz,15,16,F15_T2,F16_T2,F15_T2_R,F16_T2_R,2,2,R,R,unrelated,0,0,1,True,0.4112389813907933,-12,24504,,"S3152R04,S3162R06",filtered_from_final_matching_results
57545,81,208,07/2L/S3072L03.jpg,14/2R/S3142R07.jpg,data/features/daugman_strict_v3/gabor_codes/07__2L__S3072L03.jpg.npz,data/features/daugman_strict_v3/gabor_codes/14__2R__S3142R07.jpg.npz,7,14,F07_T2,F14_T2,F07_T2_L,F14_T2_R,2,2,L,R,unrelated,0,0,1,True,0.4679584599797365,6,23688,,"S3072L03,S3142R07",filtered_from_final_matching_results
57571,84,154,07/2L/S3072L06.jpg,11/1R/S3111R06.jpg,data/features/daugman_strict_v3/gabor_codes/07__2L__S3072L06.jpg.npz,data/features/daugman_strict_v3/gabor_codes/11__1R__S3111R06.jpg.npz,7,11,F07_T2,F11_T1,F07_T2_L,F11_T1_R,2,1,L,R,unrelated,0,0,1,True,0.4315970474752558,16,23844,,"S3072L06,S3111R06",filtered_from_final_matching_results
57749,157,224,11/1R/S3111R09.jpg,15/2R/S3152R04.jpg,data/features/daugman_strict_v3/gabor_codes/11__1R__S3111R09.jpg.npz,data/features/daugman_strict_v3/gabor_codes/15__2R__S3152R04.jpg.npz,11,15,F11_T1,F15_T2,F11_T1_R,F15_T2_R,1,2,R,R,unrelated,0,0,1,True,0.4177647436927527,-10,24892,,"S3111R09,S3152R04",filtered_from_final_matching_results
57826,197,201,13/2R/S3132R06.jpg,14/1R/S3141R06.jpg,data/features/daugman_strict_v3/gabor_codes/13__2R__S3132R06.jpg.npz,data/features/daugman_strict_v3/gabor_codes/14__1R__S3141R06.jpg.npz,13,14,F13_T2,F14_T1,F13_T2_R,F14_T1_R,2,1,R,R,unrelated,0,0,1,True,0.4251198083067092,0,25040,,"S3132R06,S3141R06",filtered_from_final_matching_results
57924,113,178,10/1L/S3101L02.jpg,12/2L/S3122L09.jpg,data/features/daugman_strict_v3/gabor_codes/10__1L__S3101L02.jpg.npz,data/features/daugman_strict_v3/gabor_codes/12__2L__S3122L09.jpg.npz,10,12,F10_T1,F12_T2,F10_T1_L,F12_T2_L,1,2,L,L,unrelated,0,0,1,True,0.4659561416960588,2,26084,,"S3101L02,S3122L09",filtered_from_final_matching_results
58098,31,81,03/2L/S3032L10.jpg,07/2L/S3072L03.jpg,data/features/daugman_strict_v3/gabor_codes/03__2L__S3032L10.jpg.npz,data/features/daugman_strict_v3/gabor_codes/07__2L__S3072L03.jpg.npz,3,7,F03_T2,F07_T2,F03_T2_L,F07_T2_L,2,2,L,L,unrelated,0,0,1,True,0.4414784394250513,8,25324,,"S3032L10,S3072L03",filtered_from_final_matching_results
58108,31,91,03/2L/S3032L10.jpg,08/2R/S3082R01.jpg,data/features/daugman_strict_v3/gabor_codes/03__2L__S3032L10.jpg.npz,data/features/daugman_strict_v3/gabor_codes/08__2R__S3082R01.jpg.npz,3,8,F03_T2,F08_T2,F03_T2_L,F08_T2_R,2,2,L,R,unrelated,0,0,1,True,0.4482461400089941,8,26684,,"S3032L10,S3082R01",filtered_from_final_matching_results
58111,31,94,03/2L/S3032L10.jpg,08/2R/S3082R05.jpg,data/features/daugman_strict_v3/gabor_codes/03__2L__S3032L10.jpg.npz,data/features/daugman_strict_v3/gabor_codes/08__2R__S3082R05.jpg.npz,3,8,F03_T2,F08_T2,F03_T2_L,F08_T2_R,2,2,L,R,unrelated,0,0,1,True,0.4299955693398316,6,27084,,"S3032L10,S3082R05",filtered_from_final_matching_results
58161,31,144,03/2L/S3032L10.jpg,10/2R/S3102R08.jpg,data/features/daugman_strict_v3/gabor_codes/03__2L__S3032L10.jpg.npz,data/features/daugman_strict_v3/gabor_codes/10__2R__S3102R08.jpg.npz,3,10,F03_T2,F10_T2,F03_T2_L,F10_T2_R,2,2,L,R,unrelated,0,0,1,True,0.4329814459373001,8,25008,,"S3032L10,S3102R08",filtered_from_final_matching_results
58203,31,186,03/2L/S3032L10.jpg,13/1R/S3131R04.jpg,data/features/daugman_strict_v3/gabor_codes/03__2L__S3032L10.jpg.npz,data/features/daugman_strict_v3/gabor_codes/13__1R__S3131R04.jpg.npz,3,13,F03_T2,F13_T1,F03_T2_L,F13_T1_R,2,1,L,R,unrelated,0,0,1,True,0.4774480214621059,-14,23856,,"S3032L10,S3131R04",filtered_from_final_matching_results
58204,31,187,03/2L/S3032L10.jpg,13/1R/S3131R05.jpg,data/features/daugman_strict_v3/gabor_codes/03__2L__S3032L10.jpg.npz,data/features/daugman_strict_v3/gabor_codes/13__1R__S3131R05.jpg.npz,3,13,F03_T2,F13_T1,F03_T2_L,F13_T1_R,2,1,L,R,unrelated,0,0,1,True,0.4285593506932702,12,23656,,"S3032L10,S3131R05",filtered_from_final_matching_results
58208,31,191,03/2L/S3032L10.jpg,13/2L/S3132L04.jpg,data/features/daugman_strict_v3/gabor_codes/03__2L__S3032L10.jpg.npz,data/features/daugman_strict_v3/gabor_codes/13__2L__S3132L04.jpg.npz,3,13,F03_T2,F13_T2,F03_T2_L,F13_T2_L,2,2,L,L,unrelated,0,0,1,True,0.4511449791118676,2,25852,,"S3032L10,S3132L04",filtered_from_final_matching_results
58216,170,205,12/2L/S3122L01.jpg,14/2L/S3142L03.jpg,data/features/daugman_strict_v3/gabor_codes/12__2L__S3122L01.jpg.npz,data/features/daugman_strict_v3/gabor_codes/14__2L__S3142L03.jpg.npz,12,14,F12_T2,F14_T2,F12_T2_L,F14_T2_L,2,2,L,L,unrelated,0,0,1,True,0.4290745290745291,-10,24420,,"S3122L01,S3142L03",filtered_from_final_matching_results
58219,31,202,03/2L/S3032L10.jpg,14/1R/S3141R07.jpg,data/features/daugman_strict_v3/gabor_codes/03__2L__S3032L10.jpg.npz,data/features/daugman_strict_v3/gabor_codes/14__1R__S3141R07.jpg.npz,3,14,F03_T2,F14_T1,F03_T2_L,F14_T1_R,2,1,L,R,unrelated,0,0,1,True,0.4106981981981982,-2,26640,,"S3032L10,S3141R07",filtered_from_final_matching_results
58227,31,210,03/2L/S3032L10.jpg,14/2R/S3142R09.jpg,data/features/daugman_strict_v3/gabor_codes/03__2L__S3032L10.jpg.npz,data/features/daugman_strict_v3/gabor_codes/14__2R__S3142R09.jpg.npz,3,14,F03_T2,F14_T2,F03_T2_L,F14_T2_R,2,2,L,R,unrelated,0,0,1,True,0.441333982473223,-6,24648,,"S3032L10,S3142R09",filtered_from_final_matching_results
58254,31,237,03/2L/S3032L10.jpg,17/2L/S3172L07.jpg,data/features/daugman_strict_v3/gabor_codes/03__2L__S3032L10.jpg.npz,data/features/daugman_strict_v3/gabor_codes/17__2L__S3172L07.jpg.npz,3,17,F03_T2,F17_T2,F03_T2_L,F17_T2_L,2,2,L,L,unrelated,0,0,1,True,0.4428844317096466,16,20940,,"S3032L10,S3172L07",filtered_from_final_matching_results
58258,31,241,03/2L/S3032L10.jpg,18/2L/S3182L01.jpg,data/features/daugman_strict_v3/gabor_codes/03__2L__S3032L10.jpg.npz,data/features/daugman_strict_v3/gabor_codes/18__2L__S3182L01.jpg.npz,3,18,F03_T2,F18_T2,F03_T2_L,F18_T2_L,2,2,L,L,unrelated,0,0,1,True,0.4535359693433199,16,22964,,"S3032L10,S3182L01",filtered_from_final_matching_results
58326,89,115,07/2R/S3072R08.jpg,10/1L/S3101L04.jpg,data/features/daugman_strict_v3/gabor_codes/07__2R__S3072R08.jpg.npz,data/features/daugman_strict_v3/gabor_codes/10__1L__S3101L04.jpg.npz,7,10,F07_T2,F10_T1,F07_T2_R,F10_T1_L,2,1,R,L,unrelated,0,0,1,True,0.4536415289256198,6,23232,,"S3072R08,S3101L04",filtered_from_final_matching_results
58444,35,123,03/2R/S3032R04.jpg,10/1R/S3101R04.jpg,data/features/daugman_strict_v3/gabor_codes/03__2R__S3032R04.jpg.npz,data/features/daugman_strict_v3/gabor_codes/10__1R__S3101R04.jpg.npz,3,10,F03_T2,F10_T1,F03_T2_R,F10_T1_R,2,1,R,R,unrelated,0,0,1,True,0.4481407370351842,-16,23988,,"S3032R04,S3101R04",filtered_from_final_matching_results
58536,160,209,12/1L/S3121L02.jpg,14/2R/S3142R08.jpg,data/features/daugman_strict_v3/gabor_codes/12__1L__S3121L02.jpg.npz,data/features/daugman_strict_v3/gabor_codes/14__2R__S3142R08.jpg.npz,12,14,F12_T1,F14_T2,F12_T1_L,F14_T2_R,1,2,L,R,unrelated,0,0,1,True,0.4383028767866835,-12,22108,,"S3121L02,S3142R08",filtered_from_final_matching_results
58656,78,247,07/1L/S3071L06.jpg,18/2R/S3182R06.jpg,data/features/daugman_strict_v3/gabor_codes/07__1L__S3071L06.jpg.npz,data/features/daugman_strict_v3/gabor_codes/18__2R__S3182R06.jpg.npz,7,18,F07_T1,F18_T2,F07_T1_L,F18_T2_R,1,2,L,R,unrelated,0,0,1,True,0.4780445499360964,4,21908,,"S3071L06,S3182R06",filtered_from_final_matching_results
59041,153,244,11/1R/S3111R05.jpg,18/2R/S3182R03.jpg,data/features/daugman_strict_v3/gabor_codes/11__1R__S3111R05.jpg.npz,data/features/daugman_strict_v3/gabor_codes/18__2R__S3182R03.jpg.npz,11,18,F11_T1,F18_T2,F11_T1_R,F18_T2_R,1,2,R,R,unrelated,0,0,1,True,0.4697604790419161,16,20040,,"S3111R05,S3182R03",filtered_from_final_matching_results
59141,42,64,04/1L/S3041L03.jpg,06/1R/S3061R07.jpg,data/features/daugman_strict_v3/gabor_codes/04__1L__S3041L03.jpg.npz,data/features/daugman_strict_v3/gabor_codes/06__1R__S3061R07.jpg.npz,4,6,F04_T1,F06_T1,F04_T1_L,F06_T1_R,1,1,L,R,unrelated,0,0,1,True,0.4509430697352483,0,23116,,"S3041L03,S3061R07",filtered_from_final_matching_results
59168,126,233,10/1R/S3101R07.jpg,16/2R/S3162R08.jpg,data/features/daugman_strict_v3/gabor_codes/10__1R__S3101R07.jpg.npz,data/features/daugman_strict_v3/gabor_codes/16__2R__S3162R08.jpg.npz,10,16,F10_T1,F16_T2,F10_T1_R,F16_T2_R,1,2,R,R,unrelated,0,0,1,True,0.459548967039899,8,25364,,"S3101R07,S3162R08",filtered_from_final_matching_results
59250,111,174,09/2R/S3092R06.jpg,12/2L/S3122L05.jpg,data/features/daugman_strict_v3/gabor_codes/09__2R__S3092R06.jpg.npz,data/features/daugman_strict_v3/gabor_codes/12__2L__S3122L05.jpg.npz,9,12,F09_T2,F12_T2,F09_T2_R,F12_T2_L,2,2,R,L,unrelated,0,0,1,True,0.4651471643933955,0,27860,,"S3092R06,S3122L05",filtered_from_final_matching_results
59323,100,179,09/2L/S3092L05.jpg,12/2L/S3122L10.jpg,data/features/daugman_strict_v3/gabor_codes/09__2L__S3092L05.jpg.npz,data/features/daugman_strict_v3/gabor_codes/12__2L__S3122L10.jpg.npz,9,12,F09_T2,F12_T2,F09_T2_L,F12_T2_L,2,2,L,L,unrelated,0,0,1,True,0.4544186046511628,8,25800,,"S3092L05,S3122L10",filtered_from_final_matching_results
59607,138,206,10/2R/S3102R02.jpg,14/2L/S3142L04.jpg,data/features/daugman_strict_v3/gabor_codes/10__2R__S3102R02.jpg.npz,data/features/daugman_strict_v3/gabor_codes/14__2L__S3142L04.jpg.npz,10,14,F10_T2,F14_T2,F10_T2_R,F14_T2_L,2,2,R,L,unrelated,0,0,1,True,0.4735706580366774,-14,22248,,"S3102R02,S3142L04",filtered_from_final_matching_results
59688,51,147,05/1L/S3051L07.jpg,11/1L/S3111L01.jpg,data/features/daugman_strict_v3/gabor_codes/05__1L__S3051L07.jpg.npz,data/features/daugman_strict_v3/gabor_codes/11__1L__S3111L01.jpg.npz,5,11,F05_T1,F11_T1,F05_T1_L,F11_T1_L,1,1,L,L,unrelated,0,0,1,True,0.484011352885525,12,21140,,"S3051L07,S3111L01",filtered_from_final_matching_results
59708,45,208,04/1L/S3041L06.jpg,14/2R/S3142R07.jpg,data/features/daugman_strict_v3/gabor_codes/04__1L__S3041L06.jpg.npz,data/features/daugman_strict_v3/gabor_codes/14__2R__S3142R07.jpg.npz,4,14,F04_T1,F14_T2,F04_T1_L,F14_T2_R,1,2,L,R,unrelated,0,0,1,True,0.4153846153846154,4,23400,,"S3041L06,S3142R07",filtered_from_final_matching_results
59810,68,168,06/2L/S3062L04.jpg,12/1R/S3121R07.jpg,data/features/daugman_strict_v3/gabor_codes/06__2L__S3062L04.jpg.npz,data/features/daugman_strict_v3/gabor_codes/12__1R__S3121R07.jpg.npz,6,12,F06_T2,F12_T1,F06_T2_L,F12_T1_R,2,1,L,R,unrelated,0,0,1,True,0.439294631710362,8,25632,,"S3062L04,S3121R07",filtered_from_final_matching_results
59929,50,144,05/1L/S3051L06.jpg,10/2R/S3102R08.jpg,data/features/daugman_strict_v3/gabor_codes/05__1L__S3051L06.jpg.npz,data/features/daugman_strict_v3/gabor_codes/10__2R__S3102R08.jpg.npz,5,10,F05_T1,F10_T2,F05_T1_L,F10_T2_R,1,2,L,R,unrelated,0,0,1,True,0.433717834960071,-2,22540,,"S3051L06,S3102R08",filtered_from_final_matching_results
60045,142,176,10/2R/S3102R06.jpg,12/2L/S3122L07.jpg,data/features/daugman_strict_v3/gabor_codes/10__2R__S3102R06.jpg.npz,data/features/daugman_strict_v3/gabor_codes/12__2L__S3122L07.jpg.npz,10,12,F10_T2,F12_T2,F10_T2_R,F12_T2_L,2,2,R,L,unrelated,0,0,1,True,0.4194152326322498,2,25104,,"S3102R06,S3122L07",filtered_from_final_matching_results
60131,119,147,10/1L/S3101L10.jpg,11/1L/S3111L01.jpg,data/features/daugman_strict_v3/gabor_codes/10__1L__S3101L10.jpg.npz,data/features/daugman_strict_v3/gabor_codes/11__1L__S3111L01.jpg.npz,10,11,F10_T1,F11_T1,F10_T1_L,F11_T1_L,1,1,L,L,unrelated,0,0,1,True,0.4533170391061452,0,28640,,"S3101L10,S3111L01",filtered_from_final_matching_results
60142,196,201,13/2L/S3132L10.jpg,14/1R/S3141R06.jpg,data/features/daugman_strict_v3/gabor_codes/13__2L__S3132L10.jpg.npz,data/features/daugman_strict_v3/gabor_codes/14__1R__S3141R06.jpg.npz,13,14,F13_T2,F14_T1,F13_T2_L,F14_T1_R,2,1,L,R,unrelated,0,0,1,True,0.4243183492999263,0,27140,,"S3132L10,S3141R06",filtered_from_final_matching_results
60256,168,196,12/1R/S3121R07.jpg,13/2L/S3132L10.jpg,data/features/daugman_strict_v3/gabor_codes/12__1R__S3121R07.jpg.npz,data/features/daugman_strict_v3/gabor_codes/13__2L__S3132L10.jpg.npz,12,13,F12_T1,F13_T2,F12_T1_R,F13_T2_L,1,2,R,L,unrelated,0,0,1,True,0.4406357120598317,6,25672,,"S3121R07,S3132L10",filtered_from_final_matching_results
60436,111,201,09/2R/S3092R06.jpg,14/1R/S3141R06.jpg,data/features/daugman_strict_v3/gabor_codes/09__2R__S3092R06.jpg.npz,data/features/daugman_strict_v3/gabor_codes/14__1R__S3141R06.jpg.npz,9,14,F09_T2,F14_T1,F09_T2_R,F14_T1_R,2,1,R,R,unrelated,0,0,1,True,0.4225504924052746,-14,23964,,"S3092R06,S3141R06",filtered_from_final_matching_results
60439,108,207,09/2R/S3092R03.jpg,14/2L/S3142L07.jpg,data/features/daugman_strict_v3/gabor_codes/09__2R__S3092R03.jpg.npz,data/features/daugman_strict_v3/gabor_codes/14__2L__S3142L07.jpg.npz,9,14,F09_T2,F14_T2,F09_T2_R,F14_T2_L,2,2,R,L,unrelated,0,0,1,True,0.4565501470107808,-8,24488,,"S3092R03,S3142L07",filtered_from_final_matching_results
60501,43,237,04/1L/S3041L04.jpg,17/2L/S3172L07.jpg,data/features/daugman_strict_v3/gabor_codes/04__1L__S3041L04.jpg.npz,data/features/daugman_strict_v3/gabor_codes/17__2L__S3172L07.jpg.npz,4,17,F04_T1,F17_T2,F04_T1_L,F17_T2_L,1,2,L,L,unrelated,0,0,1,True,0.4440104166666667,6,22272,,"S3041L04,S3172L07",filtered_from_final_matching_results
60556,95,240,08/2R/S3082R06.jpg,18/1R/S3181R05.jpg,data/features/daugman_strict_v3/gabor_codes/08__2R__S3082R06.jpg.npz,data/features/daugman_strict_v3/gabor_codes/18__1R__S3181R05.jpg.npz,8,18,F08_T2,F18_T1,F08_T2_R,F18_T1_R,2,1,R,R,unrelated,0,0,1,True,0.4230081716036772,-8,23496,,"S3082R06,S3181R05",filtered_from_final_matching_results
60602,38,227,03/2R/S3032R07.jpg,16/2L/S3162L02.jpg,data/features/daugman_strict_v3/gabor_codes/03__2R__S3032R07.jpg.npz,data/features/daugman_strict_v3/gabor_codes/16__2L__S3162L02.jpg.npz,3,16,F03_T2,F16_T2,F03_T2_R,F16_T2_L,2,2,R,L,unrelated,0,0,1,True,0.4760303133514986,-10,23488,,"S3032R07,S3162L02",filtered_from_final_matching_results
60714,42,93,04/1L/S3041L03.jpg,08/2R/S3082R04.jpg,data/features/daugman_strict_v3/gabor_codes/04__1L__S3041L03.jpg.npz,data/features/daugman_strict_v3/gabor_codes/08__2R__S3082R04.jpg.npz,4,8,F04_T1,F08_T2,F04_T1_L,F08_T2_R,1,2,L,R,unrelated,0,0,1,True,0.4317014872521246,16,22592,,"S3041L03,S3082R04",filtered_from_final_matching_results
60833,81,157,07/2L/S3072L03.jpg,11/1R/S3111R09.jpg,data/features/daugman_strict_v3/gabor_codes/07__2L__S3072L03.jpg.npz,data/features/daugman_strict_v3/gabor_codes/11__1R__S3111R09.jpg.npz,7,11,F07_T2,F11_T1,F07_T2_L,F11_T1_R,2,1,L,R,unrelated,0,0,1,True,0.4576952822892498,2,25860,,"S3072L03,S3111R09",filtered_from_final_matching_results
60877,77,207,06/2R/S3062R10.jpg,14/2L/S3142L07.jpg,data/features/daugman_strict_v3/gabor_codes/06__2R__S3062R10.jpg.npz,data/features/daugman_strict_v3/gabor_codes/14__2L__S3142L07.jpg.npz,6,14,F06_T2,F14_T2,F06_T2_R,F14_T2_L,2,2,R,L,unrelated,0,0,1,True,0.4648419429452582,0,25940,,"S3062R10,S3142L07",filtered_from_final_matching_results
61170,64,225,06/1R/S3061R07.jpg,15/2R/S3152R07.jpg,data/features/daugman_strict_v3/gabor_codes/06__1R__S3061R07.jpg.npz,data/features/daugman_strict_v3/gabor_codes/15__2R__S3152R07.jpg.npz,6,15,F06_T1,F15_T2,F06_T1_R,F15_T2_R,1,2,R,R,unrelated,0,0,1,True,0.4969901168014375,12,22260,,"S3061R07,S3152R07",filtered_from_final_matching_results
61254,174,210,12/2L/S3122L05.jpg,14/2R/S3142R09.jpg,data/features/daugman_strict_v3/gabor_codes/12__2L__S3122L05.jpg.npz,data/features/daugman_strict_v3/gabor_codes/14__2R__S3142R09.jpg.npz,12,14,F12_T2,F14_T2,F12_T2_L,F14_T2_R,2,2,L,R,unrelated,0,0,1,True,0.4288847117794486,-14,22344,,"S3122L05,S3142R09",filtered_from_final_matching_results
61355,118,244,10/1L/S3101L09.jpg,18/2R/S3182R03.jpg,data/features/daugman_strict_v3/gabor_codes/10__1L__S3101L09.jpg.npz,data/features/daugman_strict_v3/gabor_codes/18__2R__S3182R03.jpg.npz,10,18,F10_T1,F18_T2,F10_T1_L,F18_T2_R,1,2,L,R,unrelated,0,0,1,True,0.4580212506531963,-4,22964,,"S3101L09,S3182R03",filtered_from_final_matching_results
61587,73,228,06/2R/S3062R02.jpg,16/2L/S3162L03.jpg,data/features/daugman_strict_v3/gabor_codes/06__2R__S3062R02.jpg.npz,data/features/daugman_strict_v3/gabor_codes/16__2L__S3162L03.jpg.npz,6,16,F06_T2,F16_T2,F06_T2_R,F16_T2_L,2,2,R,L,unrelated,0,0,1,True,0.417998352553542,2,24280,,"S3062R02,S3162L03",filtered_from_final_matching_results
61685,106,147,09/2R/S3092R01.jpg,11/1L/S3111L01.jpg,data/features/daugman_strict_v3/gabor_codes/09__2R__S3092R01.jpg.npz,data/features/daugman_strict_v3/gabor_codes/11__1L__S3111L01.jpg.npz,9,11,F09_T2,F11_T1,F09_T2_R,F11_T1_L,2,1,R,L,unrelated,0,0,1,True,0.4720501368678865,-2,27764,,"S3092R01,S3111L01",filtered_from_final_matching_results
61843,78,176,07/1L/S3071L06.jpg,12/2L/S3122L07.jpg,data/features/daugman_strict_v3/gabor_codes/07__1L__S3071L06.jpg.npz,data/features/daugman_strict_v3/gabor_codes/12__2L__S3122L07.jpg.npz,7,12,F07_T1,F12_T2,F07_T1_L,F12_T2_L,1,2,L,L,unrelated,0,0,1,True,0.4168986636971046,16,21552,,"S3071L06,S3122L07",filtered_from_final_matching_results
61844,113,228,10/1L/S3101L02.jpg,16/2L/S3162L03.jpg,data/features/daugman_strict_v3/gabor_codes/10__1L__S3101L02.jpg.npz,data/features/daugman_strict_v3/gabor_codes/16__2L__S3162L03.jpg.npz,10,16,F10_T1,F16_T2,F10_T1_L,F16_T2_L,1,2,L,L,unrelated,0,0,1,True,0.40970715835141,0,25816,,"S3101L02,S3162L03",filtered_from_final_matching_results
61875,74,126,06/2R/S3062R07.jpg,10/1R/S3101R07.jpg,data/features/daugman_strict_v3/gabor_codes/06__2R__S3062R07.jpg.npz,data/features/daugman_strict_v3/gabor_codes/10__1R__S3101R07.jpg.npz,6,10,F06_T2,F10_T1,F06_T2_R,F10_T1_R,2,1,R,R,unrelated,0,0,1,True,0.4614281160344278,0,25096,,"S3062R07,S3101R07",filtered_from_final_matching_results
61883,109,119,09/2R/S3092R04.jpg,10/1L/S3101L10.jpg,data/features/daugman_strict_v3/gabor_codes/09__2R__S3092R04.jpg.npz,data/features/daugman_strict_v3/gabor_codes/10__1L__S3101L10.jpg.npz,9,10,F09_T2,F10_T1,F09_T2_R,F10_T1_L,2,1,R,L,unrelated,0,0,1,True,0.4694570135746606,-14,23868,,"S3092R04,S3101L10",filtered_from_final_matching_results
61944,113,191,10/1L/S3101L02.jpg,13/2L/S3132L04.jpg,data/features/daugman_strict_v3/gabor_codes/10__1L__S3101L02.jpg.npz,data/features/daugman_strict_v3/gabor_codes/13__2L__S3132L04.jpg.npz,10,13,F10_T1,F13_T2,F10_T1_L,F13_T2_L,1,2,L,L,unrelated,0,0,1,True,0.4499239993244384,-10,23684,,"S3101L02,S3132L04",filtered_from_final_matching_results
62019,36,108,03/2R/S3032R05.jpg,09/2R/S3092R03.jpg,data/features/daugman_strict_v3/gabor_codes/03__2R__S3032R05.jpg.npz,data/features/daugman_strict_v3/gabor_codes/09__2R__S3092R03.jpg.npz,3,9,F03_T2,F09_T2,F03_T2_R,F09_T2_R,2,2,R,R,unrelated,0,0,1,True,0.4495913877101996,-4,25452,,"S3032R05,S3092R03",filtered_from_final_matching_results
62072,52,90,05/1L/S3051L08.jpg,07/2R/S3072R10.jpg,data/features/daugman_strict_v3/gabor_codes/05__1L__S3051L08.jpg.npz,data/features/daugman_strict_v3/gabor_codes/07__2R__S3072R10.jpg.npz,5,7,F05_T1,F07_T2,F05_T1_L,F07_T2_R,1,2,L,R,unrelated,0,0,1,True,0.4183893582599317,-10,22252,,"S3051L08,S3072R10",filtered_from_final_matching_results
62286,199,241,14/1L/S3141L03.jpg,18/2L/S3182L01.jpg,data/features/daugman_strict_v3/gabor_codes/14__1L__S3141L03.jpg.npz,data/features/daugman_strict_v3/gabor_codes/18__2L__S3182L01.jpg.npz,14,18,F14_T1,F18_T2,F14_T1_L,F18_T2_L,1,2,L,L,unrelated,0,0,1,True,0.4408990011098779,-2,25228,,"S3141L03,S3182L01",filtered_from_final_matching_results
62427,63,219,06/1R/S3061R04.jpg,15/1R/S3151R01.jpg,data/features/daugman_strict_v3/gabor_codes/06__1R__S3061R04.jpg.npz,data/features/daugman_strict_v3/gabor_codes/15__1R__S3151R01.jpg.npz,6,15,F06_T1,F15_T1,F06_T1_R,F15_T1_R,1,1,R,R,unrelated,0,0,1,True,0.4342039385847797,-12,23968,,"S3061R04,S3151R01",filtered_from_final_matching_results
62499,113,221,10/1L/S3101L02.jpg,15/1R/S3151R03.jpg,data/features/daugman_strict_v3/gabor_codes/10__1L__S3101L02.jpg.npz,data/features/daugman_strict_v3/gabor_codes/15__1R__S3151R03.jpg.npz,10,15,F10_T1,F15_T1,F10_T1_L,F15_T1_R,1,1,L,R,unrelated,0,0,1,True,0.4670912951167728,-8,24492,,"S3101L02,S3151R03",filtered_from_final_matching_results
62506,35,174,03/2R/S3032R04.jpg,12/2L/S3122L05.jpg,data/features/daugman_strict_v3/gabor_codes/03__2R__S3032R04.jpg.npz,data/features/daugman_strict_v3/gabor_codes/12__2L__S3122L05.jpg.npz,3,12,F03_T2,F12_T2,F03_T2_R,F12_T2_L,2,2,R,L,unrelated,0,0,1,True,0.4398895497026338,-16,23540,,"S3032R04,S3122L05",filtered_from_final_matching_results
62663,45,165,04/1L/S3041L06.jpg,12/1R/S3121R04.jpg,data/features/daugman_strict_v3/gabor_codes/04__1L__S3041L06.jpg.npz,data/features/daugman_strict_v3/gabor_codes/12__1R__S3121R04.jpg.npz,4,12,F04_T1,F12_T1,F04_T1_L,F12_T1_R,1,1,L,R,unrelated,0,0,1,True,0.4157772621809745,-6,25860,,"S3041L06,S3121R04",filtered_from_final_matching_results
63002,124,188,10/1R/S3101R05.jpg,13/1R/S3131R06.jpg,data/features/daugman_strict_v3/gabor_codes/10__1R__S3101R05.jpg.npz,data/features/daugman_strict_v3/gabor_codes/13__1R__S3131R06.jpg.npz,10,13,F10_T1,F13_T1,F10_T1_R,F13_T1_R,1,1,R,R,unrelated,0,0,1,True,0.4189902331442974,6,25392,,"S3101R05,S3131R06",filtered_from_final_matching_results
63123,50,98,05/1L/S3051L06.jpg,09/2L/S3092L03.jpg,data/features/daugman_strict_v3/gabor_codes/05__1L__S3051L06.jpg.npz,data/features/daugman_strict_v3/gabor_codes/09__2L__S3092L03.jpg.npz,5,9,F05_T1,F09_T2,F05_T1_L,F09_T2_L,1,2,L,L,unrelated,0,0,1,True,0.4338750224456814,4,22276,,"S3051L06,S3092L03",filtered_from_final_matching_results
63149,76,121,06/2R/S3062R09.jpg,10/1R/S3101R02.jpg,data/features/daugman_strict_v3/gabor_codes/06__2R__S3062R09.jpg.npz,data/features/daugman_strict_v3/gabor_codes/10__1R__S3101R02.jpg.npz,6,10,F06_T2,F10_T1,F06_T2_R,F10_T1_R,2,1,R,R,unrelated,0,0,1,True,0.4219795983423653,-8,25096,,"S3062R09,S3101R02",filtered_from_final_matching_results
