a_filename,b_filename,a_stem,b_stem,relation
S3111L01.jpg,S3111L03.jpg,S3111L01,S3111L03,genuine
S3111L01.jpg,S3111R02.jpg,S3111L01,S3111R02,same_subject_different_eye
S3111L01.jpg,S3111R06.jpg,S3111L01,S3111R06,same_subject_different_eye
S3111L01.jpg,S3111R09.jpg,S3111L01,S3111R09,same_subject_different_eye
S3111L01.jpg,S3111R01.jpg,S3111L01,S3111R01,same_subject_different_eye
S3111L01.jpg,S3111R05.jpg,S3111L01,S3111R05,same_subject_different_eye
S3111L01.jpg,S3112L10.jpg,S3111L01,S3112L10,twin_same_eye
S3111L01.jpg,S3171L10.jpg,S3111L01,S3171L10,unrelated
S3111L01.jpg,S3172L07.jpg,S3111L01,S3172L07,unrelated
S3111L01.jpg,S3172R02.jpg,S3111L01,S3172R02,unrelated
S3111L01.jpg,S3092L03.jpg,S3111L01,S3092L03,unrelated
S3111L01.jpg,S3092L01.jpg,S3111L01,S3092L01,unrelated
S3111L01.jpg,S3092L02.jpg,S3111L01,S3092L02,unrelated
S3111L01.jpg,S3092L04.jpg,S3111L01,S3092L04,unrelated
S3111L01.jpg,S3092L05.jpg,S3111L01,S3092L05,unrelated
S3111L01.jpg,S3092R04.jpg,S3111L01,S3092R04,unrelated
S3111L01.jpg,S3092R01.jpg,S3111L01,S3092R01,unrelated
S3111L01.jpg,S3092R03.jpg,S3111L01,S3092R03,unrelated
S3111L01.jpg,S3092R02.jpg,S3111L01,S3092R02,unrelated
S3111L01.jpg,S3092R06.jpg,S3111L01,S3092R06,unrelated
S3111L01.jpg,S3071L06.jpg,S3111L01,S3071L06,unrelated
S3111L01.jpg,S3072L08.jpg,S3111L01,S3072L08,unrelated
S3111L01.jpg,S3072L03.jpg,S3111L01,S3072L03,unrelated
S3111L01.jpg,S3072L06.jpg,S3111L01,S3072L06,unrelated
S3111L01.jpg,S3072L01.jpg,S3111L01,S3072L01,unrelated
S3111L01.jpg,S3072L09.jpg,S3111L01,S3072L09,unrelated
S3111L01.jpg,S3072R08.jpg,S3111L01,S3072R08,unrelated
S3111L01.jpg,S3072R10.jpg,S3111L01,S3072R10,unrelated
S3111L01.jpg,S3162L03.jpg,S3111L01,S3162L03,unrelated
S3111L01.jpg,S3162L01.jpg,S3111L01,S3162L01,unrelated
S3111L01.jpg,S3162L02.jpg,S3111L01,S3162L02,unrelated
S3111L01.jpg,S3162L04.jpg,S3111L01,S3162L04,unrelated
S3111L01.jpg,S3162R09.jpg,S3111L01,S3162R09,unrelated
S3111L01.jpg,S3162R06.jpg,S3111L01,S3162R06,unrelated
S3111L01.jpg,S3162R10.jpg,S3111L01,S3162R10,unrelated
S3111L01.jpg,S3162R08.jpg,S3111L01,S3162R08,unrelated
S3111L01.jpg,S3162R07.jpg,S3111L01,S3162R07,unrelated
S3111L01.jpg,S3131L08.jpg,S3111L01,S3131L08,unrelated
S3111L01.jpg,S3131L10.jpg,S3111L01,S3131L10,unrelated
S3111L01.jpg,S3131R04.jpg,S3111L01,S3131R04,unrelated
S3111L01.jpg,S3131R06.jpg,S3111L01,S3131R06,unrelated
S3111L01.jpg,S3131R05.jpg,S3111L01,S3131R05,unrelated
S3111L01.jpg,S3131R07.jpg,S3111L01,S3131R07,unrelated
S3111L01.jpg,S3132L09.jpg,S3111L01,S3132L09,unrelated
S3111L01.jpg,S3132L08.jpg,S3111L01,S3132L08,unrelated
S3111L01.jpg,S3132L05.jpg,S3111L01,S3132L05,unrelated
S3111L01.jpg,S3132L10.jpg,S3111L01,S3132L10,unrelated
S3111L01.jpg,S3132L04.jpg,S3111L01,S3132L04,unrelated
S3111L01.jpg,S3132R06.jpg,S3111L01,S3132R06,unrelated
S3111L01.jpg,S3132R07.jpg,S3111L01,S3132R07,unrelated
S3111L01.jpg,S3031L06.jpg,S3111L01,S3031L06,unrelated
S3111L01.jpg,S3031R09.jpg,S3111L01,S3031R09,unrelated
S3111L01.jpg,S3032L08.jpg,S3111L01,S3032L08,unrelated
S3111L01.jpg,S3032L10.jpg,S3111L01,S3032L10,unrelated
S3111L01.jpg,S3032L09.jpg,S3111L01,S3032L09,unrelated
S3111L01.jpg,S3032L05.jpg,S3111L01,S3032L05,unrelated
S3111L01.jpg,S3032L06.jpg,S3111L01,S3032L06,unrelated
S3111L01.jpg,S3032R10.jpg,S3111L01,S3032R10,unrelated
S3111L01.jpg,S3032R05.jpg,S3111L01,S3032R05,unrelated
S3111L01.jpg,S3032R04.jpg,S3111L01,S3032R04,unrelated
S3111L01.jpg,S3032R07.jpg,S3111L01,S3032R07,unrelated
S3111L01.jpg,S3032R06.jpg,S3111L01,S3032R06,unrelated
S3111L01.jpg,S3041L03.jpg,S3111L01,S3041L03,unrelated
S3111L01.jpg,S3041L06.jpg,S3111L01,S3041L06,unrelated
S3111L01.jpg,S3041L05.jpg,S3111L01,S3041L05,unrelated
S3111L01.jpg,S3041L04.jpg,S3111L01,S3041L04,unrelated
S3111L01.jpg,S3041R01.jpg,S3111L01,S3041R01,unrelated
S3111L01.jpg,S3042L08.jpg,S3111L01,S3042L08,unrelated
S3111L01.jpg,S3042R07.jpg,S3111L01,S3042R07,unrelated
S3111L01.jpg,S3042R08.jpg,S3111L01,S3042R08,unrelated
S3111L01.jpg,S3002L02.jpg,S3111L01,S3002L02,unrelated
S3111L01.jpg,S3082R05.jpg,S3111L01,S3082R05,unrelated
S3111L01.jpg,S3082R02.jpg,S3111L01,S3082R02,unrelated
S3111L01.jpg,S3082R06.jpg,S3111L01,S3082R06,unrelated
S3111L01.jpg,S3082R01.jpg,S3111L01,S3082R01,unrelated
S3111L01.jpg,S3082R04.jpg,S3111L01,S3082R04,unrelated
S3111L01.jpg,S3061L03.jpg,S3111L01,S3061L03,unrelated
S3111L01.jpg,S3061L02.jpg,S3111L01,S3061L02,unrelated
S3111L01.jpg,S3061R01.jpg,S3111L01,S3061R01,unrelated
S3111L01.jpg,S3061R04.jpg,S3111L01,S3061R04,unrelated
S3111L01.jpg,S3061R07.jpg,S3111L01,S3061R07,unrelated
S3111L01.jpg,S3061R08.jpg,S3111L01,S3061R08,unrelated
S3111L01.jpg,S3062L03.jpg,S3111L01,S3062L03,unrelated
S3111L01.jpg,S3062L05.jpg,S3111L01,S3062L05,unrelated
S3111L01.jpg,S3062L07.jpg,S3111L01,S3062L07,unrelated
S3111L01.jpg,S3062L06.jpg,S3111L01,S3062L06,unrelated
S3111L01.jpg,S3062L04.jpg,S3111L01,S3062L04,unrelated
S3111L01.jpg,S3062R02.jpg,S3111L01,S3062R02,unrelated
S3111L01.jpg,S3062R09.jpg,S3111L01,S3062R09,unrelated
S3111L01.jpg,S3062R10.jpg,S3111L01,S3062R10,unrelated
S3111L01.jpg,S3062R07.jpg,S3111L01,S3062R07,unrelated
S3111L01.jpg,S3062R08.jpg,S3111L01,S3062R08,unrelated
S3111L01.jpg,S3021L04.jpg,S3111L01,S3021L04,unrelated
S3111L01.jpg,S3021L03.jpg,S3111L01,S3021L03,unrelated
S3111L01.jpg,S3021L06.jpg,S3111L01,S3021L06,unrelated
S3111L01.jpg,S3021L02.jpg,S3111L01,S3021L02,unrelated
S3111L01.jpg,S3021L01.jpg,S3111L01,S3021L01,unrelated
S3111L01.jpg,S3021R09.jpg,S3111L01,S3021R09,unrelated
S3111L01.jpg,S3021R01.jpg,S3111L01,S3021R01,unrelated
S3111L01.jpg,S3021R02.jpg,S3111L01,S3021R02,unrelated
S3111L01.jpg,S3021R07.jpg,S3111L01,S3021R07,unrelated
S3111L01.jpg,S3021R06.jpg,S3111L01,S3021R06,unrelated
S3111L01.jpg,S3022L01.jpg,S3111L01,S3022L01,unrelated
S3111L01.jpg,S3022R01.jpg,S3111L01,S3022R01,unrelated
S3111L01.jpg,S3022R02.jpg,S3111L01,S3022R02,unrelated
S3111L01.jpg,S3101L08.jpg,S3111L01,S3101L08,unrelated
S3111L01.jpg,S3101L04.jpg,S3111L01,S3101L04,unrelated
S3111L01.jpg,S3101L02.jpg,S3111L01,S3101L02,unrelated
S3111L01.jpg,S3101L09.jpg,S3111L01,S3101L09,unrelated
S3111L01.jpg,S3101L10.jpg,S3111L01,S3101L10,unrelated
S3111L01.jpg,S3101R07.jpg,S3111L01,S3101R07,unrelated
S3111L01.jpg,S3101R04.jpg,S3111L01,S3101R04,unrelated
S3111L01.jpg,S3101R03.jpg,S3111L01,S3101R03,unrelated
S3111L01.jpg,S3101R02.jpg,S3111L01,S3101R02,unrelated
S3111L01.jpg,S3101R05.jpg,S3111L01,S3101R05,unrelated
S3111L01.jpg,S3102L10.jpg,S3111L01,S3102L10,unrelated
S3111L01.jpg,S3102L09.jpg,S3111L01,S3102L09,unrelated
S3111L01.jpg,S3102L01.jpg,S3111L01,S3102L01,unrelated
S3111L01.jpg,S3102L07.jpg,S3111L01,S3102L07,unrelated
S3111L01.jpg,S3102L06.jpg,S3111L01,S3102L06,unrelated
S3111L01.jpg,S3102R07.jpg,S3111L01,S3102R07,unrelated
S3111L01.jpg,S3102R08.jpg,S3111L01,S3102R08,unrelated
S3111L01.jpg,S3102R02.jpg,S3111L01,S3102R02,unrelated
S3111L01.jpg,S3102R06.jpg,S3111L01,S3102R06,unrelated
S3111L01.jpg,S3102R09.jpg,S3111L01,S3102R09,unrelated
S3111L01.jpg,S3151L06.jpg,S3111L01,S3151L06,unrelated
S3111L01.jpg,S3151L04.jpg,S3111L01,S3151L04,unrelated
S3111L01.jpg,S3151L03.jpg,S3111L01,S3151L03,unrelated
S3111L01.jpg,S3151L05.jpg,S3111L01,S3151L05,unrelated
S3111L01.jpg,S3151L07.jpg,S3111L01,S3151L07,unrelated
S3111L01.jpg,S3151R03.jpg,S3111L01,S3151R03,unrelated
S3111L01.jpg,S3151R01.jpg,S3111L01,S3151R01,unrelated
S3111L01.jpg,S3151R02.jpg,S3111L01,S3151R02,unrelated
S3111L01.jpg,S3152R04.jpg,S3111L01,S3152R04,unrelated
S3111L01.jpg,S3152R03.jpg,S3111L01,S3152R03,unrelated
S3111L01.jpg,S3152R02.jpg,S3111L01,S3152R02,unrelated
S3111L01.jpg,S3152R07.jpg,S3111L01,S3152R07,unrelated
S3111L01.jpg,S3181R04.jpg,S3111L01,S3181R04,unrelated
S3111L01.jpg,S3181R05.jpg,S3111L01,S3181R05,unrelated
S3111L01.jpg,S3182L01.jpg,S3111L01,S3182L01,unrelated
S3111L01.jpg,S3182R05.jpg,S3111L01,S3182R05,unrelated
S3111L01.jpg,S3182R06.jpg,S3111L01,S3182R06,unrelated
S3111L01.jpg,S3182R04.jpg,S3111L01,S3182R04,unrelated
S3111L01.jpg,S3182R03.jpg,S3111L01,S3182R03,unrelated
S3111L01.jpg,S3182R07.jpg,S3111L01,S3182R07,unrelated
S3111L01.jpg,S3141L03.jpg,S3111L01,S3141L03,unrelated
S3111L01.jpg,S3141R07.jpg,S3111L01,S3141R07,unrelated
S3111L01.jpg,S3141R10.jpg,S3111L01,S3141R10,unrelated
S3111L01.jpg,S3141R04.jpg,S3111L01,S3141R04,unrelated
S3111L01.jpg,S3141R06.jpg,S3111L01,S3141R06,unrelated
S3111L01.jpg,S3142L03.jpg,S3111L01,S3142L03,unrelated
S3111L01.jpg,S3142L02.jpg,S3111L01,S3142L02,unrelated
S3111L01.jpg,S3142L04.jpg,S3111L01,S3142L04,unrelated
S3111L01.jpg,S3142L07.jpg,S3111L01,S3142L07,unrelated
S3111L01.jpg,S3142R08.jpg,S3111L01,S3142R08,unrelated
S3111L01.jpg,S3142R07.jpg,S3111L01,S3142R07,unrelated
S3111L01.jpg,S3142R10.jpg,S3111L01,S3142R10,unrelated
S3111L01.jpg,S3142R09.jpg,S3111L01,S3142R09,unrelated
S3111L01.jpg,S3121L03.jpg,S3111L01,S3121L03,unrelated
S3111L01.jpg,S3121L02.jpg,S3111L01,S3121L02,unrelated
S3111L01.jpg,S3121L01.jpg,S3111L01,S3121L01,unrelated
S3111L01.jpg,S3121R04.jpg,S3111L01,S3121R04,unrelated
S3111L01.jpg,S3121R02.jpg,S3111L01,S3121R02,unrelated
S3111L01.jpg,S3121R01.jpg,S3111L01,S3121R01,unrelated
S3111L01.jpg,S3121R08.jpg,S3111L01,S3121R08,unrelated
S3111L01.jpg,S3121R07.jpg,S3111L01,S3121R07,unrelated
S3111L01.jpg,S3122L09.jpg,S3111L01,S3122L09,unrelated
S3111L01.jpg,S3122L07.jpg,S3111L01,S3122L07,unrelated
S3111L01.jpg,S3122L10.jpg,S3111L01,S3122L10,unrelated
S3111L01.jpg,S3122L01.jpg,S3111L01,S3122L01,unrelated
S3111L01.jpg,S3122L05.jpg,S3111L01,S3122L05,unrelated
S3111L01.jpg,S3122R02.jpg,S3111L01,S3122R02,unrelated
S3111L01.jpg,S3122R04.jpg,S3111L01,S3122R04,unrelated
S3111L01.jpg,S3122R03.jpg,S3111L01,S3122R03,unrelated
S3111L01.jpg,S3122R01.jpg,S3111L01,S3122R01,unrelated
S3111L01.jpg,S3051L07.jpg,S3111L01,S3051L07,unrelated
S3111L01.jpg,S3051L08.jpg,S3111L01,S3051L08,unrelated
S3111L01.jpg,S3051L10.jpg,S3111L01,S3051L10,unrelated
S3111L01.jpg,S3051L06.jpg,S3111L01,S3051L06,unrelated
S3111L01.jpg,S3051R01.jpg,S3111L01,S3051R01,unrelated
S3111L01.jpg,S3051R03.jpg,S3111L01,S3051R03,unrelated
S3111L01.jpg,S3052L01.jpg,S3111L01,S3052L01,unrelated
S3111L01.jpg,S3052L02.jpg,S3111L01,S3052L02,unrelated
S3111L01.jpg,S3052L03.jpg,S3111L01,S3052L03,unrelated
S3111L01.jpg,S3052R01.jpg,S3111L01,S3052R01,unrelated
S3111L01.jpg,S3011L07.jpg,S3111L01,S3011L07,unrelated
S3111L01.jpg,S3011R01.jpg,S3111L01,S3011R01,unrelated
S3111L01.jpg,S3011R02.jpg,S3111L01,S3011R02,unrelated
S3111L01.jpg,S3012L07.jpg,S3111L01,S3012L07,unrelated
S3111L01.jpg,S3012L02.jpg,S3111L01,S3012L02,unrelated
S3111L01.jpg,S3012R07.jpg,S3111L01,S3012R07,unrelated
S3111L03.jpg,S3111R02.jpg,S3111L03,S3111R02,same_subject_different_eye
S3111L03.jpg,S3111R06.jpg,S3111L03,S3111R06,same_subject_different_eye
S3111L03.jpg,S3111R09.jpg,S3111L03,S3111R09,same_subject_different_eye
S3111L03.jpg,S3111R01.jpg,S3111L03,S3111R01,same_subject_different_eye
S3111L03.jpg,S3111R05.jpg,S3111L03,S3111R05,same_subject_different_eye
S3111L03.jpg,S3112L10.jpg,S3111L03,S3112L10,twin_same_eye
S3111L03.jpg,S3171L10.jpg,S3111L03,S3171L10,unrelated
S3111L03.jpg,S3172L07.jpg,S3111L03,S3172L07,unrelated
S3111L03.jpg,S3172R02.jpg,S3111L03,S3172R02,unrelated
S3111L03.jpg,S3092L03.jpg,S3111L03,S3092L03,unrelated
S3111L03.jpg,S3092L01.jpg,S3111L03,S3092L01,unrelated
S3111L03.jpg,S3092L02.jpg,S3111L03,S3092L02,unrelated
S3111L03.jpg,S3092L04.jpg,S3111L03,S3092L04,unrelated
S3111L03.jpg,S3092L05.jpg,S3111L03,S3092L05,unrelated
S3111L03.jpg,S3092R04.jpg,S3111L03,S3092R04,unrelated
S3111L03.jpg,S3092R01.jpg,S3111L03,S3092R01,unrelated
S3111L03.jpg,S3092R03.jpg,S3111L03,S3092R03,unrelated
S3111L03.jpg,S3092R02.jpg,S3111L03,S3092R02,unrelated
S3111L03.jpg,S3092R06.jpg,S3111L03,S3092R06,unrelated
S3111L03.jpg,S3071L06.jpg,S3111L03,S3071L06,unrelated
S3111L03.jpg,S3072L08.jpg,S3111L03,S3072L08,unrelated
S3111L03.jpg,S3072L03.jpg,S3111L03,S3072L03,unrelated
S3111L03.jpg,S3072L06.jpg,S3111L03,S3072L06,unrelated
S3111L03.jpg,S3072L01.jpg,S3111L03,S3072L01,unrelated
S3111L03.jpg,S3072L09.jpg,S3111L03,S3072L09,unrelated
S3111L03.jpg,S3072R08.jpg,S3111L03,S3072R08,unrelated
S3111L03.jpg,S3072R10.jpg,S3111L03,S3072R10,unrelated
S3111L03.jpg,S3162L03.jpg,S3111L03,S3162L03,unrelated
S3111L03.jpg,S3162L01.jpg,S3111L03,S3162L01,unrelated
S3111L03.jpg,S3162L02.jpg,S3111L03,S3162L02,unrelated
S3111L03.jpg,S3162L04.jpg,S3111L03,S3162L04,unrelated
S3111L03.jpg,S3162R09.jpg,S3111L03,S3162R09,unrelated
S3111L03.jpg,S3162R06.jpg,S3111L03,S3162R06,unrelated
S3111L03.jpg,S3162R10.jpg,S3111L03,S3162R10,unrelated
S3111L03.jpg,S3162R08.jpg,S3111L03,S3162R08,unrelated
S3111L03.jpg,S3162R07.jpg,S3111L03,S3162R07,unrelated
S3111L03.jpg,S3131L08.jpg,S3111L03,S3131L08,unrelated
S3111L03.jpg,S3131L10.jpg,S3111L03,S3131L10,unrelated
S3111L03.jpg,S3131R04.jpg,S3111L03,S3131R04,unrelated
S3111L03.jpg,S3131R06.jpg,S3111L03,S3131R06,unrelated
S3111L03.jpg,S3131R05.jpg,S3111L03,S3131R05,unrelated
S3111L03.jpg,S3131R07.jpg,S3111L03,S3131R07,unrelated
S3111L03.jpg,S3132L09.jpg,S3111L03,S3132L09,unrelated
S3111L03.jpg,S3132L08.jpg,S3111L03,S3132L08,unrelated
S3111L03.jpg,S3132L05.jpg,S3111L03,S3132L05,unrelated
S3111L03.jpg,S3132L10.jpg,S3111L03,S3132L10,unrelated
S3111L03.jpg,S3132L04.jpg,S3111L03,S3132L04,unrelated
S3111L03.jpg,S3132R06.jpg,S3111L03,S3132R06,unrelated
S3111L03.jpg,S3132R07.jpg,S3111L03,S3132R07,unrelated
S3111L03.jpg,S3031L06.jpg,S3111L03,S3031L06,unrelated
S3111L03.jpg,S3031R09.jpg,S3111L03,S3031R09,unrelated
S3111L03.jpg,S3032L08.jpg,S3111L03,S3032L08,unrelated
S3111L03.jpg,S3032L10.jpg,S3111L03,S3032L10,unrelated
S3111L03.jpg,S3032L09.jpg,S3111L03,S3032L09,unrelated
S3111L03.jpg,S3032L05.jpg,S3111L03,S3032L05,unrelated
S3111L03.jpg,S3032L06.jpg,S3111L03,S3032L06,unrelated
S3111L03.jpg,S3032R10.jpg,S3111L03,S3032R10,unrelated
S3111L03.jpg,S3032R05.jpg,S3111L03,S3032R05,unrelated
S3111L03.jpg,S3032R04.jpg,S3111L03,S3032R04,unrelated
S3111L03.jpg,S3032R07.jpg,S3111L03,S3032R07,unrelated
S3111L03.jpg,S3032R06.jpg,S3111L03,S3032R06,unrelated
S3111L03.jpg,S3041L03.jpg,S3111L03,S3041L03,unrelated
S3111L03.jpg,S3041L06.jpg,S3111L03,S3041L06,unrelated
S3111L03.jpg,S3041L05.jpg,S3111L03,S3041L05,unrelated
S3111L03.jpg,S3041L04.jpg,S3111L03,S3041L04,unrelated
S3111L03.jpg,S3041R01.jpg,S3111L03,S3041R01,unrelated
S3111L03.jpg,S3042L08.jpg,S3111L03,S3042L08,unrelated
S3111L03.jpg,S3042R07.jpg,S3111L03,S3042R07,unrelated
S3111L03.jpg,S3042R08.jpg,S3111L03,S3042R08,unrelated
S3111L03.jpg,S3002L02.jpg,S3111L03,S3002L02,unrelated
S3111L03.jpg,S3082R05.jpg,S3111L03,S3082R05,unrelated
S3111L03.jpg,S3082R02.jpg,S3111L03,S3082R02,unrelated
S3111L03.jpg,S3082R06.jpg,S3111L03,S3082R06,unrelated
S3111L03.jpg,S3082R01.jpg,S3111L03,S3082R01,unrelated
S3111L03.jpg,S3082R04.jpg,S3111L03,S3082R04,unrelated
S3111L03.jpg,S3061L03.jpg,S3111L03,S3061L03,unrelated
S3111L03.jpg,S3061L02.jpg,S3111L03,S3061L02,unrelated
S3111L03.jpg,S3061R01.jpg,S3111L03,S3061R01,unrelated
S3111L03.jpg,S3061R04.jpg,S3111L03,S3061R04,unrelated
S3111L03.jpg,S3061R07.jpg,S3111L03,S3061R07,unrelated
S3111L03.jpg,S3061R08.jpg,S3111L03,S3061R08,unrelated
S3111L03.jpg,S3062L03.jpg,S3111L03,S3062L03,unrelated
S3111L03.jpg,S3062L05.jpg,S3111L03,S3062L05,unrelated
S3111L03.jpg,S3062L07.jpg,S3111L03,S3062L07,unrelated
S3111L03.jpg,S3062L06.jpg,S3111L03,S3062L06,unrelated
S3111L03.jpg,S3062L04.jpg,S3111L03,S3062L04,unrelated
S3111L03.jpg,S3062R02.jpg,S3111L03,S3062R02,unrelated
S3111L03.jpg,S3062R09.jpg,S3111L03,S3062R09,unrelated
S3111L03.jpg,S3062R10.jpg,S3111L03,S3062R10,unrelated
S3111L03.jpg,S3062R07.jpg,S3111L03,S3062R07,unrelated
S3111L03.jpg,S3062R08.jpg,S3111L03,S3062R08,unrelated
S3111L03.jpg,S3021L04.jpg,S3111L03,S3021L04,unrelated
S3111L03.jpg,S3021L03.jpg,S3111L03,S3021L03,unrelated
S3111L03.jpg,S3021L06.jpg,S3111L03,S3021L06,unrelated
S3111L03.jpg,S3021L02.jpg,S3111L03,S3021L02,unrelated
S3111L03.jpg,S3021L01.jpg,S3111L03,S3021L01,unrelated
S3111L03.jpg,S3021R09.jpg,S3111L03,S3021R09,unrelated
S3111L03.jpg,S3021R01.jpg,S3111L03,S3021R01,unrelated
S3111L03.jpg,S3021R02.jpg,S3111L03,S3021R02,unrelated
S3111L03.jpg,S3021R07.jpg,S3111L03,S3021R07,unrelated
S3111L03.jpg,S3021R06.jpg,S3111L03,S3021R06,unrelated
S3111L03.jpg,S3022L01.jpg,S3111L03,S3022L01,unrelated
S3111L03.jpg,S3022R01.jpg,S3111L03,S3022R01,unrelated
S3111L03.jpg,S3022R02.jpg,S3111L03,S3022R02,unrelated
S3111L03.jpg,S3101L08.jpg,S3111L03,S3101L08,unrelated
S3111L03.jpg,S3101L04.jpg,S3111L03,S3101L04,unrelated
S3111L03.jpg,S3101L02.jpg,S3111L03,S3101L02,unrelated
S3111L03.jpg,S3101L09.jpg,S3111L03,S3101L09,unrelated
S3111L03.jpg,S3101L10.jpg,S3111L03,S3101L10,unrelated
S3111L03.jpg,S3101R07.jpg,S3111L03,S3101R07,unrelated
S3111L03.jpg,S3101R04.jpg,S3111L03,S3101R04,unrelated
S3111L03.jpg,S3101R03.jpg,S3111L03,S3101R03,unrelated
S3111L03.jpg,S3101R02.jpg,S3111L03,S3101R02,unrelated
S3111L03.jpg,S3101R05.jpg,S3111L03,S3101R05,unrelated
S3111L03.jpg,S3102L10.jpg,S3111L03,S3102L10,unrelated
S3111L03.jpg,S3102L09.jpg,S3111L03,S3102L09,unrelated
S3111L03.jpg,S3102L01.jpg,S3111L03,S3102L01,unrelated
S3111L03.jpg,S3102L07.jpg,S3111L03,S3102L07,unrelated
S3111L03.jpg,S3102L06.jpg,S3111L03,S3102L06,unrelated
S3111L03.jpg,S3102R07.jpg,S3111L03,S3102R07,unrelated
S3111L03.jpg,S3102R08.jpg,S3111L03,S3102R08,unrelated
S3111L03.jpg,S3102R02.jpg,S3111L03,S3102R02,unrelated
S3111L03.jpg,S3102R06.jpg,S3111L03,S3102R06,unrelated
S3111L03.jpg,S3102R09.jpg,S3111L03,S3102R09,unrelated
S3111L03.jpg,S3151L06.jpg,S3111L03,S3151L06,unrelated
S3111L03.jpg,S3151L04.jpg,S3111L03,S3151L04,unrelated
S3111L03.jpg,S3151L03.jpg,S3111L03,S3151L03,unrelated
S3111L03.jpg,S3151L05.jpg,S3111L03,S3151L05,unrelated
S3111L03.jpg,S3151L07.jpg,S3111L03,S3151L07,unrelated
S3111L03.jpg,S3151R03.jpg,S3111L03,S3151R03,unrelated
S3111L03.jpg,S3151R01.jpg,S3111L03,S3151R01,unrelated
S3111L03.jpg,S3151R02.jpg,S3111L03,S3151R02,unrelated
S3111L03.jpg,S3152R04.jpg,S3111L03,S3152R04,unrelated
S3111L03.jpg,S3152R03.jpg,S3111L03,S3152R03,unrelated
S3111L03.jpg,S3152R02.jpg,S3111L03,S3152R02,unrelated
S3111L03.jpg,S3152R07.jpg,S3111L03,S3152R07,unrelated
S3111L03.jpg,S3181R04.jpg,S3111L03,S3181R04,unrelated
S3111L03.jpg,S3181R05.jpg,S3111L03,S3181R05,unrelated
S3111L03.jpg,S3182L01.jpg,S3111L03,S3182L01,unrelated
S3111L03.jpg,S3182R05.jpg,S3111L03,S3182R05,unrelated
S3111L03.jpg,S3182R06.jpg,S3111L03,S3182R06,unrelated
S3111L03.jpg,S3182R04.jpg,S3111L03,S3182R04,unrelated
S3111L03.jpg,S3182R03.jpg,S3111L03,S3182R03,unrelated
S3111L03.jpg,S3182R07.jpg,S3111L03,S3182R07,unrelated
S3111L03.jpg,S3141L03.jpg,S3111L03,S3141L03,unrelated
S3111L03.jpg,S3141R07.jpg,S3111L03,S3141R07,unrelated
S3111L03.jpg,S3141R10.jpg,S3111L03,S3141R10,unrelated
S3111L03.jpg,S3141R04.jpg,S3111L03,S3141R04,unrelated
S3111L03.jpg,S3141R06.jpg,S3111L03,S3141R06,unrelated
S3111L03.jpg,S3142L03.jpg,S3111L03,S3142L03,unrelated
S3111L03.jpg,S3142L02.jpg,S3111L03,S3142L02,unrelated
S3111L03.jpg,S3142L04.jpg,S3111L03,S3142L04,unrelated
S3111L03.jpg,S3142L07.jpg,S3111L03,S3142L07,unrelated
S3111L03.jpg,S3142R08.jpg,S3111L03,S3142R08,unrelated
S3111L03.jpg,S3142R07.jpg,S3111L03,S3142R07,unrelated
S3111L03.jpg,S3142R10.jpg,S3111L03,S3142R10,unrelated
S3111L03.jpg,S3142R09.jpg,S3111L03,S3142R09,unrelated
S3111L03.jpg,S3121L03.jpg,S3111L03,S3121L03,unrelated
S3111L03.jpg,S3121L02.jpg,S3111L03,S3121L02,unrelated
S3111L03.jpg,S3121L01.jpg,S3111L03,S3121L01,unrelated
S3111L03.jpg,S3121R04.jpg,S3111L03,S3121R04,unrelated
S3111L03.jpg,S3121R02.jpg,S3111L03,S3121R02,unrelated
S3111L03.jpg,S3121R01.jpg,S3111L03,S3121R01,unrelated
S3111L03.jpg,S3121R08.jpg,S3111L03,S3121R08,unrelated
S3111L03.jpg,S3121R07.jpg,S3111L03,S3121R07,unrelated
S3111L03.jpg,S3122L09.jpg,S3111L03,S3122L09,unrelated
S3111L03.jpg,S3122L07.jpg,S3111L03,S3122L07,unrelated
S3111L03.jpg,S3122L10.jpg,S3111L03,S3122L10,unrelated
S3111L03.jpg,S3122L01.jpg,S3111L03,S3122L01,unrelated
S3111L03.jpg,S3122L05.jpg,S3111L03,S3122L05,unrelated
S3111L03.jpg,S3122R02.jpg,S3111L03,S3122R02,unrelated
S3111L03.jpg,S3122R04.jpg,S3111L03,S3122R04,unrelated
S3111L03.jpg,S3122R03.jpg,S3111L03,S3122R03,unrelated
S3111L03.jpg,S3122R01.jpg,S3111L03,S3122R01,unrelated
S3111L03.jpg,S3051L07.jpg,S3111L03,S3051L07,unrelated
S3111L03.jpg,S3051L08.jpg,S3111L03,S3051L08,unrelated
S3111L03.jpg,S3051L10.jpg,S3111L03,S3051L10,unrelated
S3111L03.jpg,S3051L06.jpg,S3111L03,S3051L06,unrelated
S3111L03.jpg,S3051R01.jpg,S3111L03,S3051R01,unrelated
S3111L03.jpg,S3051R03.jpg,S3111L03,S3051R03,unrelated
S3111L03.jpg,S3052L01.jpg,S3111L03,S3052L01,unrelated
S3111L03.jpg,S3052L02.jpg,S3111L03,S3052L02,unrelated
S3111L03.jpg,S3052L03.jpg,S3111L03,S3052L03,unrelated
S3111L03.jpg,S3052R01.jpg,S3111L03,S3052R01,unrelated
S3111L03.jpg,S3011L07.jpg,S3111L03,S3011L07,unrelated
S3111L03.jpg,S3011R01.jpg,S3111L03,S3011R01,unrelated
S3111L03.jpg,S3011R02.jpg,S3111L03,S3011R02,unrelated
S3111L03.jpg,S3012L07.jpg,S3111L03,S3012L07,unrelated
S3111L03.jpg,S3012L02.jpg,S3111L03,S3012L02,unrelated
S3111L03.jpg,S3012R07.jpg,S3111L03,S3012R07,unrelated
S3111R02.jpg,S3111R06.jpg,S3111R02,S3111R06,genuine
S3111R02.jpg,S3111R09.jpg,S3111R02,S3111R09,genuine
S3111R02.jpg,S3111R01.jpg,S3111R02,S3111R01,genuine
S3111R02.jpg,S3111R05.jpg,S3111R02,S3111R05,genuine
S3111R02.jpg,S3112L10.jpg,S3111R02,S3112L10,twin_cross_eye
S3111R02.jpg,S3171L10.jpg,S3111R02,S3171L10,unrelated
S3111R02.jpg,S3172L07.jpg,S3111R02,S3172L07,unrelated
S3111R02.jpg,S3172R02.jpg,S3111R02,S3172R02,unrelated
S3111R02.jpg,S3092L03.jpg,S3111R02,S3092L03,unrelated
S3111R02.jpg,S3092L01.jpg,S3111R02,S3092L01,unrelated
S3111R02.jpg,S3092L02.jpg,S3111R02,S3092L02,unrelated
S3111R02.jpg,S3092L04.jpg,S3111R02,S3092L04,unrelated
S3111R02.jpg,S3092L05.jpg,S3111R02,S3092L05,unrelated
S3111R02.jpg,S3092R04.jpg,S3111R02,S3092R04,unrelated
S3111R02.jpg,S3092R01.jpg,S3111R02,S3092R01,unrelated
S3111R02.jpg,S3092R03.jpg,S3111R02,S3092R03,unrelated
S3111R02.jpg,S3092R02.jpg,S3111R02,S3092R02,unrelated
S3111R02.jpg,S3092R06.jpg,S3111R02,S3092R06,unrelated
S3111R02.jpg,S3071L06.jpg,S3111R02,S3071L06,unrelated
S3111R02.jpg,S3072L08.jpg,S3111R02,S3072L08,unrelated
S3111R02.jpg,S3072L03.jpg,S3111R02,S3072L03,unrelated
S3111R02.jpg,S3072L06.jpg,S3111R02,S3072L06,unrelated
S3111R02.jpg,S3072L01.jpg,S3111R02,S3072L01,unrelated
S3111R02.jpg,S3072L09.jpg,S3111R02,S3072L09,unrelated
S3111R02.jpg,S3072R08.jpg,S3111R02,S3072R08,unrelated
S3111R02.jpg,S3072R10.jpg,S3111R02,S3072R10,unrelated
S3111R02.jpg,S3162L03.jpg,S3111R02,S3162L03,unrelated
S3111R02.jpg,S3162L01.jpg,S3111R02,S3162L01,unrelated
S3111R02.jpg,S3162L02.jpg,S3111R02,S3162L02,unrelated
S3111R02.jpg,S3162L04.jpg,S3111R02,S3162L04,unrelated
S3111R02.jpg,S3162R09.jpg,S3111R02,S3162R09,unrelated
S3111R02.jpg,S3162R06.jpg,S3111R02,S3162R06,unrelated
S3111R02.jpg,S3162R10.jpg,S3111R02,S3162R10,unrelated
S3111R02.jpg,S3162R08.jpg,S3111R02,S3162R08,unrelated
S3111R02.jpg,S3162R07.jpg,S3111R02,S3162R07,unrelated
S3111R02.jpg,S3131L08.jpg,S3111R02,S3131L08,unrelated
S3111R02.jpg,S3131L10.jpg,S3111R02,S3131L10,unrelated
S3111R02.jpg,S3131R04.jpg,S3111R02,S3131R04,unrelated
S3111R02.jpg,S3131R06.jpg,S3111R02,S3131R06,unrelated
S3111R02.jpg,S3131R05.jpg,S3111R02,S3131R05,unrelated
S3111R02.jpg,S3131R07.jpg,S3111R02,S3131R07,unrelated
S3111R02.jpg,S3132L09.jpg,S3111R02,S3132L09,unrelated
S3111R02.jpg,S3132L08.jpg,S3111R02,S3132L08,unrelated
S3111R02.jpg,S3132L05.jpg,S3111R02,S3132L05,unrelated
S3111R02.jpg,S3132L10.jpg,S3111R02,S3132L10,unrelated
S3111R02.jpg,S3132L04.jpg,S3111R02,S3132L04,unrelated
S3111R02.jpg,S3132R06.jpg,S3111R02,S3132R06,unrelated
S3111R02.jpg,S3132R07.jpg,S3111R02,S3132R07,unrelated
S3111R02.jpg,S3031L06.jpg,S3111R02,S3031L06,unrelated
S3111R02.jpg,S3031R09.jpg,S3111R02,S3031R09,unrelated
S3111R02.jpg,S3032L08.jpg,S3111R02,S3032L08,unrelated
S3111R02.jpg,S3032L10.jpg,S3111R02,S3032L10,unrelated
S3111R02.jpg,S3032L09.jpg,S3111R02,S3032L09,unrelated
S3111R02.jpg,S3032L05.jpg,S3111R02,S3032L05,unrelated
S3111R02.jpg,S3032L06.jpg,S3111R02,S3032L06,unrelated
S3111R02.jpg,S3032R10.jpg,S3111R02,S3032R10,unrelated
S3111R02.jpg,S3032R05.jpg,S3111R02,S3032R05,unrelated
S3111R02.jpg,S3032R04.jpg,S3111R02,S3032R04,unrelated
S3111R02.jpg,S3032R07.jpg,S3111R02,S3032R07,unrelated
S3111R02.jpg,S3032R06.jpg,S3111R02,S3032R06,unrelated
S3111R02.jpg,S3041L03.jpg,S3111R02,S3041L03,unrelated
S3111R02.jpg,S3041L06.jpg,S3111R02,S3041L06,unrelated
S3111R02.jpg,S3041L05.jpg,S3111R02,S3041L05,unrelated
S3111R02.jpg,S3041L04.jpg,S3111R02,S3041L04,unrelated
S3111R02.jpg,S3041R01.jpg,S3111R02,S3041R01,unrelated
S3111R02.jpg,S3042L08.jpg,S3111R02,S3042L08,unrelated
S3111R02.jpg,S3042R07.jpg,S3111R02,S3042R07,unrelated
S3111R02.jpg,S3042R08.jpg,S3111R02,S3042R08,unrelated
S3111R02.jpg,S3002L02.jpg,S3111R02,S3002L02,unrelated
S3111R02.jpg,S3082R05.jpg,S3111R02,S3082R05,unrelated
S3111R02.jpg,S3082R02.jpg,S3111R02,S3082R02,unrelated
S3111R02.jpg,S3082R06.jpg,S3111R02,S3082R06,unrelated
S3111R02.jpg,S3082R01.jpg,S3111R02,S3082R01,unrelated
S3111R02.jpg,S3082R04.jpg,S3111R02,S3082R04,unrelated
S3111R02.jpg,S3061L03.jpg,S3111R02,S3061L03,unrelated
S3111R02.jpg,S3061L02.jpg,S3111R02,S3061L02,unrelated
S3111R02.jpg,S3061R01.jpg,S3111R02,S3061R01,unrelated
S3111R02.jpg,S3061R04.jpg,S3111R02,S3061R04,unrelated
S3111R02.jpg,S3061R07.jpg,S3111R02,S3061R07,unrelated
S3111R02.jpg,S3061R08.jpg,S3111R02,S3061R08,unrelated
S3111R02.jpg,S3062L03.jpg,S3111R02,S3062L03,unrelated
S3111R02.jpg,S3062L05.jpg,S3111R02,S3062L05,unrelated
S3111R02.jpg,S3062L07.jpg,S3111R02,S3062L07,unrelated
S3111R02.jpg,S3062L06.jpg,S3111R02,S3062L06,unrelated
S3111R02.jpg,S3062L04.jpg,S3111R02,S3062L04,unrelated
S3111R02.jpg,S3062R02.jpg,S3111R02,S3062R02,unrelated
S3111R02.jpg,S3062R09.jpg,S3111R02,S3062R09,unrelated
S3111R02.jpg,S3062R10.jpg,S3111R02,S3062R10,unrelated
S3111R02.jpg,S3062R07.jpg,S3111R02,S3062R07,unrelated
S3111R02.jpg,S3062R08.jpg,S3111R02,S3062R08,unrelated
S3111R02.jpg,S3021L04.jpg,S3111R02,S3021L04,unrelated
S3111R02.jpg,S3021L03.jpg,S3111R02,S3021L03,unrelated
S3111R02.jpg,S3021L06.jpg,S3111R02,S3021L06,unrelated
S3111R02.jpg,S3021L02.jpg,S3111R02,S3021L02,unrelated
S3111R02.jpg,S3021L01.jpg,S3111R02,S3021L01,unrelated
S3111R02.jpg,S3021R09.jpg,S3111R02,S3021R09,unrelated
S3111R02.jpg,S3021R01.jpg,S3111R02,S3021R01,unrelated
S3111R02.jpg,S3021R02.jpg,S3111R02,S3021R02,unrelated
S3111R02.jpg,S3021R07.jpg,S3111R02,S3021R07,unrelated
S3111R02.jpg,S3021R06.jpg,S3111R02,S3021R06,unrelated
S3111R02.jpg,S3022L01.jpg,S3111R02,S3022L01,unrelated
S3111R02.jpg,S3022R01.jpg,S3111R02,S3022R01,unrelated
S3111R02.jpg,S3022R02.jpg,S3111R02,S3022R02,unrelated
S3111R02.jpg,S3101L08.jpg,S3111R02,S3101L08,unrelated
S3111R02.jpg,S3101L04.jpg,S3111R02,S3101L04,unrelated
S3111R02.jpg,S3101L02.jpg,S3111R02,S3101L02,unrelated
S3111R02.jpg,S3101L09.jpg,S3111R02,S3101L09,unrelated
S3111R02.jpg,S3101L10.jpg,S3111R02,S3101L10,unrelated
S3111R02.jpg,S3101R07.jpg,S3111R02,S3101R07,unrelated
S3111R02.jpg,S3101R04.jpg,S3111R02,S3101R04,unrelated
S3111R02.jpg,S3101R03.jpg,S3111R02,S3101R03,unrelated
S3111R02.jpg,S3101R02.jpg,S3111R02,S3101R02,unrelated
S3111R02.jpg,S3101R05.jpg,S3111R02,S3101R05,unrelated
S3111R02.jpg,S3102L10.jpg,S3111R02,S3102L10,unrelated
S3111R02.jpg,S3102L09.jpg,S3111R02,S3102L09,unrelated
S3111R02.jpg,S3102L01.jpg,S3111R02,S3102L01,unrelated
S3111R02.jpg,S3102L07.jpg,S3111R02,S3102L07,unrelated
S3111R02.jpg,S3102L06.jpg,S3111R02,S3102L06,unrelated
S3111R02.jpg,S3102R07.jpg,S3111R02,S3102R07,unrelated
S3111R02.jpg,S3102R08.jpg,S3111R02,S3102R08,unrelated
S3111R02.jpg,S3102R02.jpg,S3111R02,S3102R02,unrelated
S3111R02.jpg,S3102R06.jpg,S3111R02,S3102R06,unrelated
S3111R02.jpg,S3102R09.jpg,S3111R02,S3102R09,unrelated
S3111R02.jpg,S3151L06.jpg,S3111R02,S3151L06,unrelated
S3111R02.jpg,S3151L04.jpg,S3111R02,S3151L04,unrelated
S3111R02.jpg,S3151L03.jpg,S3111R02,S3151L03,unrelated
S3111R02.jpg,S3151L05.jpg,S3111R02,S3151L05,unrelated
S3111R02.jpg,S3151L07.jpg,S3111R02,S3151L07,unrelated
S3111R02.jpg,S3151R03.jpg,S3111R02,S3151R03,unrelated
S3111R02.jpg,S3151R01.jpg,S3111R02,S3151R01,unrelated
S3111R02.jpg,S3151R02.jpg,S3111R02,S3151R02,unrelated
S3111R02.jpg,S3152R04.jpg,S3111R02,S3152R04,unrelated
S3111R02.jpg,S3152R03.jpg,S3111R02,S3152R03,unrelated
S3111R02.jpg,S3152R02.jpg,S3111R02,S3152R02,unrelated
S3111R02.jpg,S3152R07.jpg,S3111R02,S3152R07,unrelated
S3111R02.jpg,S3181R04.jpg,S3111R02,S3181R04,unrelated
S3111R02.jpg,S3181R05.jpg,S3111R02,S3181R05,unrelated
S3111R02.jpg,S3182L01.jpg,S3111R02,S3182L01,unrelated
S3111R02.jpg,S3182R05.jpg,S3111R02,S3182R05,unrelated
S3111R02.jpg,S3182R06.jpg,S3111R02,S3182R06,unrelated
S3111R02.jpg,S3182R04.jpg,S3111R02,S3182R04,unrelated
S3111R02.jpg,S3182R03.jpg,S3111R02,S3182R03,unrelated
S3111R02.jpg,S3182R07.jpg,S3111R02,S3182R07,unrelated
S3111R02.jpg,S3141L03.jpg,S3111R02,S3141L03,unrelated
S3111R02.jpg,S3141R07.jpg,S3111R02,S3141R07,unrelated
S3111R02.jpg,S3141R10.jpg,S3111R02,S3141R10,unrelated
S3111R02.jpg,S3141R04.jpg,S3111R02,S3141R04,unrelated
S3111R02.jpg,S3141R06.jpg,S3111R02,S3141R06,unrelated
S3111R02.jpg,S3142L03.jpg,S3111R02,S3142L03,unrelated
S3111R02.jpg,S3142L02.jpg,S3111R02,S3142L02,unrelated
S3111R02.jpg,S3142L04.jpg,S3111R02,S3142L04,unrelated
S3111R02.jpg,S3142L07.jpg,S3111R02,S3142L07,unrelated
S3111R02.jpg,S3142R08.jpg,S3111R02,S3142R08,unrelated
S3111R02.jpg,S3142R07.jpg,S3111R02,S3142R07,unrelated
S3111R02.jpg,S3142R10.jpg,S3111R02,S3142R10,unrelated
S3111R02.jpg,S3142R09.jpg,S3111R02,S3142R09,unrelated
S3111R02.jpg,S3121L03.jpg,S3111R02,S3121L03,unrelated
S3111R02.jpg,S3121L02.jpg,S3111R02,S3121L02,unrelated
S3111R02.jpg,S3121L01.jpg,S3111R02,S3121L01,unrelated
S3111R02.jpg,S3121R04.jpg,S3111R02,S3121R04,unrelated
S3111R02.jpg,S3121R02.jpg,S3111R02,S3121R02,unrelated
S3111R02.jpg,S3121R01.jpg,S3111R02,S3121R01,unrelated
S3111R02.jpg,S3121R08.jpg,S3111R02,S3121R08,unrelated
S3111R02.jpg,S3121R07.jpg,S3111R02,S3121R07,unrelated
S3111R02.jpg,S3122L09.jpg,S3111R02,S3122L09,unrelated
S3111R02.jpg,S3122L07.jpg,S3111R02,S3122L07,unrelated
S3111R02.jpg,S3122L10.jpg,S3111R02,S3122L10,unrelated
S3111R02.jpg,S3122L01.jpg,S3111R02,S3122L01,unrelated
S3111R02.jpg,S3122L05.jpg,S3111R02,S3122L05,unrelated
S3111R02.jpg,S3122R02.jpg,S3111R02,S3122R02,unrelated
S3111R02.jpg,S3122R04.jpg,S3111R02,S3122R04,unrelated
S3111R02.jpg,S3122R03.jpg,S3111R02,S3122R03,unrelated
S3111R02.jpg,S3122R01.jpg,S3111R02,S3122R01,unrelated
S3111R02.jpg,S3051L07.jpg,S3111R02,S3051L07,unrelated
S3111R02.jpg,S3051L08.jpg,S3111R02,S3051L08,unrelated
S3111R02.jpg,S3051L10.jpg,S3111R02,S3051L10,unrelated
S3111R02.jpg,S3051L06.jpg,S3111R02,S3051L06,unrelated
S3111R02.jpg,S3051R01.jpg,S3111R02,S3051R01,unrelated
S3111R02.jpg,S3051R03.jpg,S3111R02,S3051R03,unrelated
S3111R02.jpg,S3052L01.jpg,S3111R02,S3052L01,unrelated
S3111R02.jpg,S3052L02.jpg,S3111R02,S3052L02,unrelated
S3111R02.jpg,S3052L03.jpg,S3111R02,S3052L03,unrelated
S3111R02.jpg,S3052R01.jpg,S3111R02,S3052R01,unrelated
S3111R02.jpg,S3011L07.jpg,S3111R02,S3011L07,unrelated
S3111R02.jpg,S3011R01.jpg,S3111R02,S3011R01,unrelated
S3111R02.jpg,S3011R02.jpg,S3111R02,S3011R02,unrelated
S3111R02.jpg,S3012L07.jpg,S3111R02,S3012L07,unrelated
S3111R02.jpg,S3012L02.jpg,S3111R02,S3012L02,unrelated
S3111R02.jpg,S3012R07.jpg,S3111R02,S3012R07,unrelated
S3111R06.jpg,S3111R09.jpg,S3111R06,S3111R09,genuine
S3111R06.jpg,S3111R01.jpg,S3111R06,S3111R01,genuine
S3111R06.jpg,S3111R05.jpg,S3111R06,S3111R05,genuine
S3111R06.jpg,S3112L10.jpg,S3111R06,S3112L10,twin_cross_eye
S3111R06.jpg,S3171L10.jpg,S3111R06,S3171L10,unrelated
S3111R06.jpg,S3172L07.jpg,S3111R06,S3172L07,unrelated
S3111R06.jpg,S3172R02.jpg,S3111R06,S3172R02,unrelated
S3111R06.jpg,S3092L03.jpg,S3111R06,S3092L03,unrelated
S3111R06.jpg,S3092L01.jpg,S3111R06,S3092L01,unrelated
S3111R06.jpg,S3092L02.jpg,S3111R06,S3092L02,unrelated
S3111R06.jpg,S3092L04.jpg,S3111R06,S3092L04,unrelated
S3111R06.jpg,S3092L05.jpg,S3111R06,S3092L05,unrelated
S3111R06.jpg,S3092R04.jpg,S3111R06,S3092R04,unrelated
S3111R06.jpg,S3092R01.jpg,S3111R06,S3092R01,unrelated
S3111R06.jpg,S3092R03.jpg,S3111R06,S3092R03,unrelated
S3111R06.jpg,S3092R02.jpg,S3111R06,S3092R02,unrelated
S3111R06.jpg,S3092R06.jpg,S3111R06,S3092R06,unrelated
S3111R06.jpg,S3071L06.jpg,S3111R06,S3071L06,unrelated
S3111R06.jpg,S3072L08.jpg,S3111R06,S3072L08,unrelated
S3111R06.jpg,S3072L03.jpg,S3111R06,S3072L03,unrelated
S3111R06.jpg,S3072L06.jpg,S3111R06,S3072L06,unrelated
S3111R06.jpg,S3072L01.jpg,S3111R06,S3072L01,unrelated
S3111R06.jpg,S3072L09.jpg,S3111R06,S3072L09,unrelated
S3111R06.jpg,S3072R08.jpg,S3111R06,S3072R08,unrelated
S3111R06.jpg,S3072R10.jpg,S3111R06,S3072R10,unrelated
S3111R06.jpg,S3162L03.jpg,S3111R06,S3162L03,unrelated
S3111R06.jpg,S3162L01.jpg,S3111R06,S3162L01,unrelated
S3111R06.jpg,S3162L02.jpg,S3111R06,S3162L02,unrelated
S3111R06.jpg,S3162L04.jpg,S3111R06,S3162L04,unrelated
S3111R06.jpg,S3162R09.jpg,S3111R06,S3162R09,unrelated
S3111R06.jpg,S3162R06.jpg,S3111R06,S3162R06,unrelated
S3111R06.jpg,S3162R10.jpg,S3111R06,S3162R10,unrelated
S3111R06.jpg,S3162R08.jpg,S3111R06,S3162R08,unrelated
S3111R06.jpg,S3162R07.jpg,S3111R06,S3162R07,unrelated
S3111R06.jpg,S3131L08.jpg,S3111R06,S3131L08,unrelated
S3111R06.jpg,S3131L10.jpg,S3111R06,S3131L10,unrelated
S3111R06.jpg,S3131R04.jpg,S3111R06,S3131R04,unrelated
S3111R06.jpg,S3131R06.jpg,S3111R06,S3131R06,unrelated
S3111R06.jpg,S3131R05.jpg,S3111R06,S3131R05,unrelated
S3111R06.jpg,S3131R07.jpg,S3111R06,S3131R07,unrelated
S3111R06.jpg,S3132L09.jpg,S3111R06,S3132L09,unrelated
S3111R06.jpg,S3132L08.jpg,S3111R06,S3132L08,unrelated
S3111R06.jpg,S3132L05.jpg,S3111R06,S3132L05,unrelated
S3111R06.jpg,S3132L10.jpg,S3111R06,S3132L10,unrelated
S3111R06.jpg,S3132L04.jpg,S3111R06,S3132L04,unrelated
S3111R06.jpg,S3132R06.jpg,S3111R06,S3132R06,unrelated
S3111R06.jpg,S3132R07.jpg,S3111R06,S3132R07,unrelated
S3111R06.jpg,S3031L06.jpg,S3111R06,S3031L06,unrelated
S3111R06.jpg,S3031R09.jpg,S3111R06,S3031R09,unrelated
S3111R06.jpg,S3032L08.jpg,S3111R06,S3032L08,unrelated
S3111R06.jpg,S3032L10.jpg,S3111R06,S3032L10,unrelated
S3111R06.jpg,S3032L09.jpg,S3111R06,S3032L09,unrelated
S3111R06.jpg,S3032L05.jpg,S3111R06,S3032L05,unrelated
S3111R06.jpg,S3032L06.jpg,S3111R06,S3032L06,unrelated
S3111R06.jpg,S3032R10.jpg,S3111R06,S3032R10,unrelated
S3111R06.jpg,S3032R05.jpg,S3111R06,S3032R05,unrelated
S3111R06.jpg,S3032R04.jpg,S3111R06,S3032R04,unrelated
S3111R06.jpg,S3032R07.jpg,S3111R06,S3032R07,unrelated
S3111R06.jpg,S3032R06.jpg,S3111R06,S3032R06,unrelated
S3111R06.jpg,S3041L03.jpg,S3111R06,S3041L03,unrelated
S3111R06.jpg,S3041L06.jpg,S3111R06,S3041L06,unrelated
S3111R06.jpg,S3041L05.jpg,S3111R06,S3041L05,unrelated
S3111R06.jpg,S3041L04.jpg,S3111R06,S3041L04,unrelated
S3111R06.jpg,S3041R01.jpg,S3111R06,S3041R01,unrelated
S3111R06.jpg,S3042L08.jpg,S3111R06,S3042L08,unrelated
S3111R06.jpg,S3042R07.jpg,S3111R06,S3042R07,unrelated
S3111R06.jpg,S3042R08.jpg,S3111R06,S3042R08,unrelated
S3111R06.jpg,S3002L02.jpg,S3111R06,S3002L02,unrelated
S3111R06.jpg,S3082R05.jpg,S3111R06,S3082R05,unrelated
S3111R06.jpg,S3082R02.jpg,S3111R06,S3082R02,unrelated
S3111R06.jpg,S3082R06.jpg,S3111R06,S3082R06,unrelated
S3111R06.jpg,S3082R01.jpg,S3111R06,S3082R01,unrelated
S3111R06.jpg,S3082R04.jpg,S3111R06,S3082R04,unrelated
S3111R06.jpg,S3061L03.jpg,S3111R06,S3061L03,unrelated
S3111R06.jpg,S3061L02.jpg,S3111R06,S3061L02,unrelated
S3111R06.jpg,S3061R01.jpg,S3111R06,S3061R01,unrelated
S3111R06.jpg,S3061R04.jpg,S3111R06,S3061R04,unrelated
S3111R06.jpg,S3061R07.jpg,S3111R06,S3061R07,unrelated
S3111R06.jpg,S3061R08.jpg,S3111R06,S3061R08,unrelated
S3111R06.jpg,S3062L03.jpg,S3111R06,S3062L03,unrelated
S3111R06.jpg,S3062L05.jpg,S3111R06,S3062L05,unrelated
S3111R06.jpg,S3062L07.jpg,S3111R06,S3062L07,unrelated
S3111R06.jpg,S3062L06.jpg,S3111R06,S3062L06,unrelated
S3111R06.jpg,S3062L04.jpg,S3111R06,S3062L04,unrelated
S3111R06.jpg,S3062R02.jpg,S3111R06,S3062R02,unrelated
S3111R06.jpg,S3062R09.jpg,S3111R06,S3062R09,unrelated
S3111R06.jpg,S3062R10.jpg,S3111R06,S3062R10,unrelated
S3111R06.jpg,S3062R07.jpg,S3111R06,S3062R07,unrelated
S3111R06.jpg,S3062R08.jpg,S3111R06,S3062R08,unrelated
S3111R06.jpg,S3021L04.jpg,S3111R06,S3021L04,unrelated
S3111R06.jpg,S3021L03.jpg,S3111R06,S3021L03,unrelated
S3111R06.jpg,S3021L06.jpg,S3111R06,S3021L06,unrelated
S3111R06.jpg,S3021L02.jpg,S3111R06,S3021L02,unrelated
S3111R06.jpg,S3021L01.jpg,S3111R06,S3021L01,unrelated
S3111R06.jpg,S3021R09.jpg,S3111R06,S3021R09,unrelated
S3111R06.jpg,S3021R01.jpg,S3111R06,S3021R01,unrelated
S3111R06.jpg,S3021R02.jpg,S3111R06,S3021R02,unrelated
S3111R06.jpg,S3021R07.jpg,S3111R06,S3021R07,unrelated
S3111R06.jpg,S3021R06.jpg,S3111R06,S3021R06,unrelated
S3111R06.jpg,S3022L01.jpg,S3111R06,S3022L01,unrelated
S3111R06.jpg,S3022R01.jpg,S3111R06,S3022R01,unrelated
S3111R06.jpg,S3022R02.jpg,S3111R06,S3022R02,unrelated
S3111R06.jpg,S3101L08.jpg,S3111R06,S3101L08,unrelated
S3111R06.jpg,S3101L04.jpg,S3111R06,S3101L04,unrelated
S3111R06.jpg,S3101L02.jpg,S3111R06,S3101L02,unrelated
S3111R06.jpg,S3101L09.jpg,S3111R06,S3101L09,unrelated
S3111R06.jpg,S3101L10.jpg,S3111R06,S3101L10,unrelated
S3111R06.jpg,S3101R07.jpg,S3111R06,S3101R07,unrelated
S3111R06.jpg,S3101R04.jpg,S3111R06,S3101R04,unrelated
S3111R06.jpg,S3101R03.jpg,S3111R06,S3101R03,unrelated
S3111R06.jpg,S3101R02.jpg,S3111R06,S3101R02,unrelated
S3111R06.jpg,S3101R05.jpg,S3111R06,S3101R05,unrelated
S3111R06.jpg,S3102L10.jpg,S3111R06,S3102L10,unrelated
S3111R06.jpg,S3102L09.jpg,S3111R06,S3102L09,unrelated
S3111R06.jpg,S3102L01.jpg,S3111R06,S3102L01,unrelated
S3111R06.jpg,S3102L07.jpg,S3111R06,S3102L07,unrelated
S3111R06.jpg,S3102L06.jpg,S3111R06,S3102L06,unrelated
S3111R06.jpg,S3102R07.jpg,S3111R06,S3102R07,unrelated
S3111R06.jpg,S3102R08.jpg,S3111R06,S3102R08,unrelated
S3111R06.jpg,S3102R02.jpg,S3111R06,S3102R02,unrelated
S3111R06.jpg,S3102R06.jpg,S3111R06,S3102R06,unrelated
S3111R06.jpg,S3102R09.jpg,S3111R06,S3102R09,unrelated
S3111R06.jpg,S3151L06.jpg,S3111R06,S3151L06,unrelated
S3111R06.jpg,S3151L04.jpg,S3111R06,S3151L04,unrelated
S3111R06.jpg,S3151L03.jpg,S3111R06,S3151L03,unrelated
S3111R06.jpg,S3151L05.jpg,S3111R06,S3151L05,unrelated
S3111R06.jpg,S3151L07.jpg,S3111R06,S3151L07,unrelated
S3111R06.jpg,S3151R03.jpg,S3111R06,S3151R03,unrelated
S3111R06.jpg,S3151R01.jpg,S3111R06,S3151R01,unrelated
S3111R06.jpg,S3151R02.jpg,S3111R06,S3151R02,unrelated
S3111R06.jpg,S3152R04.jpg,S3111R06,S3152R04,unrelated
S3111R06.jpg,S3152R03.jpg,S3111R06,S3152R03,unrelated
S3111R06.jpg,S3152R02.jpg,S3111R06,S3152R02,unrelated
S3111R06.jpg,S3152R07.jpg,S3111R06,S3152R07,unrelated
S3111R06.jpg,S3181R04.jpg,S3111R06,S3181R04,unrelated
S3111R06.jpg,S3181R05.jpg,S3111R06,S3181R05,unrelated
S3111R06.jpg,S3182L01.jpg,S3111R06,S3182L01,unrelated
S3111R06.jpg,S3182R05.jpg,S3111R06,S3182R05,unrelated
S3111R06.jpg,S3182R06.jpg,S3111R06,S3182R06,unrelated
S3111R06.jpg,S3182R04.jpg,S3111R06,S3182R04,unrelated
S3111R06.jpg,S3182R03.jpg,S3111R06,S3182R03,unrelated
S3111R06.jpg,S3182R07.jpg,S3111R06,S3182R07,unrelated
S3111R06.jpg,S3141L03.jpg,S3111R06,S3141L03,unrelated
S3111R06.jpg,S3141R07.jpg,S3111R06,S3141R07,unrelated
S3111R06.jpg,S3141R10.jpg,S3111R06,S3141R10,unrelated
S3111R06.jpg,S3141R04.jpg,S3111R06,S3141R04,unrelated
S3111R06.jpg,S3141R06.jpg,S3111R06,S3141R06,unrelated
S3111R06.jpg,S3142L03.jpg,S3111R06,S3142L03,unrelated
S3111R06.jpg,S3142L02.jpg,S3111R06,S3142L02,unrelated
S3111R06.jpg,S3142L04.jpg,S3111R06,S3142L04,unrelated
S3111R06.jpg,S3142L07.jpg,S3111R06,S3142L07,unrelated
S3111R06.jpg,S3142R08.jpg,S3111R06,S3142R08,unrelated
S3111R06.jpg,S3142R07.jpg,S3111R06,S3142R07,unrelated
S3111R06.jpg,S3142R10.jpg,S3111R06,S3142R10,unrelated
S3111R06.jpg,S3142R09.jpg,S3111R06,S3142R09,unrelated
S3111R06.jpg,S3121L03.jpg,S3111R06,S3121L03,unrelated
S3111R06.jpg,S3121L02.jpg,S3111R06,S3121L02,unrelated
S3111R06.jpg,S3121L01.jpg,S3111R06,S3121L01,unrelated
S3111R06.jpg,S3121R04.jpg,S3111R06,S3121R04,unrelated
S3111R06.jpg,S3121R02.jpg,S3111R06,S3121R02,unrelated
S3111R06.jpg,S3121R01.jpg,S3111R06,S3121R01,unrelated
S3111R06.jpg,S3121R08.jpg,S3111R06,S3121R08,unrelated
S3111R06.jpg,S3121R07.jpg,S3111R06,S3121R07,unrelated
S3111R06.jpg,S3122L09.jpg,S3111R06,S3122L09,unrelated
S3111R06.jpg,S3122L07.jpg,S3111R06,S3122L07,unrelated
S3111R06.jpg,S3122L10.jpg,S3111R06,S3122L10,unrelated
S3111R06.jpg,S3122L01.jpg,S3111R06,S3122L01,unrelated
S3111R06.jpg,S3122L05.jpg,S3111R06,S3122L05,unrelated
S3111R06.jpg,S3122R02.jpg,S3111R06,S3122R02,unrelated
S3111R06.jpg,S3122R04.jpg,S3111R06,S3122R04,unrelated
S3111R06.jpg,S3122R03.jpg,S3111R06,S3122R03,unrelated
S3111R06.jpg,S3122R01.jpg,S3111R06,S3122R01,unrelated
S3111R06.jpg,S3051L07.jpg,S3111R06,S3051L07,unrelated
S3111R06.jpg,S3051L08.jpg,S3111R06,S3051L08,unrelated
S3111R06.jpg,S3051L10.jpg,S3111R06,S3051L10,unrelated
S3111R06.jpg,S3051L06.jpg,S3111R06,S3051L06,unrelated
S3111R06.jpg,S3051R01.jpg,S3111R06,S3051R01,unrelated
S3111R06.jpg,S3051R03.jpg,S3111R06,S3051R03,unrelated
S3111R06.jpg,S3052L01.jpg,S3111R06,S3052L01,unrelated
S3111R06.jpg,S3052L02.jpg,S3111R06,S3052L02,unrelated
S3111R06.jpg,S3052L03.jpg,S3111R06,S3052L03,unrelated
S3111R06.jpg,S3052R01.jpg,S3111R06,S3052R01,unrelated
S3111R06.jpg,S3011L07.jpg,S3111R06,S3011L07,unrelated
S3111R06.jpg,S3011R01.jpg,S3111R06,S3011R01,unrelated
S3111R06.jpg,S3011R02.jpg,S3111R06,S3011R02,unrelated
S3111R06.jpg,S3012L07.jpg,S3111R06,S3012L07,unrelated
S3111R06.jpg,S3012L02.jpg,S3111R06,S3012L02,unrelated
S3111R06.jpg,S3012R07.jpg,S3111R06,S3012R07,unrelated
S3111R09.jpg,S3111R01.jpg,S3111R09,S3111R01,genuine
S3111R09.jpg,S3111R05.jpg,S3111R09,S3111R05,genuine
S3111R09.jpg,S3112L10.jpg,S3111R09,S3112L10,twin_cross_eye
S3111R09.jpg,S3171L10.jpg,S3111R09,S3171L10,unrelated
S3111R09.jpg,S3172L07.jpg,S3111R09,S3172L07,unrelated
S3111R09.jpg,S3172R02.jpg,S3111R09,S3172R02,unrelated
S3111R09.jpg,S3092L03.jpg,S3111R09,S3092L03,unrelated
S3111R09.jpg,S3092L01.jpg,S3111R09,S3092L01,unrelated
S3111R09.jpg,S3092L02.jpg,S3111R09,S3092L02,unrelated
S3111R09.jpg,S3092L04.jpg,S3111R09,S3092L04,unrelated
S3111R09.jpg,S3092L05.jpg,S3111R09,S3092L05,unrelated
S3111R09.jpg,S3092R04.jpg,S3111R09,S3092R04,unrelated
S3111R09.jpg,S3092R01.jpg,S3111R09,S3092R01,unrelated
S3111R09.jpg,S3092R03.jpg,S3111R09,S3092R03,unrelated
S3111R09.jpg,S3092R02.jpg,S3111R09,S3092R02,unrelated
S3111R09.jpg,S3092R06.jpg,S3111R09,S3092R06,unrelated
S3111R09.jpg,S3071L06.jpg,S3111R09,S3071L06,unrelated
S3111R09.jpg,S3072L08.jpg,S3111R09,S3072L08,unrelated
S3111R09.jpg,S3072L03.jpg,S3111R09,S3072L03,unrelated
S3111R09.jpg,S3072L06.jpg,S3111R09,S3072L06,unrelated
S3111R09.jpg,S3072L01.jpg,S3111R09,S3072L01,unrelated
S3111R09.jpg,S3072L09.jpg,S3111R09,S3072L09,unrelated
S3111R09.jpg,S3072R08.jpg,S3111R09,S3072R08,unrelated
S3111R09.jpg,S3072R10.jpg,S3111R09,S3072R10,unrelated
S3111R09.jpg,S3162L03.jpg,S3111R09,S3162L03,unrelated
S3111R09.jpg,S3162L01.jpg,S3111R09,S3162L01,unrelated
S3111R09.jpg,S3162L02.jpg,S3111R09,S3162L02,unrelated
S3111R09.jpg,S3162L04.jpg,S3111R09,S3162L04,unrelated
S3111R09.jpg,S3162R09.jpg,S3111R09,S3162R09,unrelated
S3111R09.jpg,S3162R06.jpg,S3111R09,S3162R06,unrelated
S3111R09.jpg,S3162R10.jpg,S3111R09,S3162R10,unrelated
S3111R09.jpg,S3162R08.jpg,S3111R09,S3162R08,unrelated
S3111R09.jpg,S3162R07.jpg,S3111R09,S3162R07,unrelated
S3111R09.jpg,S3131L08.jpg,S3111R09,S3131L08,unrelated
S3111R09.jpg,S3131L10.jpg,S3111R09,S3131L10,unrelated
S3111R09.jpg,S3131R04.jpg,S3111R09,S3131R04,unrelated
S3111R09.jpg,S3131R06.jpg,S3111R09,S3131R06,unrelated
S3111R09.jpg,S3131R05.jpg,S3111R09,S3131R05,unrelated
S3111R09.jpg,S3131R07.jpg,S3111R09,S3131R07,unrelated
S3111R09.jpg,S3132L09.jpg,S3111R09,S3132L09,unrelated
S3111R09.jpg,S3132L08.jpg,S3111R09,S3132L08,unrelated
S3111R09.jpg,S3132L05.jpg,S3111R09,S3132L05,unrelated
S3111R09.jpg,S3132L10.jpg,S3111R09,S3132L10,unrelated
S3111R09.jpg,S3132L04.jpg,S3111R09,S3132L04,unrelated
S3111R09.jpg,S3132R06.jpg,S3111R09,S3132R06,unrelated
S3111R09.jpg,S3132R07.jpg,S3111R09,S3132R07,unrelated
S3111R09.jpg,S3031L06.jpg,S3111R09,S3031L06,unrelated
S3111R09.jpg,S3031R09.jpg,S3111R09,S3031R09,unrelated
S3111R09.jpg,S3032L08.jpg,S3111R09,S3032L08,unrelated
S3111R09.jpg,S3032L10.jpg,S3111R09,S3032L10,unrelated
S3111R09.jpg,S3032L09.jpg,S3111R09,S3032L09,unrelated
S3111R09.jpg,S3032L05.jpg,S3111R09,S3032L05,unrelated
S3111R09.jpg,S3032L06.jpg,S3111R09,S3032L06,unrelated
S3111R09.jpg,S3032R10.jpg,S3111R09,S3032R10,unrelated
S3111R09.jpg,S3032R05.jpg,S3111R09,S3032R05,unrelated
S3111R09.jpg,S3032R04.jpg,S3111R09,S3032R04,unrelated
S3111R09.jpg,S3032R07.jpg,S3111R09,S3032R07,unrelated
S3111R09.jpg,S3032R06.jpg,S3111R09,S3032R06,unrelated
S3111R09.jpg,S3041L03.jpg,S3111R09,S3041L03,unrelated
S3111R09.jpg,S3041L06.jpg,S3111R09,S3041L06,unrelated
S3111R09.jpg,S3041L05.jpg,S3111R09,S3041L05,unrelated
S3111R09.jpg,S3041L04.jpg,S3111R09,S3041L04,unrelated
S3111R09.jpg,S3041R01.jpg,S3111R09,S3041R01,unrelated
S3111R09.jpg,S3042L08.jpg,S3111R09,S3042L08,unrelated
S3111R09.jpg,S3042R07.jpg,S3111R09,S3042R07,unrelated
S3111R09.jpg,S3042R08.jpg,S3111R09,S3042R08,unrelated
S3111R09.jpg,S3002L02.jpg,S3111R09,S3002L02,unrelated
S3111R09.jpg,S3082R05.jpg,S3111R09,S3082R05,unrelated
S3111R09.jpg,S3082R02.jpg,S3111R09,S3082R02,unrelated
S3111R09.jpg,S3082R06.jpg,S3111R09,S3082R06,unrelated
S3111R09.jpg,S3082R01.jpg,S3111R09,S3082R01,unrelated
S3111R09.jpg,S3082R04.jpg,S3111R09,S3082R04,unrelated
S3111R09.jpg,S3061L03.jpg,S3111R09,S3061L03,unrelated
S3111R09.jpg,S3061L02.jpg,S3111R09,S3061L02,unrelated
S3111R09.jpg,S3061R01.jpg,S3111R09,S3061R01,unrelated
S3111R09.jpg,S3061R04.jpg,S3111R09,S3061R04,unrelated
S3111R09.jpg,S3061R07.jpg,S3111R09,S3061R07,unrelated
S3111R09.jpg,S3061R08.jpg,S3111R09,S3061R08,unrelated
S3111R09.jpg,S3062L03.jpg,S3111R09,S3062L03,unrelated
S3111R09.jpg,S3062L05.jpg,S3111R09,S3062L05,unrelated
S3111R09.jpg,S3062L07.jpg,S3111R09,S3062L07,unrelated
S3111R09.jpg,S3062L06.jpg,S3111R09,S3062L06,unrelated
S3111R09.jpg,S3062L04.jpg,S3111R09,S3062L04,unrelated
S3111R09.jpg,S3062R02.jpg,S3111R09,S3062R02,unrelated
S3111R09.jpg,S3062R09.jpg,S3111R09,S3062R09,unrelated
S3111R09.jpg,S3062R10.jpg,S3111R09,S3062R10,unrelated
S3111R09.jpg,S3062R07.jpg,S3111R09,S3062R07,unrelated
S3111R09.jpg,S3062R08.jpg,S3111R09,S3062R08,unrelated
S3111R09.jpg,S3021L04.jpg,S3111R09,S3021L04,unrelated
S3111R09.jpg,S3021L03.jpg,S3111R09,S3021L03,unrelated
S3111R09.jpg,S3021L06.jpg,S3111R09,S3021L06,unrelated
S3111R09.jpg,S3021L02.jpg,S3111R09,S3021L02,unrelated
S3111R09.jpg,S3021L01.jpg,S3111R09,S3021L01,unrelated
S3111R09.jpg,S3021R09.jpg,S3111R09,S3021R09,unrelated
S3111R09.jpg,S3021R01.jpg,S3111R09,S3021R01,unrelated
S3111R09.jpg,S3021R02.jpg,S3111R09,S3021R02,unrelated
S3111R09.jpg,S3021R07.jpg,S3111R09,S3021R07,unrelated
S3111R09.jpg,S3021R06.jpg,S3111R09,S3021R06,unrelated
S3111R09.jpg,S3022L01.jpg,S3111R09,S3022L01,unrelated
S3111R09.jpg,S3022R01.jpg,S3111R09,S3022R01,unrelated
S3111R09.jpg,S3022R02.jpg,S3111R09,S3022R02,unrelated
S3111R09.jpg,S3101L08.jpg,S3111R09,S3101L08,unrelated
S3111R09.jpg,S3101L04.jpg,S3111R09,S3101L04,unrelated
S3111R09.jpg,S3101L02.jpg,S3111R09,S3101L02,unrelated
S3111R09.jpg,S3101L09.jpg,S3111R09,S3101L09,unrelated
S3111R09.jpg,S3101L10.jpg,S3111R09,S3101L10,unrelated
S3111R09.jpg,S3101R07.jpg,S3111R09,S3101R07,unrelated
S3111R09.jpg,S3101R04.jpg,S3111R09,S3101R04,unrelated
S3111R09.jpg,S3101R03.jpg,S3111R09,S3101R03,unrelated
S3111R09.jpg,S3101R02.jpg,S3111R09,S3101R02,unrelated
S3111R09.jpg,S3101R05.jpg,S3111R09,S3101R05,unrelated
S3111R09.jpg,S3102L10.jpg,S3111R09,S3102L10,unrelated
S3111R09.jpg,S3102L09.jpg,S3111R09,S3102L09,unrelated
S3111R09.jpg,S3102L01.jpg,S3111R09,S3102L01,unrelated
S3111R09.jpg,S3102L07.jpg,S3111R09,S3102L07,unrelated
S3111R09.jpg,S3102L06.jpg,S3111R09,S3102L06,unrelated
S3111R09.jpg,S3102R07.jpg,S3111R09,S3102R07,unrelated
S3111R09.jpg,S3102R08.jpg,S3111R09,S3102R08,unrelated
S3111R09.jpg,S3102R02.jpg,S3111R09,S3102R02,unrelated
S3111R09.jpg,S3102R06.jpg,S3111R09,S3102R06,unrelated
S3111R09.jpg,S3102R09.jpg,S3111R09,S3102R09,unrelated
S3111R09.jpg,S3151L06.jpg,S3111R09,S3151L06,unrelated
S3111R09.jpg,S3151L04.jpg,S3111R09,S3151L04,unrelated
S3111R09.jpg,S3151L03.jpg,S3111R09,S3151L03,unrelated
S3111R09.jpg,S3151L05.jpg,S3111R09,S3151L05,unrelated
S3111R09.jpg,S3151L07.jpg,S3111R09,S3151L07,unrelated
S3111R09.jpg,S3151R03.jpg,S3111R09,S3151R03,unrelated
S3111R09.jpg,S3151R01.jpg,S3111R09,S3151R01,unrelated
S3111R09.jpg,S3151R02.jpg,S3111R09,S3151R02,unrelated
S3111R09.jpg,S3152R04.jpg,S3111R09,S3152R04,unrelated
S3111R09.jpg,S3152R03.jpg,S3111R09,S3152R03,unrelated
S3111R09.jpg,S3152R02.jpg,S3111R09,S3152R02,unrelated
S3111R09.jpg,S3152R07.jpg,S3111R09,S3152R07,unrelated
S3111R09.jpg,S3181R04.jpg,S3111R09,S3181R04,unrelated
S3111R09.jpg,S3181R05.jpg,S3111R09,S3181R05,unrelated
S3111R09.jpg,S3182L01.jpg,S3111R09,S3182L01,unrelated
S3111R09.jpg,S3182R05.jpg,S3111R09,S3182R05,unrelated
S3111R09.jpg,S3182R06.jpg,S3111R09,S3182R06,unrelated
S3111R09.jpg,S3182R04.jpg,S3111R09,S3182R04,unrelated
S3111R09.jpg,S3182R03.jpg,S3111R09,S3182R03,unrelated
S3111R09.jpg,S3182R07.jpg,S3111R09,S3182R07,unrelated
S3111R09.jpg,S3141L03.jpg,S3111R09,S3141L03,unrelated
S3111R09.jpg,S3141R07.jpg,S3111R09,S3141R07,unrelated
S3111R09.jpg,S3141R10.jpg,S3111R09,S3141R10,unrelated
S3111R09.jpg,S3141R04.jpg,S3111R09,S3141R04,unrelated
S3111R09.jpg,S3141R06.jpg,S3111R09,S3141R06,unrelated
S3111R09.jpg,S3142L03.jpg,S3111R09,S3142L03,unrelated
S3111R09.jpg,S3142L02.jpg,S3111R09,S3142L02,unrelated
S3111R09.jpg,S3142L04.jpg,S3111R09,S3142L04,unrelated
S3111R09.jpg,S3142L07.jpg,S3111R09,S3142L07,unrelated
S3111R09.jpg,S3142R08.jpg,S3111R09,S3142R08,unrelated
S3111R09.jpg,S3142R07.jpg,S3111R09,S3142R07,unrelated
S3111R09.jpg,S3142R10.jpg,S3111R09,S3142R10,unrelated
S3111R09.jpg,S3142R09.jpg,S3111R09,S3142R09,unrelated
S3111R09.jpg,S3121L03.jpg,S3111R09,S3121L03,unrelated
S3111R09.jpg,S3121L02.jpg,S3111R09,S3121L02,unrelated
S3111R09.jpg,S3121L01.jpg,S3111R09,S3121L01,unrelated
S3111R09.jpg,S3121R04.jpg,S3111R09,S3121R04,unrelated
S3111R09.jpg,S3121R02.jpg,S3111R09,S3121R02,unrelated
S3111R09.jpg,S3121R01.jpg,S3111R09,S3121R01,unrelated
S3111R09.jpg,S3121R08.jpg,S3111R09,S3121R08,unrelated
S3111R09.jpg,S3121R07.jpg,S3111R09,S3121R07,unrelated
S3111R09.jpg,S3122L09.jpg,S3111R09,S3122L09,unrelated
S3111R09.jpg,S3122L07.jpg,S3111R09,S3122L07,unrelated
S3111R09.jpg,S3122L10.jpg,S3111R09,S3122L10,unrelated
S3111R09.jpg,S3122L01.jpg,S3111R09,S3122L01,unrelated
S3111R09.jpg,S3122L05.jpg,S3111R09,S3122L05,unrelated
S3111R09.jpg,S3122R02.jpg,S3111R09,S3122R02,unrelated
S3111R09.jpg,S3122R04.jpg,S3111R09,S3122R04,unrelated
S3111R09.jpg,S3122R03.jpg,S3111R09,S3122R03,unrelated
S3111R09.jpg,S3122R01.jpg,S3111R09,S3122R01,unrelated
S3111R09.jpg,S3051L07.jpg,S3111R09,S3051L07,unrelated
S3111R09.jpg,S3051L08.jpg,S3111R09,S3051L08,unrelated
S3111R09.jpg,S3051L10.jpg,S3111R09,S3051L10,unrelated
S3111R09.jpg,S3051L06.jpg,S3111R09,S3051L06,unrelated
S3111R09.jpg,S3051R01.jpg,S3111R09,S3051R01,unrelated
S3111R09.jpg,S3051R03.jpg,S3111R09,S3051R03,unrelated
S3111R09.jpg,S3052L01.jpg,S3111R09,S3052L01,unrelated
S3111R09.jpg,S3052L02.jpg,S3111R09,S3052L02,unrelated
S3111R09.jpg,S3052L03.jpg,S3111R09,S3052L03,unrelated
S3111R09.jpg,S3052R01.jpg,S3111R09,S3052R01,unrelated
S3111R09.jpg,S3011L07.jpg,S3111R09,S3011L07,unrelated
S3111R09.jpg,S3011R01.jpg,S3111R09,S3011R01,unrelated
S3111R09.jpg,S3011R02.jpg,S3111R09,S3011R02,unrelated
S3111R09.jpg,S3012L07.jpg,S3111R09,S3012L07,unrelated
S3111R09.jpg,S3012L02.jpg,S3111R09,S3012L02,unrelated
S3111R09.jpg,S3012R07.jpg,S3111R09,S3012R07,unrelated
S3111R01.jpg,S3111R05.jpg,S3111R01,S3111R05,genuine
S3111R01.jpg,S3112L10.jpg,S3111R01,S3112L10,twin_cross_eye
S3111R01.jpg,S3171L10.jpg,S3111R01,S3171L10,unrelated
S3111R01.jpg,S3172L07.jpg,S3111R01,S3172L07,unrelated
S3111R01.jpg,S3172R02.jpg,S3111R01,S3172R02,unrelated
S3111R01.jpg,S3092L03.jpg,S3111R01,S3092L03,unrelated
S3111R01.jpg,S3092L01.jpg,S3111R01,S3092L01,unrelated
S3111R01.jpg,S3092L02.jpg,S3111R01,S3092L02,unrelated
S3111R01.jpg,S3092L04.jpg,S3111R01,S3092L04,unrelated
S3111R01.jpg,S3092L05.jpg,S3111R01,S3092L05,unrelated
S3111R01.jpg,S3092R04.jpg,S3111R01,S3092R04,unrelated
S3111R01.jpg,S3092R01.jpg,S3111R01,S3092R01,unrelated
S3111R01.jpg,S3092R03.jpg,S3111R01,S3092R03,unrelated
S3111R01.jpg,S3092R02.jpg,S3111R01,S3092R02,unrelated
S3111R01.jpg,S3092R06.jpg,S3111R01,S3092R06,unrelated
S3111R01.jpg,S3071L06.jpg,S3111R01,S3071L06,unrelated
S3111R01.jpg,S3072L08.jpg,S3111R01,S3072L08,unrelated
S3111R01.jpg,S3072L03.jpg,S3111R01,S3072L03,unrelated
S3111R01.jpg,S3072L06.jpg,S3111R01,S3072L06,unrelated
S3111R01.jpg,S3072L01.jpg,S3111R01,S3072L01,unrelated
S3111R01.jpg,S3072L09.jpg,S3111R01,S3072L09,unrelated
S3111R01.jpg,S3072R08.jpg,S3111R01,S3072R08,unrelated
S3111R01.jpg,S3072R10.jpg,S3111R01,S3072R10,unrelated
S3111R01.jpg,S3162L03.jpg,S3111R01,S3162L03,unrelated
S3111R01.jpg,S3162L01.jpg,S3111R01,S3162L01,unrelated
S3111R01.jpg,S3162L02.jpg,S3111R01,S3162L02,unrelated
S3111R01.jpg,S3162L04.jpg,S3111R01,S3162L04,unrelated
S3111R01.jpg,S3162R09.jpg,S3111R01,S3162R09,unrelated
S3111R01.jpg,S3162R06.jpg,S3111R01,S3162R06,unrelated
S3111R01.jpg,S3162R10.jpg,S3111R01,S3162R10,unrelated
S3111R01.jpg,S3162R08.jpg,S3111R01,S3162R08,unrelated
S3111R01.jpg,S3162R07.jpg,S3111R01,S3162R07,unrelated
S3111R01.jpg,S3131L08.jpg,S3111R01,S3131L08,unrelated
S3111R01.jpg,S3131L10.jpg,S3111R01,S3131L10,unrelated
S3111R01.jpg,S3131R04.jpg,S3111R01,S3131R04,unrelated
S3111R01.jpg,S3131R06.jpg,S3111R01,S3131R06,unrelated
S3111R01.jpg,S3131R05.jpg,S3111R01,S3131R05,unrelated
S3111R01.jpg,S3131R07.jpg,S3111R01,S3131R07,unrelated
S3111R01.jpg,S3132L09.jpg,S3111R01,S3132L09,unrelated
S3111R01.jpg,S3132L08.jpg,S3111R01,S3132L08,unrelated
S3111R01.jpg,S3132L05.jpg,S3111R01,S3132L05,unrelated
S3111R01.jpg,S3132L10.jpg,S3111R01,S3132L10,unrelated
S3111R01.jpg,S3132L04.jpg,S3111R01,S3132L04,unrelated
S3111R01.jpg,S3132R06.jpg,S3111R01,S3132R06,unrelated
S3111R01.jpg,S3132R07.jpg,S3111R01,S3132R07,unrelated
S3111R01.jpg,S3031L06.jpg,S3111R01,S3031L06,unrelated
S3111R01.jpg,S3031R09.jpg,S3111R01,S3031R09,unrelated
S3111R01.jpg,S3032L08.jpg,S3111R01,S3032L08,unrelated
S3111R01.jpg,S3032L10.jpg,S3111R01,S3032L10,unrelated
S3111R01.jpg,S3032L09.jpg,S3111R01,S3032L09,unrelated
S3111R01.jpg,S3032L05.jpg,S3111R01,S3032L05,unrelated
S3111R01.jpg,S3032L06.jpg,S3111R01,S3032L06,unrelated
S3111R01.jpg,S3032R10.jpg,S3111R01,S3032R10,unrelated
S3111R01.jpg,S3032R05.jpg,S3111R01,S3032R05,unrelated
S3111R01.jpg,S3032R04.jpg,S3111R01,S3032R04,unrelated
S3111R01.jpg,S3032R07.jpg,S3111R01,S3032R07,unrelated
S3111R01.jpg,S3032R06.jpg,S3111R01,S3032R06,unrelated
S3111R01.jpg,S3041L03.jpg,S3111R01,S3041L03,unrelated
S3111R01.jpg,S3041L06.jpg,S3111R01,S3041L06,unrelated
S3111R01.jpg,S3041L05.jpg,S3111R01,S3041L05,unrelated
S3111R01.jpg,S3041L04.jpg,S3111R01,S3041L04,unrelated
S3111R01.jpg,S3041R01.jpg,S3111R01,S3041R01,unrelated
S3111R01.jpg,S3042L08.jpg,S3111R01,S3042L08,unrelated
S3111R01.jpg,S3042R07.jpg,S3111R01,S3042R07,unrelated
S3111R01.jpg,S3042R08.jpg,S3111R01,S3042R08,unrelated
S3111R01.jpg,S3002L02.jpg,S3111R01,S3002L02,unrelated
S3111R01.jpg,S3082R05.jpg,S3111R01,S3082R05,unrelated
S3111R01.jpg,S3082R02.jpg,S3111R01,S3082R02,unrelated
S3111R01.jpg,S3082R06.jpg,S3111R01,S3082R06,unrelated
S3111R01.jpg,S3082R01.jpg,S3111R01,S3082R01,unrelated
S3111R01.jpg,S3082R04.jpg,S3111R01,S3082R04,unrelated
S3111R01.jpg,S3061L03.jpg,S3111R01,S3061L03,unrelated
S3111R01.jpg,S3061L02.jpg,S3111R01,S3061L02,unrelated
S3111R01.jpg,S3061R01.jpg,S3111R01,S3061R01,unrelated
S3111R01.jpg,S3061R04.jpg,S3111R01,S3061R04,unrelated
S3111R01.jpg,S3061R07.jpg,S3111R01,S3061R07,unrelated
S3111R01.jpg,S3061R08.jpg,S3111R01,S3061R08,unrelated
S3111R01.jpg,S3062L03.jpg,S3111R01,S3062L03,unrelated
S3111R01.jpg,S3062L05.jpg,S3111R01,S3062L05,unrelated
S3111R01.jpg,S3062L07.jpg,S3111R01,S3062L07,unrelated
S3111R01.jpg,S3062L06.jpg,S3111R01,S3062L06,unrelated
S3111R01.jpg,S3062L04.jpg,S3111R01,S3062L04,unrelated
S3111R01.jpg,S3062R02.jpg,S3111R01,S3062R02,unrelated
S3111R01.jpg,S3062R09.jpg,S3111R01,S3062R09,unrelated
S3111R01.jpg,S3062R10.jpg,S3111R01,S3062R10,unrelated
S3111R01.jpg,S3062R07.jpg,S3111R01,S3062R07,unrelated
S3111R01.jpg,S3062R08.jpg,S3111R01,S3062R08,unrelated
S3111R01.jpg,S3021L04.jpg,S3111R01,S3021L04,unrelated
S3111R01.jpg,S3021L03.jpg,S3111R01,S3021L03,unrelated
S3111R01.jpg,S3021L06.jpg,S3111R01,S3021L06,unrelated
S3111R01.jpg,S3021L02.jpg,S3111R01,S3021L02,unrelated
S3111R01.jpg,S3021L01.jpg,S3111R01,S3021L01,unrelated
S3111R01.jpg,S3021R09.jpg,S3111R01,S3021R09,unrelated
S3111R01.jpg,S3021R01.jpg,S3111R01,S3021R01,unrelated
S3111R01.jpg,S3021R02.jpg,S3111R01,S3021R02,unrelated
S3111R01.jpg,S3021R07.jpg,S3111R01,S3021R07,unrelated
S3111R01.jpg,S3021R06.jpg,S3111R01,S3021R06,unrelated
S3111R01.jpg,S3022L01.jpg,S3111R01,S3022L01,unrelated
S3111R01.jpg,S3022R01.jpg,S3111R01,S3022R01,unrelated
S3111R01.jpg,S3022R02.jpg,S3111R01,S3022R02,unrelated
S3111R01.jpg,S3101L08.jpg,S3111R01,S3101L08,unrelated
S3111R01.jpg,S3101L04.jpg,S3111R01,S3101L04,unrelated
S3111R01.jpg,S3101L02.jpg,S3111R01,S3101L02,unrelated
S3111R01.jpg,S3101L09.jpg,S3111R01,S3101L09,unrelated
S3111R01.jpg,S3101L10.jpg,S3111R01,S3101L10,unrelated
S3111R01.jpg,S3101R07.jpg,S3111R01,S3101R07,unrelated
S3111R01.jpg,S3101R04.jpg,S3111R01,S3101R04,unrelated
S3111R01.jpg,S3101R03.jpg,S3111R01,S3101R03,unrelated
S3111R01.jpg,S3101R02.jpg,S3111R01,S3101R02,unrelated
S3111R01.jpg,S3101R05.jpg,S3111R01,S3101R05,unrelated
S3111R01.jpg,S3102L10.jpg,S3111R01,S3102L10,unrelated
S3111R01.jpg,S3102L09.jpg,S3111R01,S3102L09,unrelated
S3111R01.jpg,S3102L01.jpg,S3111R01,S3102L01,unrelated
S3111R01.jpg,S3102L07.jpg,S3111R01,S3102L07,unrelated
S3111R01.jpg,S3102L06.jpg,S3111R01,S3102L06,unrelated
S3111R01.jpg,S3102R07.jpg,S3111R01,S3102R07,unrelated
S3111R01.jpg,S3102R08.jpg,S3111R01,S3102R08,unrelated
S3111R01.jpg,S3102R02.jpg,S3111R01,S3102R02,unrelated
S3111R01.jpg,S3102R06.jpg,S3111R01,S3102R06,unrelated
S3111R01.jpg,S3102R09.jpg,S3111R01,S3102R09,unrelated
S3111R01.jpg,S3151L06.jpg,S3111R01,S3151L06,unrelated
S3111R01.jpg,S3151L04.jpg,S3111R01,S3151L04,unrelated
S3111R01.jpg,S3151L03.jpg,S3111R01,S3151L03,unrelated
S3111R01.jpg,S3151L05.jpg,S3111R01,S3151L05,unrelated
S3111R01.jpg,S3151L07.jpg,S3111R01,S3151L07,unrelated
S3111R01.jpg,S3151R03.jpg,S3111R01,S3151R03,unrelated
S3111R01.jpg,S3151R01.jpg,S3111R01,S3151R01,unrelated
S3111R01.jpg,S3151R02.jpg,S3111R01,S3151R02,unrelated
S3111R01.jpg,S3152R04.jpg,S3111R01,S3152R04,unrelated
S3111R01.jpg,S3152R03.jpg,S3111R01,S3152R03,unrelated
S3111R01.jpg,S3152R02.jpg,S3111R01,S3152R02,unrelated
S3111R01.jpg,S3152R07.jpg,S3111R01,S3152R07,unrelated
S3111R01.jpg,S3181R04.jpg,S3111R01,S3181R04,unrelated
S3111R01.jpg,S3181R05.jpg,S3111R01,S3181R05,unrelated
S3111R01.jpg,S3182L01.jpg,S3111R01,S3182L01,unrelated
S3111R01.jpg,S3182R05.jpg,S3111R01,S3182R05,unrelated
S3111R01.jpg,S3182R06.jpg,S3111R01,S3182R06,unrelated
S3111R01.jpg,S3182R04.jpg,S3111R01,S3182R04,unrelated
S3111R01.jpg,S3182R03.jpg,S3111R01,S3182R03,unrelated
S3111R01.jpg,S3182R07.jpg,S3111R01,S3182R07,unrelated
S3111R01.jpg,S3141L03.jpg,S3111R01,S3141L03,unrelated
S3111R01.jpg,S3141R07.jpg,S3111R01,S3141R07,unrelated
S3111R01.jpg,S3141R10.jpg,S3111R01,S3141R10,unrelated
S3111R01.jpg,S3141R04.jpg,S3111R01,S3141R04,unrelated
S3111R01.jpg,S3141R06.jpg,S3111R01,S3141R06,unrelated
S3111R01.jpg,S3142L03.jpg,S3111R01,S3142L03,unrelated
S3111R01.jpg,S3142L02.jpg,S3111R01,S3142L02,unrelated
S3111R01.jpg,S3142L04.jpg,S3111R01,S3142L04,unrelated
S3111R01.jpg,S3142L07.jpg,S3111R01,S3142L07,unrelated
S3111R01.jpg,S3142R08.jpg,S3111R01,S3142R08,unrelated
S3111R01.jpg,S3142R07.jpg,S3111R01,S3142R07,unrelated
S3111R01.jpg,S3142R10.jpg,S3111R01,S3142R10,unrelated
S3111R01.jpg,S3142R09.jpg,S3111R01,S3142R09,unrelated
S3111R01.jpg,S3121L03.jpg,S3111R01,S3121L03,unrelated
S3111R01.jpg,S3121L02.jpg,S3111R01,S3121L02,unrelated
S3111R01.jpg,S3121L01.jpg,S3111R01,S3121L01,unrelated
S3111R01.jpg,S3121R04.jpg,S3111R01,S3121R04,unrelated
S3111R01.jpg,S3121R02.jpg,S3111R01,S3121R02,unrelated
S3111R01.jpg,S3121R01.jpg,S3111R01,S3121R01,unrelated
S3111R01.jpg,S3121R08.jpg,S3111R01,S3121R08,unrelated
S3111R01.jpg,S3121R07.jpg,S3111R01,S3121R07,unrelated
S3111R01.jpg,S3122L09.jpg,S3111R01,S3122L09,unrelated
S3111R01.jpg,S3122L07.jpg,S3111R01,S3122L07,unrelated
S3111R01.jpg,S3122L10.jpg,S3111R01,S3122L10,unrelated
S3111R01.jpg,S3122L01.jpg,S3111R01,S3122L01,unrelated
S3111R01.jpg,S3122L05.jpg,S3111R01,S3122L05,unrelated
S3111R01.jpg,S3122R02.jpg,S3111R01,S3122R02,unrelated
S3111R01.jpg,S3122R04.jpg,S3111R01,S3122R04,unrelated
S3111R01.jpg,S3122R03.jpg,S3111R01,S3122R03,unrelated
S3111R01.jpg,S3122R01.jpg,S3111R01,S3122R01,unrelated
S3111R01.jpg,S3051L07.jpg,S3111R01,S3051L07,unrelated
S3111R01.jpg,S3051L08.jpg,S3111R01,S3051L08,unrelated
S3111R01.jpg,S3051L10.jpg,S3111R01,S3051L10,unrelated
S3111R01.jpg,S3051L06.jpg,S3111R01,S3051L06,unrelated
S3111R01.jpg,S3051R01.jpg,S3111R01,S3051R01,unrelated
S3111R01.jpg,S3051R03.jpg,S3111R01,S3051R03,unrelated
S3111R01.jpg,S3052L01.jpg,S3111R01,S3052L01,unrelated
S3111R01.jpg,S3052L02.jpg,S3111R01,S3052L02,unrelated
S3111R01.jpg,S3052L03.jpg,S3111R01,S3052L03,unrelated
S3111R01.jpg,S3052R01.jpg,S3111R01,S3052R01,unrelated
S3111R01.jpg,S3011L07.jpg,S3111R01,S3011L07,unrelated
S3111R01.jpg,S3011R01.jpg,S3111R01,S3011R01,unrelated
S3111R01.jpg,S3011R02.jpg,S3111R01,S3011R02,unrelated
S3111R01.jpg,S3012L07.jpg,S3111R01,S3012L07,unrelated
S3111R01.jpg,S3012L02.jpg,S3111R01,S3012L02,unrelated
S3111R01.jpg,S3012R07.jpg,S3111R01,S3012R07,unrelated
S3111R05.jpg,S3112L10.jpg,S3111R05,S3112L10,twin_cross_eye
S3111R05.jpg,S3171L10.jpg,S3111R05,S3171L10,unrelated
S3111R05.jpg,S3172L07.jpg,S3111R05,S3172L07,unrelated
S3111R05.jpg,S3172R02.jpg,S3111R05,S3172R02,unrelated
S3111R05.jpg,S3092L03.jpg,S3111R05,S3092L03,unrelated
S3111R05.jpg,S3092L01.jpg,S3111R05,S3092L01,unrelated
S3111R05.jpg,S3092L02.jpg,S3111R05,S3092L02,unrelated
S3111R05.jpg,S3092L04.jpg,S3111R05,S3092L04,unrelated
S3111R05.jpg,S3092L05.jpg,S3111R05,S3092L05,unrelated
S3111R05.jpg,S3092R04.jpg,S3111R05,S3092R04,unrelated
S3111R05.jpg,S3092R01.jpg,S3111R05,S3092R01,unrelated
S3111R05.jpg,S3092R03.jpg,S3111R05,S3092R03,unrelated
S3111R05.jpg,S3092R02.jpg,S3111R05,S3092R02,unrelated
S3111R05.jpg,S3092R06.jpg,S3111R05,S3092R06,unrelated
S3111R05.jpg,S3071L06.jpg,S3111R05,S3071L06,unrelated
S3111R05.jpg,S3072L08.jpg,S3111R05,S3072L08,unrelated
S3111R05.jpg,S3072L03.jpg,S3111R05,S3072L03,unrelated
S3111R05.jpg,S3072L06.jpg,S3111R05,S3072L06,unrelated
S3111R05.jpg,S3072L01.jpg,S3111R05,S3072L01,unrelated
S3111R05.jpg,S3072L09.jpg,S3111R05,S3072L09,unrelated
S3111R05.jpg,S3072R08.jpg,S3111R05,S3072R08,unrelated
S3111R05.jpg,S3072R10.jpg,S3111R05,S3072R10,unrelated
S3111R05.jpg,S3162L03.jpg,S3111R05,S3162L03,unrelated
S3111R05.jpg,S3162L01.jpg,S3111R05,S3162L01,unrelated
S3111R05.jpg,S3162L02.jpg,S3111R05,S3162L02,unrelated
S3111R05.jpg,S3162L04.jpg,S3111R05,S3162L04,unrelated
S3111R05.jpg,S3162R09.jpg,S3111R05,S3162R09,unrelated
S3111R05.jpg,S3162R06.jpg,S3111R05,S3162R06,unrelated
S3111R05.jpg,S3162R10.jpg,S3111R05,S3162R10,unrelated
S3111R05.jpg,S3162R08.jpg,S3111R05,S3162R08,unrelated
S3111R05.jpg,S3162R07.jpg,S3111R05,S3162R07,unrelated
S3111R05.jpg,S3131L08.jpg,S3111R05,S3131L08,unrelated
S3111R05.jpg,S3131L10.jpg,S3111R05,S3131L10,unrelated
S3111R05.jpg,S3131R04.jpg,S3111R05,S3131R04,unrelated
S3111R05.jpg,S3131R06.jpg,S3111R05,S3131R06,unrelated
S3111R05.jpg,S3131R05.jpg,S3111R05,S3131R05,unrelated
S3111R05.jpg,S3131R07.jpg,S3111R05,S3131R07,unrelated
S3111R05.jpg,S3132L09.jpg,S3111R05,S3132L09,unrelated
S3111R05.jpg,S3132L08.jpg,S3111R05,S3132L08,unrelated
S3111R05.jpg,S3132L05.jpg,S3111R05,S3132L05,unrelated
S3111R05.jpg,S3132L10.jpg,S3111R05,S3132L10,unrelated
S3111R05.jpg,S3132L04.jpg,S3111R05,S3132L04,unrelated
S3111R05.jpg,S3132R06.jpg,S3111R05,S3132R06,unrelated
S3111R05.jpg,S3132R07.jpg,S3111R05,S3132R07,unrelated
S3111R05.jpg,S3031L06.jpg,S3111R05,S3031L06,unrelated
S3111R05.jpg,S3031R09.jpg,S3111R05,S3031R09,unrelated
S3111R05.jpg,S3032L08.jpg,S3111R05,S3032L08,unrelated
S3111R05.jpg,S3032L10.jpg,S3111R05,S3032L10,unrelated
S3111R05.jpg,S3032L09.jpg,S3111R05,S3032L09,unrelated
S3111R05.jpg,S3032L05.jpg,S3111R05,S3032L05,unrelated
S3111R05.jpg,S3032L06.jpg,S3111R05,S3032L06,unrelated
S3111R05.jpg,S3032R10.jpg,S3111R05,S3032R10,unrelated
S3111R05.jpg,S3032R05.jpg,S3111R05,S3032R05,unrelated
S3111R05.jpg,S3032R04.jpg,S3111R05,S3032R04,unrelated
S3111R05.jpg,S3032R07.jpg,S3111R05,S3032R07,unrelated
S3111R05.jpg,S3032R06.jpg,S3111R05,S3032R06,unrelated
S3111R05.jpg,S3041L03.jpg,S3111R05,S3041L03,unrelated
S3111R05.jpg,S3041L06.jpg,S3111R05,S3041L06,unrelated
S3111R05.jpg,S3041L05.jpg,S3111R05,S3041L05,unrelated
S3111R05.jpg,S3041L04.jpg,S3111R05,S3041L04,unrelated
S3111R05.jpg,S3041R01.jpg,S3111R05,S3041R01,unrelated
S3111R05.jpg,S3042L08.jpg,S3111R05,S3042L08,unrelated
S3111R05.jpg,S3042R07.jpg,S3111R05,S3042R07,unrelated
S3111R05.jpg,S3042R08.jpg,S3111R05,S3042R08,unrelated
S3111R05.jpg,S3002L02.jpg,S3111R05,S3002L02,unrelated
S3111R05.jpg,S3082R05.jpg,S3111R05,S3082R05,unrelated
S3111R05.jpg,S3082R02.jpg,S3111R05,S3082R02,unrelated
S3111R05.jpg,S3082R06.jpg,S3111R05,S3082R06,unrelated
S3111R05.jpg,S3082R01.jpg,S3111R05,S3082R01,unrelated
S3111R05.jpg,S3082R04.jpg,S3111R05,S3082R04,unrelated
S3111R05.jpg,S3061L03.jpg,S3111R05,S3061L03,unrelated
S3111R05.jpg,S3061L02.jpg,S3111R05,S3061L02,unrelated
S3111R05.jpg,S3061R01.jpg,S3111R05,S3061R01,unrelated
S3111R05.jpg,S3061R04.jpg,S3111R05,S3061R04,unrelated
S3111R05.jpg,S3061R07.jpg,S3111R05,S3061R07,unrelated
S3111R05.jpg,S3061R08.jpg,S3111R05,S3061R08,unrelated
S3111R05.jpg,S3062L03.jpg,S3111R05,S3062L03,unrelated
S3111R05.jpg,S3062L05.jpg,S3111R05,S3062L05,unrelated
S3111R05.jpg,S3062L07.jpg,S3111R05,S3062L07,unrelated
S3111R05.jpg,S3062L06.jpg,S3111R05,S3062L06,unrelated
S3111R05.jpg,S3062L04.jpg,S3111R05,S3062L04,unrelated
S3111R05.jpg,S3062R02.jpg,S3111R05,S3062R02,unrelated
S3111R05.jpg,S3062R09.jpg,S3111R05,S3062R09,unrelated
S3111R05.jpg,S3062R10.jpg,S3111R05,S3062R10,unrelated
S3111R05.jpg,S3062R07.jpg,S3111R05,S3062R07,unrelated
S3111R05.jpg,S3062R08.jpg,S3111R05,S3062R08,unrelated
S3111R05.jpg,S3021L04.jpg,S3111R05,S3021L04,unrelated
S3111R05.jpg,S3021L03.jpg,S3111R05,S3021L03,unrelated
S3111R05.jpg,S3021L06.jpg,S3111R05,S3021L06,unrelated
S3111R05.jpg,S3021L02.jpg,S3111R05,S3021L02,unrelated
S3111R05.jpg,S3021L01.jpg,S3111R05,S3021L01,unrelated
S3111R05.jpg,S3021R09.jpg,S3111R05,S3021R09,unrelated
S3111R05.jpg,S3021R01.jpg,S3111R05,S3021R01,unrelated
S3111R05.jpg,S3021R02.jpg,S3111R05,S3021R02,unrelated
S3111R05.jpg,S3021R07.jpg,S3111R05,S3021R07,unrelated
S3111R05.jpg,S3021R06.jpg,S3111R05,S3021R06,unrelated
S3111R05.jpg,S3022L01.jpg,S3111R05,S3022L01,unrelated
S3111R05.jpg,S3022R01.jpg,S3111R05,S3022R01,unrelated
S3111R05.jpg,S3022R02.jpg,S3111R05,S3022R02,unrelated
S3111R05.jpg,S3101L08.jpg,S3111R05,S3101L08,unrelated
S3111R05.jpg,S3101L04.jpg,S3111R05,S3101L04,unrelated
S3111R05.jpg,S3101L02.jpg,S3111R05,S3101L02,unrelated
S3111R05.jpg,S3101L09.jpg,S3111R05,S3101L09,unrelated
S3111R05.jpg,S3101L10.jpg,S3111R05,S3101L10,unrelated
S3111R05.jpg,S3101R07.jpg,S3111R05,S3101R07,unrelated
S3111R05.jpg,S3101R04.jpg,S3111R05,S3101R04,unrelated
S3111R05.jpg,S3101R03.jpg,S3111R05,S3101R03,unrelated
S3111R05.jpg,S3101R02.jpg,S3111R05,S3101R02,unrelated
S3111R05.jpg,S3101R05.jpg,S3111R05,S3101R05,unrelated
S3111R05.jpg,S3102L10.jpg,S3111R05,S3102L10,unrelated
S3111R05.jpg,S3102L09.jpg,S3111R05,S3102L09,unrelated
S3111R05.jpg,S3102L01.jpg,S3111R05,S3102L01,unrelated
S3111R05.jpg,S3102L07.jpg,S3111R05,S3102L07,unrelated
S3111R05.jpg,S3102L06.jpg,S3111R05,S3102L06,unrelated
S3111R05.jpg,S3102R07.jpg,S3111R05,S3102R07,unrelated
S3111R05.jpg,S3102R08.jpg,S3111R05,S3102R08,unrelated
S3111R05.jpg,S3102R02.jpg,S3111R05,S3102R02,unrelated
S3111R05.jpg,S3102R06.jpg,S3111R05,S3102R06,unrelated
S3111R05.jpg,S3102R09.jpg,S3111R05,S3102R09,unrelated
S3111R05.jpg,S3151L06.jpg,S3111R05,S3151L06,unrelated
S3111R05.jpg,S3151L04.jpg,S3111R05,S3151L04,unrelated
S3111R05.jpg,S3151L03.jpg,S3111R05,S3151L03,unrelated
S3111R05.jpg,S3151L05.jpg,S3111R05,S3151L05,unrelated
S3111R05.jpg,S3151L07.jpg,S3111R05,S3151L07,unrelated
S3111R05.jpg,S3151R03.jpg,S3111R05,S3151R03,unrelated
S3111R05.jpg,S3151R01.jpg,S3111R05,S3151R01,unrelated
S3111R05.jpg,S3151R02.jpg,S3111R05,S3151R02,unrelated
S3111R05.jpg,S3152R04.jpg,S3111R05,S3152R04,unrelated
S3111R05.jpg,S3152R03.jpg,S3111R05,S3152R03,unrelated
S3111R05.jpg,S3152R02.jpg,S3111R05,S3152R02,unrelated
S3111R05.jpg,S3152R07.jpg,S3111R05,S3152R07,unrelated
S3111R05.jpg,S3181R04.jpg,S3111R05,S3181R04,unrelated
S3111R05.jpg,S3181R05.jpg,S3111R05,S3181R05,unrelated
S3111R05.jpg,S3182L01.jpg,S3111R05,S3182L01,unrelated
S3111R05.jpg,S3182R05.jpg,S3111R05,S3182R05,unrelated
S3111R05.jpg,S3182R06.jpg,S3111R05,S3182R06,unrelated
S3111R05.jpg,S3182R04.jpg,S3111R05,S3182R04,unrelated
S3111R05.jpg,S3182R03.jpg,S3111R05,S3182R03,unrelated
S3111R05.jpg,S3182R07.jpg,S3111R05,S3182R07,unrelated
S3111R05.jpg,S3141L03.jpg,S3111R05,S3141L03,unrelated
S3111R05.jpg,S3141R07.jpg,S3111R05,S3141R07,unrelated
S3111R05.jpg,S3141R10.jpg,S3111R05,S3141R10,unrelated
S3111R05.jpg,S3141R04.jpg,S3111R05,S3141R04,unrelated
S3111R05.jpg,S3141R06.jpg,S3111R05,S3141R06,unrelated
S3111R05.jpg,S3142L03.jpg,S3111R05,S3142L03,unrelated
S3111R05.jpg,S3142L02.jpg,S3111R05,S3142L02,unrelated
S3111R05.jpg,S3142L04.jpg,S3111R05,S3142L04,unrelated
S3111R05.jpg,S3142L07.jpg,S3111R05,S3142L07,unrelated
S3111R05.jpg,S3142R08.jpg,S3111R05,S3142R08,unrelated
S3111R05.jpg,S3142R07.jpg,S3111R05,S3142R07,unrelated
S3111R05.jpg,S3142R10.jpg,S3111R05,S3142R10,unrelated
S3111R05.jpg,S3142R09.jpg,S3111R05,S3142R09,unrelated
S3111R05.jpg,S3121L03.jpg,S3111R05,S3121L03,unrelated
S3111R05.jpg,S3121L02.jpg,S3111R05,S3121L02,unrelated
S3111R05.jpg,S3121L01.jpg,S3111R05,S3121L01,unrelated
S3111R05.jpg,S3121R04.jpg,S3111R05,S3121R04,unrelated
S3111R05.jpg,S3121R02.jpg,S3111R05,S3121R02,unrelated
S3111R05.jpg,S3121R01.jpg,S3111R05,S3121R01,unrelated
S3111R05.jpg,S3121R08.jpg,S3111R05,S3121R08,unrelated
S3111R05.jpg,S3121R07.jpg,S3111R05,S3121R07,unrelated
S3111R05.jpg,S3122L09.jpg,S3111R05,S3122L09,unrelated
S3111R05.jpg,S3122L07.jpg,S3111R05,S3122L07,unrelated
S3111R05.jpg,S3122L10.jpg,S3111R05,S3122L10,unrelated
S3111R05.jpg,S3122L01.jpg,S3111R05,S3122L01,unrelated
S3111R05.jpg,S3122L05.jpg,S3111R05,S3122L05,unrelated
S3111R05.jpg,S3122R02.jpg,S3111R05,S3122R02,unrelated
S3111R05.jpg,S3122R04.jpg,S3111R05,S3122R04,unrelated
S3111R05.jpg,S3122R03.jpg,S3111R05,S3122R03,unrelated
S3111R05.jpg,S3122R01.jpg,S3111R05,S3122R01,unrelated
S3111R05.jpg,S3051L07.jpg,S3111R05,S3051L07,unrelated
S3111R05.jpg,S3051L08.jpg,S3111R05,S3051L08,unrelated
S3111R05.jpg,S3051L10.jpg,S3111R05,S3051L10,unrelated
S3111R05.jpg,S3051L06.jpg,S3111R05,S3051L06,unrelated
S3111R05.jpg,S3051R01.jpg,S3111R05,S3051R01,unrelated
S3111R05.jpg,S3051R03.jpg,S3111R05,S3051R03,unrelated
S3111R05.jpg,S3052L01.jpg,S3111R05,S3052L01,unrelated
S3111R05.jpg,S3052L02.jpg,S3111R05,S3052L02,unrelated
S3111R05.jpg,S3052L03.jpg,S3111R05,S3052L03,unrelated
S3111R05.jpg,S3052R01.jpg,S3111R05,S3052R01,unrelated
S3111R05.jpg,S3011L07.jpg,S3111R05,S3011L07,unrelated
S3111R05.jpg,S3011R01.jpg,S3111R05,S3011R01,unrelated
S3111R05.jpg,S3011R02.jpg,S3111R05,S3011R02,unrelated
S3111R05.jpg,S3012L07.jpg,S3111R05,S3012L07,unrelated
S3111R05.jpg,S3012L02.jpg,S3111R05,S3012L02,unrelated
S3111R05.jpg,S3012R07.jpg,S3111R05,S3012R07,unrelated
S3112L10.jpg,S3171L10.jpg,S3112L10,S3171L10,unrelated
S3112L10.jpg,S3172L07.jpg,S3112L10,S3172L07,unrelated
S3112L10.jpg,S3172R02.jpg,S3112L10,S3172R02,unrelated
S3112L10.jpg,S3092L03.jpg,S3112L10,S3092L03,unrelated
S3112L10.jpg,S3092L01.jpg,S3112L10,S3092L01,unrelated
S3112L10.jpg,S3092L02.jpg,S3112L10,S3092L02,unrelated
S3112L10.jpg,S3092L04.jpg,S3112L10,S3092L04,unrelated
S3112L10.jpg,S3092L05.jpg,S3112L10,S3092L05,unrelated
S3112L10.jpg,S3092R04.jpg,S3112L10,S3092R04,unrelated
S3112L10.jpg,S3092R01.jpg,S3112L10,S3092R01,unrelated
S3112L10.jpg,S3092R03.jpg,S3112L10,S3092R03,unrelated
S3112L10.jpg,S3092R02.jpg,S3112L10,S3092R02,unrelated
S3112L10.jpg,S3092R06.jpg,S3112L10,S3092R06,unrelated
S3112L10.jpg,S3071L06.jpg,S3112L10,S3071L06,unrelated
S3112L10.jpg,S3072L08.jpg,S3112L10,S3072L08,unrelated
S3112L10.jpg,S3072L03.jpg,S3112L10,S3072L03,unrelated
S3112L10.jpg,S3072L06.jpg,S3112L10,S3072L06,unrelated
S3112L10.jpg,S3072L01.jpg,S3112L10,S3072L01,unrelated
S3112L10.jpg,S3072L09.jpg,S3112L10,S3072L09,unrelated
S3112L10.jpg,S3072R08.jpg,S3112L10,S3072R08,unrelated
S3112L10.jpg,S3072R10.jpg,S3112L10,S3072R10,unrelated
S3112L10.jpg,S3162L03.jpg,S3112L10,S3162L03,unrelated
S3112L10.jpg,S3162L01.jpg,S3112L10,S3162L01,unrelated
S3112L10.jpg,S3162L02.jpg,S3112L10,S3162L02,unrelated
S3112L10.jpg,S3162L04.jpg,S3112L10,S3162L04,unrelated
S3112L10.jpg,S3162R09.jpg,S3112L10,S3162R09,unrelated
S3112L10.jpg,S3162R06.jpg,S3112L10,S3162R06,unrelated
S3112L10.jpg,S3162R10.jpg,S3112L10,S3162R10,unrelated
S3112L10.jpg,S3162R08.jpg,S3112L10,S3162R08,unrelated
S3112L10.jpg,S3162R07.jpg,S3112L10,S3162R07,unrelated
S3112L10.jpg,S3131L08.jpg,S3112L10,S3131L08,unrelated
S3112L10.jpg,S3131L10.jpg,S3112L10,S3131L10,unrelated
S3112L10.jpg,S3131R04.jpg,S3112L10,S3131R04,unrelated
S3112L10.jpg,S3131R06.jpg,S3112L10,S3131R06,unrelated
S3112L10.jpg,S3131R05.jpg,S3112L10,S3131R05,unrelated
S3112L10.jpg,S3131R07.jpg,S3112L10,S3131R07,unrelated
S3112L10.jpg,S3132L09.jpg,S3112L10,S3132L09,unrelated
S3112L10.jpg,S3132L08.jpg,S3112L10,S3132L08,unrelated
S3112L10.jpg,S3132L05.jpg,S3112L10,S3132L05,unrelated
S3112L10.jpg,S3132L10.jpg,S3112L10,S3132L10,unrelated
S3112L10.jpg,S3132L04.jpg,S3112L10,S3132L04,unrelated
S3112L10.jpg,S3132R06.jpg,S3112L10,S3132R06,unrelated
S3112L10.jpg,S3132R07.jpg,S3112L10,S3132R07,unrelated
S3112L10.jpg,S3031L06.jpg,S3112L10,S3031L06,unrelated
S3112L10.jpg,S3031R09.jpg,S3112L10,S3031R09,unrelated
S3112L10.jpg,S3032L08.jpg,S3112L10,S3032L08,unrelated
S3112L10.jpg,S3032L10.jpg,S3112L10,S3032L10,unrelated
S3112L10.jpg,S3032L09.jpg,S3112L10,S3032L09,unrelated
S3112L10.jpg,S3032L05.jpg,S3112L10,S3032L05,unrelated
S3112L10.jpg,S3032L06.jpg,S3112L10,S3032L06,unrelated
S3112L10.jpg,S3032R10.jpg,S3112L10,S3032R10,unrelated
S3112L10.jpg,S3032R05.jpg,S3112L10,S3032R05,unrelated
S3112L10.jpg,S3032R04.jpg,S3112L10,S3032R04,unrelated
S3112L10.jpg,S3032R07.jpg,S3112L10,S3032R07,unrelated
S3112L10.jpg,S3032R06.jpg,S3112L10,S3032R06,unrelated
S3112L10.jpg,S3041L03.jpg,S3112L10,S3041L03,unrelated
S3112L10.jpg,S3041L06.jpg,S3112L10,S3041L06,unrelated
S3112L10.jpg,S3041L05.jpg,S3112L10,S3041L05,unrelated
S3112L10.jpg,S3041L04.jpg,S3112L10,S3041L04,unrelated
S3112L10.jpg,S3041R01.jpg,S3112L10,S3041R01,unrelated
S3112L10.jpg,S3042L08.jpg,S3112L10,S3042L08,unrelated
S3112L10.jpg,S3042R07.jpg,S3112L10,S3042R07,unrelated
S3112L10.jpg,S3042R08.jpg,S3112L10,S3042R08,unrelated
S3112L10.jpg,S3002L02.jpg,S3112L10,S3002L02,unrelated
S3112L10.jpg,S3082R05.jpg,S3112L10,S3082R05,unrelated
S3112L10.jpg,S3082R02.jpg,S3112L10,S3082R02,unrelated
S3112L10.jpg,S3082R06.jpg,S3112L10,S3082R06,unrelated
S3112L10.jpg,S3082R01.jpg,S3112L10,S3082R01,unrelated
S3112L10.jpg,S3082R04.jpg,S3112L10,S3082R04,unrelated
S3112L10.jpg,S3061L03.jpg,S3112L10,S3061L03,unrelated
S3112L10.jpg,S3061L02.jpg,S3112L10,S3061L02,unrelated
S3112L10.jpg,S3061R01.jpg,S3112L10,S3061R01,unrelated
S3112L10.jpg,S3061R04.jpg,S3112L10,S3061R04,unrelated
S3112L10.jpg,S3061R07.jpg,S3112L10,S3061R07,unrelated
S3112L10.jpg,S3061R08.jpg,S3112L10,S3061R08,unrelated
S3112L10.jpg,S3062L03.jpg,S3112L10,S3062L03,unrelated
S3112L10.jpg,S3062L05.jpg,S3112L10,S3062L05,unrelated
S3112L10.jpg,S3062L07.jpg,S3112L10,S3062L07,unrelated
S3112L10.jpg,S3062L06.jpg,S3112L10,S3062L06,unrelated
S3112L10.jpg,S3062L04.jpg,S3112L10,S3062L04,unrelated
S3112L10.jpg,S3062R02.jpg,S3112L10,S3062R02,unrelated
S3112L10.jpg,S3062R09.jpg,S3112L10,S3062R09,unrelated
S3112L10.jpg,S3062R10.jpg,S3112L10,S3062R10,unrelated
S3112L10.jpg,S3062R07.jpg,S3112L10,S3062R07,unrelated
S3112L10.jpg,S3062R08.jpg,S3112L10,S3062R08,unrelated
S3112L10.jpg,S3021L04.jpg,S3112L10,S3021L04,unrelated
S3112L10.jpg,S3021L03.jpg,S3112L10,S3021L03,unrelated
S3112L10.jpg,S3021L06.jpg,S3112L10,S3021L06,unrelated
S3112L10.jpg,S3021L02.jpg,S3112L10,S3021L02,unrelated
S3112L10.jpg,S3021L01.jpg,S3112L10,S3021L01,unrelated
S3112L10.jpg,S3021R09.jpg,S3112L10,S3021R09,unrelated
S3112L10.jpg,S3021R01.jpg,S3112L10,S3021R01,unrelated
S3112L10.jpg,S3021R02.jpg,S3112L10,S3021R02,unrelated
S3112L10.jpg,S3021R07.jpg,S3112L10,S3021R07,unrelated
S3112L10.jpg,S3021R06.jpg,S3112L10,S3021R06,unrelated
S3112L10.jpg,S3022L01.jpg,S3112L10,S3022L01,unrelated
S3112L10.jpg,S3022R01.jpg,S3112L10,S3022R01,unrelated
S3112L10.jpg,S3022R02.jpg,S3112L10,S3022R02,unrelated
S3112L10.jpg,S3101L08.jpg,S3112L10,S3101L08,unrelated
S3112L10.jpg,S3101L04.jpg,S3112L10,S3101L04,unrelated
S3112L10.jpg,S3101L02.jpg,S3112L10,S3101L02,unrelated
S3112L10.jpg,S3101L09.jpg,S3112L10,S3101L09,unrelated
S3112L10.jpg,S3101L10.jpg,S3112L10,S3101L10,unrelated
S3112L10.jpg,S3101R07.jpg,S3112L10,S3101R07,unrelated
S3112L10.jpg,S3101R04.jpg,S3112L10,S3101R04,unrelated
S3112L10.jpg,S3101R03.jpg,S3112L10,S3101R03,unrelated
S3112L10.jpg,S3101R02.jpg,S3112L10,S3101R02,unrelated
S3112L10.jpg,S3101R05.jpg,S3112L10,S3101R05,unrelated
S3112L10.jpg,S3102L10.jpg,S3112L10,S3102L10,unrelated
S3112L10.jpg,S3102L09.jpg,S3112L10,S3102L09,unrelated
S3112L10.jpg,S3102L01.jpg,S3112L10,S3102L01,unrelated
S3112L10.jpg,S3102L07.jpg,S3112L10,S3102L07,unrelated
S3112L10.jpg,S3102L06.jpg,S3112L10,S3102L06,unrelated
S3112L10.jpg,S3102R07.jpg,S3112L10,S3102R07,unrelated
S3112L10.jpg,S3102R08.jpg,S3112L10,S3102R08,unrelated
S3112L10.jpg,S3102R02.jpg,S3112L10,S3102R02,unrelated
S3112L10.jpg,S3102R06.jpg,S3112L10,S3102R06,unrelated
S3112L10.jpg,S3102R09.jpg,S3112L10,S3102R09,unrelated
S3112L10.jpg,S3151L06.jpg,S3112L10,S3151L06,unrelated
S3112L10.jpg,S3151L04.jpg,S3112L10,S3151L04,unrelated
S3112L10.jpg,S3151L03.jpg,S3112L10,S3151L03,unrelated
S3112L10.jpg,S3151L05.jpg,S3112L10,S3151L05,unrelated
S3112L10.jpg,S3151L07.jpg,S3112L10,S3151L07,unrelated
S3112L10.jpg,S3151R03.jpg,S3112L10,S3151R03,unrelated
S3112L10.jpg,S3151R01.jpg,S3112L10,S3151R01,unrelated
S3112L10.jpg,S3151R02.jpg,S3112L10,S3151R02,unrelated
S3112L10.jpg,S3152R04.jpg,S3112L10,S3152R04,unrelated
S3112L10.jpg,S3152R03.jpg,S3112L10,S3152R03,unrelated
S3112L10.jpg,S3152R02.jpg,S3112L10,S3152R02,unrelated
S3112L10.jpg,S3152R07.jpg,S3112L10,S3152R07,unrelated
S3112L10.jpg,S3181R04.jpg,S3112L10,S3181R04,unrelated
S3112L10.jpg,S3181R05.jpg,S3112L10,S3181R05,unrelated
S3112L10.jpg,S3182L01.jpg,S3112L10,S3182L01,unrelated
S3112L10.jpg,S3182R05.jpg,S3112L10,S3182R05,unrelated
S3112L10.jpg,S3182R06.jpg,S3112L10,S3182R06,unrelated
S3112L10.jpg,S3182R04.jpg,S3112L10,S3182R04,unrelated
S3112L10.jpg,S3182R03.jpg,S3112L10,S3182R03,unrelated
S3112L10.jpg,S3182R07.jpg,S3112L10,S3182R07,unrelated
S3112L10.jpg,S3141L03.jpg,S3112L10,S3141L03,unrelated
S3112L10.jpg,S3141R07.jpg,S3112L10,S3141R07,unrelated
S3112L10.jpg,S3141R10.jpg,S3112L10,S3141R10,unrelated
S3112L10.jpg,S3141R04.jpg,S3112L10,S3141R04,unrelated
S3112L10.jpg,S3141R06.jpg,S3112L10,S3141R06,unrelated
S3112L10.jpg,S3142L03.jpg,S3112L10,S3142L03,unrelated
S3112L10.jpg,S3142L02.jpg,S3112L10,S3142L02,unrelated
S3112L10.jpg,S3142L04.jpg,S3112L10,S3142L04,unrelated
S3112L10.jpg,S3142L07.jpg,S3112L10,S3142L07,unrelated
S3112L10.jpg,S3142R08.jpg,S3112L10,S3142R08,unrelated
S3112L10.jpg,S3142R07.jpg,S3112L10,S3142R07,unrelated
S3112L10.jpg,S3142R10.jpg,S3112L10,S3142R10,unrelated
S3112L10.jpg,S3142R09.jpg,S3112L10,S3142R09,unrelated
S3112L10.jpg,S3121L03.jpg,S3112L10,S3121L03,unrelated
S3112L10.jpg,S3121L02.jpg,S3112L10,S3121L02,unrelated
S3112L10.jpg,S3121L01.jpg,S3112L10,S3121L01,unrelated
S3112L10.jpg,S3121R04.jpg,S3112L10,S3121R04,unrelated
S3112L10.jpg,S3121R02.jpg,S3112L10,S3121R02,unrelated
S3112L10.jpg,S3121R01.jpg,S3112L10,S3121R01,unrelated
S3112L10.jpg,S3121R08.jpg,S3112L10,S3121R08,unrelated
S3112L10.jpg,S3121R07.jpg,S3112L10,S3121R07,unrelated
S3112L10.jpg,S3122L09.jpg,S3112L10,S3122L09,unrelated
S3112L10.jpg,S3122L07.jpg,S3112L10,S3122L07,unrelated
S3112L10.jpg,S3122L10.jpg,S3112L10,S3122L10,unrelated
S3112L10.jpg,S3122L01.jpg,S3112L10,S3122L01,unrelated
S3112L10.jpg,S3122L05.jpg,S3112L10,S3122L05,unrelated
S3112L10.jpg,S3122R02.jpg,S3112L10,S3122R02,unrelated
S3112L10.jpg,S3122R04.jpg,S3112L10,S3122R04,unrelated
S3112L10.jpg,S3122R03.jpg,S3112L10,S3122R03,unrelated
S3112L10.jpg,S3122R01.jpg,S3112L10,S3122R01,unrelated
S3112L10.jpg,S3051L07.jpg,S3112L10,S3051L07,unrelated
S3112L10.jpg,S3051L08.jpg,S3112L10,S3051L08,unrelated
S3112L10.jpg,S3051L10.jpg,S3112L10,S3051L10,unrelated
S3112L10.jpg,S3051L06.jpg,S3112L10,S3051L06,unrelated
S3112L10.jpg,S3051R01.jpg,S3112L10,S3051R01,unrelated
S3112L10.jpg,S3051R03.jpg,S3112L10,S3051R03,unrelated
S3112L10.jpg,S3052L01.jpg,S3112L10,S3052L01,unrelated
S3112L10.jpg,S3052L02.jpg,S3112L10,S3052L02,unrelated
S3112L10.jpg,S3052L03.jpg,S3112L10,S3052L03,unrelated
S3112L10.jpg,S3052R01.jpg,S3112L10,S3052R01,unrelated
S3112L10.jpg,S3011L07.jpg,S3112L10,S3011L07,unrelated
S3112L10.jpg,S3011R01.jpg,S3112L10,S3011R01,unrelated
S3112L10.jpg,S3011R02.jpg,S3112L10,S3011R02,unrelated
S3112L10.jpg,S3012L07.jpg,S3112L10,S3012L07,unrelated
S3112L10.jpg,S3012L02.jpg,S3112L10,S3012L02,unrelated
S3112L10.jpg,S3012R07.jpg,S3112L10,S3012R07,unrelated
S3171L10.jpg,S3172L07.jpg,S3171L10,S3172L07,twin_same_eye
S3171L10.jpg,S3172R02.jpg,S3171L10,S3172R02,twin_cross_eye
S3171L10.jpg,S3092L03.jpg,S3171L10,S3092L03,unrelated
S3171L10.jpg,S3092L01.jpg,S3171L10,S3092L01,unrelated
S3171L10.jpg,S3092L02.jpg,S3171L10,S3092L02,unrelated
S3171L10.jpg,S3092L04.jpg,S3171L10,S3092L04,unrelated
S3171L10.jpg,S3092L05.jpg,S3171L10,S3092L05,unrelated
S3171L10.jpg,S3092R04.jpg,S3171L10,S3092R04,unrelated
S3171L10.jpg,S3092R01.jpg,S3171L10,S3092R01,unrelated
S3171L10.jpg,S3092R03.jpg,S3171L10,S3092R03,unrelated
S3171L10.jpg,S3092R02.jpg,S3171L10,S3092R02,unrelated
S3171L10.jpg,S3092R06.jpg,S3171L10,S3092R06,unrelated
S3171L10.jpg,S3071L06.jpg,S3171L10,S3071L06,unrelated
S3171L10.jpg,S3072L08.jpg,S3171L10,S3072L08,unrelated
S3171L10.jpg,S3072L03.jpg,S3171L10,S3072L03,unrelated
S3171L10.jpg,S3072L06.jpg,S3171L10,S3072L06,unrelated
S3171L10.jpg,S3072L01.jpg,S3171L10,S3072L01,unrelated
S3171L10.jpg,S3072L09.jpg,S3171L10,S3072L09,unrelated
S3171L10.jpg,S3072R08.jpg,S3171L10,S3072R08,unrelated
S3171L10.jpg,S3072R10.jpg,S3171L10,S3072R10,unrelated
S3171L10.jpg,S3162L03.jpg,S3171L10,S3162L03,unrelated
S3171L10.jpg,S3162L01.jpg,S3171L10,S3162L01,unrelated
S3171L10.jpg,S3162L02.jpg,S3171L10,S3162L02,unrelated
S3171L10.jpg,S3162L04.jpg,S3171L10,S3162L04,unrelated
S3171L10.jpg,S3162R09.jpg,S3171L10,S3162R09,unrelated
S3171L10.jpg,S3162R06.jpg,S3171L10,S3162R06,unrelated
S3171L10.jpg,S3162R10.jpg,S3171L10,S3162R10,unrelated
S3171L10.jpg,S3162R08.jpg,S3171L10,S3162R08,unrelated
S3171L10.jpg,S3162R07.jpg,S3171L10,S3162R07,unrelated
S3171L10.jpg,S3131L08.jpg,S3171L10,S3131L08,unrelated
S3171L10.jpg,S3131L10.jpg,S3171L10,S3131L10,unrelated
S3171L10.jpg,S3131R04.jpg,S3171L10,S3131R04,unrelated
S3171L10.jpg,S3131R06.jpg,S3171L10,S3131R06,unrelated
S3171L10.jpg,S3131R05.jpg,S3171L10,S3131R05,unrelated
S3171L10.jpg,S3131R07.jpg,S3171L10,S3131R07,unrelated
S3171L10.jpg,S3132L09.jpg,S3171L10,S3132L09,unrelated
S3171L10.jpg,S3132L08.jpg,S3171L10,S3132L08,unrelated
S3171L10.jpg,S3132L05.jpg,S3171L10,S3132L05,unrelated
S3171L10.jpg,S3132L10.jpg,S3171L10,S3132L10,unrelated
S3171L10.jpg,S3132L04.jpg,S3171L10,S3132L04,unrelated
S3171L10.jpg,S3132R06.jpg,S3171L10,S3132R06,unrelated
S3171L10.jpg,S3132R07.jpg,S3171L10,S3132R07,unrelated
S3171L10.jpg,S3031L06.jpg,S3171L10,S3031L06,unrelated
S3171L10.jpg,S3031R09.jpg,S3171L10,S3031R09,unrelated
S3171L10.jpg,S3032L08.jpg,S3171L10,S3032L08,unrelated
S3171L10.jpg,S3032L10.jpg,S3171L10,S3032L10,unrelated
S3171L10.jpg,S3032L09.jpg,S3171L10,S3032L09,unrelated
S3171L10.jpg,S3032L05.jpg,S3171L10,S3032L05,unrelated
S3171L10.jpg,S3032L06.jpg,S3171L10,S3032L06,unrelated
S3171L10.jpg,S3032R10.jpg,S3171L10,S3032R10,unrelated
S3171L10.jpg,S3032R05.jpg,S3171L10,S3032R05,unrelated
S3171L10.jpg,S3032R04.jpg,S3171L10,S3032R04,unrelated
S3171L10.jpg,S3032R07.jpg,S3171L10,S3032R07,unrelated
S3171L10.jpg,S3032R06.jpg,S3171L10,S3032R06,unrelated
S3171L10.jpg,S3041L03.jpg,S3171L10,S3041L03,unrelated
S3171L10.jpg,S3041L06.jpg,S3171L10,S3041L06,unrelated
S3171L10.jpg,S3041L05.jpg,S3171L10,S3041L05,unrelated
S3171L10.jpg,S3041L04.jpg,S3171L10,S3041L04,unrelated
S3171L10.jpg,S3041R01.jpg,S3171L10,S3041R01,unrelated
S3171L10.jpg,S3042L08.jpg,S3171L10,S3042L08,unrelated
S3171L10.jpg,S3042R07.jpg,S3171L10,S3042R07,unrelated
S3171L10.jpg,S3042R08.jpg,S3171L10,S3042R08,unrelated
S3171L10.jpg,S3002L02.jpg,S3171L10,S3002L02,unrelated
S3171L10.jpg,S3082R05.jpg,S3171L10,S3082R05,unrelated
S3171L10.jpg,S3082R02.jpg,S3171L10,S3082R02,unrelated
S3171L10.jpg,S3082R06.jpg,S3171L10,S3082R06,unrelated
S3171L10.jpg,S3082R01.jpg,S3171L10,S3082R01,unrelated
S3171L10.jpg,S3082R04.jpg,S3171L10,S3082R04,unrelated
S3171L10.jpg,S3061L03.jpg,S3171L10,S3061L03,unrelated
S3171L10.jpg,S3061L02.jpg,S3171L10,S3061L02,unrelated
S3171L10.jpg,S3061R01.jpg,S3171L10,S3061R01,unrelated
S3171L10.jpg,S3061R04.jpg,S3171L10,S3061R04,unrelated
S3171L10.jpg,S3061R07.jpg,S3171L10,S3061R07,unrelated
S3171L10.jpg,S3061R08.jpg,S3171L10,S3061R08,unrelated
S3171L10.jpg,S3062L03.jpg,S3171L10,S3062L03,unrelated
S3171L10.jpg,S3062L05.jpg,S3171L10,S3062L05,unrelated
S3171L10.jpg,S3062L07.jpg,S3171L10,S3062L07,unrelated
S3171L10.jpg,S3062L06.jpg,S3171L10,S3062L06,unrelated
S3171L10.jpg,S3062L04.jpg,S3171L10,S3062L04,unrelated
S3171L10.jpg,S3062R02.jpg,S3171L10,S3062R02,unrelated
S3171L10.jpg,S3062R09.jpg,S3171L10,S3062R09,unrelated
S3171L10.jpg,S3062R10.jpg,S3171L10,S3062R10,unrelated
S3171L10.jpg,S3062R07.jpg,S3171L10,S3062R07,unrelated
S3171L10.jpg,S3062R08.jpg,S3171L10,S3062R08,unrelated
S3171L10.jpg,S3021L04.jpg,S3171L10,S3021L04,unrelated
S3171L10.jpg,S3021L03.jpg,S3171L10,S3021L03,unrelated
S3171L10.jpg,S3021L06.jpg,S3171L10,S3021L06,unrelated
S3171L10.jpg,S3021L02.jpg,S3171L10,S3021L02,unrelated
S3171L10.jpg,S3021L01.jpg,S3171L10,S3021L01,unrelated
S3171L10.jpg,S3021R09.jpg,S3171L10,S3021R09,unrelated
S3171L10.jpg,S3021R01.jpg,S3171L10,S3021R01,unrelated
S3171L10.jpg,S3021R02.jpg,S3171L10,S3021R02,unrelated
S3171L10.jpg,S3021R07.jpg,S3171L10,S3021R07,unrelated
S3171L10.jpg,S3021R06.jpg,S3171L10,S3021R06,unrelated
S3171L10.jpg,S3022L01.jpg,S3171L10,S3022L01,unrelated
S3171L10.jpg,S3022R01.jpg,S3171L10,S3022R01,unrelated
S3171L10.jpg,S3022R02.jpg,S3171L10,S3022R02,unrelated
S3171L10.jpg,S3101L08.jpg,S3171L10,S3101L08,unrelated
S3171L10.jpg,S3101L04.jpg,S3171L10,S3101L04,unrelated
S3171L10.jpg,S3101L02.jpg,S3171L10,S3101L02,unrelated
S3171L10.jpg,S3101L09.jpg,S3171L10,S3101L09,unrelated
S3171L10.jpg,S3101L10.jpg,S3171L10,S3101L10,unrelated
S3171L10.jpg,S3101R07.jpg,S3171L10,S3101R07,unrelated
S3171L10.jpg,S3101R04.jpg,S3171L10,S3101R04,unrelated
S3171L10.jpg,S3101R03.jpg,S3171L10,S3101R03,unrelated
S3171L10.jpg,S3101R02.jpg,S3171L10,S3101R02,unrelated
S3171L10.jpg,S3101R05.jpg,S3171L10,S3101R05,unrelated
S3171L10.jpg,S3102L10.jpg,S3171L10,S3102L10,unrelated
S3171L10.jpg,S3102L09.jpg,S3171L10,S3102L09,unrelated
S3171L10.jpg,S3102L01.jpg,S3171L10,S3102L01,unrelated
S3171L10.jpg,S3102L07.jpg,S3171L10,S3102L07,unrelated
S3171L10.jpg,S3102L06.jpg,S3171L10,S3102L06,unrelated
S3171L10.jpg,S3102R07.jpg,S3171L10,S3102R07,unrelated
S3171L10.jpg,S3102R08.jpg,S3171L10,S3102R08,unrelated
S3171L10.jpg,S3102R02.jpg,S3171L10,S3102R02,unrelated
S3171L10.jpg,S3102R06.jpg,S3171L10,S3102R06,unrelated
S3171L10.jpg,S3102R09.jpg,S3171L10,S3102R09,unrelated
S3171L10.jpg,S3151L06.jpg,S3171L10,S3151L06,unrelated
S3171L10.jpg,S3151L04.jpg,S3171L10,S3151L04,unrelated
S3171L10.jpg,S3151L03.jpg,S3171L10,S3151L03,unrelated
S3171L10.jpg,S3151L05.jpg,S3171L10,S3151L05,unrelated
S3171L10.jpg,S3151L07.jpg,S3171L10,S3151L07,unrelated
S3171L10.jpg,S3151R03.jpg,S3171L10,S3151R03,unrelated
S3171L10.jpg,S3151R01.jpg,S3171L10,S3151R01,unrelated
S3171L10.jpg,S3151R02.jpg,S3171L10,S3151R02,unrelated
S3171L10.jpg,S3152R04.jpg,S3171L10,S3152R04,unrelated
S3171L10.jpg,S3152R03.jpg,S3171L10,S3152R03,unrelated
S3171L10.jpg,S3152R02.jpg,S3171L10,S3152R02,unrelated
S3171L10.jpg,S3152R07.jpg,S3171L10,S3152R07,unrelated
S3171L10.jpg,S3181R04.jpg,S3171L10,S3181R04,unrelated
S3171L10.jpg,S3181R05.jpg,S3171L10,S3181R05,unrelated
S3171L10.jpg,S3182L01.jpg,S3171L10,S3182L01,unrelated
S3171L10.jpg,S3182R05.jpg,S3171L10,S3182R05,unrelated
S3171L10.jpg,S3182R06.jpg,S3171L10,S3182R06,unrelated
S3171L10.jpg,S3182R04.jpg,S3171L10,S3182R04,unrelated
S3171L10.jpg,S3182R03.jpg,S3171L10,S3182R03,unrelated
S3171L10.jpg,S3182R07.jpg,S3171L10,S3182R07,unrelated
S3171L10.jpg,S3141L03.jpg,S3171L10,S3141L03,unrelated
S3171L10.jpg,S3141R07.jpg,S3171L10,S3141R07,unrelated
S3171L10.jpg,S3141R10.jpg,S3171L10,S3141R10,unrelated
S3171L10.jpg,S3141R04.jpg,S3171L10,S3141R04,unrelated
S3171L10.jpg,S3141R06.jpg,S3171L10,S3141R06,unrelated
S3171L10.jpg,S3142L03.jpg,S3171L10,S3142L03,unrelated
S3171L10.jpg,S3142L02.jpg,S3171L10,S3142L02,unrelated
S3171L10.jpg,S3142L04.jpg,S3171L10,S3142L04,unrelated
S3171L10.jpg,S3142L07.jpg,S3171L10,S3142L07,unrelated
S3171L10.jpg,S3142R08.jpg,S3171L10,S3142R08,unrelated
S3171L10.jpg,S3142R07.jpg,S3171L10,S3142R07,unrelated
S3171L10.jpg,S3142R10.jpg,S3171L10,S3142R10,unrelated
S3171L10.jpg,S3142R09.jpg,S3171L10,S3142R09,unrelated
S3171L10.jpg,S3121L03.jpg,S3171L10,S3121L03,unrelated
S3171L10.jpg,S3121L02.jpg,S3171L10,S3121L02,unrelated
S3171L10.jpg,S3121L01.jpg,S3171L10,S3121L01,unrelated
S3171L10.jpg,S3121R04.jpg,S3171L10,S3121R04,unrelated
S3171L10.jpg,S3121R02.jpg,S3171L10,S3121R02,unrelated
S3171L10.jpg,S3121R01.jpg,S3171L10,S3121R01,unrelated
S3171L10.jpg,S3121R08.jpg,S3171L10,S3121R08,unrelated
S3171L10.jpg,S3121R07.jpg,S3171L10,S3121R07,unrelated
S3171L10.jpg,S3122L09.jpg,S3171L10,S3122L09,unrelated
S3171L10.jpg,S3122L07.jpg,S3171L10,S3122L07,unrelated
S3171L10.jpg,S3122L10.jpg,S3171L10,S3122L10,unrelated
S3171L10.jpg,S3122L01.jpg,S3171L10,S3122L01,unrelated
S3171L10.jpg,S3122L05.jpg,S3171L10,S3122L05,unrelated
S3171L10.jpg,S3122R02.jpg,S3171L10,S3122R02,unrelated
S3171L10.jpg,S3122R04.jpg,S3171L10,S3122R04,unrelated
S3171L10.jpg,S3122R03.jpg,S3171L10,S3122R03,unrelated
S3171L10.jpg,S3122R01.jpg,S3171L10,S3122R01,unrelated
S3171L10.jpg,S3051L07.jpg,S3171L10,S3051L07,unrelated
S3171L10.jpg,S3051L08.jpg,S3171L10,S3051L08,unrelated
S3171L10.jpg,S3051L10.jpg,S3171L10,S3051L10,unrelated
S3171L10.jpg,S3051L06.jpg,S3171L10,S3051L06,unrelated
S3171L10.jpg,S3051R01.jpg,S3171L10,S3051R01,unrelated
S3171L10.jpg,S3051R03.jpg,S3171L10,S3051R03,unrelated
S3171L10.jpg,S3052L01.jpg,S3171L10,S3052L01,unrelated
S3171L10.jpg,S3052L02.jpg,S3171L10,S3052L02,unrelated
S3171L10.jpg,S3052L03.jpg,S3171L10,S3052L03,unrelated
S3171L10.jpg,S3052R01.jpg,S3171L10,S3052R01,unrelated
S3171L10.jpg,S3011L07.jpg,S3171L10,S3011L07,unrelated
S3171L10.jpg,S3011R01.jpg,S3171L10,S3011R01,unrelated
S3171L10.jpg,S3011R02.jpg,S3171L10,S3011R02,unrelated
S3171L10.jpg,S3012L07.jpg,S3171L10,S3012L07,unrelated
S3171L10.jpg,S3012L02.jpg,S3171L10,S3012L02,unrelated
S3171L10.jpg,S3012R07.jpg,S3171L10,S3012R07,unrelated
S3172L07.jpg,S3172R02.jpg,S3172L07,S3172R02,same_subject_different_eye
S3172L07.jpg,S3092L03.jpg,S3172L07,S3092L03,unrelated
S3172L07.jpg,S3092L01.jpg,S3172L07,S3092L01,unrelated
S3172L07.jpg,S3092L02.jpg,S3172L07,S3092L02,unrelated
S3172L07.jpg,S3092L04.jpg,S3172L07,S3092L04,unrelated
S3172L07.jpg,S3092L05.jpg,S3172L07,S3092L05,unrelated
S3172L07.jpg,S3092R04.jpg,S3172L07,S3092R04,unrelated
S3172L07.jpg,S3092R01.jpg,S3172L07,S3092R01,unrelated
S3172L07.jpg,S3092R03.jpg,S3172L07,S3092R03,unrelated
S3172L07.jpg,S3092R02.jpg,S3172L07,S3092R02,unrelated
S3172L07.jpg,S3092R06.jpg,S3172L07,S3092R06,unrelated
S3172L07.jpg,S3071L06.jpg,S3172L07,S3071L06,unrelated
S3172L07.jpg,S3072L08.jpg,S3172L07,S3072L08,unrelated
S3172L07.jpg,S3072L03.jpg,S3172L07,S3072L03,unrelated
S3172L07.jpg,S3072L06.jpg,S3172L07,S3072L06,unrelated
S3172L07.jpg,S3072L01.jpg,S3172L07,S3072L01,unrelated
S3172L07.jpg,S3072L09.jpg,S3172L07,S3072L09,unrelated
S3172L07.jpg,S3072R08.jpg,S3172L07,S3072R08,unrelated
S3172L07.jpg,S3072R10.jpg,S3172L07,S3072R10,unrelated
S3172L07.jpg,S3162L03.jpg,S3172L07,S3162L03,unrelated
S3172L07.jpg,S3162L01.jpg,S3172L07,S3162L01,unrelated
S3172L07.jpg,S3162L02.jpg,S3172L07,S3162L02,unrelated
S3172L07.jpg,S3162L04.jpg,S3172L07,S3162L04,unrelated
S3172L07.jpg,S3162R09.jpg,S3172L07,S3162R09,unrelated
S3172L07.jpg,S3162R06.jpg,S3172L07,S3162R06,unrelated
S3172L07.jpg,S3162R10.jpg,S3172L07,S3162R10,unrelated
S3172L07.jpg,S3162R08.jpg,S3172L07,S3162R08,unrelated
S3172L07.jpg,S3162R07.jpg,S3172L07,S3162R07,unrelated
S3172L07.jpg,S3131L08.jpg,S3172L07,S3131L08,unrelated
S3172L07.jpg,S3131L10.jpg,S3172L07,S3131L10,unrelated
S3172L07.jpg,S3131R04.jpg,S3172L07,S3131R04,unrelated
S3172L07.jpg,S3131R06.jpg,S3172L07,S3131R06,unrelated
S3172L07.jpg,S3131R05.jpg,S3172L07,S3131R05,unrelated
S3172L07.jpg,S3131R07.jpg,S3172L07,S3131R07,unrelated
S3172L07.jpg,S3132L09.jpg,S3172L07,S3132L09,unrelated
S3172L07.jpg,S3132L08.jpg,S3172L07,S3132L08,unrelated
S3172L07.jpg,S3132L05.jpg,S3172L07,S3132L05,unrelated
S3172L07.jpg,S3132L10.jpg,S3172L07,S3132L10,unrelated
S3172L07.jpg,S3132L04.jpg,S3172L07,S3132L04,unrelated
S3172L07.jpg,S3132R06.jpg,S3172L07,S3132R06,unrelated
S3172L07.jpg,S3132R07.jpg,S3172L07,S3132R07,unrelated
S3172L07.jpg,S3031L06.jpg,S3172L07,S3031L06,unrelated
S3172L07.jpg,S3031R09.jpg,S3172L07,S3031R09,unrelated
S3172L07.jpg,S3032L08.jpg,S3172L07,S3032L08,unrelated
S3172L07.jpg,S3032L10.jpg,S3172L07,S3032L10,unrelated
S3172L07.jpg,S3032L09.jpg,S3172L07,S3032L09,unrelated
S3172L07.jpg,S3032L05.jpg,S3172L07,S3032L05,unrelated
S3172L07.jpg,S3032L06.jpg,S3172L07,S3032L06,unrelated
S3172L07.jpg,S3032R10.jpg,S3172L07,S3032R10,unrelated
S3172L07.jpg,S3032R05.jpg,S3172L07,S3032R05,unrelated
S3172L07.jpg,S3032R04.jpg,S3172L07,S3032R04,unrelated
S3172L07.jpg,S3032R07.jpg,S3172L07,S3032R07,unrelated
S3172L07.jpg,S3032R06.jpg,S3172L07,S3032R06,unrelated
S3172L07.jpg,S3041L03.jpg,S3172L07,S3041L03,unrelated
S3172L07.jpg,S3041L06.jpg,S3172L07,S3041L06,unrelated
S3172L07.jpg,S3041L05.jpg,S3172L07,S3041L05,unrelated
S3172L07.jpg,S3041L04.jpg,S3172L07,S3041L04,unrelated
S3172L07.jpg,S3041R01.jpg,S3172L07,S3041R01,unrelated
S3172L07.jpg,S3042L08.jpg,S3172L07,S3042L08,unrelated
S3172L07.jpg,S3042R07.jpg,S3172L07,S3042R07,unrelated
S3172L07.jpg,S3042R08.jpg,S3172L07,S3042R08,unrelated
S3172L07.jpg,S3002L02.jpg,S3172L07,S3002L02,unrelated
S3172L07.jpg,S3082R05.jpg,S3172L07,S3082R05,unrelated
S3172L07.jpg,S3082R02.jpg,S3172L07,S3082R02,unrelated
S3172L07.jpg,S3082R06.jpg,S3172L07,S3082R06,unrelated
S3172L07.jpg,S3082R01.jpg,S3172L07,S3082R01,unrelated
S3172L07.jpg,S3082R04.jpg,S3172L07,S3082R04,unrelated
S3172L07.jpg,S3061L03.jpg,S3172L07,S3061L03,unrelated
S3172L07.jpg,S3061L02.jpg,S3172L07,S3061L02,unrelated
S3172L07.jpg,S3061R01.jpg,S3172L07,S3061R01,unrelated
S3172L07.jpg,S3061R04.jpg,S3172L07,S3061R04,unrelated
S3172L07.jpg,S3061R07.jpg,S3172L07,S3061R07,unrelated
S3172L07.jpg,S3061R08.jpg,S3172L07,S3061R08,unrelated
S3172L07.jpg,S3062L03.jpg,S3172L07,S3062L03,unrelated
S3172L07.jpg,S3062L05.jpg,S3172L07,S3062L05,unrelated
S3172L07.jpg,S3062L07.jpg,S3172L07,S3062L07,unrelated
S3172L07.jpg,S3062L06.jpg,S3172L07,S3062L06,unrelated
S3172L07.jpg,S3062L04.jpg,S3172L07,S3062L04,unrelated
S3172L07.jpg,S3062R02.jpg,S3172L07,S3062R02,unrelated
S3172L07.jpg,S3062R09.jpg,S3172L07,S3062R09,unrelated
S3172L07.jpg,S3062R10.jpg,S3172L07,S3062R10,unrelated
S3172L07.jpg,S3062R07.jpg,S3172L07,S3062R07,unrelated
S3172L07.jpg,S3062R08.jpg,S3172L07,S3062R08,unrelated
S3172L07.jpg,S3021L04.jpg,S3172L07,S3021L04,unrelated
S3172L07.jpg,S3021L03.jpg,S3172L07,S3021L03,unrelated
S3172L07.jpg,S3021L06.jpg,S3172L07,S3021L06,unrelated
S3172L07.jpg,S3021L02.jpg,S3172L07,S3021L02,unrelated
S3172L07.jpg,S3021L01.jpg,S3172L07,S3021L01,unrelated
S3172L07.jpg,S3021R09.jpg,S3172L07,S3021R09,unrelated
S3172L07.jpg,S3021R01.jpg,S3172L07,S3021R01,unrelated
S3172L07.jpg,S3021R02.jpg,S3172L07,S3021R02,unrelated
S3172L07.jpg,S3021R07.jpg,S3172L07,S3021R07,unrelated
S3172L07.jpg,S3021R06.jpg,S3172L07,S3021R06,unrelated
S3172L07.jpg,S3022L01.jpg,S3172L07,S3022L01,unrelated
S3172L07.jpg,S3022R01.jpg,S3172L07,S3022R01,unrelated
S3172L07.jpg,S3022R02.jpg,S3172L07,S3022R02,unrelated
S3172L07.jpg,S3101L08.jpg,S3172L07,S3101L08,unrelated
S3172L07.jpg,S3101L04.jpg,S3172L07,S3101L04,unrelated
S3172L07.jpg,S3101L02.jpg,S3172L07,S3101L02,unrelated
S3172L07.jpg,S3101L09.jpg,S3172L07,S3101L09,unrelated
S3172L07.jpg,S3101L10.jpg,S3172L07,S3101L10,unrelated
S3172L07.jpg,S3101R07.jpg,S3172L07,S3101R07,unrelated
S3172L07.jpg,S3101R04.jpg,S3172L07,S3101R04,unrelated
S3172L07.jpg,S3101R03.jpg,S3172L07,S3101R03,unrelated
S3172L07.jpg,S3101R02.jpg,S3172L07,S3101R02,unrelated
S3172L07.jpg,S3101R05.jpg,S3172L07,S3101R05,unrelated
S3172L07.jpg,S3102L10.jpg,S3172L07,S3102L10,unrelated
S3172L07.jpg,S3102L09.jpg,S3172L07,S3102L09,unrelated
S3172L07.jpg,S3102L01.jpg,S3172L07,S3102L01,unrelated
S3172L07.jpg,S3102L07.jpg,S3172L07,S3102L07,unrelated
S3172L07.jpg,S3102L06.jpg,S3172L07,S3102L06,unrelated
S3172L07.jpg,S3102R07.jpg,S3172L07,S3102R07,unrelated
S3172L07.jpg,S3102R08.jpg,S3172L07,S3102R08,unrelated
S3172L07.jpg,S3102R02.jpg,S3172L07,S3102R02,unrelated
S3172L07.jpg,S3102R06.jpg,S3172L07,S3102R06,unrelated
S3172L07.jpg,S3102R09.jpg,S3172L07,S3102R09,unrelated
S3172L07.jpg,S3151L06.jpg,S3172L07,S3151L06,unrelated
S3172L07.jpg,S3151L04.jpg,S3172L07,S3151L04,unrelated
S3172L07.jpg,S3151L03.jpg,S3172L07,S3151L03,unrelated
S3172L07.jpg,S3151L05.jpg,S3172L07,S3151L05,unrelated
S3172L07.jpg,S3151L07.jpg,S3172L07,S3151L07,unrelated
S3172L07.jpg,S3151R03.jpg,S3172L07,S3151R03,unrelated
S3172L07.jpg,S3151R01.jpg,S3172L07,S3151R01,unrelated
S3172L07.jpg,S3151R02.jpg,S3172L07,S3151R02,unrelated
S3172L07.jpg,S3152R04.jpg,S3172L07,S3152R04,unrelated
S3172L07.jpg,S3152R03.jpg,S3172L07,S3152R03,unrelated
S3172L07.jpg,S3152R02.jpg,S3172L07,S3152R02,unrelated
S3172L07.jpg,S3152R07.jpg,S3172L07,S3152R07,unrelated
S3172L07.jpg,S3181R04.jpg,S3172L07,S3181R04,unrelated
S3172L07.jpg,S3181R05.jpg,S3172L07,S3181R05,unrelated
S3172L07.jpg,S3182L01.jpg,S3172L07,S3182L01,unrelated
S3172L07.jpg,S3182R05.jpg,S3172L07,S3182R05,unrelated
S3172L07.jpg,S3182R06.jpg,S3172L07,S3182R06,unrelated
S3172L07.jpg,S3182R04.jpg,S3172L07,S3182R04,unrelated
S3172L07.jpg,S3182R03.jpg,S3172L07,S3182R03,unrelated
S3172L07.jpg,S3182R07.jpg,S3172L07,S3182R07,unrelated
S3172L07.jpg,S3141L03.jpg,S3172L07,S3141L03,unrelated
S3172L07.jpg,S3141R07.jpg,S3172L07,S3141R07,unrelated
S3172L07.jpg,S3141R10.jpg,S3172L07,S3141R10,unrelated
S3172L07.jpg,S3141R04.jpg,S3172L07,S3141R04,unrelated
S3172L07.jpg,S3141R06.jpg,S3172L07,S3141R06,unrelated
S3172L07.jpg,S3142L03.jpg,S3172L07,S3142L03,unrelated
S3172L07.jpg,S3142L02.jpg,S3172L07,S3142L02,unrelated
S3172L07.jpg,S3142L04.jpg,S3172L07,S3142L04,unrelated
S3172L07.jpg,S3142L07.jpg,S3172L07,S3142L07,unrelated
S3172L07.jpg,S3142R08.jpg,S3172L07,S3142R08,unrelated
S3172L07.jpg,S3142R07.jpg,S3172L07,S3142R07,unrelated
S3172L07.jpg,S3142R10.jpg,S3172L07,S3142R10,unrelated
S3172L07.jpg,S3142R09.jpg,S3172L07,S3142R09,unrelated
S3172L07.jpg,S3121L03.jpg,S3172L07,S3121L03,unrelated
S3172L07.jpg,S3121L02.jpg,S3172L07,S3121L02,unrelated
S3172L07.jpg,S3121L01.jpg,S3172L07,S3121L01,unrelated
S3172L07.jpg,S3121R04.jpg,S3172L07,S3121R04,unrelated
S3172L07.jpg,S3121R02.jpg,S3172L07,S3121R02,unrelated
S3172L07.jpg,S3121R01.jpg,S3172L07,S3121R01,unrelated
S3172L07.jpg,S3121R08.jpg,S3172L07,S3121R08,unrelated
S3172L07.jpg,S3121R07.jpg,S3172L07,S3121R07,unrelated
S3172L07.jpg,S3122L09.jpg,S3172L07,S3122L09,unrelated
S3172L07.jpg,S3122L07.jpg,S3172L07,S3122L07,unrelated
S3172L07.jpg,S3122L10.jpg,S3172L07,S3122L10,unrelated
S3172L07.jpg,S3122L01.jpg,S3172L07,S3122L01,unrelated
S3172L07.jpg,S3122L05.jpg,S3172L07,S3122L05,unrelated
S3172L07.jpg,S3122R02.jpg,S3172L07,S3122R02,unrelated
S3172L07.jpg,S3122R04.jpg,S3172L07,S3122R04,unrelated
S3172L07.jpg,S3122R03.jpg,S3172L07,S3122R03,unrelated
S3172L07.jpg,S3122R01.jpg,S3172L07,S3122R01,unrelated
S3172L07.jpg,S3051L07.jpg,S3172L07,S3051L07,unrelated
S3172L07.jpg,S3051L08.jpg,S3172L07,S3051L08,unrelated
S3172L07.jpg,S3051L10.jpg,S3172L07,S3051L10,unrelated
S3172L07.jpg,S3051L06.jpg,S3172L07,S3051L06,unrelated
S3172L07.jpg,S3051R01.jpg,S3172L07,S3051R01,unrelated
S3172L07.jpg,S3051R03.jpg,S3172L07,S3051R03,unrelated
S3172L07.jpg,S3052L01.jpg,S3172L07,S3052L01,unrelated
S3172L07.jpg,S3052L02.jpg,S3172L07,S3052L02,unrelated
S3172L07.jpg,S3052L03.jpg,S3172L07,S3052L03,unrelated
S3172L07.jpg,S3052R01.jpg,S3172L07,S3052R01,unrelated
S3172L07.jpg,S3011L07.jpg,S3172L07,S3011L07,unrelated
S3172L07.jpg,S3011R01.jpg,S3172L07,S3011R01,unrelated
S3172L07.jpg,S3011R02.jpg,S3172L07,S3011R02,unrelated
S3172L07.jpg,S3012L07.jpg,S3172L07,S3012L07,unrelated
S3172L07.jpg,S3012L02.jpg,S3172L07,S3012L02,unrelated
S3172L07.jpg,S3012R07.jpg,S3172L07,S3012R07,unrelated
S3172R02.jpg,S3092L03.jpg,S3172R02,S3092L03,unrelated
S3172R02.jpg,S3092L01.jpg,S3172R02,S3092L01,unrelated
S3172R02.jpg,S3092L02.jpg,S3172R02,S3092L02,unrelated
S3172R02.jpg,S3092L04.jpg,S3172R02,S3092L04,unrelated
S3172R02.jpg,S3092L05.jpg,S3172R02,S3092L05,unrelated
S3172R02.jpg,S3092R04.jpg,S3172R02,S3092R04,unrelated
S3172R02.jpg,S3092R01.jpg,S3172R02,S3092R01,unrelated
S3172R02.jpg,S3092R03.jpg,S3172R02,S3092R03,unrelated
S3172R02.jpg,S3092R02.jpg,S3172R02,S3092R02,unrelated
S3172R02.jpg,S3092R06.jpg,S3172R02,S3092R06,unrelated
S3172R02.jpg,S3071L06.jpg,S3172R02,S3071L06,unrelated
S3172R02.jpg,S3072L08.jpg,S3172R02,S3072L08,unrelated
S3172R02.jpg,S3072L03.jpg,S3172R02,S3072L03,unrelated
S3172R02.jpg,S3072L06.jpg,S3172R02,S3072L06,unrelated
S3172R02.jpg,S3072L01.jpg,S3172R02,S3072L01,unrelated
S3172R02.jpg,S3072L09.jpg,S3172R02,S3072L09,unrelated
S3172R02.jpg,S3072R08.jpg,S3172R02,S3072R08,unrelated
S3172R02.jpg,S3072R10.jpg,S3172R02,S3072R10,unrelated
S3172R02.jpg,S3162L03.jpg,S3172R02,S3162L03,unrelated
S3172R02.jpg,S3162L01.jpg,S3172R02,S3162L01,unrelated
S3172R02.jpg,S3162L02.jpg,S3172R02,S3162L02,unrelated
S3172R02.jpg,S3162L04.jpg,S3172R02,S3162L04,unrelated
S3172R02.jpg,S3162R09.jpg,S3172R02,S3162R09,unrelated
S3172R02.jpg,S3162R06.jpg,S3172R02,S3162R06,unrelated
S3172R02.jpg,S3162R10.jpg,S3172R02,S3162R10,unrelated
S3172R02.jpg,S3162R08.jpg,S3172R02,S3162R08,unrelated
S3172R02.jpg,S3162R07.jpg,S3172R02,S3162R07,unrelated
S3172R02.jpg,S3131L08.jpg,S3172R02,S3131L08,unrelated
S3172R02.jpg,S3131L10.jpg,S3172R02,S3131L10,unrelated
S3172R02.jpg,S3131R04.jpg,S3172R02,S3131R04,unrelated
S3172R02.jpg,S3131R06.jpg,S3172R02,S3131R06,unrelated
S3172R02.jpg,S3131R05.jpg,S3172R02,S3131R05,unrelated
S3172R02.jpg,S3131R07.jpg,S3172R02,S3131R07,unrelated
S3172R02.jpg,S3132L09.jpg,S3172R02,S3132L09,unrelated
S3172R02.jpg,S3132L08.jpg,S3172R02,S3132L08,unrelated
S3172R02.jpg,S3132L05.jpg,S3172R02,S3132L05,unrelated
S3172R02.jpg,S3132L10.jpg,S3172R02,S3132L10,unrelated
S3172R02.jpg,S3132L04.jpg,S3172R02,S3132L04,unrelated
S3172R02.jpg,S3132R06.jpg,S3172R02,S3132R06,unrelated
S3172R02.jpg,S3132R07.jpg,S3172R02,S3132R07,unrelated
S3172R02.jpg,S3031L06.jpg,S3172R02,S3031L06,unrelated
S3172R02.jpg,S3031R09.jpg,S3172R02,S3031R09,unrelated
S3172R02.jpg,S3032L08.jpg,S3172R02,S3032L08,unrelated
S3172R02.jpg,S3032L10.jpg,S3172R02,S3032L10,unrelated
S3172R02.jpg,S3032L09.jpg,S3172R02,S3032L09,unrelated
S3172R02.jpg,S3032L05.jpg,S3172R02,S3032L05,unrelated
S3172R02.jpg,S3032L06.jpg,S3172R02,S3032L06,unrelated
S3172R02.jpg,S3032R10.jpg,S3172R02,S3032R10,unrelated
S3172R02.jpg,S3032R05.jpg,S3172R02,S3032R05,unrelated
S3172R02.jpg,S3032R04.jpg,S3172R02,S3032R04,unrelated
S3172R02.jpg,S3032R07.jpg,S3172R02,S3032R07,unrelated
S3172R02.jpg,S3032R06.jpg,S3172R02,S3032R06,unrelated
S3172R02.jpg,S3041L03.jpg,S3172R02,S3041L03,unrelated
S3172R02.jpg,S3041L06.jpg,S3172R02,S3041L06,unrelated
S3172R02.jpg,S3041L05.jpg,S3172R02,S3041L05,unrelated
S3172R02.jpg,S3041L04.jpg,S3172R02,S3041L04,unrelated
S3172R02.jpg,S3041R01.jpg,S3172R02,S3041R01,unrelated
S3172R02.jpg,S3042L08.jpg,S3172R02,S3042L08,unrelated
S3172R02.jpg,S3042R07.jpg,S3172R02,S3042R07,unrelated
S3172R02.jpg,S3042R08.jpg,S3172R02,S3042R08,unrelated
S3172R02.jpg,S3002L02.jpg,S3172R02,S3002L02,unrelated
S3172R02.jpg,S3082R05.jpg,S3172R02,S3082R05,unrelated
S3172R02.jpg,S3082R02.jpg,S3172R02,S3082R02,unrelated
S3172R02.jpg,S3082R06.jpg,S3172R02,S3082R06,unrelated
S3172R02.jpg,S3082R01.jpg,S3172R02,S3082R01,unrelated
S3172R02.jpg,S3082R04.jpg,S3172R02,S3082R04,unrelated
S3172R02.jpg,S3061L03.jpg,S3172R02,S3061L03,unrelated
S3172R02.jpg,S3061L02.jpg,S3172R02,S3061L02,unrelated
S3172R02.jpg,S3061R01.jpg,S3172R02,S3061R01,unrelated
S3172R02.jpg,S3061R04.jpg,S3172R02,S3061R04,unrelated
S3172R02.jpg,S3061R07.jpg,S3172R02,S3061R07,unrelated
S3172R02.jpg,S3061R08.jpg,S3172R02,S3061R08,unrelated
S3172R02.jpg,S3062L03.jpg,S3172R02,S3062L03,unrelated
S3172R02.jpg,S3062L05.jpg,S3172R02,S3062L05,unrelated
S3172R02.jpg,S3062L07.jpg,S3172R02,S3062L07,unrelated
S3172R02.jpg,S3062L06.jpg,S3172R02,S3062L06,unrelated
S3172R02.jpg,S3062L04.jpg,S3172R02,S3062L04,unrelated
S3172R02.jpg,S3062R02.jpg,S3172R02,S3062R02,unrelated
S3172R02.jpg,S3062R09.jpg,S3172R02,S3062R09,unrelated
S3172R02.jpg,S3062R10.jpg,S3172R02,S3062R10,unrelated
S3172R02.jpg,S3062R07.jpg,S3172R02,S3062R07,unrelated
S3172R02.jpg,S3062R08.jpg,S3172R02,S3062R08,unrelated
S3172R02.jpg,S3021L04.jpg,S3172R02,S3021L04,unrelated
S3172R02.jpg,S3021L03.jpg,S3172R02,S3021L03,unrelated
S3172R02.jpg,S3021L06.jpg,S3172R02,S3021L06,unrelated
S3172R02.jpg,S3021L02.jpg,S3172R02,S3021L02,unrelated
S3172R02.jpg,S3021L01.jpg,S3172R02,S3021L01,unrelated
S3172R02.jpg,S3021R09.jpg,S3172R02,S3021R09,unrelated
S3172R02.jpg,S3021R01.jpg,S3172R02,S3021R01,unrelated
S3172R02.jpg,S3021R02.jpg,S3172R02,S3021R02,unrelated
S3172R02.jpg,S3021R07.jpg,S3172R02,S3021R07,unrelated
S3172R02.jpg,S3021R06.jpg,S3172R02,S3021R06,unrelated
S3172R02.jpg,S3022L01.jpg,S3172R02,S3022L01,unrelated
S3172R02.jpg,S3022R01.jpg,S3172R02,S3022R01,unrelated
S3172R02.jpg,S3022R02.jpg,S3172R02,S3022R02,unrelated
S3172R02.jpg,S3101L08.jpg,S3172R02,S3101L08,unrelated
S3172R02.jpg,S3101L04.jpg,S3172R02,S3101L04,unrelated
S3172R02.jpg,S3101L02.jpg,S3172R02,S3101L02,unrelated
S3172R02.jpg,S3101L09.jpg,S3172R02,S3101L09,unrelated
S3172R02.jpg,S3101L10.jpg,S3172R02,S3101L10,unrelated
S3172R02.jpg,S3101R07.jpg,S3172R02,S3101R07,unrelated
S3172R02.jpg,S3101R04.jpg,S3172R02,S3101R04,unrelated
S3172R02.jpg,S3101R03.jpg,S3172R02,S3101R03,unrelated
S3172R02.jpg,S3101R02.jpg,S3172R02,S3101R02,unrelated
S3172R02.jpg,S3101R05.jpg,S3172R02,S3101R05,unrelated
S3172R02.jpg,S3102L10.jpg,S3172R02,S3102L10,unrelated
S3172R02.jpg,S3102L09.jpg,S3172R02,S3102L09,unrelated
S3172R02.jpg,S3102L01.jpg,S3172R02,S3102L01,unrelated
S3172R02.jpg,S3102L07.jpg,S3172R02,S3102L07,unrelated
S3172R02.jpg,S3102L06.jpg,S3172R02,S3102L06,unrelated
S3172R02.jpg,S3102R07.jpg,S3172R02,S3102R07,unrelated
S3172R02.jpg,S3102R08.jpg,S3172R02,S3102R08,unrelated
S3172R02.jpg,S3102R02.jpg,S3172R02,S3102R02,unrelated
S3172R02.jpg,S3102R06.jpg,S3172R02,S3102R06,unrelated
S3172R02.jpg,S3102R09.jpg,S3172R02,S3102R09,unrelated
S3172R02.jpg,S3151L06.jpg,S3172R02,S3151L06,unrelated
S3172R02.jpg,S3151L04.jpg,S3172R02,S3151L04,unrelated
S3172R02.jpg,S3151L03.jpg,S3172R02,S3151L03,unrelated
S3172R02.jpg,S3151L05.jpg,S3172R02,S3151L05,unrelated
S3172R02.jpg,S3151L07.jpg,S3172R02,S3151L07,unrelated
S3172R02.jpg,S3151R03.jpg,S3172R02,S3151R03,unrelated
S3172R02.jpg,S3151R01.jpg,S3172R02,S3151R01,unrelated
S3172R02.jpg,S3151R02.jpg,S3172R02,S3151R02,unrelated
S3172R02.jpg,S3152R04.jpg,S3172R02,S3152R04,unrelated
S3172R02.jpg,S3152R03.jpg,S3172R02,S3152R03,unrelated
S3172R02.jpg,S3152R02.jpg,S3172R02,S3152R02,unrelated
S3172R02.jpg,S3152R07.jpg,S3172R02,S3152R07,unrelated
S3172R02.jpg,S3181R04.jpg,S3172R02,S3181R04,unrelated
S3172R02.jpg,S3181R05.jpg,S3172R02,S3181R05,unrelated
S3172R02.jpg,S3182L01.jpg,S3172R02,S3182L01,unrelated
S3172R02.jpg,S3182R05.jpg,S3172R02,S3182R05,unrelated
S3172R02.jpg,S3182R06.jpg,S3172R02,S3182R06,unrelated
S3172R02.jpg,S3182R04.jpg,S3172R02,S3182R04,unrelated
S3172R02.jpg,S3182R03.jpg,S3172R02,S3182R03,unrelated
S3172R02.jpg,S3182R07.jpg,S3172R02,S3182R07,unrelated
S3172R02.jpg,S3141L03.jpg,S3172R02,S3141L03,unrelated
S3172R02.jpg,S3141R07.jpg,S3172R02,S3141R07,unrelated
S3172R02.jpg,S3141R10.jpg,S3172R02,S3141R10,unrelated
S3172R02.jpg,S3141R04.jpg,S3172R02,S3141R04,unrelated
S3172R02.jpg,S3141R06.jpg,S3172R02,S3141R06,unrelated
S3172R02.jpg,S3142L03.jpg,S3172R02,S3142L03,unrelated
S3172R02.jpg,S3142L02.jpg,S3172R02,S3142L02,unrelated
S3172R02.jpg,S3142L04.jpg,S3172R02,S3142L04,unrelated
S3172R02.jpg,S3142L07.jpg,S3172R02,S3142L07,unrelated
S3172R02.jpg,S3142R08.jpg,S3172R02,S3142R08,unrelated
S3172R02.jpg,S3142R07.jpg,S3172R02,S3142R07,unrelated
S3172R02.jpg,S3142R10.jpg,S3172R02,S3142R10,unrelated
S3172R02.jpg,S3142R09.jpg,S3172R02,S3142R09,unrelated
S3172R02.jpg,S3121L03.jpg,S3172R02,S3121L03,unrelated
S3172R02.jpg,S3121L02.jpg,S3172R02,S3121L02,unrelated
S3172R02.jpg,S3121L01.jpg,S3172R02,S3121L01,unrelated
S3172R02.jpg,S3121R04.jpg,S3172R02,S3121R04,unrelated
S3172R02.jpg,S3121R02.jpg,S3172R02,S3121R02,unrelated
S3172R02.jpg,S3121R01.jpg,S3172R02,S3121R01,unrelated
S3172R02.jpg,S3121R08.jpg,S3172R02,S3121R08,unrelated
S3172R02.jpg,S3121R07.jpg,S3172R02,S3121R07,unrelated
S3172R02.jpg,S3122L09.jpg,S3172R02,S3122L09,unrelated
S3172R02.jpg,S3122L07.jpg,S3172R02,S3122L07,unrelated
S3172R02.jpg,S3122L10.jpg,S3172R02,S3122L10,unrelated
S3172R02.jpg,S3122L01.jpg,S3172R02,S3122L01,unrelated
S3172R02.jpg,S3122L05.jpg,S3172R02,S3122L05,unrelated
S3172R02.jpg,S3122R02.jpg,S3172R02,S3122R02,unrelated
S3172R02.jpg,S3122R04.jpg,S3172R02,S3122R04,unrelated
S3172R02.jpg,S3122R03.jpg,S3172R02,S3122R03,unrelated
S3172R02.jpg,S3122R01.jpg,S3172R02,S3122R01,unrelated
S3172R02.jpg,S3051L07.jpg,S3172R02,S3051L07,unrelated
S3172R02.jpg,S3051L08.jpg,S3172R02,S3051L08,unrelated
S3172R02.jpg,S3051L10.jpg,S3172R02,S3051L10,unrelated
S3172R02.jpg,S3051L06.jpg,S3172R02,S3051L06,unrelated
S3172R02.jpg,S3051R01.jpg,S3172R02,S3051R01,unrelated
S3172R02.jpg,S3051R03.jpg,S3172R02,S3051R03,unrelated
S3172R02.jpg,S3052L01.jpg,S3172R02,S3052L01,unrelated
S3172R02.jpg,S3052L02.jpg,S3172R02,S3052L02,unrelated
S3172R02.jpg,S3052L03.jpg,S3172R02,S3052L03,unrelated
S3172R02.jpg,S3052R01.jpg,S3172R02,S3052R01,unrelated
S3172R02.jpg,S3011L07.jpg,S3172R02,S3011L07,unrelated
S3172R02.jpg,S3011R01.jpg,S3172R02,S3011R01,unrelated
S3172R02.jpg,S3011R02.jpg,S3172R02,S3011R02,unrelated
S3172R02.jpg,S3012L07.jpg,S3172R02,S3012L07,unrelated
S3172R02.jpg,S3012L02.jpg,S3172R02,S3012L02,unrelated
S3172R02.jpg,S3012R07.jpg,S3172R02,S3012R07,unrelated
S3092L03.jpg,S3092L01.jpg,S3092L03,S3092L01,genuine
S3092L03.jpg,S3092L02.jpg,S3092L03,S3092L02,genuine
S3092L03.jpg,S3092L04.jpg,S3092L03,S3092L04,genuine
S3092L03.jpg,S3092L05.jpg,S3092L03,S3092L05,genuine
S3092L03.jpg,S3092R04.jpg,S3092L03,S3092R04,same_subject_different_eye
S3092L03.jpg,S3092R01.jpg,S3092L03,S3092R01,same_subject_different_eye
S3092L03.jpg,S3092R03.jpg,S3092L03,S3092R03,same_subject_different_eye
S3092L03.jpg,S3092R02.jpg,S3092L03,S3092R02,same_subject_different_eye
S3092L03.jpg,S3092R06.jpg,S3092L03,S3092R06,same_subject_different_eye
S3092L03.jpg,S3071L06.jpg,S3092L03,S3071L06,unrelated
S3092L03.jpg,S3072L08.jpg,S3092L03,S3072L08,unrelated
S3092L03.jpg,S3072L03.jpg,S3092L03,S3072L03,unrelated
S3092L03.jpg,S3072L06.jpg,S3092L03,S3072L06,unrelated
S3092L03.jpg,S3072L01.jpg,S3092L03,S3072L01,unrelated
S3092L03.jpg,S3072L09.jpg,S3092L03,S3072L09,unrelated
S3092L03.jpg,S3072R08.jpg,S3092L03,S3072R08,unrelated
S3092L03.jpg,S3072R10.jpg,S3092L03,S3072R10,unrelated
S3092L03.jpg,S3162L03.jpg,S3092L03,S3162L03,unrelated
S3092L03.jpg,S3162L01.jpg,S3092L03,S3162L01,unrelated
S3092L03.jpg,S3162L02.jpg,S3092L03,S3162L02,unrelated
S3092L03.jpg,S3162L04.jpg,S3092L03,S3162L04,unrelated
S3092L03.jpg,S3162R09.jpg,S3092L03,S3162R09,unrelated
S3092L03.jpg,S3162R06.jpg,S3092L03,S3162R06,unrelated
S3092L03.jpg,S3162R10.jpg,S3092L03,S3162R10,unrelated
S3092L03.jpg,S3162R08.jpg,S3092L03,S3162R08,unrelated
S3092L03.jpg,S3162R07.jpg,S3092L03,S3162R07,unrelated
S3092L03.jpg,S3131L08.jpg,S3092L03,S3131L08,unrelated
S3092L03.jpg,S3131L10.jpg,S3092L03,S3131L10,unrelated
S3092L03.jpg,S3131R04.jpg,S3092L03,S3131R04,unrelated
S3092L03.jpg,S3131R06.jpg,S3092L03,S3131R06,unrelated
S3092L03.jpg,S3131R05.jpg,S3092L03,S3131R05,unrelated
S3092L03.jpg,S3131R07.jpg,S3092L03,S3131R07,unrelated
S3092L03.jpg,S3132L09.jpg,S3092L03,S3132L09,unrelated
S3092L03.jpg,S3132L08.jpg,S3092L03,S3132L08,unrelated
S3092L03.jpg,S3132L05.jpg,S3092L03,S3132L05,unrelated
S3092L03.jpg,S3132L10.jpg,S3092L03,S3132L10,unrelated
S3092L03.jpg,S3132L04.jpg,S3092L03,S3132L04,unrelated
S3092L03.jpg,S3132R06.jpg,S3092L03,S3132R06,unrelated
S3092L03.jpg,S3132R07.jpg,S3092L03,S3132R07,unrelated
S3092L03.jpg,S3031L06.jpg,S3092L03,S3031L06,unrelated
S3092L03.jpg,S3031R09.jpg,S3092L03,S3031R09,unrelated
S3092L03.jpg,S3032L08.jpg,S3092L03,S3032L08,unrelated
S3092L03.jpg,S3032L10.jpg,S3092L03,S3032L10,unrelated
S3092L03.jpg,S3032L09.jpg,S3092L03,S3032L09,unrelated
S3092L03.jpg,S3032L05.jpg,S3092L03,S3032L05,unrelated
S3092L03.jpg,S3032L06.jpg,S3092L03,S3032L06,unrelated
S3092L03.jpg,S3032R10.jpg,S3092L03,S3032R10,unrelated
S3092L03.jpg,S3032R05.jpg,S3092L03,S3032R05,unrelated
S3092L03.jpg,S3032R04.jpg,S3092L03,S3032R04,unrelated
S3092L03.jpg,S3032R07.jpg,S3092L03,S3032R07,unrelated
S3092L03.jpg,S3032R06.jpg,S3092L03,S3032R06,unrelated
S3092L03.jpg,S3041L03.jpg,S3092L03,S3041L03,unrelated
S3092L03.jpg,S3041L06.jpg,S3092L03,S3041L06,unrelated
S3092L03.jpg,S3041L05.jpg,S3092L03,S3041L05,unrelated
S3092L03.jpg,S3041L04.jpg,S3092L03,S3041L04,unrelated
S3092L03.jpg,S3041R01.jpg,S3092L03,S3041R01,unrelated
S3092L03.jpg,S3042L08.jpg,S3092L03,S3042L08,unrelated
S3092L03.jpg,S3042R07.jpg,S3092L03,S3042R07,unrelated
S3092L03.jpg,S3042R08.jpg,S3092L03,S3042R08,unrelated
S3092L03.jpg,S3002L02.jpg,S3092L03,S3002L02,unrelated
S3092L03.jpg,S3082R05.jpg,S3092L03,S3082R05,unrelated
S3092L03.jpg,S3082R02.jpg,S3092L03,S3082R02,unrelated
S3092L03.jpg,S3082R06.jpg,S3092L03,S3082R06,unrelated
S3092L03.jpg,S3082R01.jpg,S3092L03,S3082R01,unrelated
S3092L03.jpg,S3082R04.jpg,S3092L03,S3082R04,unrelated
S3092L03.jpg,S3061L03.jpg,S3092L03,S3061L03,unrelated
S3092L03.jpg,S3061L02.jpg,S3092L03,S3061L02,unrelated
S3092L03.jpg,S3061R01.jpg,S3092L03,S3061R01,unrelated
S3092L03.jpg,S3061R04.jpg,S3092L03,S3061R04,unrelated
S3092L03.jpg,S3061R07.jpg,S3092L03,S3061R07,unrelated
S3092L03.jpg,S3061R08.jpg,S3092L03,S3061R08,unrelated
S3092L03.jpg,S3062L03.jpg,S3092L03,S3062L03,unrelated
S3092L03.jpg,S3062L05.jpg,S3092L03,S3062L05,unrelated
S3092L03.jpg,S3062L07.jpg,S3092L03,S3062L07,unrelated
S3092L03.jpg,S3062L06.jpg,S3092L03,S3062L06,unrelated
S3092L03.jpg,S3062L04.jpg,S3092L03,S3062L04,unrelated
S3092L03.jpg,S3062R02.jpg,S3092L03,S3062R02,unrelated
S3092L03.jpg,S3062R09.jpg,S3092L03,S3062R09,unrelated
S3092L03.jpg,S3062R10.jpg,S3092L03,S3062R10,unrelated
S3092L03.jpg,S3062R07.jpg,S3092L03,S3062R07,unrelated
S3092L03.jpg,S3062R08.jpg,S3092L03,S3062R08,unrelated
S3092L03.jpg,S3021L04.jpg,S3092L03,S3021L04,unrelated
S3092L03.jpg,S3021L03.jpg,S3092L03,S3021L03,unrelated
S3092L03.jpg,S3021L06.jpg,S3092L03,S3021L06,unrelated
S3092L03.jpg,S3021L02.jpg,S3092L03,S3021L02,unrelated
S3092L03.jpg,S3021L01.jpg,S3092L03,S3021L01,unrelated
S3092L03.jpg,S3021R09.jpg,S3092L03,S3021R09,unrelated
S3092L03.jpg,S3021R01.jpg,S3092L03,S3021R01,unrelated
S3092L03.jpg,S3021R02.jpg,S3092L03,S3021R02,unrelated
S3092L03.jpg,S3021R07.jpg,S3092L03,S3021R07,unrelated
S3092L03.jpg,S3021R06.jpg,S3092L03,S3021R06,unrelated
S3092L03.jpg,S3022L01.jpg,S3092L03,S3022L01,unrelated
S3092L03.jpg,S3022R01.jpg,S3092L03,S3022R01,unrelated
S3092L03.jpg,S3022R02.jpg,S3092L03,S3022R02,unrelated
S3092L03.jpg,S3101L08.jpg,S3092L03,S3101L08,unrelated
S3092L03.jpg,S3101L04.jpg,S3092L03,S3101L04,unrelated
S3092L03.jpg,S3101L02.jpg,S3092L03,S3101L02,unrelated
S3092L03.jpg,S3101L09.jpg,S3092L03,S3101L09,unrelated
S3092L03.jpg,S3101L10.jpg,S3092L03,S3101L10,unrelated
S3092L03.jpg,S3101R07.jpg,S3092L03,S3101R07,unrelated
S3092L03.jpg,S3101R04.jpg,S3092L03,S3101R04,unrelated
S3092L03.jpg,S3101R03.jpg,S3092L03,S3101R03,unrelated
S3092L03.jpg,S3101R02.jpg,S3092L03,S3101R02,unrelated
S3092L03.jpg,S3101R05.jpg,S3092L03,S3101R05,unrelated
S3092L03.jpg,S3102L10.jpg,S3092L03,S3102L10,unrelated
S3092L03.jpg,S3102L09.jpg,S3092L03,S3102L09,unrelated
S3092L03.jpg,S3102L01.jpg,S3092L03,S3102L01,unrelated
S3092L03.jpg,S3102L07.jpg,S3092L03,S3102L07,unrelated
S3092L03.jpg,S3102L06.jpg,S3092L03,S3102L06,unrelated
S3092L03.jpg,S3102R07.jpg,S3092L03,S3102R07,unrelated
S3092L03.jpg,S3102R08.jpg,S3092L03,S3102R08,unrelated
S3092L03.jpg,S3102R02.jpg,S3092L03,S3102R02,unrelated
S3092L03.jpg,S3102R06.jpg,S3092L03,S3102R06,unrelated
S3092L03.jpg,S3102R09.jpg,S3092L03,S3102R09,unrelated
S3092L03.jpg,S3151L06.jpg,S3092L03,S3151L06,unrelated
S3092L03.jpg,S3151L04.jpg,S3092L03,S3151L04,unrelated
S3092L03.jpg,S3151L03.jpg,S3092L03,S3151L03,unrelated
S3092L03.jpg,S3151L05.jpg,S3092L03,S3151L05,unrelated
S3092L03.jpg,S3151L07.jpg,S3092L03,S3151L07,unrelated
S3092L03.jpg,S3151R03.jpg,S3092L03,S3151R03,unrelated
S3092L03.jpg,S3151R01.jpg,S3092L03,S3151R01,unrelated
S3092L03.jpg,S3151R02.jpg,S3092L03,S3151R02,unrelated
S3092L03.jpg,S3152R04.jpg,S3092L03,S3152R04,unrelated
S3092L03.jpg,S3152R03.jpg,S3092L03,S3152R03,unrelated
S3092L03.jpg,S3152R02.jpg,S3092L03,S3152R02,unrelated
S3092L03.jpg,S3152R07.jpg,S3092L03,S3152R07,unrelated
S3092L03.jpg,S3181R04.jpg,S3092L03,S3181R04,unrelated
S3092L03.jpg,S3181R05.jpg,S3092L03,S3181R05,unrelated
S3092L03.jpg,S3182L01.jpg,S3092L03,S3182L01,unrelated
S3092L03.jpg,S3182R05.jpg,S3092L03,S3182R05,unrelated
S3092L03.jpg,S3182R06.jpg,S3092L03,S3182R06,unrelated
S3092L03.jpg,S3182R04.jpg,S3092L03,S3182R04,unrelated
S3092L03.jpg,S3182R03.jpg,S3092L03,S3182R03,unrelated
S3092L03.jpg,S3182R07.jpg,S3092L03,S3182R07,unrelated
S3092L03.jpg,S3141L03.jpg,S3092L03,S3141L03,unrelated
S3092L03.jpg,S3141R07.jpg,S3092L03,S3141R07,unrelated
S3092L03.jpg,S3141R10.jpg,S3092L03,S3141R10,unrelated
S3092L03.jpg,S3141R04.jpg,S3092L03,S3141R04,unrelated
S3092L03.jpg,S3141R06.jpg,S3092L03,S3141R06,unrelated
S3092L03.jpg,S3142L03.jpg,S3092L03,S3142L03,unrelated
S3092L03.jpg,S3142L02.jpg,S3092L03,S3142L02,unrelated
S3092L03.jpg,S3142L04.jpg,S3092L03,S3142L04,unrelated
S3092L03.jpg,S3142L07.jpg,S3092L03,S3142L07,unrelated
S3092L03.jpg,S3142R08.jpg,S3092L03,S3142R08,unrelated
S3092L03.jpg,S3142R07.jpg,S3092L03,S3142R07,unrelated
S3092L03.jpg,S3142R10.jpg,S3092L03,S3142R10,unrelated
S3092L03.jpg,S3142R09.jpg,S3092L03,S3142R09,unrelated
S3092L03.jpg,S3121L03.jpg,S3092L03,S3121L03,unrelated
S3092L03.jpg,S3121L02.jpg,S3092L03,S3121L02,unrelated
S3092L03.jpg,S3121L01.jpg,S3092L03,S3121L01,unrelated
S3092L03.jpg,S3121R04.jpg,S3092L03,S3121R04,unrelated
S3092L03.jpg,S3121R02.jpg,S3092L03,S3121R02,unrelated
S3092L03.jpg,S3121R01.jpg,S3092L03,S3121R01,unrelated
S3092L03.jpg,S3121R08.jpg,S3092L03,S3121R08,unrelated
S3092L03.jpg,S3121R07.jpg,S3092L03,S3121R07,unrelated
S3092L03.jpg,S3122L09.jpg,S3092L03,S3122L09,unrelated
S3092L03.jpg,S3122L07.jpg,S3092L03,S3122L07,unrelated
S3092L03.jpg,S3122L10.jpg,S3092L03,S3122L10,unrelated
S3092L03.jpg,S3122L01.jpg,S3092L03,S3122L01,unrelated
S3092L03.jpg,S3122L05.jpg,S3092L03,S3122L05,unrelated
S3092L03.jpg,S3122R02.jpg,S3092L03,S3122R02,unrelated
S3092L03.jpg,S3122R04.jpg,S3092L03,S3122R04,unrelated
S3092L03.jpg,S3122R03.jpg,S3092L03,S3122R03,unrelated
S3092L03.jpg,S3122R01.jpg,S3092L03,S3122R01,unrelated
S3092L03.jpg,S3051L07.jpg,S3092L03,S3051L07,unrelated
S3092L03.jpg,S3051L08.jpg,S3092L03,S3051L08,unrelated
S3092L03.jpg,S3051L10.jpg,S3092L03,S3051L10,unrelated
S3092L03.jpg,S3051L06.jpg,S3092L03,S3051L06,unrelated
S3092L03.jpg,S3051R01.jpg,S3092L03,S3051R01,unrelated
S3092L03.jpg,S3051R03.jpg,S3092L03,S3051R03,unrelated
S3092L03.jpg,S3052L01.jpg,S3092L03,S3052L01,unrelated
S3092L03.jpg,S3052L02.jpg,S3092L03,S3052L02,unrelated
S3092L03.jpg,S3052L03.jpg,S3092L03,S3052L03,unrelated
S3092L03.jpg,S3052R01.jpg,S3092L03,S3052R01,unrelated
S3092L03.jpg,S3011L07.jpg,S3092L03,S3011L07,unrelated
S3092L03.jpg,S3011R01.jpg,S3092L03,S3011R01,unrelated
S3092L03.jpg,S3011R02.jpg,S3092L03,S3011R02,unrelated
S3092L03.jpg,S3012L07.jpg,S3092L03,S3012L07,unrelated
S3092L03.jpg,S3012L02.jpg,S3092L03,S3012L02,unrelated
S3092L03.jpg,S3012R07.jpg,S3092L03,S3012R07,unrelated
S3092L01.jpg,S3092L02.jpg,S3092L01,S3092L02,genuine
S3092L01.jpg,S3092L04.jpg,S3092L01,S3092L04,genuine
S3092L01.jpg,S3092L05.jpg,S3092L01,S3092L05,genuine
S3092L01.jpg,S3092R04.jpg,S3092L01,S3092R04,same_subject_different_eye
S3092L01.jpg,S3092R01.jpg,S3092L01,S3092R01,same_subject_different_eye
S3092L01.jpg,S3092R03.jpg,S3092L01,S3092R03,same_subject_different_eye
S3092L01.jpg,S3092R02.jpg,S3092L01,S3092R02,same_subject_different_eye
S3092L01.jpg,S3092R06.jpg,S3092L01,S3092R06,same_subject_different_eye
S3092L01.jpg,S3071L06.jpg,S3092L01,S3071L06,unrelated
S3092L01.jpg,S3072L08.jpg,S3092L01,S3072L08,unrelated
S3092L01.jpg,S3072L03.jpg,S3092L01,S3072L03,unrelated
S3092L01.jpg,S3072L06.jpg,S3092L01,S3072L06,unrelated
S3092L01.jpg,S3072L01.jpg,S3092L01,S3072L01,unrelated
S3092L01.jpg,S3072L09.jpg,S3092L01,S3072L09,unrelated
S3092L01.jpg,S3072R08.jpg,S3092L01,S3072R08,unrelated
S3092L01.jpg,S3072R10.jpg,S3092L01,S3072R10,unrelated
S3092L01.jpg,S3162L03.jpg,S3092L01,S3162L03,unrelated
S3092L01.jpg,S3162L01.jpg,S3092L01,S3162L01,unrelated
S3092L01.jpg,S3162L02.jpg,S3092L01,S3162L02,unrelated
S3092L01.jpg,S3162L04.jpg,S3092L01,S3162L04,unrelated
S3092L01.jpg,S3162R09.jpg,S3092L01,S3162R09,unrelated
S3092L01.jpg,S3162R06.jpg,S3092L01,S3162R06,unrelated
S3092L01.jpg,S3162R10.jpg,S3092L01,S3162R10,unrelated
S3092L01.jpg,S3162R08.jpg,S3092L01,S3162R08,unrelated
S3092L01.jpg,S3162R07.jpg,S3092L01,S3162R07,unrelated
S3092L01.jpg,S3131L08.jpg,S3092L01,S3131L08,unrelated
S3092L01.jpg,S3131L10.jpg,S3092L01,S3131L10,unrelated
S3092L01.jpg,S3131R04.jpg,S3092L01,S3131R04,unrelated
S3092L01.jpg,S3131R06.jpg,S3092L01,S3131R06,unrelated
S3092L01.jpg,S3131R05.jpg,S3092L01,S3131R05,unrelated
S3092L01.jpg,S3131R07.jpg,S3092L01,S3131R07,unrelated
S3092L01.jpg,S3132L09.jpg,S3092L01,S3132L09,unrelated
S3092L01.jpg,S3132L08.jpg,S3092L01,S3132L08,unrelated
S3092L01.jpg,S3132L05.jpg,S3092L01,S3132L05,unrelated
S3092L01.jpg,S3132L10.jpg,S3092L01,S3132L10,unrelated
S3092L01.jpg,S3132L04.jpg,S3092L01,S3132L04,unrelated
S3092L01.jpg,S3132R06.jpg,S3092L01,S3132R06,unrelated
S3092L01.jpg,S3132R07.jpg,S3092L01,S3132R07,unrelated
S3092L01.jpg,S3031L06.jpg,S3092L01,S3031L06,unrelated
S3092L01.jpg,S3031R09.jpg,S3092L01,S3031R09,unrelated
S3092L01.jpg,S3032L08.jpg,S3092L01,S3032L08,unrelated
S3092L01.jpg,S3032L10.jpg,S3092L01,S3032L10,unrelated
S3092L01.jpg,S3032L09.jpg,S3092L01,S3032L09,unrelated
S3092L01.jpg,S3032L05.jpg,S3092L01,S3032L05,unrelated
S3092L01.jpg,S3032L06.jpg,S3092L01,S3032L06,unrelated
S3092L01.jpg,S3032R10.jpg,S3092L01,S3032R10,unrelated
S3092L01.jpg,S3032R05.jpg,S3092L01,S3032R05,unrelated
S3092L01.jpg,S3032R04.jpg,S3092L01,S3032R04,unrelated
S3092L01.jpg,S3032R07.jpg,S3092L01,S3032R07,unrelated
S3092L01.jpg,S3032R06.jpg,S3092L01,S3032R06,unrelated
S3092L01.jpg,S3041L03.jpg,S3092L01,S3041L03,unrelated
S3092L01.jpg,S3041L06.jpg,S3092L01,S3041L06,unrelated
S3092L01.jpg,S3041L05.jpg,S3092L01,S3041L05,unrelated
S3092L01.jpg,S3041L04.jpg,S3092L01,S3041L04,unrelated
S3092L01.jpg,S3041R01.jpg,S3092L01,S3041R01,unrelated
S3092L01.jpg,S3042L08.jpg,S3092L01,S3042L08,unrelated
S3092L01.jpg,S3042R07.jpg,S3092L01,S3042R07,unrelated
S3092L01.jpg,S3042R08.jpg,S3092L01,S3042R08,unrelated
S3092L01.jpg,S3002L02.jpg,S3092L01,S3002L02,unrelated
S3092L01.jpg,S3082R05.jpg,S3092L01,S3082R05,unrelated
S3092L01.jpg,S3082R02.jpg,S3092L01,S3082R02,unrelated
S3092L01.jpg,S3082R06.jpg,S3092L01,S3082R06,unrelated
S3092L01.jpg,S3082R01.jpg,S3092L01,S3082R01,unrelated
S3092L01.jpg,S3082R04.jpg,S3092L01,S3082R04,unrelated
S3092L01.jpg,S3061L03.jpg,S3092L01,S3061L03,unrelated
S3092L01.jpg,S3061L02.jpg,S3092L01,S3061L02,unrelated
S3092L01.jpg,S3061R01.jpg,S3092L01,S3061R01,unrelated
S3092L01.jpg,S3061R04.jpg,S3092L01,S3061R04,unrelated
S3092L01.jpg,S3061R07.jpg,S3092L01,S3061R07,unrelated
S3092L01.jpg,S3061R08.jpg,S3092L01,S3061R08,unrelated
S3092L01.jpg,S3062L03.jpg,S3092L01,S3062L03,unrelated
S3092L01.jpg,S3062L05.jpg,S3092L01,S3062L05,unrelated
S3092L01.jpg,S3062L07.jpg,S3092L01,S3062L07,unrelated
S3092L01.jpg,S3062L06.jpg,S3092L01,S3062L06,unrelated
S3092L01.jpg,S3062L04.jpg,S3092L01,S3062L04,unrelated
S3092L01.jpg,S3062R02.jpg,S3092L01,S3062R02,unrelated
S3092L01.jpg,S3062R09.jpg,S3092L01,S3062R09,unrelated
S3092L01.jpg,S3062R10.jpg,S3092L01,S3062R10,unrelated
S3092L01.jpg,S3062R07.jpg,S3092L01,S3062R07,unrelated
S3092L01.jpg,S3062R08.jpg,S3092L01,S3062R08,unrelated
S3092L01.jpg,S3021L04.jpg,S3092L01,S3021L04,unrelated
S3092L01.jpg,S3021L03.jpg,S3092L01,S3021L03,unrelated
S3092L01.jpg,S3021L06.jpg,S3092L01,S3021L06,unrelated
S3092L01.jpg,S3021L02.jpg,S3092L01,S3021L02,unrelated
S3092L01.jpg,S3021L01.jpg,S3092L01,S3021L01,unrelated
S3092L01.jpg,S3021R09.jpg,S3092L01,S3021R09,unrelated
S3092L01.jpg,S3021R01.jpg,S3092L01,S3021R01,unrelated
S3092L01.jpg,S3021R02.jpg,S3092L01,S3021R02,unrelated
S3092L01.jpg,S3021R07.jpg,S3092L01,S3021R07,unrelated
S3092L01.jpg,S3021R06.jpg,S3092L01,S3021R06,unrelated
S3092L01.jpg,S3022L01.jpg,S3092L01,S3022L01,unrelated
S3092L01.jpg,S3022R01.jpg,S3092L01,S3022R01,unrelated
S3092L01.jpg,S3022R02.jpg,S3092L01,S3022R02,unrelated
S3092L01.jpg,S3101L08.jpg,S3092L01,S3101L08,unrelated
S3092L01.jpg,S3101L04.jpg,S3092L01,S3101L04,unrelated
S3092L01.jpg,S3101L02.jpg,S3092L01,S3101L02,unrelated
S3092L01.jpg,S3101L09.jpg,S3092L01,S3101L09,unrelated
S3092L01.jpg,S3101L10.jpg,S3092L01,S3101L10,unrelated
S3092L01.jpg,S3101R07.jpg,S3092L01,S3101R07,unrelated
S3092L01.jpg,S3101R04.jpg,S3092L01,S3101R04,unrelated
S3092L01.jpg,S3101R03.jpg,S3092L01,S3101R03,unrelated
S3092L01.jpg,S3101R02.jpg,S3092L01,S3101R02,unrelated
S3092L01.jpg,S3101R05.jpg,S3092L01,S3101R05,unrelated
S3092L01.jpg,S3102L10.jpg,S3092L01,S3102L10,unrelated
S3092L01.jpg,S3102L09.jpg,S3092L01,S3102L09,unrelated
S3092L01.jpg,S3102L01.jpg,S3092L01,S3102L01,unrelated
S3092L01.jpg,S3102L07.jpg,S3092L01,S3102L07,unrelated
S3092L01.jpg,S3102L06.jpg,S3092L01,S3102L06,unrelated
S3092L01.jpg,S3102R07.jpg,S3092L01,S3102R07,unrelated
S3092L01.jpg,S3102R08.jpg,S3092L01,S3102R08,unrelated
S3092L01.jpg,S3102R02.jpg,S3092L01,S3102R02,unrelated
S3092L01.jpg,S3102R06.jpg,S3092L01,S3102R06,unrelated
S3092L01.jpg,S3102R09.jpg,S3092L01,S3102R09,unrelated
S3092L01.jpg,S3151L06.jpg,S3092L01,S3151L06,unrelated
S3092L01.jpg,S3151L04.jpg,S3092L01,S3151L04,unrelated
S3092L01.jpg,S3151L03.jpg,S3092L01,S3151L03,unrelated
S3092L01.jpg,S3151L05.jpg,S3092L01,S3151L05,unrelated
S3092L01.jpg,S3151L07.jpg,S3092L01,S3151L07,unrelated
S3092L01.jpg,S3151R03.jpg,S3092L01,S3151R03,unrelated
S3092L01.jpg,S3151R01.jpg,S3092L01,S3151R01,unrelated
S3092L01.jpg,S3151R02.jpg,S3092L01,S3151R02,unrelated
S3092L01.jpg,S3152R04.jpg,S3092L01,S3152R04,unrelated
S3092L01.jpg,S3152R03.jpg,S3092L01,S3152R03,unrelated
S3092L01.jpg,S3152R02.jpg,S3092L01,S3152R02,unrelated
S3092L01.jpg,S3152R07.jpg,S3092L01,S3152R07,unrelated
S3092L01.jpg,S3181R04.jpg,S3092L01,S3181R04,unrelated
S3092L01.jpg,S3181R05.jpg,S3092L01,S3181R05,unrelated
S3092L01.jpg,S3182L01.jpg,S3092L01,S3182L01,unrelated
S3092L01.jpg,S3182R05.jpg,S3092L01,S3182R05,unrelated
S3092L01.jpg,S3182R06.jpg,S3092L01,S3182R06,unrelated
S3092L01.jpg,S3182R04.jpg,S3092L01,S3182R04,unrelated
S3092L01.jpg,S3182R03.jpg,S3092L01,S3182R03,unrelated
S3092L01.jpg,S3182R07.jpg,S3092L01,S3182R07,unrelated
S3092L01.jpg,S3141L03.jpg,S3092L01,S3141L03,unrelated
S3092L01.jpg,S3141R07.jpg,S3092L01,S3141R07,unrelated
S3092L01.jpg,S3141R10.jpg,S3092L01,S3141R10,unrelated
S3092L01.jpg,S3141R04.jpg,S3092L01,S3141R04,unrelated
S3092L01.jpg,S3141R06.jpg,S3092L01,S3141R06,unrelated
S3092L01.jpg,S3142L03.jpg,S3092L01,S3142L03,unrelated
S3092L01.jpg,S3142L02.jpg,S3092L01,S3142L02,unrelated
S3092L01.jpg,S3142L04.jpg,S3092L01,S3142L04,unrelated
S3092L01.jpg,S3142L07.jpg,S3092L01,S3142L07,unrelated
S3092L01.jpg,S3142R08.jpg,S3092L01,S3142R08,unrelated
S3092L01.jpg,S3142R07.jpg,S3092L01,S3142R07,unrelated
S3092L01.jpg,S3142R10.jpg,S3092L01,S3142R10,unrelated
S3092L01.jpg,S3142R09.jpg,S3092L01,S3142R09,unrelated
S3092L01.jpg,S3121L03.jpg,S3092L01,S3121L03,unrelated
S3092L01.jpg,S3121L02.jpg,S3092L01,S3121L02,unrelated
S3092L01.jpg,S3121L01.jpg,S3092L01,S3121L01,unrelated
S3092L01.jpg,S3121R04.jpg,S3092L01,S3121R04,unrelated
S3092L01.jpg,S3121R02.jpg,S3092L01,S3121R02,unrelated
S3092L01.jpg,S3121R01.jpg,S3092L01,S3121R01,unrelated
S3092L01.jpg,S3121R08.jpg,S3092L01,S3121R08,unrelated
S3092L01.jpg,S3121R07.jpg,S3092L01,S3121R07,unrelated
S3092L01.jpg,S3122L09.jpg,S3092L01,S3122L09,unrelated
S3092L01.jpg,S3122L07.jpg,S3092L01,S3122L07,unrelated
S3092L01.jpg,S3122L10.jpg,S3092L01,S3122L10,unrelated
S3092L01.jpg,S3122L01.jpg,S3092L01,S3122L01,unrelated
S3092L01.jpg,S3122L05.jpg,S3092L01,S3122L05,unrelated
S3092L01.jpg,S3122R02.jpg,S3092L01,S3122R02,unrelated
S3092L01.jpg,S3122R04.jpg,S3092L01,S3122R04,unrelated
S3092L01.jpg,S3122R03.jpg,S3092L01,S3122R03,unrelated
S3092L01.jpg,S3122R01.jpg,S3092L01,S3122R01,unrelated
S3092L01.jpg,S3051L07.jpg,S3092L01,S3051L07,unrelated
S3092L01.jpg,S3051L08.jpg,S3092L01,S3051L08,unrelated
S3092L01.jpg,S3051L10.jpg,S3092L01,S3051L10,unrelated
S3092L01.jpg,S3051L06.jpg,S3092L01,S3051L06,unrelated
S3092L01.jpg,S3051R01.jpg,S3092L01,S3051R01,unrelated
S3092L01.jpg,S3051R03.jpg,S3092L01,S3051R03,unrelated
S3092L01.jpg,S3052L01.jpg,S3092L01,S3052L01,unrelated
S3092L01.jpg,S3052L02.jpg,S3092L01,S3052L02,unrelated
S3092L01.jpg,S3052L03.jpg,S3092L01,S3052L03,unrelated
S3092L01.jpg,S3052R01.jpg,S3092L01,S3052R01,unrelated
S3092L01.jpg,S3011L07.jpg,S3092L01,S3011L07,unrelated
S3092L01.jpg,S3011R01.jpg,S3092L01,S3011R01,unrelated
S3092L01.jpg,S3011R02.jpg,S3092L01,S3011R02,unrelated
S3092L01.jpg,S3012L07.jpg,S3092L01,S3012L07,unrelated
S3092L01.jpg,S3012L02.jpg,S3092L01,S3012L02,unrelated
S3092L01.jpg,S3012R07.jpg,S3092L01,S3012R07,unrelated
S3092L02.jpg,S3092L04.jpg,S3092L02,S3092L04,genuine
S3092L02.jpg,S3092L05.jpg,S3092L02,S3092L05,genuine
S3092L02.jpg,S3092R04.jpg,S3092L02,S3092R04,same_subject_different_eye
S3092L02.jpg,S3092R01.jpg,S3092L02,S3092R01,same_subject_different_eye
S3092L02.jpg,S3092R03.jpg,S3092L02,S3092R03,same_subject_different_eye
S3092L02.jpg,S3092R02.jpg,S3092L02,S3092R02,same_subject_different_eye
S3092L02.jpg,S3092R06.jpg,S3092L02,S3092R06,same_subject_different_eye
S3092L02.jpg,S3071L06.jpg,S3092L02,S3071L06,unrelated
S3092L02.jpg,S3072L08.jpg,S3092L02,S3072L08,unrelated
S3092L02.jpg,S3072L03.jpg,S3092L02,S3072L03,unrelated
S3092L02.jpg,S3072L06.jpg,S3092L02,S3072L06,unrelated
S3092L02.jpg,S3072L01.jpg,S3092L02,S3072L01,unrelated
S3092L02.jpg,S3072L09.jpg,S3092L02,S3072L09,unrelated
S3092L02.jpg,S3072R08.jpg,S3092L02,S3072R08,unrelated
S3092L02.jpg,S3072R10.jpg,S3092L02,S3072R10,unrelated
S3092L02.jpg,S3162L03.jpg,S3092L02,S3162L03,unrelated
S3092L02.jpg,S3162L01.jpg,S3092L02,S3162L01,unrelated
S3092L02.jpg,S3162L02.jpg,S3092L02,S3162L02,unrelated
S3092L02.jpg,S3162L04.jpg,S3092L02,S3162L04,unrelated
S3092L02.jpg,S3162R09.jpg,S3092L02,S3162R09,unrelated
S3092L02.jpg,S3162R06.jpg,S3092L02,S3162R06,unrelated
S3092L02.jpg,S3162R10.jpg,S3092L02,S3162R10,unrelated
S3092L02.jpg,S3162R08.jpg,S3092L02,S3162R08,unrelated
S3092L02.jpg,S3162R07.jpg,S3092L02,S3162R07,unrelated
S3092L02.jpg,S3131L08.jpg,S3092L02,S3131L08,unrelated
S3092L02.jpg,S3131L10.jpg,S3092L02,S3131L10,unrelated
S3092L02.jpg,S3131R04.jpg,S3092L02,S3131R04,unrelated
S3092L02.jpg,S3131R06.jpg,S3092L02,S3131R06,unrelated
S3092L02.jpg,S3131R05.jpg,S3092L02,S3131R05,unrelated
S3092L02.jpg,S3131R07.jpg,S3092L02,S3131R07,unrelated
S3092L02.jpg,S3132L09.jpg,S3092L02,S3132L09,unrelated
S3092L02.jpg,S3132L08.jpg,S3092L02,S3132L08,unrelated
S3092L02.jpg,S3132L05.jpg,S3092L02,S3132L05,unrelated
S3092L02.jpg,S3132L10.jpg,S3092L02,S3132L10,unrelated
S3092L02.jpg,S3132L04.jpg,S3092L02,S3132L04,unrelated
S3092L02.jpg,S3132R06.jpg,S3092L02,S3132R06,unrelated
S3092L02.jpg,S3132R07.jpg,S3092L02,S3132R07,unrelated
S3092L02.jpg,S3031L06.jpg,S3092L02,S3031L06,unrelated
S3092L02.jpg,S3031R09.jpg,S3092L02,S3031R09,unrelated
S3092L02.jpg,S3032L08.jpg,S3092L02,S3032L08,unrelated
S3092L02.jpg,S3032L10.jpg,S3092L02,S3032L10,unrelated
S3092L02.jpg,S3032L09.jpg,S3092L02,S3032L09,unrelated
S3092L02.jpg,S3032L05.jpg,S3092L02,S3032L05,unrelated
S3092L02.jpg,S3032L06.jpg,S3092L02,S3032L06,unrelated
S3092L02.jpg,S3032R10.jpg,S3092L02,S3032R10,unrelated
S3092L02.jpg,S3032R05.jpg,S3092L02,S3032R05,unrelated
S3092L02.jpg,S3032R04.jpg,S3092L02,S3032R04,unrelated
S3092L02.jpg,S3032R07.jpg,S3092L02,S3032R07,unrelated
S3092L02.jpg,S3032R06.jpg,S3092L02,S3032R06,unrelated
S3092L02.jpg,S3041L03.jpg,S3092L02,S3041L03,unrelated
S3092L02.jpg,S3041L06.jpg,S3092L02,S3041L06,unrelated
S3092L02.jpg,S3041L05.jpg,S3092L02,S3041L05,unrelated
S3092L02.jpg,S3041L04.jpg,S3092L02,S3041L04,unrelated
S3092L02.jpg,S3041R01.jpg,S3092L02,S3041R01,unrelated
S3092L02.jpg,S3042L08.jpg,S3092L02,S3042L08,unrelated
S3092L02.jpg,S3042R07.jpg,S3092L02,S3042R07,unrelated
S3092L02.jpg,S3042R08.jpg,S3092L02,S3042R08,unrelated
S3092L02.jpg,S3002L02.jpg,S3092L02,S3002L02,unrelated
S3092L02.jpg,S3082R05.jpg,S3092L02,S3082R05,unrelated
S3092L02.jpg,S3082R02.jpg,S3092L02,S3082R02,unrelated
S3092L02.jpg,S3082R06.jpg,S3092L02,S3082R06,unrelated
S3092L02.jpg,S3082R01.jpg,S3092L02,S3082R01,unrelated
S3092L02.jpg,S3082R04.jpg,S3092L02,S3082R04,unrelated
S3092L02.jpg,S3061L03.jpg,S3092L02,S3061L03,unrelated
S3092L02.jpg,S3061L02.jpg,S3092L02,S3061L02,unrelated
S3092L02.jpg,S3061R01.jpg,S3092L02,S3061R01,unrelated
S3092L02.jpg,S3061R04.jpg,S3092L02,S3061R04,unrelated
S3092L02.jpg,S3061R07.jpg,S3092L02,S3061R07,unrelated
S3092L02.jpg,S3061R08.jpg,S3092L02,S3061R08,unrelated
S3092L02.jpg,S3062L03.jpg,S3092L02,S3062L03,unrelated
S3092L02.jpg,S3062L05.jpg,S3092L02,S3062L05,unrelated
S3092L02.jpg,S3062L07.jpg,S3092L02,S3062L07,unrelated
S3092L02.jpg,S3062L06.jpg,S3092L02,S3062L06,unrelated
S3092L02.jpg,S3062L04.jpg,S3092L02,S3062L04,unrelated
S3092L02.jpg,S3062R02.jpg,S3092L02,S3062R02,unrelated
S3092L02.jpg,S3062R09.jpg,S3092L02,S3062R09,unrelated
S3092L02.jpg,S3062R10.jpg,S3092L02,S3062R10,unrelated
S3092L02.jpg,S3062R07.jpg,S3092L02,S3062R07,unrelated
S3092L02.jpg,S3062R08.jpg,S3092L02,S3062R08,unrelated
S3092L02.jpg,S3021L04.jpg,S3092L02,S3021L04,unrelated
S3092L02.jpg,S3021L03.jpg,S3092L02,S3021L03,unrelated
S3092L02.jpg,S3021L06.jpg,S3092L02,S3021L06,unrelated
S3092L02.jpg,S3021L02.jpg,S3092L02,S3021L02,unrelated
S3092L02.jpg,S3021L01.jpg,S3092L02,S3021L01,unrelated
S3092L02.jpg,S3021R09.jpg,S3092L02,S3021R09,unrelated
S3092L02.jpg,S3021R01.jpg,S3092L02,S3021R01,unrelated
S3092L02.jpg,S3021R02.jpg,S3092L02,S3021R02,unrelated
S3092L02.jpg,S3021R07.jpg,S3092L02,S3021R07,unrelated
S3092L02.jpg,S3021R06.jpg,S3092L02,S3021R06,unrelated
S3092L02.jpg,S3022L01.jpg,S3092L02,S3022L01,unrelated
S3092L02.jpg,S3022R01.jpg,S3092L02,S3022R01,unrelated
S3092L02.jpg,S3022R02.jpg,S3092L02,S3022R02,unrelated
S3092L02.jpg,S3101L08.jpg,S3092L02,S3101L08,unrelated
S3092L02.jpg,S3101L04.jpg,S3092L02,S3101L04,unrelated
S3092L02.jpg,S3101L02.jpg,S3092L02,S3101L02,unrelated
S3092L02.jpg,S3101L09.jpg,S3092L02,S3101L09,unrelated
S3092L02.jpg,S3101L10.jpg,S3092L02,S3101L10,unrelated
S3092L02.jpg,S3101R07.jpg,S3092L02,S3101R07,unrelated
S3092L02.jpg,S3101R04.jpg,S3092L02,S3101R04,unrelated
S3092L02.jpg,S3101R03.jpg,S3092L02,S3101R03,unrelated
S3092L02.jpg,S3101R02.jpg,S3092L02,S3101R02,unrelated
S3092L02.jpg,S3101R05.jpg,S3092L02,S3101R05,unrelated
S3092L02.jpg,S3102L10.jpg,S3092L02,S3102L10,unrelated
S3092L02.jpg,S3102L09.jpg,S3092L02,S3102L09,unrelated
S3092L02.jpg,S3102L01.jpg,S3092L02,S3102L01,unrelated
S3092L02.jpg,S3102L07.jpg,S3092L02,S3102L07,unrelated
S3092L02.jpg,S3102L06.jpg,S3092L02,S3102L06,unrelated
S3092L02.jpg,S3102R07.jpg,S3092L02,S3102R07,unrelated
S3092L02.jpg,S3102R08.jpg,S3092L02,S3102R08,unrelated
S3092L02.jpg,S3102R02.jpg,S3092L02,S3102R02,unrelated
S3092L02.jpg,S3102R06.jpg,S3092L02,S3102R06,unrelated
S3092L02.jpg,S3102R09.jpg,S3092L02,S3102R09,unrelated
S3092L02.jpg,S3151L06.jpg,S3092L02,S3151L06,unrelated
S3092L02.jpg,S3151L04.jpg,S3092L02,S3151L04,unrelated
S3092L02.jpg,S3151L03.jpg,S3092L02,S3151L03,unrelated
S3092L02.jpg,S3151L05.jpg,S3092L02,S3151L05,unrelated
S3092L02.jpg,S3151L07.jpg,S3092L02,S3151L07,unrelated
S3092L02.jpg,S3151R03.jpg,S3092L02,S3151R03,unrelated
S3092L02.jpg,S3151R01.jpg,S3092L02,S3151R01,unrelated
S3092L02.jpg,S3151R02.jpg,S3092L02,S3151R02,unrelated
S3092L02.jpg,S3152R04.jpg,S3092L02,S3152R04,unrelated
S3092L02.jpg,S3152R03.jpg,S3092L02,S3152R03,unrelated
S3092L02.jpg,S3152R02.jpg,S3092L02,S3152R02,unrelated
S3092L02.jpg,S3152R07.jpg,S3092L02,S3152R07,unrelated
S3092L02.jpg,S3181R04.jpg,S3092L02,S3181R04,unrelated
S3092L02.jpg,S3181R05.jpg,S3092L02,S3181R05,unrelated
S3092L02.jpg,S3182L01.jpg,S3092L02,S3182L01,unrelated
S3092L02.jpg,S3182R05.jpg,S3092L02,S3182R05,unrelated
S3092L02.jpg,S3182R06.jpg,S3092L02,S3182R06,unrelated
S3092L02.jpg,S3182R04.jpg,S3092L02,S3182R04,unrelated
S3092L02.jpg,S3182R03.jpg,S3092L02,S3182R03,unrelated
S3092L02.jpg,S3182R07.jpg,S3092L02,S3182R07,unrelated
S3092L02.jpg,S3141L03.jpg,S3092L02,S3141L03,unrelated
S3092L02.jpg,S3141R07.jpg,S3092L02,S3141R07,unrelated
S3092L02.jpg,S3141R10.jpg,S3092L02,S3141R10,unrelated
S3092L02.jpg,S3141R04.jpg,S3092L02,S3141R04,unrelated
S3092L02.jpg,S3141R06.jpg,S3092L02,S3141R06,unrelated
S3092L02.jpg,S3142L03.jpg,S3092L02,S3142L03,unrelated
S3092L02.jpg,S3142L02.jpg,S3092L02,S3142L02,unrelated
S3092L02.jpg,S3142L04.jpg,S3092L02,S3142L04,unrelated
S3092L02.jpg,S3142L07.jpg,S3092L02,S3142L07,unrelated
S3092L02.jpg,S3142R08.jpg,S3092L02,S3142R08,unrelated
S3092L02.jpg,S3142R07.jpg,S3092L02,S3142R07,unrelated
S3092L02.jpg,S3142R10.jpg,S3092L02,S3142R10,unrelated
S3092L02.jpg,S3142R09.jpg,S3092L02,S3142R09,unrelated
S3092L02.jpg,S3121L03.jpg,S3092L02,S3121L03,unrelated
S3092L02.jpg,S3121L02.jpg,S3092L02,S3121L02,unrelated
S3092L02.jpg,S3121L01.jpg,S3092L02,S3121L01,unrelated
S3092L02.jpg,S3121R04.jpg,S3092L02,S3121R04,unrelated
S3092L02.jpg,S3121R02.jpg,S3092L02,S3121R02,unrelated
S3092L02.jpg,S3121R01.jpg,S3092L02,S3121R01,unrelated
S3092L02.jpg,S3121R08.jpg,S3092L02,S3121R08,unrelated
S3092L02.jpg,S3121R07.jpg,S3092L02,S3121R07,unrelated
S3092L02.jpg,S3122L09.jpg,S3092L02,S3122L09,unrelated
S3092L02.jpg,S3122L07.jpg,S3092L02,S3122L07,unrelated
S3092L02.jpg,S3122L10.jpg,S3092L02,S3122L10,unrelated
S3092L02.jpg,S3122L01.jpg,S3092L02,S3122L01,unrelated
S3092L02.jpg,S3122L05.jpg,S3092L02,S3122L05,unrelated
S3092L02.jpg,S3122R02.jpg,S3092L02,S3122R02,unrelated
S3092L02.jpg,S3122R04.jpg,S3092L02,S3122R04,unrelated
S3092L02.jpg,S3122R03.jpg,S3092L02,S3122R03,unrelated
S3092L02.jpg,S3122R01.jpg,S3092L02,S3122R01,unrelated
S3092L02.jpg,S3051L07.jpg,S3092L02,S3051L07,unrelated
S3092L02.jpg,S3051L08.jpg,S3092L02,S3051L08,unrelated
S3092L02.jpg,S3051L10.jpg,S3092L02,S3051L10,unrelated
S3092L02.jpg,S3051L06.jpg,S3092L02,S3051L06,unrelated
S3092L02.jpg,S3051R01.jpg,S3092L02,S3051R01,unrelated
S3092L02.jpg,S3051R03.jpg,S3092L02,S3051R03,unrelated
S3092L02.jpg,S3052L01.jpg,S3092L02,S3052L01,unrelated
S3092L02.jpg,S3052L02.jpg,S3092L02,S3052L02,unrelated
S3092L02.jpg,S3052L03.jpg,S3092L02,S3052L03,unrelated
S3092L02.jpg,S3052R01.jpg,S3092L02,S3052R01,unrelated
S3092L02.jpg,S3011L07.jpg,S3092L02,S3011L07,unrelated
S3092L02.jpg,S3011R01.jpg,S3092L02,S3011R01,unrelated
S3092L02.jpg,S3011R02.jpg,S3092L02,S3011R02,unrelated
S3092L02.jpg,S3012L07.jpg,S3092L02,S3012L07,unrelated
S3092L02.jpg,S3012L02.jpg,S3092L02,S3012L02,unrelated
S3092L02.jpg,S3012R07.jpg,S3092L02,S3012R07,unrelated
S3092L04.jpg,S3092L05.jpg,S3092L04,S3092L05,genuine
S3092L04.jpg,S3092R04.jpg,S3092L04,S3092R04,same_subject_different_eye
S3092L04.jpg,S3092R01.jpg,S3092L04,S3092R01,same_subject_different_eye
S3092L04.jpg,S3092R03.jpg,S3092L04,S3092R03,same_subject_different_eye
S3092L04.jpg,S3092R02.jpg,S3092L04,S3092R02,same_subject_different_eye
S3092L04.jpg,S3092R06.jpg,S3092L04,S3092R06,same_subject_different_eye
S3092L04.jpg,S3071L06.jpg,S3092L04,S3071L06,unrelated
S3092L04.jpg,S3072L08.jpg,S3092L04,S3072L08,unrelated
S3092L04.jpg,S3072L03.jpg,S3092L04,S3072L03,unrelated
S3092L04.jpg,S3072L06.jpg,S3092L04,S3072L06,unrelated
S3092L04.jpg,S3072L01.jpg,S3092L04,S3072L01,unrelated
S3092L04.jpg,S3072L09.jpg,S3092L04,S3072L09,unrelated
S3092L04.jpg,S3072R08.jpg,S3092L04,S3072R08,unrelated
S3092L04.jpg,S3072R10.jpg,S3092L04,S3072R10,unrelated
S3092L04.jpg,S3162L03.jpg,S3092L04,S3162L03,unrelated
S3092L04.jpg,S3162L01.jpg,S3092L04,S3162L01,unrelated
S3092L04.jpg,S3162L02.jpg,S3092L04,S3162L02,unrelated
S3092L04.jpg,S3162L04.jpg,S3092L04,S3162L04,unrelated
S3092L04.jpg,S3162R09.jpg,S3092L04,S3162R09,unrelated
S3092L04.jpg,S3162R06.jpg,S3092L04,S3162R06,unrelated
S3092L04.jpg,S3162R10.jpg,S3092L04,S3162R10,unrelated
S3092L04.jpg,S3162R08.jpg,S3092L04,S3162R08,unrelated
S3092L04.jpg,S3162R07.jpg,S3092L04,S3162R07,unrelated
S3092L04.jpg,S3131L08.jpg,S3092L04,S3131L08,unrelated
S3092L04.jpg,S3131L10.jpg,S3092L04,S3131L10,unrelated
S3092L04.jpg,S3131R04.jpg,S3092L04,S3131R04,unrelated
S3092L04.jpg,S3131R06.jpg,S3092L04,S3131R06,unrelated
S3092L04.jpg,S3131R05.jpg,S3092L04,S3131R05,unrelated
S3092L04.jpg,S3131R07.jpg,S3092L04,S3131R07,unrelated
S3092L04.jpg,S3132L09.jpg,S3092L04,S3132L09,unrelated
S3092L04.jpg,S3132L08.jpg,S3092L04,S3132L08,unrelated
S3092L04.jpg,S3132L05.jpg,S3092L04,S3132L05,unrelated
S3092L04.jpg,S3132L10.jpg,S3092L04,S3132L10,unrelated
S3092L04.jpg,S3132L04.jpg,S3092L04,S3132L04,unrelated
S3092L04.jpg,S3132R06.jpg,S3092L04,S3132R06,unrelated
S3092L04.jpg,S3132R07.jpg,S3092L04,S3132R07,unrelated
S3092L04.jpg,S3031L06.jpg,S3092L04,S3031L06,unrelated
S3092L04.jpg,S3031R09.jpg,S3092L04,S3031R09,unrelated
S3092L04.jpg,S3032L08.jpg,S3092L04,S3032L08,unrelated
S3092L04.jpg,S3032L10.jpg,S3092L04,S3032L10,unrelated
S3092L04.jpg,S3032L09.jpg,S3092L04,S3032L09,unrelated
S3092L04.jpg,S3032L05.jpg,S3092L04,S3032L05,unrelated
S3092L04.jpg,S3032L06.jpg,S3092L04,S3032L06,unrelated
S3092L04.jpg,S3032R10.jpg,S3092L04,S3032R10,unrelated
S3092L04.jpg,S3032R05.jpg,S3092L04,S3032R05,unrelated
S3092L04.jpg,S3032R04.jpg,S3092L04,S3032R04,unrelated
S3092L04.jpg,S3032R07.jpg,S3092L04,S3032R07,unrelated
S3092L04.jpg,S3032R06.jpg,S3092L04,S3032R06,unrelated
S3092L04.jpg,S3041L03.jpg,S3092L04,S3041L03,unrelated
S3092L04.jpg,S3041L06.jpg,S3092L04,S3041L06,unrelated
S3092L04.jpg,S3041L05.jpg,S3092L04,S3041L05,unrelated
S3092L04.jpg,S3041L04.jpg,S3092L04,S3041L04,unrelated
S3092L04.jpg,S3041R01.jpg,S3092L04,S3041R01,unrelated
S3092L04.jpg,S3042L08.jpg,S3092L04,S3042L08,unrelated
S3092L04.jpg,S3042R07.jpg,S3092L04,S3042R07,unrelated
S3092L04.jpg,S3042R08.jpg,S3092L04,S3042R08,unrelated
S3092L04.jpg,S3002L02.jpg,S3092L04,S3002L02,unrelated
S3092L04.jpg,S3082R05.jpg,S3092L04,S3082R05,unrelated
S3092L04.jpg,S3082R02.jpg,S3092L04,S3082R02,unrelated
S3092L04.jpg,S3082R06.jpg,S3092L04,S3082R06,unrelated
S3092L04.jpg,S3082R01.jpg,S3092L04,S3082R01,unrelated
S3092L04.jpg,S3082R04.jpg,S3092L04,S3082R04,unrelated
S3092L04.jpg,S3061L03.jpg,S3092L04,S3061L03,unrelated
S3092L04.jpg,S3061L02.jpg,S3092L04,S3061L02,unrelated
S3092L04.jpg,S3061R01.jpg,S3092L04,S3061R01,unrelated
S3092L04.jpg,S3061R04.jpg,S3092L04,S3061R04,unrelated
S3092L04.jpg,S3061R07.jpg,S3092L04,S3061R07,unrelated
S3092L04.jpg,S3061R08.jpg,S3092L04,S3061R08,unrelated
S3092L04.jpg,S3062L03.jpg,S3092L04,S3062L03,unrelated
S3092L04.jpg,S3062L05.jpg,S3092L04,S3062L05,unrelated
S3092L04.jpg,S3062L07.jpg,S3092L04,S3062L07,unrelated
S3092L04.jpg,S3062L06.jpg,S3092L04,S3062L06,unrelated
S3092L04.jpg,S3062L04.jpg,S3092L04,S3062L04,unrelated
S3092L04.jpg,S3062R02.jpg,S3092L04,S3062R02,unrelated
S3092L04.jpg,S3062R09.jpg,S3092L04,S3062R09,unrelated
S3092L04.jpg,S3062R10.jpg,S3092L04,S3062R10,unrelated
S3092L04.jpg,S3062R07.jpg,S3092L04,S3062R07,unrelated
S3092L04.jpg,S3062R08.jpg,S3092L04,S3062R08,unrelated
S3092L04.jpg,S3021L04.jpg,S3092L04,S3021L04,unrelated
S3092L04.jpg,S3021L03.jpg,S3092L04,S3021L03,unrelated
S3092L04.jpg,S3021L06.jpg,S3092L04,S3021L06,unrelated
S3092L04.jpg,S3021L02.jpg,S3092L04,S3021L02,unrelated
S3092L04.jpg,S3021L01.jpg,S3092L04,S3021L01,unrelated
S3092L04.jpg,S3021R09.jpg,S3092L04,S3021R09,unrelated
S3092L04.jpg,S3021R01.jpg,S3092L04,S3021R01,unrelated
S3092L04.jpg,S3021R02.jpg,S3092L04,S3021R02,unrelated
S3092L04.jpg,S3021R07.jpg,S3092L04,S3021R07,unrelated
S3092L04.jpg,S3021R06.jpg,S3092L04,S3021R06,unrelated
S3092L04.jpg,S3022L01.jpg,S3092L04,S3022L01,unrelated
S3092L04.jpg,S3022R01.jpg,S3092L04,S3022R01,unrelated
S3092L04.jpg,S3022R02.jpg,S3092L04,S3022R02,unrelated
S3092L04.jpg,S3101L08.jpg,S3092L04,S3101L08,unrelated
S3092L04.jpg,S3101L04.jpg,S3092L04,S3101L04,unrelated
S3092L04.jpg,S3101L02.jpg,S3092L04,S3101L02,unrelated
S3092L04.jpg,S3101L09.jpg,S3092L04,S3101L09,unrelated
S3092L04.jpg,S3101L10.jpg,S3092L04,S3101L10,unrelated
S3092L04.jpg,S3101R07.jpg,S3092L04,S3101R07,unrelated
S3092L04.jpg,S3101R04.jpg,S3092L04,S3101R04,unrelated
S3092L04.jpg,S3101R03.jpg,S3092L04,S3101R03,unrelated
S3092L04.jpg,S3101R02.jpg,S3092L04,S3101R02,unrelated
S3092L04.jpg,S3101R05.jpg,S3092L04,S3101R05,unrelated
S3092L04.jpg,S3102L10.jpg,S3092L04,S3102L10,unrelated
S3092L04.jpg,S3102L09.jpg,S3092L04,S3102L09,unrelated
S3092L04.jpg,S3102L01.jpg,S3092L04,S3102L01,unrelated
S3092L04.jpg,S3102L07.jpg,S3092L04,S3102L07,unrelated
S3092L04.jpg,S3102L06.jpg,S3092L04,S3102L06,unrelated
S3092L04.jpg,S3102R07.jpg,S3092L04,S3102R07,unrelated
S3092L04.jpg,S3102R08.jpg,S3092L04,S3102R08,unrelated
S3092L04.jpg,S3102R02.jpg,S3092L04,S3102R02,unrelated
S3092L04.jpg,S3102R06.jpg,S3092L04,S3102R06,unrelated
S3092L04.jpg,S3102R09.jpg,S3092L04,S3102R09,unrelated
S3092L04.jpg,S3151L06.jpg,S3092L04,S3151L06,unrelated
S3092L04.jpg,S3151L04.jpg,S3092L04,S3151L04,unrelated
S3092L04.jpg,S3151L03.jpg,S3092L04,S3151L03,unrelated
S3092L04.jpg,S3151L05.jpg,S3092L04,S3151L05,unrelated
S3092L04.jpg,S3151L07.jpg,S3092L04,S3151L07,unrelated
S3092L04.jpg,S3151R03.jpg,S3092L04,S3151R03,unrelated
S3092L04.jpg,S3151R01.jpg,S3092L04,S3151R01,unrelated
S3092L04.jpg,S3151R02.jpg,S3092L04,S3151R02,unrelated
S3092L04.jpg,S3152R04.jpg,S3092L04,S3152R04,unrelated
S3092L04.jpg,S3152R03.jpg,S3092L04,S3152R03,unrelated
S3092L04.jpg,S3152R02.jpg,S3092L04,S3152R02,unrelated
S3092L04.jpg,S3152R07.jpg,S3092L04,S3152R07,unrelated
S3092L04.jpg,S3181R04.jpg,S3092L04,S3181R04,unrelated
S3092L04.jpg,S3181R05.jpg,S3092L04,S3181R05,unrelated
S3092L04.jpg,S3182L01.jpg,S3092L04,S3182L01,unrelated
S3092L04.jpg,S3182R05.jpg,S3092L04,S3182R05,unrelated
S3092L04.jpg,S3182R06.jpg,S3092L04,S3182R06,unrelated
S3092L04.jpg,S3182R04.jpg,S3092L04,S3182R04,unrelated
S3092L04.jpg,S3182R03.jpg,S3092L04,S3182R03,unrelated
S3092L04.jpg,S3182R07.jpg,S3092L04,S3182R07,unrelated
S3092L04.jpg,S3141L03.jpg,S3092L04,S3141L03,unrelated
S3092L04.jpg,S3141R07.jpg,S3092L04,S3141R07,unrelated
S3092L04.jpg,S3141R10.jpg,S3092L04,S3141R10,unrelated
S3092L04.jpg,S3141R04.jpg,S3092L04,S3141R04,unrelated
S3092L04.jpg,S3141R06.jpg,S3092L04,S3141R06,unrelated
S3092L04.jpg,S3142L03.jpg,S3092L04,S3142L03,unrelated
S3092L04.jpg,S3142L02.jpg,S3092L04,S3142L02,unrelated
S3092L04.jpg,S3142L04.jpg,S3092L04,S3142L04,unrelated
S3092L04.jpg,S3142L07.jpg,S3092L04,S3142L07,unrelated
S3092L04.jpg,S3142R08.jpg,S3092L04,S3142R08,unrelated
S3092L04.jpg,S3142R07.jpg,S3092L04,S3142R07,unrelated
S3092L04.jpg,S3142R10.jpg,S3092L04,S3142R10,unrelated
S3092L04.jpg,S3142R09.jpg,S3092L04,S3142R09,unrelated
S3092L04.jpg,S3121L03.jpg,S3092L04,S3121L03,unrelated
S3092L04.jpg,S3121L02.jpg,S3092L04,S3121L02,unrelated
S3092L04.jpg,S3121L01.jpg,S3092L04,S3121L01,unrelated
S3092L04.jpg,S3121R04.jpg,S3092L04,S3121R04,unrelated
S3092L04.jpg,S3121R02.jpg,S3092L04,S3121R02,unrelated
S3092L04.jpg,S3121R01.jpg,S3092L04,S3121R01,unrelated
S3092L04.jpg,S3121R08.jpg,S3092L04,S3121R08,unrelated
S3092L04.jpg,S3121R07.jpg,S3092L04,S3121R07,unrelated
S3092L04.jpg,S3122L09.jpg,S3092L04,S3122L09,unrelated
S3092L04.jpg,S3122L07.jpg,S3092L04,S3122L07,unrelated
S3092L04.jpg,S3122L10.jpg,S3092L04,S3122L10,unrelated
S3092L04.jpg,S3122L01.jpg,S3092L04,S3122L01,unrelated
S3092L04.jpg,S3122L05.jpg,S3092L04,S3122L05,unrelated
S3092L04.jpg,S3122R02.jpg,S3092L04,S3122R02,unrelated
S3092L04.jpg,S3122R04.jpg,S3092L04,S3122R04,unrelated
S3092L04.jpg,S3122R03.jpg,S3092L04,S3122R03,unrelated
S3092L04.jpg,S3122R01.jpg,S3092L04,S3122R01,unrelated
S3092L04.jpg,S3051L07.jpg,S3092L04,S3051L07,unrelated
S3092L04.jpg,S3051L08.jpg,S3092L04,S3051L08,unrelated
S3092L04.jpg,S3051L10.jpg,S3092L04,S3051L10,unrelated
S3092L04.jpg,S3051L06.jpg,S3092L04,S3051L06,unrelated
S3092L04.jpg,S3051R01.jpg,S3092L04,S3051R01,unrelated
S3092L04.jpg,S3051R03.jpg,S3092L04,S3051R03,unrelated
S3092L04.jpg,S3052L01.jpg,S3092L04,S3052L01,unrelated
S3092L04.jpg,S3052L02.jpg,S3092L04,S3052L02,unrelated
S3092L04.jpg,S3052L03.jpg,S3092L04,S3052L03,unrelated
S3092L04.jpg,S3052R01.jpg,S3092L04,S3052R01,unrelated
S3092L04.jpg,S3011L07.jpg,S3092L04,S3011L07,unrelated
S3092L04.jpg,S3011R01.jpg,S3092L04,S3011R01,unrelated
S3092L04.jpg,S3011R02.jpg,S3092L04,S3011R02,unrelated
S3092L04.jpg,S3012L07.jpg,S3092L04,S3012L07,unrelated
S3092L04.jpg,S3012L02.jpg,S3092L04,S3012L02,unrelated
S3092L04.jpg,S3012R07.jpg,S3092L04,S3012R07,unrelated
S3092L05.jpg,S3092R04.jpg,S3092L05,S3092R04,same_subject_different_eye
S3092L05.jpg,S3092R01.jpg,S3092L05,S3092R01,same_subject_different_eye
S3092L05.jpg,S3092R03.jpg,S3092L05,S3092R03,same_subject_different_eye
S3092L05.jpg,S3092R02.jpg,S3092L05,S3092R02,same_subject_different_eye
S3092L05.jpg,S3092R06.jpg,S3092L05,S3092R06,same_subject_different_eye
S3092L05.jpg,S3071L06.jpg,S3092L05,S3071L06,unrelated
S3092L05.jpg,S3072L08.jpg,S3092L05,S3072L08,unrelated
S3092L05.jpg,S3072L03.jpg,S3092L05,S3072L03,unrelated
S3092L05.jpg,S3072L06.jpg,S3092L05,S3072L06,unrelated
S3092L05.jpg,S3072L01.jpg,S3092L05,S3072L01,unrelated
S3092L05.jpg,S3072L09.jpg,S3092L05,S3072L09,unrelated
S3092L05.jpg,S3072R08.jpg,S3092L05,S3072R08,unrelated
S3092L05.jpg,S3072R10.jpg,S3092L05,S3072R10,unrelated
S3092L05.jpg,S3162L03.jpg,S3092L05,S3162L03,unrelated
S3092L05.jpg,S3162L01.jpg,S3092L05,S3162L01,unrelated
S3092L05.jpg,S3162L02.jpg,S3092L05,S3162L02,unrelated
S3092L05.jpg,S3162L04.jpg,S3092L05,S3162L04,unrelated
S3092L05.jpg,S3162R09.jpg,S3092L05,S3162R09,unrelated
S3092L05.jpg,S3162R06.jpg,S3092L05,S3162R06,unrelated
S3092L05.jpg,S3162R10.jpg,S3092L05,S3162R10,unrelated
S3092L05.jpg,S3162R08.jpg,S3092L05,S3162R08,unrelated
S3092L05.jpg,S3162R07.jpg,S3092L05,S3162R07,unrelated
S3092L05.jpg,S3131L08.jpg,S3092L05,S3131L08,unrelated
S3092L05.jpg,S3131L10.jpg,S3092L05,S3131L10,unrelated
S3092L05.jpg,S3131R04.jpg,S3092L05,S3131R04,unrelated
S3092L05.jpg,S3131R06.jpg,S3092L05,S3131R06,unrelated
S3092L05.jpg,S3131R05.jpg,S3092L05,S3131R05,unrelated
S3092L05.jpg,S3131R07.jpg,S3092L05,S3131R07,unrelated
S3092L05.jpg,S3132L09.jpg,S3092L05,S3132L09,unrelated
S3092L05.jpg,S3132L08.jpg,S3092L05,S3132L08,unrelated
S3092L05.jpg,S3132L05.jpg,S3092L05,S3132L05,unrelated
S3092L05.jpg,S3132L10.jpg,S3092L05,S3132L10,unrelated
S3092L05.jpg,S3132L04.jpg,S3092L05,S3132L04,unrelated
S3092L05.jpg,S3132R06.jpg,S3092L05,S3132R06,unrelated
S3092L05.jpg,S3132R07.jpg,S3092L05,S3132R07,unrelated
S3092L05.jpg,S3031L06.jpg,S3092L05,S3031L06,unrelated
S3092L05.jpg,S3031R09.jpg,S3092L05,S3031R09,unrelated
S3092L05.jpg,S3032L08.jpg,S3092L05,S3032L08,unrelated
S3092L05.jpg,S3032L10.jpg,S3092L05,S3032L10,unrelated
S3092L05.jpg,S3032L09.jpg,S3092L05,S3032L09,unrelated
S3092L05.jpg,S3032L05.jpg,S3092L05,S3032L05,unrelated
S3092L05.jpg,S3032L06.jpg,S3092L05,S3032L06,unrelated
S3092L05.jpg,S3032R10.jpg,S3092L05,S3032R10,unrelated
S3092L05.jpg,S3032R05.jpg,S3092L05,S3032R05,unrelated
S3092L05.jpg,S3032R04.jpg,S3092L05,S3032R04,unrelated
S3092L05.jpg,S3032R07.jpg,S3092L05,S3032R07,unrelated
S3092L05.jpg,S3032R06.jpg,S3092L05,S3032R06,unrelated
S3092L05.jpg,S3041L03.jpg,S3092L05,S3041L03,unrelated
S3092L05.jpg,S3041L06.jpg,S3092L05,S3041L06,unrelated
S3092L05.jpg,S3041L05.jpg,S3092L05,S3041L05,unrelated
S3092L05.jpg,S3041L04.jpg,S3092L05,S3041L04,unrelated
S3092L05.jpg,S3041R01.jpg,S3092L05,S3041R01,unrelated
S3092L05.jpg,S3042L08.jpg,S3092L05,S3042L08,unrelated
S3092L05.jpg,S3042R07.jpg,S3092L05,S3042R07,unrelated
S3092L05.jpg,S3042R08.jpg,S3092L05,S3042R08,unrelated
S3092L05.jpg,S3002L02.jpg,S3092L05,S3002L02,unrelated
S3092L05.jpg,S3082R05.jpg,S3092L05,S3082R05,unrelated
S3092L05.jpg,S3082R02.jpg,S3092L05,S3082R02,unrelated
S3092L05.jpg,S3082R06.jpg,S3092L05,S3082R06,unrelated
S3092L05.jpg,S3082R01.jpg,S3092L05,S3082R01,unrelated
S3092L05.jpg,S3082R04.jpg,S3092L05,S3082R04,unrelated
S3092L05.jpg,S3061L03.jpg,S3092L05,S3061L03,unrelated
S3092L05.jpg,S3061L02.jpg,S3092L05,S3061L02,unrelated
S3092L05.jpg,S3061R01.jpg,S3092L05,S3061R01,unrelated
S3092L05.jpg,S3061R04.jpg,S3092L05,S3061R04,unrelated
S3092L05.jpg,S3061R07.jpg,S3092L05,S3061R07,unrelated
S3092L05.jpg,S3061R08.jpg,S3092L05,S3061R08,unrelated
S3092L05.jpg,S3062L03.jpg,S3092L05,S3062L03,unrelated
S3092L05.jpg,S3062L05.jpg,S3092L05,S3062L05,unrelated
S3092L05.jpg,S3062L07.jpg,S3092L05,S3062L07,unrelated
S3092L05.jpg,S3062L06.jpg,S3092L05,S3062L06,unrelated
S3092L05.jpg,S3062L04.jpg,S3092L05,S3062L04,unrelated
S3092L05.jpg,S3062R02.jpg,S3092L05,S3062R02,unrelated
S3092L05.jpg,S3062R09.jpg,S3092L05,S3062R09,unrelated
S3092L05.jpg,S3062R10.jpg,S3092L05,S3062R10,unrelated
S3092L05.jpg,S3062R07.jpg,S3092L05,S3062R07,unrelated
S3092L05.jpg,S3062R08.jpg,S3092L05,S3062R08,unrelated
S3092L05.jpg,S3021L04.jpg,S3092L05,S3021L04,unrelated
S3092L05.jpg,S3021L03.jpg,S3092L05,S3021L03,unrelated
S3092L05.jpg,S3021L06.jpg,S3092L05,S3021L06,unrelated
S3092L05.jpg,S3021L02.jpg,S3092L05,S3021L02,unrelated
S3092L05.jpg,S3021L01.jpg,S3092L05,S3021L01,unrelated
S3092L05.jpg,S3021R09.jpg,S3092L05,S3021R09,unrelated
S3092L05.jpg,S3021R01.jpg,S3092L05,S3021R01,unrelated
S3092L05.jpg,S3021R02.jpg,S3092L05,S3021R02,unrelated
S3092L05.jpg,S3021R07.jpg,S3092L05,S3021R07,unrelated
S3092L05.jpg,S3021R06.jpg,S3092L05,S3021R06,unrelated
S3092L05.jpg,S3022L01.jpg,S3092L05,S3022L01,unrelated
S3092L05.jpg,S3022R01.jpg,S3092L05,S3022R01,unrelated
S3092L05.jpg,S3022R02.jpg,S3092L05,S3022R02,unrelated
S3092L05.jpg,S3101L08.jpg,S3092L05,S3101L08,unrelated
S3092L05.jpg,S3101L04.jpg,S3092L05,S3101L04,unrelated
S3092L05.jpg,S3101L02.jpg,S3092L05,S3101L02,unrelated
S3092L05.jpg,S3101L09.jpg,S3092L05,S3101L09,unrelated
S3092L05.jpg,S3101L10.jpg,S3092L05,S3101L10,unrelated
S3092L05.jpg,S3101R07.jpg,S3092L05,S3101R07,unrelated
S3092L05.jpg,S3101R04.jpg,S3092L05,S3101R04,unrelated
S3092L05.jpg,S3101R03.jpg,S3092L05,S3101R03,unrelated
S3092L05.jpg,S3101R02.jpg,S3092L05,S3101R02,unrelated
S3092L05.jpg,S3101R05.jpg,S3092L05,S3101R05,unrelated
S3092L05.jpg,S3102L10.jpg,S3092L05,S3102L10,unrelated
S3092L05.jpg,S3102L09.jpg,S3092L05,S3102L09,unrelated
S3092L05.jpg,S3102L01.jpg,S3092L05,S3102L01,unrelated
S3092L05.jpg,S3102L07.jpg,S3092L05,S3102L07,unrelated
S3092L05.jpg,S3102L06.jpg,S3092L05,S3102L06,unrelated
S3092L05.jpg,S3102R07.jpg,S3092L05,S3102R07,unrelated
S3092L05.jpg,S3102R08.jpg,S3092L05,S3102R08,unrelated
S3092L05.jpg,S3102R02.jpg,S3092L05,S3102R02,unrelated
S3092L05.jpg,S3102R06.jpg,S3092L05,S3102R06,unrelated
S3092L05.jpg,S3102R09.jpg,S3092L05,S3102R09,unrelated
S3092L05.jpg,S3151L06.jpg,S3092L05,S3151L06,unrelated
S3092L05.jpg,S3151L04.jpg,S3092L05,S3151L04,unrelated
S3092L05.jpg,S3151L03.jpg,S3092L05,S3151L03,unrelated
S3092L05.jpg,S3151L05.jpg,S3092L05,S3151L05,unrelated
S3092L05.jpg,S3151L07.jpg,S3092L05,S3151L07,unrelated
S3092L05.jpg,S3151R03.jpg,S3092L05,S3151R03,unrelated
S3092L05.jpg,S3151R01.jpg,S3092L05,S3151R01,unrelated
S3092L05.jpg,S3151R02.jpg,S3092L05,S3151R02,unrelated
S3092L05.jpg,S3152R04.jpg,S3092L05,S3152R04,unrelated
S3092L05.jpg,S3152R03.jpg,S3092L05,S3152R03,unrelated
S3092L05.jpg,S3152R02.jpg,S3092L05,S3152R02,unrelated
S3092L05.jpg,S3152R07.jpg,S3092L05,S3152R07,unrelated
S3092L05.jpg,S3181R04.jpg,S3092L05,S3181R04,unrelated
S3092L05.jpg,S3181R05.jpg,S3092L05,S3181R05,unrelated
S3092L05.jpg,S3182L01.jpg,S3092L05,S3182L01,unrelated
S3092L05.jpg,S3182R05.jpg,S3092L05,S3182R05,unrelated
S3092L05.jpg,S3182R06.jpg,S3092L05,S3182R06,unrelated
S3092L05.jpg,S3182R04.jpg,S3092L05,S3182R04,unrelated
S3092L05.jpg,S3182R03.jpg,S3092L05,S3182R03,unrelated
S3092L05.jpg,S3182R07.jpg,S3092L05,S3182R07,unrelated
S3092L05.jpg,S3141L03.jpg,S3092L05,S3141L03,unrelated
S3092L05.jpg,S3141R07.jpg,S3092L05,S3141R07,unrelated
S3092L05.jpg,S3141R10.jpg,S3092L05,S3141R10,unrelated
S3092L05.jpg,S3141R04.jpg,S3092L05,S3141R04,unrelated
S3092L05.jpg,S3141R06.jpg,S3092L05,S3141R06,unrelated
S3092L05.jpg,S3142L03.jpg,S3092L05,S3142L03,unrelated
S3092L05.jpg,S3142L02.jpg,S3092L05,S3142L02,unrelated
S3092L05.jpg,S3142L04.jpg,S3092L05,S3142L04,unrelated
S3092L05.jpg,S3142L07.jpg,S3092L05,S3142L07,unrelated
S3092L05.jpg,S3142R08.jpg,S3092L05,S3142R08,unrelated
S3092L05.jpg,S3142R07.jpg,S3092L05,S3142R07,unrelated
S3092L05.jpg,S3142R10.jpg,S3092L05,S3142R10,unrelated
S3092L05.jpg,S3142R09.jpg,S3092L05,S3142R09,unrelated
S3092L05.jpg,S3121L03.jpg,S3092L05,S3121L03,unrelated
S3092L05.jpg,S3121L02.jpg,S3092L05,S3121L02,unrelated
S3092L05.jpg,S3121L01.jpg,S3092L05,S3121L01,unrelated
S3092L05.jpg,S3121R04.jpg,S3092L05,S3121R04,unrelated
S3092L05.jpg,S3121R02.jpg,S3092L05,S3121R02,unrelated
S3092L05.jpg,S3121R01.jpg,S3092L05,S3121R01,unrelated
S3092L05.jpg,S3121R08.jpg,S3092L05,S3121R08,unrelated
S3092L05.jpg,S3121R07.jpg,S3092L05,S3121R07,unrelated
S3092L05.jpg,S3122L09.jpg,S3092L05,S3122L09,unrelated
S3092L05.jpg,S3122L07.jpg,S3092L05,S3122L07,unrelated
S3092L05.jpg,S3122L10.jpg,S3092L05,S3122L10,unrelated
S3092L05.jpg,S3122L01.jpg,S3092L05,S3122L01,unrelated
S3092L05.jpg,S3122L05.jpg,S3092L05,S3122L05,unrelated
S3092L05.jpg,S3122R02.jpg,S3092L05,S3122R02,unrelated
S3092L05.jpg,S3122R04.jpg,S3092L05,S3122R04,unrelated
S3092L05.jpg,S3122R03.jpg,S3092L05,S3122R03,unrelated
S3092L05.jpg,S3122R01.jpg,S3092L05,S3122R01,unrelated
S3092L05.jpg,S3051L07.jpg,S3092L05,S3051L07,unrelated
S3092L05.jpg,S3051L08.jpg,S3092L05,S3051L08,unrelated
S3092L05.jpg,S3051L10.jpg,S3092L05,S3051L10,unrelated
S3092L05.jpg,S3051L06.jpg,S3092L05,S3051L06,unrelated
S3092L05.jpg,S3051R01.jpg,S3092L05,S3051R01,unrelated
S3092L05.jpg,S3051R03.jpg,S3092L05,S3051R03,unrelated
S3092L05.jpg,S3052L01.jpg,S3092L05,S3052L01,unrelated
S3092L05.jpg,S3052L02.jpg,S3092L05,S3052L02,unrelated
S3092L05.jpg,S3052L03.jpg,S3092L05,S3052L03,unrelated
S3092L05.jpg,S3052R01.jpg,S3092L05,S3052R01,unrelated
S3092L05.jpg,S3011L07.jpg,S3092L05,S3011L07,unrelated
S3092L05.jpg,S3011R01.jpg,S3092L05,S3011R01,unrelated
S3092L05.jpg,S3011R02.jpg,S3092L05,S3011R02,unrelated
S3092L05.jpg,S3012L07.jpg,S3092L05,S3012L07,unrelated
S3092L05.jpg,S3012L02.jpg,S3092L05,S3012L02,unrelated
S3092L05.jpg,S3012R07.jpg,S3092L05,S3012R07,unrelated
S3092R04.jpg,S3092R01.jpg,S3092R04,S3092R01,genuine
S3092R04.jpg,S3092R03.jpg,S3092R04,S3092R03,genuine
S3092R04.jpg,S3092R02.jpg,S3092R04,S3092R02,genuine
S3092R04.jpg,S3092R06.jpg,S3092R04,S3092R06,genuine
S3092R04.jpg,S3071L06.jpg,S3092R04,S3071L06,unrelated
S3092R04.jpg,S3072L08.jpg,S3092R04,S3072L08,unrelated
S3092R04.jpg,S3072L03.jpg,S3092R04,S3072L03,unrelated
S3092R04.jpg,S3072L06.jpg,S3092R04,S3072L06,unrelated
S3092R04.jpg,S3072L01.jpg,S3092R04,S3072L01,unrelated
S3092R04.jpg,S3072L09.jpg,S3092R04,S3072L09,unrelated
S3092R04.jpg,S3072R08.jpg,S3092R04,S3072R08,unrelated
S3092R04.jpg,S3072R10.jpg,S3092R04,S3072R10,unrelated
S3092R04.jpg,S3162L03.jpg,S3092R04,S3162L03,unrelated
S3092R04.jpg,S3162L01.jpg,S3092R04,S3162L01,unrelated
S3092R04.jpg,S3162L02.jpg,S3092R04,S3162L02,unrelated
S3092R04.jpg,S3162L04.jpg,S3092R04,S3162L04,unrelated
S3092R04.jpg,S3162R09.jpg,S3092R04,S3162R09,unrelated
S3092R04.jpg,S3162R06.jpg,S3092R04,S3162R06,unrelated
S3092R04.jpg,S3162R10.jpg,S3092R04,S3162R10,unrelated
S3092R04.jpg,S3162R08.jpg,S3092R04,S3162R08,unrelated
S3092R04.jpg,S3162R07.jpg,S3092R04,S3162R07,unrelated
S3092R04.jpg,S3131L08.jpg,S3092R04,S3131L08,unrelated
S3092R04.jpg,S3131L10.jpg,S3092R04,S3131L10,unrelated
S3092R04.jpg,S3131R04.jpg,S3092R04,S3131R04,unrelated
S3092R04.jpg,S3131R06.jpg,S3092R04,S3131R06,unrelated
S3092R04.jpg,S3131R05.jpg,S3092R04,S3131R05,unrelated
S3092R04.jpg,S3131R07.jpg,S3092R04,S3131R07,unrelated
S3092R04.jpg,S3132L09.jpg,S3092R04,S3132L09,unrelated
S3092R04.jpg,S3132L08.jpg,S3092R04,S3132L08,unrelated
S3092R04.jpg,S3132L05.jpg,S3092R04,S3132L05,unrelated
S3092R04.jpg,S3132L10.jpg,S3092R04,S3132L10,unrelated
S3092R04.jpg,S3132L04.jpg,S3092R04,S3132L04,unrelated
S3092R04.jpg,S3132R06.jpg,S3092R04,S3132R06,unrelated
S3092R04.jpg,S3132R07.jpg,S3092R04,S3132R07,unrelated
S3092R04.jpg,S3031L06.jpg,S3092R04,S3031L06,unrelated
S3092R04.jpg,S3031R09.jpg,S3092R04,S3031R09,unrelated
S3092R04.jpg,S3032L08.jpg,S3092R04,S3032L08,unrelated
S3092R04.jpg,S3032L10.jpg,S3092R04,S3032L10,unrelated
S3092R04.jpg,S3032L09.jpg,S3092R04,S3032L09,unrelated
S3092R04.jpg,S3032L05.jpg,S3092R04,S3032L05,unrelated
S3092R04.jpg,S3032L06.jpg,S3092R04,S3032L06,unrelated
S3092R04.jpg,S3032R10.jpg,S3092R04,S3032R10,unrelated
S3092R04.jpg,S3032R05.jpg,S3092R04,S3032R05,unrelated
S3092R04.jpg,S3032R04.jpg,S3092R04,S3032R04,unrelated
S3092R04.jpg,S3032R07.jpg,S3092R04,S3032R07,unrelated
S3092R04.jpg,S3032R06.jpg,S3092R04,S3032R06,unrelated
S3092R04.jpg,S3041L03.jpg,S3092R04,S3041L03,unrelated
S3092R04.jpg,S3041L06.jpg,S3092R04,S3041L06,unrelated
S3092R04.jpg,S3041L05.jpg,S3092R04,S3041L05,unrelated
S3092R04.jpg,S3041L04.jpg,S3092R04,S3041L04,unrelated
S3092R04.jpg,S3041R01.jpg,S3092R04,S3041R01,unrelated
S3092R04.jpg,S3042L08.jpg,S3092R04,S3042L08,unrelated
S3092R04.jpg,S3042R07.jpg,S3092R04,S3042R07,unrelated
S3092R04.jpg,S3042R08.jpg,S3092R04,S3042R08,unrelated
S3092R04.jpg,S3002L02.jpg,S3092R04,S3002L02,unrelated
S3092R04.jpg,S3082R05.jpg,S3092R04,S3082R05,unrelated
S3092R04.jpg,S3082R02.jpg,S3092R04,S3082R02,unrelated
S3092R04.jpg,S3082R06.jpg,S3092R04,S3082R06,unrelated
S3092R04.jpg,S3082R01.jpg,S3092R04,S3082R01,unrelated
S3092R04.jpg,S3082R04.jpg,S3092R04,S3082R04,unrelated
S3092R04.jpg,S3061L03.jpg,S3092R04,S3061L03,unrelated
S3092R04.jpg,S3061L02.jpg,S3092R04,S3061L02,unrelated
S3092R04.jpg,S3061R01.jpg,S3092R04,S3061R01,unrelated
S3092R04.jpg,S3061R04.jpg,S3092R04,S3061R04,unrelated
S3092R04.jpg,S3061R07.jpg,S3092R04,S3061R07,unrelated
S3092R04.jpg,S3061R08.jpg,S3092R04,S3061R08,unrelated
S3092R04.jpg,S3062L03.jpg,S3092R04,S3062L03,unrelated
S3092R04.jpg,S3062L05.jpg,S3092R04,S3062L05,unrelated
S3092R04.jpg,S3062L07.jpg,S3092R04,S3062L07,unrelated
S3092R04.jpg,S3062L06.jpg,S3092R04,S3062L06,unrelated
S3092R04.jpg,S3062L04.jpg,S3092R04,S3062L04,unrelated
S3092R04.jpg,S3062R02.jpg,S3092R04,S3062R02,unrelated
S3092R04.jpg,S3062R09.jpg,S3092R04,S3062R09,unrelated
S3092R04.jpg,S3062R10.jpg,S3092R04,S3062R10,unrelated
S3092R04.jpg,S3062R07.jpg,S3092R04,S3062R07,unrelated
S3092R04.jpg,S3062R08.jpg,S3092R04,S3062R08,unrelated
S3092R04.jpg,S3021L04.jpg,S3092R04,S3021L04,unrelated
S3092R04.jpg,S3021L03.jpg,S3092R04,S3021L03,unrelated
S3092R04.jpg,S3021L06.jpg,S3092R04,S3021L06,unrelated
S3092R04.jpg,S3021L02.jpg,S3092R04,S3021L02,unrelated
S3092R04.jpg,S3021L01.jpg,S3092R04,S3021L01,unrelated
S3092R04.jpg,S3021R09.jpg,S3092R04,S3021R09,unrelated
S3092R04.jpg,S3021R01.jpg,S3092R04,S3021R01,unrelated
S3092R04.jpg,S3021R02.jpg,S3092R04,S3021R02,unrelated
S3092R04.jpg,S3021R07.jpg,S3092R04,S3021R07,unrelated
S3092R04.jpg,S3021R06.jpg,S3092R04,S3021R06,unrelated
S3092R04.jpg,S3022L01.jpg,S3092R04,S3022L01,unrelated
S3092R04.jpg,S3022R01.jpg,S3092R04,S3022R01,unrelated
S3092R04.jpg,S3022R02.jpg,S3092R04,S3022R02,unrelated
S3092R04.jpg,S3101L08.jpg,S3092R04,S3101L08,unrelated
S3092R04.jpg,S3101L04.jpg,S3092R04,S3101L04,unrelated
S3092R04.jpg,S3101L02.jpg,S3092R04,S3101L02,unrelated
S3092R04.jpg,S3101L09.jpg,S3092R04,S3101L09,unrelated
S3092R04.jpg,S3101L10.jpg,S3092R04,S3101L10,unrelated
S3092R04.jpg,S3101R07.jpg,S3092R04,S3101R07,unrelated
S3092R04.jpg,S3101R04.jpg,S3092R04,S3101R04,unrelated
S3092R04.jpg,S3101R03.jpg,S3092R04,S3101R03,unrelated
S3092R04.jpg,S3101R02.jpg,S3092R04,S3101R02,unrelated
S3092R04.jpg,S3101R05.jpg,S3092R04,S3101R05,unrelated
S3092R04.jpg,S3102L10.jpg,S3092R04,S3102L10,unrelated
S3092R04.jpg,S3102L09.jpg,S3092R04,S3102L09,unrelated
S3092R04.jpg,S3102L01.jpg,S3092R04,S3102L01,unrelated
S3092R04.jpg,S3102L07.jpg,S3092R04,S3102L07,unrelated
S3092R04.jpg,S3102L06.jpg,S3092R04,S3102L06,unrelated
S3092R04.jpg,S3102R07.jpg,S3092R04,S3102R07,unrelated
S3092R04.jpg,S3102R08.jpg,S3092R04,S3102R08,unrelated
S3092R04.jpg,S3102R02.jpg,S3092R04,S3102R02,unrelated
S3092R04.jpg,S3102R06.jpg,S3092R04,S3102R06,unrelated
S3092R04.jpg,S3102R09.jpg,S3092R04,S3102R09,unrelated
S3092R04.jpg,S3151L06.jpg,S3092R04,S3151L06,unrelated
S3092R04.jpg,S3151L04.jpg,S3092R04,S3151L04,unrelated
S3092R04.jpg,S3151L03.jpg,S3092R04,S3151L03,unrelated
S3092R04.jpg,S3151L05.jpg,S3092R04,S3151L05,unrelated
S3092R04.jpg,S3151L07.jpg,S3092R04,S3151L07,unrelated
S3092R04.jpg,S3151R03.jpg,S3092R04,S3151R03,unrelated
S3092R04.jpg,S3151R01.jpg,S3092R04,S3151R01,unrelated
S3092R04.jpg,S3151R02.jpg,S3092R04,S3151R02,unrelated
S3092R04.jpg,S3152R04.jpg,S3092R04,S3152R04,unrelated
S3092R04.jpg,S3152R03.jpg,S3092R04,S3152R03,unrelated
S3092R04.jpg,S3152R02.jpg,S3092R04,S3152R02,unrelated
S3092R04.jpg,S3152R07.jpg,S3092R04,S3152R07,unrelated
S3092R04.jpg,S3181R04.jpg,S3092R04,S3181R04,unrelated
S3092R04.jpg,S3181R05.jpg,S3092R04,S3181R05,unrelated
S3092R04.jpg,S3182L01.jpg,S3092R04,S3182L01,unrelated
S3092R04.jpg,S3182R05.jpg,S3092R04,S3182R05,unrelated
S3092R04.jpg,S3182R06.jpg,S3092R04,S3182R06,unrelated
S3092R04.jpg,S3182R04.jpg,S3092R04,S3182R04,unrelated
S3092R04.jpg,S3182R03.jpg,S3092R04,S3182R03,unrelated
S3092R04.jpg,S3182R07.jpg,S3092R04,S3182R07,unrelated
S3092R04.jpg,S3141L03.jpg,S3092R04,S3141L03,unrelated
S3092R04.jpg,S3141R07.jpg,S3092R04,S3141R07,unrelated
S3092R04.jpg,S3141R10.jpg,S3092R04,S3141R10,unrelated
S3092R04.jpg,S3141R04.jpg,S3092R04,S3141R04,unrelated
S3092R04.jpg,S3141R06.jpg,S3092R04,S3141R06,unrelated
S3092R04.jpg,S3142L03.jpg,S3092R04,S3142L03,unrelated
S3092R04.jpg,S3142L02.jpg,S3092R04,S3142L02,unrelated
S3092R04.jpg,S3142L04.jpg,S3092R04,S3142L04,unrelated
S3092R04.jpg,S3142L07.jpg,S3092R04,S3142L07,unrelated
S3092R04.jpg,S3142R08.jpg,S3092R04,S3142R08,unrelated
S3092R04.jpg,S3142R07.jpg,S3092R04,S3142R07,unrelated
S3092R04.jpg,S3142R10.jpg,S3092R04,S3142R10,unrelated
S3092R04.jpg,S3142R09.jpg,S3092R04,S3142R09,unrelated
S3092R04.jpg,S3121L03.jpg,S3092R04,S3121L03,unrelated
S3092R04.jpg,S3121L02.jpg,S3092R04,S3121L02,unrelated
S3092R04.jpg,S3121L01.jpg,S3092R04,S3121L01,unrelated
S3092R04.jpg,S3121R04.jpg,S3092R04,S3121R04,unrelated
S3092R04.jpg,S3121R02.jpg,S3092R04,S3121R02,unrelated
S3092R04.jpg,S3121R01.jpg,S3092R04,S3121R01,unrelated
S3092R04.jpg,S3121R08.jpg,S3092R04,S3121R08,unrelated
S3092R04.jpg,S3121R07.jpg,S3092R04,S3121R07,unrelated
S3092R04.jpg,S3122L09.jpg,S3092R04,S3122L09,unrelated
S3092R04.jpg,S3122L07.jpg,S3092R04,S3122L07,unrelated
S3092R04.jpg,S3122L10.jpg,S3092R04,S3122L10,unrelated
S3092R04.jpg,S3122L01.jpg,S3092R04,S3122L01,unrelated
S3092R04.jpg,S3122L05.jpg,S3092R04,S3122L05,unrelated
S3092R04.jpg,S3122R02.jpg,S3092R04,S3122R02,unrelated
S3092R04.jpg,S3122R04.jpg,S3092R04,S3122R04,unrelated
S3092R04.jpg,S3122R03.jpg,S3092R04,S3122R03,unrelated
S3092R04.jpg,S3122R01.jpg,S3092R04,S3122R01,unrelated
S3092R04.jpg,S3051L07.jpg,S3092R04,S3051L07,unrelated
S3092R04.jpg,S3051L08.jpg,S3092R04,S3051L08,unrelated
S3092R04.jpg,S3051L10.jpg,S3092R04,S3051L10,unrelated
S3092R04.jpg,S3051L06.jpg,S3092R04,S3051L06,unrelated
S3092R04.jpg,S3051R01.jpg,S3092R04,S3051R01,unrelated
S3092R04.jpg,S3051R03.jpg,S3092R04,S3051R03,unrelated
S3092R04.jpg,S3052L01.jpg,S3092R04,S3052L01,unrelated
S3092R04.jpg,S3052L02.jpg,S3092R04,S3052L02,unrelated
S3092R04.jpg,S3052L03.jpg,S3092R04,S3052L03,unrelated
S3092R04.jpg,S3052R01.jpg,S3092R04,S3052R01,unrelated
S3092R04.jpg,S3011L07.jpg,S3092R04,S3011L07,unrelated
S3092R04.jpg,S3011R01.jpg,S3092R04,S3011R01,unrelated
S3092R04.jpg,S3011R02.jpg,S3092R04,S3011R02,unrelated
S3092R04.jpg,S3012L07.jpg,S3092R04,S3012L07,unrelated
S3092R04.jpg,S3012L02.jpg,S3092R04,S3012L02,unrelated
S3092R04.jpg,S3012R07.jpg,S3092R04,S3012R07,unrelated
S3092R01.jpg,S3092R03.jpg,S3092R01,S3092R03,genuine
S3092R01.jpg,S3092R02.jpg,S3092R01,S3092R02,genuine
S3092R01.jpg,S3092R06.jpg,S3092R01,S3092R06,genuine
S3092R01.jpg,S3071L06.jpg,S3092R01,S3071L06,unrelated
S3092R01.jpg,S3072L08.jpg,S3092R01,S3072L08,unrelated
S3092R01.jpg,S3072L03.jpg,S3092R01,S3072L03,unrelated
S3092R01.jpg,S3072L06.jpg,S3092R01,S3072L06,unrelated
S3092R01.jpg,S3072L01.jpg,S3092R01,S3072L01,unrelated
S3092R01.jpg,S3072L09.jpg,S3092R01,S3072L09,unrelated
S3092R01.jpg,S3072R08.jpg,S3092R01,S3072R08,unrelated
S3092R01.jpg,S3072R10.jpg,S3092R01,S3072R10,unrelated
S3092R01.jpg,S3162L03.jpg,S3092R01,S3162L03,unrelated
S3092R01.jpg,S3162L01.jpg,S3092R01,S3162L01,unrelated
S3092R01.jpg,S3162L02.jpg,S3092R01,S3162L02,unrelated
S3092R01.jpg,S3162L04.jpg,S3092R01,S3162L04,unrelated
S3092R01.jpg,S3162R09.jpg,S3092R01,S3162R09,unrelated
S3092R01.jpg,S3162R06.jpg,S3092R01,S3162R06,unrelated
S3092R01.jpg,S3162R10.jpg,S3092R01,S3162R10,unrelated
S3092R01.jpg,S3162R08.jpg,S3092R01,S3162R08,unrelated
S3092R01.jpg,S3162R07.jpg,S3092R01,S3162R07,unrelated
S3092R01.jpg,S3131L08.jpg,S3092R01,S3131L08,unrelated
S3092R01.jpg,S3131L10.jpg,S3092R01,S3131L10,unrelated
S3092R01.jpg,S3131R04.jpg,S3092R01,S3131R04,unrelated
S3092R01.jpg,S3131R06.jpg,S3092R01,S3131R06,unrelated
S3092R01.jpg,S3131R05.jpg,S3092R01,S3131R05,unrelated
S3092R01.jpg,S3131R07.jpg,S3092R01,S3131R07,unrelated
S3092R01.jpg,S3132L09.jpg,S3092R01,S3132L09,unrelated
S3092R01.jpg,S3132L08.jpg,S3092R01,S3132L08,unrelated
S3092R01.jpg,S3132L05.jpg,S3092R01,S3132L05,unrelated
S3092R01.jpg,S3132L10.jpg,S3092R01,S3132L10,unrelated
S3092R01.jpg,S3132L04.jpg,S3092R01,S3132L04,unrelated
S3092R01.jpg,S3132R06.jpg,S3092R01,S3132R06,unrelated
S3092R01.jpg,S3132R07.jpg,S3092R01,S3132R07,unrelated
S3092R01.jpg,S3031L06.jpg,S3092R01,S3031L06,unrelated
S3092R01.jpg,S3031R09.jpg,S3092R01,S3031R09,unrelated
S3092R01.jpg,S3032L08.jpg,S3092R01,S3032L08,unrelated
S3092R01.jpg,S3032L10.jpg,S3092R01,S3032L10,unrelated
S3092R01.jpg,S3032L09.jpg,S3092R01,S3032L09,unrelated
S3092R01.jpg,S3032L05.jpg,S3092R01,S3032L05,unrelated
S3092R01.jpg,S3032L06.jpg,S3092R01,S3032L06,unrelated
S3092R01.jpg,S3032R10.jpg,S3092R01,S3032R10,unrelated
S3092R01.jpg,S3032R05.jpg,S3092R01,S3032R05,unrelated
S3092R01.jpg,S3032R04.jpg,S3092R01,S3032R04,unrelated
S3092R01.jpg,S3032R07.jpg,S3092R01,S3032R07,unrelated
S3092R01.jpg,S3032R06.jpg,S3092R01,S3032R06,unrelated
S3092R01.jpg,S3041L03.jpg,S3092R01,S3041L03,unrelated
S3092R01.jpg,S3041L06.jpg,S3092R01,S3041L06,unrelated
S3092R01.jpg,S3041L05.jpg,S3092R01,S3041L05,unrelated
S3092R01.jpg,S3041L04.jpg,S3092R01,S3041L04,unrelated
S3092R01.jpg,S3041R01.jpg,S3092R01,S3041R01,unrelated
S3092R01.jpg,S3042L08.jpg,S3092R01,S3042L08,unrelated
S3092R01.jpg,S3042R07.jpg,S3092R01,S3042R07,unrelated
S3092R01.jpg,S3042R08.jpg,S3092R01,S3042R08,unrelated
S3092R01.jpg,S3002L02.jpg,S3092R01,S3002L02,unrelated
S3092R01.jpg,S3082R05.jpg,S3092R01,S3082R05,unrelated
S3092R01.jpg,S3082R02.jpg,S3092R01,S3082R02,unrelated
S3092R01.jpg,S3082R06.jpg,S3092R01,S3082R06,unrelated
S3092R01.jpg,S3082R01.jpg,S3092R01,S3082R01,unrelated
S3092R01.jpg,S3082R04.jpg,S3092R01,S3082R04,unrelated
S3092R01.jpg,S3061L03.jpg,S3092R01,S3061L03,unrelated
S3092R01.jpg,S3061L02.jpg,S3092R01,S3061L02,unrelated
S3092R01.jpg,S3061R01.jpg,S3092R01,S3061R01,unrelated
S3092R01.jpg,S3061R04.jpg,S3092R01,S3061R04,unrelated
S3092R01.jpg,S3061R07.jpg,S3092R01,S3061R07,unrelated
S3092R01.jpg,S3061R08.jpg,S3092R01,S3061R08,unrelated
S3092R01.jpg,S3062L03.jpg,S3092R01,S3062L03,unrelated
S3092R01.jpg,S3062L05.jpg,S3092R01,S3062L05,unrelated
S3092R01.jpg,S3062L07.jpg,S3092R01,S3062L07,unrelated
S3092R01.jpg,S3062L06.jpg,S3092R01,S3062L06,unrelated
S3092R01.jpg,S3062L04.jpg,S3092R01,S3062L04,unrelated
S3092R01.jpg,S3062R02.jpg,S3092R01,S3062R02,unrelated
S3092R01.jpg,S3062R09.jpg,S3092R01,S3062R09,unrelated
S3092R01.jpg,S3062R10.jpg,S3092R01,S3062R10,unrelated
S3092R01.jpg,S3062R07.jpg,S3092R01,S3062R07,unrelated
S3092R01.jpg,S3062R08.jpg,S3092R01,S3062R08,unrelated
S3092R01.jpg,S3021L04.jpg,S3092R01,S3021L04,unrelated
S3092R01.jpg,S3021L03.jpg,S3092R01,S3021L03,unrelated
S3092R01.jpg,S3021L06.jpg,S3092R01,S3021L06,unrelated
S3092R01.jpg,S3021L02.jpg,S3092R01,S3021L02,unrelated
S3092R01.jpg,S3021L01.jpg,S3092R01,S3021L01,unrelated
S3092R01.jpg,S3021R09.jpg,S3092R01,S3021R09,unrelated
S3092R01.jpg,S3021R01.jpg,S3092R01,S3021R01,unrelated
S3092R01.jpg,S3021R02.jpg,S3092R01,S3021R02,unrelated
S3092R01.jpg,S3021R07.jpg,S3092R01,S3021R07,unrelated
S3092R01.jpg,S3021R06.jpg,S3092R01,S3021R06,unrelated
S3092R01.jpg,S3022L01.jpg,S3092R01,S3022L01,unrelated
S3092R01.jpg,S3022R01.jpg,S3092R01,S3022R01,unrelated
S3092R01.jpg,S3022R02.jpg,S3092R01,S3022R02,unrelated
S3092R01.jpg,S3101L08.jpg,S3092R01,S3101L08,unrelated
S3092R01.jpg,S3101L04.jpg,S3092R01,S3101L04,unrelated
S3092R01.jpg,S3101L02.jpg,S3092R01,S3101L02,unrelated
S3092R01.jpg,S3101L09.jpg,S3092R01,S3101L09,unrelated
S3092R01.jpg,S3101L10.jpg,S3092R01,S3101L10,unrelated
S3092R01.jpg,S3101R07.jpg,S3092R01,S3101R07,unrelated
S3092R01.jpg,S3101R04.jpg,S3092R01,S3101R04,unrelated
S3092R01.jpg,S3101R03.jpg,S3092R01,S3101R03,unrelated
S3092R01.jpg,S3101R02.jpg,S3092R01,S3101R02,unrelated
S3092R01.jpg,S3101R05.jpg,S3092R01,S3101R05,unrelated
S3092R01.jpg,S3102L10.jpg,S3092R01,S3102L10,unrelated
S3092R01.jpg,S3102L09.jpg,S3092R01,S3102L09,unrelated
S3092R01.jpg,S3102L01.jpg,S3092R01,S3102L01,unrelated
S3092R01.jpg,S3102L07.jpg,S3092R01,S3102L07,unrelated
S3092R01.jpg,S3102L06.jpg,S3092R01,S3102L06,unrelated
S3092R01.jpg,S3102R07.jpg,S3092R01,S3102R07,unrelated
S3092R01.jpg,S3102R08.jpg,S3092R01,S3102R08,unrelated
S3092R01.jpg,S3102R02.jpg,S3092R01,S3102R02,unrelated
S3092R01.jpg,S3102R06.jpg,S3092R01,S3102R06,unrelated
S3092R01.jpg,S3102R09.jpg,S3092R01,S3102R09,unrelated
S3092R01.jpg,S3151L06.jpg,S3092R01,S3151L06,unrelated
S3092R01.jpg,S3151L04.jpg,S3092R01,S3151L04,unrelated
S3092R01.jpg,S3151L03.jpg,S3092R01,S3151L03,unrelated
S3092R01.jpg,S3151L05.jpg,S3092R01,S3151L05,unrelated
S3092R01.jpg,S3151L07.jpg,S3092R01,S3151L07,unrelated
S3092R01.jpg,S3151R03.jpg,S3092R01,S3151R03,unrelated
S3092R01.jpg,S3151R01.jpg,S3092R01,S3151R01,unrelated
S3092R01.jpg,S3151R02.jpg,S3092R01,S3151R02,unrelated
S3092R01.jpg,S3152R04.jpg,S3092R01,S3152R04,unrelated
S3092R01.jpg,S3152R03.jpg,S3092R01,S3152R03,unrelated
S3092R01.jpg,S3152R02.jpg,S3092R01,S3152R02,unrelated
S3092R01.jpg,S3152R07.jpg,S3092R01,S3152R07,unrelated
S3092R01.jpg,S3181R04.jpg,S3092R01,S3181R04,unrelated
S3092R01.jpg,S3181R05.jpg,S3092R01,S3181R05,unrelated
S3092R01.jpg,S3182L01.jpg,S3092R01,S3182L01,unrelated
S3092R01.jpg,S3182R05.jpg,S3092R01,S3182R05,unrelated
S3092R01.jpg,S3182R06.jpg,S3092R01,S3182R06,unrelated
S3092R01.jpg,S3182R04.jpg,S3092R01,S3182R04,unrelated
S3092R01.jpg,S3182R03.jpg,S3092R01,S3182R03,unrelated
S3092R01.jpg,S3182R07.jpg,S3092R01,S3182R07,unrelated
S3092R01.jpg,S3141L03.jpg,S3092R01,S3141L03,unrelated
S3092R01.jpg,S3141R07.jpg,S3092R01,S3141R07,unrelated
S3092R01.jpg,S3141R10.jpg,S3092R01,S3141R10,unrelated
S3092R01.jpg,S3141R04.jpg,S3092R01,S3141R04,unrelated
S3092R01.jpg,S3141R06.jpg,S3092R01,S3141R06,unrelated
S3092R01.jpg,S3142L03.jpg,S3092R01,S3142L03,unrelated
S3092R01.jpg,S3142L02.jpg,S3092R01,S3142L02,unrelated
S3092R01.jpg,S3142L04.jpg,S3092R01,S3142L04,unrelated
S3092R01.jpg,S3142L07.jpg,S3092R01,S3142L07,unrelated
S3092R01.jpg,S3142R08.jpg,S3092R01,S3142R08,unrelated
S3092R01.jpg,S3142R07.jpg,S3092R01,S3142R07,unrelated
S3092R01.jpg,S3142R10.jpg,S3092R01,S3142R10,unrelated
S3092R01.jpg,S3142R09.jpg,S3092R01,S3142R09,unrelated
S3092R01.jpg,S3121L03.jpg,S3092R01,S3121L03,unrelated
S3092R01.jpg,S3121L02.jpg,S3092R01,S3121L02,unrelated
S3092R01.jpg,S3121L01.jpg,S3092R01,S3121L01,unrelated
S3092R01.jpg,S3121R04.jpg,S3092R01,S3121R04,unrelated
S3092R01.jpg,S3121R02.jpg,S3092R01,S3121R02,unrelated
S3092R01.jpg,S3121R01.jpg,S3092R01,S3121R01,unrelated
S3092R01.jpg,S3121R08.jpg,S3092R01,S3121R08,unrelated
S3092R01.jpg,S3121R07.jpg,S3092R01,S3121R07,unrelated
S3092R01.jpg,S3122L09.jpg,S3092R01,S3122L09,unrelated
S3092R01.jpg,S3122L07.jpg,S3092R01,S3122L07,unrelated
S3092R01.jpg,S3122L10.jpg,S3092R01,S3122L10,unrelated
S3092R01.jpg,S3122L01.jpg,S3092R01,S3122L01,unrelated
S3092R01.jpg,S3122L05.jpg,S3092R01,S3122L05,unrelated
S3092R01.jpg,S3122R02.jpg,S3092R01,S3122R02,unrelated
S3092R01.jpg,S3122R04.jpg,S3092R01,S3122R04,unrelated
S3092R01.jpg,S3122R03.jpg,S3092R01,S3122R03,unrelated
S3092R01.jpg,S3122R01.jpg,S3092R01,S3122R01,unrelated
S3092R01.jpg,S3051L07.jpg,S3092R01,S3051L07,unrelated
S3092R01.jpg,S3051L08.jpg,S3092R01,S3051L08,unrelated
S3092R01.jpg,S3051L10.jpg,S3092R01,S3051L10,unrelated
S3092R01.jpg,S3051L06.jpg,S3092R01,S3051L06,unrelated
S3092R01.jpg,S3051R01.jpg,S3092R01,S3051R01,unrelated
S3092R01.jpg,S3051R03.jpg,S3092R01,S3051R03,unrelated
S3092R01.jpg,S3052L01.jpg,S3092R01,S3052L01,unrelated
S3092R01.jpg,S3052L02.jpg,S3092R01,S3052L02,unrelated
S3092R01.jpg,S3052L03.jpg,S3092R01,S3052L03,unrelated
S3092R01.jpg,S3052R01.jpg,S3092R01,S3052R01,unrelated
S3092R01.jpg,S3011L07.jpg,S3092R01,S3011L07,unrelated
S3092R01.jpg,S3011R01.jpg,S3092R01,S3011R01,unrelated
S3092R01.jpg,S3011R02.jpg,S3092R01,S3011R02,unrelated
S3092R01.jpg,S3012L07.jpg,S3092R01,S3012L07,unrelated
S3092R01.jpg,S3012L02.jpg,S3092R01,S3012L02,unrelated
S3092R01.jpg,S3012R07.jpg,S3092R01,S3012R07,unrelated
S3092R03.jpg,S3092R02.jpg,S3092R03,S3092R02,genuine
S3092R03.jpg,S3092R06.jpg,S3092R03,S3092R06,genuine
S3092R03.jpg,S3071L06.jpg,S3092R03,S3071L06,unrelated
S3092R03.jpg,S3072L08.jpg,S3092R03,S3072L08,unrelated
S3092R03.jpg,S3072L03.jpg,S3092R03,S3072L03,unrelated
S3092R03.jpg,S3072L06.jpg,S3092R03,S3072L06,unrelated
S3092R03.jpg,S3072L01.jpg,S3092R03,S3072L01,unrelated
S3092R03.jpg,S3072L09.jpg,S3092R03,S3072L09,unrelated
S3092R03.jpg,S3072R08.jpg,S3092R03,S3072R08,unrelated
S3092R03.jpg,S3072R10.jpg,S3092R03,S3072R10,unrelated
S3092R03.jpg,S3162L03.jpg,S3092R03,S3162L03,unrelated
S3092R03.jpg,S3162L01.jpg,S3092R03,S3162L01,unrelated
S3092R03.jpg,S3162L02.jpg,S3092R03,S3162L02,unrelated
S3092R03.jpg,S3162L04.jpg,S3092R03,S3162L04,unrelated
S3092R03.jpg,S3162R09.jpg,S3092R03,S3162R09,unrelated
S3092R03.jpg,S3162R06.jpg,S3092R03,S3162R06,unrelated
S3092R03.jpg,S3162R10.jpg,S3092R03,S3162R10,unrelated
S3092R03.jpg,S3162R08.jpg,S3092R03,S3162R08,unrelated
S3092R03.jpg,S3162R07.jpg,S3092R03,S3162R07,unrelated
S3092R03.jpg,S3131L08.jpg,S3092R03,S3131L08,unrelated
S3092R03.jpg,S3131L10.jpg,S3092R03,S3131L10,unrelated
S3092R03.jpg,S3131R04.jpg,S3092R03,S3131R04,unrelated
S3092R03.jpg,S3131R06.jpg,S3092R03,S3131R06,unrelated
S3092R03.jpg,S3131R05.jpg,S3092R03,S3131R05,unrelated
S3092R03.jpg,S3131R07.jpg,S3092R03,S3131R07,unrelated
S3092R03.jpg,S3132L09.jpg,S3092R03,S3132L09,unrelated
S3092R03.jpg,S3132L08.jpg,S3092R03,S3132L08,unrelated
S3092R03.jpg,S3132L05.jpg,S3092R03,S3132L05,unrelated
S3092R03.jpg,S3132L10.jpg,S3092R03,S3132L10,unrelated
S3092R03.jpg,S3132L04.jpg,S3092R03,S3132L04,unrelated
S3092R03.jpg,S3132R06.jpg,S3092R03,S3132R06,unrelated
S3092R03.jpg,S3132R07.jpg,S3092R03,S3132R07,unrelated
S3092R03.jpg,S3031L06.jpg,S3092R03,S3031L06,unrelated
S3092R03.jpg,S3031R09.jpg,S3092R03,S3031R09,unrelated
S3092R03.jpg,S3032L08.jpg,S3092R03,S3032L08,unrelated
S3092R03.jpg,S3032L10.jpg,S3092R03,S3032L10,unrelated
S3092R03.jpg,S3032L09.jpg,S3092R03,S3032L09,unrelated
S3092R03.jpg,S3032L05.jpg,S3092R03,S3032L05,unrelated
S3092R03.jpg,S3032L06.jpg,S3092R03,S3032L06,unrelated
S3092R03.jpg,S3032R10.jpg,S3092R03,S3032R10,unrelated
S3092R03.jpg,S3032R05.jpg,S3092R03,S3032R05,unrelated
S3092R03.jpg,S3032R04.jpg,S3092R03,S3032R04,unrelated
S3092R03.jpg,S3032R07.jpg,S3092R03,S3032R07,unrelated
S3092R03.jpg,S3032R06.jpg,S3092R03,S3032R06,unrelated
S3092R03.jpg,S3041L03.jpg,S3092R03,S3041L03,unrelated
S3092R03.jpg,S3041L06.jpg,S3092R03,S3041L06,unrelated
S3092R03.jpg,S3041L05.jpg,S3092R03,S3041L05,unrelated
S3092R03.jpg,S3041L04.jpg,S3092R03,S3041L04,unrelated
S3092R03.jpg,S3041R01.jpg,S3092R03,S3041R01,unrelated
S3092R03.jpg,S3042L08.jpg,S3092R03,S3042L08,unrelated
S3092R03.jpg,S3042R07.jpg,S3092R03,S3042R07,unrelated
S3092R03.jpg,S3042R08.jpg,S3092R03,S3042R08,unrelated
S3092R03.jpg,S3002L02.jpg,S3092R03,S3002L02,unrelated
S3092R03.jpg,S3082R05.jpg,S3092R03,S3082R05,unrelated
S3092R03.jpg,S3082R02.jpg,S3092R03,S3082R02,unrelated
S3092R03.jpg,S3082R06.jpg,S3092R03,S3082R06,unrelated
S3092R03.jpg,S3082R01.jpg,S3092R03,S3082R01,unrelated
S3092R03.jpg,S3082R04.jpg,S3092R03,S3082R04,unrelated
S3092R03.jpg,S3061L03.jpg,S3092R03,S3061L03,unrelated
S3092R03.jpg,S3061L02.jpg,S3092R03,S3061L02,unrelated
S3092R03.jpg,S3061R01.jpg,S3092R03,S3061R01,unrelated
S3092R03.jpg,S3061R04.jpg,S3092R03,S3061R04,unrelated
S3092R03.jpg,S3061R07.jpg,S3092R03,S3061R07,unrelated
S3092R03.jpg,S3061R08.jpg,S3092R03,S3061R08,unrelated
S3092R03.jpg,S3062L03.jpg,S3092R03,S3062L03,unrelated
S3092R03.jpg,S3062L05.jpg,S3092R03,S3062L05,unrelated
S3092R03.jpg,S3062L07.jpg,S3092R03,S3062L07,unrelated
S3092R03.jpg,S3062L06.jpg,S3092R03,S3062L06,unrelated
S3092R03.jpg,S3062L04.jpg,S3092R03,S3062L04,unrelated
S3092R03.jpg,S3062R02.jpg,S3092R03,S3062R02,unrelated
S3092R03.jpg,S3062R09.jpg,S3092R03,S3062R09,unrelated
S3092R03.jpg,S3062R10.jpg,S3092R03,S3062R10,unrelated
S3092R03.jpg,S3062R07.jpg,S3092R03,S3062R07,unrelated
S3092R03.jpg,S3062R08.jpg,S3092R03,S3062R08,unrelated
S3092R03.jpg,S3021L04.jpg,S3092R03,S3021L04,unrelated
S3092R03.jpg,S3021L03.jpg,S3092R03,S3021L03,unrelated
S3092R03.jpg,S3021L06.jpg,S3092R03,S3021L06,unrelated
S3092R03.jpg,S3021L02.jpg,S3092R03,S3021L02,unrelated
S3092R03.jpg,S3021L01.jpg,S3092R03,S3021L01,unrelated
S3092R03.jpg,S3021R09.jpg,S3092R03,S3021R09,unrelated
S3092R03.jpg,S3021R01.jpg,S3092R03,S3021R01,unrelated
S3092R03.jpg,S3021R02.jpg,S3092R03,S3021R02,unrelated
S3092R03.jpg,S3021R07.jpg,S3092R03,S3021R07,unrelated
S3092R03.jpg,S3021R06.jpg,S3092R03,S3021R06,unrelated
S3092R03.jpg,S3022L01.jpg,S3092R03,S3022L01,unrelated
S3092R03.jpg,S3022R01.jpg,S3092R03,S3022R01,unrelated
S3092R03.jpg,S3022R02.jpg,S3092R03,S3022R02,unrelated
S3092R03.jpg,S3101L08.jpg,S3092R03,S3101L08,unrelated
S3092R03.jpg,S3101L04.jpg,S3092R03,S3101L04,unrelated
S3092R03.jpg,S3101L02.jpg,S3092R03,S3101L02,unrelated
S3092R03.jpg,S3101L09.jpg,S3092R03,S3101L09,unrelated
S3092R03.jpg,S3101L10.jpg,S3092R03,S3101L10,unrelated
S3092R03.jpg,S3101R07.jpg,S3092R03,S3101R07,unrelated
S3092R03.jpg,S3101R04.jpg,S3092R03,S3101R04,unrelated
S3092R03.jpg,S3101R03.jpg,S3092R03,S3101R03,unrelated
S3092R03.jpg,S3101R02.jpg,S3092R03,S3101R02,unrelated
S3092R03.jpg,S3101R05.jpg,S3092R03,S3101R05,unrelated
S3092R03.jpg,S3102L10.jpg,S3092R03,S3102L10,unrelated
S3092R03.jpg,S3102L09.jpg,S3092R03,S3102L09,unrelated
S3092R03.jpg,S3102L01.jpg,S3092R03,S3102L01,unrelated
S3092R03.jpg,S3102L07.jpg,S3092R03,S3102L07,unrelated
S3092R03.jpg,S3102L06.jpg,S3092R03,S3102L06,unrelated
S3092R03.jpg,S3102R07.jpg,S3092R03,S3102R07,unrelated
S3092R03.jpg,S3102R08.jpg,S3092R03,S3102R08,unrelated
S3092R03.jpg,S3102R02.jpg,S3092R03,S3102R02,unrelated
S3092R03.jpg,S3102R06.jpg,S3092R03,S3102R06,unrelated
S3092R03.jpg,S3102R09.jpg,S3092R03,S3102R09,unrelated
S3092R03.jpg,S3151L06.jpg,S3092R03,S3151L06,unrelated
S3092R03.jpg,S3151L04.jpg,S3092R03,S3151L04,unrelated
S3092R03.jpg,S3151L03.jpg,S3092R03,S3151L03,unrelated
S3092R03.jpg,S3151L05.jpg,S3092R03,S3151L05,unrelated
S3092R03.jpg,S3151L07.jpg,S3092R03,S3151L07,unrelated
S3092R03.jpg,S3151R03.jpg,S3092R03,S3151R03,unrelated
S3092R03.jpg,S3151R01.jpg,S3092R03,S3151R01,unrelated
S3092R03.jpg,S3151R02.jpg,S3092R03,S3151R02,unrelated
S3092R03.jpg,S3152R04.jpg,S3092R03,S3152R04,unrelated
S3092R03.jpg,S3152R03.jpg,S3092R03,S3152R03,unrelated
S3092R03.jpg,S3152R02.jpg,S3092R03,S3152R02,unrelated
S3092R03.jpg,S3152R07.jpg,S3092R03,S3152R07,unrelated
S3092R03.jpg,S3181R04.jpg,S3092R03,S3181R04,unrelated
S3092R03.jpg,S3181R05.jpg,S3092R03,S3181R05,unrelated
S3092R03.jpg,S3182L01.jpg,S3092R03,S3182L01,unrelated
S3092R03.jpg,S3182R05.jpg,S3092R03,S3182R05,unrelated
S3092R03.jpg,S3182R06.jpg,S3092R03,S3182R06,unrelated
S3092R03.jpg,S3182R04.jpg,S3092R03,S3182R04,unrelated
S3092R03.jpg,S3182R03.jpg,S3092R03,S3182R03,unrelated
S3092R03.jpg,S3182R07.jpg,S3092R03,S3182R07,unrelated
S3092R03.jpg,S3141L03.jpg,S3092R03,S3141L03,unrelated
S3092R03.jpg,S3141R07.jpg,S3092R03,S3141R07,unrelated
S3092R03.jpg,S3141R10.jpg,S3092R03,S3141R10,unrelated
S3092R03.jpg,S3141R04.jpg,S3092R03,S3141R04,unrelated
S3092R03.jpg,S3141R06.jpg,S3092R03,S3141R06,unrelated
S3092R03.jpg,S3142L03.jpg,S3092R03,S3142L03,unrelated
S3092R03.jpg,S3142L02.jpg,S3092R03,S3142L02,unrelated
S3092R03.jpg,S3142L04.jpg,S3092R03,S3142L04,unrelated
S3092R03.jpg,S3142L07.jpg,S3092R03,S3142L07,unrelated
S3092R03.jpg,S3142R08.jpg,S3092R03,S3142R08,unrelated
S3092R03.jpg,S3142R07.jpg,S3092R03,S3142R07,unrelated
S3092R03.jpg,S3142R10.jpg,S3092R03,S3142R10,unrelated
S3092R03.jpg,S3142R09.jpg,S3092R03,S3142R09,unrelated
S3092R03.jpg,S3121L03.jpg,S3092R03,S3121L03,unrelated
S3092R03.jpg,S3121L02.jpg,S3092R03,S3121L02,unrelated
S3092R03.jpg,S3121L01.jpg,S3092R03,S3121L01,unrelated
S3092R03.jpg,S3121R04.jpg,S3092R03,S3121R04,unrelated
S3092R03.jpg,S3121R02.jpg,S3092R03,S3121R02,unrelated
S3092R03.jpg,S3121R01.jpg,S3092R03,S3121R01,unrelated
S3092R03.jpg,S3121R08.jpg,S3092R03,S3121R08,unrelated
S3092R03.jpg,S3121R07.jpg,S3092R03,S3121R07,unrelated
S3092R03.jpg,S3122L09.jpg,S3092R03,S3122L09,unrelated
S3092R03.jpg,S3122L07.jpg,S3092R03,S3122L07,unrelated
S3092R03.jpg,S3122L10.jpg,S3092R03,S3122L10,unrelated
S3092R03.jpg,S3122L01.jpg,S3092R03,S3122L01,unrelated
S3092R03.jpg,S3122L05.jpg,S3092R03,S3122L05,unrelated
S3092R03.jpg,S3122R02.jpg,S3092R03,S3122R02,unrelated
S3092R03.jpg,S3122R04.jpg,S3092R03,S3122R04,unrelated
S3092R03.jpg,S3122R03.jpg,S3092R03,S3122R03,unrelated
S3092R03.jpg,S3122R01.jpg,S3092R03,S3122R01,unrelated
S3092R03.jpg,S3051L07.jpg,S3092R03,S3051L07,unrelated
S3092R03.jpg,S3051L08.jpg,S3092R03,S3051L08,unrelated
S3092R03.jpg,S3051L10.jpg,S3092R03,S3051L10,unrelated
S3092R03.jpg,S3051L06.jpg,S3092R03,S3051L06,unrelated
S3092R03.jpg,S3051R01.jpg,S3092R03,S3051R01,unrelated
S3092R03.jpg,S3051R03.jpg,S3092R03,S3051R03,unrelated
S3092R03.jpg,S3052L01.jpg,S3092R03,S3052L01,unrelated
S3092R03.jpg,S3052L02.jpg,S3092R03,S3052L02,unrelated
S3092R03.jpg,S3052L03.jpg,S3092R03,S3052L03,unrelated
S3092R03.jpg,S3052R01.jpg,S3092R03,S3052R01,unrelated
S3092R03.jpg,S3011L07.jpg,S3092R03,S3011L07,unrelated
S3092R03.jpg,S3011R01.jpg,S3092R03,S3011R01,unrelated
S3092R03.jpg,S3011R02.jpg,S3092R03,S3011R02,unrelated
S3092R03.jpg,S3012L07.jpg,S3092R03,S3012L07,unrelated
S3092R03.jpg,S3012L02.jpg,S3092R03,S3012L02,unrelated
S3092R03.jpg,S3012R07.jpg,S3092R03,S3012R07,unrelated
S3092R02.jpg,S3092R06.jpg,S3092R02,S3092R06,genuine
S3092R02.jpg,S3071L06.jpg,S3092R02,S3071L06,unrelated
S3092R02.jpg,S3072L08.jpg,S3092R02,S3072L08,unrelated
S3092R02.jpg,S3072L03.jpg,S3092R02,S3072L03,unrelated
S3092R02.jpg,S3072L06.jpg,S3092R02,S3072L06,unrelated
S3092R02.jpg,S3072L01.jpg,S3092R02,S3072L01,unrelated
S3092R02.jpg,S3072L09.jpg,S3092R02,S3072L09,unrelated
S3092R02.jpg,S3072R08.jpg,S3092R02,S3072R08,unrelated
S3092R02.jpg,S3072R10.jpg,S3092R02,S3072R10,unrelated
S3092R02.jpg,S3162L03.jpg,S3092R02,S3162L03,unrelated
S3092R02.jpg,S3162L01.jpg,S3092R02,S3162L01,unrelated
S3092R02.jpg,S3162L02.jpg,S3092R02,S3162L02,unrelated
S3092R02.jpg,S3162L04.jpg,S3092R02,S3162L04,unrelated
S3092R02.jpg,S3162R09.jpg,S3092R02,S3162R09,unrelated
S3092R02.jpg,S3162R06.jpg,S3092R02,S3162R06,unrelated
S3092R02.jpg,S3162R10.jpg,S3092R02,S3162R10,unrelated
S3092R02.jpg,S3162R08.jpg,S3092R02,S3162R08,unrelated
S3092R02.jpg,S3162R07.jpg,S3092R02,S3162R07,unrelated
S3092R02.jpg,S3131L08.jpg,S3092R02,S3131L08,unrelated
S3092R02.jpg,S3131L10.jpg,S3092R02,S3131L10,unrelated
S3092R02.jpg,S3131R04.jpg,S3092R02,S3131R04,unrelated
S3092R02.jpg,S3131R06.jpg,S3092R02,S3131R06,unrelated
S3092R02.jpg,S3131R05.jpg,S3092R02,S3131R05,unrelated
S3092R02.jpg,S3131R07.jpg,S3092R02,S3131R07,unrelated
S3092R02.jpg,S3132L09.jpg,S3092R02,S3132L09,unrelated
S3092R02.jpg,S3132L08.jpg,S3092R02,S3132L08,unrelated
S3092R02.jpg,S3132L05.jpg,S3092R02,S3132L05,unrelated
S3092R02.jpg,S3132L10.jpg,S3092R02,S3132L10,unrelated
S3092R02.jpg,S3132L04.jpg,S3092R02,S3132L04,unrelated
S3092R02.jpg,S3132R06.jpg,S3092R02,S3132R06,unrelated
S3092R02.jpg,S3132R07.jpg,S3092R02,S3132R07,unrelated
S3092R02.jpg,S3031L06.jpg,S3092R02,S3031L06,unrelated
S3092R02.jpg,S3031R09.jpg,S3092R02,S3031R09,unrelated
S3092R02.jpg,S3032L08.jpg,S3092R02,S3032L08,unrelated
S3092R02.jpg,S3032L10.jpg,S3092R02,S3032L10,unrelated
S3092R02.jpg,S3032L09.jpg,S3092R02,S3032L09,unrelated
S3092R02.jpg,S3032L05.jpg,S3092R02,S3032L05,unrelated
S3092R02.jpg,S3032L06.jpg,S3092R02,S3032L06,unrelated
S3092R02.jpg,S3032R10.jpg,S3092R02,S3032R10,unrelated
S3092R02.jpg,S3032R05.jpg,S3092R02,S3032R05,unrelated
S3092R02.jpg,S3032R04.jpg,S3092R02,S3032R04,unrelated
S3092R02.jpg,S3032R07.jpg,S3092R02,S3032R07,unrelated
S3092R02.jpg,S3032R06.jpg,S3092R02,S3032R06,unrelated
S3092R02.jpg,S3041L03.jpg,S3092R02,S3041L03,unrelated
S3092R02.jpg,S3041L06.jpg,S3092R02,S3041L06,unrelated
S3092R02.jpg,S3041L05.jpg,S3092R02,S3041L05,unrelated
S3092R02.jpg,S3041L04.jpg,S3092R02,S3041L04,unrelated
S3092R02.jpg,S3041R01.jpg,S3092R02,S3041R01,unrelated
S3092R02.jpg,S3042L08.jpg,S3092R02,S3042L08,unrelated
S3092R02.jpg,S3042R07.jpg,S3092R02,S3042R07,unrelated
S3092R02.jpg,S3042R08.jpg,S3092R02,S3042R08,unrelated
S3092R02.jpg,S3002L02.jpg,S3092R02,S3002L02,unrelated
S3092R02.jpg,S3082R05.jpg,S3092R02,S3082R05,unrelated
S3092R02.jpg,S3082R02.jpg,S3092R02,S3082R02,unrelated
S3092R02.jpg,S3082R06.jpg,S3092R02,S3082R06,unrelated
S3092R02.jpg,S3082R01.jpg,S3092R02,S3082R01,unrelated
S3092R02.jpg,S3082R04.jpg,S3092R02,S3082R04,unrelated
S3092R02.jpg,S3061L03.jpg,S3092R02,S3061L03,unrelated
S3092R02.jpg,S3061L02.jpg,S3092R02,S3061L02,unrelated
S3092R02.jpg,S3061R01.jpg,S3092R02,S3061R01,unrelated
S3092R02.jpg,S3061R04.jpg,S3092R02,S3061R04,unrelated
S3092R02.jpg,S3061R07.jpg,S3092R02,S3061R07,unrelated
S3092R02.jpg,S3061R08.jpg,S3092R02,S3061R08,unrelated
S3092R02.jpg,S3062L03.jpg,S3092R02,S3062L03,unrelated
S3092R02.jpg,S3062L05.jpg,S3092R02,S3062L05,unrelated
S3092R02.jpg,S3062L07.jpg,S3092R02,S3062L07,unrelated
S3092R02.jpg,S3062L06.jpg,S3092R02,S3062L06,unrelated
S3092R02.jpg,S3062L04.jpg,S3092R02,S3062L04,unrelated
S3092R02.jpg,S3062R02.jpg,S3092R02,S3062R02,unrelated
S3092R02.jpg,S3062R09.jpg,S3092R02,S3062R09,unrelated
S3092R02.jpg,S3062R10.jpg,S3092R02,S3062R10,unrelated
S3092R02.jpg,S3062R07.jpg,S3092R02,S3062R07,unrelated
S3092R02.jpg,S3062R08.jpg,S3092R02,S3062R08,unrelated
S3092R02.jpg,S3021L04.jpg,S3092R02,S3021L04,unrelated
S3092R02.jpg,S3021L03.jpg,S3092R02,S3021L03,unrelated
S3092R02.jpg,S3021L06.jpg,S3092R02,S3021L06,unrelated
S3092R02.jpg,S3021L02.jpg,S3092R02,S3021L02,unrelated
S3092R02.jpg,S3021L01.jpg,S3092R02,S3021L01,unrelated
S3092R02.jpg,S3021R09.jpg,S3092R02,S3021R09,unrelated
S3092R02.jpg,S3021R01.jpg,S3092R02,S3021R01,unrelated
S3092R02.jpg,S3021R02.jpg,S3092R02,S3021R02,unrelated
S3092R02.jpg,S3021R07.jpg,S3092R02,S3021R07,unrelated
S3092R02.jpg,S3021R06.jpg,S3092R02,S3021R06,unrelated
S3092R02.jpg,S3022L01.jpg,S3092R02,S3022L01,unrelated
S3092R02.jpg,S3022R01.jpg,S3092R02,S3022R01,unrelated
S3092R02.jpg,S3022R02.jpg,S3092R02,S3022R02,unrelated
S3092R02.jpg,S3101L08.jpg,S3092R02,S3101L08,unrelated
S3092R02.jpg,S3101L04.jpg,S3092R02,S3101L04,unrelated
S3092R02.jpg,S3101L02.jpg,S3092R02,S3101L02,unrelated
S3092R02.jpg,S3101L09.jpg,S3092R02,S3101L09,unrelated
S3092R02.jpg,S3101L10.jpg,S3092R02,S3101L10,unrelated
S3092R02.jpg,S3101R07.jpg,S3092R02,S3101R07,unrelated
S3092R02.jpg,S3101R04.jpg,S3092R02,S3101R04,unrelated
S3092R02.jpg,S3101R03.jpg,S3092R02,S3101R03,unrelated
S3092R02.jpg,S3101R02.jpg,S3092R02,S3101R02,unrelated
S3092R02.jpg,S3101R05.jpg,S3092R02,S3101R05,unrelated
S3092R02.jpg,S3102L10.jpg,S3092R02,S3102L10,unrelated
S3092R02.jpg,S3102L09.jpg,S3092R02,S3102L09,unrelated
S3092R02.jpg,S3102L01.jpg,S3092R02,S3102L01,unrelated
S3092R02.jpg,S3102L07.jpg,S3092R02,S3102L07,unrelated
S3092R02.jpg,S3102L06.jpg,S3092R02,S3102L06,unrelated
S3092R02.jpg,S3102R07.jpg,S3092R02,S3102R07,unrelated
S3092R02.jpg,S3102R08.jpg,S3092R02,S3102R08,unrelated
S3092R02.jpg,S3102R02.jpg,S3092R02,S3102R02,unrelated
S3092R02.jpg,S3102R06.jpg,S3092R02,S3102R06,unrelated
S3092R02.jpg,S3102R09.jpg,S3092R02,S3102R09,unrelated
S3092R02.jpg,S3151L06.jpg,S3092R02,S3151L06,unrelated
S3092R02.jpg,S3151L04.jpg,S3092R02,S3151L04,unrelated
S3092R02.jpg,S3151L03.jpg,S3092R02,S3151L03,unrelated
S3092R02.jpg,S3151L05.jpg,S3092R02,S3151L05,unrelated
S3092R02.jpg,S3151L07.jpg,S3092R02,S3151L07,unrelated
S3092R02.jpg,S3151R03.jpg,S3092R02,S3151R03,unrelated
S3092R02.jpg,S3151R01.jpg,S3092R02,S3151R01,unrelated
S3092R02.jpg,S3151R02.jpg,S3092R02,S3151R02,unrelated
S3092R02.jpg,S3152R04.jpg,S3092R02,S3152R04,unrelated
S3092R02.jpg,S3152R03.jpg,S3092R02,S3152R03,unrelated
S3092R02.jpg,S3152R02.jpg,S3092R02,S3152R02,unrelated
S3092R02.jpg,S3152R07.jpg,S3092R02,S3152R07,unrelated
S3092R02.jpg,S3181R04.jpg,S3092R02,S3181R04,unrelated
S3092R02.jpg,S3181R05.jpg,S3092R02,S3181R05,unrelated
S3092R02.jpg,S3182L01.jpg,S3092R02,S3182L01,unrelated
S3092R02.jpg,S3182R05.jpg,S3092R02,S3182R05,unrelated
S3092R02.jpg,S3182R06.jpg,S3092R02,S3182R06,unrelated
S3092R02.jpg,S3182R04.jpg,S3092R02,S3182R04,unrelated
S3092R02.jpg,S3182R03.jpg,S3092R02,S3182R03,unrelated
S3092R02.jpg,S3182R07.jpg,S3092R02,S3182R07,unrelated
S3092R02.jpg,S3141L03.jpg,S3092R02,S3141L03,unrelated
S3092R02.jpg,S3141R07.jpg,S3092R02,S3141R07,unrelated
S3092R02.jpg,S3141R10.jpg,S3092R02,S3141R10,unrelated
S3092R02.jpg,S3141R04.jpg,S3092R02,S3141R04,unrelated
S3092R02.jpg,S3141R06.jpg,S3092R02,S3141R06,unrelated
S3092R02.jpg,S3142L03.jpg,S3092R02,S3142L03,unrelated
S3092R02.jpg,S3142L02.jpg,S3092R02,S3142L02,unrelated
S3092R02.jpg,S3142L04.jpg,S3092R02,S3142L04,unrelated
S3092R02.jpg,S3142L07.jpg,S3092R02,S3142L07,unrelated
S3092R02.jpg,S3142R08.jpg,S3092R02,S3142R08,unrelated
S3092R02.jpg,S3142R07.jpg,S3092R02,S3142R07,unrelated
S3092R02.jpg,S3142R10.jpg,S3092R02,S3142R10,unrelated
S3092R02.jpg,S3142R09.jpg,S3092R02,S3142R09,unrelated
S3092R02.jpg,S3121L03.jpg,S3092R02,S3121L03,unrelated
S3092R02.jpg,S3121L02.jpg,S3092R02,S3121L02,unrelated
S3092R02.jpg,S3121L01.jpg,S3092R02,S3121L01,unrelated
S3092R02.jpg,S3121R04.jpg,S3092R02,S3121R04,unrelated
S3092R02.jpg,S3121R02.jpg,S3092R02,S3121R02,unrelated
S3092R02.jpg,S3121R01.jpg,S3092R02,S3121R01,unrelated
S3092R02.jpg,S3121R08.jpg,S3092R02,S3121R08,unrelated
S3092R02.jpg,S3121R07.jpg,S3092R02,S3121R07,unrelated
S3092R02.jpg,S3122L09.jpg,S3092R02,S3122L09,unrelated
S3092R02.jpg,S3122L07.jpg,S3092R02,S3122L07,unrelated
S3092R02.jpg,S3122L10.jpg,S3092R02,S3122L10,unrelated
S3092R02.jpg,S3122L01.jpg,S3092R02,S3122L01,unrelated
S3092R02.jpg,S3122L05.jpg,S3092R02,S3122L05,unrelated
S3092R02.jpg,S3122R02.jpg,S3092R02,S3122R02,unrelated
S3092R02.jpg,S3122R04.jpg,S3092R02,S3122R04,unrelated
S3092R02.jpg,S3122R03.jpg,S3092R02,S3122R03,unrelated
S3092R02.jpg,S3122R01.jpg,S3092R02,S3122R01,unrelated
S3092R02.jpg,S3051L07.jpg,S3092R02,S3051L07,unrelated
S3092R02.jpg,S3051L08.jpg,S3092R02,S3051L08,unrelated
S3092R02.jpg,S3051L10.jpg,S3092R02,S3051L10,unrelated
S3092R02.jpg,S3051L06.jpg,S3092R02,S3051L06,unrelated
S3092R02.jpg,S3051R01.jpg,S3092R02,S3051R01,unrelated
S3092R02.jpg,S3051R03.jpg,S3092R02,S3051R03,unrelated
S3092R02.jpg,S3052L01.jpg,S3092R02,S3052L01,unrelated
S3092R02.jpg,S3052L02.jpg,S3092R02,S3052L02,unrelated
S3092R02.jpg,S3052L03.jpg,S3092R02,S3052L03,unrelated
S3092R02.jpg,S3052R01.jpg,S3092R02,S3052R01,unrelated
S3092R02.jpg,S3011L07.jpg,S3092R02,S3011L07,unrelated
S3092R02.jpg,S3011R01.jpg,S3092R02,S3011R01,unrelated
S3092R02.jpg,S3011R02.jpg,S3092R02,S3011R02,unrelated
S3092R02.jpg,S3012L07.jpg,S3092R02,S3012L07,unrelated
S3092R02.jpg,S3012L02.jpg,S3092R02,S3012L02,unrelated
S3092R02.jpg,S3012R07.jpg,S3092R02,S3012R07,unrelated
S3092R06.jpg,S3071L06.jpg,S3092R06,S3071L06,unrelated
S3092R06.jpg,S3072L08.jpg,S3092R06,S3072L08,unrelated
S3092R06.jpg,S3072L03.jpg,S3092R06,S3072L03,unrelated
S3092R06.jpg,S3072L06.jpg,S3092R06,S3072L06,unrelated
S3092R06.jpg,S3072L01.jpg,S3092R06,S3072L01,unrelated
S3092R06.jpg,S3072L09.jpg,S3092R06,S3072L09,unrelated
S3092R06.jpg,S3072R08.jpg,S3092R06,S3072R08,unrelated
S3092R06.jpg,S3072R10.jpg,S3092R06,S3072R10,unrelated
S3092R06.jpg,S3162L03.jpg,S3092R06,S3162L03,unrelated
S3092R06.jpg,S3162L01.jpg,S3092R06,S3162L01,unrelated
S3092R06.jpg,S3162L02.jpg,S3092R06,S3162L02,unrelated
S3092R06.jpg,S3162L04.jpg,S3092R06,S3162L04,unrelated
S3092R06.jpg,S3162R09.jpg,S3092R06,S3162R09,unrelated
S3092R06.jpg,S3162R06.jpg,S3092R06,S3162R06,unrelated
S3092R06.jpg,S3162R10.jpg,S3092R06,S3162R10,unrelated
S3092R06.jpg,S3162R08.jpg,S3092R06,S3162R08,unrelated
S3092R06.jpg,S3162R07.jpg,S3092R06,S3162R07,unrelated
S3092R06.jpg,S3131L08.jpg,S3092R06,S3131L08,unrelated
S3092R06.jpg,S3131L10.jpg,S3092R06,S3131L10,unrelated
S3092R06.jpg,S3131R04.jpg,S3092R06,S3131R04,unrelated
S3092R06.jpg,S3131R06.jpg,S3092R06,S3131R06,unrelated
S3092R06.jpg,S3131R05.jpg,S3092R06,S3131R05,unrelated
S3092R06.jpg,S3131R07.jpg,S3092R06,S3131R07,unrelated
S3092R06.jpg,S3132L09.jpg,S3092R06,S3132L09,unrelated
S3092R06.jpg,S3132L08.jpg,S3092R06,S3132L08,unrelated
S3092R06.jpg,S3132L05.jpg,S3092R06,S3132L05,unrelated
S3092R06.jpg,S3132L10.jpg,S3092R06,S3132L10,unrelated
S3092R06.jpg,S3132L04.jpg,S3092R06,S3132L04,unrelated
S3092R06.jpg,S3132R06.jpg,S3092R06,S3132R06,unrelated
S3092R06.jpg,S3132R07.jpg,S3092R06,S3132R07,unrelated
S3092R06.jpg,S3031L06.jpg,S3092R06,S3031L06,unrelated
S3092R06.jpg,S3031R09.jpg,S3092R06,S3031R09,unrelated
S3092R06.jpg,S3032L08.jpg,S3092R06,S3032L08,unrelated
S3092R06.jpg,S3032L10.jpg,S3092R06,S3032L10,unrelated
S3092R06.jpg,S3032L09.jpg,S3092R06,S3032L09,unrelated
S3092R06.jpg,S3032L05.jpg,S3092R06,S3032L05,unrelated
S3092R06.jpg,S3032L06.jpg,S3092R06,S3032L06,unrelated
S3092R06.jpg,S3032R10.jpg,S3092R06,S3032R10,unrelated
S3092R06.jpg,S3032R05.jpg,S3092R06,S3032R05,unrelated
S3092R06.jpg,S3032R04.jpg,S3092R06,S3032R04,unrelated
S3092R06.jpg,S3032R07.jpg,S3092R06,S3032R07,unrelated
S3092R06.jpg,S3032R06.jpg,S3092R06,S3032R06,unrelated
S3092R06.jpg,S3041L03.jpg,S3092R06,S3041L03,unrelated
S3092R06.jpg,S3041L06.jpg,S3092R06,S3041L06,unrelated
S3092R06.jpg,S3041L05.jpg,S3092R06,S3041L05,unrelated
S3092R06.jpg,S3041L04.jpg,S3092R06,S3041L04,unrelated
S3092R06.jpg,S3041R01.jpg,S3092R06,S3041R01,unrelated
S3092R06.jpg,S3042L08.jpg,S3092R06,S3042L08,unrelated
S3092R06.jpg,S3042R07.jpg,S3092R06,S3042R07,unrelated
S3092R06.jpg,S3042R08.jpg,S3092R06,S3042R08,unrelated
S3092R06.jpg,S3002L02.jpg,S3092R06,S3002L02,unrelated
S3092R06.jpg,S3082R05.jpg,S3092R06,S3082R05,unrelated
S3092R06.jpg,S3082R02.jpg,S3092R06,S3082R02,unrelated
S3092R06.jpg,S3082R06.jpg,S3092R06,S3082R06,unrelated
S3092R06.jpg,S3082R01.jpg,S3092R06,S3082R01,unrelated
S3092R06.jpg,S3082R04.jpg,S3092R06,S3082R04,unrelated
S3092R06.jpg,S3061L03.jpg,S3092R06,S3061L03,unrelated
S3092R06.jpg,S3061L02.jpg,S3092R06,S3061L02,unrelated
S3092R06.jpg,S3061R01.jpg,S3092R06,S3061R01,unrelated
S3092R06.jpg,S3061R04.jpg,S3092R06,S3061R04,unrelated
S3092R06.jpg,S3061R07.jpg,S3092R06,S3061R07,unrelated
S3092R06.jpg,S3061R08.jpg,S3092R06,S3061R08,unrelated
S3092R06.jpg,S3062L03.jpg,S3092R06,S3062L03,unrelated
S3092R06.jpg,S3062L05.jpg,S3092R06,S3062L05,unrelated
S3092R06.jpg,S3062L07.jpg,S3092R06,S3062L07,unrelated
S3092R06.jpg,S3062L06.jpg,S3092R06,S3062L06,unrelated
S3092R06.jpg,S3062L04.jpg,S3092R06,S3062L04,unrelated
S3092R06.jpg,S3062R02.jpg,S3092R06,S3062R02,unrelated
S3092R06.jpg,S3062R09.jpg,S3092R06,S3062R09,unrelated
S3092R06.jpg,S3062R10.jpg,S3092R06,S3062R10,unrelated
S3092R06.jpg,S3062R07.jpg,S3092R06,S3062R07,unrelated
S3092R06.jpg,S3062R08.jpg,S3092R06,S3062R08,unrelated
S3092R06.jpg,S3021L04.jpg,S3092R06,S3021L04,unrelated
S3092R06.jpg,S3021L03.jpg,S3092R06,S3021L03,unrelated
S3092R06.jpg,S3021L06.jpg,S3092R06,S3021L06,unrelated
S3092R06.jpg,S3021L02.jpg,S3092R06,S3021L02,unrelated
S3092R06.jpg,S3021L01.jpg,S3092R06,S3021L01,unrelated
S3092R06.jpg,S3021R09.jpg,S3092R06,S3021R09,unrelated
S3092R06.jpg,S3021R01.jpg,S3092R06,S3021R01,unrelated
S3092R06.jpg,S3021R02.jpg,S3092R06,S3021R02,unrelated
S3092R06.jpg,S3021R07.jpg,S3092R06,S3021R07,unrelated
S3092R06.jpg,S3021R06.jpg,S3092R06,S3021R06,unrelated
S3092R06.jpg,S3022L01.jpg,S3092R06,S3022L01,unrelated
S3092R06.jpg,S3022R01.jpg,S3092R06,S3022R01,unrelated
S3092R06.jpg,S3022R02.jpg,S3092R06,S3022R02,unrelated
S3092R06.jpg,S3101L08.jpg,S3092R06,S3101L08,unrelated
S3092R06.jpg,S3101L04.jpg,S3092R06,S3101L04,unrelated
S3092R06.jpg,S3101L02.jpg,S3092R06,S3101L02,unrelated
S3092R06.jpg,S3101L09.jpg,S3092R06,S3101L09,unrelated
S3092R06.jpg,S3101L10.jpg,S3092R06,S3101L10,unrelated
S3092R06.jpg,S3101R07.jpg,S3092R06,S3101R07,unrelated
S3092R06.jpg,S3101R04.jpg,S3092R06,S3101R04,unrelated
S3092R06.jpg,S3101R03.jpg,S3092R06,S3101R03,unrelated
S3092R06.jpg,S3101R02.jpg,S3092R06,S3101R02,unrelated
S3092R06.jpg,S3101R05.jpg,S3092R06,S3101R05,unrelated
S3092R06.jpg,S3102L10.jpg,S3092R06,S3102L10,unrelated
S3092R06.jpg,S3102L09.jpg,S3092R06,S3102L09,unrelated
S3092R06.jpg,S3102L01.jpg,S3092R06,S3102L01,unrelated
S3092R06.jpg,S3102L07.jpg,S3092R06,S3102L07,unrelated
S3092R06.jpg,S3102L06.jpg,S3092R06,S3102L06,unrelated
S3092R06.jpg,S3102R07.jpg,S3092R06,S3102R07,unrelated
S3092R06.jpg,S3102R08.jpg,S3092R06,S3102R08,unrelated
S3092R06.jpg,S3102R02.jpg,S3092R06,S3102R02,unrelated
S3092R06.jpg,S3102R06.jpg,S3092R06,S3102R06,unrelated
S3092R06.jpg,S3102R09.jpg,S3092R06,S3102R09,unrelated
S3092R06.jpg,S3151L06.jpg,S3092R06,S3151L06,unrelated
S3092R06.jpg,S3151L04.jpg,S3092R06,S3151L04,unrelated
S3092R06.jpg,S3151L03.jpg,S3092R06,S3151L03,unrelated
S3092R06.jpg,S3151L05.jpg,S3092R06,S3151L05,unrelated
S3092R06.jpg,S3151L07.jpg,S3092R06,S3151L07,unrelated
S3092R06.jpg,S3151R03.jpg,S3092R06,S3151R03,unrelated
S3092R06.jpg,S3151R01.jpg,S3092R06,S3151R01,unrelated
S3092R06.jpg,S3151R02.jpg,S3092R06,S3151R02,unrelated
S3092R06.jpg,S3152R04.jpg,S3092R06,S3152R04,unrelated
S3092R06.jpg,S3152R03.jpg,S3092R06,S3152R03,unrelated
S3092R06.jpg,S3152R02.jpg,S3092R06,S3152R02,unrelated
S3092R06.jpg,S3152R07.jpg,S3092R06,S3152R07,unrelated
S3092R06.jpg,S3181R04.jpg,S3092R06,S3181R04,unrelated
S3092R06.jpg,S3181R05.jpg,S3092R06,S3181R05,unrelated
S3092R06.jpg,S3182L01.jpg,S3092R06,S3182L01,unrelated
S3092R06.jpg,S3182R05.jpg,S3092R06,S3182R05,unrelated
S3092R06.jpg,S3182R06.jpg,S3092R06,S3182R06,unrelated
S3092R06.jpg,S3182R04.jpg,S3092R06,S3182R04,unrelated
S3092R06.jpg,S3182R03.jpg,S3092R06,S3182R03,unrelated
S3092R06.jpg,S3182R07.jpg,S3092R06,S3182R07,unrelated
S3092R06.jpg,S3141L03.jpg,S3092R06,S3141L03,unrelated
S3092R06.jpg,S3141R07.jpg,S3092R06,S3141R07,unrelated
S3092R06.jpg,S3141R10.jpg,S3092R06,S3141R10,unrelated
S3092R06.jpg,S3141R04.jpg,S3092R06,S3141R04,unrelated
S3092R06.jpg,S3141R06.jpg,S3092R06,S3141R06,unrelated
S3092R06.jpg,S3142L03.jpg,S3092R06,S3142L03,unrelated
S3092R06.jpg,S3142L02.jpg,S3092R06,S3142L02,unrelated
S3092R06.jpg,S3142L04.jpg,S3092R06,S3142L04,unrelated
S3092R06.jpg,S3142L07.jpg,S3092R06,S3142L07,unrelated
S3092R06.jpg,S3142R08.jpg,S3092R06,S3142R08,unrelated
S3092R06.jpg,S3142R07.jpg,S3092R06,S3142R07,unrelated
S3092R06.jpg,S3142R10.jpg,S3092R06,S3142R10,unrelated
S3092R06.jpg,S3142R09.jpg,S3092R06,S3142R09,unrelated
S3092R06.jpg,S3121L03.jpg,S3092R06,S3121L03,unrelated
S3092R06.jpg,S3121L02.jpg,S3092R06,S3121L02,unrelated
S3092R06.jpg,S3121L01.jpg,S3092R06,S3121L01,unrelated
S3092R06.jpg,S3121R04.jpg,S3092R06,S3121R04,unrelated
S3092R06.jpg,S3121R02.jpg,S3092R06,S3121R02,unrelated
S3092R06.jpg,S3121R01.jpg,S3092R06,S3121R01,unrelated
S3092R06.jpg,S3121R08.jpg,S3092R06,S3121R08,unrelated
S3092R06.jpg,S3121R07.jpg,S3092R06,S3121R07,unrelated
S3092R06.jpg,S3122L09.jpg,S3092R06,S3122L09,unrelated
S3092R06.jpg,S3122L07.jpg,S3092R06,S3122L07,unrelated
S3092R06.jpg,S3122L10.jpg,S3092R06,S3122L10,unrelated
S3092R06.jpg,S3122L01.jpg,S3092R06,S3122L01,unrelated
S3092R06.jpg,S3122L05.jpg,S3092R06,S3122L05,unrelated
S3092R06.jpg,S3122R02.jpg,S3092R06,S3122R02,unrelated
S3092R06.jpg,S3122R04.jpg,S3092R06,S3122R04,unrelated
S3092R06.jpg,S3122R03.jpg,S3092R06,S3122R03,unrelated
S3092R06.jpg,S3122R01.jpg,S3092R06,S3122R01,unrelated
S3092R06.jpg,S3051L07.jpg,S3092R06,S3051L07,unrelated
S3092R06.jpg,S3051L08.jpg,S3092R06,S3051L08,unrelated
S3092R06.jpg,S3051L10.jpg,S3092R06,S3051L10,unrelated
S3092R06.jpg,S3051L06.jpg,S3092R06,S3051L06,unrelated
S3092R06.jpg,S3051R01.jpg,S3092R06,S3051R01,unrelated
S3092R06.jpg,S3051R03.jpg,S3092R06,S3051R03,unrelated
S3092R06.jpg,S3052L01.jpg,S3092R06,S3052L01,unrelated
S3092R06.jpg,S3052L02.jpg,S3092R06,S3052L02,unrelated
S3092R06.jpg,S3052L03.jpg,S3092R06,S3052L03,unrelated
S3092R06.jpg,S3052R01.jpg,S3092R06,S3052R01,unrelated
S3092R06.jpg,S3011L07.jpg,S3092R06,S3011L07,unrelated
S3092R06.jpg,S3011R01.jpg,S3092R06,S3011R01,unrelated
S3092R06.jpg,S3011R02.jpg,S3092R06,S3011R02,unrelated
S3092R06.jpg,S3012L07.jpg,S3092R06,S3012L07,unrelated
S3092R06.jpg,S3012L02.jpg,S3092R06,S3012L02,unrelated
S3092R06.jpg,S3012R07.jpg,S3092R06,S3012R07,unrelated
S3071L06.jpg,S3072L08.jpg,S3071L06,S3072L08,twin_same_eye
S3071L06.jpg,S3072L03.jpg,S3071L06,S3072L03,twin_same_eye
S3071L06.jpg,S3072L06.jpg,S3071L06,S3072L06,twin_same_eye
S3071L06.jpg,S3072L01.jpg,S3071L06,S3072L01,twin_same_eye
S3071L06.jpg,S3072L09.jpg,S3071L06,S3072L09,twin_same_eye
S3071L06.jpg,S3072R08.jpg,S3071L06,S3072R08,twin_cross_eye
S3071L06.jpg,S3072R10.jpg,S3071L06,S3072R10,twin_cross_eye
S3071L06.jpg,S3162L03.jpg,S3071L06,S3162L03,unrelated
S3071L06.jpg,S3162L01.jpg,S3071L06,S3162L01,unrelated
S3071L06.jpg,S3162L02.jpg,S3071L06,S3162L02,unrelated
S3071L06.jpg,S3162L04.jpg,S3071L06,S3162L04,unrelated
S3071L06.jpg,S3162R09.jpg,S3071L06,S3162R09,unrelated
S3071L06.jpg,S3162R06.jpg,S3071L06,S3162R06,unrelated
S3071L06.jpg,S3162R10.jpg,S3071L06,S3162R10,unrelated
S3071L06.jpg,S3162R08.jpg,S3071L06,S3162R08,unrelated
S3071L06.jpg,S3162R07.jpg,S3071L06,S3162R07,unrelated
S3071L06.jpg,S3131L08.jpg,S3071L06,S3131L08,unrelated
S3071L06.jpg,S3131L10.jpg,S3071L06,S3131L10,unrelated
S3071L06.jpg,S3131R04.jpg,S3071L06,S3131R04,unrelated
S3071L06.jpg,S3131R06.jpg,S3071L06,S3131R06,unrelated
S3071L06.jpg,S3131R05.jpg,S3071L06,S3131R05,unrelated
S3071L06.jpg,S3131R07.jpg,S3071L06,S3131R07,unrelated
S3071L06.jpg,S3132L09.jpg,S3071L06,S3132L09,unrelated
S3071L06.jpg,S3132L08.jpg,S3071L06,S3132L08,unrelated
S3071L06.jpg,S3132L05.jpg,S3071L06,S3132L05,unrelated
S3071L06.jpg,S3132L10.jpg,S3071L06,S3132L10,unrelated
S3071L06.jpg,S3132L04.jpg,S3071L06,S3132L04,unrelated
S3071L06.jpg,S3132R06.jpg,S3071L06,S3132R06,unrelated
S3071L06.jpg,S3132R07.jpg,S3071L06,S3132R07,unrelated
S3071L06.jpg,S3031L06.jpg,S3071L06,S3031L06,unrelated
S3071L06.jpg,S3031R09.jpg,S3071L06,S3031R09,unrelated
S3071L06.jpg,S3032L08.jpg,S3071L06,S3032L08,unrelated
S3071L06.jpg,S3032L10.jpg,S3071L06,S3032L10,unrelated
S3071L06.jpg,S3032L09.jpg,S3071L06,S3032L09,unrelated
S3071L06.jpg,S3032L05.jpg,S3071L06,S3032L05,unrelated
S3071L06.jpg,S3032L06.jpg,S3071L06,S3032L06,unrelated
S3071L06.jpg,S3032R10.jpg,S3071L06,S3032R10,unrelated
S3071L06.jpg,S3032R05.jpg,S3071L06,S3032R05,unrelated
S3071L06.jpg,S3032R04.jpg,S3071L06,S3032R04,unrelated
S3071L06.jpg,S3032R07.jpg,S3071L06,S3032R07,unrelated
S3071L06.jpg,S3032R06.jpg,S3071L06,S3032R06,unrelated
S3071L06.jpg,S3041L03.jpg,S3071L06,S3041L03,unrelated
S3071L06.jpg,S3041L06.jpg,S3071L06,S3041L06,unrelated
S3071L06.jpg,S3041L05.jpg,S3071L06,S3041L05,unrelated
S3071L06.jpg,S3041L04.jpg,S3071L06,S3041L04,unrelated
S3071L06.jpg,S3041R01.jpg,S3071L06,S3041R01,unrelated
S3071L06.jpg,S3042L08.jpg,S3071L06,S3042L08,unrelated
S3071L06.jpg,S3042R07.jpg,S3071L06,S3042R07,unrelated
S3071L06.jpg,S3042R08.jpg,S3071L06,S3042R08,unrelated
S3071L06.jpg,S3002L02.jpg,S3071L06,S3002L02,unrelated
S3071L06.jpg,S3082R05.jpg,S3071L06,S3082R05,unrelated
S3071L06.jpg,S3082R02.jpg,S3071L06,S3082R02,unrelated
S3071L06.jpg,S3082R06.jpg,S3071L06,S3082R06,unrelated
S3071L06.jpg,S3082R01.jpg,S3071L06,S3082R01,unrelated
S3071L06.jpg,S3082R04.jpg,S3071L06,S3082R04,unrelated
S3071L06.jpg,S3061L03.jpg,S3071L06,S3061L03,unrelated
S3071L06.jpg,S3061L02.jpg,S3071L06,S3061L02,unrelated
S3071L06.jpg,S3061R01.jpg,S3071L06,S3061R01,unrelated
S3071L06.jpg,S3061R04.jpg,S3071L06,S3061R04,unrelated
S3071L06.jpg,S3061R07.jpg,S3071L06,S3061R07,unrelated
S3071L06.jpg,S3061R08.jpg,S3071L06,S3061R08,unrelated
S3071L06.jpg,S3062L03.jpg,S3071L06,S3062L03,unrelated
S3071L06.jpg,S3062L05.jpg,S3071L06,S3062L05,unrelated
S3071L06.jpg,S3062L07.jpg,S3071L06,S3062L07,unrelated
S3071L06.jpg,S3062L06.jpg,S3071L06,S3062L06,unrelated
S3071L06.jpg,S3062L04.jpg,S3071L06,S3062L04,unrelated
S3071L06.jpg,S3062R02.jpg,S3071L06,S3062R02,unrelated
S3071L06.jpg,S3062R09.jpg,S3071L06,S3062R09,unrelated
S3071L06.jpg,S3062R10.jpg,S3071L06,S3062R10,unrelated
S3071L06.jpg,S3062R07.jpg,S3071L06,S3062R07,unrelated
S3071L06.jpg,S3062R08.jpg,S3071L06,S3062R08,unrelated
S3071L06.jpg,S3021L04.jpg,S3071L06,S3021L04,unrelated
S3071L06.jpg,S3021L03.jpg,S3071L06,S3021L03,unrelated
S3071L06.jpg,S3021L06.jpg,S3071L06,S3021L06,unrelated
S3071L06.jpg,S3021L02.jpg,S3071L06,S3021L02,unrelated
S3071L06.jpg,S3021L01.jpg,S3071L06,S3021L01,unrelated
S3071L06.jpg,S3021R09.jpg,S3071L06,S3021R09,unrelated
S3071L06.jpg,S3021R01.jpg,S3071L06,S3021R01,unrelated
S3071L06.jpg,S3021R02.jpg,S3071L06,S3021R02,unrelated
S3071L06.jpg,S3021R07.jpg,S3071L06,S3021R07,unrelated
S3071L06.jpg,S3021R06.jpg,S3071L06,S3021R06,unrelated
S3071L06.jpg,S3022L01.jpg,S3071L06,S3022L01,unrelated
S3071L06.jpg,S3022R01.jpg,S3071L06,S3022R01,unrelated
S3071L06.jpg,S3022R02.jpg,S3071L06,S3022R02,unrelated
S3071L06.jpg,S3101L08.jpg,S3071L06,S3101L08,unrelated
S3071L06.jpg,S3101L04.jpg,S3071L06,S3101L04,unrelated
S3071L06.jpg,S3101L02.jpg,S3071L06,S3101L02,unrelated
S3071L06.jpg,S3101L09.jpg,S3071L06,S3101L09,unrelated
S3071L06.jpg,S3101L10.jpg,S3071L06,S3101L10,unrelated
S3071L06.jpg,S3101R07.jpg,S3071L06,S3101R07,unrelated
S3071L06.jpg,S3101R04.jpg,S3071L06,S3101R04,unrelated
S3071L06.jpg,S3101R03.jpg,S3071L06,S3101R03,unrelated
S3071L06.jpg,S3101R02.jpg,S3071L06,S3101R02,unrelated
S3071L06.jpg,S3101R05.jpg,S3071L06,S3101R05,unrelated
S3071L06.jpg,S3102L10.jpg,S3071L06,S3102L10,unrelated
S3071L06.jpg,S3102L09.jpg,S3071L06,S3102L09,unrelated
S3071L06.jpg,S3102L01.jpg,S3071L06,S3102L01,unrelated
S3071L06.jpg,S3102L07.jpg,S3071L06,S3102L07,unrelated
S3071L06.jpg,S3102L06.jpg,S3071L06,S3102L06,unrelated
S3071L06.jpg,S3102R07.jpg,S3071L06,S3102R07,unrelated
S3071L06.jpg,S3102R08.jpg,S3071L06,S3102R08,unrelated
S3071L06.jpg,S3102R02.jpg,S3071L06,S3102R02,unrelated
S3071L06.jpg,S3102R06.jpg,S3071L06,S3102R06,unrelated
S3071L06.jpg,S3102R09.jpg,S3071L06,S3102R09,unrelated
S3071L06.jpg,S3151L06.jpg,S3071L06,S3151L06,unrelated
S3071L06.jpg,S3151L04.jpg,S3071L06,S3151L04,unrelated
S3071L06.jpg,S3151L03.jpg,S3071L06,S3151L03,unrelated
S3071L06.jpg,S3151L05.jpg,S3071L06,S3151L05,unrelated
S3071L06.jpg,S3151L07.jpg,S3071L06,S3151L07,unrelated
S3071L06.jpg,S3151R03.jpg,S3071L06,S3151R03,unrelated
S3071L06.jpg,S3151R01.jpg,S3071L06,S3151R01,unrelated
S3071L06.jpg,S3151R02.jpg,S3071L06,S3151R02,unrelated
S3071L06.jpg,S3152R04.jpg,S3071L06,S3152R04,unrelated
S3071L06.jpg,S3152R03.jpg,S3071L06,S3152R03,unrelated
S3071L06.jpg,S3152R02.jpg,S3071L06,S3152R02,unrelated
S3071L06.jpg,S3152R07.jpg,S3071L06,S3152R07,unrelated
S3071L06.jpg,S3181R04.jpg,S3071L06,S3181R04,unrelated
S3071L06.jpg,S3181R05.jpg,S3071L06,S3181R05,unrelated
S3071L06.jpg,S3182L01.jpg,S3071L06,S3182L01,unrelated
S3071L06.jpg,S3182R05.jpg,S3071L06,S3182R05,unrelated
S3071L06.jpg,S3182R06.jpg,S3071L06,S3182R06,unrelated
S3071L06.jpg,S3182R04.jpg,S3071L06,S3182R04,unrelated
S3071L06.jpg,S3182R03.jpg,S3071L06,S3182R03,unrelated
S3071L06.jpg,S3182R07.jpg,S3071L06,S3182R07,unrelated
S3071L06.jpg,S3141L03.jpg,S3071L06,S3141L03,unrelated
S3071L06.jpg,S3141R07.jpg,S3071L06,S3141R07,unrelated
S3071L06.jpg,S3141R10.jpg,S3071L06,S3141R10,unrelated
S3071L06.jpg,S3141R04.jpg,S3071L06,S3141R04,unrelated
S3071L06.jpg,S3141R06.jpg,S3071L06,S3141R06,unrelated
S3071L06.jpg,S3142L03.jpg,S3071L06,S3142L03,unrelated
S3071L06.jpg,S3142L02.jpg,S3071L06,S3142L02,unrelated
S3071L06.jpg,S3142L04.jpg,S3071L06,S3142L04,unrelated
S3071L06.jpg,S3142L07.jpg,S3071L06,S3142L07,unrelated
S3071L06.jpg,S3142R08.jpg,S3071L06,S3142R08,unrelated
S3071L06.jpg,S3142R07.jpg,S3071L06,S3142R07,unrelated
S3071L06.jpg,S3142R10.jpg,S3071L06,S3142R10,unrelated
S3071L06.jpg,S3142R09.jpg,S3071L06,S3142R09,unrelated
S3071L06.jpg,S3121L03.jpg,S3071L06,S3121L03,unrelated
S3071L06.jpg,S3121L02.jpg,S3071L06,S3121L02,unrelated
S3071L06.jpg,S3121L01.jpg,S3071L06,S3121L01,unrelated
S3071L06.jpg,S3121R04.jpg,S3071L06,S3121R04,unrelated
S3071L06.jpg,S3121R02.jpg,S3071L06,S3121R02,unrelated
S3071L06.jpg,S3121R01.jpg,S3071L06,S3121R01,unrelated
S3071L06.jpg,S3121R08.jpg,S3071L06,S3121R08,unrelated
S3071L06.jpg,S3121R07.jpg,S3071L06,S3121R07,unrelated
S3071L06.jpg,S3122L09.jpg,S3071L06,S3122L09,unrelated
S3071L06.jpg,S3122L07.jpg,S3071L06,S3122L07,unrelated
S3071L06.jpg,S3122L10.jpg,S3071L06,S3122L10,unrelated
S3071L06.jpg,S3122L01.jpg,S3071L06,S3122L01,unrelated
S3071L06.jpg,S3122L05.jpg,S3071L06,S3122L05,unrelated
S3071L06.jpg,S3122R02.jpg,S3071L06,S3122R02,unrelated
S3071L06.jpg,S3122R04.jpg,S3071L06,S3122R04,unrelated
S3071L06.jpg,S3122R03.jpg,S3071L06,S3122R03,unrelated
S3071L06.jpg,S3122R01.jpg,S3071L06,S3122R01,unrelated
S3071L06.jpg,S3051L07.jpg,S3071L06,S3051L07,unrelated
S3071L06.jpg,S3051L08.jpg,S3071L06,S3051L08,unrelated
S3071L06.jpg,S3051L10.jpg,S3071L06,S3051L10,unrelated
S3071L06.jpg,S3051L06.jpg,S3071L06,S3051L06,unrelated
S3071L06.jpg,S3051R01.jpg,S3071L06,S3051R01,unrelated
S3071L06.jpg,S3051R03.jpg,S3071L06,S3051R03,unrelated
S3071L06.jpg,S3052L01.jpg,S3071L06,S3052L01,unrelated
S3071L06.jpg,S3052L02.jpg,S3071L06,S3052L02,unrelated
S3071L06.jpg,S3052L03.jpg,S3071L06,S3052L03,unrelated
S3071L06.jpg,S3052R01.jpg,S3071L06,S3052R01,unrelated
S3071L06.jpg,S3011L07.jpg,S3071L06,S3011L07,unrelated
S3071L06.jpg,S3011R01.jpg,S3071L06,S3011R01,unrelated
S3071L06.jpg,S3011R02.jpg,S3071L06,S3011R02,unrelated
S3071L06.jpg,S3012L07.jpg,S3071L06,S3012L07,unrelated
S3071L06.jpg,S3012L02.jpg,S3071L06,S3012L02,unrelated
S3071L06.jpg,S3012R07.jpg,S3071L06,S3012R07,unrelated
S3072L08.jpg,S3072L03.jpg,S3072L08,S3072L03,genuine
S3072L08.jpg,S3072L06.jpg,S3072L08,S3072L06,genuine
S3072L08.jpg,S3072L01.jpg,S3072L08,S3072L01,genuine
S3072L08.jpg,S3072L09.jpg,S3072L08,S3072L09,genuine
S3072L08.jpg,S3072R08.jpg,S3072L08,S3072R08,same_subject_different_eye
S3072L08.jpg,S3072R10.jpg,S3072L08,S3072R10,same_subject_different_eye
S3072L08.jpg,S3162L03.jpg,S3072L08,S3162L03,unrelated
S3072L08.jpg,S3162L01.jpg,S3072L08,S3162L01,unrelated
S3072L08.jpg,S3162L02.jpg,S3072L08,S3162L02,unrelated
S3072L08.jpg,S3162L04.jpg,S3072L08,S3162L04,unrelated
S3072L08.jpg,S3162R09.jpg,S3072L08,S3162R09,unrelated
S3072L08.jpg,S3162R06.jpg,S3072L08,S3162R06,unrelated
S3072L08.jpg,S3162R10.jpg,S3072L08,S3162R10,unrelated
S3072L08.jpg,S3162R08.jpg,S3072L08,S3162R08,unrelated
S3072L08.jpg,S3162R07.jpg,S3072L08,S3162R07,unrelated
S3072L08.jpg,S3131L08.jpg,S3072L08,S3131L08,unrelated
S3072L08.jpg,S3131L10.jpg,S3072L08,S3131L10,unrelated
S3072L08.jpg,S3131R04.jpg,S3072L08,S3131R04,unrelated
S3072L08.jpg,S3131R06.jpg,S3072L08,S3131R06,unrelated
S3072L08.jpg,S3131R05.jpg,S3072L08,S3131R05,unrelated
S3072L08.jpg,S3131R07.jpg,S3072L08,S3131R07,unrelated
S3072L08.jpg,S3132L09.jpg,S3072L08,S3132L09,unrelated
S3072L08.jpg,S3132L08.jpg,S3072L08,S3132L08,unrelated
S3072L08.jpg,S3132L05.jpg,S3072L08,S3132L05,unrelated
S3072L08.jpg,S3132L10.jpg,S3072L08,S3132L10,unrelated
S3072L08.jpg,S3132L04.jpg,S3072L08,S3132L04,unrelated
S3072L08.jpg,S3132R06.jpg,S3072L08,S3132R06,unrelated
S3072L08.jpg,S3132R07.jpg,S3072L08,S3132R07,unrelated
S3072L08.jpg,S3031L06.jpg,S3072L08,S3031L06,unrelated
S3072L08.jpg,S3031R09.jpg,S3072L08,S3031R09,unrelated
S3072L08.jpg,S3032L08.jpg,S3072L08,S3032L08,unrelated
S3072L08.jpg,S3032L10.jpg,S3072L08,S3032L10,unrelated
S3072L08.jpg,S3032L09.jpg,S3072L08,S3032L09,unrelated
S3072L08.jpg,S3032L05.jpg,S3072L08,S3032L05,unrelated
S3072L08.jpg,S3032L06.jpg,S3072L08,S3032L06,unrelated
S3072L08.jpg,S3032R10.jpg,S3072L08,S3032R10,unrelated
S3072L08.jpg,S3032R05.jpg,S3072L08,S3032R05,unrelated
S3072L08.jpg,S3032R04.jpg,S3072L08,S3032R04,unrelated
S3072L08.jpg,S3032R07.jpg,S3072L08,S3032R07,unrelated
S3072L08.jpg,S3032R06.jpg,S3072L08,S3032R06,unrelated
S3072L08.jpg,S3041L03.jpg,S3072L08,S3041L03,unrelated
S3072L08.jpg,S3041L06.jpg,S3072L08,S3041L06,unrelated
S3072L08.jpg,S3041L05.jpg,S3072L08,S3041L05,unrelated
S3072L08.jpg,S3041L04.jpg,S3072L08,S3041L04,unrelated
S3072L08.jpg,S3041R01.jpg,S3072L08,S3041R01,unrelated
S3072L08.jpg,S3042L08.jpg,S3072L08,S3042L08,unrelated
S3072L08.jpg,S3042R07.jpg,S3072L08,S3042R07,unrelated
S3072L08.jpg,S3042R08.jpg,S3072L08,S3042R08,unrelated
S3072L08.jpg,S3002L02.jpg,S3072L08,S3002L02,unrelated
S3072L08.jpg,S3082R05.jpg,S3072L08,S3082R05,unrelated
S3072L08.jpg,S3082R02.jpg,S3072L08,S3082R02,unrelated
S3072L08.jpg,S3082R06.jpg,S3072L08,S3082R06,unrelated
S3072L08.jpg,S3082R01.jpg,S3072L08,S3082R01,unrelated
S3072L08.jpg,S3082R04.jpg,S3072L08,S3082R04,unrelated
S3072L08.jpg,S3061L03.jpg,S3072L08,S3061L03,unrelated
S3072L08.jpg,S3061L02.jpg,S3072L08,S3061L02,unrelated
S3072L08.jpg,S3061R01.jpg,S3072L08,S3061R01,unrelated
S3072L08.jpg,S3061R04.jpg,S3072L08,S3061R04,unrelated
S3072L08.jpg,S3061R07.jpg,S3072L08,S3061R07,unrelated
S3072L08.jpg,S3061R08.jpg,S3072L08,S3061R08,unrelated
S3072L08.jpg,S3062L03.jpg,S3072L08,S3062L03,unrelated
S3072L08.jpg,S3062L05.jpg,S3072L08,S3062L05,unrelated
S3072L08.jpg,S3062L07.jpg,S3072L08,S3062L07,unrelated
S3072L08.jpg,S3062L06.jpg,S3072L08,S3062L06,unrelated
S3072L08.jpg,S3062L04.jpg,S3072L08,S3062L04,unrelated
S3072L08.jpg,S3062R02.jpg,S3072L08,S3062R02,unrelated
S3072L08.jpg,S3062R09.jpg,S3072L08,S3062R09,unrelated
S3072L08.jpg,S3062R10.jpg,S3072L08,S3062R10,unrelated
S3072L08.jpg,S3062R07.jpg,S3072L08,S3062R07,unrelated
S3072L08.jpg,S3062R08.jpg,S3072L08,S3062R08,unrelated
S3072L08.jpg,S3021L04.jpg,S3072L08,S3021L04,unrelated
S3072L08.jpg,S3021L03.jpg,S3072L08,S3021L03,unrelated
S3072L08.jpg,S3021L06.jpg,S3072L08,S3021L06,unrelated
S3072L08.jpg,S3021L02.jpg,S3072L08,S3021L02,unrelated
S3072L08.jpg,S3021L01.jpg,S3072L08,S3021L01,unrelated
S3072L08.jpg,S3021R09.jpg,S3072L08,S3021R09,unrelated
S3072L08.jpg,S3021R01.jpg,S3072L08,S3021R01,unrelated
S3072L08.jpg,S3021R02.jpg,S3072L08,S3021R02,unrelated
S3072L08.jpg,S3021R07.jpg,S3072L08,S3021R07,unrelated
S3072L08.jpg,S3021R06.jpg,S3072L08,S3021R06,unrelated
S3072L08.jpg,S3022L01.jpg,S3072L08,S3022L01,unrelated
S3072L08.jpg,S3022R01.jpg,S3072L08,S3022R01,unrelated
S3072L08.jpg,S3022R02.jpg,S3072L08,S3022R02,unrelated
S3072L08.jpg,S3101L08.jpg,S3072L08,S3101L08,unrelated
S3072L08.jpg,S3101L04.jpg,S3072L08,S3101L04,unrelated
S3072L08.jpg,S3101L02.jpg,S3072L08,S3101L02,unrelated
S3072L08.jpg,S3101L09.jpg,S3072L08,S3101L09,unrelated
S3072L08.jpg,S3101L10.jpg,S3072L08,S3101L10,unrelated
S3072L08.jpg,S3101R07.jpg,S3072L08,S3101R07,unrelated
S3072L08.jpg,S3101R04.jpg,S3072L08,S3101R04,unrelated
S3072L08.jpg,S3101R03.jpg,S3072L08,S3101R03,unrelated
S3072L08.jpg,S3101R02.jpg,S3072L08,S3101R02,unrelated
S3072L08.jpg,S3101R05.jpg,S3072L08,S3101R05,unrelated
S3072L08.jpg,S3102L10.jpg,S3072L08,S3102L10,unrelated
S3072L08.jpg,S3102L09.jpg,S3072L08,S3102L09,unrelated
S3072L08.jpg,S3102L01.jpg,S3072L08,S3102L01,unrelated
S3072L08.jpg,S3102L07.jpg,S3072L08,S3102L07,unrelated
S3072L08.jpg,S3102L06.jpg,S3072L08,S3102L06,unrelated
S3072L08.jpg,S3102R07.jpg,S3072L08,S3102R07,unrelated
S3072L08.jpg,S3102R08.jpg,S3072L08,S3102R08,unrelated
S3072L08.jpg,S3102R02.jpg,S3072L08,S3102R02,unrelated
S3072L08.jpg,S3102R06.jpg,S3072L08,S3102R06,unrelated
S3072L08.jpg,S3102R09.jpg,S3072L08,S3102R09,unrelated
S3072L08.jpg,S3151L06.jpg,S3072L08,S3151L06,unrelated
S3072L08.jpg,S3151L04.jpg,S3072L08,S3151L04,unrelated
S3072L08.jpg,S3151L03.jpg,S3072L08,S3151L03,unrelated
S3072L08.jpg,S3151L05.jpg,S3072L08,S3151L05,unrelated
S3072L08.jpg,S3151L07.jpg,S3072L08,S3151L07,unrelated
S3072L08.jpg,S3151R03.jpg,S3072L08,S3151R03,unrelated
S3072L08.jpg,S3151R01.jpg,S3072L08,S3151R01,unrelated
S3072L08.jpg,S3151R02.jpg,S3072L08,S3151R02,unrelated
S3072L08.jpg,S3152R04.jpg,S3072L08,S3152R04,unrelated
S3072L08.jpg,S3152R03.jpg,S3072L08,S3152R03,unrelated
S3072L08.jpg,S3152R02.jpg,S3072L08,S3152R02,unrelated
S3072L08.jpg,S3152R07.jpg,S3072L08,S3152R07,unrelated
S3072L08.jpg,S3181R04.jpg,S3072L08,S3181R04,unrelated
S3072L08.jpg,S3181R05.jpg,S3072L08,S3181R05,unrelated
S3072L08.jpg,S3182L01.jpg,S3072L08,S3182L01,unrelated
S3072L08.jpg,S3182R05.jpg,S3072L08,S3182R05,unrelated
S3072L08.jpg,S3182R06.jpg,S3072L08,S3182R06,unrelated
S3072L08.jpg,S3182R04.jpg,S3072L08,S3182R04,unrelated
S3072L08.jpg,S3182R03.jpg,S3072L08,S3182R03,unrelated
S3072L08.jpg,S3182R07.jpg,S3072L08,S3182R07,unrelated
S3072L08.jpg,S3141L03.jpg,S3072L08,S3141L03,unrelated
S3072L08.jpg,S3141R07.jpg,S3072L08,S3141R07,unrelated
S3072L08.jpg,S3141R10.jpg,S3072L08,S3141R10,unrelated
S3072L08.jpg,S3141R04.jpg,S3072L08,S3141R04,unrelated
S3072L08.jpg,S3141R06.jpg,S3072L08,S3141R06,unrelated
S3072L08.jpg,S3142L03.jpg,S3072L08,S3142L03,unrelated
S3072L08.jpg,S3142L02.jpg,S3072L08,S3142L02,unrelated
S3072L08.jpg,S3142L04.jpg,S3072L08,S3142L04,unrelated
S3072L08.jpg,S3142L07.jpg,S3072L08,S3142L07,unrelated
S3072L08.jpg,S3142R08.jpg,S3072L08,S3142R08,unrelated
S3072L08.jpg,S3142R07.jpg,S3072L08,S3142R07,unrelated
S3072L08.jpg,S3142R10.jpg,S3072L08,S3142R10,unrelated
S3072L08.jpg,S3142R09.jpg,S3072L08,S3142R09,unrelated
S3072L08.jpg,S3121L03.jpg,S3072L08,S3121L03,unrelated
S3072L08.jpg,S3121L02.jpg,S3072L08,S3121L02,unrelated
S3072L08.jpg,S3121L01.jpg,S3072L08,S3121L01,unrelated
S3072L08.jpg,S3121R04.jpg,S3072L08,S3121R04,unrelated
S3072L08.jpg,S3121R02.jpg,S3072L08,S3121R02,unrelated
S3072L08.jpg,S3121R01.jpg,S3072L08,S3121R01,unrelated
S3072L08.jpg,S3121R08.jpg,S3072L08,S3121R08,unrelated
S3072L08.jpg,S3121R07.jpg,S3072L08,S3121R07,unrelated
S3072L08.jpg,S3122L09.jpg,S3072L08,S3122L09,unrelated
S3072L08.jpg,S3122L07.jpg,S3072L08,S3122L07,unrelated
S3072L08.jpg,S3122L10.jpg,S3072L08,S3122L10,unrelated
S3072L08.jpg,S3122L01.jpg,S3072L08,S3122L01,unrelated
S3072L08.jpg,S3122L05.jpg,S3072L08,S3122L05,unrelated
S3072L08.jpg,S3122R02.jpg,S3072L08,S3122R02,unrelated
S3072L08.jpg,S3122R04.jpg,S3072L08,S3122R04,unrelated
S3072L08.jpg,S3122R03.jpg,S3072L08,S3122R03,unrelated
S3072L08.jpg,S3122R01.jpg,S3072L08,S3122R01,unrelated
S3072L08.jpg,S3051L07.jpg,S3072L08,S3051L07,unrelated
S3072L08.jpg,S3051L08.jpg,S3072L08,S3051L08,unrelated
S3072L08.jpg,S3051L10.jpg,S3072L08,S3051L10,unrelated
S3072L08.jpg,S3051L06.jpg,S3072L08,S3051L06,unrelated
S3072L08.jpg,S3051R01.jpg,S3072L08,S3051R01,unrelated
S3072L08.jpg,S3051R03.jpg,S3072L08,S3051R03,unrelated
S3072L08.jpg,S3052L01.jpg,S3072L08,S3052L01,unrelated
S3072L08.jpg,S3052L02.jpg,S3072L08,S3052L02,unrelated
S3072L08.jpg,S3052L03.jpg,S3072L08,S3052L03,unrelated
S3072L08.jpg,S3052R01.jpg,S3072L08,S3052R01,unrelated
S3072L08.jpg,S3011L07.jpg,S3072L08,S3011L07,unrelated
S3072L08.jpg,S3011R01.jpg,S3072L08,S3011R01,unrelated
S3072L08.jpg,S3011R02.jpg,S3072L08,S3011R02,unrelated
S3072L08.jpg,S3012L07.jpg,S3072L08,S3012L07,unrelated
S3072L08.jpg,S3012L02.jpg,S3072L08,S3012L02,unrelated
S3072L08.jpg,S3012R07.jpg,S3072L08,S3012R07,unrelated
S3072L03.jpg,S3072L06.jpg,S3072L03,S3072L06,genuine
S3072L03.jpg,S3072L01.jpg,S3072L03,S3072L01,genuine
S3072L03.jpg,S3072L09.jpg,S3072L03,S3072L09,genuine
S3072L03.jpg,S3072R08.jpg,S3072L03,S3072R08,same_subject_different_eye
S3072L03.jpg,S3072R10.jpg,S3072L03,S3072R10,same_subject_different_eye
S3072L03.jpg,S3162L03.jpg,S3072L03,S3162L03,unrelated
S3072L03.jpg,S3162L01.jpg,S3072L03,S3162L01,unrelated
S3072L03.jpg,S3162L02.jpg,S3072L03,S3162L02,unrelated
S3072L03.jpg,S3162L04.jpg,S3072L03,S3162L04,unrelated
S3072L03.jpg,S3162R09.jpg,S3072L03,S3162R09,unrelated
S3072L03.jpg,S3162R06.jpg,S3072L03,S3162R06,unrelated
S3072L03.jpg,S3162R10.jpg,S3072L03,S3162R10,unrelated
S3072L03.jpg,S3162R08.jpg,S3072L03,S3162R08,unrelated
S3072L03.jpg,S3162R07.jpg,S3072L03,S3162R07,unrelated
S3072L03.jpg,S3131L08.jpg,S3072L03,S3131L08,unrelated
S3072L03.jpg,S3131L10.jpg,S3072L03,S3131L10,unrelated
S3072L03.jpg,S3131R04.jpg,S3072L03,S3131R04,unrelated
S3072L03.jpg,S3131R06.jpg,S3072L03,S3131R06,unrelated
S3072L03.jpg,S3131R05.jpg,S3072L03,S3131R05,unrelated
S3072L03.jpg,S3131R07.jpg,S3072L03,S3131R07,unrelated
S3072L03.jpg,S3132L09.jpg,S3072L03,S3132L09,unrelated
S3072L03.jpg,S3132L08.jpg,S3072L03,S3132L08,unrelated
S3072L03.jpg,S3132L05.jpg,S3072L03,S3132L05,unrelated
S3072L03.jpg,S3132L10.jpg,S3072L03,S3132L10,unrelated
S3072L03.jpg,S3132L04.jpg,S3072L03,S3132L04,unrelated
S3072L03.jpg,S3132R06.jpg,S3072L03,S3132R06,unrelated
S3072L03.jpg,S3132R07.jpg,S3072L03,S3132R07,unrelated
S3072L03.jpg,S3031L06.jpg,S3072L03,S3031L06,unrelated
S3072L03.jpg,S3031R09.jpg,S3072L03,S3031R09,unrelated
S3072L03.jpg,S3032L08.jpg,S3072L03,S3032L08,unrelated
S3072L03.jpg,S3032L10.jpg,S3072L03,S3032L10,unrelated
S3072L03.jpg,S3032L09.jpg,S3072L03,S3032L09,unrelated
S3072L03.jpg,S3032L05.jpg,S3072L03,S3032L05,unrelated
S3072L03.jpg,S3032L06.jpg,S3072L03,S3032L06,unrelated
S3072L03.jpg,S3032R10.jpg,S3072L03,S3032R10,unrelated
S3072L03.jpg,S3032R05.jpg,S3072L03,S3032R05,unrelated
S3072L03.jpg,S3032R04.jpg,S3072L03,S3032R04,unrelated
S3072L03.jpg,S3032R07.jpg,S3072L03,S3032R07,unrelated
S3072L03.jpg,S3032R06.jpg,S3072L03,S3032R06,unrelated
S3072L03.jpg,S3041L03.jpg,S3072L03,S3041L03,unrelated
S3072L03.jpg,S3041L06.jpg,S3072L03,S3041L06,unrelated
S3072L03.jpg,S3041L05.jpg,S3072L03,S3041L05,unrelated
S3072L03.jpg,S3041L04.jpg,S3072L03,S3041L04,unrelated
S3072L03.jpg,S3041R01.jpg,S3072L03,S3041R01,unrelated
S3072L03.jpg,S3042L08.jpg,S3072L03,S3042L08,unrelated
S3072L03.jpg,S3042R07.jpg,S3072L03,S3042R07,unrelated
S3072L03.jpg,S3042R08.jpg,S3072L03,S3042R08,unrelated
S3072L03.jpg,S3002L02.jpg,S3072L03,S3002L02,unrelated
S3072L03.jpg,S3082R05.jpg,S3072L03,S3082R05,unrelated
S3072L03.jpg,S3082R02.jpg,S3072L03,S3082R02,unrelated
S3072L03.jpg,S3082R06.jpg,S3072L03,S3082R06,unrelated
S3072L03.jpg,S3082R01.jpg,S3072L03,S3082R01,unrelated
S3072L03.jpg,S3082R04.jpg,S3072L03,S3082R04,unrelated
S3072L03.jpg,S3061L03.jpg,S3072L03,S3061L03,unrelated
S3072L03.jpg,S3061L02.jpg,S3072L03,S3061L02,unrelated
S3072L03.jpg,S3061R01.jpg,S3072L03,S3061R01,unrelated
S3072L03.jpg,S3061R04.jpg,S3072L03,S3061R04,unrelated
S3072L03.jpg,S3061R07.jpg,S3072L03,S3061R07,unrelated
S3072L03.jpg,S3061R08.jpg,S3072L03,S3061R08,unrelated
S3072L03.jpg,S3062L03.jpg,S3072L03,S3062L03,unrelated
S3072L03.jpg,S3062L05.jpg,S3072L03,S3062L05,unrelated
S3072L03.jpg,S3062L07.jpg,S3072L03,S3062L07,unrelated
S3072L03.jpg,S3062L06.jpg,S3072L03,S3062L06,unrelated
S3072L03.jpg,S3062L04.jpg,S3072L03,S3062L04,unrelated
S3072L03.jpg,S3062R02.jpg,S3072L03,S3062R02,unrelated
S3072L03.jpg,S3062R09.jpg,S3072L03,S3062R09,unrelated
S3072L03.jpg,S3062R10.jpg,S3072L03,S3062R10,unrelated
S3072L03.jpg,S3062R07.jpg,S3072L03,S3062R07,unrelated
S3072L03.jpg,S3062R08.jpg,S3072L03,S3062R08,unrelated
S3072L03.jpg,S3021L04.jpg,S3072L03,S3021L04,unrelated
S3072L03.jpg,S3021L03.jpg,S3072L03,S3021L03,unrelated
S3072L03.jpg,S3021L06.jpg,S3072L03,S3021L06,unrelated
S3072L03.jpg,S3021L02.jpg,S3072L03,S3021L02,unrelated
S3072L03.jpg,S3021L01.jpg,S3072L03,S3021L01,unrelated
S3072L03.jpg,S3021R09.jpg,S3072L03,S3021R09,unrelated
S3072L03.jpg,S3021R01.jpg,S3072L03,S3021R01,unrelated
S3072L03.jpg,S3021R02.jpg,S3072L03,S3021R02,unrelated
S3072L03.jpg,S3021R07.jpg,S3072L03,S3021R07,unrelated
S3072L03.jpg,S3021R06.jpg,S3072L03,S3021R06,unrelated
S3072L03.jpg,S3022L01.jpg,S3072L03,S3022L01,unrelated
S3072L03.jpg,S3022R01.jpg,S3072L03,S3022R01,unrelated
S3072L03.jpg,S3022R02.jpg,S3072L03,S3022R02,unrelated
S3072L03.jpg,S3101L08.jpg,S3072L03,S3101L08,unrelated
S3072L03.jpg,S3101L04.jpg,S3072L03,S3101L04,unrelated
S3072L03.jpg,S3101L02.jpg,S3072L03,S3101L02,unrelated
S3072L03.jpg,S3101L09.jpg,S3072L03,S3101L09,unrelated
S3072L03.jpg,S3101L10.jpg,S3072L03,S3101L10,unrelated
S3072L03.jpg,S3101R07.jpg,S3072L03,S3101R07,unrelated
S3072L03.jpg,S3101R04.jpg,S3072L03,S3101R04,unrelated
S3072L03.jpg,S3101R03.jpg,S3072L03,S3101R03,unrelated
S3072L03.jpg,S3101R02.jpg,S3072L03,S3101R02,unrelated
S3072L03.jpg,S3101R05.jpg,S3072L03,S3101R05,unrelated
S3072L03.jpg,S3102L10.jpg,S3072L03,S3102L10,unrelated
S3072L03.jpg,S3102L09.jpg,S3072L03,S3102L09,unrelated
S3072L03.jpg,S3102L01.jpg,S3072L03,S3102L01,unrelated
S3072L03.jpg,S3102L07.jpg,S3072L03,S3102L07,unrelated
S3072L03.jpg,S3102L06.jpg,S3072L03,S3102L06,unrelated
S3072L03.jpg,S3102R07.jpg,S3072L03,S3102R07,unrelated
S3072L03.jpg,S3102R08.jpg,S3072L03,S3102R08,unrelated
S3072L03.jpg,S3102R02.jpg,S3072L03,S3102R02,unrelated
S3072L03.jpg,S3102R06.jpg,S3072L03,S3102R06,unrelated
S3072L03.jpg,S3102R09.jpg,S3072L03,S3102R09,unrelated
S3072L03.jpg,S3151L06.jpg,S3072L03,S3151L06,unrelated
S3072L03.jpg,S3151L04.jpg,S3072L03,S3151L04,unrelated
S3072L03.jpg,S3151L03.jpg,S3072L03,S3151L03,unrelated
S3072L03.jpg,S3151L05.jpg,S3072L03,S3151L05,unrelated
S3072L03.jpg,S3151L07.jpg,S3072L03,S3151L07,unrelated
S3072L03.jpg,S3151R03.jpg,S3072L03,S3151R03,unrelated
S3072L03.jpg,S3151R01.jpg,S3072L03,S3151R01,unrelated
S3072L03.jpg,S3151R02.jpg,S3072L03,S3151R02,unrelated
S3072L03.jpg,S3152R04.jpg,S3072L03,S3152R04,unrelated
S3072L03.jpg,S3152R03.jpg,S3072L03,S3152R03,unrelated
S3072L03.jpg,S3152R02.jpg,S3072L03,S3152R02,unrelated
S3072L03.jpg,S3152R07.jpg,S3072L03,S3152R07,unrelated
S3072L03.jpg,S3181R04.jpg,S3072L03,S3181R04,unrelated
S3072L03.jpg,S3181R05.jpg,S3072L03,S3181R05,unrelated
S3072L03.jpg,S3182L01.jpg,S3072L03,S3182L01,unrelated
S3072L03.jpg,S3182R05.jpg,S3072L03,S3182R05,unrelated
S3072L03.jpg,S3182R06.jpg,S3072L03,S3182R06,unrelated
S3072L03.jpg,S3182R04.jpg,S3072L03,S3182R04,unrelated
S3072L03.jpg,S3182R03.jpg,S3072L03,S3182R03,unrelated
S3072L03.jpg,S3182R07.jpg,S3072L03,S3182R07,unrelated
S3072L03.jpg,S3141L03.jpg,S3072L03,S3141L03,unrelated
S3072L03.jpg,S3141R07.jpg,S3072L03,S3141R07,unrelated
S3072L03.jpg,S3141R10.jpg,S3072L03,S3141R10,unrelated
S3072L03.jpg,S3141R04.jpg,S3072L03,S3141R04,unrelated
S3072L03.jpg,S3141R06.jpg,S3072L03,S3141R06,unrelated
S3072L03.jpg,S3142L03.jpg,S3072L03,S3142L03,unrelated
S3072L03.jpg,S3142L02.jpg,S3072L03,S3142L02,unrelated
S3072L03.jpg,S3142L04.jpg,S3072L03,S3142L04,unrelated
S3072L03.jpg,S3142L07.jpg,S3072L03,S3142L07,unrelated
S3072L03.jpg,S3142R08.jpg,S3072L03,S3142R08,unrelated
S3072L03.jpg,S3142R07.jpg,S3072L03,S3142R07,unrelated
S3072L03.jpg,S3142R10.jpg,S3072L03,S3142R10,unrelated
S3072L03.jpg,S3142R09.jpg,S3072L03,S3142R09,unrelated
S3072L03.jpg,S3121L03.jpg,S3072L03,S3121L03,unrelated
S3072L03.jpg,S3121L02.jpg,S3072L03,S3121L02,unrelated
S3072L03.jpg,S3121L01.jpg,S3072L03,S3121L01,unrelated
S3072L03.jpg,S3121R04.jpg,S3072L03,S3121R04,unrelated
S3072L03.jpg,S3121R02.jpg,S3072L03,S3121R02,unrelated
S3072L03.jpg,S3121R01.jpg,S3072L03,S3121R01,unrelated
S3072L03.jpg,S3121R08.jpg,S3072L03,S3121R08,unrelated
S3072L03.jpg,S3121R07.jpg,S3072L03,S3121R07,unrelated
S3072L03.jpg,S3122L09.jpg,S3072L03,S3122L09,unrelated
S3072L03.jpg,S3122L07.jpg,S3072L03,S3122L07,unrelated
S3072L03.jpg,S3122L10.jpg,S3072L03,S3122L10,unrelated
S3072L03.jpg,S3122L01.jpg,S3072L03,S3122L01,unrelated
S3072L03.jpg,S3122L05.jpg,S3072L03,S3122L05,unrelated
S3072L03.jpg,S3122R02.jpg,S3072L03,S3122R02,unrelated
S3072L03.jpg,S3122R04.jpg,S3072L03,S3122R04,unrelated
S3072L03.jpg,S3122R03.jpg,S3072L03,S3122R03,unrelated
S3072L03.jpg,S3122R01.jpg,S3072L03,S3122R01,unrelated
S3072L03.jpg,S3051L07.jpg,S3072L03,S3051L07,unrelated
S3072L03.jpg,S3051L08.jpg,S3072L03,S3051L08,unrelated
S3072L03.jpg,S3051L10.jpg,S3072L03,S3051L10,unrelated
S3072L03.jpg,S3051L06.jpg,S3072L03,S3051L06,unrelated
S3072L03.jpg,S3051R01.jpg,S3072L03,S3051R01,unrelated
S3072L03.jpg,S3051R03.jpg,S3072L03,S3051R03,unrelated
S3072L03.jpg,S3052L01.jpg,S3072L03,S3052L01,unrelated
S3072L03.jpg,S3052L02.jpg,S3072L03,S3052L02,unrelated
S3072L03.jpg,S3052L03.jpg,S3072L03,S3052L03,unrelated
S3072L03.jpg,S3052R01.jpg,S3072L03,S3052R01,unrelated
S3072L03.jpg,S3011L07.jpg,S3072L03,S3011L07,unrelated
S3072L03.jpg,S3011R01.jpg,S3072L03,S3011R01,unrelated
S3072L03.jpg,S3011R02.jpg,S3072L03,S3011R02,unrelated
S3072L03.jpg,S3012L07.jpg,S3072L03,S3012L07,unrelated
S3072L03.jpg,S3012L02.jpg,S3072L03,S3012L02,unrelated
S3072L03.jpg,S3012R07.jpg,S3072L03,S3012R07,unrelated
S3072L06.jpg,S3072L01.jpg,S3072L06,S3072L01,genuine
S3072L06.jpg,S3072L09.jpg,S3072L06,S3072L09,genuine
S3072L06.jpg,S3072R08.jpg,S3072L06,S3072R08,same_subject_different_eye
S3072L06.jpg,S3072R10.jpg,S3072L06,S3072R10,same_subject_different_eye
S3072L06.jpg,S3162L03.jpg,S3072L06,S3162L03,unrelated
S3072L06.jpg,S3162L01.jpg,S3072L06,S3162L01,unrelated
S3072L06.jpg,S3162L02.jpg,S3072L06,S3162L02,unrelated
S3072L06.jpg,S3162L04.jpg,S3072L06,S3162L04,unrelated
S3072L06.jpg,S3162R09.jpg,S3072L06,S3162R09,unrelated
S3072L06.jpg,S3162R06.jpg,S3072L06,S3162R06,unrelated
S3072L06.jpg,S3162R10.jpg,S3072L06,S3162R10,unrelated
S3072L06.jpg,S3162R08.jpg,S3072L06,S3162R08,unrelated
S3072L06.jpg,S3162R07.jpg,S3072L06,S3162R07,unrelated
S3072L06.jpg,S3131L08.jpg,S3072L06,S3131L08,unrelated
S3072L06.jpg,S3131L10.jpg,S3072L06,S3131L10,unrelated
S3072L06.jpg,S3131R04.jpg,S3072L06,S3131R04,unrelated
S3072L06.jpg,S3131R06.jpg,S3072L06,S3131R06,unrelated
S3072L06.jpg,S3131R05.jpg,S3072L06,S3131R05,unrelated
S3072L06.jpg,S3131R07.jpg,S3072L06,S3131R07,unrelated
S3072L06.jpg,S3132L09.jpg,S3072L06,S3132L09,unrelated
S3072L06.jpg,S3132L08.jpg,S3072L06,S3132L08,unrelated
S3072L06.jpg,S3132L05.jpg,S3072L06,S3132L05,unrelated
S3072L06.jpg,S3132L10.jpg,S3072L06,S3132L10,unrelated
S3072L06.jpg,S3132L04.jpg,S3072L06,S3132L04,unrelated
S3072L06.jpg,S3132R06.jpg,S3072L06,S3132R06,unrelated
S3072L06.jpg,S3132R07.jpg,S3072L06,S3132R07,unrelated
S3072L06.jpg,S3031L06.jpg,S3072L06,S3031L06,unrelated
S3072L06.jpg,S3031R09.jpg,S3072L06,S3031R09,unrelated
S3072L06.jpg,S3032L08.jpg,S3072L06,S3032L08,unrelated
S3072L06.jpg,S3032L10.jpg,S3072L06,S3032L10,unrelated
S3072L06.jpg,S3032L09.jpg,S3072L06,S3032L09,unrelated
S3072L06.jpg,S3032L05.jpg,S3072L06,S3032L05,unrelated
S3072L06.jpg,S3032L06.jpg,S3072L06,S3032L06,unrelated
S3072L06.jpg,S3032R10.jpg,S3072L06,S3032R10,unrelated
S3072L06.jpg,S3032R05.jpg,S3072L06,S3032R05,unrelated
S3072L06.jpg,S3032R04.jpg,S3072L06,S3032R04,unrelated
S3072L06.jpg,S3032R07.jpg,S3072L06,S3032R07,unrelated
S3072L06.jpg,S3032R06.jpg,S3072L06,S3032R06,unrelated
S3072L06.jpg,S3041L03.jpg,S3072L06,S3041L03,unrelated
S3072L06.jpg,S3041L06.jpg,S3072L06,S3041L06,unrelated
S3072L06.jpg,S3041L05.jpg,S3072L06,S3041L05,unrelated
S3072L06.jpg,S3041L04.jpg,S3072L06,S3041L04,unrelated
S3072L06.jpg,S3041R01.jpg,S3072L06,S3041R01,unrelated
S3072L06.jpg,S3042L08.jpg,S3072L06,S3042L08,unrelated
S3072L06.jpg,S3042R07.jpg,S3072L06,S3042R07,unrelated
S3072L06.jpg,S3042R08.jpg,S3072L06,S3042R08,unrelated
S3072L06.jpg,S3002L02.jpg,S3072L06,S3002L02,unrelated
S3072L06.jpg,S3082R05.jpg,S3072L06,S3082R05,unrelated
S3072L06.jpg,S3082R02.jpg,S3072L06,S3082R02,unrelated
S3072L06.jpg,S3082R06.jpg,S3072L06,S3082R06,unrelated
S3072L06.jpg,S3082R01.jpg,S3072L06,S3082R01,unrelated
S3072L06.jpg,S3082R04.jpg,S3072L06,S3082R04,unrelated
S3072L06.jpg,S3061L03.jpg,S3072L06,S3061L03,unrelated
S3072L06.jpg,S3061L02.jpg,S3072L06,S3061L02,unrelated
S3072L06.jpg,S3061R01.jpg,S3072L06,S3061R01,unrelated
S3072L06.jpg,S3061R04.jpg,S3072L06,S3061R04,unrelated
S3072L06.jpg,S3061R07.jpg,S3072L06,S3061R07,unrelated
S3072L06.jpg,S3061R08.jpg,S3072L06,S3061R08,unrelated
S3072L06.jpg,S3062L03.jpg,S3072L06,S3062L03,unrelated
S3072L06.jpg,S3062L05.jpg,S3072L06,S3062L05,unrelated
S3072L06.jpg,S3062L07.jpg,S3072L06,S3062L07,unrelated
S3072L06.jpg,S3062L06.jpg,S3072L06,S3062L06,unrelated
S3072L06.jpg,S3062L04.jpg,S3072L06,S3062L04,unrelated
S3072L06.jpg,S3062R02.jpg,S3072L06,S3062R02,unrelated
S3072L06.jpg,S3062R09.jpg,S3072L06,S3062R09,unrelated
S3072L06.jpg,S3062R10.jpg,S3072L06,S3062R10,unrelated
S3072L06.jpg,S3062R07.jpg,S3072L06,S3062R07,unrelated
S3072L06.jpg,S3062R08.jpg,S3072L06,S3062R08,unrelated
S3072L06.jpg,S3021L04.jpg,S3072L06,S3021L04,unrelated
S3072L06.jpg,S3021L03.jpg,S3072L06,S3021L03,unrelated
S3072L06.jpg,S3021L06.jpg,S3072L06,S3021L06,unrelated
S3072L06.jpg,S3021L02.jpg,S3072L06,S3021L02,unrelated
S3072L06.jpg,S3021L01.jpg,S3072L06,S3021L01,unrelated
S3072L06.jpg,S3021R09.jpg,S3072L06,S3021R09,unrelated
S3072L06.jpg,S3021R01.jpg,S3072L06,S3021R01,unrelated
S3072L06.jpg,S3021R02.jpg,S3072L06,S3021R02,unrelated
S3072L06.jpg,S3021R07.jpg,S3072L06,S3021R07,unrelated
S3072L06.jpg,S3021R06.jpg,S3072L06,S3021R06,unrelated
S3072L06.jpg,S3022L01.jpg,S3072L06,S3022L01,unrelated
S3072L06.jpg,S3022R01.jpg,S3072L06,S3022R01,unrelated
S3072L06.jpg,S3022R02.jpg,S3072L06,S3022R02,unrelated
S3072L06.jpg,S3101L08.jpg,S3072L06,S3101L08,unrelated
S3072L06.jpg,S3101L04.jpg,S3072L06,S3101L04,unrelated
S3072L06.jpg,S3101L02.jpg,S3072L06,S3101L02,unrelated
S3072L06.jpg,S3101L09.jpg,S3072L06,S3101L09,unrelated
S3072L06.jpg,S3101L10.jpg,S3072L06,S3101L10,unrelated
S3072L06.jpg,S3101R07.jpg,S3072L06,S3101R07,unrelated
S3072L06.jpg,S3101R04.jpg,S3072L06,S3101R04,unrelated
S3072L06.jpg,S3101R03.jpg,S3072L06,S3101R03,unrelated
S3072L06.jpg,S3101R02.jpg,S3072L06,S3101R02,unrelated
S3072L06.jpg,S3101R05.jpg,S3072L06,S3101R05,unrelated
S3072L06.jpg,S3102L10.jpg,S3072L06,S3102L10,unrelated
S3072L06.jpg,S3102L09.jpg,S3072L06,S3102L09,unrelated
S3072L06.jpg,S3102L01.jpg,S3072L06,S3102L01,unrelated
S3072L06.jpg,S3102L07.jpg,S3072L06,S3102L07,unrelated
S3072L06.jpg,S3102L06.jpg,S3072L06,S3102L06,unrelated
S3072L06.jpg,S3102R07.jpg,S3072L06,S3102R07,unrelated
S3072L06.jpg,S3102R08.jpg,S3072L06,S3102R08,unrelated
S3072L06.jpg,S3102R02.jpg,S3072L06,S3102R02,unrelated
S3072L06.jpg,S3102R06.jpg,S3072L06,S3102R06,unrelated
S3072L06.jpg,S3102R09.jpg,S3072L06,S3102R09,unrelated
S3072L06.jpg,S3151L06.jpg,S3072L06,S3151L06,unrelated
S3072L06.jpg,S3151L04.jpg,S3072L06,S3151L04,unrelated
S3072L06.jpg,S3151L03.jpg,S3072L06,S3151L03,unrelated
S3072L06.jpg,S3151L05.jpg,S3072L06,S3151L05,unrelated
S3072L06.jpg,S3151L07.jpg,S3072L06,S3151L07,unrelated
S3072L06.jpg,S3151R03.jpg,S3072L06,S3151R03,unrelated
S3072L06.jpg,S3151R01.jpg,S3072L06,S3151R01,unrelated
S3072L06.jpg,S3151R02.jpg,S3072L06,S3151R02,unrelated
S3072L06.jpg,S3152R04.jpg,S3072L06,S3152R04,unrelated
S3072L06.jpg,S3152R03.jpg,S3072L06,S3152R03,unrelated
S3072L06.jpg,S3152R02.jpg,S3072L06,S3152R02,unrelated
S3072L06.jpg,S3152R07.jpg,S3072L06,S3152R07,unrelated
S3072L06.jpg,S3181R04.jpg,S3072L06,S3181R04,unrelated
S3072L06.jpg,S3181R05.jpg,S3072L06,S3181R05,unrelated
S3072L06.jpg,S3182L01.jpg,S3072L06,S3182L01,unrelated
S3072L06.jpg,S3182R05.jpg,S3072L06,S3182R05,unrelated
S3072L06.jpg,S3182R06.jpg,S3072L06,S3182R06,unrelated
S3072L06.jpg,S3182R04.jpg,S3072L06,S3182R04,unrelated
S3072L06.jpg,S3182R03.jpg,S3072L06,S3182R03,unrelated
S3072L06.jpg,S3182R07.jpg,S3072L06,S3182R07,unrelated
S3072L06.jpg,S3141L03.jpg,S3072L06,S3141L03,unrelated
S3072L06.jpg,S3141R07.jpg,S3072L06,S3141R07,unrelated
S3072L06.jpg,S3141R10.jpg,S3072L06,S3141R10,unrelated
S3072L06.jpg,S3141R04.jpg,S3072L06,S3141R04,unrelated
S3072L06.jpg,S3141R06.jpg,S3072L06,S3141R06,unrelated
S3072L06.jpg,S3142L03.jpg,S3072L06,S3142L03,unrelated
S3072L06.jpg,S3142L02.jpg,S3072L06,S3142L02,unrelated
S3072L06.jpg,S3142L04.jpg,S3072L06,S3142L04,unrelated
S3072L06.jpg,S3142L07.jpg,S3072L06,S3142L07,unrelated
S3072L06.jpg,S3142R08.jpg,S3072L06,S3142R08,unrelated
S3072L06.jpg,S3142R07.jpg,S3072L06,S3142R07,unrelated
S3072L06.jpg,S3142R10.jpg,S3072L06,S3142R10,unrelated
S3072L06.jpg,S3142R09.jpg,S3072L06,S3142R09,unrelated
S3072L06.jpg,S3121L03.jpg,S3072L06,S3121L03,unrelated
S3072L06.jpg,S3121L02.jpg,S3072L06,S3121L02,unrelated
S3072L06.jpg,S3121L01.jpg,S3072L06,S3121L01,unrelated
S3072L06.jpg,S3121R04.jpg,S3072L06,S3121R04,unrelated
S3072L06.jpg,S3121R02.jpg,S3072L06,S3121R02,unrelated
S3072L06.jpg,S3121R01.jpg,S3072L06,S3121R01,unrelated
S3072L06.jpg,S3121R08.jpg,S3072L06,S3121R08,unrelated
S3072L06.jpg,S3121R07.jpg,S3072L06,S3121R07,unrelated
S3072L06.jpg,S3122L09.jpg,S3072L06,S3122L09,unrelated
S3072L06.jpg,S3122L07.jpg,S3072L06,S3122L07,unrelated
S3072L06.jpg,S3122L10.jpg,S3072L06,S3122L10,unrelated
S3072L06.jpg,S3122L01.jpg,S3072L06,S3122L01,unrelated
S3072L06.jpg,S3122L05.jpg,S3072L06,S3122L05,unrelated
S3072L06.jpg,S3122R02.jpg,S3072L06,S3122R02,unrelated
S3072L06.jpg,S3122R04.jpg,S3072L06,S3122R04,unrelated
S3072L06.jpg,S3122R03.jpg,S3072L06,S3122R03,unrelated
S3072L06.jpg,S3122R01.jpg,S3072L06,S3122R01,unrelated
S3072L06.jpg,S3051L07.jpg,S3072L06,S3051L07,unrelated
S3072L06.jpg,S3051L08.jpg,S3072L06,S3051L08,unrelated
S3072L06.jpg,S3051L10.jpg,S3072L06,S3051L10,unrelated
S3072L06.jpg,S3051L06.jpg,S3072L06,S3051L06,unrelated
S3072L06.jpg,S3051R01.jpg,S3072L06,S3051R01,unrelated
S3072L06.jpg,S3051R03.jpg,S3072L06,S3051R03,unrelated
S3072L06.jpg,S3052L01.jpg,S3072L06,S3052L01,unrelated
S3072L06.jpg,S3052L02.jpg,S3072L06,S3052L02,unrelated
S3072L06.jpg,S3052L03.jpg,S3072L06,S3052L03,unrelated
S3072L06.jpg,S3052R01.jpg,S3072L06,S3052R01,unrelated
S3072L06.jpg,S3011L07.jpg,S3072L06,S3011L07,unrelated
S3072L06.jpg,S3011R01.jpg,S3072L06,S3011R01,unrelated
S3072L06.jpg,S3011R02.jpg,S3072L06,S3011R02,unrelated
S3072L06.jpg,S3012L07.jpg,S3072L06,S3012L07,unrelated
S3072L06.jpg,S3012L02.jpg,S3072L06,S3012L02,unrelated
S3072L06.jpg,S3012R07.jpg,S3072L06,S3012R07,unrelated
S3072L01.jpg,S3072L09.jpg,S3072L01,S3072L09,genuine
S3072L01.jpg,S3072R08.jpg,S3072L01,S3072R08,same_subject_different_eye
S3072L01.jpg,S3072R10.jpg,S3072L01,S3072R10,same_subject_different_eye
S3072L01.jpg,S3162L03.jpg,S3072L01,S3162L03,unrelated
S3072L01.jpg,S3162L01.jpg,S3072L01,S3162L01,unrelated
S3072L01.jpg,S3162L02.jpg,S3072L01,S3162L02,unrelated
S3072L01.jpg,S3162L04.jpg,S3072L01,S3162L04,unrelated
S3072L01.jpg,S3162R09.jpg,S3072L01,S3162R09,unrelated
S3072L01.jpg,S3162R06.jpg,S3072L01,S3162R06,unrelated
S3072L01.jpg,S3162R10.jpg,S3072L01,S3162R10,unrelated
S3072L01.jpg,S3162R08.jpg,S3072L01,S3162R08,unrelated
S3072L01.jpg,S3162R07.jpg,S3072L01,S3162R07,unrelated
S3072L01.jpg,S3131L08.jpg,S3072L01,S3131L08,unrelated
S3072L01.jpg,S3131L10.jpg,S3072L01,S3131L10,unrelated
S3072L01.jpg,S3131R04.jpg,S3072L01,S3131R04,unrelated
S3072L01.jpg,S3131R06.jpg,S3072L01,S3131R06,unrelated
S3072L01.jpg,S3131R05.jpg,S3072L01,S3131R05,unrelated
S3072L01.jpg,S3131R07.jpg,S3072L01,S3131R07,unrelated
S3072L01.jpg,S3132L09.jpg,S3072L01,S3132L09,unrelated
S3072L01.jpg,S3132L08.jpg,S3072L01,S3132L08,unrelated
S3072L01.jpg,S3132L05.jpg,S3072L01,S3132L05,unrelated
S3072L01.jpg,S3132L10.jpg,S3072L01,S3132L10,unrelated
S3072L01.jpg,S3132L04.jpg,S3072L01,S3132L04,unrelated
S3072L01.jpg,S3132R06.jpg,S3072L01,S3132R06,unrelated
S3072L01.jpg,S3132R07.jpg,S3072L01,S3132R07,unrelated
S3072L01.jpg,S3031L06.jpg,S3072L01,S3031L06,unrelated
S3072L01.jpg,S3031R09.jpg,S3072L01,S3031R09,unrelated
S3072L01.jpg,S3032L08.jpg,S3072L01,S3032L08,unrelated
S3072L01.jpg,S3032L10.jpg,S3072L01,S3032L10,unrelated
S3072L01.jpg,S3032L09.jpg,S3072L01,S3032L09,unrelated
S3072L01.jpg,S3032L05.jpg,S3072L01,S3032L05,unrelated
S3072L01.jpg,S3032L06.jpg,S3072L01,S3032L06,unrelated
S3072L01.jpg,S3032R10.jpg,S3072L01,S3032R10,unrelated
S3072L01.jpg,S3032R05.jpg,S3072L01,S3032R05,unrelated
S3072L01.jpg,S3032R04.jpg,S3072L01,S3032R04,unrelated
S3072L01.jpg,S3032R07.jpg,S3072L01,S3032R07,unrelated
S3072L01.jpg,S3032R06.jpg,S3072L01,S3032R06,unrelated
S3072L01.jpg,S3041L03.jpg,S3072L01,S3041L03,unrelated
S3072L01.jpg,S3041L06.jpg,S3072L01,S3041L06,unrelated
S3072L01.jpg,S3041L05.jpg,S3072L01,S3041L05,unrelated
S3072L01.jpg,S3041L04.jpg,S3072L01,S3041L04,unrelated
S3072L01.jpg,S3041R01.jpg,S3072L01,S3041R01,unrelated
S3072L01.jpg,S3042L08.jpg,S3072L01,S3042L08,unrelated
S3072L01.jpg,S3042R07.jpg,S3072L01,S3042R07,unrelated
S3072L01.jpg,S3042R08.jpg,S3072L01,S3042R08,unrelated
S3072L01.jpg,S3002L02.jpg,S3072L01,S3002L02,unrelated
S3072L01.jpg,S3082R05.jpg,S3072L01,S3082R05,unrelated
S3072L01.jpg,S3082R02.jpg,S3072L01,S3082R02,unrelated
S3072L01.jpg,S3082R06.jpg,S3072L01,S3082R06,unrelated
S3072L01.jpg,S3082R01.jpg,S3072L01,S3082R01,unrelated
S3072L01.jpg,S3082R04.jpg,S3072L01,S3082R04,unrelated
S3072L01.jpg,S3061L03.jpg,S3072L01,S3061L03,unrelated
S3072L01.jpg,S3061L02.jpg,S3072L01,S3061L02,unrelated
S3072L01.jpg,S3061R01.jpg,S3072L01,S3061R01,unrelated
S3072L01.jpg,S3061R04.jpg,S3072L01,S3061R04,unrelated
S3072L01.jpg,S3061R07.jpg,S3072L01,S3061R07,unrelated
S3072L01.jpg,S3061R08.jpg,S3072L01,S3061R08,unrelated
S3072L01.jpg,S3062L03.jpg,S3072L01,S3062L03,unrelated
S3072L01.jpg,S3062L05.jpg,S3072L01,S3062L05,unrelated
S3072L01.jpg,S3062L07.jpg,S3072L01,S3062L07,unrelated
S3072L01.jpg,S3062L06.jpg,S3072L01,S3062L06,unrelated
S3072L01.jpg,S3062L04.jpg,S3072L01,S3062L04,unrelated
S3072L01.jpg,S3062R02.jpg,S3072L01,S3062R02,unrelated
S3072L01.jpg,S3062R09.jpg,S3072L01,S3062R09,unrelated
S3072L01.jpg,S3062R10.jpg,S3072L01,S3062R10,unrelated
S3072L01.jpg,S3062R07.jpg,S3072L01,S3062R07,unrelated
S3072L01.jpg,S3062R08.jpg,S3072L01,S3062R08,unrelated
S3072L01.jpg,S3021L04.jpg,S3072L01,S3021L04,unrelated
S3072L01.jpg,S3021L03.jpg,S3072L01,S3021L03,unrelated
S3072L01.jpg,S3021L06.jpg,S3072L01,S3021L06,unrelated
S3072L01.jpg,S3021L02.jpg,S3072L01,S3021L02,unrelated
S3072L01.jpg,S3021L01.jpg,S3072L01,S3021L01,unrelated
S3072L01.jpg,S3021R09.jpg,S3072L01,S3021R09,unrelated
S3072L01.jpg,S3021R01.jpg,S3072L01,S3021R01,unrelated
S3072L01.jpg,S3021R02.jpg,S3072L01,S3021R02,unrelated
S3072L01.jpg,S3021R07.jpg,S3072L01,S3021R07,unrelated
S3072L01.jpg,S3021R06.jpg,S3072L01,S3021R06,unrelated
S3072L01.jpg,S3022L01.jpg,S3072L01,S3022L01,unrelated
S3072L01.jpg,S3022R01.jpg,S3072L01,S3022R01,unrelated
S3072L01.jpg,S3022R02.jpg,S3072L01,S3022R02,unrelated
S3072L01.jpg,S3101L08.jpg,S3072L01,S3101L08,unrelated
S3072L01.jpg,S3101L04.jpg,S3072L01,S3101L04,unrelated
S3072L01.jpg,S3101L02.jpg,S3072L01,S3101L02,unrelated
S3072L01.jpg,S3101L09.jpg,S3072L01,S3101L09,unrelated
S3072L01.jpg,S3101L10.jpg,S3072L01,S3101L10,unrelated
S3072L01.jpg,S3101R07.jpg,S3072L01,S3101R07,unrelated
S3072L01.jpg,S3101R04.jpg,S3072L01,S3101R04,unrelated
S3072L01.jpg,S3101R03.jpg,S3072L01,S3101R03,unrelated
S3072L01.jpg,S3101R02.jpg,S3072L01,S3101R02,unrelated
S3072L01.jpg,S3101R05.jpg,S3072L01,S3101R05,unrelated
S3072L01.jpg,S3102L10.jpg,S3072L01,S3102L10,unrelated
S3072L01.jpg,S3102L09.jpg,S3072L01,S3102L09,unrelated
S3072L01.jpg,S3102L01.jpg,S3072L01,S3102L01,unrelated
S3072L01.jpg,S3102L07.jpg,S3072L01,S3102L07,unrelated
S3072L01.jpg,S3102L06.jpg,S3072L01,S3102L06,unrelated
S3072L01.jpg,S3102R07.jpg,S3072L01,S3102R07,unrelated
S3072L01.jpg,S3102R08.jpg,S3072L01,S3102R08,unrelated
S3072L01.jpg,S3102R02.jpg,S3072L01,S3102R02,unrelated
S3072L01.jpg,S3102R06.jpg,S3072L01,S3102R06,unrelated
S3072L01.jpg,S3102R09.jpg,S3072L01,S3102R09,unrelated
S3072L01.jpg,S3151L06.jpg,S3072L01,S3151L06,unrelated
S3072L01.jpg,S3151L04.jpg,S3072L01,S3151L04,unrelated
S3072L01.jpg,S3151L03.jpg,S3072L01,S3151L03,unrelated
S3072L01.jpg,S3151L05.jpg,S3072L01,S3151L05,unrelated
S3072L01.jpg,S3151L07.jpg,S3072L01,S3151L07,unrelated
S3072L01.jpg,S3151R03.jpg,S3072L01,S3151R03,unrelated
S3072L01.jpg,S3151R01.jpg,S3072L01,S3151R01,unrelated
S3072L01.jpg,S3151R02.jpg,S3072L01,S3151R02,unrelated
S3072L01.jpg,S3152R04.jpg,S3072L01,S3152R04,unrelated
S3072L01.jpg,S3152R03.jpg,S3072L01,S3152R03,unrelated
S3072L01.jpg,S3152R02.jpg,S3072L01,S3152R02,unrelated
S3072L01.jpg,S3152R07.jpg,S3072L01,S3152R07,unrelated
S3072L01.jpg,S3181R04.jpg,S3072L01,S3181R04,unrelated
S3072L01.jpg,S3181R05.jpg,S3072L01,S3181R05,unrelated
S3072L01.jpg,S3182L01.jpg,S3072L01,S3182L01,unrelated
S3072L01.jpg,S3182R05.jpg,S3072L01,S3182R05,unrelated
S3072L01.jpg,S3182R06.jpg,S3072L01,S3182R06,unrelated
S3072L01.jpg,S3182R04.jpg,S3072L01,S3182R04,unrelated
S3072L01.jpg,S3182R03.jpg,S3072L01,S3182R03,unrelated
S3072L01.jpg,S3182R07.jpg,S3072L01,S3182R07,unrelated
S3072L01.jpg,S3141L03.jpg,S3072L01,S3141L03,unrelated
S3072L01.jpg,S3141R07.jpg,S3072L01,S3141R07,unrelated
S3072L01.jpg,S3141R10.jpg,S3072L01,S3141R10,unrelated
S3072L01.jpg,S3141R04.jpg,S3072L01,S3141R04,unrelated
S3072L01.jpg,S3141R06.jpg,S3072L01,S3141R06,unrelated
S3072L01.jpg,S3142L03.jpg,S3072L01,S3142L03,unrelated
S3072L01.jpg,S3142L02.jpg,S3072L01,S3142L02,unrelated
S3072L01.jpg,S3142L04.jpg,S3072L01,S3142L04,unrelated
S3072L01.jpg,S3142L07.jpg,S3072L01,S3142L07,unrelated
S3072L01.jpg,S3142R08.jpg,S3072L01,S3142R08,unrelated
S3072L01.jpg,S3142R07.jpg,S3072L01,S3142R07,unrelated
S3072L01.jpg,S3142R10.jpg,S3072L01,S3142R10,unrelated
S3072L01.jpg,S3142R09.jpg,S3072L01,S3142R09,unrelated
S3072L01.jpg,S3121L03.jpg,S3072L01,S3121L03,unrelated
S3072L01.jpg,S3121L02.jpg,S3072L01,S3121L02,unrelated
S3072L01.jpg,S3121L01.jpg,S3072L01,S3121L01,unrelated
S3072L01.jpg,S3121R04.jpg,S3072L01,S3121R04,unrelated
S3072L01.jpg,S3121R02.jpg,S3072L01,S3121R02,unrelated
S3072L01.jpg,S3121R01.jpg,S3072L01,S3121R01,unrelated
S3072L01.jpg,S3121R08.jpg,S3072L01,S3121R08,unrelated
S3072L01.jpg,S3121R07.jpg,S3072L01,S3121R07,unrelated
S3072L01.jpg,S3122L09.jpg,S3072L01,S3122L09,unrelated
S3072L01.jpg,S3122L07.jpg,S3072L01,S3122L07,unrelated
S3072L01.jpg,S3122L10.jpg,S3072L01,S3122L10,unrelated
S3072L01.jpg,S3122L01.jpg,S3072L01,S3122L01,unrelated
S3072L01.jpg,S3122L05.jpg,S3072L01,S3122L05,unrelated
S3072L01.jpg,S3122R02.jpg,S3072L01,S3122R02,unrelated
S3072L01.jpg,S3122R04.jpg,S3072L01,S3122R04,unrelated
S3072L01.jpg,S3122R03.jpg,S3072L01,S3122R03,unrelated
S3072L01.jpg,S3122R01.jpg,S3072L01,S3122R01,unrelated
S3072L01.jpg,S3051L07.jpg,S3072L01,S3051L07,unrelated
S3072L01.jpg,S3051L08.jpg,S3072L01,S3051L08,unrelated
S3072L01.jpg,S3051L10.jpg,S3072L01,S3051L10,unrelated
S3072L01.jpg,S3051L06.jpg,S3072L01,S3051L06,unrelated
S3072L01.jpg,S3051R01.jpg,S3072L01,S3051R01,unrelated
S3072L01.jpg,S3051R03.jpg,S3072L01,S3051R03,unrelated
S3072L01.jpg,S3052L01.jpg,S3072L01,S3052L01,unrelated
S3072L01.jpg,S3052L02.jpg,S3072L01,S3052L02,unrelated
S3072L01.jpg,S3052L03.jpg,S3072L01,S3052L03,unrelated
S3072L01.jpg,S3052R01.jpg,S3072L01,S3052R01,unrelated
S3072L01.jpg,S3011L07.jpg,S3072L01,S3011L07,unrelated
S3072L01.jpg,S3011R01.jpg,S3072L01,S3011R01,unrelated
S3072L01.jpg,S3011R02.jpg,S3072L01,S3011R02,unrelated
S3072L01.jpg,S3012L07.jpg,S3072L01,S3012L07,unrelated
S3072L01.jpg,S3012L02.jpg,S3072L01,S3012L02,unrelated
S3072L01.jpg,S3012R07.jpg,S3072L01,S3012R07,unrelated
S3072L09.jpg,S3072R08.jpg,S3072L09,S3072R08,same_subject_different_eye
S3072L09.jpg,S3072R10.jpg,S3072L09,S3072R10,same_subject_different_eye
S3072L09.jpg,S3162L03.jpg,S3072L09,S3162L03,unrelated
S3072L09.jpg,S3162L01.jpg,S3072L09,S3162L01,unrelated
S3072L09.jpg,S3162L02.jpg,S3072L09,S3162L02,unrelated
S3072L09.jpg,S3162L04.jpg,S3072L09,S3162L04,unrelated
S3072L09.jpg,S3162R09.jpg,S3072L09,S3162R09,unrelated
S3072L09.jpg,S3162R06.jpg,S3072L09,S3162R06,unrelated
S3072L09.jpg,S3162R10.jpg,S3072L09,S3162R10,unrelated
S3072L09.jpg,S3162R08.jpg,S3072L09,S3162R08,unrelated
S3072L09.jpg,S3162R07.jpg,S3072L09,S3162R07,unrelated
S3072L09.jpg,S3131L08.jpg,S3072L09,S3131L08,unrelated
S3072L09.jpg,S3131L10.jpg,S3072L09,S3131L10,unrelated
S3072L09.jpg,S3131R04.jpg,S3072L09,S3131R04,unrelated
S3072L09.jpg,S3131R06.jpg,S3072L09,S3131R06,unrelated
S3072L09.jpg,S3131R05.jpg,S3072L09,S3131R05,unrelated
S3072L09.jpg,S3131R07.jpg,S3072L09,S3131R07,unrelated
S3072L09.jpg,S3132L09.jpg,S3072L09,S3132L09,unrelated
S3072L09.jpg,S3132L08.jpg,S3072L09,S3132L08,unrelated
S3072L09.jpg,S3132L05.jpg,S3072L09,S3132L05,unrelated
S3072L09.jpg,S3132L10.jpg,S3072L09,S3132L10,unrelated
S3072L09.jpg,S3132L04.jpg,S3072L09,S3132L04,unrelated
S3072L09.jpg,S3132R06.jpg,S3072L09,S3132R06,unrelated
S3072L09.jpg,S3132R07.jpg,S3072L09,S3132R07,unrelated
S3072L09.jpg,S3031L06.jpg,S3072L09,S3031L06,unrelated
S3072L09.jpg,S3031R09.jpg,S3072L09,S3031R09,unrelated
S3072L09.jpg,S3032L08.jpg,S3072L09,S3032L08,unrelated
S3072L09.jpg,S3032L10.jpg,S3072L09,S3032L10,unrelated
S3072L09.jpg,S3032L09.jpg,S3072L09,S3032L09,unrelated
S3072L09.jpg,S3032L05.jpg,S3072L09,S3032L05,unrelated
S3072L09.jpg,S3032L06.jpg,S3072L09,S3032L06,unrelated
S3072L09.jpg,S3032R10.jpg,S3072L09,S3032R10,unrelated
S3072L09.jpg,S3032R05.jpg,S3072L09,S3032R05,unrelated
S3072L09.jpg,S3032R04.jpg,S3072L09,S3032R04,unrelated
S3072L09.jpg,S3032R07.jpg,S3072L09,S3032R07,unrelated
S3072L09.jpg,S3032R06.jpg,S3072L09,S3032R06,unrelated
S3072L09.jpg,S3041L03.jpg,S3072L09,S3041L03,unrelated
S3072L09.jpg,S3041L06.jpg,S3072L09,S3041L06,unrelated
S3072L09.jpg,S3041L05.jpg,S3072L09,S3041L05,unrelated
S3072L09.jpg,S3041L04.jpg,S3072L09,S3041L04,unrelated
S3072L09.jpg,S3041R01.jpg,S3072L09,S3041R01,unrelated
S3072L09.jpg,S3042L08.jpg,S3072L09,S3042L08,unrelated
S3072L09.jpg,S3042R07.jpg,S3072L09,S3042R07,unrelated
S3072L09.jpg,S3042R08.jpg,S3072L09,S3042R08,unrelated
S3072L09.jpg,S3002L02.jpg,S3072L09,S3002L02,unrelated
S3072L09.jpg,S3082R05.jpg,S3072L09,S3082R05,unrelated
S3072L09.jpg,S3082R02.jpg,S3072L09,S3082R02,unrelated
S3072L09.jpg,S3082R06.jpg,S3072L09,S3082R06,unrelated
S3072L09.jpg,S3082R01.jpg,S3072L09,S3082R01,unrelated
S3072L09.jpg,S3082R04.jpg,S3072L09,S3082R04,unrelated
S3072L09.jpg,S3061L03.jpg,S3072L09,S3061L03,unrelated
S3072L09.jpg,S3061L02.jpg,S3072L09,S3061L02,unrelated
S3072L09.jpg,S3061R01.jpg,S3072L09,S3061R01,unrelated
S3072L09.jpg,S3061R04.jpg,S3072L09,S3061R04,unrelated
S3072L09.jpg,S3061R07.jpg,S3072L09,S3061R07,unrelated
S3072L09.jpg,S3061R08.jpg,S3072L09,S3061R08,unrelated
S3072L09.jpg,S3062L03.jpg,S3072L09,S3062L03,unrelated
S3072L09.jpg,S3062L05.jpg,S3072L09,S3062L05,unrelated
S3072L09.jpg,S3062L07.jpg,S3072L09,S3062L07,unrelated
S3072L09.jpg,S3062L06.jpg,S3072L09,S3062L06,unrelated
S3072L09.jpg,S3062L04.jpg,S3072L09,S3062L04,unrelated
S3072L09.jpg,S3062R02.jpg,S3072L09,S3062R02,unrelated
S3072L09.jpg,S3062R09.jpg,S3072L09,S3062R09,unrelated
S3072L09.jpg,S3062R10.jpg,S3072L09,S3062R10,unrelated
S3072L09.jpg,S3062R07.jpg,S3072L09,S3062R07,unrelated
S3072L09.jpg,S3062R08.jpg,S3072L09,S3062R08,unrelated
S3072L09.jpg,S3021L04.jpg,S3072L09,S3021L04,unrelated
S3072L09.jpg,S3021L03.jpg,S3072L09,S3021L03,unrelated
S3072L09.jpg,S3021L06.jpg,S3072L09,S3021L06,unrelated
S3072L09.jpg,S3021L02.jpg,S3072L09,S3021L02,unrelated
S3072L09.jpg,S3021L01.jpg,S3072L09,S3021L01,unrelated
S3072L09.jpg,S3021R09.jpg,S3072L09,S3021R09,unrelated
S3072L09.jpg,S3021R01.jpg,S3072L09,S3021R01,unrelated
S3072L09.jpg,S3021R02.jpg,S3072L09,S3021R02,unrelated
S3072L09.jpg,S3021R07.jpg,S3072L09,S3021R07,unrelated
S3072L09.jpg,S3021R06.jpg,S3072L09,S3021R06,unrelated
S3072L09.jpg,S3022L01.jpg,S3072L09,S3022L01,unrelated
S3072L09.jpg,S3022R01.jpg,S3072L09,S3022R01,unrelated
S3072L09.jpg,S3022R02.jpg,S3072L09,S3022R02,unrelated
S3072L09.jpg,S3101L08.jpg,S3072L09,S3101L08,unrelated
S3072L09.jpg,S3101L04.jpg,S3072L09,S3101L04,unrelated
S3072L09.jpg,S3101L02.jpg,S3072L09,S3101L02,unrelated
S3072L09.jpg,S3101L09.jpg,S3072L09,S3101L09,unrelated
S3072L09.jpg,S3101L10.jpg,S3072L09,S3101L10,unrelated
S3072L09.jpg,S3101R07.jpg,S3072L09,S3101R07,unrelated
S3072L09.jpg,S3101R04.jpg,S3072L09,S3101R04,unrelated
S3072L09.jpg,S3101R03.jpg,S3072L09,S3101R03,unrelated
S3072L09.jpg,S3101R02.jpg,S3072L09,S3101R02,unrelated
S3072L09.jpg,S3101R05.jpg,S3072L09,S3101R05,unrelated
S3072L09.jpg,S3102L10.jpg,S3072L09,S3102L10,unrelated
S3072L09.jpg,S3102L09.jpg,S3072L09,S3102L09,unrelated
S3072L09.jpg,S3102L01.jpg,S3072L09,S3102L01,unrelated
S3072L09.jpg,S3102L07.jpg,S3072L09,S3102L07,unrelated
S3072L09.jpg,S3102L06.jpg,S3072L09,S3102L06,unrelated
S3072L09.jpg,S3102R07.jpg,S3072L09,S3102R07,unrelated
S3072L09.jpg,S3102R08.jpg,S3072L09,S3102R08,unrelated
S3072L09.jpg,S3102R02.jpg,S3072L09,S3102R02,unrelated
S3072L09.jpg,S3102R06.jpg,S3072L09,S3102R06,unrelated
S3072L09.jpg,S3102R09.jpg,S3072L09,S3102R09,unrelated
S3072L09.jpg,S3151L06.jpg,S3072L09,S3151L06,unrelated
S3072L09.jpg,S3151L04.jpg,S3072L09,S3151L04,unrelated
S3072L09.jpg,S3151L03.jpg,S3072L09,S3151L03,unrelated
S3072L09.jpg,S3151L05.jpg,S3072L09,S3151L05,unrelated
S3072L09.jpg,S3151L07.jpg,S3072L09,S3151L07,unrelated
S3072L09.jpg,S3151R03.jpg,S3072L09,S3151R03,unrelated
S3072L09.jpg,S3151R01.jpg,S3072L09,S3151R01,unrelated
S3072L09.jpg,S3151R02.jpg,S3072L09,S3151R02,unrelated
S3072L09.jpg,S3152R04.jpg,S3072L09,S3152R04,unrelated
S3072L09.jpg,S3152R03.jpg,S3072L09,S3152R03,unrelated
S3072L09.jpg,S3152R02.jpg,S3072L09,S3152R02,unrelated
S3072L09.jpg,S3152R07.jpg,S3072L09,S3152R07,unrelated
S3072L09.jpg,S3181R04.jpg,S3072L09,S3181R04,unrelated
S3072L09.jpg,S3181R05.jpg,S3072L09,S3181R05,unrelated
S3072L09.jpg,S3182L01.jpg,S3072L09,S3182L01,unrelated
S3072L09.jpg,S3182R05.jpg,S3072L09,S3182R05,unrelated
S3072L09.jpg,S3182R06.jpg,S3072L09,S3182R06,unrelated
S3072L09.jpg,S3182R04.jpg,S3072L09,S3182R04,unrelated
S3072L09.jpg,S3182R03.jpg,S3072L09,S3182R03,unrelated
S3072L09.jpg,S3182R07.jpg,S3072L09,S3182R07,unrelated
S3072L09.jpg,S3141L03.jpg,S3072L09,S3141L03,unrelated
S3072L09.jpg,S3141R07.jpg,S3072L09,S3141R07,unrelated
S3072L09.jpg,S3141R10.jpg,S3072L09,S3141R10,unrelated
S3072L09.jpg,S3141R04.jpg,S3072L09,S3141R04,unrelated
S3072L09.jpg,S3141R06.jpg,S3072L09,S3141R06,unrelated
S3072L09.jpg,S3142L03.jpg,S3072L09,S3142L03,unrelated
S3072L09.jpg,S3142L02.jpg,S3072L09,S3142L02,unrelated
S3072L09.jpg,S3142L04.jpg,S3072L09,S3142L04,unrelated
S3072L09.jpg,S3142L07.jpg,S3072L09,S3142L07,unrelated
S3072L09.jpg,S3142R08.jpg,S3072L09,S3142R08,unrelated
S3072L09.jpg,S3142R07.jpg,S3072L09,S3142R07,unrelated
S3072L09.jpg,S3142R10.jpg,S3072L09,S3142R10,unrelated
S3072L09.jpg,S3142R09.jpg,S3072L09,S3142R09,unrelated
S3072L09.jpg,S3121L03.jpg,S3072L09,S3121L03,unrelated
S3072L09.jpg,S3121L02.jpg,S3072L09,S3121L02,unrelated
S3072L09.jpg,S3121L01.jpg,S3072L09,S3121L01,unrelated
S3072L09.jpg,S3121R04.jpg,S3072L09,S3121R04,unrelated
S3072L09.jpg,S3121R02.jpg,S3072L09,S3121R02,unrelated
S3072L09.jpg,S3121R01.jpg,S3072L09,S3121R01,unrelated
S3072L09.jpg,S3121R08.jpg,S3072L09,S3121R08,unrelated
S3072L09.jpg,S3121R07.jpg,S3072L09,S3121R07,unrelated
S3072L09.jpg,S3122L09.jpg,S3072L09,S3122L09,unrelated
S3072L09.jpg,S3122L07.jpg,S3072L09,S3122L07,unrelated
S3072L09.jpg,S3122L10.jpg,S3072L09,S3122L10,unrelated
S3072L09.jpg,S3122L01.jpg,S3072L09,S3122L01,unrelated
S3072L09.jpg,S3122L05.jpg,S3072L09,S3122L05,unrelated
S3072L09.jpg,S3122R02.jpg,S3072L09,S3122R02,unrelated
S3072L09.jpg,S3122R04.jpg,S3072L09,S3122R04,unrelated
S3072L09.jpg,S3122R03.jpg,S3072L09,S3122R03,unrelated
S3072L09.jpg,S3122R01.jpg,S3072L09,S3122R01,unrelated
S3072L09.jpg,S3051L07.jpg,S3072L09,S3051L07,unrelated
S3072L09.jpg,S3051L08.jpg,S3072L09,S3051L08,unrelated
S3072L09.jpg,S3051L10.jpg,S3072L09,S3051L10,unrelated
S3072L09.jpg,S3051L06.jpg,S3072L09,S3051L06,unrelated
S3072L09.jpg,S3051R01.jpg,S3072L09,S3051R01,unrelated
S3072L09.jpg,S3051R03.jpg,S3072L09,S3051R03,unrelated
S3072L09.jpg,S3052L01.jpg,S3072L09,S3052L01,unrelated
S3072L09.jpg,S3052L02.jpg,S3072L09,S3052L02,unrelated
S3072L09.jpg,S3052L03.jpg,S3072L09,S3052L03,unrelated
S3072L09.jpg,S3052R01.jpg,S3072L09,S3052R01,unrelated
S3072L09.jpg,S3011L07.jpg,S3072L09,S3011L07,unrelated
S3072L09.jpg,S3011R01.jpg,S3072L09,S3011R01,unrelated
S3072L09.jpg,S3011R02.jpg,S3072L09,S3011R02,unrelated
S3072L09.jpg,S3012L07.jpg,S3072L09,S3012L07,unrelated
S3072L09.jpg,S3012L02.jpg,S3072L09,S3012L02,unrelated
S3072L09.jpg,S3012R07.jpg,S3072L09,S3012R07,unrelated
S3072R08.jpg,S3072R10.jpg,S3072R08,S3072R10,genuine
S3072R08.jpg,S3162L03.jpg,S3072R08,S3162L03,unrelated
S3072R08.jpg,S3162L01.jpg,S3072R08,S3162L01,unrelated
S3072R08.jpg,S3162L02.jpg,S3072R08,S3162L02,unrelated
S3072R08.jpg,S3162L04.jpg,S3072R08,S3162L04,unrelated
S3072R08.jpg,S3162R09.jpg,S3072R08,S3162R09,unrelated
S3072R08.jpg,S3162R06.jpg,S3072R08,S3162R06,unrelated
S3072R08.jpg,S3162R10.jpg,S3072R08,S3162R10,unrelated
S3072R08.jpg,S3162R08.jpg,S3072R08,S3162R08,unrelated
S3072R08.jpg,S3162R07.jpg,S3072R08,S3162R07,unrelated
S3072R08.jpg,S3131L08.jpg,S3072R08,S3131L08,unrelated
S3072R08.jpg,S3131L10.jpg,S3072R08,S3131L10,unrelated
S3072R08.jpg,S3131R04.jpg,S3072R08,S3131R04,unrelated
S3072R08.jpg,S3131R06.jpg,S3072R08,S3131R06,unrelated
S3072R08.jpg,S3131R05.jpg,S3072R08,S3131R05,unrelated
S3072R08.jpg,S3131R07.jpg,S3072R08,S3131R07,unrelated
S3072R08.jpg,S3132L09.jpg,S3072R08,S3132L09,unrelated
S3072R08.jpg,S3132L08.jpg,S3072R08,S3132L08,unrelated
S3072R08.jpg,S3132L05.jpg,S3072R08,S3132L05,unrelated
S3072R08.jpg,S3132L10.jpg,S3072R08,S3132L10,unrelated
S3072R08.jpg,S3132L04.jpg,S3072R08,S3132L04,unrelated
S3072R08.jpg,S3132R06.jpg,S3072R08,S3132R06,unrelated
S3072R08.jpg,S3132R07.jpg,S3072R08,S3132R07,unrelated
S3072R08.jpg,S3031L06.jpg,S3072R08,S3031L06,unrelated
S3072R08.jpg,S3031R09.jpg,S3072R08,S3031R09,unrelated
S3072R08.jpg,S3032L08.jpg,S3072R08,S3032L08,unrelated
S3072R08.jpg,S3032L10.jpg,S3072R08,S3032L10,unrelated
S3072R08.jpg,S3032L09.jpg,S3072R08,S3032L09,unrelated
S3072R08.jpg,S3032L05.jpg,S3072R08,S3032L05,unrelated
S3072R08.jpg,S3032L06.jpg,S3072R08,S3032L06,unrelated
S3072R08.jpg,S3032R10.jpg,S3072R08,S3032R10,unrelated
S3072R08.jpg,S3032R05.jpg,S3072R08,S3032R05,unrelated
S3072R08.jpg,S3032R04.jpg,S3072R08,S3032R04,unrelated
S3072R08.jpg,S3032R07.jpg,S3072R08,S3032R07,unrelated
S3072R08.jpg,S3032R06.jpg,S3072R08,S3032R06,unrelated
S3072R08.jpg,S3041L03.jpg,S3072R08,S3041L03,unrelated
S3072R08.jpg,S3041L06.jpg,S3072R08,S3041L06,unrelated
S3072R08.jpg,S3041L05.jpg,S3072R08,S3041L05,unrelated
S3072R08.jpg,S3041L04.jpg,S3072R08,S3041L04,unrelated
S3072R08.jpg,S3041R01.jpg,S3072R08,S3041R01,unrelated
S3072R08.jpg,S3042L08.jpg,S3072R08,S3042L08,unrelated
S3072R08.jpg,S3042R07.jpg,S3072R08,S3042R07,unrelated
S3072R08.jpg,S3042R08.jpg,S3072R08,S3042R08,unrelated
S3072R08.jpg,S3002L02.jpg,S3072R08,S3002L02,unrelated
S3072R08.jpg,S3082R05.jpg,S3072R08,S3082R05,unrelated
S3072R08.jpg,S3082R02.jpg,S3072R08,S3082R02,unrelated
S3072R08.jpg,S3082R06.jpg,S3072R08,S3082R06,unrelated
S3072R08.jpg,S3082R01.jpg,S3072R08,S3082R01,unrelated
S3072R08.jpg,S3082R04.jpg,S3072R08,S3082R04,unrelated
S3072R08.jpg,S3061L03.jpg,S3072R08,S3061L03,unrelated
S3072R08.jpg,S3061L02.jpg,S3072R08,S3061L02,unrelated
S3072R08.jpg,S3061R01.jpg,S3072R08,S3061R01,unrelated
S3072R08.jpg,S3061R04.jpg,S3072R08,S3061R04,unrelated
S3072R08.jpg,S3061R07.jpg,S3072R08,S3061R07,unrelated
S3072R08.jpg,S3061R08.jpg,S3072R08,S3061R08,unrelated
S3072R08.jpg,S3062L03.jpg,S3072R08,S3062L03,unrelated
S3072R08.jpg,S3062L05.jpg,S3072R08,S3062L05,unrelated
S3072R08.jpg,S3062L07.jpg,S3072R08,S3062L07,unrelated
S3072R08.jpg,S3062L06.jpg,S3072R08,S3062L06,unrelated
S3072R08.jpg,S3062L04.jpg,S3072R08,S3062L04,unrelated
S3072R08.jpg,S3062R02.jpg,S3072R08,S3062R02,unrelated
S3072R08.jpg,S3062R09.jpg,S3072R08,S3062R09,unrelated
S3072R08.jpg,S3062R10.jpg,S3072R08,S3062R10,unrelated
S3072R08.jpg,S3062R07.jpg,S3072R08,S3062R07,unrelated
S3072R08.jpg,S3062R08.jpg,S3072R08,S3062R08,unrelated
S3072R08.jpg,S3021L04.jpg,S3072R08,S3021L04,unrelated
S3072R08.jpg,S3021L03.jpg,S3072R08,S3021L03,unrelated
S3072R08.jpg,S3021L06.jpg,S3072R08,S3021L06,unrelated
S3072R08.jpg,S3021L02.jpg,S3072R08,S3021L02,unrelated
S3072R08.jpg,S3021L01.jpg,S3072R08,S3021L01,unrelated
S3072R08.jpg,S3021R09.jpg,S3072R08,S3021R09,unrelated
S3072R08.jpg,S3021R01.jpg,S3072R08,S3021R01,unrelated
S3072R08.jpg,S3021R02.jpg,S3072R08,S3021R02,unrelated
S3072R08.jpg,S3021R07.jpg,S3072R08,S3021R07,unrelated
S3072R08.jpg,S3021R06.jpg,S3072R08,S3021R06,unrelated
S3072R08.jpg,S3022L01.jpg,S3072R08,S3022L01,unrelated
S3072R08.jpg,S3022R01.jpg,S3072R08,S3022R01,unrelated
S3072R08.jpg,S3022R02.jpg,S3072R08,S3022R02,unrelated
S3072R08.jpg,S3101L08.jpg,S3072R08,S3101L08,unrelated
S3072R08.jpg,S3101L04.jpg,S3072R08,S3101L04,unrelated
S3072R08.jpg,S3101L02.jpg,S3072R08,S3101L02,unrelated
S3072R08.jpg,S3101L09.jpg,S3072R08,S3101L09,unrelated
S3072R08.jpg,S3101L10.jpg,S3072R08,S3101L10,unrelated
S3072R08.jpg,S3101R07.jpg,S3072R08,S3101R07,unrelated
S3072R08.jpg,S3101R04.jpg,S3072R08,S3101R04,unrelated
S3072R08.jpg,S3101R03.jpg,S3072R08,S3101R03,unrelated
S3072R08.jpg,S3101R02.jpg,S3072R08,S3101R02,unrelated
S3072R08.jpg,S3101R05.jpg,S3072R08,S3101R05,unrelated
S3072R08.jpg,S3102L10.jpg,S3072R08,S3102L10,unrelated
S3072R08.jpg,S3102L09.jpg,S3072R08,S3102L09,unrelated
S3072R08.jpg,S3102L01.jpg,S3072R08,S3102L01,unrelated
S3072R08.jpg,S3102L07.jpg,S3072R08,S3102L07,unrelated
S3072R08.jpg,S3102L06.jpg,S3072R08,S3102L06,unrelated
S3072R08.jpg,S3102R07.jpg,S3072R08,S3102R07,unrelated
S3072R08.jpg,S3102R08.jpg,S3072R08,S3102R08,unrelated
S3072R08.jpg,S3102R02.jpg,S3072R08,S3102R02,unrelated
S3072R08.jpg,S3102R06.jpg,S3072R08,S3102R06,unrelated
S3072R08.jpg,S3102R09.jpg,S3072R08,S3102R09,unrelated
S3072R08.jpg,S3151L06.jpg,S3072R08,S3151L06,unrelated
S3072R08.jpg,S3151L04.jpg,S3072R08,S3151L04,unrelated
S3072R08.jpg,S3151L03.jpg,S3072R08,S3151L03,unrelated
S3072R08.jpg,S3151L05.jpg,S3072R08,S3151L05,unrelated
S3072R08.jpg,S3151L07.jpg,S3072R08,S3151L07,unrelated
S3072R08.jpg,S3151R03.jpg,S3072R08,S3151R03,unrelated
S3072R08.jpg,S3151R01.jpg,S3072R08,S3151R01,unrelated
S3072R08.jpg,S3151R02.jpg,S3072R08,S3151R02,unrelated
S3072R08.jpg,S3152R04.jpg,S3072R08,S3152R04,unrelated
S3072R08.jpg,S3152R03.jpg,S3072R08,S3152R03,unrelated
S3072R08.jpg,S3152R02.jpg,S3072R08,S3152R02,unrelated
S3072R08.jpg,S3152R07.jpg,S3072R08,S3152R07,unrelated
S3072R08.jpg,S3181R04.jpg,S3072R08,S3181R04,unrelated
S3072R08.jpg,S3181R05.jpg,S3072R08,S3181R05,unrelated
S3072R08.jpg,S3182L01.jpg,S3072R08,S3182L01,unrelated
S3072R08.jpg,S3182R05.jpg,S3072R08,S3182R05,unrelated
S3072R08.jpg,S3182R06.jpg,S3072R08,S3182R06,unrelated
S3072R08.jpg,S3182R04.jpg,S3072R08,S3182R04,unrelated
S3072R08.jpg,S3182R03.jpg,S3072R08,S3182R03,unrelated
S3072R08.jpg,S3182R07.jpg,S3072R08,S3182R07,unrelated
S3072R08.jpg,S3141L03.jpg,S3072R08,S3141L03,unrelated
S3072R08.jpg,S3141R07.jpg,S3072R08,S3141R07,unrelated
S3072R08.jpg,S3141R10.jpg,S3072R08,S3141R10,unrelated
S3072R08.jpg,S3141R04.jpg,S3072R08,S3141R04,unrelated
S3072R08.jpg,S3141R06.jpg,S3072R08,S3141R06,unrelated
S3072R08.jpg,S3142L03.jpg,S3072R08,S3142L03,unrelated
S3072R08.jpg,S3142L02.jpg,S3072R08,S3142L02,unrelated
S3072R08.jpg,S3142L04.jpg,S3072R08,S3142L04,unrelated
S3072R08.jpg,S3142L07.jpg,S3072R08,S3142L07,unrelated
S3072R08.jpg,S3142R08.jpg,S3072R08,S3142R08,unrelated
S3072R08.jpg,S3142R07.jpg,S3072R08,S3142R07,unrelated
S3072R08.jpg,S3142R10.jpg,S3072R08,S3142R10,unrelated
S3072R08.jpg,S3142R09.jpg,S3072R08,S3142R09,unrelated
S3072R08.jpg,S3121L03.jpg,S3072R08,S3121L03,unrelated
S3072R08.jpg,S3121L02.jpg,S3072R08,S3121L02,unrelated
S3072R08.jpg,S3121L01.jpg,S3072R08,S3121L01,unrelated
S3072R08.jpg,S3121R04.jpg,S3072R08,S3121R04,unrelated
S3072R08.jpg,S3121R02.jpg,S3072R08,S3121R02,unrelated
S3072R08.jpg,S3121R01.jpg,S3072R08,S3121R01,unrelated
S3072R08.jpg,S3121R08.jpg,S3072R08,S3121R08,unrelated
S3072R08.jpg,S3121R07.jpg,S3072R08,S3121R07,unrelated
S3072R08.jpg,S3122L09.jpg,S3072R08,S3122L09,unrelated
S3072R08.jpg,S3122L07.jpg,S3072R08,S3122L07,unrelated
S3072R08.jpg,S3122L10.jpg,S3072R08,S3122L10,unrelated
S3072R08.jpg,S3122L01.jpg,S3072R08,S3122L01,unrelated
S3072R08.jpg,S3122L05.jpg,S3072R08,S3122L05,unrelated
S3072R08.jpg,S3122R02.jpg,S3072R08,S3122R02,unrelated
S3072R08.jpg,S3122R04.jpg,S3072R08,S3122R04,unrelated
S3072R08.jpg,S3122R03.jpg,S3072R08,S3122R03,unrelated
S3072R08.jpg,S3122R01.jpg,S3072R08,S3122R01,unrelated
S3072R08.jpg,S3051L07.jpg,S3072R08,S3051L07,unrelated
S3072R08.jpg,S3051L08.jpg,S3072R08,S3051L08,unrelated
S3072R08.jpg,S3051L10.jpg,S3072R08,S3051L10,unrelated
S3072R08.jpg,S3051L06.jpg,S3072R08,S3051L06,unrelated
S3072R08.jpg,S3051R01.jpg,S3072R08,S3051R01,unrelated
S3072R08.jpg,S3051R03.jpg,S3072R08,S3051R03,unrelated
S3072R08.jpg,S3052L01.jpg,S3072R08,S3052L01,unrelated
S3072R08.jpg,S3052L02.jpg,S3072R08,S3052L02,unrelated
S3072R08.jpg,S3052L03.jpg,S3072R08,S3052L03,unrelated
S3072R08.jpg,S3052R01.jpg,S3072R08,S3052R01,unrelated
S3072R08.jpg,S3011L07.jpg,S3072R08,S3011L07,unrelated
S3072R08.jpg,S3011R01.jpg,S3072R08,S3011R01,unrelated
S3072R08.jpg,S3011R02.jpg,S3072R08,S3011R02,unrelated
S3072R08.jpg,S3012L07.jpg,S3072R08,S3012L07,unrelated
S3072R08.jpg,S3012L02.jpg,S3072R08,S3012L02,unrelated
S3072R08.jpg,S3012R07.jpg,S3072R08,S3012R07,unrelated
S3072R10.jpg,S3162L03.jpg,S3072R10,S3162L03,unrelated
S3072R10.jpg,S3162L01.jpg,S3072R10,S3162L01,unrelated
S3072R10.jpg,S3162L02.jpg,S3072R10,S3162L02,unrelated
S3072R10.jpg,S3162L04.jpg,S3072R10,S3162L04,unrelated
S3072R10.jpg,S3162R09.jpg,S3072R10,S3162R09,unrelated
S3072R10.jpg,S3162R06.jpg,S3072R10,S3162R06,unrelated
S3072R10.jpg,S3162R10.jpg,S3072R10,S3162R10,unrelated
S3072R10.jpg,S3162R08.jpg,S3072R10,S3162R08,unrelated
S3072R10.jpg,S3162R07.jpg,S3072R10,S3162R07,unrelated
S3072R10.jpg,S3131L08.jpg,S3072R10,S3131L08,unrelated
S3072R10.jpg,S3131L10.jpg,S3072R10,S3131L10,unrelated
S3072R10.jpg,S3131R04.jpg,S3072R10,S3131R04,unrelated
S3072R10.jpg,S3131R06.jpg,S3072R10,S3131R06,unrelated
S3072R10.jpg,S3131R05.jpg,S3072R10,S3131R05,unrelated
S3072R10.jpg,S3131R07.jpg,S3072R10,S3131R07,unrelated
S3072R10.jpg,S3132L09.jpg,S3072R10,S3132L09,unrelated
S3072R10.jpg,S3132L08.jpg,S3072R10,S3132L08,unrelated
S3072R10.jpg,S3132L05.jpg,S3072R10,S3132L05,unrelated
S3072R10.jpg,S3132L10.jpg,S3072R10,S3132L10,unrelated
S3072R10.jpg,S3132L04.jpg,S3072R10,S3132L04,unrelated
S3072R10.jpg,S3132R06.jpg,S3072R10,S3132R06,unrelated
S3072R10.jpg,S3132R07.jpg,S3072R10,S3132R07,unrelated
S3072R10.jpg,S3031L06.jpg,S3072R10,S3031L06,unrelated
S3072R10.jpg,S3031R09.jpg,S3072R10,S3031R09,unrelated
S3072R10.jpg,S3032L08.jpg,S3072R10,S3032L08,unrelated
S3072R10.jpg,S3032L10.jpg,S3072R10,S3032L10,unrelated
S3072R10.jpg,S3032L09.jpg,S3072R10,S3032L09,unrelated
S3072R10.jpg,S3032L05.jpg,S3072R10,S3032L05,unrelated
S3072R10.jpg,S3032L06.jpg,S3072R10,S3032L06,unrelated
S3072R10.jpg,S3032R10.jpg,S3072R10,S3032R10,unrelated
S3072R10.jpg,S3032R05.jpg,S3072R10,S3032R05,unrelated
S3072R10.jpg,S3032R04.jpg,S3072R10,S3032R04,unrelated
S3072R10.jpg,S3032R07.jpg,S3072R10,S3032R07,unrelated
S3072R10.jpg,S3032R06.jpg,S3072R10,S3032R06,unrelated
S3072R10.jpg,S3041L03.jpg,S3072R10,S3041L03,unrelated
S3072R10.jpg,S3041L06.jpg,S3072R10,S3041L06,unrelated
S3072R10.jpg,S3041L05.jpg,S3072R10,S3041L05,unrelated
S3072R10.jpg,S3041L04.jpg,S3072R10,S3041L04,unrelated
S3072R10.jpg,S3041R01.jpg,S3072R10,S3041R01,unrelated
S3072R10.jpg,S3042L08.jpg,S3072R10,S3042L08,unrelated
S3072R10.jpg,S3042R07.jpg,S3072R10,S3042R07,unrelated
S3072R10.jpg,S3042R08.jpg,S3072R10,S3042R08,unrelated
S3072R10.jpg,S3002L02.jpg,S3072R10,S3002L02,unrelated
S3072R10.jpg,S3082R05.jpg,S3072R10,S3082R05,unrelated
S3072R10.jpg,S3082R02.jpg,S3072R10,S3082R02,unrelated
S3072R10.jpg,S3082R06.jpg,S3072R10,S3082R06,unrelated
S3072R10.jpg,S3082R01.jpg,S3072R10,S3082R01,unrelated
S3072R10.jpg,S3082R04.jpg,S3072R10,S3082R04,unrelated
S3072R10.jpg,S3061L03.jpg,S3072R10,S3061L03,unrelated
S3072R10.jpg,S3061L02.jpg,S3072R10,S3061L02,unrelated
S3072R10.jpg,S3061R01.jpg,S3072R10,S3061R01,unrelated
S3072R10.jpg,S3061R04.jpg,S3072R10,S3061R04,unrelated
S3072R10.jpg,S3061R07.jpg,S3072R10,S3061R07,unrelated
S3072R10.jpg,S3061R08.jpg,S3072R10,S3061R08,unrelated
S3072R10.jpg,S3062L03.jpg,S3072R10,S3062L03,unrelated
S3072R10.jpg,S3062L05.jpg,S3072R10,S3062L05,unrelated
S3072R10.jpg,S3062L07.jpg,S3072R10,S3062L07,unrelated
S3072R10.jpg,S3062L06.jpg,S3072R10,S3062L06,unrelated
S3072R10.jpg,S3062L04.jpg,S3072R10,S3062L04,unrelated
S3072R10.jpg,S3062R02.jpg,S3072R10,S3062R02,unrelated
S3072R10.jpg,S3062R09.jpg,S3072R10,S3062R09,unrelated
S3072R10.jpg,S3062R10.jpg,S3072R10,S3062R10,unrelated
S3072R10.jpg,S3062R07.jpg,S3072R10,S3062R07,unrelated
S3072R10.jpg,S3062R08.jpg,S3072R10,S3062R08,unrelated
S3072R10.jpg,S3021L04.jpg,S3072R10,S3021L04,unrelated
S3072R10.jpg,S3021L03.jpg,S3072R10,S3021L03,unrelated
S3072R10.jpg,S3021L06.jpg,S3072R10,S3021L06,unrelated
S3072R10.jpg,S3021L02.jpg,S3072R10,S3021L02,unrelated
S3072R10.jpg,S3021L01.jpg,S3072R10,S3021L01,unrelated
S3072R10.jpg,S3021R09.jpg,S3072R10,S3021R09,unrelated
S3072R10.jpg,S3021R01.jpg,S3072R10,S3021R01,unrelated
S3072R10.jpg,S3021R02.jpg,S3072R10,S3021R02,unrelated
S3072R10.jpg,S3021R07.jpg,S3072R10,S3021R07,unrelated
S3072R10.jpg,S3021R06.jpg,S3072R10,S3021R06,unrelated
S3072R10.jpg,S3022L01.jpg,S3072R10,S3022L01,unrelated
S3072R10.jpg,S3022R01.jpg,S3072R10,S3022R01,unrelated
S3072R10.jpg,S3022R02.jpg,S3072R10,S3022R02,unrelated
S3072R10.jpg,S3101L08.jpg,S3072R10,S3101L08,unrelated
S3072R10.jpg,S3101L04.jpg,S3072R10,S3101L04,unrelated
S3072R10.jpg,S3101L02.jpg,S3072R10,S3101L02,unrelated
S3072R10.jpg,S3101L09.jpg,S3072R10,S3101L09,unrelated
S3072R10.jpg,S3101L10.jpg,S3072R10,S3101L10,unrelated
S3072R10.jpg,S3101R07.jpg,S3072R10,S3101R07,unrelated
S3072R10.jpg,S3101R04.jpg,S3072R10,S3101R04,unrelated
S3072R10.jpg,S3101R03.jpg,S3072R10,S3101R03,unrelated
S3072R10.jpg,S3101R02.jpg,S3072R10,S3101R02,unrelated
S3072R10.jpg,S3101R05.jpg,S3072R10,S3101R05,unrelated
S3072R10.jpg,S3102L10.jpg,S3072R10,S3102L10,unrelated
S3072R10.jpg,S3102L09.jpg,S3072R10,S3102L09,unrelated
S3072R10.jpg,S3102L01.jpg,S3072R10,S3102L01,unrelated
S3072R10.jpg,S3102L07.jpg,S3072R10,S3102L07,unrelated
S3072R10.jpg,S3102L06.jpg,S3072R10,S3102L06,unrelated
S3072R10.jpg,S3102R07.jpg,S3072R10,S3102R07,unrelated
S3072R10.jpg,S3102R08.jpg,S3072R10,S3102R08,unrelated
S3072R10.jpg,S3102R02.jpg,S3072R10,S3102R02,unrelated
S3072R10.jpg,S3102R06.jpg,S3072R10,S3102R06,unrelated
S3072R10.jpg,S3102R09.jpg,S3072R10,S3102R09,unrelated
S3072R10.jpg,S3151L06.jpg,S3072R10,S3151L06,unrelated
S3072R10.jpg,S3151L04.jpg,S3072R10,S3151L04,unrelated
S3072R10.jpg,S3151L03.jpg,S3072R10,S3151L03,unrelated
S3072R10.jpg,S3151L05.jpg,S3072R10,S3151L05,unrelated
S3072R10.jpg,S3151L07.jpg,S3072R10,S3151L07,unrelated
S3072R10.jpg,S3151R03.jpg,S3072R10,S3151R03,unrelated
S3072R10.jpg,S3151R01.jpg,S3072R10,S3151R01,unrelated
S3072R10.jpg,S3151R02.jpg,S3072R10,S3151R02,unrelated
S3072R10.jpg,S3152R04.jpg,S3072R10,S3152R04,unrelated
S3072R10.jpg,S3152R03.jpg,S3072R10,S3152R03,unrelated
S3072R10.jpg,S3152R02.jpg,S3072R10,S3152R02,unrelated
S3072R10.jpg,S3152R07.jpg,S3072R10,S3152R07,unrelated
S3072R10.jpg,S3181R04.jpg,S3072R10,S3181R04,unrelated
S3072R10.jpg,S3181R05.jpg,S3072R10,S3181R05,unrelated
S3072R10.jpg,S3182L01.jpg,S3072R10,S3182L01,unrelated
S3072R10.jpg,S3182R05.jpg,S3072R10,S3182R05,unrelated
S3072R10.jpg,S3182R06.jpg,S3072R10,S3182R06,unrelated
S3072R10.jpg,S3182R04.jpg,S3072R10,S3182R04,unrelated
S3072R10.jpg,S3182R03.jpg,S3072R10,S3182R03,unrelated
S3072R10.jpg,S3182R07.jpg,S3072R10,S3182R07,unrelated
S3072R10.jpg,S3141L03.jpg,S3072R10,S3141L03,unrelated
S3072R10.jpg,S3141R07.jpg,S3072R10,S3141R07,unrelated
S3072R10.jpg,S3141R10.jpg,S3072R10,S3141R10,unrelated
S3072R10.jpg,S3141R04.jpg,S3072R10,S3141R04,unrelated
S3072R10.jpg,S3141R06.jpg,S3072R10,S3141R06,unrelated
S3072R10.jpg,S3142L03.jpg,S3072R10,S3142L03,unrelated
S3072R10.jpg,S3142L02.jpg,S3072R10,S3142L02,unrelated
S3072R10.jpg,S3142L04.jpg,S3072R10,S3142L04,unrelated
S3072R10.jpg,S3142L07.jpg,S3072R10,S3142L07,unrelated
S3072R10.jpg,S3142R08.jpg,S3072R10,S3142R08,unrelated
S3072R10.jpg,S3142R07.jpg,S3072R10,S3142R07,unrelated
S3072R10.jpg,S3142R10.jpg,S3072R10,S3142R10,unrelated
S3072R10.jpg,S3142R09.jpg,S3072R10,S3142R09,unrelated
S3072R10.jpg,S3121L03.jpg,S3072R10,S3121L03,unrelated
S3072R10.jpg,S3121L02.jpg,S3072R10,S3121L02,unrelated
S3072R10.jpg,S3121L01.jpg,S3072R10,S3121L01,unrelated
S3072R10.jpg,S3121R04.jpg,S3072R10,S3121R04,unrelated
S3072R10.jpg,S3121R02.jpg,S3072R10,S3121R02,unrelated
S3072R10.jpg,S3121R01.jpg,S3072R10,S3121R01,unrelated
S3072R10.jpg,S3121R08.jpg,S3072R10,S3121R08,unrelated
S3072R10.jpg,S3121R07.jpg,S3072R10,S3121R07,unrelated
S3072R10.jpg,S3122L09.jpg,S3072R10,S3122L09,unrelated
S3072R10.jpg,S3122L07.jpg,S3072R10,S3122L07,unrelated
S3072R10.jpg,S3122L10.jpg,S3072R10,S3122L10,unrelated
S3072R10.jpg,S3122L01.jpg,S3072R10,S3122L01,unrelated
S3072R10.jpg,S3122L05.jpg,S3072R10,S3122L05,unrelated
S3072R10.jpg,S3122R02.jpg,S3072R10,S3122R02,unrelated
S3072R10.jpg,S3122R04.jpg,S3072R10,S3122R04,unrelated
S3072R10.jpg,S3122R03.jpg,S3072R10,S3122R03,unrelated
S3072R10.jpg,S3122R01.jpg,S3072R10,S3122R01,unrelated
S3072R10.jpg,S3051L07.jpg,S3072R10,S3051L07,unrelated
S3072R10.jpg,S3051L08.jpg,S3072R10,S3051L08,unrelated
S3072R10.jpg,S3051L10.jpg,S3072R10,S3051L10,unrelated
S3072R10.jpg,S3051L06.jpg,S3072R10,S3051L06,unrelated
S3072R10.jpg,S3051R01.jpg,S3072R10,S3051R01,unrelated
S3072R10.jpg,S3051R03.jpg,S3072R10,S3051R03,unrelated
S3072R10.jpg,S3052L01.jpg,S3072R10,S3052L01,unrelated
S3072R10.jpg,S3052L02.jpg,S3072R10,S3052L02,unrelated
S3072R10.jpg,S3052L03.jpg,S3072R10,S3052L03,unrelated
S3072R10.jpg,S3052R01.jpg,S3072R10,S3052R01,unrelated
S3072R10.jpg,S3011L07.jpg,S3072R10,S3011L07,unrelated
S3072R10.jpg,S3011R01.jpg,S3072R10,S3011R01,unrelated
S3072R10.jpg,S3011R02.jpg,S3072R10,S3011R02,unrelated
S3072R10.jpg,S3012L07.jpg,S3072R10,S3012L07,unrelated
S3072R10.jpg,S3012L02.jpg,S3072R10,S3012L02,unrelated
S3072R10.jpg,S3012R07.jpg,S3072R10,S3012R07,unrelated
S3162L03.jpg,S3162L01.jpg,S3162L03,S3162L01,genuine
S3162L03.jpg,S3162L02.jpg,S3162L03,S3162L02,genuine
S3162L03.jpg,S3162L04.jpg,S3162L03,S3162L04,genuine
S3162L03.jpg,S3162R09.jpg,S3162L03,S3162R09,same_subject_different_eye
S3162L03.jpg,S3162R06.jpg,S3162L03,S3162R06,same_subject_different_eye
S3162L03.jpg,S3162R10.jpg,S3162L03,S3162R10,same_subject_different_eye
S3162L03.jpg,S3162R08.jpg,S3162L03,S3162R08,same_subject_different_eye
S3162L03.jpg,S3162R07.jpg,S3162L03,S3162R07,same_subject_different_eye
S3162L03.jpg,S3131L08.jpg,S3162L03,S3131L08,unrelated
S3162L03.jpg,S3131L10.jpg,S3162L03,S3131L10,unrelated
S3162L03.jpg,S3131R04.jpg,S3162L03,S3131R04,unrelated
S3162L03.jpg,S3131R06.jpg,S3162L03,S3131R06,unrelated
S3162L03.jpg,S3131R05.jpg,S3162L03,S3131R05,unrelated
S3162L03.jpg,S3131R07.jpg,S3162L03,S3131R07,unrelated
S3162L03.jpg,S3132L09.jpg,S3162L03,S3132L09,unrelated
S3162L03.jpg,S3132L08.jpg,S3162L03,S3132L08,unrelated
S3162L03.jpg,S3132L05.jpg,S3162L03,S3132L05,unrelated
S3162L03.jpg,S3132L10.jpg,S3162L03,S3132L10,unrelated
S3162L03.jpg,S3132L04.jpg,S3162L03,S3132L04,unrelated
S3162L03.jpg,S3132R06.jpg,S3162L03,S3132R06,unrelated
S3162L03.jpg,S3132R07.jpg,S3162L03,S3132R07,unrelated
S3162L03.jpg,S3031L06.jpg,S3162L03,S3031L06,unrelated
S3162L03.jpg,S3031R09.jpg,S3162L03,S3031R09,unrelated
S3162L03.jpg,S3032L08.jpg,S3162L03,S3032L08,unrelated
S3162L03.jpg,S3032L10.jpg,S3162L03,S3032L10,unrelated
S3162L03.jpg,S3032L09.jpg,S3162L03,S3032L09,unrelated
S3162L03.jpg,S3032L05.jpg,S3162L03,S3032L05,unrelated
S3162L03.jpg,S3032L06.jpg,S3162L03,S3032L06,unrelated
S3162L03.jpg,S3032R10.jpg,S3162L03,S3032R10,unrelated
S3162L03.jpg,S3032R05.jpg,S3162L03,S3032R05,unrelated
S3162L03.jpg,S3032R04.jpg,S3162L03,S3032R04,unrelated
S3162L03.jpg,S3032R07.jpg,S3162L03,S3032R07,unrelated
S3162L03.jpg,S3032R06.jpg,S3162L03,S3032R06,unrelated
S3162L03.jpg,S3041L03.jpg,S3162L03,S3041L03,unrelated
S3162L03.jpg,S3041L06.jpg,S3162L03,S3041L06,unrelated
S3162L03.jpg,S3041L05.jpg,S3162L03,S3041L05,unrelated
S3162L03.jpg,S3041L04.jpg,S3162L03,S3041L04,unrelated
S3162L03.jpg,S3041R01.jpg,S3162L03,S3041R01,unrelated
S3162L03.jpg,S3042L08.jpg,S3162L03,S3042L08,unrelated
S3162L03.jpg,S3042R07.jpg,S3162L03,S3042R07,unrelated
S3162L03.jpg,S3042R08.jpg,S3162L03,S3042R08,unrelated
S3162L03.jpg,S3002L02.jpg,S3162L03,S3002L02,unrelated
S3162L03.jpg,S3082R05.jpg,S3162L03,S3082R05,unrelated
S3162L03.jpg,S3082R02.jpg,S3162L03,S3082R02,unrelated
S3162L03.jpg,S3082R06.jpg,S3162L03,S3082R06,unrelated
S3162L03.jpg,S3082R01.jpg,S3162L03,S3082R01,unrelated
S3162L03.jpg,S3082R04.jpg,S3162L03,S3082R04,unrelated
S3162L03.jpg,S3061L03.jpg,S3162L03,S3061L03,unrelated
S3162L03.jpg,S3061L02.jpg,S3162L03,S3061L02,unrelated
S3162L03.jpg,S3061R01.jpg,S3162L03,S3061R01,unrelated
S3162L03.jpg,S3061R04.jpg,S3162L03,S3061R04,unrelated
S3162L03.jpg,S3061R07.jpg,S3162L03,S3061R07,unrelated
S3162L03.jpg,S3061R08.jpg,S3162L03,S3061R08,unrelated
S3162L03.jpg,S3062L03.jpg,S3162L03,S3062L03,unrelated
S3162L03.jpg,S3062L05.jpg,S3162L03,S3062L05,unrelated
S3162L03.jpg,S3062L07.jpg,S3162L03,S3062L07,unrelated
S3162L03.jpg,S3062L06.jpg,S3162L03,S3062L06,unrelated
S3162L03.jpg,S3062L04.jpg,S3162L03,S3062L04,unrelated
S3162L03.jpg,S3062R02.jpg,S3162L03,S3062R02,unrelated
S3162L03.jpg,S3062R09.jpg,S3162L03,S3062R09,unrelated
S3162L03.jpg,S3062R10.jpg,S3162L03,S3062R10,unrelated
S3162L03.jpg,S3062R07.jpg,S3162L03,S3062R07,unrelated
S3162L03.jpg,S3062R08.jpg,S3162L03,S3062R08,unrelated
S3162L03.jpg,S3021L04.jpg,S3162L03,S3021L04,unrelated
S3162L03.jpg,S3021L03.jpg,S3162L03,S3021L03,unrelated
S3162L03.jpg,S3021L06.jpg,S3162L03,S3021L06,unrelated
S3162L03.jpg,S3021L02.jpg,S3162L03,S3021L02,unrelated
S3162L03.jpg,S3021L01.jpg,S3162L03,S3021L01,unrelated
S3162L03.jpg,S3021R09.jpg,S3162L03,S3021R09,unrelated
S3162L03.jpg,S3021R01.jpg,S3162L03,S3021R01,unrelated
S3162L03.jpg,S3021R02.jpg,S3162L03,S3021R02,unrelated
S3162L03.jpg,S3021R07.jpg,S3162L03,S3021R07,unrelated
S3162L03.jpg,S3021R06.jpg,S3162L03,S3021R06,unrelated
S3162L03.jpg,S3022L01.jpg,S3162L03,S3022L01,unrelated
S3162L03.jpg,S3022R01.jpg,S3162L03,S3022R01,unrelated
S3162L03.jpg,S3022R02.jpg,S3162L03,S3022R02,unrelated
S3162L03.jpg,S3101L08.jpg,S3162L03,S3101L08,unrelated
S3162L03.jpg,S3101L04.jpg,S3162L03,S3101L04,unrelated
S3162L03.jpg,S3101L02.jpg,S3162L03,S3101L02,unrelated
S3162L03.jpg,S3101L09.jpg,S3162L03,S3101L09,unrelated
S3162L03.jpg,S3101L10.jpg,S3162L03,S3101L10,unrelated
S3162L03.jpg,S3101R07.jpg,S3162L03,S3101R07,unrelated
S3162L03.jpg,S3101R04.jpg,S3162L03,S3101R04,unrelated
S3162L03.jpg,S3101R03.jpg,S3162L03,S3101R03,unrelated
S3162L03.jpg,S3101R02.jpg,S3162L03,S3101R02,unrelated
S3162L03.jpg,S3101R05.jpg,S3162L03,S3101R05,unrelated
S3162L03.jpg,S3102L10.jpg,S3162L03,S3102L10,unrelated
S3162L03.jpg,S3102L09.jpg,S3162L03,S3102L09,unrelated
S3162L03.jpg,S3102L01.jpg,S3162L03,S3102L01,unrelated
S3162L03.jpg,S3102L07.jpg,S3162L03,S3102L07,unrelated
S3162L03.jpg,S3102L06.jpg,S3162L03,S3102L06,unrelated
S3162L03.jpg,S3102R07.jpg,S3162L03,S3102R07,unrelated
S3162L03.jpg,S3102R08.jpg,S3162L03,S3102R08,unrelated
S3162L03.jpg,S3102R02.jpg,S3162L03,S3102R02,unrelated
S3162L03.jpg,S3102R06.jpg,S3162L03,S3102R06,unrelated
S3162L03.jpg,S3102R09.jpg,S3162L03,S3102R09,unrelated
S3162L03.jpg,S3151L06.jpg,S3162L03,S3151L06,unrelated
S3162L03.jpg,S3151L04.jpg,S3162L03,S3151L04,unrelated
S3162L03.jpg,S3151L03.jpg,S3162L03,S3151L03,unrelated
S3162L03.jpg,S3151L05.jpg,S3162L03,S3151L05,unrelated
S3162L03.jpg,S3151L07.jpg,S3162L03,S3151L07,unrelated
S3162L03.jpg,S3151R03.jpg,S3162L03,S3151R03,unrelated
S3162L03.jpg,S3151R01.jpg,S3162L03,S3151R01,unrelated
S3162L03.jpg,S3151R02.jpg,S3162L03,S3151R02,unrelated
S3162L03.jpg,S3152R04.jpg,S3162L03,S3152R04,unrelated
S3162L03.jpg,S3152R03.jpg,S3162L03,S3152R03,unrelated
S3162L03.jpg,S3152R02.jpg,S3162L03,S3152R02,unrelated
S3162L03.jpg,S3152R07.jpg,S3162L03,S3152R07,unrelated
S3162L03.jpg,S3181R04.jpg,S3162L03,S3181R04,unrelated
S3162L03.jpg,S3181R05.jpg,S3162L03,S3181R05,unrelated
S3162L03.jpg,S3182L01.jpg,S3162L03,S3182L01,unrelated
S3162L03.jpg,S3182R05.jpg,S3162L03,S3182R05,unrelated
S3162L03.jpg,S3182R06.jpg,S3162L03,S3182R06,unrelated
S3162L03.jpg,S3182R04.jpg,S3162L03,S3182R04,unrelated
S3162L03.jpg,S3182R03.jpg,S3162L03,S3182R03,unrelated
S3162L03.jpg,S3182R07.jpg,S3162L03,S3182R07,unrelated
S3162L03.jpg,S3141L03.jpg,S3162L03,S3141L03,unrelated
S3162L03.jpg,S3141R07.jpg,S3162L03,S3141R07,unrelated
S3162L03.jpg,S3141R10.jpg,S3162L03,S3141R10,unrelated
S3162L03.jpg,S3141R04.jpg,S3162L03,S3141R04,unrelated
S3162L03.jpg,S3141R06.jpg,S3162L03,S3141R06,unrelated
S3162L03.jpg,S3142L03.jpg,S3162L03,S3142L03,unrelated
S3162L03.jpg,S3142L02.jpg,S3162L03,S3142L02,unrelated
S3162L03.jpg,S3142L04.jpg,S3162L03,S3142L04,unrelated
S3162L03.jpg,S3142L07.jpg,S3162L03,S3142L07,unrelated
S3162L03.jpg,S3142R08.jpg,S3162L03,S3142R08,unrelated
S3162L03.jpg,S3142R07.jpg,S3162L03,S3142R07,unrelated
S3162L03.jpg,S3142R10.jpg,S3162L03,S3142R10,unrelated
S3162L03.jpg,S3142R09.jpg,S3162L03,S3142R09,unrelated
S3162L03.jpg,S3121L03.jpg,S3162L03,S3121L03,unrelated
S3162L03.jpg,S3121L02.jpg,S3162L03,S3121L02,unrelated
S3162L03.jpg,S3121L01.jpg,S3162L03,S3121L01,unrelated
S3162L03.jpg,S3121R04.jpg,S3162L03,S3121R04,unrelated
S3162L03.jpg,S3121R02.jpg,S3162L03,S3121R02,unrelated
S3162L03.jpg,S3121R01.jpg,S3162L03,S3121R01,unrelated
S3162L03.jpg,S3121R08.jpg,S3162L03,S3121R08,unrelated
S3162L03.jpg,S3121R07.jpg,S3162L03,S3121R07,unrelated
S3162L03.jpg,S3122L09.jpg,S3162L03,S3122L09,unrelated
S3162L03.jpg,S3122L07.jpg,S3162L03,S3122L07,unrelated
S3162L03.jpg,S3122L10.jpg,S3162L03,S3122L10,unrelated
S3162L03.jpg,S3122L01.jpg,S3162L03,S3122L01,unrelated
S3162L03.jpg,S3122L05.jpg,S3162L03,S3122L05,unrelated
S3162L03.jpg,S3122R02.jpg,S3162L03,S3122R02,unrelated
S3162L03.jpg,S3122R04.jpg,S3162L03,S3122R04,unrelated
S3162L03.jpg,S3122R03.jpg,S3162L03,S3122R03,unrelated
S3162L03.jpg,S3122R01.jpg,S3162L03,S3122R01,unrelated
S3162L03.jpg,S3051L07.jpg,S3162L03,S3051L07,unrelated
S3162L03.jpg,S3051L08.jpg,S3162L03,S3051L08,unrelated
S3162L03.jpg,S3051L10.jpg,S3162L03,S3051L10,unrelated
S3162L03.jpg,S3051L06.jpg,S3162L03,S3051L06,unrelated
S3162L03.jpg,S3051R01.jpg,S3162L03,S3051R01,unrelated
S3162L03.jpg,S3051R03.jpg,S3162L03,S3051R03,unrelated
S3162L03.jpg,S3052L01.jpg,S3162L03,S3052L01,unrelated
S3162L03.jpg,S3052L02.jpg,S3162L03,S3052L02,unrelated
S3162L03.jpg,S3052L03.jpg,S3162L03,S3052L03,unrelated
S3162L03.jpg,S3052R01.jpg,S3162L03,S3052R01,unrelated
S3162L03.jpg,S3011L07.jpg,S3162L03,S3011L07,unrelated
S3162L03.jpg,S3011R01.jpg,S3162L03,S3011R01,unrelated
S3162L03.jpg,S3011R02.jpg,S3162L03,S3011R02,unrelated
S3162L03.jpg,S3012L07.jpg,S3162L03,S3012L07,unrelated
S3162L03.jpg,S3012L02.jpg,S3162L03,S3012L02,unrelated
S3162L03.jpg,S3012R07.jpg,S3162L03,S3012R07,unrelated
S3162L01.jpg,S3162L02.jpg,S3162L01,S3162L02,genuine
S3162L01.jpg,S3162L04.jpg,S3162L01,S3162L04,genuine
S3162L01.jpg,S3162R09.jpg,S3162L01,S3162R09,same_subject_different_eye
S3162L01.jpg,S3162R06.jpg,S3162L01,S3162R06,same_subject_different_eye
S3162L01.jpg,S3162R10.jpg,S3162L01,S3162R10,same_subject_different_eye
S3162L01.jpg,S3162R08.jpg,S3162L01,S3162R08,same_subject_different_eye
S3162L01.jpg,S3162R07.jpg,S3162L01,S3162R07,same_subject_different_eye
S3162L01.jpg,S3131L08.jpg,S3162L01,S3131L08,unrelated
S3162L01.jpg,S3131L10.jpg,S3162L01,S3131L10,unrelated
S3162L01.jpg,S3131R04.jpg,S3162L01,S3131R04,unrelated
S3162L01.jpg,S3131R06.jpg,S3162L01,S3131R06,unrelated
S3162L01.jpg,S3131R05.jpg,S3162L01,S3131R05,unrelated
S3162L01.jpg,S3131R07.jpg,S3162L01,S3131R07,unrelated
S3162L01.jpg,S3132L09.jpg,S3162L01,S3132L09,unrelated
S3162L01.jpg,S3132L08.jpg,S3162L01,S3132L08,unrelated
S3162L01.jpg,S3132L05.jpg,S3162L01,S3132L05,unrelated
S3162L01.jpg,S3132L10.jpg,S3162L01,S3132L10,unrelated
S3162L01.jpg,S3132L04.jpg,S3162L01,S3132L04,unrelated
S3162L01.jpg,S3132R06.jpg,S3162L01,S3132R06,unrelated
S3162L01.jpg,S3132R07.jpg,S3162L01,S3132R07,unrelated
S3162L01.jpg,S3031L06.jpg,S3162L01,S3031L06,unrelated
S3162L01.jpg,S3031R09.jpg,S3162L01,S3031R09,unrelated
S3162L01.jpg,S3032L08.jpg,S3162L01,S3032L08,unrelated
S3162L01.jpg,S3032L10.jpg,S3162L01,S3032L10,unrelated
S3162L01.jpg,S3032L09.jpg,S3162L01,S3032L09,unrelated
S3162L01.jpg,S3032L05.jpg,S3162L01,S3032L05,unrelated
S3162L01.jpg,S3032L06.jpg,S3162L01,S3032L06,unrelated
S3162L01.jpg,S3032R10.jpg,S3162L01,S3032R10,unrelated
S3162L01.jpg,S3032R05.jpg,S3162L01,S3032R05,unrelated
S3162L01.jpg,S3032R04.jpg,S3162L01,S3032R04,unrelated
S3162L01.jpg,S3032R07.jpg,S3162L01,S3032R07,unrelated
S3162L01.jpg,S3032R06.jpg,S3162L01,S3032R06,unrelated
S3162L01.jpg,S3041L03.jpg,S3162L01,S3041L03,unrelated
S3162L01.jpg,S3041L06.jpg,S3162L01,S3041L06,unrelated
S3162L01.jpg,S3041L05.jpg,S3162L01,S3041L05,unrelated
S3162L01.jpg,S3041L04.jpg,S3162L01,S3041L04,unrelated
S3162L01.jpg,S3041R01.jpg,S3162L01,S3041R01,unrelated
S3162L01.jpg,S3042L08.jpg,S3162L01,S3042L08,unrelated
S3162L01.jpg,S3042R07.jpg,S3162L01,S3042R07,unrelated
S3162L01.jpg,S3042R08.jpg,S3162L01,S3042R08,unrelated
S3162L01.jpg,S3002L02.jpg,S3162L01,S3002L02,unrelated
S3162L01.jpg,S3082R05.jpg,S3162L01,S3082R05,unrelated
S3162L01.jpg,S3082R02.jpg,S3162L01,S3082R02,unrelated
S3162L01.jpg,S3082R06.jpg,S3162L01,S3082R06,unrelated
S3162L01.jpg,S3082R01.jpg,S3162L01,S3082R01,unrelated
S3162L01.jpg,S3082R04.jpg,S3162L01,S3082R04,unrelated
S3162L01.jpg,S3061L03.jpg,S3162L01,S3061L03,unrelated
S3162L01.jpg,S3061L02.jpg,S3162L01,S3061L02,unrelated
S3162L01.jpg,S3061R01.jpg,S3162L01,S3061R01,unrelated
S3162L01.jpg,S3061R04.jpg,S3162L01,S3061R04,unrelated
S3162L01.jpg,S3061R07.jpg,S3162L01,S3061R07,unrelated
S3162L01.jpg,S3061R08.jpg,S3162L01,S3061R08,unrelated
S3162L01.jpg,S3062L03.jpg,S3162L01,S3062L03,unrelated
S3162L01.jpg,S3062L05.jpg,S3162L01,S3062L05,unrelated
S3162L01.jpg,S3062L07.jpg,S3162L01,S3062L07,unrelated
S3162L01.jpg,S3062L06.jpg,S3162L01,S3062L06,unrelated
S3162L01.jpg,S3062L04.jpg,S3162L01,S3062L04,unrelated
S3162L01.jpg,S3062R02.jpg,S3162L01,S3062R02,unrelated
S3162L01.jpg,S3062R09.jpg,S3162L01,S3062R09,unrelated
S3162L01.jpg,S3062R10.jpg,S3162L01,S3062R10,unrelated
S3162L01.jpg,S3062R07.jpg,S3162L01,S3062R07,unrelated
S3162L01.jpg,S3062R08.jpg,S3162L01,S3062R08,unrelated
S3162L01.jpg,S3021L04.jpg,S3162L01,S3021L04,unrelated
S3162L01.jpg,S3021L03.jpg,S3162L01,S3021L03,unrelated
S3162L01.jpg,S3021L06.jpg,S3162L01,S3021L06,unrelated
S3162L01.jpg,S3021L02.jpg,S3162L01,S3021L02,unrelated
S3162L01.jpg,S3021L01.jpg,S3162L01,S3021L01,unrelated
S3162L01.jpg,S3021R09.jpg,S3162L01,S3021R09,unrelated
S3162L01.jpg,S3021R01.jpg,S3162L01,S3021R01,unrelated
S3162L01.jpg,S3021R02.jpg,S3162L01,S3021R02,unrelated
S3162L01.jpg,S3021R07.jpg,S3162L01,S3021R07,unrelated
S3162L01.jpg,S3021R06.jpg,S3162L01,S3021R06,unrelated
S3162L01.jpg,S3022L01.jpg,S3162L01,S3022L01,unrelated
S3162L01.jpg,S3022R01.jpg,S3162L01,S3022R01,unrelated
S3162L01.jpg,S3022R02.jpg,S3162L01,S3022R02,unrelated
S3162L01.jpg,S3101L08.jpg,S3162L01,S3101L08,unrelated
S3162L01.jpg,S3101L04.jpg,S3162L01,S3101L04,unrelated
S3162L01.jpg,S3101L02.jpg,S3162L01,S3101L02,unrelated
S3162L01.jpg,S3101L09.jpg,S3162L01,S3101L09,unrelated
S3162L01.jpg,S3101L10.jpg,S3162L01,S3101L10,unrelated
S3162L01.jpg,S3101R07.jpg,S3162L01,S3101R07,unrelated
S3162L01.jpg,S3101R04.jpg,S3162L01,S3101R04,unrelated
S3162L01.jpg,S3101R03.jpg,S3162L01,S3101R03,unrelated
S3162L01.jpg,S3101R02.jpg,S3162L01,S3101R02,unrelated
S3162L01.jpg,S3101R05.jpg,S3162L01,S3101R05,unrelated
S3162L01.jpg,S3102L10.jpg,S3162L01,S3102L10,unrelated
S3162L01.jpg,S3102L09.jpg,S3162L01,S3102L09,unrelated
S3162L01.jpg,S3102L01.jpg,S3162L01,S3102L01,unrelated
S3162L01.jpg,S3102L07.jpg,S3162L01,S3102L07,unrelated
S3162L01.jpg,S3102L06.jpg,S3162L01,S3102L06,unrelated
S3162L01.jpg,S3102R07.jpg,S3162L01,S3102R07,unrelated
S3162L01.jpg,S3102R08.jpg,S3162L01,S3102R08,unrelated
S3162L01.jpg,S3102R02.jpg,S3162L01,S3102R02,unrelated
S3162L01.jpg,S3102R06.jpg,S3162L01,S3102R06,unrelated
S3162L01.jpg,S3102R09.jpg,S3162L01,S3102R09,unrelated
S3162L01.jpg,S3151L06.jpg,S3162L01,S3151L06,unrelated
S3162L01.jpg,S3151L04.jpg,S3162L01,S3151L04,unrelated
S3162L01.jpg,S3151L03.jpg,S3162L01,S3151L03,unrelated
S3162L01.jpg,S3151L05.jpg,S3162L01,S3151L05,unrelated
S3162L01.jpg,S3151L07.jpg,S3162L01,S3151L07,unrelated
S3162L01.jpg,S3151R03.jpg,S3162L01,S3151R03,unrelated
S3162L01.jpg,S3151R01.jpg,S3162L01,S3151R01,unrelated
S3162L01.jpg,S3151R02.jpg,S3162L01,S3151R02,unrelated
S3162L01.jpg,S3152R04.jpg,S3162L01,S3152R04,unrelated
S3162L01.jpg,S3152R03.jpg,S3162L01,S3152R03,unrelated
S3162L01.jpg,S3152R02.jpg,S3162L01,S3152R02,unrelated
S3162L01.jpg,S3152R07.jpg,S3162L01,S3152R07,unrelated
S3162L01.jpg,S3181R04.jpg,S3162L01,S3181R04,unrelated
S3162L01.jpg,S3181R05.jpg,S3162L01,S3181R05,unrelated
S3162L01.jpg,S3182L01.jpg,S3162L01,S3182L01,unrelated
S3162L01.jpg,S3182R05.jpg,S3162L01,S3182R05,unrelated
S3162L01.jpg,S3182R06.jpg,S3162L01,S3182R06,unrelated
S3162L01.jpg,S3182R04.jpg,S3162L01,S3182R04,unrelated
S3162L01.jpg,S3182R03.jpg,S3162L01,S3182R03,unrelated
S3162L01.jpg,S3182R07.jpg,S3162L01,S3182R07,unrelated
S3162L01.jpg,S3141L03.jpg,S3162L01,S3141L03,unrelated
S3162L01.jpg,S3141R07.jpg,S3162L01,S3141R07,unrelated
S3162L01.jpg,S3141R10.jpg,S3162L01,S3141R10,unrelated
S3162L01.jpg,S3141R04.jpg,S3162L01,S3141R04,unrelated
S3162L01.jpg,S3141R06.jpg,S3162L01,S3141R06,unrelated
S3162L01.jpg,S3142L03.jpg,S3162L01,S3142L03,unrelated
S3162L01.jpg,S3142L02.jpg,S3162L01,S3142L02,unrelated
S3162L01.jpg,S3142L04.jpg,S3162L01,S3142L04,unrelated
S3162L01.jpg,S3142L07.jpg,S3162L01,S3142L07,unrelated
S3162L01.jpg,S3142R08.jpg,S3162L01,S3142R08,unrelated
S3162L01.jpg,S3142R07.jpg,S3162L01,S3142R07,unrelated
S3162L01.jpg,S3142R10.jpg,S3162L01,S3142R10,unrelated
S3162L01.jpg,S3142R09.jpg,S3162L01,S3142R09,unrelated
S3162L01.jpg,S3121L03.jpg,S3162L01,S3121L03,unrelated
S3162L01.jpg,S3121L02.jpg,S3162L01,S3121L02,unrelated
S3162L01.jpg,S3121L01.jpg,S3162L01,S3121L01,unrelated
S3162L01.jpg,S3121R04.jpg,S3162L01,S3121R04,unrelated
S3162L01.jpg,S3121R02.jpg,S3162L01,S3121R02,unrelated
S3162L01.jpg,S3121R01.jpg,S3162L01,S3121R01,unrelated
S3162L01.jpg,S3121R08.jpg,S3162L01,S3121R08,unrelated
S3162L01.jpg,S3121R07.jpg,S3162L01,S3121R07,unrelated
S3162L01.jpg,S3122L09.jpg,S3162L01,S3122L09,unrelated
S3162L01.jpg,S3122L07.jpg,S3162L01,S3122L07,unrelated
S3162L01.jpg,S3122L10.jpg,S3162L01,S3122L10,unrelated
S3162L01.jpg,S3122L01.jpg,S3162L01,S3122L01,unrelated
S3162L01.jpg,S3122L05.jpg,S3162L01,S3122L05,unrelated
S3162L01.jpg,S3122R02.jpg,S3162L01,S3122R02,unrelated
S3162L01.jpg,S3122R04.jpg,S3162L01,S3122R04,unrelated
S3162L01.jpg,S3122R03.jpg,S3162L01,S3122R03,unrelated
S3162L01.jpg,S3122R01.jpg,S3162L01,S3122R01,unrelated
S3162L01.jpg,S3051L07.jpg,S3162L01,S3051L07,unrelated
S3162L01.jpg,S3051L08.jpg,S3162L01,S3051L08,unrelated
S3162L01.jpg,S3051L10.jpg,S3162L01,S3051L10,unrelated
S3162L01.jpg,S3051L06.jpg,S3162L01,S3051L06,unrelated
S3162L01.jpg,S3051R01.jpg,S3162L01,S3051R01,unrelated
S3162L01.jpg,S3051R03.jpg,S3162L01,S3051R03,unrelated
S3162L01.jpg,S3052L01.jpg,S3162L01,S3052L01,unrelated
S3162L01.jpg,S3052L02.jpg,S3162L01,S3052L02,unrelated
S3162L01.jpg,S3052L03.jpg,S3162L01,S3052L03,unrelated
S3162L01.jpg,S3052R01.jpg,S3162L01,S3052R01,unrelated
S3162L01.jpg,S3011L07.jpg,S3162L01,S3011L07,unrelated
S3162L01.jpg,S3011R01.jpg,S3162L01,S3011R01,unrelated
S3162L01.jpg,S3011R02.jpg,S3162L01,S3011R02,unrelated
S3162L01.jpg,S3012L07.jpg,S3162L01,S3012L07,unrelated
S3162L01.jpg,S3012L02.jpg,S3162L01,S3012L02,unrelated
S3162L01.jpg,S3012R07.jpg,S3162L01,S3012R07,unrelated
S3162L02.jpg,S3162L04.jpg,S3162L02,S3162L04,genuine
S3162L02.jpg,S3162R09.jpg,S3162L02,S3162R09,same_subject_different_eye
S3162L02.jpg,S3162R06.jpg,S3162L02,S3162R06,same_subject_different_eye
S3162L02.jpg,S3162R10.jpg,S3162L02,S3162R10,same_subject_different_eye
S3162L02.jpg,S3162R08.jpg,S3162L02,S3162R08,same_subject_different_eye
S3162L02.jpg,S3162R07.jpg,S3162L02,S3162R07,same_subject_different_eye
S3162L02.jpg,S3131L08.jpg,S3162L02,S3131L08,unrelated
S3162L02.jpg,S3131L10.jpg,S3162L02,S3131L10,unrelated
S3162L02.jpg,S3131R04.jpg,S3162L02,S3131R04,unrelated
S3162L02.jpg,S3131R06.jpg,S3162L02,S3131R06,unrelated
S3162L02.jpg,S3131R05.jpg,S3162L02,S3131R05,unrelated
S3162L02.jpg,S3131R07.jpg,S3162L02,S3131R07,unrelated
S3162L02.jpg,S3132L09.jpg,S3162L02,S3132L09,unrelated
S3162L02.jpg,S3132L08.jpg,S3162L02,S3132L08,unrelated
S3162L02.jpg,S3132L05.jpg,S3162L02,S3132L05,unrelated
S3162L02.jpg,S3132L10.jpg,S3162L02,S3132L10,unrelated
S3162L02.jpg,S3132L04.jpg,S3162L02,S3132L04,unrelated
S3162L02.jpg,S3132R06.jpg,S3162L02,S3132R06,unrelated
S3162L02.jpg,S3132R07.jpg,S3162L02,S3132R07,unrelated
S3162L02.jpg,S3031L06.jpg,S3162L02,S3031L06,unrelated
S3162L02.jpg,S3031R09.jpg,S3162L02,S3031R09,unrelated
S3162L02.jpg,S3032L08.jpg,S3162L02,S3032L08,unrelated
S3162L02.jpg,S3032L10.jpg,S3162L02,S3032L10,unrelated
S3162L02.jpg,S3032L09.jpg,S3162L02,S3032L09,unrelated
S3162L02.jpg,S3032L05.jpg,S3162L02,S3032L05,unrelated
S3162L02.jpg,S3032L06.jpg,S3162L02,S3032L06,unrelated
S3162L02.jpg,S3032R10.jpg,S3162L02,S3032R10,unrelated
S3162L02.jpg,S3032R05.jpg,S3162L02,S3032R05,unrelated
S3162L02.jpg,S3032R04.jpg,S3162L02,S3032R04,unrelated
S3162L02.jpg,S3032R07.jpg,S3162L02,S3032R07,unrelated
S3162L02.jpg,S3032R06.jpg,S3162L02,S3032R06,unrelated
S3162L02.jpg,S3041L03.jpg,S3162L02,S3041L03,unrelated
S3162L02.jpg,S3041L06.jpg,S3162L02,S3041L06,unrelated
S3162L02.jpg,S3041L05.jpg,S3162L02,S3041L05,unrelated
S3162L02.jpg,S3041L04.jpg,S3162L02,S3041L04,unrelated
S3162L02.jpg,S3041R01.jpg,S3162L02,S3041R01,unrelated
S3162L02.jpg,S3042L08.jpg,S3162L02,S3042L08,unrelated
S3162L02.jpg,S3042R07.jpg,S3162L02,S3042R07,unrelated
S3162L02.jpg,S3042R08.jpg,S3162L02,S3042R08,unrelated
S3162L02.jpg,S3002L02.jpg,S3162L02,S3002L02,unrelated
S3162L02.jpg,S3082R05.jpg,S3162L02,S3082R05,unrelated
S3162L02.jpg,S3082R02.jpg,S3162L02,S3082R02,unrelated
S3162L02.jpg,S3082R06.jpg,S3162L02,S3082R06,unrelated
S3162L02.jpg,S3082R01.jpg,S3162L02,S3082R01,unrelated
S3162L02.jpg,S3082R04.jpg,S3162L02,S3082R04,unrelated
S3162L02.jpg,S3061L03.jpg,S3162L02,S3061L03,unrelated
S3162L02.jpg,S3061L02.jpg,S3162L02,S3061L02,unrelated
S3162L02.jpg,S3061R01.jpg,S3162L02,S3061R01,unrelated
S3162L02.jpg,S3061R04.jpg,S3162L02,S3061R04,unrelated
S3162L02.jpg,S3061R07.jpg,S3162L02,S3061R07,unrelated
S3162L02.jpg,S3061R08.jpg,S3162L02,S3061R08,unrelated
S3162L02.jpg,S3062L03.jpg,S3162L02,S3062L03,unrelated
S3162L02.jpg,S3062L05.jpg,S3162L02,S3062L05,unrelated
S3162L02.jpg,S3062L07.jpg,S3162L02,S3062L07,unrelated
S3162L02.jpg,S3062L06.jpg,S3162L02,S3062L06,unrelated
S3162L02.jpg,S3062L04.jpg,S3162L02,S3062L04,unrelated
S3162L02.jpg,S3062R02.jpg,S3162L02,S3062R02,unrelated
S3162L02.jpg,S3062R09.jpg,S3162L02,S3062R09,unrelated
S3162L02.jpg,S3062R10.jpg,S3162L02,S3062R10,unrelated
S3162L02.jpg,S3062R07.jpg,S3162L02,S3062R07,unrelated
S3162L02.jpg,S3062R08.jpg,S3162L02,S3062R08,unrelated
S3162L02.jpg,S3021L04.jpg,S3162L02,S3021L04,unrelated
S3162L02.jpg,S3021L03.jpg,S3162L02,S3021L03,unrelated
S3162L02.jpg,S3021L06.jpg,S3162L02,S3021L06,unrelated
S3162L02.jpg,S3021L02.jpg,S3162L02,S3021L02,unrelated
S3162L02.jpg,S3021L01.jpg,S3162L02,S3021L01,unrelated
S3162L02.jpg,S3021R09.jpg,S3162L02,S3021R09,unrelated
S3162L02.jpg,S3021R01.jpg,S3162L02,S3021R01,unrelated
S3162L02.jpg,S3021R02.jpg,S3162L02,S3021R02,unrelated
S3162L02.jpg,S3021R07.jpg,S3162L02,S3021R07,unrelated
S3162L02.jpg,S3021R06.jpg,S3162L02,S3021R06,unrelated
S3162L02.jpg,S3022L01.jpg,S3162L02,S3022L01,unrelated
S3162L02.jpg,S3022R01.jpg,S3162L02,S3022R01,unrelated
S3162L02.jpg,S3022R02.jpg,S3162L02,S3022R02,unrelated
S3162L02.jpg,S3101L08.jpg,S3162L02,S3101L08,unrelated
S3162L02.jpg,S3101L04.jpg,S3162L02,S3101L04,unrelated
S3162L02.jpg,S3101L02.jpg,S3162L02,S3101L02,unrelated
S3162L02.jpg,S3101L09.jpg,S3162L02,S3101L09,unrelated
S3162L02.jpg,S3101L10.jpg,S3162L02,S3101L10,unrelated
S3162L02.jpg,S3101R07.jpg,S3162L02,S3101R07,unrelated
S3162L02.jpg,S3101R04.jpg,S3162L02,S3101R04,unrelated
S3162L02.jpg,S3101R03.jpg,S3162L02,S3101R03,unrelated
S3162L02.jpg,S3101R02.jpg,S3162L02,S3101R02,unrelated
S3162L02.jpg,S3101R05.jpg,S3162L02,S3101R05,unrelated
S3162L02.jpg,S3102L10.jpg,S3162L02,S3102L10,unrelated
S3162L02.jpg,S3102L09.jpg,S3162L02,S3102L09,unrelated
S3162L02.jpg,S3102L01.jpg,S3162L02,S3102L01,unrelated
S3162L02.jpg,S3102L07.jpg,S3162L02,S3102L07,unrelated
S3162L02.jpg,S3102L06.jpg,S3162L02,S3102L06,unrelated
S3162L02.jpg,S3102R07.jpg,S3162L02,S3102R07,unrelated
S3162L02.jpg,S3102R08.jpg,S3162L02,S3102R08,unrelated
S3162L02.jpg,S3102R02.jpg,S3162L02,S3102R02,unrelated
S3162L02.jpg,S3102R06.jpg,S3162L02,S3102R06,unrelated
S3162L02.jpg,S3102R09.jpg,S3162L02,S3102R09,unrelated
S3162L02.jpg,S3151L06.jpg,S3162L02,S3151L06,unrelated
S3162L02.jpg,S3151L04.jpg,S3162L02,S3151L04,unrelated
S3162L02.jpg,S3151L03.jpg,S3162L02,S3151L03,unrelated
S3162L02.jpg,S3151L05.jpg,S3162L02,S3151L05,unrelated
S3162L02.jpg,S3151L07.jpg,S3162L02,S3151L07,unrelated
S3162L02.jpg,S3151R03.jpg,S3162L02,S3151R03,unrelated
S3162L02.jpg,S3151R01.jpg,S3162L02,S3151R01,unrelated
S3162L02.jpg,S3151R02.jpg,S3162L02,S3151R02,unrelated
S3162L02.jpg,S3152R04.jpg,S3162L02,S3152R04,unrelated
S3162L02.jpg,S3152R03.jpg,S3162L02,S3152R03,unrelated
S3162L02.jpg,S3152R02.jpg,S3162L02,S3152R02,unrelated
S3162L02.jpg,S3152R07.jpg,S3162L02,S3152R07,unrelated
S3162L02.jpg,S3181R04.jpg,S3162L02,S3181R04,unrelated
S3162L02.jpg,S3181R05.jpg,S3162L02,S3181R05,unrelated
S3162L02.jpg,S3182L01.jpg,S3162L02,S3182L01,unrelated
S3162L02.jpg,S3182R05.jpg,S3162L02,S3182R05,unrelated
S3162L02.jpg,S3182R06.jpg,S3162L02,S3182R06,unrelated
S3162L02.jpg,S3182R04.jpg,S3162L02,S3182R04,unrelated
S3162L02.jpg,S3182R03.jpg,S3162L02,S3182R03,unrelated
S3162L02.jpg,S3182R07.jpg,S3162L02,S3182R07,unrelated
S3162L02.jpg,S3141L03.jpg,S3162L02,S3141L03,unrelated
S3162L02.jpg,S3141R07.jpg,S3162L02,S3141R07,unrelated
S3162L02.jpg,S3141R10.jpg,S3162L02,S3141R10,unrelated
S3162L02.jpg,S3141R04.jpg,S3162L02,S3141R04,unrelated
S3162L02.jpg,S3141R06.jpg,S3162L02,S3141R06,unrelated
S3162L02.jpg,S3142L03.jpg,S3162L02,S3142L03,unrelated
S3162L02.jpg,S3142L02.jpg,S3162L02,S3142L02,unrelated
S3162L02.jpg,S3142L04.jpg,S3162L02,S3142L04,unrelated
S3162L02.jpg,S3142L07.jpg,S3162L02,S3142L07,unrelated
S3162L02.jpg,S3142R08.jpg,S3162L02,S3142R08,unrelated
S3162L02.jpg,S3142R07.jpg,S3162L02,S3142R07,unrelated
S3162L02.jpg,S3142R10.jpg,S3162L02,S3142R10,unrelated
S3162L02.jpg,S3142R09.jpg,S3162L02,S3142R09,unrelated
S3162L02.jpg,S3121L03.jpg,S3162L02,S3121L03,unrelated
S3162L02.jpg,S3121L02.jpg,S3162L02,S3121L02,unrelated
S3162L02.jpg,S3121L01.jpg,S3162L02,S3121L01,unrelated
S3162L02.jpg,S3121R04.jpg,S3162L02,S3121R04,unrelated
S3162L02.jpg,S3121R02.jpg,S3162L02,S3121R02,unrelated
S3162L02.jpg,S3121R01.jpg,S3162L02,S3121R01,unrelated
S3162L02.jpg,S3121R08.jpg,S3162L02,S3121R08,unrelated
S3162L02.jpg,S3121R07.jpg,S3162L02,S3121R07,unrelated
S3162L02.jpg,S3122L09.jpg,S3162L02,S3122L09,unrelated
S3162L02.jpg,S3122L07.jpg,S3162L02,S3122L07,unrelated
S3162L02.jpg,S3122L10.jpg,S3162L02,S3122L10,unrelated
S3162L02.jpg,S3122L01.jpg,S3162L02,S3122L01,unrelated
S3162L02.jpg,S3122L05.jpg,S3162L02,S3122L05,unrelated
S3162L02.jpg,S3122R02.jpg,S3162L02,S3122R02,unrelated
S3162L02.jpg,S3122R04.jpg,S3162L02,S3122R04,unrelated
S3162L02.jpg,S3122R03.jpg,S3162L02,S3122R03,unrelated
S3162L02.jpg,S3122R01.jpg,S3162L02,S3122R01,unrelated
S3162L02.jpg,S3051L07.jpg,S3162L02,S3051L07,unrelated
S3162L02.jpg,S3051L08.jpg,S3162L02,S3051L08,unrelated
S3162L02.jpg,S3051L10.jpg,S3162L02,S3051L10,unrelated
S3162L02.jpg,S3051L06.jpg,S3162L02,S3051L06,unrelated
S3162L02.jpg,S3051R01.jpg,S3162L02,S3051R01,unrelated
S3162L02.jpg,S3051R03.jpg,S3162L02,S3051R03,unrelated
S3162L02.jpg,S3052L01.jpg,S3162L02,S3052L01,unrelated
S3162L02.jpg,S3052L02.jpg,S3162L02,S3052L02,unrelated
S3162L02.jpg,S3052L03.jpg,S3162L02,S3052L03,unrelated
S3162L02.jpg,S3052R01.jpg,S3162L02,S3052R01,unrelated
S3162L02.jpg,S3011L07.jpg,S3162L02,S3011L07,unrelated
S3162L02.jpg,S3011R01.jpg,S3162L02,S3011R01,unrelated
S3162L02.jpg,S3011R02.jpg,S3162L02,S3011R02,unrelated
S3162L02.jpg,S3012L07.jpg,S3162L02,S3012L07,unrelated
S3162L02.jpg,S3012L02.jpg,S3162L02,S3012L02,unrelated
S3162L02.jpg,S3012R07.jpg,S3162L02,S3012R07,unrelated
S3162L04.jpg,S3162R09.jpg,S3162L04,S3162R09,same_subject_different_eye
S3162L04.jpg,S3162R06.jpg,S3162L04,S3162R06,same_subject_different_eye
S3162L04.jpg,S3162R10.jpg,S3162L04,S3162R10,same_subject_different_eye
S3162L04.jpg,S3162R08.jpg,S3162L04,S3162R08,same_subject_different_eye
S3162L04.jpg,S3162R07.jpg,S3162L04,S3162R07,same_subject_different_eye
S3162L04.jpg,S3131L08.jpg,S3162L04,S3131L08,unrelated
S3162L04.jpg,S3131L10.jpg,S3162L04,S3131L10,unrelated
S3162L04.jpg,S3131R04.jpg,S3162L04,S3131R04,unrelated
S3162L04.jpg,S3131R06.jpg,S3162L04,S3131R06,unrelated
S3162L04.jpg,S3131R05.jpg,S3162L04,S3131R05,unrelated
S3162L04.jpg,S3131R07.jpg,S3162L04,S3131R07,unrelated
S3162L04.jpg,S3132L09.jpg,S3162L04,S3132L09,unrelated
S3162L04.jpg,S3132L08.jpg,S3162L04,S3132L08,unrelated
S3162L04.jpg,S3132L05.jpg,S3162L04,S3132L05,unrelated
S3162L04.jpg,S3132L10.jpg,S3162L04,S3132L10,unrelated
S3162L04.jpg,S3132L04.jpg,S3162L04,S3132L04,unrelated
S3162L04.jpg,S3132R06.jpg,S3162L04,S3132R06,unrelated
S3162L04.jpg,S3132R07.jpg,S3162L04,S3132R07,unrelated
S3162L04.jpg,S3031L06.jpg,S3162L04,S3031L06,unrelated
S3162L04.jpg,S3031R09.jpg,S3162L04,S3031R09,unrelated
S3162L04.jpg,S3032L08.jpg,S3162L04,S3032L08,unrelated
S3162L04.jpg,S3032L10.jpg,S3162L04,S3032L10,unrelated
S3162L04.jpg,S3032L09.jpg,S3162L04,S3032L09,unrelated
S3162L04.jpg,S3032L05.jpg,S3162L04,S3032L05,unrelated
S3162L04.jpg,S3032L06.jpg,S3162L04,S3032L06,unrelated
S3162L04.jpg,S3032R10.jpg,S3162L04,S3032R10,unrelated
S3162L04.jpg,S3032R05.jpg,S3162L04,S3032R05,unrelated
S3162L04.jpg,S3032R04.jpg,S3162L04,S3032R04,unrelated
S3162L04.jpg,S3032R07.jpg,S3162L04,S3032R07,unrelated
S3162L04.jpg,S3032R06.jpg,S3162L04,S3032R06,unrelated
S3162L04.jpg,S3041L03.jpg,S3162L04,S3041L03,unrelated
S3162L04.jpg,S3041L06.jpg,S3162L04,S3041L06,unrelated
S3162L04.jpg,S3041L05.jpg,S3162L04,S3041L05,unrelated
S3162L04.jpg,S3041L04.jpg,S3162L04,S3041L04,unrelated
S3162L04.jpg,S3041R01.jpg,S3162L04,S3041R01,unrelated
S3162L04.jpg,S3042L08.jpg,S3162L04,S3042L08,unrelated
S3162L04.jpg,S3042R07.jpg,S3162L04,S3042R07,unrelated
S3162L04.jpg,S3042R08.jpg,S3162L04,S3042R08,unrelated
S3162L04.jpg,S3002L02.jpg,S3162L04,S3002L02,unrelated
S3162L04.jpg,S3082R05.jpg,S3162L04,S3082R05,unrelated
S3162L04.jpg,S3082R02.jpg,S3162L04,S3082R02,unrelated
S3162L04.jpg,S3082R06.jpg,S3162L04,S3082R06,unrelated
S3162L04.jpg,S3082R01.jpg,S3162L04,S3082R01,unrelated
S3162L04.jpg,S3082R04.jpg,S3162L04,S3082R04,unrelated
S3162L04.jpg,S3061L03.jpg,S3162L04,S3061L03,unrelated
S3162L04.jpg,S3061L02.jpg,S3162L04,S3061L02,unrelated
S3162L04.jpg,S3061R01.jpg,S3162L04,S3061R01,unrelated
S3162L04.jpg,S3061R04.jpg,S3162L04,S3061R04,unrelated
S3162L04.jpg,S3061R07.jpg,S3162L04,S3061R07,unrelated
S3162L04.jpg,S3061R08.jpg,S3162L04,S3061R08,unrelated
S3162L04.jpg,S3062L03.jpg,S3162L04,S3062L03,unrelated
S3162L04.jpg,S3062L05.jpg,S3162L04,S3062L05,unrelated
S3162L04.jpg,S3062L07.jpg,S3162L04,S3062L07,unrelated
S3162L04.jpg,S3062L06.jpg,S3162L04,S3062L06,unrelated
S3162L04.jpg,S3062L04.jpg,S3162L04,S3062L04,unrelated
S3162L04.jpg,S3062R02.jpg,S3162L04,S3062R02,unrelated
S3162L04.jpg,S3062R09.jpg,S3162L04,S3062R09,unrelated
S3162L04.jpg,S3062R10.jpg,S3162L04,S3062R10,unrelated
S3162L04.jpg,S3062R07.jpg,S3162L04,S3062R07,unrelated
S3162L04.jpg,S3062R08.jpg,S3162L04,S3062R08,unrelated
S3162L04.jpg,S3021L04.jpg,S3162L04,S3021L04,unrelated
S3162L04.jpg,S3021L03.jpg,S3162L04,S3021L03,unrelated
S3162L04.jpg,S3021L06.jpg,S3162L04,S3021L06,unrelated
S3162L04.jpg,S3021L02.jpg,S3162L04,S3021L02,unrelated
S3162L04.jpg,S3021L01.jpg,S3162L04,S3021L01,unrelated
S3162L04.jpg,S3021R09.jpg,S3162L04,S3021R09,unrelated
S3162L04.jpg,S3021R01.jpg,S3162L04,S3021R01,unrelated
S3162L04.jpg,S3021R02.jpg,S3162L04,S3021R02,unrelated
S3162L04.jpg,S3021R07.jpg,S3162L04,S3021R07,unrelated
S3162L04.jpg,S3021R06.jpg,S3162L04,S3021R06,unrelated
S3162L04.jpg,S3022L01.jpg,S3162L04,S3022L01,unrelated
S3162L04.jpg,S3022R01.jpg,S3162L04,S3022R01,unrelated
S3162L04.jpg,S3022R02.jpg,S3162L04,S3022R02,unrelated
S3162L04.jpg,S3101L08.jpg,S3162L04,S3101L08,unrelated
S3162L04.jpg,S3101L04.jpg,S3162L04,S3101L04,unrelated
S3162L04.jpg,S3101L02.jpg,S3162L04,S3101L02,unrelated
S3162L04.jpg,S3101L09.jpg,S3162L04,S3101L09,unrelated
S3162L04.jpg,S3101L10.jpg,S3162L04,S3101L10,unrelated
S3162L04.jpg,S3101R07.jpg,S3162L04,S3101R07,unrelated
S3162L04.jpg,S3101R04.jpg,S3162L04,S3101R04,unrelated
S3162L04.jpg,S3101R03.jpg,S3162L04,S3101R03,unrelated
S3162L04.jpg,S3101R02.jpg,S3162L04,S3101R02,unrelated
S3162L04.jpg,S3101R05.jpg,S3162L04,S3101R05,unrelated
S3162L04.jpg,S3102L10.jpg,S3162L04,S3102L10,unrelated
S3162L04.jpg,S3102L09.jpg,S3162L04,S3102L09,unrelated
S3162L04.jpg,S3102L01.jpg,S3162L04,S3102L01,unrelated
S3162L04.jpg,S3102L07.jpg,S3162L04,S3102L07,unrelated
S3162L04.jpg,S3102L06.jpg,S3162L04,S3102L06,unrelated
S3162L04.jpg,S3102R07.jpg,S3162L04,S3102R07,unrelated
S3162L04.jpg,S3102R08.jpg,S3162L04,S3102R08,unrelated
S3162L04.jpg,S3102R02.jpg,S3162L04,S3102R02,unrelated
S3162L04.jpg,S3102R06.jpg,S3162L04,S3102R06,unrelated
S3162L04.jpg,S3102R09.jpg,S3162L04,S3102R09,unrelated
S3162L04.jpg,S3151L06.jpg,S3162L04,S3151L06,unrelated
S3162L04.jpg,S3151L04.jpg,S3162L04,S3151L04,unrelated
S3162L04.jpg,S3151L03.jpg,S3162L04,S3151L03,unrelated
S3162L04.jpg,S3151L05.jpg,S3162L04,S3151L05,unrelated
S3162L04.jpg,S3151L07.jpg,S3162L04,S3151L07,unrelated
S3162L04.jpg,S3151R03.jpg,S3162L04,S3151R03,unrelated
S3162L04.jpg,S3151R01.jpg,S3162L04,S3151R01,unrelated
S3162L04.jpg,S3151R02.jpg,S3162L04,S3151R02,unrelated
S3162L04.jpg,S3152R04.jpg,S3162L04,S3152R04,unrelated
S3162L04.jpg,S3152R03.jpg,S3162L04,S3152R03,unrelated
S3162L04.jpg,S3152R02.jpg,S3162L04,S3152R02,unrelated
S3162L04.jpg,S3152R07.jpg,S3162L04,S3152R07,unrelated
S3162L04.jpg,S3181R04.jpg,S3162L04,S3181R04,unrelated
S3162L04.jpg,S3181R05.jpg,S3162L04,S3181R05,unrelated
S3162L04.jpg,S3182L01.jpg,S3162L04,S3182L01,unrelated
S3162L04.jpg,S3182R05.jpg,S3162L04,S3182R05,unrelated
S3162L04.jpg,S3182R06.jpg,S3162L04,S3182R06,unrelated
S3162L04.jpg,S3182R04.jpg,S3162L04,S3182R04,unrelated
S3162L04.jpg,S3182R03.jpg,S3162L04,S3182R03,unrelated
S3162L04.jpg,S3182R07.jpg,S3162L04,S3182R07,unrelated
S3162L04.jpg,S3141L03.jpg,S3162L04,S3141L03,unrelated
S3162L04.jpg,S3141R07.jpg,S3162L04,S3141R07,unrelated
S3162L04.jpg,S3141R10.jpg,S3162L04,S3141R10,unrelated
S3162L04.jpg,S3141R04.jpg,S3162L04,S3141R04,unrelated
S3162L04.jpg,S3141R06.jpg,S3162L04,S3141R06,unrelated
S3162L04.jpg,S3142L03.jpg,S3162L04,S3142L03,unrelated
S3162L04.jpg,S3142L02.jpg,S3162L04,S3142L02,unrelated
S3162L04.jpg,S3142L04.jpg,S3162L04,S3142L04,unrelated
S3162L04.jpg,S3142L07.jpg,S3162L04,S3142L07,unrelated
S3162L04.jpg,S3142R08.jpg,S3162L04,S3142R08,unrelated
S3162L04.jpg,S3142R07.jpg,S3162L04,S3142R07,unrelated
S3162L04.jpg,S3142R10.jpg,S3162L04,S3142R10,unrelated
S3162L04.jpg,S3142R09.jpg,S3162L04,S3142R09,unrelated
S3162L04.jpg,S3121L03.jpg,S3162L04,S3121L03,unrelated
S3162L04.jpg,S3121L02.jpg,S3162L04,S3121L02,unrelated
S3162L04.jpg,S3121L01.jpg,S3162L04,S3121L01,unrelated
S3162L04.jpg,S3121R04.jpg,S3162L04,S3121R04,unrelated
S3162L04.jpg,S3121R02.jpg,S3162L04,S3121R02,unrelated
S3162L04.jpg,S3121R01.jpg,S3162L04,S3121R01,unrelated
S3162L04.jpg,S3121R08.jpg,S3162L04,S3121R08,unrelated
S3162L04.jpg,S3121R07.jpg,S3162L04,S3121R07,unrelated
S3162L04.jpg,S3122L09.jpg,S3162L04,S3122L09,unrelated
S3162L04.jpg,S3122L07.jpg,S3162L04,S3122L07,unrelated
S3162L04.jpg,S3122L10.jpg,S3162L04,S3122L10,unrelated
S3162L04.jpg,S3122L01.jpg,S3162L04,S3122L01,unrelated
S3162L04.jpg,S3122L05.jpg,S3162L04,S3122L05,unrelated
S3162L04.jpg,S3122R02.jpg,S3162L04,S3122R02,unrelated
S3162L04.jpg,S3122R04.jpg,S3162L04,S3122R04,unrelated
S3162L04.jpg,S3122R03.jpg,S3162L04,S3122R03,unrelated
S3162L04.jpg,S3122R01.jpg,S3162L04,S3122R01,unrelated
S3162L04.jpg,S3051L07.jpg,S3162L04,S3051L07,unrelated
S3162L04.jpg,S3051L08.jpg,S3162L04,S3051L08,unrelated
S3162L04.jpg,S3051L10.jpg,S3162L04,S3051L10,unrelated
S3162L04.jpg,S3051L06.jpg,S3162L04,S3051L06,unrelated
S3162L04.jpg,S3051R01.jpg,S3162L04,S3051R01,unrelated
S3162L04.jpg,S3051R03.jpg,S3162L04,S3051R03,unrelated
S3162L04.jpg,S3052L01.jpg,S3162L04,S3052L01,unrelated
S3162L04.jpg,S3052L02.jpg,S3162L04,S3052L02,unrelated
S3162L04.jpg,S3052L03.jpg,S3162L04,S3052L03,unrelated
S3162L04.jpg,S3052R01.jpg,S3162L04,S3052R01,unrelated
S3162L04.jpg,S3011L07.jpg,S3162L04,S3011L07,unrelated
S3162L04.jpg,S3011R01.jpg,S3162L04,S3011R01,unrelated
S3162L04.jpg,S3011R02.jpg,S3162L04,S3011R02,unrelated
S3162L04.jpg,S3012L07.jpg,S3162L04,S3012L07,unrelated
S3162L04.jpg,S3012L02.jpg,S3162L04,S3012L02,unrelated
S3162L04.jpg,S3012R07.jpg,S3162L04,S3012R07,unrelated
S3162R09.jpg,S3162R06.jpg,S3162R09,S3162R06,genuine
S3162R09.jpg,S3162R10.jpg,S3162R09,S3162R10,genuine
S3162R09.jpg,S3162R08.jpg,S3162R09,S3162R08,genuine
S3162R09.jpg,S3162R07.jpg,S3162R09,S3162R07,genuine
S3162R09.jpg,S3131L08.jpg,S3162R09,S3131L08,unrelated
S3162R09.jpg,S3131L10.jpg,S3162R09,S3131L10,unrelated
S3162R09.jpg,S3131R04.jpg,S3162R09,S3131R04,unrelated
S3162R09.jpg,S3131R06.jpg,S3162R09,S3131R06,unrelated
S3162R09.jpg,S3131R05.jpg,S3162R09,S3131R05,unrelated
S3162R09.jpg,S3131R07.jpg,S3162R09,S3131R07,unrelated
S3162R09.jpg,S3132L09.jpg,S3162R09,S3132L09,unrelated
S3162R09.jpg,S3132L08.jpg,S3162R09,S3132L08,unrelated
S3162R09.jpg,S3132L05.jpg,S3162R09,S3132L05,unrelated
S3162R09.jpg,S3132L10.jpg,S3162R09,S3132L10,unrelated
S3162R09.jpg,S3132L04.jpg,S3162R09,S3132L04,unrelated
S3162R09.jpg,S3132R06.jpg,S3162R09,S3132R06,unrelated
S3162R09.jpg,S3132R07.jpg,S3162R09,S3132R07,unrelated
S3162R09.jpg,S3031L06.jpg,S3162R09,S3031L06,unrelated
S3162R09.jpg,S3031R09.jpg,S3162R09,S3031R09,unrelated
S3162R09.jpg,S3032L08.jpg,S3162R09,S3032L08,unrelated
S3162R09.jpg,S3032L10.jpg,S3162R09,S3032L10,unrelated
S3162R09.jpg,S3032L09.jpg,S3162R09,S3032L09,unrelated
S3162R09.jpg,S3032L05.jpg,S3162R09,S3032L05,unrelated
S3162R09.jpg,S3032L06.jpg,S3162R09,S3032L06,unrelated
S3162R09.jpg,S3032R10.jpg,S3162R09,S3032R10,unrelated
S3162R09.jpg,S3032R05.jpg,S3162R09,S3032R05,unrelated
S3162R09.jpg,S3032R04.jpg,S3162R09,S3032R04,unrelated
S3162R09.jpg,S3032R07.jpg,S3162R09,S3032R07,unrelated
S3162R09.jpg,S3032R06.jpg,S3162R09,S3032R06,unrelated
S3162R09.jpg,S3041L03.jpg,S3162R09,S3041L03,unrelated
S3162R09.jpg,S3041L06.jpg,S3162R09,S3041L06,unrelated
S3162R09.jpg,S3041L05.jpg,S3162R09,S3041L05,unrelated
S3162R09.jpg,S3041L04.jpg,S3162R09,S3041L04,unrelated
S3162R09.jpg,S3041R01.jpg,S3162R09,S3041R01,unrelated
S3162R09.jpg,S3042L08.jpg,S3162R09,S3042L08,unrelated
S3162R09.jpg,S3042R07.jpg,S3162R09,S3042R07,unrelated
S3162R09.jpg,S3042R08.jpg,S3162R09,S3042R08,unrelated
S3162R09.jpg,S3002L02.jpg,S3162R09,S3002L02,unrelated
S3162R09.jpg,S3082R05.jpg,S3162R09,S3082R05,unrelated
S3162R09.jpg,S3082R02.jpg,S3162R09,S3082R02,unrelated
S3162R09.jpg,S3082R06.jpg,S3162R09,S3082R06,unrelated
S3162R09.jpg,S3082R01.jpg,S3162R09,S3082R01,unrelated
S3162R09.jpg,S3082R04.jpg,S3162R09,S3082R04,unrelated
S3162R09.jpg,S3061L03.jpg,S3162R09,S3061L03,unrelated
S3162R09.jpg,S3061L02.jpg,S3162R09,S3061L02,unrelated
S3162R09.jpg,S3061R01.jpg,S3162R09,S3061R01,unrelated
S3162R09.jpg,S3061R04.jpg,S3162R09,S3061R04,unrelated
S3162R09.jpg,S3061R07.jpg,S3162R09,S3061R07,unrelated
S3162R09.jpg,S3061R08.jpg,S3162R09,S3061R08,unrelated
S3162R09.jpg,S3062L03.jpg,S3162R09,S3062L03,unrelated
S3162R09.jpg,S3062L05.jpg,S3162R09,S3062L05,unrelated
S3162R09.jpg,S3062L07.jpg,S3162R09,S3062L07,unrelated
S3162R09.jpg,S3062L06.jpg,S3162R09,S3062L06,unrelated
S3162R09.jpg,S3062L04.jpg,S3162R09,S3062L04,unrelated
S3162R09.jpg,S3062R02.jpg,S3162R09,S3062R02,unrelated
S3162R09.jpg,S3062R09.jpg,S3162R09,S3062R09,unrelated
S3162R09.jpg,S3062R10.jpg,S3162R09,S3062R10,unrelated
S3162R09.jpg,S3062R07.jpg,S3162R09,S3062R07,unrelated
S3162R09.jpg,S3062R08.jpg,S3162R09,S3062R08,unrelated
S3162R09.jpg,S3021L04.jpg,S3162R09,S3021L04,unrelated
S3162R09.jpg,S3021L03.jpg,S3162R09,S3021L03,unrelated
S3162R09.jpg,S3021L06.jpg,S3162R09,S3021L06,unrelated
S3162R09.jpg,S3021L02.jpg,S3162R09,S3021L02,unrelated
S3162R09.jpg,S3021L01.jpg,S3162R09,S3021L01,unrelated
S3162R09.jpg,S3021R09.jpg,S3162R09,S3021R09,unrelated
S3162R09.jpg,S3021R01.jpg,S3162R09,S3021R01,unrelated
S3162R09.jpg,S3021R02.jpg,S3162R09,S3021R02,unrelated
S3162R09.jpg,S3021R07.jpg,S3162R09,S3021R07,unrelated
S3162R09.jpg,S3021R06.jpg,S3162R09,S3021R06,unrelated
S3162R09.jpg,S3022L01.jpg,S3162R09,S3022L01,unrelated
S3162R09.jpg,S3022R01.jpg,S3162R09,S3022R01,unrelated
S3162R09.jpg,S3022R02.jpg,S3162R09,S3022R02,unrelated
S3162R09.jpg,S3101L08.jpg,S3162R09,S3101L08,unrelated
S3162R09.jpg,S3101L04.jpg,S3162R09,S3101L04,unrelated
S3162R09.jpg,S3101L02.jpg,S3162R09,S3101L02,unrelated
S3162R09.jpg,S3101L09.jpg,S3162R09,S3101L09,unrelated
S3162R09.jpg,S3101L10.jpg,S3162R09,S3101L10,unrelated
S3162R09.jpg,S3101R07.jpg,S3162R09,S3101R07,unrelated
S3162R09.jpg,S3101R04.jpg,S3162R09,S3101R04,unrelated
S3162R09.jpg,S3101R03.jpg,S3162R09,S3101R03,unrelated
S3162R09.jpg,S3101R02.jpg,S3162R09,S3101R02,unrelated
S3162R09.jpg,S3101R05.jpg,S3162R09,S3101R05,unrelated
S3162R09.jpg,S3102L10.jpg,S3162R09,S3102L10,unrelated
S3162R09.jpg,S3102L09.jpg,S3162R09,S3102L09,unrelated
S3162R09.jpg,S3102L01.jpg,S3162R09,S3102L01,unrelated
S3162R09.jpg,S3102L07.jpg,S3162R09,S3102L07,unrelated
S3162R09.jpg,S3102L06.jpg,S3162R09,S3102L06,unrelated
S3162R09.jpg,S3102R07.jpg,S3162R09,S3102R07,unrelated
S3162R09.jpg,S3102R08.jpg,S3162R09,S3102R08,unrelated
S3162R09.jpg,S3102R02.jpg,S3162R09,S3102R02,unrelated
S3162R09.jpg,S3102R06.jpg,S3162R09,S3102R06,unrelated
S3162R09.jpg,S3102R09.jpg,S3162R09,S3102R09,unrelated
S3162R09.jpg,S3151L06.jpg,S3162R09,S3151L06,unrelated
S3162R09.jpg,S3151L04.jpg,S3162R09,S3151L04,unrelated
S3162R09.jpg,S3151L03.jpg,S3162R09,S3151L03,unrelated
S3162R09.jpg,S3151L05.jpg,S3162R09,S3151L05,unrelated
S3162R09.jpg,S3151L07.jpg,S3162R09,S3151L07,unrelated
S3162R09.jpg,S3151R03.jpg,S3162R09,S3151R03,unrelated
S3162R09.jpg,S3151R01.jpg,S3162R09,S3151R01,unrelated
S3162R09.jpg,S3151R02.jpg,S3162R09,S3151R02,unrelated
S3162R09.jpg,S3152R04.jpg,S3162R09,S3152R04,unrelated
S3162R09.jpg,S3152R03.jpg,S3162R09,S3152R03,unrelated
S3162R09.jpg,S3152R02.jpg,S3162R09,S3152R02,unrelated
S3162R09.jpg,S3152R07.jpg,S3162R09,S3152R07,unrelated
S3162R09.jpg,S3181R04.jpg,S3162R09,S3181R04,unrelated
S3162R09.jpg,S3181R05.jpg,S3162R09,S3181R05,unrelated
S3162R09.jpg,S3182L01.jpg,S3162R09,S3182L01,unrelated
S3162R09.jpg,S3182R05.jpg,S3162R09,S3182R05,unrelated
S3162R09.jpg,S3182R06.jpg,S3162R09,S3182R06,unrelated
S3162R09.jpg,S3182R04.jpg,S3162R09,S3182R04,unrelated
S3162R09.jpg,S3182R03.jpg,S3162R09,S3182R03,unrelated
S3162R09.jpg,S3182R07.jpg,S3162R09,S3182R07,unrelated
S3162R09.jpg,S3141L03.jpg,S3162R09,S3141L03,unrelated
S3162R09.jpg,S3141R07.jpg,S3162R09,S3141R07,unrelated
S3162R09.jpg,S3141R10.jpg,S3162R09,S3141R10,unrelated
S3162R09.jpg,S3141R04.jpg,S3162R09,S3141R04,unrelated
S3162R09.jpg,S3141R06.jpg,S3162R09,S3141R06,unrelated
S3162R09.jpg,S3142L03.jpg,S3162R09,S3142L03,unrelated
S3162R09.jpg,S3142L02.jpg,S3162R09,S3142L02,unrelated
S3162R09.jpg,S3142L04.jpg,S3162R09,S3142L04,unrelated
S3162R09.jpg,S3142L07.jpg,S3162R09,S3142L07,unrelated
S3162R09.jpg,S3142R08.jpg,S3162R09,S3142R08,unrelated
S3162R09.jpg,S3142R07.jpg,S3162R09,S3142R07,unrelated
S3162R09.jpg,S3142R10.jpg,S3162R09,S3142R10,unrelated
S3162R09.jpg,S3142R09.jpg,S3162R09,S3142R09,unrelated
S3162R09.jpg,S3121L03.jpg,S3162R09,S3121L03,unrelated
S3162R09.jpg,S3121L02.jpg,S3162R09,S3121L02,unrelated
S3162R09.jpg,S3121L01.jpg,S3162R09,S3121L01,unrelated
S3162R09.jpg,S3121R04.jpg,S3162R09,S3121R04,unrelated
S3162R09.jpg,S3121R02.jpg,S3162R09,S3121R02,unrelated
S3162R09.jpg,S3121R01.jpg,S3162R09,S3121R01,unrelated
S3162R09.jpg,S3121R08.jpg,S3162R09,S3121R08,unrelated
S3162R09.jpg,S3121R07.jpg,S3162R09,S3121R07,unrelated
S3162R09.jpg,S3122L09.jpg,S3162R09,S3122L09,unrelated
S3162R09.jpg,S3122L07.jpg,S3162R09,S3122L07,unrelated
S3162R09.jpg,S3122L10.jpg,S3162R09,S3122L10,unrelated
S3162R09.jpg,S3122L01.jpg,S3162R09,S3122L01,unrelated
S3162R09.jpg,S3122L05.jpg,S3162R09,S3122L05,unrelated
S3162R09.jpg,S3122R02.jpg,S3162R09,S3122R02,unrelated
S3162R09.jpg,S3122R04.jpg,S3162R09,S3122R04,unrelated
S3162R09.jpg,S3122R03.jpg,S3162R09,S3122R03,unrelated
S3162R09.jpg,S3122R01.jpg,S3162R09,S3122R01,unrelated
S3162R09.jpg,S3051L07.jpg,S3162R09,S3051L07,unrelated
S3162R09.jpg,S3051L08.jpg,S3162R09,S3051L08,unrelated
S3162R09.jpg,S3051L10.jpg,S3162R09,S3051L10,unrelated
S3162R09.jpg,S3051L06.jpg,S3162R09,S3051L06,unrelated
S3162R09.jpg,S3051R01.jpg,S3162R09,S3051R01,unrelated
S3162R09.jpg,S3051R03.jpg,S3162R09,S3051R03,unrelated
S3162R09.jpg,S3052L01.jpg,S3162R09,S3052L01,unrelated
S3162R09.jpg,S3052L02.jpg,S3162R09,S3052L02,unrelated
S3162R09.jpg,S3052L03.jpg,S3162R09,S3052L03,unrelated
S3162R09.jpg,S3052R01.jpg,S3162R09,S3052R01,unrelated
S3162R09.jpg,S3011L07.jpg,S3162R09,S3011L07,unrelated
S3162R09.jpg,S3011R01.jpg,S3162R09,S3011R01,unrelated
S3162R09.jpg,S3011R02.jpg,S3162R09,S3011R02,unrelated
S3162R09.jpg,S3012L07.jpg,S3162R09,S3012L07,unrelated
S3162R09.jpg,S3012L02.jpg,S3162R09,S3012L02,unrelated
S3162R09.jpg,S3012R07.jpg,S3162R09,S3012R07,unrelated
S3162R06.jpg,S3162R10.jpg,S3162R06,S3162R10,genuine
S3162R06.jpg,S3162R08.jpg,S3162R06,S3162R08,genuine
S3162R06.jpg,S3162R07.jpg,S3162R06,S3162R07,genuine
S3162R06.jpg,S3131L08.jpg,S3162R06,S3131L08,unrelated
S3162R06.jpg,S3131L10.jpg,S3162R06,S3131L10,unrelated
S3162R06.jpg,S3131R04.jpg,S3162R06,S3131R04,unrelated
S3162R06.jpg,S3131R06.jpg,S3162R06,S3131R06,unrelated
S3162R06.jpg,S3131R05.jpg,S3162R06,S3131R05,unrelated
S3162R06.jpg,S3131R07.jpg,S3162R06,S3131R07,unrelated
S3162R06.jpg,S3132L09.jpg,S3162R06,S3132L09,unrelated
S3162R06.jpg,S3132L08.jpg,S3162R06,S3132L08,unrelated
S3162R06.jpg,S3132L05.jpg,S3162R06,S3132L05,unrelated
S3162R06.jpg,S3132L10.jpg,S3162R06,S3132L10,unrelated
S3162R06.jpg,S3132L04.jpg,S3162R06,S3132L04,unrelated
S3162R06.jpg,S3132R06.jpg,S3162R06,S3132R06,unrelated
S3162R06.jpg,S3132R07.jpg,S3162R06,S3132R07,unrelated
S3162R06.jpg,S3031L06.jpg,S3162R06,S3031L06,unrelated
S3162R06.jpg,S3031R09.jpg,S3162R06,S3031R09,unrelated
S3162R06.jpg,S3032L08.jpg,S3162R06,S3032L08,unrelated
S3162R06.jpg,S3032L10.jpg,S3162R06,S3032L10,unrelated
S3162R06.jpg,S3032L09.jpg,S3162R06,S3032L09,unrelated
S3162R06.jpg,S3032L05.jpg,S3162R06,S3032L05,unrelated
S3162R06.jpg,S3032L06.jpg,S3162R06,S3032L06,unrelated
S3162R06.jpg,S3032R10.jpg,S3162R06,S3032R10,unrelated
S3162R06.jpg,S3032R05.jpg,S3162R06,S3032R05,unrelated
S3162R06.jpg,S3032R04.jpg,S3162R06,S3032R04,unrelated
S3162R06.jpg,S3032R07.jpg,S3162R06,S3032R07,unrelated
S3162R06.jpg,S3032R06.jpg,S3162R06,S3032R06,unrelated
S3162R06.jpg,S3041L03.jpg,S3162R06,S3041L03,unrelated
S3162R06.jpg,S3041L06.jpg,S3162R06,S3041L06,unrelated
S3162R06.jpg,S3041L05.jpg,S3162R06,S3041L05,unrelated
S3162R06.jpg,S3041L04.jpg,S3162R06,S3041L04,unrelated
S3162R06.jpg,S3041R01.jpg,S3162R06,S3041R01,unrelated
S3162R06.jpg,S3042L08.jpg,S3162R06,S3042L08,unrelated
S3162R06.jpg,S3042R07.jpg,S3162R06,S3042R07,unrelated
S3162R06.jpg,S3042R08.jpg,S3162R06,S3042R08,unrelated
S3162R06.jpg,S3002L02.jpg,S3162R06,S3002L02,unrelated
S3162R06.jpg,S3082R05.jpg,S3162R06,S3082R05,unrelated
S3162R06.jpg,S3082R02.jpg,S3162R06,S3082R02,unrelated
S3162R06.jpg,S3082R06.jpg,S3162R06,S3082R06,unrelated
S3162R06.jpg,S3082R01.jpg,S3162R06,S3082R01,unrelated
S3162R06.jpg,S3082R04.jpg,S3162R06,S3082R04,unrelated
S3162R06.jpg,S3061L03.jpg,S3162R06,S3061L03,unrelated
S3162R06.jpg,S3061L02.jpg,S3162R06,S3061L02,unrelated
S3162R06.jpg,S3061R01.jpg,S3162R06,S3061R01,unrelated
S3162R06.jpg,S3061R04.jpg,S3162R06,S3061R04,unrelated
S3162R06.jpg,S3061R07.jpg,S3162R06,S3061R07,unrelated
S3162R06.jpg,S3061R08.jpg,S3162R06,S3061R08,unrelated
S3162R06.jpg,S3062L03.jpg,S3162R06,S3062L03,unrelated
S3162R06.jpg,S3062L05.jpg,S3162R06,S3062L05,unrelated
S3162R06.jpg,S3062L07.jpg,S3162R06,S3062L07,unrelated
S3162R06.jpg,S3062L06.jpg,S3162R06,S3062L06,unrelated
S3162R06.jpg,S3062L04.jpg,S3162R06,S3062L04,unrelated
S3162R06.jpg,S3062R02.jpg,S3162R06,S3062R02,unrelated
S3162R06.jpg,S3062R09.jpg,S3162R06,S3062R09,unrelated
S3162R06.jpg,S3062R10.jpg,S3162R06,S3062R10,unrelated
S3162R06.jpg,S3062R07.jpg,S3162R06,S3062R07,unrelated
S3162R06.jpg,S3062R08.jpg,S3162R06,S3062R08,unrelated
S3162R06.jpg,S3021L04.jpg,S3162R06,S3021L04,unrelated
S3162R06.jpg,S3021L03.jpg,S3162R06,S3021L03,unrelated
S3162R06.jpg,S3021L06.jpg,S3162R06,S3021L06,unrelated
S3162R06.jpg,S3021L02.jpg,S3162R06,S3021L02,unrelated
S3162R06.jpg,S3021L01.jpg,S3162R06,S3021L01,unrelated
S3162R06.jpg,S3021R09.jpg,S3162R06,S3021R09,unrelated
S3162R06.jpg,S3021R01.jpg,S3162R06,S3021R01,unrelated
S3162R06.jpg,S3021R02.jpg,S3162R06,S3021R02,unrelated
S3162R06.jpg,S3021R07.jpg,S3162R06,S3021R07,unrelated
S3162R06.jpg,S3021R06.jpg,S3162R06,S3021R06,unrelated
S3162R06.jpg,S3022L01.jpg,S3162R06,S3022L01,unrelated
S3162R06.jpg,S3022R01.jpg,S3162R06,S3022R01,unrelated
S3162R06.jpg,S3022R02.jpg,S3162R06,S3022R02,unrelated
S3162R06.jpg,S3101L08.jpg,S3162R06,S3101L08,unrelated
S3162R06.jpg,S3101L04.jpg,S3162R06,S3101L04,unrelated
S3162R06.jpg,S3101L02.jpg,S3162R06,S3101L02,unrelated
S3162R06.jpg,S3101L09.jpg,S3162R06,S3101L09,unrelated
S3162R06.jpg,S3101L10.jpg,S3162R06,S3101L10,unrelated
S3162R06.jpg,S3101R07.jpg,S3162R06,S3101R07,unrelated
S3162R06.jpg,S3101R04.jpg,S3162R06,S3101R04,unrelated
S3162R06.jpg,S3101R03.jpg,S3162R06,S3101R03,unrelated
S3162R06.jpg,S3101R02.jpg,S3162R06,S3101R02,unrelated
S3162R06.jpg,S3101R05.jpg,S3162R06,S3101R05,unrelated
S3162R06.jpg,S3102L10.jpg,S3162R06,S3102L10,unrelated
S3162R06.jpg,S3102L09.jpg,S3162R06,S3102L09,unrelated
S3162R06.jpg,S3102L01.jpg,S3162R06,S3102L01,unrelated
S3162R06.jpg,S3102L07.jpg,S3162R06,S3102L07,unrelated
S3162R06.jpg,S3102L06.jpg,S3162R06,S3102L06,unrelated
S3162R06.jpg,S3102R07.jpg,S3162R06,S3102R07,unrelated
S3162R06.jpg,S3102R08.jpg,S3162R06,S3102R08,unrelated
S3162R06.jpg,S3102R02.jpg,S3162R06,S3102R02,unrelated
S3162R06.jpg,S3102R06.jpg,S3162R06,S3102R06,unrelated
S3162R06.jpg,S3102R09.jpg,S3162R06,S3102R09,unrelated
S3162R06.jpg,S3151L06.jpg,S3162R06,S3151L06,unrelated
S3162R06.jpg,S3151L04.jpg,S3162R06,S3151L04,unrelated
S3162R06.jpg,S3151L03.jpg,S3162R06,S3151L03,unrelated
S3162R06.jpg,S3151L05.jpg,S3162R06,S3151L05,unrelated
S3162R06.jpg,S3151L07.jpg,S3162R06,S3151L07,unrelated
S3162R06.jpg,S3151R03.jpg,S3162R06,S3151R03,unrelated
S3162R06.jpg,S3151R01.jpg,S3162R06,S3151R01,unrelated
S3162R06.jpg,S3151R02.jpg,S3162R06,S3151R02,unrelated
S3162R06.jpg,S3152R04.jpg,S3162R06,S3152R04,unrelated
S3162R06.jpg,S3152R03.jpg,S3162R06,S3152R03,unrelated
S3162R06.jpg,S3152R02.jpg,S3162R06,S3152R02,unrelated
S3162R06.jpg,S3152R07.jpg,S3162R06,S3152R07,unrelated
S3162R06.jpg,S3181R04.jpg,S3162R06,S3181R04,unrelated
S3162R06.jpg,S3181R05.jpg,S3162R06,S3181R05,unrelated
S3162R06.jpg,S3182L01.jpg,S3162R06,S3182L01,unrelated
S3162R06.jpg,S3182R05.jpg,S3162R06,S3182R05,unrelated
S3162R06.jpg,S3182R06.jpg,S3162R06,S3182R06,unrelated
S3162R06.jpg,S3182R04.jpg,S3162R06,S3182R04,unrelated
S3162R06.jpg,S3182R03.jpg,S3162R06,S3182R03,unrelated
S3162R06.jpg,S3182R07.jpg,S3162R06,S3182R07,unrelated
S3162R06.jpg,S3141L03.jpg,S3162R06,S3141L03,unrelated
S3162R06.jpg,S3141R07.jpg,S3162R06,S3141R07,unrelated
S3162R06.jpg,S3141R10.jpg,S3162R06,S3141R10,unrelated
S3162R06.jpg,S3141R04.jpg,S3162R06,S3141R04,unrelated
S3162R06.jpg,S3141R06.jpg,S3162R06,S3141R06,unrelated
S3162R06.jpg,S3142L03.jpg,S3162R06,S3142L03,unrelated
S3162R06.jpg,S3142L02.jpg,S3162R06,S3142L02,unrelated
S3162R06.jpg,S3142L04.jpg,S3162R06,S3142L04,unrelated
S3162R06.jpg,S3142L07.jpg,S3162R06,S3142L07,unrelated
S3162R06.jpg,S3142R08.jpg,S3162R06,S3142R08,unrelated
S3162R06.jpg,S3142R07.jpg,S3162R06,S3142R07,unrelated
S3162R06.jpg,S3142R10.jpg,S3162R06,S3142R10,unrelated
S3162R06.jpg,S3142R09.jpg,S3162R06,S3142R09,unrelated
S3162R06.jpg,S3121L03.jpg,S3162R06,S3121L03,unrelated
S3162R06.jpg,S3121L02.jpg,S3162R06,S3121L02,unrelated
S3162R06.jpg,S3121L01.jpg,S3162R06,S3121L01,unrelated
S3162R06.jpg,S3121R04.jpg,S3162R06,S3121R04,unrelated
S3162R06.jpg,S3121R02.jpg,S3162R06,S3121R02,unrelated
S3162R06.jpg,S3121R01.jpg,S3162R06,S3121R01,unrelated
S3162R06.jpg,S3121R08.jpg,S3162R06,S3121R08,unrelated
S3162R06.jpg,S3121R07.jpg,S3162R06,S3121R07,unrelated
S3162R06.jpg,S3122L09.jpg,S3162R06,S3122L09,unrelated
S3162R06.jpg,S3122L07.jpg,S3162R06,S3122L07,unrelated
S3162R06.jpg,S3122L10.jpg,S3162R06,S3122L10,unrelated
S3162R06.jpg,S3122L01.jpg,S3162R06,S3122L01,unrelated
S3162R06.jpg,S3122L05.jpg,S3162R06,S3122L05,unrelated
S3162R06.jpg,S3122R02.jpg,S3162R06,S3122R02,unrelated
S3162R06.jpg,S3122R04.jpg,S3162R06,S3122R04,unrelated
S3162R06.jpg,S3122R03.jpg,S3162R06,S3122R03,unrelated
S3162R06.jpg,S3122R01.jpg,S3162R06,S3122R01,unrelated
S3162R06.jpg,S3051L07.jpg,S3162R06,S3051L07,unrelated
S3162R06.jpg,S3051L08.jpg,S3162R06,S3051L08,unrelated
S3162R06.jpg,S3051L10.jpg,S3162R06,S3051L10,unrelated
S3162R06.jpg,S3051L06.jpg,S3162R06,S3051L06,unrelated
S3162R06.jpg,S3051R01.jpg,S3162R06,S3051R01,unrelated
S3162R06.jpg,S3051R03.jpg,S3162R06,S3051R03,unrelated
S3162R06.jpg,S3052L01.jpg,S3162R06,S3052L01,unrelated
S3162R06.jpg,S3052L02.jpg,S3162R06,S3052L02,unrelated
S3162R06.jpg,S3052L03.jpg,S3162R06,S3052L03,unrelated
S3162R06.jpg,S3052R01.jpg,S3162R06,S3052R01,unrelated
S3162R06.jpg,S3011L07.jpg,S3162R06,S3011L07,unrelated
S3162R06.jpg,S3011R01.jpg,S3162R06,S3011R01,unrelated
S3162R06.jpg,S3011R02.jpg,S3162R06,S3011R02,unrelated
S3162R06.jpg,S3012L07.jpg,S3162R06,S3012L07,unrelated
S3162R06.jpg,S3012L02.jpg,S3162R06,S3012L02,unrelated
S3162R06.jpg,S3012R07.jpg,S3162R06,S3012R07,unrelated
S3162R10.jpg,S3162R08.jpg,S3162R10,S3162R08,genuine
S3162R10.jpg,S3162R07.jpg,S3162R10,S3162R07,genuine
S3162R10.jpg,S3131L08.jpg,S3162R10,S3131L08,unrelated
S3162R10.jpg,S3131L10.jpg,S3162R10,S3131L10,unrelated
S3162R10.jpg,S3131R04.jpg,S3162R10,S3131R04,unrelated
S3162R10.jpg,S3131R06.jpg,S3162R10,S3131R06,unrelated
S3162R10.jpg,S3131R05.jpg,S3162R10,S3131R05,unrelated
S3162R10.jpg,S3131R07.jpg,S3162R10,S3131R07,unrelated
S3162R10.jpg,S3132L09.jpg,S3162R10,S3132L09,unrelated
S3162R10.jpg,S3132L08.jpg,S3162R10,S3132L08,unrelated
S3162R10.jpg,S3132L05.jpg,S3162R10,S3132L05,unrelated
S3162R10.jpg,S3132L10.jpg,S3162R10,S3132L10,unrelated
S3162R10.jpg,S3132L04.jpg,S3162R10,S3132L04,unrelated
S3162R10.jpg,S3132R06.jpg,S3162R10,S3132R06,unrelated
S3162R10.jpg,S3132R07.jpg,S3162R10,S3132R07,unrelated
S3162R10.jpg,S3031L06.jpg,S3162R10,S3031L06,unrelated
S3162R10.jpg,S3031R09.jpg,S3162R10,S3031R09,unrelated
S3162R10.jpg,S3032L08.jpg,S3162R10,S3032L08,unrelated
S3162R10.jpg,S3032L10.jpg,S3162R10,S3032L10,unrelated
S3162R10.jpg,S3032L09.jpg,S3162R10,S3032L09,unrelated
S3162R10.jpg,S3032L05.jpg,S3162R10,S3032L05,unrelated
S3162R10.jpg,S3032L06.jpg,S3162R10,S3032L06,unrelated
S3162R10.jpg,S3032R10.jpg,S3162R10,S3032R10,unrelated
S3162R10.jpg,S3032R05.jpg,S3162R10,S3032R05,unrelated
S3162R10.jpg,S3032R04.jpg,S3162R10,S3032R04,unrelated
S3162R10.jpg,S3032R07.jpg,S3162R10,S3032R07,unrelated
S3162R10.jpg,S3032R06.jpg,S3162R10,S3032R06,unrelated
S3162R10.jpg,S3041L03.jpg,S3162R10,S3041L03,unrelated
S3162R10.jpg,S3041L06.jpg,S3162R10,S3041L06,unrelated
S3162R10.jpg,S3041L05.jpg,S3162R10,S3041L05,unrelated
S3162R10.jpg,S3041L04.jpg,S3162R10,S3041L04,unrelated
S3162R10.jpg,S3041R01.jpg,S3162R10,S3041R01,unrelated
S3162R10.jpg,S3042L08.jpg,S3162R10,S3042L08,unrelated
S3162R10.jpg,S3042R07.jpg,S3162R10,S3042R07,unrelated
S3162R10.jpg,S3042R08.jpg,S3162R10,S3042R08,unrelated
S3162R10.jpg,S3002L02.jpg,S3162R10,S3002L02,unrelated
S3162R10.jpg,S3082R05.jpg,S3162R10,S3082R05,unrelated
S3162R10.jpg,S3082R02.jpg,S3162R10,S3082R02,unrelated
S3162R10.jpg,S3082R06.jpg,S3162R10,S3082R06,unrelated
S3162R10.jpg,S3082R01.jpg,S3162R10,S3082R01,unrelated
S3162R10.jpg,S3082R04.jpg,S3162R10,S3082R04,unrelated
S3162R10.jpg,S3061L03.jpg,S3162R10,S3061L03,unrelated
S3162R10.jpg,S3061L02.jpg,S3162R10,S3061L02,unrelated
S3162R10.jpg,S3061R01.jpg,S3162R10,S3061R01,unrelated
S3162R10.jpg,S3061R04.jpg,S3162R10,S3061R04,unrelated
S3162R10.jpg,S3061R07.jpg,S3162R10,S3061R07,unrelated
S3162R10.jpg,S3061R08.jpg,S3162R10,S3061R08,unrelated
S3162R10.jpg,S3062L03.jpg,S3162R10,S3062L03,unrelated
S3162R10.jpg,S3062L05.jpg,S3162R10,S3062L05,unrelated
S3162R10.jpg,S3062L07.jpg,S3162R10,S3062L07,unrelated
S3162R10.jpg,S3062L06.jpg,S3162R10,S3062L06,unrelated
S3162R10.jpg,S3062L04.jpg,S3162R10,S3062L04,unrelated
S3162R10.jpg,S3062R02.jpg,S3162R10,S3062R02,unrelated
S3162R10.jpg,S3062R09.jpg,S3162R10,S3062R09,unrelated
S3162R10.jpg,S3062R10.jpg,S3162R10,S3062R10,unrelated
S3162R10.jpg,S3062R07.jpg,S3162R10,S3062R07,unrelated
S3162R10.jpg,S3062R08.jpg,S3162R10,S3062R08,unrelated
S3162R10.jpg,S3021L04.jpg,S3162R10,S3021L04,unrelated
S3162R10.jpg,S3021L03.jpg,S3162R10,S3021L03,unrelated
S3162R10.jpg,S3021L06.jpg,S3162R10,S3021L06,unrelated
S3162R10.jpg,S3021L02.jpg,S3162R10,S3021L02,unrelated
S3162R10.jpg,S3021L01.jpg,S3162R10,S3021L01,unrelated
S3162R10.jpg,S3021R09.jpg,S3162R10,S3021R09,unrelated
S3162R10.jpg,S3021R01.jpg,S3162R10,S3021R01,unrelated
S3162R10.jpg,S3021R02.jpg,S3162R10,S3021R02,unrelated
S3162R10.jpg,S3021R07.jpg,S3162R10,S3021R07,unrelated
S3162R10.jpg,S3021R06.jpg,S3162R10,S3021R06,unrelated
S3162R10.jpg,S3022L01.jpg,S3162R10,S3022L01,unrelated
S3162R10.jpg,S3022R01.jpg,S3162R10,S3022R01,unrelated
S3162R10.jpg,S3022R02.jpg,S3162R10,S3022R02,unrelated
S3162R10.jpg,S3101L08.jpg,S3162R10,S3101L08,unrelated
S3162R10.jpg,S3101L04.jpg,S3162R10,S3101L04,unrelated
S3162R10.jpg,S3101L02.jpg,S3162R10,S3101L02,unrelated
S3162R10.jpg,S3101L09.jpg,S3162R10,S3101L09,unrelated
S3162R10.jpg,S3101L10.jpg,S3162R10,S3101L10,unrelated
S3162R10.jpg,S3101R07.jpg,S3162R10,S3101R07,unrelated
S3162R10.jpg,S3101R04.jpg,S3162R10,S3101R04,unrelated
S3162R10.jpg,S3101R03.jpg,S3162R10,S3101R03,unrelated
S3162R10.jpg,S3101R02.jpg,S3162R10,S3101R02,unrelated
S3162R10.jpg,S3101R05.jpg,S3162R10,S3101R05,unrelated
S3162R10.jpg,S3102L10.jpg,S3162R10,S3102L10,unrelated
S3162R10.jpg,S3102L09.jpg,S3162R10,S3102L09,unrelated
S3162R10.jpg,S3102L01.jpg,S3162R10,S3102L01,unrelated
S3162R10.jpg,S3102L07.jpg,S3162R10,S3102L07,unrelated
S3162R10.jpg,S3102L06.jpg,S3162R10,S3102L06,unrelated
S3162R10.jpg,S3102R07.jpg,S3162R10,S3102R07,unrelated
S3162R10.jpg,S3102R08.jpg,S3162R10,S3102R08,unrelated
S3162R10.jpg,S3102R02.jpg,S3162R10,S3102R02,unrelated
S3162R10.jpg,S3102R06.jpg,S3162R10,S3102R06,unrelated
S3162R10.jpg,S3102R09.jpg,S3162R10,S3102R09,unrelated
S3162R10.jpg,S3151L06.jpg,S3162R10,S3151L06,unrelated
S3162R10.jpg,S3151L04.jpg,S3162R10,S3151L04,unrelated
S3162R10.jpg,S3151L03.jpg,S3162R10,S3151L03,unrelated
S3162R10.jpg,S3151L05.jpg,S3162R10,S3151L05,unrelated
S3162R10.jpg,S3151L07.jpg,S3162R10,S3151L07,unrelated
S3162R10.jpg,S3151R03.jpg,S3162R10,S3151R03,unrelated
S3162R10.jpg,S3151R01.jpg,S3162R10,S3151R01,unrelated
S3162R10.jpg,S3151R02.jpg,S3162R10,S3151R02,unrelated
S3162R10.jpg,S3152R04.jpg,S3162R10,S3152R04,unrelated
S3162R10.jpg,S3152R03.jpg,S3162R10,S3152R03,unrelated
S3162R10.jpg,S3152R02.jpg,S3162R10,S3152R02,unrelated
S3162R10.jpg,S3152R07.jpg,S3162R10,S3152R07,unrelated
S3162R10.jpg,S3181R04.jpg,S3162R10,S3181R04,unrelated
S3162R10.jpg,S3181R05.jpg,S3162R10,S3181R05,unrelated
S3162R10.jpg,S3182L01.jpg,S3162R10,S3182L01,unrelated
S3162R10.jpg,S3182R05.jpg,S3162R10,S3182R05,unrelated
S3162R10.jpg,S3182R06.jpg,S3162R10,S3182R06,unrelated
S3162R10.jpg,S3182R04.jpg,S3162R10,S3182R04,unrelated
S3162R10.jpg,S3182R03.jpg,S3162R10,S3182R03,unrelated
S3162R10.jpg,S3182R07.jpg,S3162R10,S3182R07,unrelated
S3162R10.jpg,S3141L03.jpg,S3162R10,S3141L03,unrelated
S3162R10.jpg,S3141R07.jpg,S3162R10,S3141R07,unrelated
S3162R10.jpg,S3141R10.jpg,S3162R10,S3141R10,unrelated
S3162R10.jpg,S3141R04.jpg,S3162R10,S3141R04,unrelated
S3162R10.jpg,S3141R06.jpg,S3162R10,S3141R06,unrelated
S3162R10.jpg,S3142L03.jpg,S3162R10,S3142L03,unrelated
S3162R10.jpg,S3142L02.jpg,S3162R10,S3142L02,unrelated
S3162R10.jpg,S3142L04.jpg,S3162R10,S3142L04,unrelated
S3162R10.jpg,S3142L07.jpg,S3162R10,S3142L07,unrelated
S3162R10.jpg,S3142R08.jpg,S3162R10,S3142R08,unrelated
S3162R10.jpg,S3142R07.jpg,S3162R10,S3142R07,unrelated
S3162R10.jpg,S3142R10.jpg,S3162R10,S3142R10,unrelated
S3162R10.jpg,S3142R09.jpg,S3162R10,S3142R09,unrelated
S3162R10.jpg,S3121L03.jpg,S3162R10,S3121L03,unrelated
S3162R10.jpg,S3121L02.jpg,S3162R10,S3121L02,unrelated
S3162R10.jpg,S3121L01.jpg,S3162R10,S3121L01,unrelated
S3162R10.jpg,S3121R04.jpg,S3162R10,S3121R04,unrelated
S3162R10.jpg,S3121R02.jpg,S3162R10,S3121R02,unrelated
S3162R10.jpg,S3121R01.jpg,S3162R10,S3121R01,unrelated
S3162R10.jpg,S3121R08.jpg,S3162R10,S3121R08,unrelated
S3162R10.jpg,S3121R07.jpg,S3162R10,S3121R07,unrelated
S3162R10.jpg,S3122L09.jpg,S3162R10,S3122L09,unrelated
S3162R10.jpg,S3122L07.jpg,S3162R10,S3122L07,unrelated
S3162R10.jpg,S3122L10.jpg,S3162R10,S3122L10,unrelated
S3162R10.jpg,S3122L01.jpg,S3162R10,S3122L01,unrelated
S3162R10.jpg,S3122L05.jpg,S3162R10,S3122L05,unrelated
S3162R10.jpg,S3122R02.jpg,S3162R10,S3122R02,unrelated
S3162R10.jpg,S3122R04.jpg,S3162R10,S3122R04,unrelated
S3162R10.jpg,S3122R03.jpg,S3162R10,S3122R03,unrelated
S3162R10.jpg,S3122R01.jpg,S3162R10,S3122R01,unrelated
S3162R10.jpg,S3051L07.jpg,S3162R10,S3051L07,unrelated
S3162R10.jpg,S3051L08.jpg,S3162R10,S3051L08,unrelated
S3162R10.jpg,S3051L10.jpg,S3162R10,S3051L10,unrelated
S3162R10.jpg,S3051L06.jpg,S3162R10,S3051L06,unrelated
S3162R10.jpg,S3051R01.jpg,S3162R10,S3051R01,unrelated
S3162R10.jpg,S3051R03.jpg,S3162R10,S3051R03,unrelated
S3162R10.jpg,S3052L01.jpg,S3162R10,S3052L01,unrelated
S3162R10.jpg,S3052L02.jpg,S3162R10,S3052L02,unrelated
S3162R10.jpg,S3052L03.jpg,S3162R10,S3052L03,unrelated
S3162R10.jpg,S3052R01.jpg,S3162R10,S3052R01,unrelated
S3162R10.jpg,S3011L07.jpg,S3162R10,S3011L07,unrelated
S3162R10.jpg,S3011R01.jpg,S3162R10,S3011R01,unrelated
S3162R10.jpg,S3011R02.jpg,S3162R10,S3011R02,unrelated
S3162R10.jpg,S3012L07.jpg,S3162R10,S3012L07,unrelated
S3162R10.jpg,S3012L02.jpg,S3162R10,S3012L02,unrelated
S3162R10.jpg,S3012R07.jpg,S3162R10,S3012R07,unrelated
S3162R08.jpg,S3162R07.jpg,S3162R08,S3162R07,genuine
S3162R08.jpg,S3131L08.jpg,S3162R08,S3131L08,unrelated
S3162R08.jpg,S3131L10.jpg,S3162R08,S3131L10,unrelated
S3162R08.jpg,S3131R04.jpg,S3162R08,S3131R04,unrelated
S3162R08.jpg,S3131R06.jpg,S3162R08,S3131R06,unrelated
S3162R08.jpg,S3131R05.jpg,S3162R08,S3131R05,unrelated
S3162R08.jpg,S3131R07.jpg,S3162R08,S3131R07,unrelated
S3162R08.jpg,S3132L09.jpg,S3162R08,S3132L09,unrelated
S3162R08.jpg,S3132L08.jpg,S3162R08,S3132L08,unrelated
S3162R08.jpg,S3132L05.jpg,S3162R08,S3132L05,unrelated
S3162R08.jpg,S3132L10.jpg,S3162R08,S3132L10,unrelated
S3162R08.jpg,S3132L04.jpg,S3162R08,S3132L04,unrelated
S3162R08.jpg,S3132R06.jpg,S3162R08,S3132R06,unrelated
S3162R08.jpg,S3132R07.jpg,S3162R08,S3132R07,unrelated
S3162R08.jpg,S3031L06.jpg,S3162R08,S3031L06,unrelated
S3162R08.jpg,S3031R09.jpg,S3162R08,S3031R09,unrelated
S3162R08.jpg,S3032L08.jpg,S3162R08,S3032L08,unrelated
S3162R08.jpg,S3032L10.jpg,S3162R08,S3032L10,unrelated
S3162R08.jpg,S3032L09.jpg,S3162R08,S3032L09,unrelated
S3162R08.jpg,S3032L05.jpg,S3162R08,S3032L05,unrelated
S3162R08.jpg,S3032L06.jpg,S3162R08,S3032L06,unrelated
S3162R08.jpg,S3032R10.jpg,S3162R08,S3032R10,unrelated
S3162R08.jpg,S3032R05.jpg,S3162R08,S3032R05,unrelated
S3162R08.jpg,S3032R04.jpg,S3162R08,S3032R04,unrelated
S3162R08.jpg,S3032R07.jpg,S3162R08,S3032R07,unrelated
S3162R08.jpg,S3032R06.jpg,S3162R08,S3032R06,unrelated
S3162R08.jpg,S3041L03.jpg,S3162R08,S3041L03,unrelated
S3162R08.jpg,S3041L06.jpg,S3162R08,S3041L06,unrelated
S3162R08.jpg,S3041L05.jpg,S3162R08,S3041L05,unrelated
S3162R08.jpg,S3041L04.jpg,S3162R08,S3041L04,unrelated
S3162R08.jpg,S3041R01.jpg,S3162R08,S3041R01,unrelated
S3162R08.jpg,S3042L08.jpg,S3162R08,S3042L08,unrelated
S3162R08.jpg,S3042R07.jpg,S3162R08,S3042R07,unrelated
S3162R08.jpg,S3042R08.jpg,S3162R08,S3042R08,unrelated
S3162R08.jpg,S3002L02.jpg,S3162R08,S3002L02,unrelated
S3162R08.jpg,S3082R05.jpg,S3162R08,S3082R05,unrelated
S3162R08.jpg,S3082R02.jpg,S3162R08,S3082R02,unrelated
S3162R08.jpg,S3082R06.jpg,S3162R08,S3082R06,unrelated
S3162R08.jpg,S3082R01.jpg,S3162R08,S3082R01,unrelated
S3162R08.jpg,S3082R04.jpg,S3162R08,S3082R04,unrelated
S3162R08.jpg,S3061L03.jpg,S3162R08,S3061L03,unrelated
S3162R08.jpg,S3061L02.jpg,S3162R08,S3061L02,unrelated
S3162R08.jpg,S3061R01.jpg,S3162R08,S3061R01,unrelated
S3162R08.jpg,S3061R04.jpg,S3162R08,S3061R04,unrelated
S3162R08.jpg,S3061R07.jpg,S3162R08,S3061R07,unrelated
S3162R08.jpg,S3061R08.jpg,S3162R08,S3061R08,unrelated
S3162R08.jpg,S3062L03.jpg,S3162R08,S3062L03,unrelated
S3162R08.jpg,S3062L05.jpg,S3162R08,S3062L05,unrelated
S3162R08.jpg,S3062L07.jpg,S3162R08,S3062L07,unrelated
S3162R08.jpg,S3062L06.jpg,S3162R08,S3062L06,unrelated
S3162R08.jpg,S3062L04.jpg,S3162R08,S3062L04,unrelated
S3162R08.jpg,S3062R02.jpg,S3162R08,S3062R02,unrelated
S3162R08.jpg,S3062R09.jpg,S3162R08,S3062R09,unrelated
S3162R08.jpg,S3062R10.jpg,S3162R08,S3062R10,unrelated
S3162R08.jpg,S3062R07.jpg,S3162R08,S3062R07,unrelated
S3162R08.jpg,S3062R08.jpg,S3162R08,S3062R08,unrelated
S3162R08.jpg,S3021L04.jpg,S3162R08,S3021L04,unrelated
S3162R08.jpg,S3021L03.jpg,S3162R08,S3021L03,unrelated
S3162R08.jpg,S3021L06.jpg,S3162R08,S3021L06,unrelated
S3162R08.jpg,S3021L02.jpg,S3162R08,S3021L02,unrelated
S3162R08.jpg,S3021L01.jpg,S3162R08,S3021L01,unrelated
S3162R08.jpg,S3021R09.jpg,S3162R08,S3021R09,unrelated
S3162R08.jpg,S3021R01.jpg,S3162R08,S3021R01,unrelated
S3162R08.jpg,S3021R02.jpg,S3162R08,S3021R02,unrelated
S3162R08.jpg,S3021R07.jpg,S3162R08,S3021R07,unrelated
S3162R08.jpg,S3021R06.jpg,S3162R08,S3021R06,unrelated
S3162R08.jpg,S3022L01.jpg,S3162R08,S3022L01,unrelated
S3162R08.jpg,S3022R01.jpg,S3162R08,S3022R01,unrelated
S3162R08.jpg,S3022R02.jpg,S3162R08,S3022R02,unrelated
S3162R08.jpg,S3101L08.jpg,S3162R08,S3101L08,unrelated
S3162R08.jpg,S3101L04.jpg,S3162R08,S3101L04,unrelated
S3162R08.jpg,S3101L02.jpg,S3162R08,S3101L02,unrelated
S3162R08.jpg,S3101L09.jpg,S3162R08,S3101L09,unrelated
S3162R08.jpg,S3101L10.jpg,S3162R08,S3101L10,unrelated
S3162R08.jpg,S3101R07.jpg,S3162R08,S3101R07,unrelated
S3162R08.jpg,S3101R04.jpg,S3162R08,S3101R04,unrelated
S3162R08.jpg,S3101R03.jpg,S3162R08,S3101R03,unrelated
S3162R08.jpg,S3101R02.jpg,S3162R08,S3101R02,unrelated
S3162R08.jpg,S3101R05.jpg,S3162R08,S3101R05,unrelated
S3162R08.jpg,S3102L10.jpg,S3162R08,S3102L10,unrelated
S3162R08.jpg,S3102L09.jpg,S3162R08,S3102L09,unrelated
S3162R08.jpg,S3102L01.jpg,S3162R08,S3102L01,unrelated
S3162R08.jpg,S3102L07.jpg,S3162R08,S3102L07,unrelated
S3162R08.jpg,S3102L06.jpg,S3162R08,S3102L06,unrelated
S3162R08.jpg,S3102R07.jpg,S3162R08,S3102R07,unrelated
S3162R08.jpg,S3102R08.jpg,S3162R08,S3102R08,unrelated
S3162R08.jpg,S3102R02.jpg,S3162R08,S3102R02,unrelated
S3162R08.jpg,S3102R06.jpg,S3162R08,S3102R06,unrelated
S3162R08.jpg,S3102R09.jpg,S3162R08,S3102R09,unrelated
S3162R08.jpg,S3151L06.jpg,S3162R08,S3151L06,unrelated
S3162R08.jpg,S3151L04.jpg,S3162R08,S3151L04,unrelated
S3162R08.jpg,S3151L03.jpg,S3162R08,S3151L03,unrelated
S3162R08.jpg,S3151L05.jpg,S3162R08,S3151L05,unrelated
S3162R08.jpg,S3151L07.jpg,S3162R08,S3151L07,unrelated
S3162R08.jpg,S3151R03.jpg,S3162R08,S3151R03,unrelated
S3162R08.jpg,S3151R01.jpg,S3162R08,S3151R01,unrelated
S3162R08.jpg,S3151R02.jpg,S3162R08,S3151R02,unrelated
S3162R08.jpg,S3152R04.jpg,S3162R08,S3152R04,unrelated
S3162R08.jpg,S3152R03.jpg,S3162R08,S3152R03,unrelated
S3162R08.jpg,S3152R02.jpg,S3162R08,S3152R02,unrelated
S3162R08.jpg,S3152R07.jpg,S3162R08,S3152R07,unrelated
S3162R08.jpg,S3181R04.jpg,S3162R08,S3181R04,unrelated
S3162R08.jpg,S3181R05.jpg,S3162R08,S3181R05,unrelated
S3162R08.jpg,S3182L01.jpg,S3162R08,S3182L01,unrelated
S3162R08.jpg,S3182R05.jpg,S3162R08,S3182R05,unrelated
S3162R08.jpg,S3182R06.jpg,S3162R08,S3182R06,unrelated
S3162R08.jpg,S3182R04.jpg,S3162R08,S3182R04,unrelated
S3162R08.jpg,S3182R03.jpg,S3162R08,S3182R03,unrelated
S3162R08.jpg,S3182R07.jpg,S3162R08,S3182R07,unrelated
S3162R08.jpg,S3141L03.jpg,S3162R08,S3141L03,unrelated
S3162R08.jpg,S3141R07.jpg,S3162R08,S3141R07,unrelated
S3162R08.jpg,S3141R10.jpg,S3162R08,S3141R10,unrelated
S3162R08.jpg,S3141R04.jpg,S3162R08,S3141R04,unrelated
S3162R08.jpg,S3141R06.jpg,S3162R08,S3141R06,unrelated
S3162R08.jpg,S3142L03.jpg,S3162R08,S3142L03,unrelated
S3162R08.jpg,S3142L02.jpg,S3162R08,S3142L02,unrelated
S3162R08.jpg,S3142L04.jpg,S3162R08,S3142L04,unrelated
S3162R08.jpg,S3142L07.jpg,S3162R08,S3142L07,unrelated
S3162R08.jpg,S3142R08.jpg,S3162R08,S3142R08,unrelated
S3162R08.jpg,S3142R07.jpg,S3162R08,S3142R07,unrelated
S3162R08.jpg,S3142R10.jpg,S3162R08,S3142R10,unrelated
S3162R08.jpg,S3142R09.jpg,S3162R08,S3142R09,unrelated
S3162R08.jpg,S3121L03.jpg,S3162R08,S3121L03,unrelated
S3162R08.jpg,S3121L02.jpg,S3162R08,S3121L02,unrelated
S3162R08.jpg,S3121L01.jpg,S3162R08,S3121L01,unrelated
S3162R08.jpg,S3121R04.jpg,S3162R08,S3121R04,unrelated
S3162R08.jpg,S3121R02.jpg,S3162R08,S3121R02,unrelated
S3162R08.jpg,S3121R01.jpg,S3162R08,S3121R01,unrelated
S3162R08.jpg,S3121R08.jpg,S3162R08,S3121R08,unrelated
S3162R08.jpg,S3121R07.jpg,S3162R08,S3121R07,unrelated
S3162R08.jpg,S3122L09.jpg,S3162R08,S3122L09,unrelated
S3162R08.jpg,S3122L07.jpg,S3162R08,S3122L07,unrelated
S3162R08.jpg,S3122L10.jpg,S3162R08,S3122L10,unrelated
S3162R08.jpg,S3122L01.jpg,S3162R08,S3122L01,unrelated
S3162R08.jpg,S3122L05.jpg,S3162R08,S3122L05,unrelated
S3162R08.jpg,S3122R02.jpg,S3162R08,S3122R02,unrelated
S3162R08.jpg,S3122R04.jpg,S3162R08,S3122R04,unrelated
S3162R08.jpg,S3122R03.jpg,S3162R08,S3122R03,unrelated
S3162R08.jpg,S3122R01.jpg,S3162R08,S3122R01,unrelated
S3162R08.jpg,S3051L07.jpg,S3162R08,S3051L07,unrelated
S3162R08.jpg,S3051L08.jpg,S3162R08,S3051L08,unrelated
S3162R08.jpg,S3051L10.jpg,S3162R08,S3051L10,unrelated
S3162R08.jpg,S3051L06.jpg,S3162R08,S3051L06,unrelated
S3162R08.jpg,S3051R01.jpg,S3162R08,S3051R01,unrelated
S3162R08.jpg,S3051R03.jpg,S3162R08,S3051R03,unrelated
S3162R08.jpg,S3052L01.jpg,S3162R08,S3052L01,unrelated
S3162R08.jpg,S3052L02.jpg,S3162R08,S3052L02,unrelated
S3162R08.jpg,S3052L03.jpg,S3162R08,S3052L03,unrelated
S3162R08.jpg,S3052R01.jpg,S3162R08,S3052R01,unrelated
S3162R08.jpg,S3011L07.jpg,S3162R08,S3011L07,unrelated
S3162R08.jpg,S3011R01.jpg,S3162R08,S3011R01,unrelated
S3162R08.jpg,S3011R02.jpg,S3162R08,S3011R02,unrelated
S3162R08.jpg,S3012L07.jpg,S3162R08,S3012L07,unrelated
S3162R08.jpg,S3012L02.jpg,S3162R08,S3012L02,unrelated
S3162R08.jpg,S3012R07.jpg,S3162R08,S3012R07,unrelated
S3162R07.jpg,S3131L08.jpg,S3162R07,S3131L08,unrelated
S3162R07.jpg,S3131L10.jpg,S3162R07,S3131L10,unrelated
S3162R07.jpg,S3131R04.jpg,S3162R07,S3131R04,unrelated
S3162R07.jpg,S3131R06.jpg,S3162R07,S3131R06,unrelated
S3162R07.jpg,S3131R05.jpg,S3162R07,S3131R05,unrelated
S3162R07.jpg,S3131R07.jpg,S3162R07,S3131R07,unrelated
S3162R07.jpg,S3132L09.jpg,S3162R07,S3132L09,unrelated
S3162R07.jpg,S3132L08.jpg,S3162R07,S3132L08,unrelated
S3162R07.jpg,S3132L05.jpg,S3162R07,S3132L05,unrelated
S3162R07.jpg,S3132L10.jpg,S3162R07,S3132L10,unrelated
S3162R07.jpg,S3132L04.jpg,S3162R07,S3132L04,unrelated
S3162R07.jpg,S3132R06.jpg,S3162R07,S3132R06,unrelated
S3162R07.jpg,S3132R07.jpg,S3162R07,S3132R07,unrelated
S3162R07.jpg,S3031L06.jpg,S3162R07,S3031L06,unrelated
S3162R07.jpg,S3031R09.jpg,S3162R07,S3031R09,unrelated
S3162R07.jpg,S3032L08.jpg,S3162R07,S3032L08,unrelated
S3162R07.jpg,S3032L10.jpg,S3162R07,S3032L10,unrelated
S3162R07.jpg,S3032L09.jpg,S3162R07,S3032L09,unrelated
S3162R07.jpg,S3032L05.jpg,S3162R07,S3032L05,unrelated
S3162R07.jpg,S3032L06.jpg,S3162R07,S3032L06,unrelated
S3162R07.jpg,S3032R10.jpg,S3162R07,S3032R10,unrelated
S3162R07.jpg,S3032R05.jpg,S3162R07,S3032R05,unrelated
S3162R07.jpg,S3032R04.jpg,S3162R07,S3032R04,unrelated
S3162R07.jpg,S3032R07.jpg,S3162R07,S3032R07,unrelated
S3162R07.jpg,S3032R06.jpg,S3162R07,S3032R06,unrelated
S3162R07.jpg,S3041L03.jpg,S3162R07,S3041L03,unrelated
S3162R07.jpg,S3041L06.jpg,S3162R07,S3041L06,unrelated
S3162R07.jpg,S3041L05.jpg,S3162R07,S3041L05,unrelated
S3162R07.jpg,S3041L04.jpg,S3162R07,S3041L04,unrelated
S3162R07.jpg,S3041R01.jpg,S3162R07,S3041R01,unrelated
S3162R07.jpg,S3042L08.jpg,S3162R07,S3042L08,unrelated
S3162R07.jpg,S3042R07.jpg,S3162R07,S3042R07,unrelated
S3162R07.jpg,S3042R08.jpg,S3162R07,S3042R08,unrelated
S3162R07.jpg,S3002L02.jpg,S3162R07,S3002L02,unrelated
S3162R07.jpg,S3082R05.jpg,S3162R07,S3082R05,unrelated
S3162R07.jpg,S3082R02.jpg,S3162R07,S3082R02,unrelated
S3162R07.jpg,S3082R06.jpg,S3162R07,S3082R06,unrelated
S3162R07.jpg,S3082R01.jpg,S3162R07,S3082R01,unrelated
S3162R07.jpg,S3082R04.jpg,S3162R07,S3082R04,unrelated
S3162R07.jpg,S3061L03.jpg,S3162R07,S3061L03,unrelated
S3162R07.jpg,S3061L02.jpg,S3162R07,S3061L02,unrelated
S3162R07.jpg,S3061R01.jpg,S3162R07,S3061R01,unrelated
S3162R07.jpg,S3061R04.jpg,S3162R07,S3061R04,unrelated
S3162R07.jpg,S3061R07.jpg,S3162R07,S3061R07,unrelated
S3162R07.jpg,S3061R08.jpg,S3162R07,S3061R08,unrelated
S3162R07.jpg,S3062L03.jpg,S3162R07,S3062L03,unrelated
S3162R07.jpg,S3062L05.jpg,S3162R07,S3062L05,unrelated
S3162R07.jpg,S3062L07.jpg,S3162R07,S3062L07,unrelated
S3162R07.jpg,S3062L06.jpg,S3162R07,S3062L06,unrelated
S3162R07.jpg,S3062L04.jpg,S3162R07,S3062L04,unrelated
S3162R07.jpg,S3062R02.jpg,S3162R07,S3062R02,unrelated
S3162R07.jpg,S3062R09.jpg,S3162R07,S3062R09,unrelated
S3162R07.jpg,S3062R10.jpg,S3162R07,S3062R10,unrelated
S3162R07.jpg,S3062R07.jpg,S3162R07,S3062R07,unrelated
S3162R07.jpg,S3062R08.jpg,S3162R07,S3062R08,unrelated
S3162R07.jpg,S3021L04.jpg,S3162R07,S3021L04,unrelated
S3162R07.jpg,S3021L03.jpg,S3162R07,S3021L03,unrelated
S3162R07.jpg,S3021L06.jpg,S3162R07,S3021L06,unrelated
S3162R07.jpg,S3021L02.jpg,S3162R07,S3021L02,unrelated
S3162R07.jpg,S3021L01.jpg,S3162R07,S3021L01,unrelated
S3162R07.jpg,S3021R09.jpg,S3162R07,S3021R09,unrelated
S3162R07.jpg,S3021R01.jpg,S3162R07,S3021R01,unrelated
S3162R07.jpg,S3021R02.jpg,S3162R07,S3021R02,unrelated
S3162R07.jpg,S3021R07.jpg,S3162R07,S3021R07,unrelated
S3162R07.jpg,S3021R06.jpg,S3162R07,S3021R06,unrelated
S3162R07.jpg,S3022L01.jpg,S3162R07,S3022L01,unrelated
S3162R07.jpg,S3022R01.jpg,S3162R07,S3022R01,unrelated
S3162R07.jpg,S3022R02.jpg,S3162R07,S3022R02,unrelated
S3162R07.jpg,S3101L08.jpg,S3162R07,S3101L08,unrelated
S3162R07.jpg,S3101L04.jpg,S3162R07,S3101L04,unrelated
S3162R07.jpg,S3101L02.jpg,S3162R07,S3101L02,unrelated
S3162R07.jpg,S3101L09.jpg,S3162R07,S3101L09,unrelated
S3162R07.jpg,S3101L10.jpg,S3162R07,S3101L10,unrelated
S3162R07.jpg,S3101R07.jpg,S3162R07,S3101R07,unrelated
S3162R07.jpg,S3101R04.jpg,S3162R07,S3101R04,unrelated
S3162R07.jpg,S3101R03.jpg,S3162R07,S3101R03,unrelated
S3162R07.jpg,S3101R02.jpg,S3162R07,S3101R02,unrelated
S3162R07.jpg,S3101R05.jpg,S3162R07,S3101R05,unrelated
S3162R07.jpg,S3102L10.jpg,S3162R07,S3102L10,unrelated
S3162R07.jpg,S3102L09.jpg,S3162R07,S3102L09,unrelated
S3162R07.jpg,S3102L01.jpg,S3162R07,S3102L01,unrelated
S3162R07.jpg,S3102L07.jpg,S3162R07,S3102L07,unrelated
S3162R07.jpg,S3102L06.jpg,S3162R07,S3102L06,unrelated
S3162R07.jpg,S3102R07.jpg,S3162R07,S3102R07,unrelated
S3162R07.jpg,S3102R08.jpg,S3162R07,S3102R08,unrelated
S3162R07.jpg,S3102R02.jpg,S3162R07,S3102R02,unrelated
S3162R07.jpg,S3102R06.jpg,S3162R07,S3102R06,unrelated
S3162R07.jpg,S3102R09.jpg,S3162R07,S3102R09,unrelated
S3162R07.jpg,S3151L06.jpg,S3162R07,S3151L06,unrelated
S3162R07.jpg,S3151L04.jpg,S3162R07,S3151L04,unrelated
S3162R07.jpg,S3151L03.jpg,S3162R07,S3151L03,unrelated
S3162R07.jpg,S3151L05.jpg,S3162R07,S3151L05,unrelated
S3162R07.jpg,S3151L07.jpg,S3162R07,S3151L07,unrelated
S3162R07.jpg,S3151R03.jpg,S3162R07,S3151R03,unrelated
S3162R07.jpg,S3151R01.jpg,S3162R07,S3151R01,unrelated
S3162R07.jpg,S3151R02.jpg,S3162R07,S3151R02,unrelated
S3162R07.jpg,S3152R04.jpg,S3162R07,S3152R04,unrelated
S3162R07.jpg,S3152R03.jpg,S3162R07,S3152R03,unrelated
S3162R07.jpg,S3152R02.jpg,S3162R07,S3152R02,unrelated
S3162R07.jpg,S3152R07.jpg,S3162R07,S3152R07,unrelated
S3162R07.jpg,S3181R04.jpg,S3162R07,S3181R04,unrelated
S3162R07.jpg,S3181R05.jpg,S3162R07,S3181R05,unrelated
S3162R07.jpg,S3182L01.jpg,S3162R07,S3182L01,unrelated
S3162R07.jpg,S3182R05.jpg,S3162R07,S3182R05,unrelated
S3162R07.jpg,S3182R06.jpg,S3162R07,S3182R06,unrelated
S3162R07.jpg,S3182R04.jpg,S3162R07,S3182R04,unrelated
S3162R07.jpg,S3182R03.jpg,S3162R07,S3182R03,unrelated
S3162R07.jpg,S3182R07.jpg,S3162R07,S3182R07,unrelated
S3162R07.jpg,S3141L03.jpg,S3162R07,S3141L03,unrelated
S3162R07.jpg,S3141R07.jpg,S3162R07,S3141R07,unrelated
S3162R07.jpg,S3141R10.jpg,S3162R07,S3141R10,unrelated
S3162R07.jpg,S3141R04.jpg,S3162R07,S3141R04,unrelated
S3162R07.jpg,S3141R06.jpg,S3162R07,S3141R06,unrelated
S3162R07.jpg,S3142L03.jpg,S3162R07,S3142L03,unrelated
S3162R07.jpg,S3142L02.jpg,S3162R07,S3142L02,unrelated
S3162R07.jpg,S3142L04.jpg,S3162R07,S3142L04,unrelated
S3162R07.jpg,S3142L07.jpg,S3162R07,S3142L07,unrelated
S3162R07.jpg,S3142R08.jpg,S3162R07,S3142R08,unrelated
S3162R07.jpg,S3142R07.jpg,S3162R07,S3142R07,unrelated
S3162R07.jpg,S3142R10.jpg,S3162R07,S3142R10,unrelated
S3162R07.jpg,S3142R09.jpg,S3162R07,S3142R09,unrelated
S3162R07.jpg,S3121L03.jpg,S3162R07,S3121L03,unrelated
S3162R07.jpg,S3121L02.jpg,S3162R07,S3121L02,unrelated
S3162R07.jpg,S3121L01.jpg,S3162R07,S3121L01,unrelated
S3162R07.jpg,S3121R04.jpg,S3162R07,S3121R04,unrelated
S3162R07.jpg,S3121R02.jpg,S3162R07,S3121R02,unrelated
S3162R07.jpg,S3121R01.jpg,S3162R07,S3121R01,unrelated
S3162R07.jpg,S3121R08.jpg,S3162R07,S3121R08,unrelated
S3162R07.jpg,S3121R07.jpg,S3162R07,S3121R07,unrelated
S3162R07.jpg,S3122L09.jpg,S3162R07,S3122L09,unrelated
S3162R07.jpg,S3122L07.jpg,S3162R07,S3122L07,unrelated
S3162R07.jpg,S3122L10.jpg,S3162R07,S3122L10,unrelated
S3162R07.jpg,S3122L01.jpg,S3162R07,S3122L01,unrelated
S3162R07.jpg,S3122L05.jpg,S3162R07,S3122L05,unrelated
S3162R07.jpg,S3122R02.jpg,S3162R07,S3122R02,unrelated
S3162R07.jpg,S3122R04.jpg,S3162R07,S3122R04,unrelated
S3162R07.jpg,S3122R03.jpg,S3162R07,S3122R03,unrelated
S3162R07.jpg,S3122R01.jpg,S3162R07,S3122R01,unrelated
S3162R07.jpg,S3051L07.jpg,S3162R07,S3051L07,unrelated
S3162R07.jpg,S3051L08.jpg,S3162R07,S3051L08,unrelated
S3162R07.jpg,S3051L10.jpg,S3162R07,S3051L10,unrelated
S3162R07.jpg,S3051L06.jpg,S3162R07,S3051L06,unrelated
S3162R07.jpg,S3051R01.jpg,S3162R07,S3051R01,unrelated
S3162R07.jpg,S3051R03.jpg,S3162R07,S3051R03,unrelated
S3162R07.jpg,S3052L01.jpg,S3162R07,S3052L01,unrelated
S3162R07.jpg,S3052L02.jpg,S3162R07,S3052L02,unrelated
S3162R07.jpg,S3052L03.jpg,S3162R07,S3052L03,unrelated
S3162R07.jpg,S3052R01.jpg,S3162R07,S3052R01,unrelated
S3162R07.jpg,S3011L07.jpg,S3162R07,S3011L07,unrelated
S3162R07.jpg,S3011R01.jpg,S3162R07,S3011R01,unrelated
S3162R07.jpg,S3011R02.jpg,S3162R07,S3011R02,unrelated
S3162R07.jpg,S3012L07.jpg,S3162R07,S3012L07,unrelated
S3162R07.jpg,S3012L02.jpg,S3162R07,S3012L02,unrelated
S3162R07.jpg,S3012R07.jpg,S3162R07,S3012R07,unrelated
S3131L08.jpg,S3131L10.jpg,S3131L08,S3131L10,genuine
S3131L08.jpg,S3131R04.jpg,S3131L08,S3131R04,same_subject_different_eye
S3131L08.jpg,S3131R06.jpg,S3131L08,S3131R06,same_subject_different_eye
S3131L08.jpg,S3131R05.jpg,S3131L08,S3131R05,same_subject_different_eye
S3131L08.jpg,S3131R07.jpg,S3131L08,S3131R07,same_subject_different_eye
S3131L08.jpg,S3132L09.jpg,S3131L08,S3132L09,twin_same_eye
S3131L08.jpg,S3132L08.jpg,S3131L08,S3132L08,twin_same_eye
S3131L08.jpg,S3132L05.jpg,S3131L08,S3132L05,twin_same_eye
S3131L08.jpg,S3132L10.jpg,S3131L08,S3132L10,twin_same_eye
S3131L08.jpg,S3132L04.jpg,S3131L08,S3132L04,twin_same_eye
S3131L08.jpg,S3132R06.jpg,S3131L08,S3132R06,twin_cross_eye
S3131L08.jpg,S3132R07.jpg,S3131L08,S3132R07,twin_cross_eye
S3131L08.jpg,S3031L06.jpg,S3131L08,S3031L06,unrelated
S3131L08.jpg,S3031R09.jpg,S3131L08,S3031R09,unrelated
S3131L08.jpg,S3032L08.jpg,S3131L08,S3032L08,unrelated
S3131L08.jpg,S3032L10.jpg,S3131L08,S3032L10,unrelated
S3131L08.jpg,S3032L09.jpg,S3131L08,S3032L09,unrelated
S3131L08.jpg,S3032L05.jpg,S3131L08,S3032L05,unrelated
S3131L08.jpg,S3032L06.jpg,S3131L08,S3032L06,unrelated
S3131L08.jpg,S3032R10.jpg,S3131L08,S3032R10,unrelated
S3131L08.jpg,S3032R05.jpg,S3131L08,S3032R05,unrelated
S3131L08.jpg,S3032R04.jpg,S3131L08,S3032R04,unrelated
S3131L08.jpg,S3032R07.jpg,S3131L08,S3032R07,unrelated
S3131L08.jpg,S3032R06.jpg,S3131L08,S3032R06,unrelated
S3131L08.jpg,S3041L03.jpg,S3131L08,S3041L03,unrelated
S3131L08.jpg,S3041L06.jpg,S3131L08,S3041L06,unrelated
S3131L08.jpg,S3041L05.jpg,S3131L08,S3041L05,unrelated
S3131L08.jpg,S3041L04.jpg,S3131L08,S3041L04,unrelated
S3131L08.jpg,S3041R01.jpg,S3131L08,S3041R01,unrelated
S3131L08.jpg,S3042L08.jpg,S3131L08,S3042L08,unrelated
S3131L08.jpg,S3042R07.jpg,S3131L08,S3042R07,unrelated
S3131L08.jpg,S3042R08.jpg,S3131L08,S3042R08,unrelated
S3131L08.jpg,S3002L02.jpg,S3131L08,S3002L02,unrelated
S3131L08.jpg,S3082R05.jpg,S3131L08,S3082R05,unrelated
S3131L08.jpg,S3082R02.jpg,S3131L08,S3082R02,unrelated
S3131L08.jpg,S3082R06.jpg,S3131L08,S3082R06,unrelated
S3131L08.jpg,S3082R01.jpg,S3131L08,S3082R01,unrelated
S3131L08.jpg,S3082R04.jpg,S3131L08,S3082R04,unrelated
S3131L08.jpg,S3061L03.jpg,S3131L08,S3061L03,unrelated
S3131L08.jpg,S3061L02.jpg,S3131L08,S3061L02,unrelated
S3131L08.jpg,S3061R01.jpg,S3131L08,S3061R01,unrelated
S3131L08.jpg,S3061R04.jpg,S3131L08,S3061R04,unrelated
S3131L08.jpg,S3061R07.jpg,S3131L08,S3061R07,unrelated
S3131L08.jpg,S3061R08.jpg,S3131L08,S3061R08,unrelated
S3131L08.jpg,S3062L03.jpg,S3131L08,S3062L03,unrelated
S3131L08.jpg,S3062L05.jpg,S3131L08,S3062L05,unrelated
S3131L08.jpg,S3062L07.jpg,S3131L08,S3062L07,unrelated
S3131L08.jpg,S3062L06.jpg,S3131L08,S3062L06,unrelated
S3131L08.jpg,S3062L04.jpg,S3131L08,S3062L04,unrelated
S3131L08.jpg,S3062R02.jpg,S3131L08,S3062R02,unrelated
S3131L08.jpg,S3062R09.jpg,S3131L08,S3062R09,unrelated
S3131L08.jpg,S3062R10.jpg,S3131L08,S3062R10,unrelated
S3131L08.jpg,S3062R07.jpg,S3131L08,S3062R07,unrelated
S3131L08.jpg,S3062R08.jpg,S3131L08,S3062R08,unrelated
S3131L08.jpg,S3021L04.jpg,S3131L08,S3021L04,unrelated
S3131L08.jpg,S3021L03.jpg,S3131L08,S3021L03,unrelated
S3131L08.jpg,S3021L06.jpg,S3131L08,S3021L06,unrelated
S3131L08.jpg,S3021L02.jpg,S3131L08,S3021L02,unrelated
S3131L08.jpg,S3021L01.jpg,S3131L08,S3021L01,unrelated
S3131L08.jpg,S3021R09.jpg,S3131L08,S3021R09,unrelated
S3131L08.jpg,S3021R01.jpg,S3131L08,S3021R01,unrelated
S3131L08.jpg,S3021R02.jpg,S3131L08,S3021R02,unrelated
S3131L08.jpg,S3021R07.jpg,S3131L08,S3021R07,unrelated
S3131L08.jpg,S3021R06.jpg,S3131L08,S3021R06,unrelated
S3131L08.jpg,S3022L01.jpg,S3131L08,S3022L01,unrelated
S3131L08.jpg,S3022R01.jpg,S3131L08,S3022R01,unrelated
S3131L08.jpg,S3022R02.jpg,S3131L08,S3022R02,unrelated
S3131L08.jpg,S3101L08.jpg,S3131L08,S3101L08,unrelated
S3131L08.jpg,S3101L04.jpg,S3131L08,S3101L04,unrelated
S3131L08.jpg,S3101L02.jpg,S3131L08,S3101L02,unrelated
S3131L08.jpg,S3101L09.jpg,S3131L08,S3101L09,unrelated
S3131L08.jpg,S3101L10.jpg,S3131L08,S3101L10,unrelated
S3131L08.jpg,S3101R07.jpg,S3131L08,S3101R07,unrelated
S3131L08.jpg,S3101R04.jpg,S3131L08,S3101R04,unrelated
S3131L08.jpg,S3101R03.jpg,S3131L08,S3101R03,unrelated
S3131L08.jpg,S3101R02.jpg,S3131L08,S3101R02,unrelated
S3131L08.jpg,S3101R05.jpg,S3131L08,S3101R05,unrelated
S3131L08.jpg,S3102L10.jpg,S3131L08,S3102L10,unrelated
S3131L08.jpg,S3102L09.jpg,S3131L08,S3102L09,unrelated
S3131L08.jpg,S3102L01.jpg,S3131L08,S3102L01,unrelated
S3131L08.jpg,S3102L07.jpg,S3131L08,S3102L07,unrelated
S3131L08.jpg,S3102L06.jpg,S3131L08,S3102L06,unrelated
S3131L08.jpg,S3102R07.jpg,S3131L08,S3102R07,unrelated
S3131L08.jpg,S3102R08.jpg,S3131L08,S3102R08,unrelated
S3131L08.jpg,S3102R02.jpg,S3131L08,S3102R02,unrelated
S3131L08.jpg,S3102R06.jpg,S3131L08,S3102R06,unrelated
S3131L08.jpg,S3102R09.jpg,S3131L08,S3102R09,unrelated
S3131L08.jpg,S3151L06.jpg,S3131L08,S3151L06,unrelated
S3131L08.jpg,S3151L04.jpg,S3131L08,S3151L04,unrelated
S3131L08.jpg,S3151L03.jpg,S3131L08,S3151L03,unrelated
S3131L08.jpg,S3151L05.jpg,S3131L08,S3151L05,unrelated
S3131L08.jpg,S3151L07.jpg,S3131L08,S3151L07,unrelated
S3131L08.jpg,S3151R03.jpg,S3131L08,S3151R03,unrelated
S3131L08.jpg,S3151R01.jpg,S3131L08,S3151R01,unrelated
S3131L08.jpg,S3151R02.jpg,S3131L08,S3151R02,unrelated
S3131L08.jpg,S3152R04.jpg,S3131L08,S3152R04,unrelated
S3131L08.jpg,S3152R03.jpg,S3131L08,S3152R03,unrelated
S3131L08.jpg,S3152R02.jpg,S3131L08,S3152R02,unrelated
S3131L08.jpg,S3152R07.jpg,S3131L08,S3152R07,unrelated
S3131L08.jpg,S3181R04.jpg,S3131L08,S3181R04,unrelated
S3131L08.jpg,S3181R05.jpg,S3131L08,S3181R05,unrelated
S3131L08.jpg,S3182L01.jpg,S3131L08,S3182L01,unrelated
S3131L08.jpg,S3182R05.jpg,S3131L08,S3182R05,unrelated
S3131L08.jpg,S3182R06.jpg,S3131L08,S3182R06,unrelated
S3131L08.jpg,S3182R04.jpg,S3131L08,S3182R04,unrelated
S3131L08.jpg,S3182R03.jpg,S3131L08,S3182R03,unrelated
S3131L08.jpg,S3182R07.jpg,S3131L08,S3182R07,unrelated
S3131L08.jpg,S3141L03.jpg,S3131L08,S3141L03,unrelated
S3131L08.jpg,S3141R07.jpg,S3131L08,S3141R07,unrelated
S3131L08.jpg,S3141R10.jpg,S3131L08,S3141R10,unrelated
S3131L08.jpg,S3141R04.jpg,S3131L08,S3141R04,unrelated
S3131L08.jpg,S3141R06.jpg,S3131L08,S3141R06,unrelated
S3131L08.jpg,S3142L03.jpg,S3131L08,S3142L03,unrelated
S3131L08.jpg,S3142L02.jpg,S3131L08,S3142L02,unrelated
S3131L08.jpg,S3142L04.jpg,S3131L08,S3142L04,unrelated
S3131L08.jpg,S3142L07.jpg,S3131L08,S3142L07,unrelated
S3131L08.jpg,S3142R08.jpg,S3131L08,S3142R08,unrelated
S3131L08.jpg,S3142R07.jpg,S3131L08,S3142R07,unrelated
S3131L08.jpg,S3142R10.jpg,S3131L08,S3142R10,unrelated
S3131L08.jpg,S3142R09.jpg,S3131L08,S3142R09,unrelated
S3131L08.jpg,S3121L03.jpg,S3131L08,S3121L03,unrelated
S3131L08.jpg,S3121L02.jpg,S3131L08,S3121L02,unrelated
S3131L08.jpg,S3121L01.jpg,S3131L08,S3121L01,unrelated
S3131L08.jpg,S3121R04.jpg,S3131L08,S3121R04,unrelated
S3131L08.jpg,S3121R02.jpg,S3131L08,S3121R02,unrelated
S3131L08.jpg,S3121R01.jpg,S3131L08,S3121R01,unrelated
S3131L08.jpg,S3121R08.jpg,S3131L08,S3121R08,unrelated
S3131L08.jpg,S3121R07.jpg,S3131L08,S3121R07,unrelated
S3131L08.jpg,S3122L09.jpg,S3131L08,S3122L09,unrelated
S3131L08.jpg,S3122L07.jpg,S3131L08,S3122L07,unrelated
S3131L08.jpg,S3122L10.jpg,S3131L08,S3122L10,unrelated
S3131L08.jpg,S3122L01.jpg,S3131L08,S3122L01,unrelated
S3131L08.jpg,S3122L05.jpg,S3131L08,S3122L05,unrelated
S3131L08.jpg,S3122R02.jpg,S3131L08,S3122R02,unrelated
S3131L08.jpg,S3122R04.jpg,S3131L08,S3122R04,unrelated
S3131L08.jpg,S3122R03.jpg,S3131L08,S3122R03,unrelated
S3131L08.jpg,S3122R01.jpg,S3131L08,S3122R01,unrelated
S3131L08.jpg,S3051L07.jpg,S3131L08,S3051L07,unrelated
S3131L08.jpg,S3051L08.jpg,S3131L08,S3051L08,unrelated
S3131L08.jpg,S3051L10.jpg,S3131L08,S3051L10,unrelated
S3131L08.jpg,S3051L06.jpg,S3131L08,S3051L06,unrelated
S3131L08.jpg,S3051R01.jpg,S3131L08,S3051R01,unrelated
S3131L08.jpg,S3051R03.jpg,S3131L08,S3051R03,unrelated
S3131L08.jpg,S3052L01.jpg,S3131L08,S3052L01,unrelated
S3131L08.jpg,S3052L02.jpg,S3131L08,S3052L02,unrelated
S3131L08.jpg,S3052L03.jpg,S3131L08,S3052L03,unrelated
S3131L08.jpg,S3052R01.jpg,S3131L08,S3052R01,unrelated
S3131L08.jpg,S3011L07.jpg,S3131L08,S3011L07,unrelated
S3131L08.jpg,S3011R01.jpg,S3131L08,S3011R01,unrelated
S3131L08.jpg,S3011R02.jpg,S3131L08,S3011R02,unrelated
S3131L08.jpg,S3012L07.jpg,S3131L08,S3012L07,unrelated
S3131L08.jpg,S3012L02.jpg,S3131L08,S3012L02,unrelated
S3131L08.jpg,S3012R07.jpg,S3131L08,S3012R07,unrelated
S3131L10.jpg,S3131R04.jpg,S3131L10,S3131R04,same_subject_different_eye
S3131L10.jpg,S3131R06.jpg,S3131L10,S3131R06,same_subject_different_eye
S3131L10.jpg,S3131R05.jpg,S3131L10,S3131R05,same_subject_different_eye
S3131L10.jpg,S3131R07.jpg,S3131L10,S3131R07,same_subject_different_eye
S3131L10.jpg,S3132L09.jpg,S3131L10,S3132L09,twin_same_eye
S3131L10.jpg,S3132L08.jpg,S3131L10,S3132L08,twin_same_eye
S3131L10.jpg,S3132L05.jpg,S3131L10,S3132L05,twin_same_eye
S3131L10.jpg,S3132L10.jpg,S3131L10,S3132L10,twin_same_eye
S3131L10.jpg,S3132L04.jpg,S3131L10,S3132L04,twin_same_eye
S3131L10.jpg,S3132R06.jpg,S3131L10,S3132R06,twin_cross_eye
S3131L10.jpg,S3132R07.jpg,S3131L10,S3132R07,twin_cross_eye
S3131L10.jpg,S3031L06.jpg,S3131L10,S3031L06,unrelated
S3131L10.jpg,S3031R09.jpg,S3131L10,S3031R09,unrelated
S3131L10.jpg,S3032L08.jpg,S3131L10,S3032L08,unrelated
S3131L10.jpg,S3032L10.jpg,S3131L10,S3032L10,unrelated
S3131L10.jpg,S3032L09.jpg,S3131L10,S3032L09,unrelated
S3131L10.jpg,S3032L05.jpg,S3131L10,S3032L05,unrelated
S3131L10.jpg,S3032L06.jpg,S3131L10,S3032L06,unrelated
S3131L10.jpg,S3032R10.jpg,S3131L10,S3032R10,unrelated
S3131L10.jpg,S3032R05.jpg,S3131L10,S3032R05,unrelated
S3131L10.jpg,S3032R04.jpg,S3131L10,S3032R04,unrelated
S3131L10.jpg,S3032R07.jpg,S3131L10,S3032R07,unrelated
S3131L10.jpg,S3032R06.jpg,S3131L10,S3032R06,unrelated
S3131L10.jpg,S3041L03.jpg,S3131L10,S3041L03,unrelated
S3131L10.jpg,S3041L06.jpg,S3131L10,S3041L06,unrelated
S3131L10.jpg,S3041L05.jpg,S3131L10,S3041L05,unrelated
S3131L10.jpg,S3041L04.jpg,S3131L10,S3041L04,unrelated
S3131L10.jpg,S3041R01.jpg,S3131L10,S3041R01,unrelated
S3131L10.jpg,S3042L08.jpg,S3131L10,S3042L08,unrelated
S3131L10.jpg,S3042R07.jpg,S3131L10,S3042R07,unrelated
S3131L10.jpg,S3042R08.jpg,S3131L10,S3042R08,unrelated
S3131L10.jpg,S3002L02.jpg,S3131L10,S3002L02,unrelated
S3131L10.jpg,S3082R05.jpg,S3131L10,S3082R05,unrelated
S3131L10.jpg,S3082R02.jpg,S3131L10,S3082R02,unrelated
S3131L10.jpg,S3082R06.jpg,S3131L10,S3082R06,unrelated
S3131L10.jpg,S3082R01.jpg,S3131L10,S3082R01,unrelated
S3131L10.jpg,S3082R04.jpg,S3131L10,S3082R04,unrelated
S3131L10.jpg,S3061L03.jpg,S3131L10,S3061L03,unrelated
S3131L10.jpg,S3061L02.jpg,S3131L10,S3061L02,unrelated
S3131L10.jpg,S3061R01.jpg,S3131L10,S3061R01,unrelated
S3131L10.jpg,S3061R04.jpg,S3131L10,S3061R04,unrelated
S3131L10.jpg,S3061R07.jpg,S3131L10,S3061R07,unrelated
S3131L10.jpg,S3061R08.jpg,S3131L10,S3061R08,unrelated
S3131L10.jpg,S3062L03.jpg,S3131L10,S3062L03,unrelated
S3131L10.jpg,S3062L05.jpg,S3131L10,S3062L05,unrelated
S3131L10.jpg,S3062L07.jpg,S3131L10,S3062L07,unrelated
S3131L10.jpg,S3062L06.jpg,S3131L10,S3062L06,unrelated
S3131L10.jpg,S3062L04.jpg,S3131L10,S3062L04,unrelated
S3131L10.jpg,S3062R02.jpg,S3131L10,S3062R02,unrelated
S3131L10.jpg,S3062R09.jpg,S3131L10,S3062R09,unrelated
S3131L10.jpg,S3062R10.jpg,S3131L10,S3062R10,unrelated
S3131L10.jpg,S3062R07.jpg,S3131L10,S3062R07,unrelated
S3131L10.jpg,S3062R08.jpg,S3131L10,S3062R08,unrelated
S3131L10.jpg,S3021L04.jpg,S3131L10,S3021L04,unrelated
S3131L10.jpg,S3021L03.jpg,S3131L10,S3021L03,unrelated
S3131L10.jpg,S3021L06.jpg,S3131L10,S3021L06,unrelated
S3131L10.jpg,S3021L02.jpg,S3131L10,S3021L02,unrelated
S3131L10.jpg,S3021L01.jpg,S3131L10,S3021L01,unrelated
S3131L10.jpg,S3021R09.jpg,S3131L10,S3021R09,unrelated
S3131L10.jpg,S3021R01.jpg,S3131L10,S3021R01,unrelated
S3131L10.jpg,S3021R02.jpg,S3131L10,S3021R02,unrelated
S3131L10.jpg,S3021R07.jpg,S3131L10,S3021R07,unrelated
S3131L10.jpg,S3021R06.jpg,S3131L10,S3021R06,unrelated
S3131L10.jpg,S3022L01.jpg,S3131L10,S3022L01,unrelated
S3131L10.jpg,S3022R01.jpg,S3131L10,S3022R01,unrelated
S3131L10.jpg,S3022R02.jpg,S3131L10,S3022R02,unrelated
S3131L10.jpg,S3101L08.jpg,S3131L10,S3101L08,unrelated
S3131L10.jpg,S3101L04.jpg,S3131L10,S3101L04,unrelated
S3131L10.jpg,S3101L02.jpg,S3131L10,S3101L02,unrelated
S3131L10.jpg,S3101L09.jpg,S3131L10,S3101L09,unrelated
S3131L10.jpg,S3101L10.jpg,S3131L10,S3101L10,unrelated
S3131L10.jpg,S3101R07.jpg,S3131L10,S3101R07,unrelated
S3131L10.jpg,S3101R04.jpg,S3131L10,S3101R04,unrelated
S3131L10.jpg,S3101R03.jpg,S3131L10,S3101R03,unrelated
S3131L10.jpg,S3101R02.jpg,S3131L10,S3101R02,unrelated
S3131L10.jpg,S3101R05.jpg,S3131L10,S3101R05,unrelated
S3131L10.jpg,S3102L10.jpg,S3131L10,S3102L10,unrelated
S3131L10.jpg,S3102L09.jpg,S3131L10,S3102L09,unrelated
S3131L10.jpg,S3102L01.jpg,S3131L10,S3102L01,unrelated
S3131L10.jpg,S3102L07.jpg,S3131L10,S3102L07,unrelated
S3131L10.jpg,S3102L06.jpg,S3131L10,S3102L06,unrelated
S3131L10.jpg,S3102R07.jpg,S3131L10,S3102R07,unrelated
S3131L10.jpg,S3102R08.jpg,S3131L10,S3102R08,unrelated
S3131L10.jpg,S3102R02.jpg,S3131L10,S3102R02,unrelated
S3131L10.jpg,S3102R06.jpg,S3131L10,S3102R06,unrelated
S3131L10.jpg,S3102R09.jpg,S3131L10,S3102R09,unrelated
S3131L10.jpg,S3151L06.jpg,S3131L10,S3151L06,unrelated
S3131L10.jpg,S3151L04.jpg,S3131L10,S3151L04,unrelated
S3131L10.jpg,S3151L03.jpg,S3131L10,S3151L03,unrelated
S3131L10.jpg,S3151L05.jpg,S3131L10,S3151L05,unrelated
S3131L10.jpg,S3151L07.jpg,S3131L10,S3151L07,unrelated
S3131L10.jpg,S3151R03.jpg,S3131L10,S3151R03,unrelated
S3131L10.jpg,S3151R01.jpg,S3131L10,S3151R01,unrelated
S3131L10.jpg,S3151R02.jpg,S3131L10,S3151R02,unrelated
S3131L10.jpg,S3152R04.jpg,S3131L10,S3152R04,unrelated
S3131L10.jpg,S3152R03.jpg,S3131L10,S3152R03,unrelated
S3131L10.jpg,S3152R02.jpg,S3131L10,S3152R02,unrelated
S3131L10.jpg,S3152R07.jpg,S3131L10,S3152R07,unrelated
S3131L10.jpg,S3181R04.jpg,S3131L10,S3181R04,unrelated
S3131L10.jpg,S3181R05.jpg,S3131L10,S3181R05,unrelated
S3131L10.jpg,S3182L01.jpg,S3131L10,S3182L01,unrelated
S3131L10.jpg,S3182R05.jpg,S3131L10,S3182R05,unrelated
S3131L10.jpg,S3182R06.jpg,S3131L10,S3182R06,unrelated
S3131L10.jpg,S3182R04.jpg,S3131L10,S3182R04,unrelated
S3131L10.jpg,S3182R03.jpg,S3131L10,S3182R03,unrelated
S3131L10.jpg,S3182R07.jpg,S3131L10,S3182R07,unrelated
S3131L10.jpg,S3141L03.jpg,S3131L10,S3141L03,unrelated
S3131L10.jpg,S3141R07.jpg,S3131L10,S3141R07,unrelated
S3131L10.jpg,S3141R10.jpg,S3131L10,S3141R10,unrelated
S3131L10.jpg,S3141R04.jpg,S3131L10,S3141R04,unrelated
S3131L10.jpg,S3141R06.jpg,S3131L10,S3141R06,unrelated
S3131L10.jpg,S3142L03.jpg,S3131L10,S3142L03,unrelated
S3131L10.jpg,S3142L02.jpg,S3131L10,S3142L02,unrelated
S3131L10.jpg,S3142L04.jpg,S3131L10,S3142L04,unrelated
S3131L10.jpg,S3142L07.jpg,S3131L10,S3142L07,unrelated
S3131L10.jpg,S3142R08.jpg,S3131L10,S3142R08,unrelated
S3131L10.jpg,S3142R07.jpg,S3131L10,S3142R07,unrelated
S3131L10.jpg,S3142R10.jpg,S3131L10,S3142R10,unrelated
S3131L10.jpg,S3142R09.jpg,S3131L10,S3142R09,unrelated
S3131L10.jpg,S3121L03.jpg,S3131L10,S3121L03,unrelated
S3131L10.jpg,S3121L02.jpg,S3131L10,S3121L02,unrelated
S3131L10.jpg,S3121L01.jpg,S3131L10,S3121L01,unrelated
S3131L10.jpg,S3121R04.jpg,S3131L10,S3121R04,unrelated
S3131L10.jpg,S3121R02.jpg,S3131L10,S3121R02,unrelated
S3131L10.jpg,S3121R01.jpg,S3131L10,S3121R01,unrelated
S3131L10.jpg,S3121R08.jpg,S3131L10,S3121R08,unrelated
S3131L10.jpg,S3121R07.jpg,S3131L10,S3121R07,unrelated
S3131L10.jpg,S3122L09.jpg,S3131L10,S3122L09,unrelated
S3131L10.jpg,S3122L07.jpg,S3131L10,S3122L07,unrelated
S3131L10.jpg,S3122L10.jpg,S3131L10,S3122L10,unrelated
S3131L10.jpg,S3122L01.jpg,S3131L10,S3122L01,unrelated
S3131L10.jpg,S3122L05.jpg,S3131L10,S3122L05,unrelated
S3131L10.jpg,S3122R02.jpg,S3131L10,S3122R02,unrelated
S3131L10.jpg,S3122R04.jpg,S3131L10,S3122R04,unrelated
S3131L10.jpg,S3122R03.jpg,S3131L10,S3122R03,unrelated
S3131L10.jpg,S3122R01.jpg,S3131L10,S3122R01,unrelated
S3131L10.jpg,S3051L07.jpg,S3131L10,S3051L07,unrelated
S3131L10.jpg,S3051L08.jpg,S3131L10,S3051L08,unrelated
S3131L10.jpg,S3051L10.jpg,S3131L10,S3051L10,unrelated
S3131L10.jpg,S3051L06.jpg,S3131L10,S3051L06,unrelated
S3131L10.jpg,S3051R01.jpg,S3131L10,S3051R01,unrelated
S3131L10.jpg,S3051R03.jpg,S3131L10,S3051R03,unrelated
S3131L10.jpg,S3052L01.jpg,S3131L10,S3052L01,unrelated
S3131L10.jpg,S3052L02.jpg,S3131L10,S3052L02,unrelated
S3131L10.jpg,S3052L03.jpg,S3131L10,S3052L03,unrelated
S3131L10.jpg,S3052R01.jpg,S3131L10,S3052R01,unrelated
S3131L10.jpg,S3011L07.jpg,S3131L10,S3011L07,unrelated
S3131L10.jpg,S3011R01.jpg,S3131L10,S3011R01,unrelated
S3131L10.jpg,S3011R02.jpg,S3131L10,S3011R02,unrelated
S3131L10.jpg,S3012L07.jpg,S3131L10,S3012L07,unrelated
S3131L10.jpg,S3012L02.jpg,S3131L10,S3012L02,unrelated
S3131L10.jpg,S3012R07.jpg,S3131L10,S3012R07,unrelated
S3131R04.jpg,S3131R06.jpg,S3131R04,S3131R06,genuine
S3131R04.jpg,S3131R05.jpg,S3131R04,S3131R05,genuine
S3131R04.jpg,S3131R07.jpg,S3131R04,S3131R07,genuine
S3131R04.jpg,S3132L09.jpg,S3131R04,S3132L09,twin_cross_eye
S3131R04.jpg,S3132L08.jpg,S3131R04,S3132L08,twin_cross_eye
S3131R04.jpg,S3132L05.jpg,S3131R04,S3132L05,twin_cross_eye
S3131R04.jpg,S3132L10.jpg,S3131R04,S3132L10,twin_cross_eye
S3131R04.jpg,S3132L04.jpg,S3131R04,S3132L04,twin_cross_eye
S3131R04.jpg,S3132R06.jpg,S3131R04,S3132R06,twin_same_eye
S3131R04.jpg,S3132R07.jpg,S3131R04,S3132R07,twin_same_eye
S3131R04.jpg,S3031L06.jpg,S3131R04,S3031L06,unrelated
S3131R04.jpg,S3031R09.jpg,S3131R04,S3031R09,unrelated
S3131R04.jpg,S3032L08.jpg,S3131R04,S3032L08,unrelated
S3131R04.jpg,S3032L10.jpg,S3131R04,S3032L10,unrelated
S3131R04.jpg,S3032L09.jpg,S3131R04,S3032L09,unrelated
S3131R04.jpg,S3032L05.jpg,S3131R04,S3032L05,unrelated
S3131R04.jpg,S3032L06.jpg,S3131R04,S3032L06,unrelated
S3131R04.jpg,S3032R10.jpg,S3131R04,S3032R10,unrelated
S3131R04.jpg,S3032R05.jpg,S3131R04,S3032R05,unrelated
S3131R04.jpg,S3032R04.jpg,S3131R04,S3032R04,unrelated
S3131R04.jpg,S3032R07.jpg,S3131R04,S3032R07,unrelated
S3131R04.jpg,S3032R06.jpg,S3131R04,S3032R06,unrelated
S3131R04.jpg,S3041L03.jpg,S3131R04,S3041L03,unrelated
S3131R04.jpg,S3041L06.jpg,S3131R04,S3041L06,unrelated
S3131R04.jpg,S3041L05.jpg,S3131R04,S3041L05,unrelated
S3131R04.jpg,S3041L04.jpg,S3131R04,S3041L04,unrelated
S3131R04.jpg,S3041R01.jpg,S3131R04,S3041R01,unrelated
S3131R04.jpg,S3042L08.jpg,S3131R04,S3042L08,unrelated
S3131R04.jpg,S3042R07.jpg,S3131R04,S3042R07,unrelated
S3131R04.jpg,S3042R08.jpg,S3131R04,S3042R08,unrelated
S3131R04.jpg,S3002L02.jpg,S3131R04,S3002L02,unrelated
S3131R04.jpg,S3082R05.jpg,S3131R04,S3082R05,unrelated
S3131R04.jpg,S3082R02.jpg,S3131R04,S3082R02,unrelated
S3131R04.jpg,S3082R06.jpg,S3131R04,S3082R06,unrelated
S3131R04.jpg,S3082R01.jpg,S3131R04,S3082R01,unrelated
S3131R04.jpg,S3082R04.jpg,S3131R04,S3082R04,unrelated
S3131R04.jpg,S3061L03.jpg,S3131R04,S3061L03,unrelated
S3131R04.jpg,S3061L02.jpg,S3131R04,S3061L02,unrelated
S3131R04.jpg,S3061R01.jpg,S3131R04,S3061R01,unrelated
S3131R04.jpg,S3061R04.jpg,S3131R04,S3061R04,unrelated
S3131R04.jpg,S3061R07.jpg,S3131R04,S3061R07,unrelated
S3131R04.jpg,S3061R08.jpg,S3131R04,S3061R08,unrelated
S3131R04.jpg,S3062L03.jpg,S3131R04,S3062L03,unrelated
S3131R04.jpg,S3062L05.jpg,S3131R04,S3062L05,unrelated
S3131R04.jpg,S3062L07.jpg,S3131R04,S3062L07,unrelated
S3131R04.jpg,S3062L06.jpg,S3131R04,S3062L06,unrelated
S3131R04.jpg,S3062L04.jpg,S3131R04,S3062L04,unrelated
S3131R04.jpg,S3062R02.jpg,S3131R04,S3062R02,unrelated
S3131R04.jpg,S3062R09.jpg,S3131R04,S3062R09,unrelated
S3131R04.jpg,S3062R10.jpg,S3131R04,S3062R10,unrelated
S3131R04.jpg,S3062R07.jpg,S3131R04,S3062R07,unrelated
S3131R04.jpg,S3062R08.jpg,S3131R04,S3062R08,unrelated
S3131R04.jpg,S3021L04.jpg,S3131R04,S3021L04,unrelated
S3131R04.jpg,S3021L03.jpg,S3131R04,S3021L03,unrelated
S3131R04.jpg,S3021L06.jpg,S3131R04,S3021L06,unrelated
S3131R04.jpg,S3021L02.jpg,S3131R04,S3021L02,unrelated
S3131R04.jpg,S3021L01.jpg,S3131R04,S3021L01,unrelated
S3131R04.jpg,S3021R09.jpg,S3131R04,S3021R09,unrelated
S3131R04.jpg,S3021R01.jpg,S3131R04,S3021R01,unrelated
S3131R04.jpg,S3021R02.jpg,S3131R04,S3021R02,unrelated
S3131R04.jpg,S3021R07.jpg,S3131R04,S3021R07,unrelated
S3131R04.jpg,S3021R06.jpg,S3131R04,S3021R06,unrelated
S3131R04.jpg,S3022L01.jpg,S3131R04,S3022L01,unrelated
S3131R04.jpg,S3022R01.jpg,S3131R04,S3022R01,unrelated
S3131R04.jpg,S3022R02.jpg,S3131R04,S3022R02,unrelated
S3131R04.jpg,S3101L08.jpg,S3131R04,S3101L08,unrelated
S3131R04.jpg,S3101L04.jpg,S3131R04,S3101L04,unrelated
S3131R04.jpg,S3101L02.jpg,S3131R04,S3101L02,unrelated
S3131R04.jpg,S3101L09.jpg,S3131R04,S3101L09,unrelated
S3131R04.jpg,S3101L10.jpg,S3131R04,S3101L10,unrelated
S3131R04.jpg,S3101R07.jpg,S3131R04,S3101R07,unrelated
S3131R04.jpg,S3101R04.jpg,S3131R04,S3101R04,unrelated
S3131R04.jpg,S3101R03.jpg,S3131R04,S3101R03,unrelated
S3131R04.jpg,S3101R02.jpg,S3131R04,S3101R02,unrelated
S3131R04.jpg,S3101R05.jpg,S3131R04,S3101R05,unrelated
S3131R04.jpg,S3102L10.jpg,S3131R04,S3102L10,unrelated
S3131R04.jpg,S3102L09.jpg,S3131R04,S3102L09,unrelated
S3131R04.jpg,S3102L01.jpg,S3131R04,S3102L01,unrelated
S3131R04.jpg,S3102L07.jpg,S3131R04,S3102L07,unrelated
S3131R04.jpg,S3102L06.jpg,S3131R04,S3102L06,unrelated
S3131R04.jpg,S3102R07.jpg,S3131R04,S3102R07,unrelated
S3131R04.jpg,S3102R08.jpg,S3131R04,S3102R08,unrelated
S3131R04.jpg,S3102R02.jpg,S3131R04,S3102R02,unrelated
S3131R04.jpg,S3102R06.jpg,S3131R04,S3102R06,unrelated
S3131R04.jpg,S3102R09.jpg,S3131R04,S3102R09,unrelated
S3131R04.jpg,S3151L06.jpg,S3131R04,S3151L06,unrelated
S3131R04.jpg,S3151L04.jpg,S3131R04,S3151L04,unrelated
S3131R04.jpg,S3151L03.jpg,S3131R04,S3151L03,unrelated
S3131R04.jpg,S3151L05.jpg,S3131R04,S3151L05,unrelated
S3131R04.jpg,S3151L07.jpg,S3131R04,S3151L07,unrelated
S3131R04.jpg,S3151R03.jpg,S3131R04,S3151R03,unrelated
S3131R04.jpg,S3151R01.jpg,S3131R04,S3151R01,unrelated
S3131R04.jpg,S3151R02.jpg,S3131R04,S3151R02,unrelated
S3131R04.jpg,S3152R04.jpg,S3131R04,S3152R04,unrelated
S3131R04.jpg,S3152R03.jpg,S3131R04,S3152R03,unrelated
S3131R04.jpg,S3152R02.jpg,S3131R04,S3152R02,unrelated
S3131R04.jpg,S3152R07.jpg,S3131R04,S3152R07,unrelated
S3131R04.jpg,S3181R04.jpg,S3131R04,S3181R04,unrelated
S3131R04.jpg,S3181R05.jpg,S3131R04,S3181R05,unrelated
S3131R04.jpg,S3182L01.jpg,S3131R04,S3182L01,unrelated
S3131R04.jpg,S3182R05.jpg,S3131R04,S3182R05,unrelated
S3131R04.jpg,S3182R06.jpg,S3131R04,S3182R06,unrelated
S3131R04.jpg,S3182R04.jpg,S3131R04,S3182R04,unrelated
S3131R04.jpg,S3182R03.jpg,S3131R04,S3182R03,unrelated
S3131R04.jpg,S3182R07.jpg,S3131R04,S3182R07,unrelated
S3131R04.jpg,S3141L03.jpg,S3131R04,S3141L03,unrelated
S3131R04.jpg,S3141R07.jpg,S3131R04,S3141R07,unrelated
S3131R04.jpg,S3141R10.jpg,S3131R04,S3141R10,unrelated
S3131R04.jpg,S3141R04.jpg,S3131R04,S3141R04,unrelated
S3131R04.jpg,S3141R06.jpg,S3131R04,S3141R06,unrelated
S3131R04.jpg,S3142L03.jpg,S3131R04,S3142L03,unrelated
S3131R04.jpg,S3142L02.jpg,S3131R04,S3142L02,unrelated
S3131R04.jpg,S3142L04.jpg,S3131R04,S3142L04,unrelated
S3131R04.jpg,S3142L07.jpg,S3131R04,S3142L07,unrelated
S3131R04.jpg,S3142R08.jpg,S3131R04,S3142R08,unrelated
S3131R04.jpg,S3142R07.jpg,S3131R04,S3142R07,unrelated
S3131R04.jpg,S3142R10.jpg,S3131R04,S3142R10,unrelated
S3131R04.jpg,S3142R09.jpg,S3131R04,S3142R09,unrelated
S3131R04.jpg,S3121L03.jpg,S3131R04,S3121L03,unrelated
S3131R04.jpg,S3121L02.jpg,S3131R04,S3121L02,unrelated
S3131R04.jpg,S3121L01.jpg,S3131R04,S3121L01,unrelated
S3131R04.jpg,S3121R04.jpg,S3131R04,S3121R04,unrelated
S3131R04.jpg,S3121R02.jpg,S3131R04,S3121R02,unrelated
S3131R04.jpg,S3121R01.jpg,S3131R04,S3121R01,unrelated
S3131R04.jpg,S3121R08.jpg,S3131R04,S3121R08,unrelated
S3131R04.jpg,S3121R07.jpg,S3131R04,S3121R07,unrelated
S3131R04.jpg,S3122L09.jpg,S3131R04,S3122L09,unrelated
S3131R04.jpg,S3122L07.jpg,S3131R04,S3122L07,unrelated
S3131R04.jpg,S3122L10.jpg,S3131R04,S3122L10,unrelated
S3131R04.jpg,S3122L01.jpg,S3131R04,S3122L01,unrelated
S3131R04.jpg,S3122L05.jpg,S3131R04,S3122L05,unrelated
S3131R04.jpg,S3122R02.jpg,S3131R04,S3122R02,unrelated
S3131R04.jpg,S3122R04.jpg,S3131R04,S3122R04,unrelated
S3131R04.jpg,S3122R03.jpg,S3131R04,S3122R03,unrelated
S3131R04.jpg,S3122R01.jpg,S3131R04,S3122R01,unrelated
S3131R04.jpg,S3051L07.jpg,S3131R04,S3051L07,unrelated
S3131R04.jpg,S3051L08.jpg,S3131R04,S3051L08,unrelated
S3131R04.jpg,S3051L10.jpg,S3131R04,S3051L10,unrelated
S3131R04.jpg,S3051L06.jpg,S3131R04,S3051L06,unrelated
S3131R04.jpg,S3051R01.jpg,S3131R04,S3051R01,unrelated
S3131R04.jpg,S3051R03.jpg,S3131R04,S3051R03,unrelated
S3131R04.jpg,S3052L01.jpg,S3131R04,S3052L01,unrelated
S3131R04.jpg,S3052L02.jpg,S3131R04,S3052L02,unrelated
S3131R04.jpg,S3052L03.jpg,S3131R04,S3052L03,unrelated
S3131R04.jpg,S3052R01.jpg,S3131R04,S3052R01,unrelated
S3131R04.jpg,S3011L07.jpg,S3131R04,S3011L07,unrelated
S3131R04.jpg,S3011R01.jpg,S3131R04,S3011R01,unrelated
S3131R04.jpg,S3011R02.jpg,S3131R04,S3011R02,unrelated
S3131R04.jpg,S3012L07.jpg,S3131R04,S3012L07,unrelated
S3131R04.jpg,S3012L02.jpg,S3131R04,S3012L02,unrelated
S3131R04.jpg,S3012R07.jpg,S3131R04,S3012R07,unrelated
S3131R06.jpg,S3131R05.jpg,S3131R06,S3131R05,genuine
S3131R06.jpg,S3131R07.jpg,S3131R06,S3131R07,genuine
S3131R06.jpg,S3132L09.jpg,S3131R06,S3132L09,twin_cross_eye
S3131R06.jpg,S3132L08.jpg,S3131R06,S3132L08,twin_cross_eye
S3131R06.jpg,S3132L05.jpg,S3131R06,S3132L05,twin_cross_eye
S3131R06.jpg,S3132L10.jpg,S3131R06,S3132L10,twin_cross_eye
S3131R06.jpg,S3132L04.jpg,S3131R06,S3132L04,twin_cross_eye
S3131R06.jpg,S3132R06.jpg,S3131R06,S3132R06,twin_same_eye
S3131R06.jpg,S3132R07.jpg,S3131R06,S3132R07,twin_same_eye
S3131R06.jpg,S3031L06.jpg,S3131R06,S3031L06,unrelated
S3131R06.jpg,S3031R09.jpg,S3131R06,S3031R09,unrelated
S3131R06.jpg,S3032L08.jpg,S3131R06,S3032L08,unrelated
S3131R06.jpg,S3032L10.jpg,S3131R06,S3032L10,unrelated
S3131R06.jpg,S3032L09.jpg,S3131R06,S3032L09,unrelated
S3131R06.jpg,S3032L05.jpg,S3131R06,S3032L05,unrelated
S3131R06.jpg,S3032L06.jpg,S3131R06,S3032L06,unrelated
S3131R06.jpg,S3032R10.jpg,S3131R06,S3032R10,unrelated
S3131R06.jpg,S3032R05.jpg,S3131R06,S3032R05,unrelated
S3131R06.jpg,S3032R04.jpg,S3131R06,S3032R04,unrelated
S3131R06.jpg,S3032R07.jpg,S3131R06,S3032R07,unrelated
S3131R06.jpg,S3032R06.jpg,S3131R06,S3032R06,unrelated
S3131R06.jpg,S3041L03.jpg,S3131R06,S3041L03,unrelated
S3131R06.jpg,S3041L06.jpg,S3131R06,S3041L06,unrelated
S3131R06.jpg,S3041L05.jpg,S3131R06,S3041L05,unrelated
S3131R06.jpg,S3041L04.jpg,S3131R06,S3041L04,unrelated
S3131R06.jpg,S3041R01.jpg,S3131R06,S3041R01,unrelated
S3131R06.jpg,S3042L08.jpg,S3131R06,S3042L08,unrelated
S3131R06.jpg,S3042R07.jpg,S3131R06,S3042R07,unrelated
S3131R06.jpg,S3042R08.jpg,S3131R06,S3042R08,unrelated
S3131R06.jpg,S3002L02.jpg,S3131R06,S3002L02,unrelated
S3131R06.jpg,S3082R05.jpg,S3131R06,S3082R05,unrelated
S3131R06.jpg,S3082R02.jpg,S3131R06,S3082R02,unrelated
S3131R06.jpg,S3082R06.jpg,S3131R06,S3082R06,unrelated
S3131R06.jpg,S3082R01.jpg,S3131R06,S3082R01,unrelated
S3131R06.jpg,S3082R04.jpg,S3131R06,S3082R04,unrelated
S3131R06.jpg,S3061L03.jpg,S3131R06,S3061L03,unrelated
S3131R06.jpg,S3061L02.jpg,S3131R06,S3061L02,unrelated
S3131R06.jpg,S3061R01.jpg,S3131R06,S3061R01,unrelated
S3131R06.jpg,S3061R04.jpg,S3131R06,S3061R04,unrelated
S3131R06.jpg,S3061R07.jpg,S3131R06,S3061R07,unrelated
S3131R06.jpg,S3061R08.jpg,S3131R06,S3061R08,unrelated
S3131R06.jpg,S3062L03.jpg,S3131R06,S3062L03,unrelated
S3131R06.jpg,S3062L05.jpg,S3131R06,S3062L05,unrelated
S3131R06.jpg,S3062L07.jpg,S3131R06,S3062L07,unrelated
S3131R06.jpg,S3062L06.jpg,S3131R06,S3062L06,unrelated
S3131R06.jpg,S3062L04.jpg,S3131R06,S3062L04,unrelated
S3131R06.jpg,S3062R02.jpg,S3131R06,S3062R02,unrelated
S3131R06.jpg,S3062R09.jpg,S3131R06,S3062R09,unrelated
S3131R06.jpg,S3062R10.jpg,S3131R06,S3062R10,unrelated
S3131R06.jpg,S3062R07.jpg,S3131R06,S3062R07,unrelated
S3131R06.jpg,S3062R08.jpg,S3131R06,S3062R08,unrelated
S3131R06.jpg,S3021L04.jpg,S3131R06,S3021L04,unrelated
S3131R06.jpg,S3021L03.jpg,S3131R06,S3021L03,unrelated
S3131R06.jpg,S3021L06.jpg,S3131R06,S3021L06,unrelated
S3131R06.jpg,S3021L02.jpg,S3131R06,S3021L02,unrelated
S3131R06.jpg,S3021L01.jpg,S3131R06,S3021L01,unrelated
S3131R06.jpg,S3021R09.jpg,S3131R06,S3021R09,unrelated
S3131R06.jpg,S3021R01.jpg,S3131R06,S3021R01,unrelated
S3131R06.jpg,S3021R02.jpg,S3131R06,S3021R02,unrelated
S3131R06.jpg,S3021R07.jpg,S3131R06,S3021R07,unrelated
S3131R06.jpg,S3021R06.jpg,S3131R06,S3021R06,unrelated
S3131R06.jpg,S3022L01.jpg,S3131R06,S3022L01,unrelated
S3131R06.jpg,S3022R01.jpg,S3131R06,S3022R01,unrelated
S3131R06.jpg,S3022R02.jpg,S3131R06,S3022R02,unrelated
S3131R06.jpg,S3101L08.jpg,S3131R06,S3101L08,unrelated
S3131R06.jpg,S3101L04.jpg,S3131R06,S3101L04,unrelated
S3131R06.jpg,S3101L02.jpg,S3131R06,S3101L02,unrelated
S3131R06.jpg,S3101L09.jpg,S3131R06,S3101L09,unrelated
S3131R06.jpg,S3101L10.jpg,S3131R06,S3101L10,unrelated
S3131R06.jpg,S3101R07.jpg,S3131R06,S3101R07,unrelated
S3131R06.jpg,S3101R04.jpg,S3131R06,S3101R04,unrelated
S3131R06.jpg,S3101R03.jpg,S3131R06,S3101R03,unrelated
S3131R06.jpg,S3101R02.jpg,S3131R06,S3101R02,unrelated
S3131R06.jpg,S3101R05.jpg,S3131R06,S3101R05,unrelated
S3131R06.jpg,S3102L10.jpg,S3131R06,S3102L10,unrelated
S3131R06.jpg,S3102L09.jpg,S3131R06,S3102L09,unrelated
S3131R06.jpg,S3102L01.jpg,S3131R06,S3102L01,unrelated
S3131R06.jpg,S3102L07.jpg,S3131R06,S3102L07,unrelated
S3131R06.jpg,S3102L06.jpg,S3131R06,S3102L06,unrelated
S3131R06.jpg,S3102R07.jpg,S3131R06,S3102R07,unrelated
S3131R06.jpg,S3102R08.jpg,S3131R06,S3102R08,unrelated
S3131R06.jpg,S3102R02.jpg,S3131R06,S3102R02,unrelated
S3131R06.jpg,S3102R06.jpg,S3131R06,S3102R06,unrelated
S3131R06.jpg,S3102R09.jpg,S3131R06,S3102R09,unrelated
S3131R06.jpg,S3151L06.jpg,S3131R06,S3151L06,unrelated
S3131R06.jpg,S3151L04.jpg,S3131R06,S3151L04,unrelated
S3131R06.jpg,S3151L03.jpg,S3131R06,S3151L03,unrelated
S3131R06.jpg,S3151L05.jpg,S3131R06,S3151L05,unrelated
S3131R06.jpg,S3151L07.jpg,S3131R06,S3151L07,unrelated
S3131R06.jpg,S3151R03.jpg,S3131R06,S3151R03,unrelated
S3131R06.jpg,S3151R01.jpg,S3131R06,S3151R01,unrelated
S3131R06.jpg,S3151R02.jpg,S3131R06,S3151R02,unrelated
S3131R06.jpg,S3152R04.jpg,S3131R06,S3152R04,unrelated
S3131R06.jpg,S3152R03.jpg,S3131R06,S3152R03,unrelated
S3131R06.jpg,S3152R02.jpg,S3131R06,S3152R02,unrelated
S3131R06.jpg,S3152R07.jpg,S3131R06,S3152R07,unrelated
S3131R06.jpg,S3181R04.jpg,S3131R06,S3181R04,unrelated
S3131R06.jpg,S3181R05.jpg,S3131R06,S3181R05,unrelated
S3131R06.jpg,S3182L01.jpg,S3131R06,S3182L01,unrelated
S3131R06.jpg,S3182R05.jpg,S3131R06,S3182R05,unrelated
S3131R06.jpg,S3182R06.jpg,S3131R06,S3182R06,unrelated
S3131R06.jpg,S3182R04.jpg,S3131R06,S3182R04,unrelated
S3131R06.jpg,S3182R03.jpg,S3131R06,S3182R03,unrelated
S3131R06.jpg,S3182R07.jpg,S3131R06,S3182R07,unrelated
S3131R06.jpg,S3141L03.jpg,S3131R06,S3141L03,unrelated
S3131R06.jpg,S3141R07.jpg,S3131R06,S3141R07,unrelated
S3131R06.jpg,S3141R10.jpg,S3131R06,S3141R10,unrelated
S3131R06.jpg,S3141R04.jpg,S3131R06,S3141R04,unrelated
S3131R06.jpg,S3141R06.jpg,S3131R06,S3141R06,unrelated
S3131R06.jpg,S3142L03.jpg,S3131R06,S3142L03,unrelated
S3131R06.jpg,S3142L02.jpg,S3131R06,S3142L02,unrelated
S3131R06.jpg,S3142L04.jpg,S3131R06,S3142L04,unrelated
S3131R06.jpg,S3142L07.jpg,S3131R06,S3142L07,unrelated
S3131R06.jpg,S3142R08.jpg,S3131R06,S3142R08,unrelated
S3131R06.jpg,S3142R07.jpg,S3131R06,S3142R07,unrelated
S3131R06.jpg,S3142R10.jpg,S3131R06,S3142R10,unrelated
S3131R06.jpg,S3142R09.jpg,S3131R06,S3142R09,unrelated
S3131R06.jpg,S3121L03.jpg,S3131R06,S3121L03,unrelated
S3131R06.jpg,S3121L02.jpg,S3131R06,S3121L02,unrelated
S3131R06.jpg,S3121L01.jpg,S3131R06,S3121L01,unrelated
S3131R06.jpg,S3121R04.jpg,S3131R06,S3121R04,unrelated
S3131R06.jpg,S3121R02.jpg,S3131R06,S3121R02,unrelated
S3131R06.jpg,S3121R01.jpg,S3131R06,S3121R01,unrelated
S3131R06.jpg,S3121R08.jpg,S3131R06,S3121R08,unrelated
S3131R06.jpg,S3121R07.jpg,S3131R06,S3121R07,unrelated
S3131R06.jpg,S3122L09.jpg,S3131R06,S3122L09,unrelated
S3131R06.jpg,S3122L07.jpg,S3131R06,S3122L07,unrelated
S3131R06.jpg,S3122L10.jpg,S3131R06,S3122L10,unrelated
S3131R06.jpg,S3122L01.jpg,S3131R06,S3122L01,unrelated
S3131R06.jpg,S3122L05.jpg,S3131R06,S3122L05,unrelated
S3131R06.jpg,S3122R02.jpg,S3131R06,S3122R02,unrelated
S3131R06.jpg,S3122R04.jpg,S3131R06,S3122R04,unrelated
S3131R06.jpg,S3122R03.jpg,S3131R06,S3122R03,unrelated
S3131R06.jpg,S3122R01.jpg,S3131R06,S3122R01,unrelated
S3131R06.jpg,S3051L07.jpg,S3131R06,S3051L07,unrelated
S3131R06.jpg,S3051L08.jpg,S3131R06,S3051L08,unrelated
S3131R06.jpg,S3051L10.jpg,S3131R06,S3051L10,unrelated
S3131R06.jpg,S3051L06.jpg,S3131R06,S3051L06,unrelated
S3131R06.jpg,S3051R01.jpg,S3131R06,S3051R01,unrelated
S3131R06.jpg,S3051R03.jpg,S3131R06,S3051R03,unrelated
S3131R06.jpg,S3052L01.jpg,S3131R06,S3052L01,unrelated
S3131R06.jpg,S3052L02.jpg,S3131R06,S3052L02,unrelated
S3131R06.jpg,S3052L03.jpg,S3131R06,S3052L03,unrelated
S3131R06.jpg,S3052R01.jpg,S3131R06,S3052R01,unrelated
S3131R06.jpg,S3011L07.jpg,S3131R06,S3011L07,unrelated
S3131R06.jpg,S3011R01.jpg,S3131R06,S3011R01,unrelated
S3131R06.jpg,S3011R02.jpg,S3131R06,S3011R02,unrelated
S3131R06.jpg,S3012L07.jpg,S3131R06,S3012L07,unrelated
S3131R06.jpg,S3012L02.jpg,S3131R06,S3012L02,unrelated
S3131R06.jpg,S3012R07.jpg,S3131R06,S3012R07,unrelated
S3131R05.jpg,S3131R07.jpg,S3131R05,S3131R07,genuine
S3131R05.jpg,S3132L09.jpg,S3131R05,S3132L09,twin_cross_eye
S3131R05.jpg,S3132L08.jpg,S3131R05,S3132L08,twin_cross_eye
S3131R05.jpg,S3132L05.jpg,S3131R05,S3132L05,twin_cross_eye
S3131R05.jpg,S3132L10.jpg,S3131R05,S3132L10,twin_cross_eye
S3131R05.jpg,S3132L04.jpg,S3131R05,S3132L04,twin_cross_eye
S3131R05.jpg,S3132R06.jpg,S3131R05,S3132R06,twin_same_eye
S3131R05.jpg,S3132R07.jpg,S3131R05,S3132R07,twin_same_eye
S3131R05.jpg,S3031L06.jpg,S3131R05,S3031L06,unrelated
S3131R05.jpg,S3031R09.jpg,S3131R05,S3031R09,unrelated
S3131R05.jpg,S3032L08.jpg,S3131R05,S3032L08,unrelated
S3131R05.jpg,S3032L10.jpg,S3131R05,S3032L10,unrelated
S3131R05.jpg,S3032L09.jpg,S3131R05,S3032L09,unrelated
S3131R05.jpg,S3032L05.jpg,S3131R05,S3032L05,unrelated
S3131R05.jpg,S3032L06.jpg,S3131R05,S3032L06,unrelated
S3131R05.jpg,S3032R10.jpg,S3131R05,S3032R10,unrelated
S3131R05.jpg,S3032R05.jpg,S3131R05,S3032R05,unrelated
S3131R05.jpg,S3032R04.jpg,S3131R05,S3032R04,unrelated
S3131R05.jpg,S3032R07.jpg,S3131R05,S3032R07,unrelated
S3131R05.jpg,S3032R06.jpg,S3131R05,S3032R06,unrelated
S3131R05.jpg,S3041L03.jpg,S3131R05,S3041L03,unrelated
S3131R05.jpg,S3041L06.jpg,S3131R05,S3041L06,unrelated
S3131R05.jpg,S3041L05.jpg,S3131R05,S3041L05,unrelated
S3131R05.jpg,S3041L04.jpg,S3131R05,S3041L04,unrelated
S3131R05.jpg,S3041R01.jpg,S3131R05,S3041R01,unrelated
S3131R05.jpg,S3042L08.jpg,S3131R05,S3042L08,unrelated
S3131R05.jpg,S3042R07.jpg,S3131R05,S3042R07,unrelated
S3131R05.jpg,S3042R08.jpg,S3131R05,S3042R08,unrelated
S3131R05.jpg,S3002L02.jpg,S3131R05,S3002L02,unrelated
S3131R05.jpg,S3082R05.jpg,S3131R05,S3082R05,unrelated
S3131R05.jpg,S3082R02.jpg,S3131R05,S3082R02,unrelated
S3131R05.jpg,S3082R06.jpg,S3131R05,S3082R06,unrelated
S3131R05.jpg,S3082R01.jpg,S3131R05,S3082R01,unrelated
S3131R05.jpg,S3082R04.jpg,S3131R05,S3082R04,unrelated
S3131R05.jpg,S3061L03.jpg,S3131R05,S3061L03,unrelated
S3131R05.jpg,S3061L02.jpg,S3131R05,S3061L02,unrelated
S3131R05.jpg,S3061R01.jpg,S3131R05,S3061R01,unrelated
S3131R05.jpg,S3061R04.jpg,S3131R05,S3061R04,unrelated
S3131R05.jpg,S3061R07.jpg,S3131R05,S3061R07,unrelated
S3131R05.jpg,S3061R08.jpg,S3131R05,S3061R08,unrelated
S3131R05.jpg,S3062L03.jpg,S3131R05,S3062L03,unrelated
S3131R05.jpg,S3062L05.jpg,S3131R05,S3062L05,unrelated
S3131R05.jpg,S3062L07.jpg,S3131R05,S3062L07,unrelated
S3131R05.jpg,S3062L06.jpg,S3131R05,S3062L06,unrelated
S3131R05.jpg,S3062L04.jpg,S3131R05,S3062L04,unrelated
S3131R05.jpg,S3062R02.jpg,S3131R05,S3062R02,unrelated
S3131R05.jpg,S3062R09.jpg,S3131R05,S3062R09,unrelated
S3131R05.jpg,S3062R10.jpg,S3131R05,S3062R10,unrelated
S3131R05.jpg,S3062R07.jpg,S3131R05,S3062R07,unrelated
S3131R05.jpg,S3062R08.jpg,S3131R05,S3062R08,unrelated
S3131R05.jpg,S3021L04.jpg,S3131R05,S3021L04,unrelated
S3131R05.jpg,S3021L03.jpg,S3131R05,S3021L03,unrelated
S3131R05.jpg,S3021L06.jpg,S3131R05,S3021L06,unrelated
S3131R05.jpg,S3021L02.jpg,S3131R05,S3021L02,unrelated
S3131R05.jpg,S3021L01.jpg,S3131R05,S3021L01,unrelated
S3131R05.jpg,S3021R09.jpg,S3131R05,S3021R09,unrelated
S3131R05.jpg,S3021R01.jpg,S3131R05,S3021R01,unrelated
S3131R05.jpg,S3021R02.jpg,S3131R05,S3021R02,unrelated
S3131R05.jpg,S3021R07.jpg,S3131R05,S3021R07,unrelated
S3131R05.jpg,S3021R06.jpg,S3131R05,S3021R06,unrelated
S3131R05.jpg,S3022L01.jpg,S3131R05,S3022L01,unrelated
S3131R05.jpg,S3022R01.jpg,S3131R05,S3022R01,unrelated
S3131R05.jpg,S3022R02.jpg,S3131R05,S3022R02,unrelated
S3131R05.jpg,S3101L08.jpg,S3131R05,S3101L08,unrelated
S3131R05.jpg,S3101L04.jpg,S3131R05,S3101L04,unrelated
S3131R05.jpg,S3101L02.jpg,S3131R05,S3101L02,unrelated
S3131R05.jpg,S3101L09.jpg,S3131R05,S3101L09,unrelated
S3131R05.jpg,S3101L10.jpg,S3131R05,S3101L10,unrelated
S3131R05.jpg,S3101R07.jpg,S3131R05,S3101R07,unrelated
S3131R05.jpg,S3101R04.jpg,S3131R05,S3101R04,unrelated
S3131R05.jpg,S3101R03.jpg,S3131R05,S3101R03,unrelated
S3131R05.jpg,S3101R02.jpg,S3131R05,S3101R02,unrelated
S3131R05.jpg,S3101R05.jpg,S3131R05,S3101R05,unrelated
S3131R05.jpg,S3102L10.jpg,S3131R05,S3102L10,unrelated
S3131R05.jpg,S3102L09.jpg,S3131R05,S3102L09,unrelated
S3131R05.jpg,S3102L01.jpg,S3131R05,S3102L01,unrelated
S3131R05.jpg,S3102L07.jpg,S3131R05,S3102L07,unrelated
S3131R05.jpg,S3102L06.jpg,S3131R05,S3102L06,unrelated
S3131R05.jpg,S3102R07.jpg,S3131R05,S3102R07,unrelated
S3131R05.jpg,S3102R08.jpg,S3131R05,S3102R08,unrelated
S3131R05.jpg,S3102R02.jpg,S3131R05,S3102R02,unrelated
S3131R05.jpg,S3102R06.jpg,S3131R05,S3102R06,unrelated
S3131R05.jpg,S3102R09.jpg,S3131R05,S3102R09,unrelated
S3131R05.jpg,S3151L06.jpg,S3131R05,S3151L06,unrelated
S3131R05.jpg,S3151L04.jpg,S3131R05,S3151L04,unrelated
S3131R05.jpg,S3151L03.jpg,S3131R05,S3151L03,unrelated
S3131R05.jpg,S3151L05.jpg,S3131R05,S3151L05,unrelated
S3131R05.jpg,S3151L07.jpg,S3131R05,S3151L07,unrelated
S3131R05.jpg,S3151R03.jpg,S3131R05,S3151R03,unrelated
S3131R05.jpg,S3151R01.jpg,S3131R05,S3151R01,unrelated
S3131R05.jpg,S3151R02.jpg,S3131R05,S3151R02,unrelated
S3131R05.jpg,S3152R04.jpg,S3131R05,S3152R04,unrelated
S3131R05.jpg,S3152R03.jpg,S3131R05,S3152R03,unrelated
S3131R05.jpg,S3152R02.jpg,S3131R05,S3152R02,unrelated
S3131R05.jpg,S3152R07.jpg,S3131R05,S3152R07,unrelated
S3131R05.jpg,S3181R04.jpg,S3131R05,S3181R04,unrelated
S3131R05.jpg,S3181R05.jpg,S3131R05,S3181R05,unrelated
S3131R05.jpg,S3182L01.jpg,S3131R05,S3182L01,unrelated
S3131R05.jpg,S3182R05.jpg,S3131R05,S3182R05,unrelated
S3131R05.jpg,S3182R06.jpg,S3131R05,S3182R06,unrelated
S3131R05.jpg,S3182R04.jpg,S3131R05,S3182R04,unrelated
S3131R05.jpg,S3182R03.jpg,S3131R05,S3182R03,unrelated
S3131R05.jpg,S3182R07.jpg,S3131R05,S3182R07,unrelated
S3131R05.jpg,S3141L03.jpg,S3131R05,S3141L03,unrelated
S3131R05.jpg,S3141R07.jpg,S3131R05,S3141R07,unrelated
S3131R05.jpg,S3141R10.jpg,S3131R05,S3141R10,unrelated
S3131R05.jpg,S3141R04.jpg,S3131R05,S3141R04,unrelated
S3131R05.jpg,S3141R06.jpg,S3131R05,S3141R06,unrelated
S3131R05.jpg,S3142L03.jpg,S3131R05,S3142L03,unrelated
S3131R05.jpg,S3142L02.jpg,S3131R05,S3142L02,unrelated
S3131R05.jpg,S3142L04.jpg,S3131R05,S3142L04,unrelated
S3131R05.jpg,S3142L07.jpg,S3131R05,S3142L07,unrelated
S3131R05.jpg,S3142R08.jpg,S3131R05,S3142R08,unrelated
S3131R05.jpg,S3142R07.jpg,S3131R05,S3142R07,unrelated
S3131R05.jpg,S3142R10.jpg,S3131R05,S3142R10,unrelated
S3131R05.jpg,S3142R09.jpg,S3131R05,S3142R09,unrelated
S3131R05.jpg,S3121L03.jpg,S3131R05,S3121L03,unrelated
S3131R05.jpg,S3121L02.jpg,S3131R05,S3121L02,unrelated
S3131R05.jpg,S3121L01.jpg,S3131R05,S3121L01,unrelated
S3131R05.jpg,S3121R04.jpg,S3131R05,S3121R04,unrelated
S3131R05.jpg,S3121R02.jpg,S3131R05,S3121R02,unrelated
S3131R05.jpg,S3121R01.jpg,S3131R05,S3121R01,unrelated
S3131R05.jpg,S3121R08.jpg,S3131R05,S3121R08,unrelated
S3131R05.jpg,S3121R07.jpg,S3131R05,S3121R07,unrelated
S3131R05.jpg,S3122L09.jpg,S3131R05,S3122L09,unrelated
S3131R05.jpg,S3122L07.jpg,S3131R05,S3122L07,unrelated
S3131R05.jpg,S3122L10.jpg,S3131R05,S3122L10,unrelated
S3131R05.jpg,S3122L01.jpg,S3131R05,S3122L01,unrelated
S3131R05.jpg,S3122L05.jpg,S3131R05,S3122L05,unrelated
S3131R05.jpg,S3122R02.jpg,S3131R05,S3122R02,unrelated
S3131R05.jpg,S3122R04.jpg,S3131R05,S3122R04,unrelated
S3131R05.jpg,S3122R03.jpg,S3131R05,S3122R03,unrelated
S3131R05.jpg,S3122R01.jpg,S3131R05,S3122R01,unrelated
S3131R05.jpg,S3051L07.jpg,S3131R05,S3051L07,unrelated
S3131R05.jpg,S3051L08.jpg,S3131R05,S3051L08,unrelated
S3131R05.jpg,S3051L10.jpg,S3131R05,S3051L10,unrelated
S3131R05.jpg,S3051L06.jpg,S3131R05,S3051L06,unrelated
S3131R05.jpg,S3051R01.jpg,S3131R05,S3051R01,unrelated
S3131R05.jpg,S3051R03.jpg,S3131R05,S3051R03,unrelated
S3131R05.jpg,S3052L01.jpg,S3131R05,S3052L01,unrelated
S3131R05.jpg,S3052L02.jpg,S3131R05,S3052L02,unrelated
S3131R05.jpg,S3052L03.jpg,S3131R05,S3052L03,unrelated
S3131R05.jpg,S3052R01.jpg,S3131R05,S3052R01,unrelated
S3131R05.jpg,S3011L07.jpg,S3131R05,S3011L07,unrelated
S3131R05.jpg,S3011R01.jpg,S3131R05,S3011R01,unrelated
S3131R05.jpg,S3011R02.jpg,S3131R05,S3011R02,unrelated
S3131R05.jpg,S3012L07.jpg,S3131R05,S3012L07,unrelated
S3131R05.jpg,S3012L02.jpg,S3131R05,S3012L02,unrelated
S3131R05.jpg,S3012R07.jpg,S3131R05,S3012R07,unrelated
S3131R07.jpg,S3132L09.jpg,S3131R07,S3132L09,twin_cross_eye
S3131R07.jpg,S3132L08.jpg,S3131R07,S3132L08,twin_cross_eye
S3131R07.jpg,S3132L05.jpg,S3131R07,S3132L05,twin_cross_eye
S3131R07.jpg,S3132L10.jpg,S3131R07,S3132L10,twin_cross_eye
S3131R07.jpg,S3132L04.jpg,S3131R07,S3132L04,twin_cross_eye
S3131R07.jpg,S3132R06.jpg,S3131R07,S3132R06,twin_same_eye
S3131R07.jpg,S3132R07.jpg,S3131R07,S3132R07,twin_same_eye
S3131R07.jpg,S3031L06.jpg,S3131R07,S3031L06,unrelated
S3131R07.jpg,S3031R09.jpg,S3131R07,S3031R09,unrelated
S3131R07.jpg,S3032L08.jpg,S3131R07,S3032L08,unrelated
S3131R07.jpg,S3032L10.jpg,S3131R07,S3032L10,unrelated
S3131R07.jpg,S3032L09.jpg,S3131R07,S3032L09,unrelated
S3131R07.jpg,S3032L05.jpg,S3131R07,S3032L05,unrelated
S3131R07.jpg,S3032L06.jpg,S3131R07,S3032L06,unrelated
S3131R07.jpg,S3032R10.jpg,S3131R07,S3032R10,unrelated
S3131R07.jpg,S3032R05.jpg,S3131R07,S3032R05,unrelated
S3131R07.jpg,S3032R04.jpg,S3131R07,S3032R04,unrelated
S3131R07.jpg,S3032R07.jpg,S3131R07,S3032R07,unrelated
S3131R07.jpg,S3032R06.jpg,S3131R07,S3032R06,unrelated
S3131R07.jpg,S3041L03.jpg,S3131R07,S3041L03,unrelated
S3131R07.jpg,S3041L06.jpg,S3131R07,S3041L06,unrelated
S3131R07.jpg,S3041L05.jpg,S3131R07,S3041L05,unrelated
S3131R07.jpg,S3041L04.jpg,S3131R07,S3041L04,unrelated
S3131R07.jpg,S3041R01.jpg,S3131R07,S3041R01,unrelated
S3131R07.jpg,S3042L08.jpg,S3131R07,S3042L08,unrelated
S3131R07.jpg,S3042R07.jpg,S3131R07,S3042R07,unrelated
S3131R07.jpg,S3042R08.jpg,S3131R07,S3042R08,unrelated
S3131R07.jpg,S3002L02.jpg,S3131R07,S3002L02,unrelated
S3131R07.jpg,S3082R05.jpg,S3131R07,S3082R05,unrelated
S3131R07.jpg,S3082R02.jpg,S3131R07,S3082R02,unrelated
S3131R07.jpg,S3082R06.jpg,S3131R07,S3082R06,unrelated
S3131R07.jpg,S3082R01.jpg,S3131R07,S3082R01,unrelated
S3131R07.jpg,S3082R04.jpg,S3131R07,S3082R04,unrelated
S3131R07.jpg,S3061L03.jpg,S3131R07,S3061L03,unrelated
S3131R07.jpg,S3061L02.jpg,S3131R07,S3061L02,unrelated
S3131R07.jpg,S3061R01.jpg,S3131R07,S3061R01,unrelated
S3131R07.jpg,S3061R04.jpg,S3131R07,S3061R04,unrelated
S3131R07.jpg,S3061R07.jpg,S3131R07,S3061R07,unrelated
S3131R07.jpg,S3061R08.jpg,S3131R07,S3061R08,unrelated
S3131R07.jpg,S3062L03.jpg,S3131R07,S3062L03,unrelated
S3131R07.jpg,S3062L05.jpg,S3131R07,S3062L05,unrelated
S3131R07.jpg,S3062L07.jpg,S3131R07,S3062L07,unrelated
S3131R07.jpg,S3062L06.jpg,S3131R07,S3062L06,unrelated
S3131R07.jpg,S3062L04.jpg,S3131R07,S3062L04,unrelated
S3131R07.jpg,S3062R02.jpg,S3131R07,S3062R02,unrelated
S3131R07.jpg,S3062R09.jpg,S3131R07,S3062R09,unrelated
S3131R07.jpg,S3062R10.jpg,S3131R07,S3062R10,unrelated
S3131R07.jpg,S3062R07.jpg,S3131R07,S3062R07,unrelated
S3131R07.jpg,S3062R08.jpg,S3131R07,S3062R08,unrelated
S3131R07.jpg,S3021L04.jpg,S3131R07,S3021L04,unrelated
S3131R07.jpg,S3021L03.jpg,S3131R07,S3021L03,unrelated
S3131R07.jpg,S3021L06.jpg,S3131R07,S3021L06,unrelated
S3131R07.jpg,S3021L02.jpg,S3131R07,S3021L02,unrelated
S3131R07.jpg,S3021L01.jpg,S3131R07,S3021L01,unrelated
S3131R07.jpg,S3021R09.jpg,S3131R07,S3021R09,unrelated
S3131R07.jpg,S3021R01.jpg,S3131R07,S3021R01,unrelated
S3131R07.jpg,S3021R02.jpg,S3131R07,S3021R02,unrelated
S3131R07.jpg,S3021R07.jpg,S3131R07,S3021R07,unrelated
S3131R07.jpg,S3021R06.jpg,S3131R07,S3021R06,unrelated
S3131R07.jpg,S3022L01.jpg,S3131R07,S3022L01,unrelated
S3131R07.jpg,S3022R01.jpg,S3131R07,S3022R01,unrelated
S3131R07.jpg,S3022R02.jpg,S3131R07,S3022R02,unrelated
S3131R07.jpg,S3101L08.jpg,S3131R07,S3101L08,unrelated
S3131R07.jpg,S3101L04.jpg,S3131R07,S3101L04,unrelated
S3131R07.jpg,S3101L02.jpg,S3131R07,S3101L02,unrelated
S3131R07.jpg,S3101L09.jpg,S3131R07,S3101L09,unrelated
S3131R07.jpg,S3101L10.jpg,S3131R07,S3101L10,unrelated
S3131R07.jpg,S3101R07.jpg,S3131R07,S3101R07,unrelated
S3131R07.jpg,S3101R04.jpg,S3131R07,S3101R04,unrelated
S3131R07.jpg,S3101R03.jpg,S3131R07,S3101R03,unrelated
S3131R07.jpg,S3101R02.jpg,S3131R07,S3101R02,unrelated
S3131R07.jpg,S3101R05.jpg,S3131R07,S3101R05,unrelated
S3131R07.jpg,S3102L10.jpg,S3131R07,S3102L10,unrelated
S3131R07.jpg,S3102L09.jpg,S3131R07,S3102L09,unrelated
S3131R07.jpg,S3102L01.jpg,S3131R07,S3102L01,unrelated
S3131R07.jpg,S3102L07.jpg,S3131R07,S3102L07,unrelated
S3131R07.jpg,S3102L06.jpg,S3131R07,S3102L06,unrelated
S3131R07.jpg,S3102R07.jpg,S3131R07,S3102R07,unrelated
S3131R07.jpg,S3102R08.jpg,S3131R07,S3102R08,unrelated
S3131R07.jpg,S3102R02.jpg,S3131R07,S3102R02,unrelated
S3131R07.jpg,S3102R06.jpg,S3131R07,S3102R06,unrelated
S3131R07.jpg,S3102R09.jpg,S3131R07,S3102R09,unrelated
S3131R07.jpg,S3151L06.jpg,S3131R07,S3151L06,unrelated
S3131R07.jpg,S3151L04.jpg,S3131R07,S3151L04,unrelated
S3131R07.jpg,S3151L03.jpg,S3131R07,S3151L03,unrelated
S3131R07.jpg,S3151L05.jpg,S3131R07,S3151L05,unrelated
S3131R07.jpg,S3151L07.jpg,S3131R07,S3151L07,unrelated
S3131R07.jpg,S3151R03.jpg,S3131R07,S3151R03,unrelated
S3131R07.jpg,S3151R01.jpg,S3131R07,S3151R01,unrelated
S3131R07.jpg,S3151R02.jpg,S3131R07,S3151R02,unrelated
S3131R07.jpg,S3152R04.jpg,S3131R07,S3152R04,unrelated
S3131R07.jpg,S3152R03.jpg,S3131R07,S3152R03,unrelated
S3131R07.jpg,S3152R02.jpg,S3131R07,S3152R02,unrelated
S3131R07.jpg,S3152R07.jpg,S3131R07,S3152R07,unrelated
S3131R07.jpg,S3181R04.jpg,S3131R07,S3181R04,unrelated
S3131R07.jpg,S3181R05.jpg,S3131R07,S3181R05,unrelated
S3131R07.jpg,S3182L01.jpg,S3131R07,S3182L01,unrelated
S3131R07.jpg,S3182R05.jpg,S3131R07,S3182R05,unrelated
S3131R07.jpg,S3182R06.jpg,S3131R07,S3182R06,unrelated
S3131R07.jpg,S3182R04.jpg,S3131R07,S3182R04,unrelated
S3131R07.jpg,S3182R03.jpg,S3131R07,S3182R03,unrelated
S3131R07.jpg,S3182R07.jpg,S3131R07,S3182R07,unrelated
S3131R07.jpg,S3141L03.jpg,S3131R07,S3141L03,unrelated
S3131R07.jpg,S3141R07.jpg,S3131R07,S3141R07,unrelated
S3131R07.jpg,S3141R10.jpg,S3131R07,S3141R10,unrelated
S3131R07.jpg,S3141R04.jpg,S3131R07,S3141R04,unrelated
S3131R07.jpg,S3141R06.jpg,S3131R07,S3141R06,unrelated
S3131R07.jpg,S3142L03.jpg,S3131R07,S3142L03,unrelated
S3131R07.jpg,S3142L02.jpg,S3131R07,S3142L02,unrelated
S3131R07.jpg,S3142L04.jpg,S3131R07,S3142L04,unrelated
S3131R07.jpg,S3142L07.jpg,S3131R07,S3142L07,unrelated
S3131R07.jpg,S3142R08.jpg,S3131R07,S3142R08,unrelated
S3131R07.jpg,S3142R07.jpg,S3131R07,S3142R07,unrelated
S3131R07.jpg,S3142R10.jpg,S3131R07,S3142R10,unrelated
S3131R07.jpg,S3142R09.jpg,S3131R07,S3142R09,unrelated
S3131R07.jpg,S3121L03.jpg,S3131R07,S3121L03,unrelated
S3131R07.jpg,S3121L02.jpg,S3131R07,S3121L02,unrelated
S3131R07.jpg,S3121L01.jpg,S3131R07,S3121L01,unrelated
S3131R07.jpg,S3121R04.jpg,S3131R07,S3121R04,unrelated
S3131R07.jpg,S3121R02.jpg,S3131R07,S3121R02,unrelated
S3131R07.jpg,S3121R01.jpg,S3131R07,S3121R01,unrelated
S3131R07.jpg,S3121R08.jpg,S3131R07,S3121R08,unrelated
S3131R07.jpg,S3121R07.jpg,S3131R07,S3121R07,unrelated
S3131R07.jpg,S3122L09.jpg,S3131R07,S3122L09,unrelated
S3131R07.jpg,S3122L07.jpg,S3131R07,S3122L07,unrelated
S3131R07.jpg,S3122L10.jpg,S3131R07,S3122L10,unrelated
S3131R07.jpg,S3122L01.jpg,S3131R07,S3122L01,unrelated
S3131R07.jpg,S3122L05.jpg,S3131R07,S3122L05,unrelated
S3131R07.jpg,S3122R02.jpg,S3131R07,S3122R02,unrelated
S3131R07.jpg,S3122R04.jpg,S3131R07,S3122R04,unrelated
S3131R07.jpg,S3122R03.jpg,S3131R07,S3122R03,unrelated
S3131R07.jpg,S3122R01.jpg,S3131R07,S3122R01,unrelated
S3131R07.jpg,S3051L07.jpg,S3131R07,S3051L07,unrelated
S3131R07.jpg,S3051L08.jpg,S3131R07,S3051L08,unrelated
S3131R07.jpg,S3051L10.jpg,S3131R07,S3051L10,unrelated
S3131R07.jpg,S3051L06.jpg,S3131R07,S3051L06,unrelated
S3131R07.jpg,S3051R01.jpg,S3131R07,S3051R01,unrelated
S3131R07.jpg,S3051R03.jpg,S3131R07,S3051R03,unrelated
S3131R07.jpg,S3052L01.jpg,S3131R07,S3052L01,unrelated
S3131R07.jpg,S3052L02.jpg,S3131R07,S3052L02,unrelated
S3131R07.jpg,S3052L03.jpg,S3131R07,S3052L03,unrelated
S3131R07.jpg,S3052R01.jpg,S3131R07,S3052R01,unrelated
S3131R07.jpg,S3011L07.jpg,S3131R07,S3011L07,unrelated
S3131R07.jpg,S3011R01.jpg,S3131R07,S3011R01,unrelated
S3131R07.jpg,S3011R02.jpg,S3131R07,S3011R02,unrelated
S3131R07.jpg,S3012L07.jpg,S3131R07,S3012L07,unrelated
S3131R07.jpg,S3012L02.jpg,S3131R07,S3012L02,unrelated
S3131R07.jpg,S3012R07.jpg,S3131R07,S3012R07,unrelated
S3132L09.jpg,S3132L08.jpg,S3132L09,S3132L08,genuine
S3132L09.jpg,S3132L05.jpg,S3132L09,S3132L05,genuine
S3132L09.jpg,S3132L10.jpg,S3132L09,S3132L10,genuine
S3132L09.jpg,S3132L04.jpg,S3132L09,S3132L04,genuine
S3132L09.jpg,S3132R06.jpg,S3132L09,S3132R06,same_subject_different_eye
S3132L09.jpg,S3132R07.jpg,S3132L09,S3132R07,same_subject_different_eye
S3132L09.jpg,S3031L06.jpg,S3132L09,S3031L06,unrelated
S3132L09.jpg,S3031R09.jpg,S3132L09,S3031R09,unrelated
S3132L09.jpg,S3032L08.jpg,S3132L09,S3032L08,unrelated
S3132L09.jpg,S3032L10.jpg,S3132L09,S3032L10,unrelated
S3132L09.jpg,S3032L09.jpg,S3132L09,S3032L09,unrelated
S3132L09.jpg,S3032L05.jpg,S3132L09,S3032L05,unrelated
S3132L09.jpg,S3032L06.jpg,S3132L09,S3032L06,unrelated
S3132L09.jpg,S3032R10.jpg,S3132L09,S3032R10,unrelated
S3132L09.jpg,S3032R05.jpg,S3132L09,S3032R05,unrelated
S3132L09.jpg,S3032R04.jpg,S3132L09,S3032R04,unrelated
S3132L09.jpg,S3032R07.jpg,S3132L09,S3032R07,unrelated
S3132L09.jpg,S3032R06.jpg,S3132L09,S3032R06,unrelated
S3132L09.jpg,S3041L03.jpg,S3132L09,S3041L03,unrelated
S3132L09.jpg,S3041L06.jpg,S3132L09,S3041L06,unrelated
S3132L09.jpg,S3041L05.jpg,S3132L09,S3041L05,unrelated
S3132L09.jpg,S3041L04.jpg,S3132L09,S3041L04,unrelated
S3132L09.jpg,S3041R01.jpg,S3132L09,S3041R01,unrelated
S3132L09.jpg,S3042L08.jpg,S3132L09,S3042L08,unrelated
S3132L09.jpg,S3042R07.jpg,S3132L09,S3042R07,unrelated
S3132L09.jpg,S3042R08.jpg,S3132L09,S3042R08,unrelated
S3132L09.jpg,S3002L02.jpg,S3132L09,S3002L02,unrelated
S3132L09.jpg,S3082R05.jpg,S3132L09,S3082R05,unrelated
S3132L09.jpg,S3082R02.jpg,S3132L09,S3082R02,unrelated
S3132L09.jpg,S3082R06.jpg,S3132L09,S3082R06,unrelated
S3132L09.jpg,S3082R01.jpg,S3132L09,S3082R01,unrelated
S3132L09.jpg,S3082R04.jpg,S3132L09,S3082R04,unrelated
S3132L09.jpg,S3061L03.jpg,S3132L09,S3061L03,unrelated
S3132L09.jpg,S3061L02.jpg,S3132L09,S3061L02,unrelated
S3132L09.jpg,S3061R01.jpg,S3132L09,S3061R01,unrelated
S3132L09.jpg,S3061R04.jpg,S3132L09,S3061R04,unrelated
S3132L09.jpg,S3061R07.jpg,S3132L09,S3061R07,unrelated
S3132L09.jpg,S3061R08.jpg,S3132L09,S3061R08,unrelated
S3132L09.jpg,S3062L03.jpg,S3132L09,S3062L03,unrelated
S3132L09.jpg,S3062L05.jpg,S3132L09,S3062L05,unrelated
S3132L09.jpg,S3062L07.jpg,S3132L09,S3062L07,unrelated
S3132L09.jpg,S3062L06.jpg,S3132L09,S3062L06,unrelated
S3132L09.jpg,S3062L04.jpg,S3132L09,S3062L04,unrelated
S3132L09.jpg,S3062R02.jpg,S3132L09,S3062R02,unrelated
S3132L09.jpg,S3062R09.jpg,S3132L09,S3062R09,unrelated
S3132L09.jpg,S3062R10.jpg,S3132L09,S3062R10,unrelated
S3132L09.jpg,S3062R07.jpg,S3132L09,S3062R07,unrelated
S3132L09.jpg,S3062R08.jpg,S3132L09,S3062R08,unrelated
S3132L09.jpg,S3021L04.jpg,S3132L09,S3021L04,unrelated
S3132L09.jpg,S3021L03.jpg,S3132L09,S3021L03,unrelated
S3132L09.jpg,S3021L06.jpg,S3132L09,S3021L06,unrelated
S3132L09.jpg,S3021L02.jpg,S3132L09,S3021L02,unrelated
S3132L09.jpg,S3021L01.jpg,S3132L09,S3021L01,unrelated
S3132L09.jpg,S3021R09.jpg,S3132L09,S3021R09,unrelated
S3132L09.jpg,S3021R01.jpg,S3132L09,S3021R01,unrelated
S3132L09.jpg,S3021R02.jpg,S3132L09,S3021R02,unrelated
S3132L09.jpg,S3021R07.jpg,S3132L09,S3021R07,unrelated
S3132L09.jpg,S3021R06.jpg,S3132L09,S3021R06,unrelated
S3132L09.jpg,S3022L01.jpg,S3132L09,S3022L01,unrelated
S3132L09.jpg,S3022R01.jpg,S3132L09,S3022R01,unrelated
S3132L09.jpg,S3022R02.jpg,S3132L09,S3022R02,unrelated
S3132L09.jpg,S3101L08.jpg,S3132L09,S3101L08,unrelated
S3132L09.jpg,S3101L04.jpg,S3132L09,S3101L04,unrelated
S3132L09.jpg,S3101L02.jpg,S3132L09,S3101L02,unrelated
S3132L09.jpg,S3101L09.jpg,S3132L09,S3101L09,unrelated
S3132L09.jpg,S3101L10.jpg,S3132L09,S3101L10,unrelated
S3132L09.jpg,S3101R07.jpg,S3132L09,S3101R07,unrelated
S3132L09.jpg,S3101R04.jpg,S3132L09,S3101R04,unrelated
S3132L09.jpg,S3101R03.jpg,S3132L09,S3101R03,unrelated
S3132L09.jpg,S3101R02.jpg,S3132L09,S3101R02,unrelated
S3132L09.jpg,S3101R05.jpg,S3132L09,S3101R05,unrelated
S3132L09.jpg,S3102L10.jpg,S3132L09,S3102L10,unrelated
S3132L09.jpg,S3102L09.jpg,S3132L09,S3102L09,unrelated
S3132L09.jpg,S3102L01.jpg,S3132L09,S3102L01,unrelated
S3132L09.jpg,S3102L07.jpg,S3132L09,S3102L07,unrelated
S3132L09.jpg,S3102L06.jpg,S3132L09,S3102L06,unrelated
S3132L09.jpg,S3102R07.jpg,S3132L09,S3102R07,unrelated
S3132L09.jpg,S3102R08.jpg,S3132L09,S3102R08,unrelated
S3132L09.jpg,S3102R02.jpg,S3132L09,S3102R02,unrelated
S3132L09.jpg,S3102R06.jpg,S3132L09,S3102R06,unrelated
S3132L09.jpg,S3102R09.jpg,S3132L09,S3102R09,unrelated
S3132L09.jpg,S3151L06.jpg,S3132L09,S3151L06,unrelated
S3132L09.jpg,S3151L04.jpg,S3132L09,S3151L04,unrelated
S3132L09.jpg,S3151L03.jpg,S3132L09,S3151L03,unrelated
S3132L09.jpg,S3151L05.jpg,S3132L09,S3151L05,unrelated
S3132L09.jpg,S3151L07.jpg,S3132L09,S3151L07,unrelated
S3132L09.jpg,S3151R03.jpg,S3132L09,S3151R03,unrelated
S3132L09.jpg,S3151R01.jpg,S3132L09,S3151R01,unrelated
S3132L09.jpg,S3151R02.jpg,S3132L09,S3151R02,unrelated
S3132L09.jpg,S3152R04.jpg,S3132L09,S3152R04,unrelated
S3132L09.jpg,S3152R03.jpg,S3132L09,S3152R03,unrelated
S3132L09.jpg,S3152R02.jpg,S3132L09,S3152R02,unrelated
S3132L09.jpg,S3152R07.jpg,S3132L09,S3152R07,unrelated
S3132L09.jpg,S3181R04.jpg,S3132L09,S3181R04,unrelated
S3132L09.jpg,S3181R05.jpg,S3132L09,S3181R05,unrelated
S3132L09.jpg,S3182L01.jpg,S3132L09,S3182L01,unrelated
S3132L09.jpg,S3182R05.jpg,S3132L09,S3182R05,unrelated
S3132L09.jpg,S3182R06.jpg,S3132L09,S3182R06,unrelated
S3132L09.jpg,S3182R04.jpg,S3132L09,S3182R04,unrelated
S3132L09.jpg,S3182R03.jpg,S3132L09,S3182R03,unrelated
S3132L09.jpg,S3182R07.jpg,S3132L09,S3182R07,unrelated
S3132L09.jpg,S3141L03.jpg,S3132L09,S3141L03,unrelated
S3132L09.jpg,S3141R07.jpg,S3132L09,S3141R07,unrelated
S3132L09.jpg,S3141R10.jpg,S3132L09,S3141R10,unrelated
S3132L09.jpg,S3141R04.jpg,S3132L09,S3141R04,unrelated
S3132L09.jpg,S3141R06.jpg,S3132L09,S3141R06,unrelated
S3132L09.jpg,S3142L03.jpg,S3132L09,S3142L03,unrelated
S3132L09.jpg,S3142L02.jpg,S3132L09,S3142L02,unrelated
S3132L09.jpg,S3142L04.jpg,S3132L09,S3142L04,unrelated
S3132L09.jpg,S3142L07.jpg,S3132L09,S3142L07,unrelated
S3132L09.jpg,S3142R08.jpg,S3132L09,S3142R08,unrelated
S3132L09.jpg,S3142R07.jpg,S3132L09,S3142R07,unrelated
S3132L09.jpg,S3142R10.jpg,S3132L09,S3142R10,unrelated
S3132L09.jpg,S3142R09.jpg,S3132L09,S3142R09,unrelated
S3132L09.jpg,S3121L03.jpg,S3132L09,S3121L03,unrelated
S3132L09.jpg,S3121L02.jpg,S3132L09,S3121L02,unrelated
S3132L09.jpg,S3121L01.jpg,S3132L09,S3121L01,unrelated
S3132L09.jpg,S3121R04.jpg,S3132L09,S3121R04,unrelated
S3132L09.jpg,S3121R02.jpg,S3132L09,S3121R02,unrelated
S3132L09.jpg,S3121R01.jpg,S3132L09,S3121R01,unrelated
S3132L09.jpg,S3121R08.jpg,S3132L09,S3121R08,unrelated
S3132L09.jpg,S3121R07.jpg,S3132L09,S3121R07,unrelated
S3132L09.jpg,S3122L09.jpg,S3132L09,S3122L09,unrelated
S3132L09.jpg,S3122L07.jpg,S3132L09,S3122L07,unrelated
S3132L09.jpg,S3122L10.jpg,S3132L09,S3122L10,unrelated
S3132L09.jpg,S3122L01.jpg,S3132L09,S3122L01,unrelated
S3132L09.jpg,S3122L05.jpg,S3132L09,S3122L05,unrelated
S3132L09.jpg,S3122R02.jpg,S3132L09,S3122R02,unrelated
S3132L09.jpg,S3122R04.jpg,S3132L09,S3122R04,unrelated
S3132L09.jpg,S3122R03.jpg,S3132L09,S3122R03,unrelated
S3132L09.jpg,S3122R01.jpg,S3132L09,S3122R01,unrelated
S3132L09.jpg,S3051L07.jpg,S3132L09,S3051L07,unrelated
S3132L09.jpg,S3051L08.jpg,S3132L09,S3051L08,unrelated
S3132L09.jpg,S3051L10.jpg,S3132L09,S3051L10,unrelated
S3132L09.jpg,S3051L06.jpg,S3132L09,S3051L06,unrelated
S3132L09.jpg,S3051R01.jpg,S3132L09,S3051R01,unrelated
S3132L09.jpg,S3051R03.jpg,S3132L09,S3051R03,unrelated
S3132L09.jpg,S3052L01.jpg,S3132L09,S3052L01,unrelated
S3132L09.jpg,S3052L02.jpg,S3132L09,S3052L02,unrelated
S3132L09.jpg,S3052L03.jpg,S3132L09,S3052L03,unrelated
S3132L09.jpg,S3052R01.jpg,S3132L09,S3052R01,unrelated
S3132L09.jpg,S3011L07.jpg,S3132L09,S3011L07,unrelated
S3132L09.jpg,S3011R01.jpg,S3132L09,S3011R01,unrelated
S3132L09.jpg,S3011R02.jpg,S3132L09,S3011R02,unrelated
S3132L09.jpg,S3012L07.jpg,S3132L09,S3012L07,unrelated
S3132L09.jpg,S3012L02.jpg,S3132L09,S3012L02,unrelated
S3132L09.jpg,S3012R07.jpg,S3132L09,S3012R07,unrelated
S3132L08.jpg,S3132L05.jpg,S3132L08,S3132L05,genuine
S3132L08.jpg,S3132L10.jpg,S3132L08,S3132L10,genuine
S3132L08.jpg,S3132L04.jpg,S3132L08,S3132L04,genuine
S3132L08.jpg,S3132R06.jpg,S3132L08,S3132R06,same_subject_different_eye
S3132L08.jpg,S3132R07.jpg,S3132L08,S3132R07,same_subject_different_eye
S3132L08.jpg,S3031L06.jpg,S3132L08,S3031L06,unrelated
S3132L08.jpg,S3031R09.jpg,S3132L08,S3031R09,unrelated
S3132L08.jpg,S3032L08.jpg,S3132L08,S3032L08,unrelated
S3132L08.jpg,S3032L10.jpg,S3132L08,S3032L10,unrelated
S3132L08.jpg,S3032L09.jpg,S3132L08,S3032L09,unrelated
S3132L08.jpg,S3032L05.jpg,S3132L08,S3032L05,unrelated
S3132L08.jpg,S3032L06.jpg,S3132L08,S3032L06,unrelated
S3132L08.jpg,S3032R10.jpg,S3132L08,S3032R10,unrelated
S3132L08.jpg,S3032R05.jpg,S3132L08,S3032R05,unrelated
S3132L08.jpg,S3032R04.jpg,S3132L08,S3032R04,unrelated
S3132L08.jpg,S3032R07.jpg,S3132L08,S3032R07,unrelated
S3132L08.jpg,S3032R06.jpg,S3132L08,S3032R06,unrelated
S3132L08.jpg,S3041L03.jpg,S3132L08,S3041L03,unrelated
S3132L08.jpg,S3041L06.jpg,S3132L08,S3041L06,unrelated
S3132L08.jpg,S3041L05.jpg,S3132L08,S3041L05,unrelated
S3132L08.jpg,S3041L04.jpg,S3132L08,S3041L04,unrelated
S3132L08.jpg,S3041R01.jpg,S3132L08,S3041R01,unrelated
S3132L08.jpg,S3042L08.jpg,S3132L08,S3042L08,unrelated
S3132L08.jpg,S3042R07.jpg,S3132L08,S3042R07,unrelated
S3132L08.jpg,S3042R08.jpg,S3132L08,S3042R08,unrelated
S3132L08.jpg,S3002L02.jpg,S3132L08,S3002L02,unrelated
S3132L08.jpg,S3082R05.jpg,S3132L08,S3082R05,unrelated
S3132L08.jpg,S3082R02.jpg,S3132L08,S3082R02,unrelated
S3132L08.jpg,S3082R06.jpg,S3132L08,S3082R06,unrelated
S3132L08.jpg,S3082R01.jpg,S3132L08,S3082R01,unrelated
S3132L08.jpg,S3082R04.jpg,S3132L08,S3082R04,unrelated
S3132L08.jpg,S3061L03.jpg,S3132L08,S3061L03,unrelated
S3132L08.jpg,S3061L02.jpg,S3132L08,S3061L02,unrelated
S3132L08.jpg,S3061R01.jpg,S3132L08,S3061R01,unrelated
S3132L08.jpg,S3061R04.jpg,S3132L08,S3061R04,unrelated
S3132L08.jpg,S3061R07.jpg,S3132L08,S3061R07,unrelated
S3132L08.jpg,S3061R08.jpg,S3132L08,S3061R08,unrelated
S3132L08.jpg,S3062L03.jpg,S3132L08,S3062L03,unrelated
S3132L08.jpg,S3062L05.jpg,S3132L08,S3062L05,unrelated
S3132L08.jpg,S3062L07.jpg,S3132L08,S3062L07,unrelated
S3132L08.jpg,S3062L06.jpg,S3132L08,S3062L06,unrelated
S3132L08.jpg,S3062L04.jpg,S3132L08,S3062L04,unrelated
S3132L08.jpg,S3062R02.jpg,S3132L08,S3062R02,unrelated
S3132L08.jpg,S3062R09.jpg,S3132L08,S3062R09,unrelated
S3132L08.jpg,S3062R10.jpg,S3132L08,S3062R10,unrelated
S3132L08.jpg,S3062R07.jpg,S3132L08,S3062R07,unrelated
S3132L08.jpg,S3062R08.jpg,S3132L08,S3062R08,unrelated
S3132L08.jpg,S3021L04.jpg,S3132L08,S3021L04,unrelated
S3132L08.jpg,S3021L03.jpg,S3132L08,S3021L03,unrelated
S3132L08.jpg,S3021L06.jpg,S3132L08,S3021L06,unrelated
S3132L08.jpg,S3021L02.jpg,S3132L08,S3021L02,unrelated
S3132L08.jpg,S3021L01.jpg,S3132L08,S3021L01,unrelated
S3132L08.jpg,S3021R09.jpg,S3132L08,S3021R09,unrelated
S3132L08.jpg,S3021R01.jpg,S3132L08,S3021R01,unrelated
S3132L08.jpg,S3021R02.jpg,S3132L08,S3021R02,unrelated
S3132L08.jpg,S3021R07.jpg,S3132L08,S3021R07,unrelated
S3132L08.jpg,S3021R06.jpg,S3132L08,S3021R06,unrelated
S3132L08.jpg,S3022L01.jpg,S3132L08,S3022L01,unrelated
S3132L08.jpg,S3022R01.jpg,S3132L08,S3022R01,unrelated
S3132L08.jpg,S3022R02.jpg,S3132L08,S3022R02,unrelated
S3132L08.jpg,S3101L08.jpg,S3132L08,S3101L08,unrelated
S3132L08.jpg,S3101L04.jpg,S3132L08,S3101L04,unrelated
S3132L08.jpg,S3101L02.jpg,S3132L08,S3101L02,unrelated
S3132L08.jpg,S3101L09.jpg,S3132L08,S3101L09,unrelated
S3132L08.jpg,S3101L10.jpg,S3132L08,S3101L10,unrelated
S3132L08.jpg,S3101R07.jpg,S3132L08,S3101R07,unrelated
S3132L08.jpg,S3101R04.jpg,S3132L08,S3101R04,unrelated
S3132L08.jpg,S3101R03.jpg,S3132L08,S3101R03,unrelated
S3132L08.jpg,S3101R02.jpg,S3132L08,S3101R02,unrelated
S3132L08.jpg,S3101R05.jpg,S3132L08,S3101R05,unrelated
S3132L08.jpg,S3102L10.jpg,S3132L08,S3102L10,unrelated
S3132L08.jpg,S3102L09.jpg,S3132L08,S3102L09,unrelated
S3132L08.jpg,S3102L01.jpg,S3132L08,S3102L01,unrelated
S3132L08.jpg,S3102L07.jpg,S3132L08,S3102L07,unrelated
S3132L08.jpg,S3102L06.jpg,S3132L08,S3102L06,unrelated
S3132L08.jpg,S3102R07.jpg,S3132L08,S3102R07,unrelated
S3132L08.jpg,S3102R08.jpg,S3132L08,S3102R08,unrelated
S3132L08.jpg,S3102R02.jpg,S3132L08,S3102R02,unrelated
S3132L08.jpg,S3102R06.jpg,S3132L08,S3102R06,unrelated
S3132L08.jpg,S3102R09.jpg,S3132L08,S3102R09,unrelated
S3132L08.jpg,S3151L06.jpg,S3132L08,S3151L06,unrelated
S3132L08.jpg,S3151L04.jpg,S3132L08,S3151L04,unrelated
S3132L08.jpg,S3151L03.jpg,S3132L08,S3151L03,unrelated
S3132L08.jpg,S3151L05.jpg,S3132L08,S3151L05,unrelated
S3132L08.jpg,S3151L07.jpg,S3132L08,S3151L07,unrelated
S3132L08.jpg,S3151R03.jpg,S3132L08,S3151R03,unrelated
S3132L08.jpg,S3151R01.jpg,S3132L08,S3151R01,unrelated
S3132L08.jpg,S3151R02.jpg,S3132L08,S3151R02,unrelated
S3132L08.jpg,S3152R04.jpg,S3132L08,S3152R04,unrelated
S3132L08.jpg,S3152R03.jpg,S3132L08,S3152R03,unrelated
S3132L08.jpg,S3152R02.jpg,S3132L08,S3152R02,unrelated
S3132L08.jpg,S3152R07.jpg,S3132L08,S3152R07,unrelated
S3132L08.jpg,S3181R04.jpg,S3132L08,S3181R04,unrelated
S3132L08.jpg,S3181R05.jpg,S3132L08,S3181R05,unrelated
S3132L08.jpg,S3182L01.jpg,S3132L08,S3182L01,unrelated
S3132L08.jpg,S3182R05.jpg,S3132L08,S3182R05,unrelated
S3132L08.jpg,S3182R06.jpg,S3132L08,S3182R06,unrelated
S3132L08.jpg,S3182R04.jpg,S3132L08,S3182R04,unrelated
S3132L08.jpg,S3182R03.jpg,S3132L08,S3182R03,unrelated
S3132L08.jpg,S3182R07.jpg,S3132L08,S3182R07,unrelated
S3132L08.jpg,S3141L03.jpg,S3132L08,S3141L03,unrelated
S3132L08.jpg,S3141R07.jpg,S3132L08,S3141R07,unrelated
S3132L08.jpg,S3141R10.jpg,S3132L08,S3141R10,unrelated
S3132L08.jpg,S3141R04.jpg,S3132L08,S3141R04,unrelated
S3132L08.jpg,S3141R06.jpg,S3132L08,S3141R06,unrelated
S3132L08.jpg,S3142L03.jpg,S3132L08,S3142L03,unrelated
S3132L08.jpg,S3142L02.jpg,S3132L08,S3142L02,unrelated
S3132L08.jpg,S3142L04.jpg,S3132L08,S3142L04,unrelated
S3132L08.jpg,S3142L07.jpg,S3132L08,S3142L07,unrelated
S3132L08.jpg,S3142R08.jpg,S3132L08,S3142R08,unrelated
S3132L08.jpg,S3142R07.jpg,S3132L08,S3142R07,unrelated
S3132L08.jpg,S3142R10.jpg,S3132L08,S3142R10,unrelated
S3132L08.jpg,S3142R09.jpg,S3132L08,S3142R09,unrelated
S3132L08.jpg,S3121L03.jpg,S3132L08,S3121L03,unrelated
S3132L08.jpg,S3121L02.jpg,S3132L08,S3121L02,unrelated
S3132L08.jpg,S3121L01.jpg,S3132L08,S3121L01,unrelated
S3132L08.jpg,S3121R04.jpg,S3132L08,S3121R04,unrelated
S3132L08.jpg,S3121R02.jpg,S3132L08,S3121R02,unrelated
S3132L08.jpg,S3121R01.jpg,S3132L08,S3121R01,unrelated
S3132L08.jpg,S3121R08.jpg,S3132L08,S3121R08,unrelated
S3132L08.jpg,S3121R07.jpg,S3132L08,S3121R07,unrelated
S3132L08.jpg,S3122L09.jpg,S3132L08,S3122L09,unrelated
S3132L08.jpg,S3122L07.jpg,S3132L08,S3122L07,unrelated
S3132L08.jpg,S3122L10.jpg,S3132L08,S3122L10,unrelated
S3132L08.jpg,S3122L01.jpg,S3132L08,S3122L01,unrelated
S3132L08.jpg,S3122L05.jpg,S3132L08,S3122L05,unrelated
S3132L08.jpg,S3122R02.jpg,S3132L08,S3122R02,unrelated
S3132L08.jpg,S3122R04.jpg,S3132L08,S3122R04,unrelated
S3132L08.jpg,S3122R03.jpg,S3132L08,S3122R03,unrelated
S3132L08.jpg,S3122R01.jpg,S3132L08,S3122R01,unrelated
S3132L08.jpg,S3051L07.jpg,S3132L08,S3051L07,unrelated
S3132L08.jpg,S3051L08.jpg,S3132L08,S3051L08,unrelated
S3132L08.jpg,S3051L10.jpg,S3132L08,S3051L10,unrelated
S3132L08.jpg,S3051L06.jpg,S3132L08,S3051L06,unrelated
S3132L08.jpg,S3051R01.jpg,S3132L08,S3051R01,unrelated
S3132L08.jpg,S3051R03.jpg,S3132L08,S3051R03,unrelated
S3132L08.jpg,S3052L01.jpg,S3132L08,S3052L01,unrelated
S3132L08.jpg,S3052L02.jpg,S3132L08,S3052L02,unrelated
S3132L08.jpg,S3052L03.jpg,S3132L08,S3052L03,unrelated
S3132L08.jpg,S3052R01.jpg,S3132L08,S3052R01,unrelated
S3132L08.jpg,S3011L07.jpg,S3132L08,S3011L07,unrelated
S3132L08.jpg,S3011R01.jpg,S3132L08,S3011R01,unrelated
S3132L08.jpg,S3011R02.jpg,S3132L08,S3011R02,unrelated
S3132L08.jpg,S3012L07.jpg,S3132L08,S3012L07,unrelated
S3132L08.jpg,S3012L02.jpg,S3132L08,S3012L02,unrelated
S3132L08.jpg,S3012R07.jpg,S3132L08,S3012R07,unrelated
S3132L05.jpg,S3132L10.jpg,S3132L05,S3132L10,genuine
S3132L05.jpg,S3132L04.jpg,S3132L05,S3132L04,genuine
S3132L05.jpg,S3132R06.jpg,S3132L05,S3132R06,same_subject_different_eye
S3132L05.jpg,S3132R07.jpg,S3132L05,S3132R07,same_subject_different_eye
S3132L05.jpg,S3031L06.jpg,S3132L05,S3031L06,unrelated
S3132L05.jpg,S3031R09.jpg,S3132L05,S3031R09,unrelated
S3132L05.jpg,S3032L08.jpg,S3132L05,S3032L08,unrelated
S3132L05.jpg,S3032L10.jpg,S3132L05,S3032L10,unrelated
S3132L05.jpg,S3032L09.jpg,S3132L05,S3032L09,unrelated
S3132L05.jpg,S3032L05.jpg,S3132L05,S3032L05,unrelated
S3132L05.jpg,S3032L06.jpg,S3132L05,S3032L06,unrelated
S3132L05.jpg,S3032R10.jpg,S3132L05,S3032R10,unrelated
S3132L05.jpg,S3032R05.jpg,S3132L05,S3032R05,unrelated
S3132L05.jpg,S3032R04.jpg,S3132L05,S3032R04,unrelated
S3132L05.jpg,S3032R07.jpg,S3132L05,S3032R07,unrelated
S3132L05.jpg,S3032R06.jpg,S3132L05,S3032R06,unrelated
S3132L05.jpg,S3041L03.jpg,S3132L05,S3041L03,unrelated
S3132L05.jpg,S3041L06.jpg,S3132L05,S3041L06,unrelated
S3132L05.jpg,S3041L05.jpg,S3132L05,S3041L05,unrelated
S3132L05.jpg,S3041L04.jpg,S3132L05,S3041L04,unrelated
S3132L05.jpg,S3041R01.jpg,S3132L05,S3041R01,unrelated
S3132L05.jpg,S3042L08.jpg,S3132L05,S3042L08,unrelated
S3132L05.jpg,S3042R07.jpg,S3132L05,S3042R07,unrelated
S3132L05.jpg,S3042R08.jpg,S3132L05,S3042R08,unrelated
S3132L05.jpg,S3002L02.jpg,S3132L05,S3002L02,unrelated
S3132L05.jpg,S3082R05.jpg,S3132L05,S3082R05,unrelated
S3132L05.jpg,S3082R02.jpg,S3132L05,S3082R02,unrelated
S3132L05.jpg,S3082R06.jpg,S3132L05,S3082R06,unrelated
S3132L05.jpg,S3082R01.jpg,S3132L05,S3082R01,unrelated
S3132L05.jpg,S3082R04.jpg,S3132L05,S3082R04,unrelated
S3132L05.jpg,S3061L03.jpg,S3132L05,S3061L03,unrelated
S3132L05.jpg,S3061L02.jpg,S3132L05,S3061L02,unrelated
S3132L05.jpg,S3061R01.jpg,S3132L05,S3061R01,unrelated
S3132L05.jpg,S3061R04.jpg,S3132L05,S3061R04,unrelated
S3132L05.jpg,S3061R07.jpg,S3132L05,S3061R07,unrelated
S3132L05.jpg,S3061R08.jpg,S3132L05,S3061R08,unrelated
S3132L05.jpg,S3062L03.jpg,S3132L05,S3062L03,unrelated
S3132L05.jpg,S3062L05.jpg,S3132L05,S3062L05,unrelated
S3132L05.jpg,S3062L07.jpg,S3132L05,S3062L07,unrelated
S3132L05.jpg,S3062L06.jpg,S3132L05,S3062L06,unrelated
S3132L05.jpg,S3062L04.jpg,S3132L05,S3062L04,unrelated
S3132L05.jpg,S3062R02.jpg,S3132L05,S3062R02,unrelated
S3132L05.jpg,S3062R09.jpg,S3132L05,S3062R09,unrelated
S3132L05.jpg,S3062R10.jpg,S3132L05,S3062R10,unrelated
S3132L05.jpg,S3062R07.jpg,S3132L05,S3062R07,unrelated
S3132L05.jpg,S3062R08.jpg,S3132L05,S3062R08,unrelated
S3132L05.jpg,S3021L04.jpg,S3132L05,S3021L04,unrelated
S3132L05.jpg,S3021L03.jpg,S3132L05,S3021L03,unrelated
S3132L05.jpg,S3021L06.jpg,S3132L05,S3021L06,unrelated
S3132L05.jpg,S3021L02.jpg,S3132L05,S3021L02,unrelated
S3132L05.jpg,S3021L01.jpg,S3132L05,S3021L01,unrelated
S3132L05.jpg,S3021R09.jpg,S3132L05,S3021R09,unrelated
S3132L05.jpg,S3021R01.jpg,S3132L05,S3021R01,unrelated
S3132L05.jpg,S3021R02.jpg,S3132L05,S3021R02,unrelated
S3132L05.jpg,S3021R07.jpg,S3132L05,S3021R07,unrelated
S3132L05.jpg,S3021R06.jpg,S3132L05,S3021R06,unrelated
S3132L05.jpg,S3022L01.jpg,S3132L05,S3022L01,unrelated
S3132L05.jpg,S3022R01.jpg,S3132L05,S3022R01,unrelated
S3132L05.jpg,S3022R02.jpg,S3132L05,S3022R02,unrelated
S3132L05.jpg,S3101L08.jpg,S3132L05,S3101L08,unrelated
S3132L05.jpg,S3101L04.jpg,S3132L05,S3101L04,unrelated
S3132L05.jpg,S3101L02.jpg,S3132L05,S3101L02,unrelated
S3132L05.jpg,S3101L09.jpg,S3132L05,S3101L09,unrelated
S3132L05.jpg,S3101L10.jpg,S3132L05,S3101L10,unrelated
S3132L05.jpg,S3101R07.jpg,S3132L05,S3101R07,unrelated
S3132L05.jpg,S3101R04.jpg,S3132L05,S3101R04,unrelated
S3132L05.jpg,S3101R03.jpg,S3132L05,S3101R03,unrelated
S3132L05.jpg,S3101R02.jpg,S3132L05,S3101R02,unrelated
S3132L05.jpg,S3101R05.jpg,S3132L05,S3101R05,unrelated
S3132L05.jpg,S3102L10.jpg,S3132L05,S3102L10,unrelated
S3132L05.jpg,S3102L09.jpg,S3132L05,S3102L09,unrelated
S3132L05.jpg,S3102L01.jpg,S3132L05,S3102L01,unrelated
S3132L05.jpg,S3102L07.jpg,S3132L05,S3102L07,unrelated
S3132L05.jpg,S3102L06.jpg,S3132L05,S3102L06,unrelated
S3132L05.jpg,S3102R07.jpg,S3132L05,S3102R07,unrelated
S3132L05.jpg,S3102R08.jpg,S3132L05,S3102R08,unrelated
S3132L05.jpg,S3102R02.jpg,S3132L05,S3102R02,unrelated
S3132L05.jpg,S3102R06.jpg,S3132L05,S3102R06,unrelated
S3132L05.jpg,S3102R09.jpg,S3132L05,S3102R09,unrelated
S3132L05.jpg,S3151L06.jpg,S3132L05,S3151L06,unrelated
S3132L05.jpg,S3151L04.jpg,S3132L05,S3151L04,unrelated
S3132L05.jpg,S3151L03.jpg,S3132L05,S3151L03,unrelated
S3132L05.jpg,S3151L05.jpg,S3132L05,S3151L05,unrelated
S3132L05.jpg,S3151L07.jpg,S3132L05,S3151L07,unrelated
S3132L05.jpg,S3151R03.jpg,S3132L05,S3151R03,unrelated
S3132L05.jpg,S3151R01.jpg,S3132L05,S3151R01,unrelated
S3132L05.jpg,S3151R02.jpg,S3132L05,S3151R02,unrelated
S3132L05.jpg,S3152R04.jpg,S3132L05,S3152R04,unrelated
S3132L05.jpg,S3152R03.jpg,S3132L05,S3152R03,unrelated
S3132L05.jpg,S3152R02.jpg,S3132L05,S3152R02,unrelated
S3132L05.jpg,S3152R07.jpg,S3132L05,S3152R07,unrelated
S3132L05.jpg,S3181R04.jpg,S3132L05,S3181R04,unrelated
S3132L05.jpg,S3181R05.jpg,S3132L05,S3181R05,unrelated
S3132L05.jpg,S3182L01.jpg,S3132L05,S3182L01,unrelated
S3132L05.jpg,S3182R05.jpg,S3132L05,S3182R05,unrelated
S3132L05.jpg,S3182R06.jpg,S3132L05,S3182R06,unrelated
S3132L05.jpg,S3182R04.jpg,S3132L05,S3182R04,unrelated
S3132L05.jpg,S3182R03.jpg,S3132L05,S3182R03,unrelated
S3132L05.jpg,S3182R07.jpg,S3132L05,S3182R07,unrelated
S3132L05.jpg,S3141L03.jpg,S3132L05,S3141L03,unrelated
S3132L05.jpg,S3141R07.jpg,S3132L05,S3141R07,unrelated
S3132L05.jpg,S3141R10.jpg,S3132L05,S3141R10,unrelated
S3132L05.jpg,S3141R04.jpg,S3132L05,S3141R04,unrelated
S3132L05.jpg,S3141R06.jpg,S3132L05,S3141R06,unrelated
S3132L05.jpg,S3142L03.jpg,S3132L05,S3142L03,unrelated
S3132L05.jpg,S3142L02.jpg,S3132L05,S3142L02,unrelated
S3132L05.jpg,S3142L04.jpg,S3132L05,S3142L04,unrelated
S3132L05.jpg,S3142L07.jpg,S3132L05,S3142L07,unrelated
S3132L05.jpg,S3142R08.jpg,S3132L05,S3142R08,unrelated
S3132L05.jpg,S3142R07.jpg,S3132L05,S3142R07,unrelated
S3132L05.jpg,S3142R10.jpg,S3132L05,S3142R10,unrelated
S3132L05.jpg,S3142R09.jpg,S3132L05,S3142R09,unrelated
S3132L05.jpg,S3121L03.jpg,S3132L05,S3121L03,unrelated
S3132L05.jpg,S3121L02.jpg,S3132L05,S3121L02,unrelated
S3132L05.jpg,S3121L01.jpg,S3132L05,S3121L01,unrelated
S3132L05.jpg,S3121R04.jpg,S3132L05,S3121R04,unrelated
S3132L05.jpg,S3121R02.jpg,S3132L05,S3121R02,unrelated
S3132L05.jpg,S3121R01.jpg,S3132L05,S3121R01,unrelated
S3132L05.jpg,S3121R08.jpg,S3132L05,S3121R08,unrelated
S3132L05.jpg,S3121R07.jpg,S3132L05,S3121R07,unrelated
S3132L05.jpg,S3122L09.jpg,S3132L05,S3122L09,unrelated
S3132L05.jpg,S3122L07.jpg,S3132L05,S3122L07,unrelated
S3132L05.jpg,S3122L10.jpg,S3132L05,S3122L10,unrelated
S3132L05.jpg,S3122L01.jpg,S3132L05,S3122L01,unrelated
S3132L05.jpg,S3122L05.jpg,S3132L05,S3122L05,unrelated
S3132L05.jpg,S3122R02.jpg,S3132L05,S3122R02,unrelated
S3132L05.jpg,S3122R04.jpg,S3132L05,S3122R04,unrelated
S3132L05.jpg,S3122R03.jpg,S3132L05,S3122R03,unrelated
S3132L05.jpg,S3122R01.jpg,S3132L05,S3122R01,unrelated
S3132L05.jpg,S3051L07.jpg,S3132L05,S3051L07,unrelated
S3132L05.jpg,S3051L08.jpg,S3132L05,S3051L08,unrelated
S3132L05.jpg,S3051L10.jpg,S3132L05,S3051L10,unrelated
S3132L05.jpg,S3051L06.jpg,S3132L05,S3051L06,unrelated
S3132L05.jpg,S3051R01.jpg,S3132L05,S3051R01,unrelated
S3132L05.jpg,S3051R03.jpg,S3132L05,S3051R03,unrelated
S3132L05.jpg,S3052L01.jpg,S3132L05,S3052L01,unrelated
S3132L05.jpg,S3052L02.jpg,S3132L05,S3052L02,unrelated
S3132L05.jpg,S3052L03.jpg,S3132L05,S3052L03,unrelated
S3132L05.jpg,S3052R01.jpg,S3132L05,S3052R01,unrelated
S3132L05.jpg,S3011L07.jpg,S3132L05,S3011L07,unrelated
S3132L05.jpg,S3011R01.jpg,S3132L05,S3011R01,unrelated
S3132L05.jpg,S3011R02.jpg,S3132L05,S3011R02,unrelated
S3132L05.jpg,S3012L07.jpg,S3132L05,S3012L07,unrelated
S3132L05.jpg,S3012L02.jpg,S3132L05,S3012L02,unrelated
S3132L05.jpg,S3012R07.jpg,S3132L05,S3012R07,unrelated
S3132L10.jpg,S3132L04.jpg,S3132L10,S3132L04,genuine
S3132L10.jpg,S3132R06.jpg,S3132L10,S3132R06,same_subject_different_eye
S3132L10.jpg,S3132R07.jpg,S3132L10,S3132R07,same_subject_different_eye
S3132L10.jpg,S3031L06.jpg,S3132L10,S3031L06,unrelated
S3132L10.jpg,S3031R09.jpg,S3132L10,S3031R09,unrelated
S3132L10.jpg,S3032L08.jpg,S3132L10,S3032L08,unrelated
S3132L10.jpg,S3032L10.jpg,S3132L10,S3032L10,unrelated
S3132L10.jpg,S3032L09.jpg,S3132L10,S3032L09,unrelated
S3132L10.jpg,S3032L05.jpg,S3132L10,S3032L05,unrelated
S3132L10.jpg,S3032L06.jpg,S3132L10,S3032L06,unrelated
S3132L10.jpg,S3032R10.jpg,S3132L10,S3032R10,unrelated
S3132L10.jpg,S3032R05.jpg,S3132L10,S3032R05,unrelated
S3132L10.jpg,S3032R04.jpg,S3132L10,S3032R04,unrelated
S3132L10.jpg,S3032R07.jpg,S3132L10,S3032R07,unrelated
S3132L10.jpg,S3032R06.jpg,S3132L10,S3032R06,unrelated
S3132L10.jpg,S3041L03.jpg,S3132L10,S3041L03,unrelated
S3132L10.jpg,S3041L06.jpg,S3132L10,S3041L06,unrelated
S3132L10.jpg,S3041L05.jpg,S3132L10,S3041L05,unrelated
S3132L10.jpg,S3041L04.jpg,S3132L10,S3041L04,unrelated
S3132L10.jpg,S3041R01.jpg,S3132L10,S3041R01,unrelated
S3132L10.jpg,S3042L08.jpg,S3132L10,S3042L08,unrelated
S3132L10.jpg,S3042R07.jpg,S3132L10,S3042R07,unrelated
S3132L10.jpg,S3042R08.jpg,S3132L10,S3042R08,unrelated
S3132L10.jpg,S3002L02.jpg,S3132L10,S3002L02,unrelated
S3132L10.jpg,S3082R05.jpg,S3132L10,S3082R05,unrelated
S3132L10.jpg,S3082R02.jpg,S3132L10,S3082R02,unrelated
S3132L10.jpg,S3082R06.jpg,S3132L10,S3082R06,unrelated
S3132L10.jpg,S3082R01.jpg,S3132L10,S3082R01,unrelated
S3132L10.jpg,S3082R04.jpg,S3132L10,S3082R04,unrelated
S3132L10.jpg,S3061L03.jpg,S3132L10,S3061L03,unrelated
S3132L10.jpg,S3061L02.jpg,S3132L10,S3061L02,unrelated
S3132L10.jpg,S3061R01.jpg,S3132L10,S3061R01,unrelated
S3132L10.jpg,S3061R04.jpg,S3132L10,S3061R04,unrelated
S3132L10.jpg,S3061R07.jpg,S3132L10,S3061R07,unrelated
S3132L10.jpg,S3061R08.jpg,S3132L10,S3061R08,unrelated
S3132L10.jpg,S3062L03.jpg,S3132L10,S3062L03,unrelated
S3132L10.jpg,S3062L05.jpg,S3132L10,S3062L05,unrelated
S3132L10.jpg,S3062L07.jpg,S3132L10,S3062L07,unrelated
S3132L10.jpg,S3062L06.jpg,S3132L10,S3062L06,unrelated
S3132L10.jpg,S3062L04.jpg,S3132L10,S3062L04,unrelated
S3132L10.jpg,S3062R02.jpg,S3132L10,S3062R02,unrelated
S3132L10.jpg,S3062R09.jpg,S3132L10,S3062R09,unrelated
S3132L10.jpg,S3062R10.jpg,S3132L10,S3062R10,unrelated
S3132L10.jpg,S3062R07.jpg,S3132L10,S3062R07,unrelated
S3132L10.jpg,S3062R08.jpg,S3132L10,S3062R08,unrelated
S3132L10.jpg,S3021L04.jpg,S3132L10,S3021L04,unrelated
S3132L10.jpg,S3021L03.jpg,S3132L10,S3021L03,unrelated
S3132L10.jpg,S3021L06.jpg,S3132L10,S3021L06,unrelated
S3132L10.jpg,S3021L02.jpg,S3132L10,S3021L02,unrelated
S3132L10.jpg,S3021L01.jpg,S3132L10,S3021L01,unrelated
S3132L10.jpg,S3021R09.jpg,S3132L10,S3021R09,unrelated
S3132L10.jpg,S3021R01.jpg,S3132L10,S3021R01,unrelated
S3132L10.jpg,S3021R02.jpg,S3132L10,S3021R02,unrelated
S3132L10.jpg,S3021R07.jpg,S3132L10,S3021R07,unrelated
S3132L10.jpg,S3021R06.jpg,S3132L10,S3021R06,unrelated
S3132L10.jpg,S3022L01.jpg,S3132L10,S3022L01,unrelated
S3132L10.jpg,S3022R01.jpg,S3132L10,S3022R01,unrelated
S3132L10.jpg,S3022R02.jpg,S3132L10,S3022R02,unrelated
S3132L10.jpg,S3101L08.jpg,S3132L10,S3101L08,unrelated
S3132L10.jpg,S3101L04.jpg,S3132L10,S3101L04,unrelated
S3132L10.jpg,S3101L02.jpg,S3132L10,S3101L02,unrelated
S3132L10.jpg,S3101L09.jpg,S3132L10,S3101L09,unrelated
S3132L10.jpg,S3101L10.jpg,S3132L10,S3101L10,unrelated
S3132L10.jpg,S3101R07.jpg,S3132L10,S3101R07,unrelated
S3132L10.jpg,S3101R04.jpg,S3132L10,S3101R04,unrelated
S3132L10.jpg,S3101R03.jpg,S3132L10,S3101R03,unrelated
S3132L10.jpg,S3101R02.jpg,S3132L10,S3101R02,unrelated
S3132L10.jpg,S3101R05.jpg,S3132L10,S3101R05,unrelated
S3132L10.jpg,S3102L10.jpg,S3132L10,S3102L10,unrelated
S3132L10.jpg,S3102L09.jpg,S3132L10,S3102L09,unrelated
S3132L10.jpg,S3102L01.jpg,S3132L10,S3102L01,unrelated
S3132L10.jpg,S3102L07.jpg,S3132L10,S3102L07,unrelated
S3132L10.jpg,S3102L06.jpg,S3132L10,S3102L06,unrelated
S3132L10.jpg,S3102R07.jpg,S3132L10,S3102R07,unrelated
S3132L10.jpg,S3102R08.jpg,S3132L10,S3102R08,unrelated
S3132L10.jpg,S3102R02.jpg,S3132L10,S3102R02,unrelated
S3132L10.jpg,S3102R06.jpg,S3132L10,S3102R06,unrelated
S3132L10.jpg,S3102R09.jpg,S3132L10,S3102R09,unrelated
S3132L10.jpg,S3151L06.jpg,S3132L10,S3151L06,unrelated
S3132L10.jpg,S3151L04.jpg,S3132L10,S3151L04,unrelated
S3132L10.jpg,S3151L03.jpg,S3132L10,S3151L03,unrelated
S3132L10.jpg,S3151L05.jpg,S3132L10,S3151L05,unrelated
S3132L10.jpg,S3151L07.jpg,S3132L10,S3151L07,unrelated
S3132L10.jpg,S3151R03.jpg,S3132L10,S3151R03,unrelated
S3132L10.jpg,S3151R01.jpg,S3132L10,S3151R01,unrelated
S3132L10.jpg,S3151R02.jpg,S3132L10,S3151R02,unrelated
S3132L10.jpg,S3152R04.jpg,S3132L10,S3152R04,unrelated
S3132L10.jpg,S3152R03.jpg,S3132L10,S3152R03,unrelated
S3132L10.jpg,S3152R02.jpg,S3132L10,S3152R02,unrelated
S3132L10.jpg,S3152R07.jpg,S3132L10,S3152R07,unrelated
S3132L10.jpg,S3181R04.jpg,S3132L10,S3181R04,unrelated
S3132L10.jpg,S3181R05.jpg,S3132L10,S3181R05,unrelated
S3132L10.jpg,S3182L01.jpg,S3132L10,S3182L01,unrelated
S3132L10.jpg,S3182R05.jpg,S3132L10,S3182R05,unrelated
S3132L10.jpg,S3182R06.jpg,S3132L10,S3182R06,unrelated
S3132L10.jpg,S3182R04.jpg,S3132L10,S3182R04,unrelated
S3132L10.jpg,S3182R03.jpg,S3132L10,S3182R03,unrelated
S3132L10.jpg,S3182R07.jpg,S3132L10,S3182R07,unrelated
S3132L10.jpg,S3141L03.jpg,S3132L10,S3141L03,unrelated
S3132L10.jpg,S3141R07.jpg,S3132L10,S3141R07,unrelated
S3132L10.jpg,S3141R10.jpg,S3132L10,S3141R10,unrelated
S3132L10.jpg,S3141R04.jpg,S3132L10,S3141R04,unrelated
S3132L10.jpg,S3141R06.jpg,S3132L10,S3141R06,unrelated
S3132L10.jpg,S3142L03.jpg,S3132L10,S3142L03,unrelated
S3132L10.jpg,S3142L02.jpg,S3132L10,S3142L02,unrelated
S3132L10.jpg,S3142L04.jpg,S3132L10,S3142L04,unrelated
S3132L10.jpg,S3142L07.jpg,S3132L10,S3142L07,unrelated
S3132L10.jpg,S3142R08.jpg,S3132L10,S3142R08,unrelated
S3132L10.jpg,S3142R07.jpg,S3132L10,S3142R07,unrelated
S3132L10.jpg,S3142R10.jpg,S3132L10,S3142R10,unrelated
S3132L10.jpg,S3142R09.jpg,S3132L10,S3142R09,unrelated
S3132L10.jpg,S3121L03.jpg,S3132L10,S3121L03,unrelated
S3132L10.jpg,S3121L02.jpg,S3132L10,S3121L02,unrelated
S3132L10.jpg,S3121L01.jpg,S3132L10,S3121L01,unrelated
S3132L10.jpg,S3121R04.jpg,S3132L10,S3121R04,unrelated
S3132L10.jpg,S3121R02.jpg,S3132L10,S3121R02,unrelated
S3132L10.jpg,S3121R01.jpg,S3132L10,S3121R01,unrelated
S3132L10.jpg,S3121R08.jpg,S3132L10,S3121R08,unrelated
S3132L10.jpg,S3121R07.jpg,S3132L10,S3121R07,unrelated
S3132L10.jpg,S3122L09.jpg,S3132L10,S3122L09,unrelated
S3132L10.jpg,S3122L07.jpg,S3132L10,S3122L07,unrelated
S3132L10.jpg,S3122L10.jpg,S3132L10,S3122L10,unrelated
S3132L10.jpg,S3122L01.jpg,S3132L10,S3122L01,unrelated
S3132L10.jpg,S3122L05.jpg,S3132L10,S3122L05,unrelated
S3132L10.jpg,S3122R02.jpg,S3132L10,S3122R02,unrelated
S3132L10.jpg,S3122R04.jpg,S3132L10,S3122R04,unrelated
S3132L10.jpg,S3122R03.jpg,S3132L10,S3122R03,unrelated
S3132L10.jpg,S3122R01.jpg,S3132L10,S3122R01,unrelated
S3132L10.jpg,S3051L07.jpg,S3132L10,S3051L07,unrelated
S3132L10.jpg,S3051L08.jpg,S3132L10,S3051L08,unrelated
S3132L10.jpg,S3051L10.jpg,S3132L10,S3051L10,unrelated
S3132L10.jpg,S3051L06.jpg,S3132L10,S3051L06,unrelated
S3132L10.jpg,S3051R01.jpg,S3132L10,S3051R01,unrelated
S3132L10.jpg,S3051R03.jpg,S3132L10,S3051R03,unrelated
S3132L10.jpg,S3052L01.jpg,S3132L10,S3052L01,unrelated
S3132L10.jpg,S3052L02.jpg,S3132L10,S3052L02,unrelated
S3132L10.jpg,S3052L03.jpg,S3132L10,S3052L03,unrelated
S3132L10.jpg,S3052R01.jpg,S3132L10,S3052R01,unrelated
S3132L10.jpg,S3011L07.jpg,S3132L10,S3011L07,unrelated
S3132L10.jpg,S3011R01.jpg,S3132L10,S3011R01,unrelated
S3132L10.jpg,S3011R02.jpg,S3132L10,S3011R02,unrelated
S3132L10.jpg,S3012L07.jpg,S3132L10,S3012L07,unrelated
S3132L10.jpg,S3012L02.jpg,S3132L10,S3012L02,unrelated
S3132L10.jpg,S3012R07.jpg,S3132L10,S3012R07,unrelated
S3132L04.jpg,S3132R06.jpg,S3132L04,S3132R06,same_subject_different_eye
S3132L04.jpg,S3132R07.jpg,S3132L04,S3132R07,same_subject_different_eye
S3132L04.jpg,S3031L06.jpg,S3132L04,S3031L06,unrelated
S3132L04.jpg,S3031R09.jpg,S3132L04,S3031R09,unrelated
S3132L04.jpg,S3032L08.jpg,S3132L04,S3032L08,unrelated
S3132L04.jpg,S3032L10.jpg,S3132L04,S3032L10,unrelated
S3132L04.jpg,S3032L09.jpg,S3132L04,S3032L09,unrelated
S3132L04.jpg,S3032L05.jpg,S3132L04,S3032L05,unrelated
S3132L04.jpg,S3032L06.jpg,S3132L04,S3032L06,unrelated
S3132L04.jpg,S3032R10.jpg,S3132L04,S3032R10,unrelated
S3132L04.jpg,S3032R05.jpg,S3132L04,S3032R05,unrelated
S3132L04.jpg,S3032R04.jpg,S3132L04,S3032R04,unrelated
S3132L04.jpg,S3032R07.jpg,S3132L04,S3032R07,unrelated
S3132L04.jpg,S3032R06.jpg,S3132L04,S3032R06,unrelated
S3132L04.jpg,S3041L03.jpg,S3132L04,S3041L03,unrelated
S3132L04.jpg,S3041L06.jpg,S3132L04,S3041L06,unrelated
S3132L04.jpg,S3041L05.jpg,S3132L04,S3041L05,unrelated
S3132L04.jpg,S3041L04.jpg,S3132L04,S3041L04,unrelated
S3132L04.jpg,S3041R01.jpg,S3132L04,S3041R01,unrelated
S3132L04.jpg,S3042L08.jpg,S3132L04,S3042L08,unrelated
S3132L04.jpg,S3042R07.jpg,S3132L04,S3042R07,unrelated
S3132L04.jpg,S3042R08.jpg,S3132L04,S3042R08,unrelated
S3132L04.jpg,S3002L02.jpg,S3132L04,S3002L02,unrelated
S3132L04.jpg,S3082R05.jpg,S3132L04,S3082R05,unrelated
S3132L04.jpg,S3082R02.jpg,S3132L04,S3082R02,unrelated
S3132L04.jpg,S3082R06.jpg,S3132L04,S3082R06,unrelated
S3132L04.jpg,S3082R01.jpg,S3132L04,S3082R01,unrelated
S3132L04.jpg,S3082R04.jpg,S3132L04,S3082R04,unrelated
S3132L04.jpg,S3061L03.jpg,S3132L04,S3061L03,unrelated
S3132L04.jpg,S3061L02.jpg,S3132L04,S3061L02,unrelated
S3132L04.jpg,S3061R01.jpg,S3132L04,S3061R01,unrelated
S3132L04.jpg,S3061R04.jpg,S3132L04,S3061R04,unrelated
S3132L04.jpg,S3061R07.jpg,S3132L04,S3061R07,unrelated
S3132L04.jpg,S3061R08.jpg,S3132L04,S3061R08,unrelated
S3132L04.jpg,S3062L03.jpg,S3132L04,S3062L03,unrelated
S3132L04.jpg,S3062L05.jpg,S3132L04,S3062L05,unrelated
S3132L04.jpg,S3062L07.jpg,S3132L04,S3062L07,unrelated
S3132L04.jpg,S3062L06.jpg,S3132L04,S3062L06,unrelated
S3132L04.jpg,S3062L04.jpg,S3132L04,S3062L04,unrelated
S3132L04.jpg,S3062R02.jpg,S3132L04,S3062R02,unrelated
S3132L04.jpg,S3062R09.jpg,S3132L04,S3062R09,unrelated
S3132L04.jpg,S3062R10.jpg,S3132L04,S3062R10,unrelated
S3132L04.jpg,S3062R07.jpg,S3132L04,S3062R07,unrelated
S3132L04.jpg,S3062R08.jpg,S3132L04,S3062R08,unrelated
S3132L04.jpg,S3021L04.jpg,S3132L04,S3021L04,unrelated
S3132L04.jpg,S3021L03.jpg,S3132L04,S3021L03,unrelated
S3132L04.jpg,S3021L06.jpg,S3132L04,S3021L06,unrelated
S3132L04.jpg,S3021L02.jpg,S3132L04,S3021L02,unrelated
S3132L04.jpg,S3021L01.jpg,S3132L04,S3021L01,unrelated
S3132L04.jpg,S3021R09.jpg,S3132L04,S3021R09,unrelated
S3132L04.jpg,S3021R01.jpg,S3132L04,S3021R01,unrelated
S3132L04.jpg,S3021R02.jpg,S3132L04,S3021R02,unrelated
S3132L04.jpg,S3021R07.jpg,S3132L04,S3021R07,unrelated
S3132L04.jpg,S3021R06.jpg,S3132L04,S3021R06,unrelated
S3132L04.jpg,S3022L01.jpg,S3132L04,S3022L01,unrelated
S3132L04.jpg,S3022R01.jpg,S3132L04,S3022R01,unrelated
S3132L04.jpg,S3022R02.jpg,S3132L04,S3022R02,unrelated
S3132L04.jpg,S3101L08.jpg,S3132L04,S3101L08,unrelated
S3132L04.jpg,S3101L04.jpg,S3132L04,S3101L04,unrelated
S3132L04.jpg,S3101L02.jpg,S3132L04,S3101L02,unrelated
S3132L04.jpg,S3101L09.jpg,S3132L04,S3101L09,unrelated
S3132L04.jpg,S3101L10.jpg,S3132L04,S3101L10,unrelated
S3132L04.jpg,S3101R07.jpg,S3132L04,S3101R07,unrelated
S3132L04.jpg,S3101R04.jpg,S3132L04,S3101R04,unrelated
S3132L04.jpg,S3101R03.jpg,S3132L04,S3101R03,unrelated
S3132L04.jpg,S3101R02.jpg,S3132L04,S3101R02,unrelated
S3132L04.jpg,S3101R05.jpg,S3132L04,S3101R05,unrelated
S3132L04.jpg,S3102L10.jpg,S3132L04,S3102L10,unrelated
S3132L04.jpg,S3102L09.jpg,S3132L04,S3102L09,unrelated
S3132L04.jpg,S3102L01.jpg,S3132L04,S3102L01,unrelated
S3132L04.jpg,S3102L07.jpg,S3132L04,S3102L07,unrelated
S3132L04.jpg,S3102L06.jpg,S3132L04,S3102L06,unrelated
S3132L04.jpg,S3102R07.jpg,S3132L04,S3102R07,unrelated
S3132L04.jpg,S3102R08.jpg,S3132L04,S3102R08,unrelated
S3132L04.jpg,S3102R02.jpg,S3132L04,S3102R02,unrelated
S3132L04.jpg,S3102R06.jpg,S3132L04,S3102R06,unrelated
S3132L04.jpg,S3102R09.jpg,S3132L04,S3102R09,unrelated
S3132L04.jpg,S3151L06.jpg,S3132L04,S3151L06,unrelated
S3132L04.jpg,S3151L04.jpg,S3132L04,S3151L04,unrelated
S3132L04.jpg,S3151L03.jpg,S3132L04,S3151L03,unrelated
S3132L04.jpg,S3151L05.jpg,S3132L04,S3151L05,unrelated
S3132L04.jpg,S3151L07.jpg,S3132L04,S3151L07,unrelated
S3132L04.jpg,S3151R03.jpg,S3132L04,S3151R03,unrelated
S3132L04.jpg,S3151R01.jpg,S3132L04,S3151R01,unrelated
S3132L04.jpg,S3151R02.jpg,S3132L04,S3151R02,unrelated
S3132L04.jpg,S3152R04.jpg,S3132L04,S3152R04,unrelated
S3132L04.jpg,S3152R03.jpg,S3132L04,S3152R03,unrelated
S3132L04.jpg,S3152R02.jpg,S3132L04,S3152R02,unrelated
S3132L04.jpg,S3152R07.jpg,S3132L04,S3152R07,unrelated
S3132L04.jpg,S3181R04.jpg,S3132L04,S3181R04,unrelated
S3132L04.jpg,S3181R05.jpg,S3132L04,S3181R05,unrelated
S3132L04.jpg,S3182L01.jpg,S3132L04,S3182L01,unrelated
S3132L04.jpg,S3182R05.jpg,S3132L04,S3182R05,unrelated
S3132L04.jpg,S3182R06.jpg,S3132L04,S3182R06,unrelated
S3132L04.jpg,S3182R04.jpg,S3132L04,S3182R04,unrelated
S3132L04.jpg,S3182R03.jpg,S3132L04,S3182R03,unrelated
S3132L04.jpg,S3182R07.jpg,S3132L04,S3182R07,unrelated
S3132L04.jpg,S3141L03.jpg,S3132L04,S3141L03,unrelated
S3132L04.jpg,S3141R07.jpg,S3132L04,S3141R07,unrelated
S3132L04.jpg,S3141R10.jpg,S3132L04,S3141R10,unrelated
S3132L04.jpg,S3141R04.jpg,S3132L04,S3141R04,unrelated
S3132L04.jpg,S3141R06.jpg,S3132L04,S3141R06,unrelated
S3132L04.jpg,S3142L03.jpg,S3132L04,S3142L03,unrelated
S3132L04.jpg,S3142L02.jpg,S3132L04,S3142L02,unrelated
S3132L04.jpg,S3142L04.jpg,S3132L04,S3142L04,unrelated
S3132L04.jpg,S3142L07.jpg,S3132L04,S3142L07,unrelated
S3132L04.jpg,S3142R08.jpg,S3132L04,S3142R08,unrelated
S3132L04.jpg,S3142R07.jpg,S3132L04,S3142R07,unrelated
S3132L04.jpg,S3142R10.jpg,S3132L04,S3142R10,unrelated
S3132L04.jpg,S3142R09.jpg,S3132L04,S3142R09,unrelated
S3132L04.jpg,S3121L03.jpg,S3132L04,S3121L03,unrelated
S3132L04.jpg,S3121L02.jpg,S3132L04,S3121L02,unrelated
S3132L04.jpg,S3121L01.jpg,S3132L04,S3121L01,unrelated
S3132L04.jpg,S3121R04.jpg,S3132L04,S3121R04,unrelated
S3132L04.jpg,S3121R02.jpg,S3132L04,S3121R02,unrelated
S3132L04.jpg,S3121R01.jpg,S3132L04,S3121R01,unrelated
S3132L04.jpg,S3121R08.jpg,S3132L04,S3121R08,unrelated
S3132L04.jpg,S3121R07.jpg,S3132L04,S3121R07,unrelated
S3132L04.jpg,S3122L09.jpg,S3132L04,S3122L09,unrelated
S3132L04.jpg,S3122L07.jpg,S3132L04,S3122L07,unrelated
S3132L04.jpg,S3122L10.jpg,S3132L04,S3122L10,unrelated
S3132L04.jpg,S3122L01.jpg,S3132L04,S3122L01,unrelated
S3132L04.jpg,S3122L05.jpg,S3132L04,S3122L05,unrelated
S3132L04.jpg,S3122R02.jpg,S3132L04,S3122R02,unrelated
S3132L04.jpg,S3122R04.jpg,S3132L04,S3122R04,unrelated
S3132L04.jpg,S3122R03.jpg,S3132L04,S3122R03,unrelated
S3132L04.jpg,S3122R01.jpg,S3132L04,S3122R01,unrelated
S3132L04.jpg,S3051L07.jpg,S3132L04,S3051L07,unrelated
S3132L04.jpg,S3051L08.jpg,S3132L04,S3051L08,unrelated
S3132L04.jpg,S3051L10.jpg,S3132L04,S3051L10,unrelated
S3132L04.jpg,S3051L06.jpg,S3132L04,S3051L06,unrelated
S3132L04.jpg,S3051R01.jpg,S3132L04,S3051R01,unrelated
S3132L04.jpg,S3051R03.jpg,S3132L04,S3051R03,unrelated
S3132L04.jpg,S3052L01.jpg,S3132L04,S3052L01,unrelated
S3132L04.jpg,S3052L02.jpg,S3132L04,S3052L02,unrelated
S3132L04.jpg,S3052L03.jpg,S3132L04,S3052L03,unrelated
S3132L04.jpg,S3052R01.jpg,S3132L04,S3052R01,unrelated
S3132L04.jpg,S3011L07.jpg,S3132L04,S3011L07,unrelated
S3132L04.jpg,S3011R01.jpg,S3132L04,S3011R01,unrelated
S3132L04.jpg,S3011R02.jpg,S3132L04,S3011R02,unrelated
S3132L04.jpg,S3012L07.jpg,S3132L04,S3012L07,unrelated
S3132L04.jpg,S3012L02.jpg,S3132L04,S3012L02,unrelated
S3132L04.jpg,S3012R07.jpg,S3132L04,S3012R07,unrelated
S3132R06.jpg,S3132R07.jpg,S3132R06,S3132R07,genuine
S3132R06.jpg,S3031L06.jpg,S3132R06,S3031L06,unrelated
S3132R06.jpg,S3031R09.jpg,S3132R06,S3031R09,unrelated
S3132R06.jpg,S3032L08.jpg,S3132R06,S3032L08,unrelated
S3132R06.jpg,S3032L10.jpg,S3132R06,S3032L10,unrelated
S3132R06.jpg,S3032L09.jpg,S3132R06,S3032L09,unrelated
S3132R06.jpg,S3032L05.jpg,S3132R06,S3032L05,unrelated
S3132R06.jpg,S3032L06.jpg,S3132R06,S3032L06,unrelated
S3132R06.jpg,S3032R10.jpg,S3132R06,S3032R10,unrelated
S3132R06.jpg,S3032R05.jpg,S3132R06,S3032R05,unrelated
S3132R06.jpg,S3032R04.jpg,S3132R06,S3032R04,unrelated
S3132R06.jpg,S3032R07.jpg,S3132R06,S3032R07,unrelated
S3132R06.jpg,S3032R06.jpg,S3132R06,S3032R06,unrelated
S3132R06.jpg,S3041L03.jpg,S3132R06,S3041L03,unrelated
S3132R06.jpg,S3041L06.jpg,S3132R06,S3041L06,unrelated
S3132R06.jpg,S3041L05.jpg,S3132R06,S3041L05,unrelated
S3132R06.jpg,S3041L04.jpg,S3132R06,S3041L04,unrelated
S3132R06.jpg,S3041R01.jpg,S3132R06,S3041R01,unrelated
S3132R06.jpg,S3042L08.jpg,S3132R06,S3042L08,unrelated
S3132R06.jpg,S3042R07.jpg,S3132R06,S3042R07,unrelated
S3132R06.jpg,S3042R08.jpg,S3132R06,S3042R08,unrelated
S3132R06.jpg,S3002L02.jpg,S3132R06,S3002L02,unrelated
S3132R06.jpg,S3082R05.jpg,S3132R06,S3082R05,unrelated
S3132R06.jpg,S3082R02.jpg,S3132R06,S3082R02,unrelated
S3132R06.jpg,S3082R06.jpg,S3132R06,S3082R06,unrelated
S3132R06.jpg,S3082R01.jpg,S3132R06,S3082R01,unrelated
S3132R06.jpg,S3082R04.jpg,S3132R06,S3082R04,unrelated
S3132R06.jpg,S3061L03.jpg,S3132R06,S3061L03,unrelated
S3132R06.jpg,S3061L02.jpg,S3132R06,S3061L02,unrelated
S3132R06.jpg,S3061R01.jpg,S3132R06,S3061R01,unrelated
S3132R06.jpg,S3061R04.jpg,S3132R06,S3061R04,unrelated
S3132R06.jpg,S3061R07.jpg,S3132R06,S3061R07,unrelated
S3132R06.jpg,S3061R08.jpg,S3132R06,S3061R08,unrelated
S3132R06.jpg,S3062L03.jpg,S3132R06,S3062L03,unrelated
S3132R06.jpg,S3062L05.jpg,S3132R06,S3062L05,unrelated
S3132R06.jpg,S3062L07.jpg,S3132R06,S3062L07,unrelated
S3132R06.jpg,S3062L06.jpg,S3132R06,S3062L06,unrelated
S3132R06.jpg,S3062L04.jpg,S3132R06,S3062L04,unrelated
S3132R06.jpg,S3062R02.jpg,S3132R06,S3062R02,unrelated
S3132R06.jpg,S3062R09.jpg,S3132R06,S3062R09,unrelated
S3132R06.jpg,S3062R10.jpg,S3132R06,S3062R10,unrelated
S3132R06.jpg,S3062R07.jpg,S3132R06,S3062R07,unrelated
S3132R06.jpg,S3062R08.jpg,S3132R06,S3062R08,unrelated
S3132R06.jpg,S3021L04.jpg,S3132R06,S3021L04,unrelated
S3132R06.jpg,S3021L03.jpg,S3132R06,S3021L03,unrelated
S3132R06.jpg,S3021L06.jpg,S3132R06,S3021L06,unrelated
S3132R06.jpg,S3021L02.jpg,S3132R06,S3021L02,unrelated
S3132R06.jpg,S3021L01.jpg,S3132R06,S3021L01,unrelated
S3132R06.jpg,S3021R09.jpg,S3132R06,S3021R09,unrelated
S3132R06.jpg,S3021R01.jpg,S3132R06,S3021R01,unrelated
S3132R06.jpg,S3021R02.jpg,S3132R06,S3021R02,unrelated
S3132R06.jpg,S3021R07.jpg,S3132R06,S3021R07,unrelated
S3132R06.jpg,S3021R06.jpg,S3132R06,S3021R06,unrelated
S3132R06.jpg,S3022L01.jpg,S3132R06,S3022L01,unrelated
S3132R06.jpg,S3022R01.jpg,S3132R06,S3022R01,unrelated
S3132R06.jpg,S3022R02.jpg,S3132R06,S3022R02,unrelated
S3132R06.jpg,S3101L08.jpg,S3132R06,S3101L08,unrelated
S3132R06.jpg,S3101L04.jpg,S3132R06,S3101L04,unrelated
S3132R06.jpg,S3101L02.jpg,S3132R06,S3101L02,unrelated
S3132R06.jpg,S3101L09.jpg,S3132R06,S3101L09,unrelated
S3132R06.jpg,S3101L10.jpg,S3132R06,S3101L10,unrelated
S3132R06.jpg,S3101R07.jpg,S3132R06,S3101R07,unrelated
S3132R06.jpg,S3101R04.jpg,S3132R06,S3101R04,unrelated
S3132R06.jpg,S3101R03.jpg,S3132R06,S3101R03,unrelated
S3132R06.jpg,S3101R02.jpg,S3132R06,S3101R02,unrelated
S3132R06.jpg,S3101R05.jpg,S3132R06,S3101R05,unrelated
S3132R06.jpg,S3102L10.jpg,S3132R06,S3102L10,unrelated
S3132R06.jpg,S3102L09.jpg,S3132R06,S3102L09,unrelated
S3132R06.jpg,S3102L01.jpg,S3132R06,S3102L01,unrelated
S3132R06.jpg,S3102L07.jpg,S3132R06,S3102L07,unrelated
S3132R06.jpg,S3102L06.jpg,S3132R06,S3102L06,unrelated
S3132R06.jpg,S3102R07.jpg,S3132R06,S3102R07,unrelated
S3132R06.jpg,S3102R08.jpg,S3132R06,S3102R08,unrelated
S3132R06.jpg,S3102R02.jpg,S3132R06,S3102R02,unrelated
S3132R06.jpg,S3102R06.jpg,S3132R06,S3102R06,unrelated
S3132R06.jpg,S3102R09.jpg,S3132R06,S3102R09,unrelated
S3132R06.jpg,S3151L06.jpg,S3132R06,S3151L06,unrelated
S3132R06.jpg,S3151L04.jpg,S3132R06,S3151L04,unrelated
S3132R06.jpg,S3151L03.jpg,S3132R06,S3151L03,unrelated
S3132R06.jpg,S3151L05.jpg,S3132R06,S3151L05,unrelated
S3132R06.jpg,S3151L07.jpg,S3132R06,S3151L07,unrelated
S3132R06.jpg,S3151R03.jpg,S3132R06,S3151R03,unrelated
S3132R06.jpg,S3151R01.jpg,S3132R06,S3151R01,unrelated
S3132R06.jpg,S3151R02.jpg,S3132R06,S3151R02,unrelated
S3132R06.jpg,S3152R04.jpg,S3132R06,S3152R04,unrelated
S3132R06.jpg,S3152R03.jpg,S3132R06,S3152R03,unrelated
S3132R06.jpg,S3152R02.jpg,S3132R06,S3152R02,unrelated
S3132R06.jpg,S3152R07.jpg,S3132R06,S3152R07,unrelated
S3132R06.jpg,S3181R04.jpg,S3132R06,S3181R04,unrelated
S3132R06.jpg,S3181R05.jpg,S3132R06,S3181R05,unrelated
S3132R06.jpg,S3182L01.jpg,S3132R06,S3182L01,unrelated
S3132R06.jpg,S3182R05.jpg,S3132R06,S3182R05,unrelated
S3132R06.jpg,S3182R06.jpg,S3132R06,S3182R06,unrelated
S3132R06.jpg,S3182R04.jpg,S3132R06,S3182R04,unrelated
S3132R06.jpg,S3182R03.jpg,S3132R06,S3182R03,unrelated
S3132R06.jpg,S3182R07.jpg,S3132R06,S3182R07,unrelated
S3132R06.jpg,S3141L03.jpg,S3132R06,S3141L03,unrelated
S3132R06.jpg,S3141R07.jpg,S3132R06,S3141R07,unrelated
S3132R06.jpg,S3141R10.jpg,S3132R06,S3141R10,unrelated
S3132R06.jpg,S3141R04.jpg,S3132R06,S3141R04,unrelated
S3132R06.jpg,S3141R06.jpg,S3132R06,S3141R06,unrelated
S3132R06.jpg,S3142L03.jpg,S3132R06,S3142L03,unrelated
S3132R06.jpg,S3142L02.jpg,S3132R06,S3142L02,unrelated
S3132R06.jpg,S3142L04.jpg,S3132R06,S3142L04,unrelated
S3132R06.jpg,S3142L07.jpg,S3132R06,S3142L07,unrelated
S3132R06.jpg,S3142R08.jpg,S3132R06,S3142R08,unrelated
S3132R06.jpg,S3142R07.jpg,S3132R06,S3142R07,unrelated
S3132R06.jpg,S3142R10.jpg,S3132R06,S3142R10,unrelated
S3132R06.jpg,S3142R09.jpg,S3132R06,S3142R09,unrelated
S3132R06.jpg,S3121L03.jpg,S3132R06,S3121L03,unrelated
S3132R06.jpg,S3121L02.jpg,S3132R06,S3121L02,unrelated
S3132R06.jpg,S3121L01.jpg,S3132R06,S3121L01,unrelated
S3132R06.jpg,S3121R04.jpg,S3132R06,S3121R04,unrelated
S3132R06.jpg,S3121R02.jpg,S3132R06,S3121R02,unrelated
S3132R06.jpg,S3121R01.jpg,S3132R06,S3121R01,unrelated
S3132R06.jpg,S3121R08.jpg,S3132R06,S3121R08,unrelated
S3132R06.jpg,S3121R07.jpg,S3132R06,S3121R07,unrelated
S3132R06.jpg,S3122L09.jpg,S3132R06,S3122L09,unrelated
S3132R06.jpg,S3122L07.jpg,S3132R06,S3122L07,unrelated
S3132R06.jpg,S3122L10.jpg,S3132R06,S3122L10,unrelated
S3132R06.jpg,S3122L01.jpg,S3132R06,S3122L01,unrelated
S3132R06.jpg,S3122L05.jpg,S3132R06,S3122L05,unrelated
S3132R06.jpg,S3122R02.jpg,S3132R06,S3122R02,unrelated
S3132R06.jpg,S3122R04.jpg,S3132R06,S3122R04,unrelated
S3132R06.jpg,S3122R03.jpg,S3132R06,S3122R03,unrelated
S3132R06.jpg,S3122R01.jpg,S3132R06,S3122R01,unrelated
S3132R06.jpg,S3051L07.jpg,S3132R06,S3051L07,unrelated
S3132R06.jpg,S3051L08.jpg,S3132R06,S3051L08,unrelated
S3132R06.jpg,S3051L10.jpg,S3132R06,S3051L10,unrelated
S3132R06.jpg,S3051L06.jpg,S3132R06,S3051L06,unrelated
S3132R06.jpg,S3051R01.jpg,S3132R06,S3051R01,unrelated
S3132R06.jpg,S3051R03.jpg,S3132R06,S3051R03,unrelated
S3132R06.jpg,S3052L01.jpg,S3132R06,S3052L01,unrelated
S3132R06.jpg,S3052L02.jpg,S3132R06,S3052L02,unrelated
S3132R06.jpg,S3052L03.jpg,S3132R06,S3052L03,unrelated
S3132R06.jpg,S3052R01.jpg,S3132R06,S3052R01,unrelated
S3132R06.jpg,S3011L07.jpg,S3132R06,S3011L07,unrelated
S3132R06.jpg,S3011R01.jpg,S3132R06,S3011R01,unrelated
S3132R06.jpg,S3011R02.jpg,S3132R06,S3011R02,unrelated
S3132R06.jpg,S3012L07.jpg,S3132R06,S3012L07,unrelated
S3132R06.jpg,S3012L02.jpg,S3132R06,S3012L02,unrelated
S3132R06.jpg,S3012R07.jpg,S3132R06,S3012R07,unrelated
S3132R07.jpg,S3031L06.jpg,S3132R07,S3031L06,unrelated
S3132R07.jpg,S3031R09.jpg,S3132R07,S3031R09,unrelated
S3132R07.jpg,S3032L08.jpg,S3132R07,S3032L08,unrelated
S3132R07.jpg,S3032L10.jpg,S3132R07,S3032L10,unrelated
S3132R07.jpg,S3032L09.jpg,S3132R07,S3032L09,unrelated
S3132R07.jpg,S3032L05.jpg,S3132R07,S3032L05,unrelated
S3132R07.jpg,S3032L06.jpg,S3132R07,S3032L06,unrelated
S3132R07.jpg,S3032R10.jpg,S3132R07,S3032R10,unrelated
S3132R07.jpg,S3032R05.jpg,S3132R07,S3032R05,unrelated
S3132R07.jpg,S3032R04.jpg,S3132R07,S3032R04,unrelated
S3132R07.jpg,S3032R07.jpg,S3132R07,S3032R07,unrelated
S3132R07.jpg,S3032R06.jpg,S3132R07,S3032R06,unrelated
S3132R07.jpg,S3041L03.jpg,S3132R07,S3041L03,unrelated
S3132R07.jpg,S3041L06.jpg,S3132R07,S3041L06,unrelated
S3132R07.jpg,S3041L05.jpg,S3132R07,S3041L05,unrelated
S3132R07.jpg,S3041L04.jpg,S3132R07,S3041L04,unrelated
S3132R07.jpg,S3041R01.jpg,S3132R07,S3041R01,unrelated
S3132R07.jpg,S3042L08.jpg,S3132R07,S3042L08,unrelated
S3132R07.jpg,S3042R07.jpg,S3132R07,S3042R07,unrelated
S3132R07.jpg,S3042R08.jpg,S3132R07,S3042R08,unrelated
S3132R07.jpg,S3002L02.jpg,S3132R07,S3002L02,unrelated
S3132R07.jpg,S3082R05.jpg,S3132R07,S3082R05,unrelated
S3132R07.jpg,S3082R02.jpg,S3132R07,S3082R02,unrelated
S3132R07.jpg,S3082R06.jpg,S3132R07,S3082R06,unrelated
S3132R07.jpg,S3082R01.jpg,S3132R07,S3082R01,unrelated
S3132R07.jpg,S3082R04.jpg,S3132R07,S3082R04,unrelated
S3132R07.jpg,S3061L03.jpg,S3132R07,S3061L03,unrelated
S3132R07.jpg,S3061L02.jpg,S3132R07,S3061L02,unrelated
S3132R07.jpg,S3061R01.jpg,S3132R07,S3061R01,unrelated
S3132R07.jpg,S3061R04.jpg,S3132R07,S3061R04,unrelated
S3132R07.jpg,S3061R07.jpg,S3132R07,S3061R07,unrelated
S3132R07.jpg,S3061R08.jpg,S3132R07,S3061R08,unrelated
S3132R07.jpg,S3062L03.jpg,S3132R07,S3062L03,unrelated
S3132R07.jpg,S3062L05.jpg,S3132R07,S3062L05,unrelated
S3132R07.jpg,S3062L07.jpg,S3132R07,S3062L07,unrelated
S3132R07.jpg,S3062L06.jpg,S3132R07,S3062L06,unrelated
S3132R07.jpg,S3062L04.jpg,S3132R07,S3062L04,unrelated
S3132R07.jpg,S3062R02.jpg,S3132R07,S3062R02,unrelated
S3132R07.jpg,S3062R09.jpg,S3132R07,S3062R09,unrelated
S3132R07.jpg,S3062R10.jpg,S3132R07,S3062R10,unrelated
S3132R07.jpg,S3062R07.jpg,S3132R07,S3062R07,unrelated
S3132R07.jpg,S3062R08.jpg,S3132R07,S3062R08,unrelated
S3132R07.jpg,S3021L04.jpg,S3132R07,S3021L04,unrelated
S3132R07.jpg,S3021L03.jpg,S3132R07,S3021L03,unrelated
S3132R07.jpg,S3021L06.jpg,S3132R07,S3021L06,unrelated
S3132R07.jpg,S3021L02.jpg,S3132R07,S3021L02,unrelated
S3132R07.jpg,S3021L01.jpg,S3132R07,S3021L01,unrelated
S3132R07.jpg,S3021R09.jpg,S3132R07,S3021R09,unrelated
S3132R07.jpg,S3021R01.jpg,S3132R07,S3021R01,unrelated
S3132R07.jpg,S3021R02.jpg,S3132R07,S3021R02,unrelated
S3132R07.jpg,S3021R07.jpg,S3132R07,S3021R07,unrelated
S3132R07.jpg,S3021R06.jpg,S3132R07,S3021R06,unrelated
S3132R07.jpg,S3022L01.jpg,S3132R07,S3022L01,unrelated
S3132R07.jpg,S3022R01.jpg,S3132R07,S3022R01,unrelated
S3132R07.jpg,S3022R02.jpg,S3132R07,S3022R02,unrelated
S3132R07.jpg,S3101L08.jpg,S3132R07,S3101L08,unrelated
S3132R07.jpg,S3101L04.jpg,S3132R07,S3101L04,unrelated
S3132R07.jpg,S3101L02.jpg,S3132R07,S3101L02,unrelated
S3132R07.jpg,S3101L09.jpg,S3132R07,S3101L09,unrelated
S3132R07.jpg,S3101L10.jpg,S3132R07,S3101L10,unrelated
S3132R07.jpg,S3101R07.jpg,S3132R07,S3101R07,unrelated
S3132R07.jpg,S3101R04.jpg,S3132R07,S3101R04,unrelated
S3132R07.jpg,S3101R03.jpg,S3132R07,S3101R03,unrelated
S3132R07.jpg,S3101R02.jpg,S3132R07,S3101R02,unrelated
S3132R07.jpg,S3101R05.jpg,S3132R07,S3101R05,unrelated
S3132R07.jpg,S3102L10.jpg,S3132R07,S3102L10,unrelated
S3132R07.jpg,S3102L09.jpg,S3132R07,S3102L09,unrelated
S3132R07.jpg,S3102L01.jpg,S3132R07,S3102L01,unrelated
S3132R07.jpg,S3102L07.jpg,S3132R07,S3102L07,unrelated
S3132R07.jpg,S3102L06.jpg,S3132R07,S3102L06,unrelated
S3132R07.jpg,S3102R07.jpg,S3132R07,S3102R07,unrelated
S3132R07.jpg,S3102R08.jpg,S3132R07,S3102R08,unrelated
S3132R07.jpg,S3102R02.jpg,S3132R07,S3102R02,unrelated
S3132R07.jpg,S3102R06.jpg,S3132R07,S3102R06,unrelated
S3132R07.jpg,S3102R09.jpg,S3132R07,S3102R09,unrelated
S3132R07.jpg,S3151L06.jpg,S3132R07,S3151L06,unrelated
S3132R07.jpg,S3151L04.jpg,S3132R07,S3151L04,unrelated
S3132R07.jpg,S3151L03.jpg,S3132R07,S3151L03,unrelated
S3132R07.jpg,S3151L05.jpg,S3132R07,S3151L05,unrelated
S3132R07.jpg,S3151L07.jpg,S3132R07,S3151L07,unrelated
S3132R07.jpg,S3151R03.jpg,S3132R07,S3151R03,unrelated
S3132R07.jpg,S3151R01.jpg,S3132R07,S3151R01,unrelated
S3132R07.jpg,S3151R02.jpg,S3132R07,S3151R02,unrelated
S3132R07.jpg,S3152R04.jpg,S3132R07,S3152R04,unrelated
S3132R07.jpg,S3152R03.jpg,S3132R07,S3152R03,unrelated
S3132R07.jpg,S3152R02.jpg,S3132R07,S3152R02,unrelated
S3132R07.jpg,S3152R07.jpg,S3132R07,S3152R07,unrelated
S3132R07.jpg,S3181R04.jpg,S3132R07,S3181R04,unrelated
S3132R07.jpg,S3181R05.jpg,S3132R07,S3181R05,unrelated
S3132R07.jpg,S3182L01.jpg,S3132R07,S3182L01,unrelated
S3132R07.jpg,S3182R05.jpg,S3132R07,S3182R05,unrelated
S3132R07.jpg,S3182R06.jpg,S3132R07,S3182R06,unrelated
S3132R07.jpg,S3182R04.jpg,S3132R07,S3182R04,unrelated
S3132R07.jpg,S3182R03.jpg,S3132R07,S3182R03,unrelated
S3132R07.jpg,S3182R07.jpg,S3132R07,S3182R07,unrelated
S3132R07.jpg,S3141L03.jpg,S3132R07,S3141L03,unrelated
S3132R07.jpg,S3141R07.jpg,S3132R07,S3141R07,unrelated
S3132R07.jpg,S3141R10.jpg,S3132R07,S3141R10,unrelated
S3132R07.jpg,S3141R04.jpg,S3132R07,S3141R04,unrelated
S3132R07.jpg,S3141R06.jpg,S3132R07,S3141R06,unrelated
S3132R07.jpg,S3142L03.jpg,S3132R07,S3142L03,unrelated
S3132R07.jpg,S3142L02.jpg,S3132R07,S3142L02,unrelated
S3132R07.jpg,S3142L04.jpg,S3132R07,S3142L04,unrelated
S3132R07.jpg,S3142L07.jpg,S3132R07,S3142L07,unrelated
S3132R07.jpg,S3142R08.jpg,S3132R07,S3142R08,unrelated
S3132R07.jpg,S3142R07.jpg,S3132R07,S3142R07,unrelated
S3132R07.jpg,S3142R10.jpg,S3132R07,S3142R10,unrelated
S3132R07.jpg,S3142R09.jpg,S3132R07,S3142R09,unrelated
S3132R07.jpg,S3121L03.jpg,S3132R07,S3121L03,unrelated
S3132R07.jpg,S3121L02.jpg,S3132R07,S3121L02,unrelated
S3132R07.jpg,S3121L01.jpg,S3132R07,S3121L01,unrelated
S3132R07.jpg,S3121R04.jpg,S3132R07,S3121R04,unrelated
S3132R07.jpg,S3121R02.jpg,S3132R07,S3121R02,unrelated
S3132R07.jpg,S3121R01.jpg,S3132R07,S3121R01,unrelated
S3132R07.jpg,S3121R08.jpg,S3132R07,S3121R08,unrelated
S3132R07.jpg,S3121R07.jpg,S3132R07,S3121R07,unrelated
S3132R07.jpg,S3122L09.jpg,S3132R07,S3122L09,unrelated
S3132R07.jpg,S3122L07.jpg,S3132R07,S3122L07,unrelated
S3132R07.jpg,S3122L10.jpg,S3132R07,S3122L10,unrelated
S3132R07.jpg,S3122L01.jpg,S3132R07,S3122L01,unrelated
S3132R07.jpg,S3122L05.jpg,S3132R07,S3122L05,unrelated
S3132R07.jpg,S3122R02.jpg,S3132R07,S3122R02,unrelated
S3132R07.jpg,S3122R04.jpg,S3132R07,S3122R04,unrelated
S3132R07.jpg,S3122R03.jpg,S3132R07,S3122R03,unrelated
S3132R07.jpg,S3122R01.jpg,S3132R07,S3122R01,unrelated
S3132R07.jpg,S3051L07.jpg,S3132R07,S3051L07,unrelated
S3132R07.jpg,S3051L08.jpg,S3132R07,S3051L08,unrelated
S3132R07.jpg,S3051L10.jpg,S3132R07,S3051L10,unrelated
S3132R07.jpg,S3051L06.jpg,S3132R07,S3051L06,unrelated
S3132R07.jpg,S3051R01.jpg,S3132R07,S3051R01,unrelated
S3132R07.jpg,S3051R03.jpg,S3132R07,S3051R03,unrelated
S3132R07.jpg,S3052L01.jpg,S3132R07,S3052L01,unrelated
S3132R07.jpg,S3052L02.jpg,S3132R07,S3052L02,unrelated
S3132R07.jpg,S3052L03.jpg,S3132R07,S3052L03,unrelated
S3132R07.jpg,S3052R01.jpg,S3132R07,S3052R01,unrelated
S3132R07.jpg,S3011L07.jpg,S3132R07,S3011L07,unrelated
S3132R07.jpg,S3011R01.jpg,S3132R07,S3011R01,unrelated
S3132R07.jpg,S3011R02.jpg,S3132R07,S3011R02,unrelated
S3132R07.jpg,S3012L07.jpg,S3132R07,S3012L07,unrelated
S3132R07.jpg,S3012L02.jpg,S3132R07,S3012L02,unrelated
S3132R07.jpg,S3012R07.jpg,S3132R07,S3012R07,unrelated
S3031L06.jpg,S3031R09.jpg,S3031L06,S3031R09,same_subject_different_eye
S3031L06.jpg,S3032L08.jpg,S3031L06,S3032L08,twin_same_eye
S3031L06.jpg,S3032L10.jpg,S3031L06,S3032L10,twin_same_eye
S3031L06.jpg,S3032L09.jpg,S3031L06,S3032L09,twin_same_eye
S3031L06.jpg,S3032L05.jpg,S3031L06,S3032L05,twin_same_eye
S3031L06.jpg,S3032L06.jpg,S3031L06,S3032L06,twin_same_eye
S3031L06.jpg,S3032R10.jpg,S3031L06,S3032R10,twin_cross_eye
S3031L06.jpg,S3032R05.jpg,S3031L06,S3032R05,twin_cross_eye
S3031L06.jpg,S3032R04.jpg,S3031L06,S3032R04,twin_cross_eye
S3031L06.jpg,S3032R07.jpg,S3031L06,S3032R07,twin_cross_eye
S3031L06.jpg,S3032R06.jpg,S3031L06,S3032R06,twin_cross_eye
S3031L06.jpg,S3041L03.jpg,S3031L06,S3041L03,unrelated
S3031L06.jpg,S3041L06.jpg,S3031L06,S3041L06,unrelated
S3031L06.jpg,S3041L05.jpg,S3031L06,S3041L05,unrelated
S3031L06.jpg,S3041L04.jpg,S3031L06,S3041L04,unrelated
S3031L06.jpg,S3041R01.jpg,S3031L06,S3041R01,unrelated
S3031L06.jpg,S3042L08.jpg,S3031L06,S3042L08,unrelated
S3031L06.jpg,S3042R07.jpg,S3031L06,S3042R07,unrelated
S3031L06.jpg,S3042R08.jpg,S3031L06,S3042R08,unrelated
S3031L06.jpg,S3002L02.jpg,S3031L06,S3002L02,unrelated
S3031L06.jpg,S3082R05.jpg,S3031L06,S3082R05,unrelated
S3031L06.jpg,S3082R02.jpg,S3031L06,S3082R02,unrelated
S3031L06.jpg,S3082R06.jpg,S3031L06,S3082R06,unrelated
S3031L06.jpg,S3082R01.jpg,S3031L06,S3082R01,unrelated
S3031L06.jpg,S3082R04.jpg,S3031L06,S3082R04,unrelated
S3031L06.jpg,S3061L03.jpg,S3031L06,S3061L03,unrelated
S3031L06.jpg,S3061L02.jpg,S3031L06,S3061L02,unrelated
S3031L06.jpg,S3061R01.jpg,S3031L06,S3061R01,unrelated
S3031L06.jpg,S3061R04.jpg,S3031L06,S3061R04,unrelated
S3031L06.jpg,S3061R07.jpg,S3031L06,S3061R07,unrelated
S3031L06.jpg,S3061R08.jpg,S3031L06,S3061R08,unrelated
S3031L06.jpg,S3062L03.jpg,S3031L06,S3062L03,unrelated
S3031L06.jpg,S3062L05.jpg,S3031L06,S3062L05,unrelated
S3031L06.jpg,S3062L07.jpg,S3031L06,S3062L07,unrelated
S3031L06.jpg,S3062L06.jpg,S3031L06,S3062L06,unrelated
S3031L06.jpg,S3062L04.jpg,S3031L06,S3062L04,unrelated
S3031L06.jpg,S3062R02.jpg,S3031L06,S3062R02,unrelated
S3031L06.jpg,S3062R09.jpg,S3031L06,S3062R09,unrelated
S3031L06.jpg,S3062R10.jpg,S3031L06,S3062R10,unrelated
S3031L06.jpg,S3062R07.jpg,S3031L06,S3062R07,unrelated
S3031L06.jpg,S3062R08.jpg,S3031L06,S3062R08,unrelated
S3031L06.jpg,S3021L04.jpg,S3031L06,S3021L04,unrelated
S3031L06.jpg,S3021L03.jpg,S3031L06,S3021L03,unrelated
S3031L06.jpg,S3021L06.jpg,S3031L06,S3021L06,unrelated
S3031L06.jpg,S3021L02.jpg,S3031L06,S3021L02,unrelated
S3031L06.jpg,S3021L01.jpg,S3031L06,S3021L01,unrelated
S3031L06.jpg,S3021R09.jpg,S3031L06,S3021R09,unrelated
S3031L06.jpg,S3021R01.jpg,S3031L06,S3021R01,unrelated
S3031L06.jpg,S3021R02.jpg,S3031L06,S3021R02,unrelated
S3031L06.jpg,S3021R07.jpg,S3031L06,S3021R07,unrelated
S3031L06.jpg,S3021R06.jpg,S3031L06,S3021R06,unrelated
S3031L06.jpg,S3022L01.jpg,S3031L06,S3022L01,unrelated
S3031L06.jpg,S3022R01.jpg,S3031L06,S3022R01,unrelated
S3031L06.jpg,S3022R02.jpg,S3031L06,S3022R02,unrelated
S3031L06.jpg,S3101L08.jpg,S3031L06,S3101L08,unrelated
S3031L06.jpg,S3101L04.jpg,S3031L06,S3101L04,unrelated
S3031L06.jpg,S3101L02.jpg,S3031L06,S3101L02,unrelated
S3031L06.jpg,S3101L09.jpg,S3031L06,S3101L09,unrelated
S3031L06.jpg,S3101L10.jpg,S3031L06,S3101L10,unrelated
S3031L06.jpg,S3101R07.jpg,S3031L06,S3101R07,unrelated
S3031L06.jpg,S3101R04.jpg,S3031L06,S3101R04,unrelated
S3031L06.jpg,S3101R03.jpg,S3031L06,S3101R03,unrelated
S3031L06.jpg,S3101R02.jpg,S3031L06,S3101R02,unrelated
S3031L06.jpg,S3101R05.jpg,S3031L06,S3101R05,unrelated
S3031L06.jpg,S3102L10.jpg,S3031L06,S3102L10,unrelated
S3031L06.jpg,S3102L09.jpg,S3031L06,S3102L09,unrelated
S3031L06.jpg,S3102L01.jpg,S3031L06,S3102L01,unrelated
S3031L06.jpg,S3102L07.jpg,S3031L06,S3102L07,unrelated
S3031L06.jpg,S3102L06.jpg,S3031L06,S3102L06,unrelated
S3031L06.jpg,S3102R07.jpg,S3031L06,S3102R07,unrelated
S3031L06.jpg,S3102R08.jpg,S3031L06,S3102R08,unrelated
S3031L06.jpg,S3102R02.jpg,S3031L06,S3102R02,unrelated
S3031L06.jpg,S3102R06.jpg,S3031L06,S3102R06,unrelated
S3031L06.jpg,S3102R09.jpg,S3031L06,S3102R09,unrelated
S3031L06.jpg,S3151L06.jpg,S3031L06,S3151L06,unrelated
S3031L06.jpg,S3151L04.jpg,S3031L06,S3151L04,unrelated
S3031L06.jpg,S3151L03.jpg,S3031L06,S3151L03,unrelated
S3031L06.jpg,S3151L05.jpg,S3031L06,S3151L05,unrelated
S3031L06.jpg,S3151L07.jpg,S3031L06,S3151L07,unrelated
S3031L06.jpg,S3151R03.jpg,S3031L06,S3151R03,unrelated
S3031L06.jpg,S3151R01.jpg,S3031L06,S3151R01,unrelated
S3031L06.jpg,S3151R02.jpg,S3031L06,S3151R02,unrelated
S3031L06.jpg,S3152R04.jpg,S3031L06,S3152R04,unrelated
S3031L06.jpg,S3152R03.jpg,S3031L06,S3152R03,unrelated
S3031L06.jpg,S3152R02.jpg,S3031L06,S3152R02,unrelated
S3031L06.jpg,S3152R07.jpg,S3031L06,S3152R07,unrelated
S3031L06.jpg,S3181R04.jpg,S3031L06,S3181R04,unrelated
S3031L06.jpg,S3181R05.jpg,S3031L06,S3181R05,unrelated
S3031L06.jpg,S3182L01.jpg,S3031L06,S3182L01,unrelated
S3031L06.jpg,S3182R05.jpg,S3031L06,S3182R05,unrelated
S3031L06.jpg,S3182R06.jpg,S3031L06,S3182R06,unrelated
S3031L06.jpg,S3182R04.jpg,S3031L06,S3182R04,unrelated
S3031L06.jpg,S3182R03.jpg,S3031L06,S3182R03,unrelated
S3031L06.jpg,S3182R07.jpg,S3031L06,S3182R07,unrelated
S3031L06.jpg,S3141L03.jpg,S3031L06,S3141L03,unrelated
S3031L06.jpg,S3141R07.jpg,S3031L06,S3141R07,unrelated
S3031L06.jpg,S3141R10.jpg,S3031L06,S3141R10,unrelated
S3031L06.jpg,S3141R04.jpg,S3031L06,S3141R04,unrelated
S3031L06.jpg,S3141R06.jpg,S3031L06,S3141R06,unrelated
S3031L06.jpg,S3142L03.jpg,S3031L06,S3142L03,unrelated
S3031L06.jpg,S3142L02.jpg,S3031L06,S3142L02,unrelated
S3031L06.jpg,S3142L04.jpg,S3031L06,S3142L04,unrelated
S3031L06.jpg,S3142L07.jpg,S3031L06,S3142L07,unrelated
S3031L06.jpg,S3142R08.jpg,S3031L06,S3142R08,unrelated
S3031L06.jpg,S3142R07.jpg,S3031L06,S3142R07,unrelated
S3031L06.jpg,S3142R10.jpg,S3031L06,S3142R10,unrelated
S3031L06.jpg,S3142R09.jpg,S3031L06,S3142R09,unrelated
S3031L06.jpg,S3121L03.jpg,S3031L06,S3121L03,unrelated
S3031L06.jpg,S3121L02.jpg,S3031L06,S3121L02,unrelated
S3031L06.jpg,S3121L01.jpg,S3031L06,S3121L01,unrelated
S3031L06.jpg,S3121R04.jpg,S3031L06,S3121R04,unrelated
S3031L06.jpg,S3121R02.jpg,S3031L06,S3121R02,unrelated
S3031L06.jpg,S3121R01.jpg,S3031L06,S3121R01,unrelated
S3031L06.jpg,S3121R08.jpg,S3031L06,S3121R08,unrelated
S3031L06.jpg,S3121R07.jpg,S3031L06,S3121R07,unrelated
S3031L06.jpg,S3122L09.jpg,S3031L06,S3122L09,unrelated
S3031L06.jpg,S3122L07.jpg,S3031L06,S3122L07,unrelated
S3031L06.jpg,S3122L10.jpg,S3031L06,S3122L10,unrelated
S3031L06.jpg,S3122L01.jpg,S3031L06,S3122L01,unrelated
S3031L06.jpg,S3122L05.jpg,S3031L06,S3122L05,unrelated
S3031L06.jpg,S3122R02.jpg,S3031L06,S3122R02,unrelated
S3031L06.jpg,S3122R04.jpg,S3031L06,S3122R04,unrelated
S3031L06.jpg,S3122R03.jpg,S3031L06,S3122R03,unrelated
S3031L06.jpg,S3122R01.jpg,S3031L06,S3122R01,unrelated
S3031L06.jpg,S3051L07.jpg,S3031L06,S3051L07,unrelated
S3031L06.jpg,S3051L08.jpg,S3031L06,S3051L08,unrelated
S3031L06.jpg,S3051L10.jpg,S3031L06,S3051L10,unrelated
S3031L06.jpg,S3051L06.jpg,S3031L06,S3051L06,unrelated
S3031L06.jpg,S3051R01.jpg,S3031L06,S3051R01,unrelated
S3031L06.jpg,S3051R03.jpg,S3031L06,S3051R03,unrelated
S3031L06.jpg,S3052L01.jpg,S3031L06,S3052L01,unrelated
S3031L06.jpg,S3052L02.jpg,S3031L06,S3052L02,unrelated
S3031L06.jpg,S3052L03.jpg,S3031L06,S3052L03,unrelated
S3031L06.jpg,S3052R01.jpg,S3031L06,S3052R01,unrelated
S3031L06.jpg,S3011L07.jpg,S3031L06,S3011L07,unrelated
S3031L06.jpg,S3011R01.jpg,S3031L06,S3011R01,unrelated
S3031L06.jpg,S3011R02.jpg,S3031L06,S3011R02,unrelated
S3031L06.jpg,S3012L07.jpg,S3031L06,S3012L07,unrelated
S3031L06.jpg,S3012L02.jpg,S3031L06,S3012L02,unrelated
S3031L06.jpg,S3012R07.jpg,S3031L06,S3012R07,unrelated
S3031R09.jpg,S3032L08.jpg,S3031R09,S3032L08,twin_cross_eye
S3031R09.jpg,S3032L10.jpg,S3031R09,S3032L10,twin_cross_eye
S3031R09.jpg,S3032L09.jpg,S3031R09,S3032L09,twin_cross_eye
S3031R09.jpg,S3032L05.jpg,S3031R09,S3032L05,twin_cross_eye
S3031R09.jpg,S3032L06.jpg,S3031R09,S3032L06,twin_cross_eye
S3031R09.jpg,S3032R10.jpg,S3031R09,S3032R10,twin_same_eye
S3031R09.jpg,S3032R05.jpg,S3031R09,S3032R05,twin_same_eye
S3031R09.jpg,S3032R04.jpg,S3031R09,S3032R04,twin_same_eye
S3031R09.jpg,S3032R07.jpg,S3031R09,S3032R07,twin_same_eye
S3031R09.jpg,S3032R06.jpg,S3031R09,S3032R06,twin_same_eye
S3031R09.jpg,S3041L03.jpg,S3031R09,S3041L03,unrelated
S3031R09.jpg,S3041L06.jpg,S3031R09,S3041L06,unrelated
S3031R09.jpg,S3041L05.jpg,S3031R09,S3041L05,unrelated
S3031R09.jpg,S3041L04.jpg,S3031R09,S3041L04,unrelated
S3031R09.jpg,S3041R01.jpg,S3031R09,S3041R01,unrelated
S3031R09.jpg,S3042L08.jpg,S3031R09,S3042L08,unrelated
S3031R09.jpg,S3042R07.jpg,S3031R09,S3042R07,unrelated
S3031R09.jpg,S3042R08.jpg,S3031R09,S3042R08,unrelated
S3031R09.jpg,S3002L02.jpg,S3031R09,S3002L02,unrelated
S3031R09.jpg,S3082R05.jpg,S3031R09,S3082R05,unrelated
S3031R09.jpg,S3082R02.jpg,S3031R09,S3082R02,unrelated
S3031R09.jpg,S3082R06.jpg,S3031R09,S3082R06,unrelated
S3031R09.jpg,S3082R01.jpg,S3031R09,S3082R01,unrelated
S3031R09.jpg,S3082R04.jpg,S3031R09,S3082R04,unrelated
S3031R09.jpg,S3061L03.jpg,S3031R09,S3061L03,unrelated
S3031R09.jpg,S3061L02.jpg,S3031R09,S3061L02,unrelated
S3031R09.jpg,S3061R01.jpg,S3031R09,S3061R01,unrelated
S3031R09.jpg,S3061R04.jpg,S3031R09,S3061R04,unrelated
S3031R09.jpg,S3061R07.jpg,S3031R09,S3061R07,unrelated
S3031R09.jpg,S3061R08.jpg,S3031R09,S3061R08,unrelated
S3031R09.jpg,S3062L03.jpg,S3031R09,S3062L03,unrelated
S3031R09.jpg,S3062L05.jpg,S3031R09,S3062L05,unrelated
S3031R09.jpg,S3062L07.jpg,S3031R09,S3062L07,unrelated
S3031R09.jpg,S3062L06.jpg,S3031R09,S3062L06,unrelated
S3031R09.jpg,S3062L04.jpg,S3031R09,S3062L04,unrelated
S3031R09.jpg,S3062R02.jpg,S3031R09,S3062R02,unrelated
S3031R09.jpg,S3062R09.jpg,S3031R09,S3062R09,unrelated
S3031R09.jpg,S3062R10.jpg,S3031R09,S3062R10,unrelated
S3031R09.jpg,S3062R07.jpg,S3031R09,S3062R07,unrelated
S3031R09.jpg,S3062R08.jpg,S3031R09,S3062R08,unrelated
S3031R09.jpg,S3021L04.jpg,S3031R09,S3021L04,unrelated
S3031R09.jpg,S3021L03.jpg,S3031R09,S3021L03,unrelated
S3031R09.jpg,S3021L06.jpg,S3031R09,S3021L06,unrelated
S3031R09.jpg,S3021L02.jpg,S3031R09,S3021L02,unrelated
S3031R09.jpg,S3021L01.jpg,S3031R09,S3021L01,unrelated
S3031R09.jpg,S3021R09.jpg,S3031R09,S3021R09,unrelated
S3031R09.jpg,S3021R01.jpg,S3031R09,S3021R01,unrelated
S3031R09.jpg,S3021R02.jpg,S3031R09,S3021R02,unrelated
S3031R09.jpg,S3021R07.jpg,S3031R09,S3021R07,unrelated
S3031R09.jpg,S3021R06.jpg,S3031R09,S3021R06,unrelated
S3031R09.jpg,S3022L01.jpg,S3031R09,S3022L01,unrelated
S3031R09.jpg,S3022R01.jpg,S3031R09,S3022R01,unrelated
S3031R09.jpg,S3022R02.jpg,S3031R09,S3022R02,unrelated
S3031R09.jpg,S3101L08.jpg,S3031R09,S3101L08,unrelated
S3031R09.jpg,S3101L04.jpg,S3031R09,S3101L04,unrelated
S3031R09.jpg,S3101L02.jpg,S3031R09,S3101L02,unrelated
S3031R09.jpg,S3101L09.jpg,S3031R09,S3101L09,unrelated
S3031R09.jpg,S3101L10.jpg,S3031R09,S3101L10,unrelated
S3031R09.jpg,S3101R07.jpg,S3031R09,S3101R07,unrelated
S3031R09.jpg,S3101R04.jpg,S3031R09,S3101R04,unrelated
S3031R09.jpg,S3101R03.jpg,S3031R09,S3101R03,unrelated
S3031R09.jpg,S3101R02.jpg,S3031R09,S3101R02,unrelated
S3031R09.jpg,S3101R05.jpg,S3031R09,S3101R05,unrelated
S3031R09.jpg,S3102L10.jpg,S3031R09,S3102L10,unrelated
S3031R09.jpg,S3102L09.jpg,S3031R09,S3102L09,unrelated
S3031R09.jpg,S3102L01.jpg,S3031R09,S3102L01,unrelated
S3031R09.jpg,S3102L07.jpg,S3031R09,S3102L07,unrelated
S3031R09.jpg,S3102L06.jpg,S3031R09,S3102L06,unrelated
S3031R09.jpg,S3102R07.jpg,S3031R09,S3102R07,unrelated
S3031R09.jpg,S3102R08.jpg,S3031R09,S3102R08,unrelated
S3031R09.jpg,S3102R02.jpg,S3031R09,S3102R02,unrelated
S3031R09.jpg,S3102R06.jpg,S3031R09,S3102R06,unrelated
S3031R09.jpg,S3102R09.jpg,S3031R09,S3102R09,unrelated
S3031R09.jpg,S3151L06.jpg,S3031R09,S3151L06,unrelated
S3031R09.jpg,S3151L04.jpg,S3031R09,S3151L04,unrelated
S3031R09.jpg,S3151L03.jpg,S3031R09,S3151L03,unrelated
S3031R09.jpg,S3151L05.jpg,S3031R09,S3151L05,unrelated
S3031R09.jpg,S3151L07.jpg,S3031R09,S3151L07,unrelated
S3031R09.jpg,S3151R03.jpg,S3031R09,S3151R03,unrelated
S3031R09.jpg,S3151R01.jpg,S3031R09,S3151R01,unrelated
S3031R09.jpg,S3151R02.jpg,S3031R09,S3151R02,unrelated
S3031R09.jpg,S3152R04.jpg,S3031R09,S3152R04,unrelated
S3031R09.jpg,S3152R03.jpg,S3031R09,S3152R03,unrelated
S3031R09.jpg,S3152R02.jpg,S3031R09,S3152R02,unrelated
S3031R09.jpg,S3152R07.jpg,S3031R09,S3152R07,unrelated
S3031R09.jpg,S3181R04.jpg,S3031R09,S3181R04,unrelated
S3031R09.jpg,S3181R05.jpg,S3031R09,S3181R05,unrelated
S3031R09.jpg,S3182L01.jpg,S3031R09,S3182L01,unrelated
S3031R09.jpg,S3182R05.jpg,S3031R09,S3182R05,unrelated
S3031R09.jpg,S3182R06.jpg,S3031R09,S3182R06,unrelated
S3031R09.jpg,S3182R04.jpg,S3031R09,S3182R04,unrelated
S3031R09.jpg,S3182R03.jpg,S3031R09,S3182R03,unrelated
S3031R09.jpg,S3182R07.jpg,S3031R09,S3182R07,unrelated
S3031R09.jpg,S3141L03.jpg,S3031R09,S3141L03,unrelated
S3031R09.jpg,S3141R07.jpg,S3031R09,S3141R07,unrelated
S3031R09.jpg,S3141R10.jpg,S3031R09,S3141R10,unrelated
S3031R09.jpg,S3141R04.jpg,S3031R09,S3141R04,unrelated
S3031R09.jpg,S3141R06.jpg,S3031R09,S3141R06,unrelated
S3031R09.jpg,S3142L03.jpg,S3031R09,S3142L03,unrelated
S3031R09.jpg,S3142L02.jpg,S3031R09,S3142L02,unrelated
S3031R09.jpg,S3142L04.jpg,S3031R09,S3142L04,unrelated
S3031R09.jpg,S3142L07.jpg,S3031R09,S3142L07,unrelated
S3031R09.jpg,S3142R08.jpg,S3031R09,S3142R08,unrelated
S3031R09.jpg,S3142R07.jpg,S3031R09,S3142R07,unrelated
S3031R09.jpg,S3142R10.jpg,S3031R09,S3142R10,unrelated
S3031R09.jpg,S3142R09.jpg,S3031R09,S3142R09,unrelated
S3031R09.jpg,S3121L03.jpg,S3031R09,S3121L03,unrelated
S3031R09.jpg,S3121L02.jpg,S3031R09,S3121L02,unrelated
S3031R09.jpg,S3121L01.jpg,S3031R09,S3121L01,unrelated
S3031R09.jpg,S3121R04.jpg,S3031R09,S3121R04,unrelated
S3031R09.jpg,S3121R02.jpg,S3031R09,S3121R02,unrelated
S3031R09.jpg,S3121R01.jpg,S3031R09,S3121R01,unrelated
S3031R09.jpg,S3121R08.jpg,S3031R09,S3121R08,unrelated
S3031R09.jpg,S3121R07.jpg,S3031R09,S3121R07,unrelated
S3031R09.jpg,S3122L09.jpg,S3031R09,S3122L09,unrelated
S3031R09.jpg,S3122L07.jpg,S3031R09,S3122L07,unrelated
S3031R09.jpg,S3122L10.jpg,S3031R09,S3122L10,unrelated
S3031R09.jpg,S3122L01.jpg,S3031R09,S3122L01,unrelated
S3031R09.jpg,S3122L05.jpg,S3031R09,S3122L05,unrelated
S3031R09.jpg,S3122R02.jpg,S3031R09,S3122R02,unrelated
S3031R09.jpg,S3122R04.jpg,S3031R09,S3122R04,unrelated
S3031R09.jpg,S3122R03.jpg,S3031R09,S3122R03,unrelated
S3031R09.jpg,S3122R01.jpg,S3031R09,S3122R01,unrelated
S3031R09.jpg,S3051L07.jpg,S3031R09,S3051L07,unrelated
S3031R09.jpg,S3051L08.jpg,S3031R09,S3051L08,unrelated
S3031R09.jpg,S3051L10.jpg,S3031R09,S3051L10,unrelated
S3031R09.jpg,S3051L06.jpg,S3031R09,S3051L06,unrelated
S3031R09.jpg,S3051R01.jpg,S3031R09,S3051R01,unrelated
S3031R09.jpg,S3051R03.jpg,S3031R09,S3051R03,unrelated
S3031R09.jpg,S3052L01.jpg,S3031R09,S3052L01,unrelated
S3031R09.jpg,S3052L02.jpg,S3031R09,S3052L02,unrelated
S3031R09.jpg,S3052L03.jpg,S3031R09,S3052L03,unrelated
S3031R09.jpg,S3052R01.jpg,S3031R09,S3052R01,unrelated
S3031R09.jpg,S3011L07.jpg,S3031R09,S3011L07,unrelated
S3031R09.jpg,S3011R01.jpg,S3031R09,S3011R01,unrelated
S3031R09.jpg,S3011R02.jpg,S3031R09,S3011R02,unrelated
S3031R09.jpg,S3012L07.jpg,S3031R09,S3012L07,unrelated
S3031R09.jpg,S3012L02.jpg,S3031R09,S3012L02,unrelated
S3031R09.jpg,S3012R07.jpg,S3031R09,S3012R07,unrelated
S3032L08.jpg,S3032L10.jpg,S3032L08,S3032L10,genuine
S3032L08.jpg,S3032L09.jpg,S3032L08,S3032L09,genuine
S3032L08.jpg,S3032L05.jpg,S3032L08,S3032L05,genuine
S3032L08.jpg,S3032L06.jpg,S3032L08,S3032L06,genuine
S3032L08.jpg,S3032R10.jpg,S3032L08,S3032R10,same_subject_different_eye
S3032L08.jpg,S3032R05.jpg,S3032L08,S3032R05,same_subject_different_eye
S3032L08.jpg,S3032R04.jpg,S3032L08,S3032R04,same_subject_different_eye
S3032L08.jpg,S3032R07.jpg,S3032L08,S3032R07,same_subject_different_eye
S3032L08.jpg,S3032R06.jpg,S3032L08,S3032R06,same_subject_different_eye
S3032L08.jpg,S3041L03.jpg,S3032L08,S3041L03,unrelated
S3032L08.jpg,S3041L06.jpg,S3032L08,S3041L06,unrelated
S3032L08.jpg,S3041L05.jpg,S3032L08,S3041L05,unrelated
S3032L08.jpg,S3041L04.jpg,S3032L08,S3041L04,unrelated
S3032L08.jpg,S3041R01.jpg,S3032L08,S3041R01,unrelated
S3032L08.jpg,S3042L08.jpg,S3032L08,S3042L08,unrelated
S3032L08.jpg,S3042R07.jpg,S3032L08,S3042R07,unrelated
S3032L08.jpg,S3042R08.jpg,S3032L08,S3042R08,unrelated
S3032L08.jpg,S3002L02.jpg,S3032L08,S3002L02,unrelated
S3032L08.jpg,S3082R05.jpg,S3032L08,S3082R05,unrelated
S3032L08.jpg,S3082R02.jpg,S3032L08,S3082R02,unrelated
S3032L08.jpg,S3082R06.jpg,S3032L08,S3082R06,unrelated
S3032L08.jpg,S3082R01.jpg,S3032L08,S3082R01,unrelated
S3032L08.jpg,S3082R04.jpg,S3032L08,S3082R04,unrelated
S3032L08.jpg,S3061L03.jpg,S3032L08,S3061L03,unrelated
S3032L08.jpg,S3061L02.jpg,S3032L08,S3061L02,unrelated
S3032L08.jpg,S3061R01.jpg,S3032L08,S3061R01,unrelated
S3032L08.jpg,S3061R04.jpg,S3032L08,S3061R04,unrelated
S3032L08.jpg,S3061R07.jpg,S3032L08,S3061R07,unrelated
S3032L08.jpg,S3061R08.jpg,S3032L08,S3061R08,unrelated
S3032L08.jpg,S3062L03.jpg,S3032L08,S3062L03,unrelated
S3032L08.jpg,S3062L05.jpg,S3032L08,S3062L05,unrelated
S3032L08.jpg,S3062L07.jpg,S3032L08,S3062L07,unrelated
S3032L08.jpg,S3062L06.jpg,S3032L08,S3062L06,unrelated
S3032L08.jpg,S3062L04.jpg,S3032L08,S3062L04,unrelated
S3032L08.jpg,S3062R02.jpg,S3032L08,S3062R02,unrelated
S3032L08.jpg,S3062R09.jpg,S3032L08,S3062R09,unrelated
S3032L08.jpg,S3062R10.jpg,S3032L08,S3062R10,unrelated
S3032L08.jpg,S3062R07.jpg,S3032L08,S3062R07,unrelated
S3032L08.jpg,S3062R08.jpg,S3032L08,S3062R08,unrelated
S3032L08.jpg,S3021L04.jpg,S3032L08,S3021L04,unrelated
S3032L08.jpg,S3021L03.jpg,S3032L08,S3021L03,unrelated
S3032L08.jpg,S3021L06.jpg,S3032L08,S3021L06,unrelated
S3032L08.jpg,S3021L02.jpg,S3032L08,S3021L02,unrelated
S3032L08.jpg,S3021L01.jpg,S3032L08,S3021L01,unrelated
S3032L08.jpg,S3021R09.jpg,S3032L08,S3021R09,unrelated
S3032L08.jpg,S3021R01.jpg,S3032L08,S3021R01,unrelated
S3032L08.jpg,S3021R02.jpg,S3032L08,S3021R02,unrelated
S3032L08.jpg,S3021R07.jpg,S3032L08,S3021R07,unrelated
S3032L08.jpg,S3021R06.jpg,S3032L08,S3021R06,unrelated
S3032L08.jpg,S3022L01.jpg,S3032L08,S3022L01,unrelated
S3032L08.jpg,S3022R01.jpg,S3032L08,S3022R01,unrelated
S3032L08.jpg,S3022R02.jpg,S3032L08,S3022R02,unrelated
S3032L08.jpg,S3101L08.jpg,S3032L08,S3101L08,unrelated
S3032L08.jpg,S3101L04.jpg,S3032L08,S3101L04,unrelated
S3032L08.jpg,S3101L02.jpg,S3032L08,S3101L02,unrelated
S3032L08.jpg,S3101L09.jpg,S3032L08,S3101L09,unrelated
S3032L08.jpg,S3101L10.jpg,S3032L08,S3101L10,unrelated
S3032L08.jpg,S3101R07.jpg,S3032L08,S3101R07,unrelated
S3032L08.jpg,S3101R04.jpg,S3032L08,S3101R04,unrelated
S3032L08.jpg,S3101R03.jpg,S3032L08,S3101R03,unrelated
S3032L08.jpg,S3101R02.jpg,S3032L08,S3101R02,unrelated
S3032L08.jpg,S3101R05.jpg,S3032L08,S3101R05,unrelated
S3032L08.jpg,S3102L10.jpg,S3032L08,S3102L10,unrelated
S3032L08.jpg,S3102L09.jpg,S3032L08,S3102L09,unrelated
S3032L08.jpg,S3102L01.jpg,S3032L08,S3102L01,unrelated
S3032L08.jpg,S3102L07.jpg,S3032L08,S3102L07,unrelated
S3032L08.jpg,S3102L06.jpg,S3032L08,S3102L06,unrelated
S3032L08.jpg,S3102R07.jpg,S3032L08,S3102R07,unrelated
S3032L08.jpg,S3102R08.jpg,S3032L08,S3102R08,unrelated
S3032L08.jpg,S3102R02.jpg,S3032L08,S3102R02,unrelated
S3032L08.jpg,S3102R06.jpg,S3032L08,S3102R06,unrelated
S3032L08.jpg,S3102R09.jpg,S3032L08,S3102R09,unrelated
S3032L08.jpg,S3151L06.jpg,S3032L08,S3151L06,unrelated
S3032L08.jpg,S3151L04.jpg,S3032L08,S3151L04,unrelated
S3032L08.jpg,S3151L03.jpg,S3032L08,S3151L03,unrelated
S3032L08.jpg,S3151L05.jpg,S3032L08,S3151L05,unrelated
S3032L08.jpg,S3151L07.jpg,S3032L08,S3151L07,unrelated
S3032L08.jpg,S3151R03.jpg,S3032L08,S3151R03,unrelated
S3032L08.jpg,S3151R01.jpg,S3032L08,S3151R01,unrelated
S3032L08.jpg,S3151R02.jpg,S3032L08,S3151R02,unrelated
S3032L08.jpg,S3152R04.jpg,S3032L08,S3152R04,unrelated
S3032L08.jpg,S3152R03.jpg,S3032L08,S3152R03,unrelated
S3032L08.jpg,S3152R02.jpg,S3032L08,S3152R02,unrelated
S3032L08.jpg,S3152R07.jpg,S3032L08,S3152R07,unrelated
S3032L08.jpg,S3181R04.jpg,S3032L08,S3181R04,unrelated
S3032L08.jpg,S3181R05.jpg,S3032L08,S3181R05,unrelated
S3032L08.jpg,S3182L01.jpg,S3032L08,S3182L01,unrelated
S3032L08.jpg,S3182R05.jpg,S3032L08,S3182R05,unrelated
S3032L08.jpg,S3182R06.jpg,S3032L08,S3182R06,unrelated
S3032L08.jpg,S3182R04.jpg,S3032L08,S3182R04,unrelated
S3032L08.jpg,S3182R03.jpg,S3032L08,S3182R03,unrelated
S3032L08.jpg,S3182R07.jpg,S3032L08,S3182R07,unrelated
S3032L08.jpg,S3141L03.jpg,S3032L08,S3141L03,unrelated
S3032L08.jpg,S3141R07.jpg,S3032L08,S3141R07,unrelated
S3032L08.jpg,S3141R10.jpg,S3032L08,S3141R10,unrelated
S3032L08.jpg,S3141R04.jpg,S3032L08,S3141R04,unrelated
S3032L08.jpg,S3141R06.jpg,S3032L08,S3141R06,unrelated
S3032L08.jpg,S3142L03.jpg,S3032L08,S3142L03,unrelated
S3032L08.jpg,S3142L02.jpg,S3032L08,S3142L02,unrelated
S3032L08.jpg,S3142L04.jpg,S3032L08,S3142L04,unrelated
S3032L08.jpg,S3142L07.jpg,S3032L08,S3142L07,unrelated
S3032L08.jpg,S3142R08.jpg,S3032L08,S3142R08,unrelated
S3032L08.jpg,S3142R07.jpg,S3032L08,S3142R07,unrelated
S3032L08.jpg,S3142R10.jpg,S3032L08,S3142R10,unrelated
S3032L08.jpg,S3142R09.jpg,S3032L08,S3142R09,unrelated
S3032L08.jpg,S3121L03.jpg,S3032L08,S3121L03,unrelated
S3032L08.jpg,S3121L02.jpg,S3032L08,S3121L02,unrelated
S3032L08.jpg,S3121L01.jpg,S3032L08,S3121L01,unrelated
S3032L08.jpg,S3121R04.jpg,S3032L08,S3121R04,unrelated
S3032L08.jpg,S3121R02.jpg,S3032L08,S3121R02,unrelated
S3032L08.jpg,S3121R01.jpg,S3032L08,S3121R01,unrelated
S3032L08.jpg,S3121R08.jpg,S3032L08,S3121R08,unrelated
S3032L08.jpg,S3121R07.jpg,S3032L08,S3121R07,unrelated
S3032L08.jpg,S3122L09.jpg,S3032L08,S3122L09,unrelated
S3032L08.jpg,S3122L07.jpg,S3032L08,S3122L07,unrelated
S3032L08.jpg,S3122L10.jpg,S3032L08,S3122L10,unrelated
S3032L08.jpg,S3122L01.jpg,S3032L08,S3122L01,unrelated
S3032L08.jpg,S3122L05.jpg,S3032L08,S3122L05,unrelated
S3032L08.jpg,S3122R02.jpg,S3032L08,S3122R02,unrelated
S3032L08.jpg,S3122R04.jpg,S3032L08,S3122R04,unrelated
S3032L08.jpg,S3122R03.jpg,S3032L08,S3122R03,unrelated
S3032L08.jpg,S3122R01.jpg,S3032L08,S3122R01,unrelated
S3032L08.jpg,S3051L07.jpg,S3032L08,S3051L07,unrelated
S3032L08.jpg,S3051L08.jpg,S3032L08,S3051L08,unrelated
S3032L08.jpg,S3051L10.jpg,S3032L08,S3051L10,unrelated
S3032L08.jpg,S3051L06.jpg,S3032L08,S3051L06,unrelated
S3032L08.jpg,S3051R01.jpg,S3032L08,S3051R01,unrelated
S3032L08.jpg,S3051R03.jpg,S3032L08,S3051R03,unrelated
S3032L08.jpg,S3052L01.jpg,S3032L08,S3052L01,unrelated
S3032L08.jpg,S3052L02.jpg,S3032L08,S3052L02,unrelated
S3032L08.jpg,S3052L03.jpg,S3032L08,S3052L03,unrelated
S3032L08.jpg,S3052R01.jpg,S3032L08,S3052R01,unrelated
S3032L08.jpg,S3011L07.jpg,S3032L08,S3011L07,unrelated
S3032L08.jpg,S3011R01.jpg,S3032L08,S3011R01,unrelated
S3032L08.jpg,S3011R02.jpg,S3032L08,S3011R02,unrelated
S3032L08.jpg,S3012L07.jpg,S3032L08,S3012L07,unrelated
S3032L08.jpg,S3012L02.jpg,S3032L08,S3012L02,unrelated
S3032L08.jpg,S3012R07.jpg,S3032L08,S3012R07,unrelated
S3032L10.jpg,S3032L09.jpg,S3032L10,S3032L09,genuine
S3032L10.jpg,S3032L05.jpg,S3032L10,S3032L05,genuine
S3032L10.jpg,S3032L06.jpg,S3032L10,S3032L06,genuine
S3032L10.jpg,S3032R10.jpg,S3032L10,S3032R10,same_subject_different_eye
S3032L10.jpg,S3032R05.jpg,S3032L10,S3032R05,same_subject_different_eye
S3032L10.jpg,S3032R04.jpg,S3032L10,S3032R04,same_subject_different_eye
S3032L10.jpg,S3032R07.jpg,S3032L10,S3032R07,same_subject_different_eye
S3032L10.jpg,S3032R06.jpg,S3032L10,S3032R06,same_subject_different_eye
S3032L10.jpg,S3041L03.jpg,S3032L10,S3041L03,unrelated
S3032L10.jpg,S3041L06.jpg,S3032L10,S3041L06,unrelated
S3032L10.jpg,S3041L05.jpg,S3032L10,S3041L05,unrelated
S3032L10.jpg,S3041L04.jpg,S3032L10,S3041L04,unrelated
S3032L10.jpg,S3041R01.jpg,S3032L10,S3041R01,unrelated
S3032L10.jpg,S3042L08.jpg,S3032L10,S3042L08,unrelated
S3032L10.jpg,S3042R07.jpg,S3032L10,S3042R07,unrelated
S3032L10.jpg,S3042R08.jpg,S3032L10,S3042R08,unrelated
S3032L10.jpg,S3002L02.jpg,S3032L10,S3002L02,unrelated
S3032L10.jpg,S3082R05.jpg,S3032L10,S3082R05,unrelated
S3032L10.jpg,S3082R02.jpg,S3032L10,S3082R02,unrelated
S3032L10.jpg,S3082R06.jpg,S3032L10,S3082R06,unrelated
S3032L10.jpg,S3082R01.jpg,S3032L10,S3082R01,unrelated
S3032L10.jpg,S3082R04.jpg,S3032L10,S3082R04,unrelated
S3032L10.jpg,S3061L03.jpg,S3032L10,S3061L03,unrelated
S3032L10.jpg,S3061L02.jpg,S3032L10,S3061L02,unrelated
S3032L10.jpg,S3061R01.jpg,S3032L10,S3061R01,unrelated
S3032L10.jpg,S3061R04.jpg,S3032L10,S3061R04,unrelated
S3032L10.jpg,S3061R07.jpg,S3032L10,S3061R07,unrelated
S3032L10.jpg,S3061R08.jpg,S3032L10,S3061R08,unrelated
S3032L10.jpg,S3062L03.jpg,S3032L10,S3062L03,unrelated
S3032L10.jpg,S3062L05.jpg,S3032L10,S3062L05,unrelated
S3032L10.jpg,S3062L07.jpg,S3032L10,S3062L07,unrelated
S3032L10.jpg,S3062L06.jpg,S3032L10,S3062L06,unrelated
S3032L10.jpg,S3062L04.jpg,S3032L10,S3062L04,unrelated
S3032L10.jpg,S3062R02.jpg,S3032L10,S3062R02,unrelated
S3032L10.jpg,S3062R09.jpg,S3032L10,S3062R09,unrelated
S3032L10.jpg,S3062R10.jpg,S3032L10,S3062R10,unrelated
S3032L10.jpg,S3062R07.jpg,S3032L10,S3062R07,unrelated
S3032L10.jpg,S3062R08.jpg,S3032L10,S3062R08,unrelated
S3032L10.jpg,S3021L04.jpg,S3032L10,S3021L04,unrelated
S3032L10.jpg,S3021L03.jpg,S3032L10,S3021L03,unrelated
S3032L10.jpg,S3021L06.jpg,S3032L10,S3021L06,unrelated
S3032L10.jpg,S3021L02.jpg,S3032L10,S3021L02,unrelated
S3032L10.jpg,S3021L01.jpg,S3032L10,S3021L01,unrelated
S3032L10.jpg,S3021R09.jpg,S3032L10,S3021R09,unrelated
S3032L10.jpg,S3021R01.jpg,S3032L10,S3021R01,unrelated
S3032L10.jpg,S3021R02.jpg,S3032L10,S3021R02,unrelated
S3032L10.jpg,S3021R07.jpg,S3032L10,S3021R07,unrelated
S3032L10.jpg,S3021R06.jpg,S3032L10,S3021R06,unrelated
S3032L10.jpg,S3022L01.jpg,S3032L10,S3022L01,unrelated
S3032L10.jpg,S3022R01.jpg,S3032L10,S3022R01,unrelated
S3032L10.jpg,S3022R02.jpg,S3032L10,S3022R02,unrelated
S3032L10.jpg,S3101L08.jpg,S3032L10,S3101L08,unrelated
S3032L10.jpg,S3101L04.jpg,S3032L10,S3101L04,unrelated
S3032L10.jpg,S3101L02.jpg,S3032L10,S3101L02,unrelated
S3032L10.jpg,S3101L09.jpg,S3032L10,S3101L09,unrelated
S3032L10.jpg,S3101L10.jpg,S3032L10,S3101L10,unrelated
S3032L10.jpg,S3101R07.jpg,S3032L10,S3101R07,unrelated
S3032L10.jpg,S3101R04.jpg,S3032L10,S3101R04,unrelated
S3032L10.jpg,S3101R03.jpg,S3032L10,S3101R03,unrelated
S3032L10.jpg,S3101R02.jpg,S3032L10,S3101R02,unrelated
S3032L10.jpg,S3101R05.jpg,S3032L10,S3101R05,unrelated
S3032L10.jpg,S3102L10.jpg,S3032L10,S3102L10,unrelated
S3032L10.jpg,S3102L09.jpg,S3032L10,S3102L09,unrelated
S3032L10.jpg,S3102L01.jpg,S3032L10,S3102L01,unrelated
S3032L10.jpg,S3102L07.jpg,S3032L10,S3102L07,unrelated
S3032L10.jpg,S3102L06.jpg,S3032L10,S3102L06,unrelated
S3032L10.jpg,S3102R07.jpg,S3032L10,S3102R07,unrelated
S3032L10.jpg,S3102R08.jpg,S3032L10,S3102R08,unrelated
S3032L10.jpg,S3102R02.jpg,S3032L10,S3102R02,unrelated
S3032L10.jpg,S3102R06.jpg,S3032L10,S3102R06,unrelated
S3032L10.jpg,S3102R09.jpg,S3032L10,S3102R09,unrelated
S3032L10.jpg,S3151L06.jpg,S3032L10,S3151L06,unrelated
S3032L10.jpg,S3151L04.jpg,S3032L10,S3151L04,unrelated
S3032L10.jpg,S3151L03.jpg,S3032L10,S3151L03,unrelated
S3032L10.jpg,S3151L05.jpg,S3032L10,S3151L05,unrelated
S3032L10.jpg,S3151L07.jpg,S3032L10,S3151L07,unrelated
S3032L10.jpg,S3151R03.jpg,S3032L10,S3151R03,unrelated
S3032L10.jpg,S3151R01.jpg,S3032L10,S3151R01,unrelated
S3032L10.jpg,S3151R02.jpg,S3032L10,S3151R02,unrelated
S3032L10.jpg,S3152R04.jpg,S3032L10,S3152R04,unrelated
S3032L10.jpg,S3152R03.jpg,S3032L10,S3152R03,unrelated
S3032L10.jpg,S3152R02.jpg,S3032L10,S3152R02,unrelated
S3032L10.jpg,S3152R07.jpg,S3032L10,S3152R07,unrelated
S3032L10.jpg,S3181R04.jpg,S3032L10,S3181R04,unrelated
S3032L10.jpg,S3181R05.jpg,S3032L10,S3181R05,unrelated
S3032L10.jpg,S3182L01.jpg,S3032L10,S3182L01,unrelated
S3032L10.jpg,S3182R05.jpg,S3032L10,S3182R05,unrelated
S3032L10.jpg,S3182R06.jpg,S3032L10,S3182R06,unrelated
S3032L10.jpg,S3182R04.jpg,S3032L10,S3182R04,unrelated
S3032L10.jpg,S3182R03.jpg,S3032L10,S3182R03,unrelated
S3032L10.jpg,S3182R07.jpg,S3032L10,S3182R07,unrelated
S3032L10.jpg,S3141L03.jpg,S3032L10,S3141L03,unrelated
S3032L10.jpg,S3141R07.jpg,S3032L10,S3141R07,unrelated
S3032L10.jpg,S3141R10.jpg,S3032L10,S3141R10,unrelated
S3032L10.jpg,S3141R04.jpg,S3032L10,S3141R04,unrelated
S3032L10.jpg,S3141R06.jpg,S3032L10,S3141R06,unrelated
S3032L10.jpg,S3142L03.jpg,S3032L10,S3142L03,unrelated
S3032L10.jpg,S3142L02.jpg,S3032L10,S3142L02,unrelated
S3032L10.jpg,S3142L04.jpg,S3032L10,S3142L04,unrelated
S3032L10.jpg,S3142L07.jpg,S3032L10,S3142L07,unrelated
S3032L10.jpg,S3142R08.jpg,S3032L10,S3142R08,unrelated
S3032L10.jpg,S3142R07.jpg,S3032L10,S3142R07,unrelated
S3032L10.jpg,S3142R10.jpg,S3032L10,S3142R10,unrelated
S3032L10.jpg,S3142R09.jpg,S3032L10,S3142R09,unrelated
S3032L10.jpg,S3121L03.jpg,S3032L10,S3121L03,unrelated
S3032L10.jpg,S3121L02.jpg,S3032L10,S3121L02,unrelated
S3032L10.jpg,S3121L01.jpg,S3032L10,S3121L01,unrelated
S3032L10.jpg,S3121R04.jpg,S3032L10,S3121R04,unrelated
S3032L10.jpg,S3121R02.jpg,S3032L10,S3121R02,unrelated
S3032L10.jpg,S3121R01.jpg,S3032L10,S3121R01,unrelated
S3032L10.jpg,S3121R08.jpg,S3032L10,S3121R08,unrelated
S3032L10.jpg,S3121R07.jpg,S3032L10,S3121R07,unrelated
S3032L10.jpg,S3122L09.jpg,S3032L10,S3122L09,unrelated
S3032L10.jpg,S3122L07.jpg,S3032L10,S3122L07,unrelated
S3032L10.jpg,S3122L10.jpg,S3032L10,S3122L10,unrelated
S3032L10.jpg,S3122L01.jpg,S3032L10,S3122L01,unrelated
S3032L10.jpg,S3122L05.jpg,S3032L10,S3122L05,unrelated
S3032L10.jpg,S3122R02.jpg,S3032L10,S3122R02,unrelated
S3032L10.jpg,S3122R04.jpg,S3032L10,S3122R04,unrelated
S3032L10.jpg,S3122R03.jpg,S3032L10,S3122R03,unrelated
S3032L10.jpg,S3122R01.jpg,S3032L10,S3122R01,unrelated
S3032L10.jpg,S3051L07.jpg,S3032L10,S3051L07,unrelated
S3032L10.jpg,S3051L08.jpg,S3032L10,S3051L08,unrelated
S3032L10.jpg,S3051L10.jpg,S3032L10,S3051L10,unrelated
S3032L10.jpg,S3051L06.jpg,S3032L10,S3051L06,unrelated
S3032L10.jpg,S3051R01.jpg,S3032L10,S3051R01,unrelated
S3032L10.jpg,S3051R03.jpg,S3032L10,S3051R03,unrelated
S3032L10.jpg,S3052L01.jpg,S3032L10,S3052L01,unrelated
S3032L10.jpg,S3052L02.jpg,S3032L10,S3052L02,unrelated
S3032L10.jpg,S3052L03.jpg,S3032L10,S3052L03,unrelated
S3032L10.jpg,S3052R01.jpg,S3032L10,S3052R01,unrelated
S3032L10.jpg,S3011L07.jpg,S3032L10,S3011L07,unrelated
S3032L10.jpg,S3011R01.jpg,S3032L10,S3011R01,unrelated
S3032L10.jpg,S3011R02.jpg,S3032L10,S3011R02,unrelated
S3032L10.jpg,S3012L07.jpg,S3032L10,S3012L07,unrelated
S3032L10.jpg,S3012L02.jpg,S3032L10,S3012L02,unrelated
S3032L10.jpg,S3012R07.jpg,S3032L10,S3012R07,unrelated
S3032L09.jpg,S3032L05.jpg,S3032L09,S3032L05,genuine
S3032L09.jpg,S3032L06.jpg,S3032L09,S3032L06,genuine
S3032L09.jpg,S3032R10.jpg,S3032L09,S3032R10,same_subject_different_eye
S3032L09.jpg,S3032R05.jpg,S3032L09,S3032R05,same_subject_different_eye
S3032L09.jpg,S3032R04.jpg,S3032L09,S3032R04,same_subject_different_eye
S3032L09.jpg,S3032R07.jpg,S3032L09,S3032R07,same_subject_different_eye
S3032L09.jpg,S3032R06.jpg,S3032L09,S3032R06,same_subject_different_eye
S3032L09.jpg,S3041L03.jpg,S3032L09,S3041L03,unrelated
S3032L09.jpg,S3041L06.jpg,S3032L09,S3041L06,unrelated
S3032L09.jpg,S3041L05.jpg,S3032L09,S3041L05,unrelated
S3032L09.jpg,S3041L04.jpg,S3032L09,S3041L04,unrelated
S3032L09.jpg,S3041R01.jpg,S3032L09,S3041R01,unrelated
S3032L09.jpg,S3042L08.jpg,S3032L09,S3042L08,unrelated
S3032L09.jpg,S3042R07.jpg,S3032L09,S3042R07,unrelated
S3032L09.jpg,S3042R08.jpg,S3032L09,S3042R08,unrelated
S3032L09.jpg,S3002L02.jpg,S3032L09,S3002L02,unrelated
S3032L09.jpg,S3082R05.jpg,S3032L09,S3082R05,unrelated
S3032L09.jpg,S3082R02.jpg,S3032L09,S3082R02,unrelated
S3032L09.jpg,S3082R06.jpg,S3032L09,S3082R06,unrelated
S3032L09.jpg,S3082R01.jpg,S3032L09,S3082R01,unrelated
S3032L09.jpg,S3082R04.jpg,S3032L09,S3082R04,unrelated
S3032L09.jpg,S3061L03.jpg,S3032L09,S3061L03,unrelated
S3032L09.jpg,S3061L02.jpg,S3032L09,S3061L02,unrelated
S3032L09.jpg,S3061R01.jpg,S3032L09,S3061R01,unrelated
S3032L09.jpg,S3061R04.jpg,S3032L09,S3061R04,unrelated
S3032L09.jpg,S3061R07.jpg,S3032L09,S3061R07,unrelated
S3032L09.jpg,S3061R08.jpg,S3032L09,S3061R08,unrelated
S3032L09.jpg,S3062L03.jpg,S3032L09,S3062L03,unrelated
S3032L09.jpg,S3062L05.jpg,S3032L09,S3062L05,unrelated
S3032L09.jpg,S3062L07.jpg,S3032L09,S3062L07,unrelated
S3032L09.jpg,S3062L06.jpg,S3032L09,S3062L06,unrelated
S3032L09.jpg,S3062L04.jpg,S3032L09,S3062L04,unrelated
S3032L09.jpg,S3062R02.jpg,S3032L09,S3062R02,unrelated
S3032L09.jpg,S3062R09.jpg,S3032L09,S3062R09,unrelated
S3032L09.jpg,S3062R10.jpg,S3032L09,S3062R10,unrelated
S3032L09.jpg,S3062R07.jpg,S3032L09,S3062R07,unrelated
S3032L09.jpg,S3062R08.jpg,S3032L09,S3062R08,unrelated
S3032L09.jpg,S3021L04.jpg,S3032L09,S3021L04,unrelated
S3032L09.jpg,S3021L03.jpg,S3032L09,S3021L03,unrelated
S3032L09.jpg,S3021L06.jpg,S3032L09,S3021L06,unrelated
S3032L09.jpg,S3021L02.jpg,S3032L09,S3021L02,unrelated
S3032L09.jpg,S3021L01.jpg,S3032L09,S3021L01,unrelated
S3032L09.jpg,S3021R09.jpg,S3032L09,S3021R09,unrelated
S3032L09.jpg,S3021R01.jpg,S3032L09,S3021R01,unrelated
S3032L09.jpg,S3021R02.jpg,S3032L09,S3021R02,unrelated
S3032L09.jpg,S3021R07.jpg,S3032L09,S3021R07,unrelated
S3032L09.jpg,S3021R06.jpg,S3032L09,S3021R06,unrelated
S3032L09.jpg,S3022L01.jpg,S3032L09,S3022L01,unrelated
S3032L09.jpg,S3022R01.jpg,S3032L09,S3022R01,unrelated
S3032L09.jpg,S3022R02.jpg,S3032L09,S3022R02,unrelated
S3032L09.jpg,S3101L08.jpg,S3032L09,S3101L08,unrelated
S3032L09.jpg,S3101L04.jpg,S3032L09,S3101L04,unrelated
S3032L09.jpg,S3101L02.jpg,S3032L09,S3101L02,unrelated
S3032L09.jpg,S3101L09.jpg,S3032L09,S3101L09,unrelated
S3032L09.jpg,S3101L10.jpg,S3032L09,S3101L10,unrelated
S3032L09.jpg,S3101R07.jpg,S3032L09,S3101R07,unrelated
S3032L09.jpg,S3101R04.jpg,S3032L09,S3101R04,unrelated
S3032L09.jpg,S3101R03.jpg,S3032L09,S3101R03,unrelated
S3032L09.jpg,S3101R02.jpg,S3032L09,S3101R02,unrelated
S3032L09.jpg,S3101R05.jpg,S3032L09,S3101R05,unrelated
S3032L09.jpg,S3102L10.jpg,S3032L09,S3102L10,unrelated
S3032L09.jpg,S3102L09.jpg,S3032L09,S3102L09,unrelated
S3032L09.jpg,S3102L01.jpg,S3032L09,S3102L01,unrelated
S3032L09.jpg,S3102L07.jpg,S3032L09,S3102L07,unrelated
S3032L09.jpg,S3102L06.jpg,S3032L09,S3102L06,unrelated
S3032L09.jpg,S3102R07.jpg,S3032L09,S3102R07,unrelated
S3032L09.jpg,S3102R08.jpg,S3032L09,S3102R08,unrelated
S3032L09.jpg,S3102R02.jpg,S3032L09,S3102R02,unrelated
S3032L09.jpg,S3102R06.jpg,S3032L09,S3102R06,unrelated
S3032L09.jpg,S3102R09.jpg,S3032L09,S3102R09,unrelated
S3032L09.jpg,S3151L06.jpg,S3032L09,S3151L06,unrelated
S3032L09.jpg,S3151L04.jpg,S3032L09,S3151L04,unrelated
S3032L09.jpg,S3151L03.jpg,S3032L09,S3151L03,unrelated
S3032L09.jpg,S3151L05.jpg,S3032L09,S3151L05,unrelated
S3032L09.jpg,S3151L07.jpg,S3032L09,S3151L07,unrelated
S3032L09.jpg,S3151R03.jpg,S3032L09,S3151R03,unrelated
S3032L09.jpg,S3151R01.jpg,S3032L09,S3151R01,unrelated
S3032L09.jpg,S3151R02.jpg,S3032L09,S3151R02,unrelated
S3032L09.jpg,S3152R04.jpg,S3032L09,S3152R04,unrelated
S3032L09.jpg,S3152R03.jpg,S3032L09,S3152R03,unrelated
S3032L09.jpg,S3152R02.jpg,S3032L09,S3152R02,unrelated
S3032L09.jpg,S3152R07.jpg,S3032L09,S3152R07,unrelated
S3032L09.jpg,S3181R04.jpg,S3032L09,S3181R04,unrelated
S3032L09.jpg,S3181R05.jpg,S3032L09,S3181R05,unrelated
S3032L09.jpg,S3182L01.jpg,S3032L09,S3182L01,unrelated
S3032L09.jpg,S3182R05.jpg,S3032L09,S3182R05,unrelated
S3032L09.jpg,S3182R06.jpg,S3032L09,S3182R06,unrelated
S3032L09.jpg,S3182R04.jpg,S3032L09,S3182R04,unrelated
S3032L09.jpg,S3182R03.jpg,S3032L09,S3182R03,unrelated
S3032L09.jpg,S3182R07.jpg,S3032L09,S3182R07,unrelated
S3032L09.jpg,S3141L03.jpg,S3032L09,S3141L03,unrelated
S3032L09.jpg,S3141R07.jpg,S3032L09,S3141R07,unrelated
S3032L09.jpg,S3141R10.jpg,S3032L09,S3141R10,unrelated
S3032L09.jpg,S3141R04.jpg,S3032L09,S3141R04,unrelated
S3032L09.jpg,S3141R06.jpg,S3032L09,S3141R06,unrelated
S3032L09.jpg,S3142L03.jpg,S3032L09,S3142L03,unrelated
S3032L09.jpg,S3142L02.jpg,S3032L09,S3142L02,unrelated
S3032L09.jpg,S3142L04.jpg,S3032L09,S3142L04,unrelated
S3032L09.jpg,S3142L07.jpg,S3032L09,S3142L07,unrelated
S3032L09.jpg,S3142R08.jpg,S3032L09,S3142R08,unrelated
S3032L09.jpg,S3142R07.jpg,S3032L09,S3142R07,unrelated
S3032L09.jpg,S3142R10.jpg,S3032L09,S3142R10,unrelated
S3032L09.jpg,S3142R09.jpg,S3032L09,S3142R09,unrelated
S3032L09.jpg,S3121L03.jpg,S3032L09,S3121L03,unrelated
S3032L09.jpg,S3121L02.jpg,S3032L09,S3121L02,unrelated
S3032L09.jpg,S3121L01.jpg,S3032L09,S3121L01,unrelated
S3032L09.jpg,S3121R04.jpg,S3032L09,S3121R04,unrelated
S3032L09.jpg,S3121R02.jpg,S3032L09,S3121R02,unrelated
S3032L09.jpg,S3121R01.jpg,S3032L09,S3121R01,unrelated
S3032L09.jpg,S3121R08.jpg,S3032L09,S3121R08,unrelated
S3032L09.jpg,S3121R07.jpg,S3032L09,S3121R07,unrelated
S3032L09.jpg,S3122L09.jpg,S3032L09,S3122L09,unrelated
S3032L09.jpg,S3122L07.jpg,S3032L09,S3122L07,unrelated
S3032L09.jpg,S3122L10.jpg,S3032L09,S3122L10,unrelated
S3032L09.jpg,S3122L01.jpg,S3032L09,S3122L01,unrelated
S3032L09.jpg,S3122L05.jpg,S3032L09,S3122L05,unrelated
S3032L09.jpg,S3122R02.jpg,S3032L09,S3122R02,unrelated
S3032L09.jpg,S3122R04.jpg,S3032L09,S3122R04,unrelated
S3032L09.jpg,S3122R03.jpg,S3032L09,S3122R03,unrelated
S3032L09.jpg,S3122R01.jpg,S3032L09,S3122R01,unrelated
S3032L09.jpg,S3051L07.jpg,S3032L09,S3051L07,unrelated
S3032L09.jpg,S3051L08.jpg,S3032L09,S3051L08,unrelated
S3032L09.jpg,S3051L10.jpg,S3032L09,S3051L10,unrelated
S3032L09.jpg,S3051L06.jpg,S3032L09,S3051L06,unrelated
S3032L09.jpg,S3051R01.jpg,S3032L09,S3051R01,unrelated
S3032L09.jpg,S3051R03.jpg,S3032L09,S3051R03,unrelated
S3032L09.jpg,S3052L01.jpg,S3032L09,S3052L01,unrelated
S3032L09.jpg,S3052L02.jpg,S3032L09,S3052L02,unrelated
S3032L09.jpg,S3052L03.jpg,S3032L09,S3052L03,unrelated
S3032L09.jpg,S3052R01.jpg,S3032L09,S3052R01,unrelated
S3032L09.jpg,S3011L07.jpg,S3032L09,S3011L07,unrelated
S3032L09.jpg,S3011R01.jpg,S3032L09,S3011R01,unrelated
S3032L09.jpg,S3011R02.jpg,S3032L09,S3011R02,unrelated
S3032L09.jpg,S3012L07.jpg,S3032L09,S3012L07,unrelated
S3032L09.jpg,S3012L02.jpg,S3032L09,S3012L02,unrelated
S3032L09.jpg,S3012R07.jpg,S3032L09,S3012R07,unrelated
S3032L05.jpg,S3032L06.jpg,S3032L05,S3032L06,genuine
S3032L05.jpg,S3032R10.jpg,S3032L05,S3032R10,same_subject_different_eye
S3032L05.jpg,S3032R05.jpg,S3032L05,S3032R05,same_subject_different_eye
S3032L05.jpg,S3032R04.jpg,S3032L05,S3032R04,same_subject_different_eye
S3032L05.jpg,S3032R07.jpg,S3032L05,S3032R07,same_subject_different_eye
S3032L05.jpg,S3032R06.jpg,S3032L05,S3032R06,same_subject_different_eye
S3032L05.jpg,S3041L03.jpg,S3032L05,S3041L03,unrelated
S3032L05.jpg,S3041L06.jpg,S3032L05,S3041L06,unrelated
S3032L05.jpg,S3041L05.jpg,S3032L05,S3041L05,unrelated
S3032L05.jpg,S3041L04.jpg,S3032L05,S3041L04,unrelated
S3032L05.jpg,S3041R01.jpg,S3032L05,S3041R01,unrelated
S3032L05.jpg,S3042L08.jpg,S3032L05,S3042L08,unrelated
S3032L05.jpg,S3042R07.jpg,S3032L05,S3042R07,unrelated
S3032L05.jpg,S3042R08.jpg,S3032L05,S3042R08,unrelated
S3032L05.jpg,S3002L02.jpg,S3032L05,S3002L02,unrelated
S3032L05.jpg,S3082R05.jpg,S3032L05,S3082R05,unrelated
S3032L05.jpg,S3082R02.jpg,S3032L05,S3082R02,unrelated
S3032L05.jpg,S3082R06.jpg,S3032L05,S3082R06,unrelated
S3032L05.jpg,S3082R01.jpg,S3032L05,S3082R01,unrelated
S3032L05.jpg,S3082R04.jpg,S3032L05,S3082R04,unrelated
S3032L05.jpg,S3061L03.jpg,S3032L05,S3061L03,unrelated
S3032L05.jpg,S3061L02.jpg,S3032L05,S3061L02,unrelated
S3032L05.jpg,S3061R01.jpg,S3032L05,S3061R01,unrelated
S3032L05.jpg,S3061R04.jpg,S3032L05,S3061R04,unrelated
S3032L05.jpg,S3061R07.jpg,S3032L05,S3061R07,unrelated
S3032L05.jpg,S3061R08.jpg,S3032L05,S3061R08,unrelated
S3032L05.jpg,S3062L03.jpg,S3032L05,S3062L03,unrelated
S3032L05.jpg,S3062L05.jpg,S3032L05,S3062L05,unrelated
S3032L05.jpg,S3062L07.jpg,S3032L05,S3062L07,unrelated
S3032L05.jpg,S3062L06.jpg,S3032L05,S3062L06,unrelated
S3032L05.jpg,S3062L04.jpg,S3032L05,S3062L04,unrelated
S3032L05.jpg,S3062R02.jpg,S3032L05,S3062R02,unrelated
S3032L05.jpg,S3062R09.jpg,S3032L05,S3062R09,unrelated
S3032L05.jpg,S3062R10.jpg,S3032L05,S3062R10,unrelated
S3032L05.jpg,S3062R07.jpg,S3032L05,S3062R07,unrelated
S3032L05.jpg,S3062R08.jpg,S3032L05,S3062R08,unrelated
S3032L05.jpg,S3021L04.jpg,S3032L05,S3021L04,unrelated
S3032L05.jpg,S3021L03.jpg,S3032L05,S3021L03,unrelated
S3032L05.jpg,S3021L06.jpg,S3032L05,S3021L06,unrelated
S3032L05.jpg,S3021L02.jpg,S3032L05,S3021L02,unrelated
S3032L05.jpg,S3021L01.jpg,S3032L05,S3021L01,unrelated
S3032L05.jpg,S3021R09.jpg,S3032L05,S3021R09,unrelated
S3032L05.jpg,S3021R01.jpg,S3032L05,S3021R01,unrelated
S3032L05.jpg,S3021R02.jpg,S3032L05,S3021R02,unrelated
S3032L05.jpg,S3021R07.jpg,S3032L05,S3021R07,unrelated
S3032L05.jpg,S3021R06.jpg,S3032L05,S3021R06,unrelated
S3032L05.jpg,S3022L01.jpg,S3032L05,S3022L01,unrelated
S3032L05.jpg,S3022R01.jpg,S3032L05,S3022R01,unrelated
S3032L05.jpg,S3022R02.jpg,S3032L05,S3022R02,unrelated
S3032L05.jpg,S3101L08.jpg,S3032L05,S3101L08,unrelated
S3032L05.jpg,S3101L04.jpg,S3032L05,S3101L04,unrelated
S3032L05.jpg,S3101L02.jpg,S3032L05,S3101L02,unrelated
S3032L05.jpg,S3101L09.jpg,S3032L05,S3101L09,unrelated
S3032L05.jpg,S3101L10.jpg,S3032L05,S3101L10,unrelated
S3032L05.jpg,S3101R07.jpg,S3032L05,S3101R07,unrelated
S3032L05.jpg,S3101R04.jpg,S3032L05,S3101R04,unrelated
S3032L05.jpg,S3101R03.jpg,S3032L05,S3101R03,unrelated
S3032L05.jpg,S3101R02.jpg,S3032L05,S3101R02,unrelated
S3032L05.jpg,S3101R05.jpg,S3032L05,S3101R05,unrelated
S3032L05.jpg,S3102L10.jpg,S3032L05,S3102L10,unrelated
S3032L05.jpg,S3102L09.jpg,S3032L05,S3102L09,unrelated
S3032L05.jpg,S3102L01.jpg,S3032L05,S3102L01,unrelated
S3032L05.jpg,S3102L07.jpg,S3032L05,S3102L07,unrelated
S3032L05.jpg,S3102L06.jpg,S3032L05,S3102L06,unrelated
S3032L05.jpg,S3102R07.jpg,S3032L05,S3102R07,unrelated
S3032L05.jpg,S3102R08.jpg,S3032L05,S3102R08,unrelated
S3032L05.jpg,S3102R02.jpg,S3032L05,S3102R02,unrelated
S3032L05.jpg,S3102R06.jpg,S3032L05,S3102R06,unrelated
S3032L05.jpg,S3102R09.jpg,S3032L05,S3102R09,unrelated
S3032L05.jpg,S3151L06.jpg,S3032L05,S3151L06,unrelated
S3032L05.jpg,S3151L04.jpg,S3032L05,S3151L04,unrelated
S3032L05.jpg,S3151L03.jpg,S3032L05,S3151L03,unrelated
S3032L05.jpg,S3151L05.jpg,S3032L05,S3151L05,unrelated
S3032L05.jpg,S3151L07.jpg,S3032L05,S3151L07,unrelated
S3032L05.jpg,S3151R03.jpg,S3032L05,S3151R03,unrelated
S3032L05.jpg,S3151R01.jpg,S3032L05,S3151R01,unrelated
S3032L05.jpg,S3151R02.jpg,S3032L05,S3151R02,unrelated
S3032L05.jpg,S3152R04.jpg,S3032L05,S3152R04,unrelated
S3032L05.jpg,S3152R03.jpg,S3032L05,S3152R03,unrelated
S3032L05.jpg,S3152R02.jpg,S3032L05,S3152R02,unrelated
S3032L05.jpg,S3152R07.jpg,S3032L05,S3152R07,unrelated
S3032L05.jpg,S3181R04.jpg,S3032L05,S3181R04,unrelated
S3032L05.jpg,S3181R05.jpg,S3032L05,S3181R05,unrelated
S3032L05.jpg,S3182L01.jpg,S3032L05,S3182L01,unrelated
S3032L05.jpg,S3182R05.jpg,S3032L05,S3182R05,unrelated
S3032L05.jpg,S3182R06.jpg,S3032L05,S3182R06,unrelated
S3032L05.jpg,S3182R04.jpg,S3032L05,S3182R04,unrelated
S3032L05.jpg,S3182R03.jpg,S3032L05,S3182R03,unrelated
S3032L05.jpg,S3182R07.jpg,S3032L05,S3182R07,unrelated
S3032L05.jpg,S3141L03.jpg,S3032L05,S3141L03,unrelated
S3032L05.jpg,S3141R07.jpg,S3032L05,S3141R07,unrelated
S3032L05.jpg,S3141R10.jpg,S3032L05,S3141R10,unrelated
S3032L05.jpg,S3141R04.jpg,S3032L05,S3141R04,unrelated
S3032L05.jpg,S3141R06.jpg,S3032L05,S3141R06,unrelated
S3032L05.jpg,S3142L03.jpg,S3032L05,S3142L03,unrelated
S3032L05.jpg,S3142L02.jpg,S3032L05,S3142L02,unrelated
S3032L05.jpg,S3142L04.jpg,S3032L05,S3142L04,unrelated
S3032L05.jpg,S3142L07.jpg,S3032L05,S3142L07,unrelated
S3032L05.jpg,S3142R08.jpg,S3032L05,S3142R08,unrelated
S3032L05.jpg,S3142R07.jpg,S3032L05,S3142R07,unrelated
S3032L05.jpg,S3142R10.jpg,S3032L05,S3142R10,unrelated
S3032L05.jpg,S3142R09.jpg,S3032L05,S3142R09,unrelated
S3032L05.jpg,S3121L03.jpg,S3032L05,S3121L03,unrelated
S3032L05.jpg,S3121L02.jpg,S3032L05,S3121L02,unrelated
S3032L05.jpg,S3121L01.jpg,S3032L05,S3121L01,unrelated
S3032L05.jpg,S3121R04.jpg,S3032L05,S3121R04,unrelated
S3032L05.jpg,S3121R02.jpg,S3032L05,S3121R02,unrelated
S3032L05.jpg,S3121R01.jpg,S3032L05,S3121R01,unrelated
S3032L05.jpg,S3121R08.jpg,S3032L05,S3121R08,unrelated
S3032L05.jpg,S3121R07.jpg,S3032L05,S3121R07,unrelated
S3032L05.jpg,S3122L09.jpg,S3032L05,S3122L09,unrelated
S3032L05.jpg,S3122L07.jpg,S3032L05,S3122L07,unrelated
S3032L05.jpg,S3122L10.jpg,S3032L05,S3122L10,unrelated
S3032L05.jpg,S3122L01.jpg,S3032L05,S3122L01,unrelated
S3032L05.jpg,S3122L05.jpg,S3032L05,S3122L05,unrelated
S3032L05.jpg,S3122R02.jpg,S3032L05,S3122R02,unrelated
S3032L05.jpg,S3122R04.jpg,S3032L05,S3122R04,unrelated
S3032L05.jpg,S3122R03.jpg,S3032L05,S3122R03,unrelated
S3032L05.jpg,S3122R01.jpg,S3032L05,S3122R01,unrelated
S3032L05.jpg,S3051L07.jpg,S3032L05,S3051L07,unrelated
S3032L05.jpg,S3051L08.jpg,S3032L05,S3051L08,unrelated
S3032L05.jpg,S3051L10.jpg,S3032L05,S3051L10,unrelated
S3032L05.jpg,S3051L06.jpg,S3032L05,S3051L06,unrelated
S3032L05.jpg,S3051R01.jpg,S3032L05,S3051R01,unrelated
S3032L05.jpg,S3051R03.jpg,S3032L05,S3051R03,unrelated
S3032L05.jpg,S3052L01.jpg,S3032L05,S3052L01,unrelated
S3032L05.jpg,S3052L02.jpg,S3032L05,S3052L02,unrelated
S3032L05.jpg,S3052L03.jpg,S3032L05,S3052L03,unrelated
S3032L05.jpg,S3052R01.jpg,S3032L05,S3052R01,unrelated
S3032L05.jpg,S3011L07.jpg,S3032L05,S3011L07,unrelated
S3032L05.jpg,S3011R01.jpg,S3032L05,S3011R01,unrelated
S3032L05.jpg,S3011R02.jpg,S3032L05,S3011R02,unrelated
S3032L05.jpg,S3012L07.jpg,S3032L05,S3012L07,unrelated
S3032L05.jpg,S3012L02.jpg,S3032L05,S3012L02,unrelated
S3032L05.jpg,S3012R07.jpg,S3032L05,S3012R07,unrelated
S3032L06.jpg,S3032R10.jpg,S3032L06,S3032R10,same_subject_different_eye
S3032L06.jpg,S3032R05.jpg,S3032L06,S3032R05,same_subject_different_eye
S3032L06.jpg,S3032R04.jpg,S3032L06,S3032R04,same_subject_different_eye
S3032L06.jpg,S3032R07.jpg,S3032L06,S3032R07,same_subject_different_eye
S3032L06.jpg,S3032R06.jpg,S3032L06,S3032R06,same_subject_different_eye
S3032L06.jpg,S3041L03.jpg,S3032L06,S3041L03,unrelated
S3032L06.jpg,S3041L06.jpg,S3032L06,S3041L06,unrelated
S3032L06.jpg,S3041L05.jpg,S3032L06,S3041L05,unrelated
S3032L06.jpg,S3041L04.jpg,S3032L06,S3041L04,unrelated
S3032L06.jpg,S3041R01.jpg,S3032L06,S3041R01,unrelated
S3032L06.jpg,S3042L08.jpg,S3032L06,S3042L08,unrelated
S3032L06.jpg,S3042R07.jpg,S3032L06,S3042R07,unrelated
S3032L06.jpg,S3042R08.jpg,S3032L06,S3042R08,unrelated
S3032L06.jpg,S3002L02.jpg,S3032L06,S3002L02,unrelated
S3032L06.jpg,S3082R05.jpg,S3032L06,S3082R05,unrelated
S3032L06.jpg,S3082R02.jpg,S3032L06,S3082R02,unrelated
S3032L06.jpg,S3082R06.jpg,S3032L06,S3082R06,unrelated
S3032L06.jpg,S3082R01.jpg,S3032L06,S3082R01,unrelated
S3032L06.jpg,S3082R04.jpg,S3032L06,S3082R04,unrelated
S3032L06.jpg,S3061L03.jpg,S3032L06,S3061L03,unrelated
S3032L06.jpg,S3061L02.jpg,S3032L06,S3061L02,unrelated
S3032L06.jpg,S3061R01.jpg,S3032L06,S3061R01,unrelated
S3032L06.jpg,S3061R04.jpg,S3032L06,S3061R04,unrelated
S3032L06.jpg,S3061R07.jpg,S3032L06,S3061R07,unrelated
S3032L06.jpg,S3061R08.jpg,S3032L06,S3061R08,unrelated
S3032L06.jpg,S3062L03.jpg,S3032L06,S3062L03,unrelated
S3032L06.jpg,S3062L05.jpg,S3032L06,S3062L05,unrelated
S3032L06.jpg,S3062L07.jpg,S3032L06,S3062L07,unrelated
S3032L06.jpg,S3062L06.jpg,S3032L06,S3062L06,unrelated
S3032L06.jpg,S3062L04.jpg,S3032L06,S3062L04,unrelated
S3032L06.jpg,S3062R02.jpg,S3032L06,S3062R02,unrelated
S3032L06.jpg,S3062R09.jpg,S3032L06,S3062R09,unrelated
S3032L06.jpg,S3062R10.jpg,S3032L06,S3062R10,unrelated
S3032L06.jpg,S3062R07.jpg,S3032L06,S3062R07,unrelated
S3032L06.jpg,S3062R08.jpg,S3032L06,S3062R08,unrelated
S3032L06.jpg,S3021L04.jpg,S3032L06,S3021L04,unrelated
S3032L06.jpg,S3021L03.jpg,S3032L06,S3021L03,unrelated
S3032L06.jpg,S3021L06.jpg,S3032L06,S3021L06,unrelated
S3032L06.jpg,S3021L02.jpg,S3032L06,S3021L02,unrelated
S3032L06.jpg,S3021L01.jpg,S3032L06,S3021L01,unrelated
S3032L06.jpg,S3021R09.jpg,S3032L06,S3021R09,unrelated
S3032L06.jpg,S3021R01.jpg,S3032L06,S3021R01,unrelated
S3032L06.jpg,S3021R02.jpg,S3032L06,S3021R02,unrelated
S3032L06.jpg,S3021R07.jpg,S3032L06,S3021R07,unrelated
S3032L06.jpg,S3021R06.jpg,S3032L06,S3021R06,unrelated
S3032L06.jpg,S3022L01.jpg,S3032L06,S3022L01,unrelated
S3032L06.jpg,S3022R01.jpg,S3032L06,S3022R01,unrelated
S3032L06.jpg,S3022R02.jpg,S3032L06,S3022R02,unrelated
S3032L06.jpg,S3101L08.jpg,S3032L06,S3101L08,unrelated
S3032L06.jpg,S3101L04.jpg,S3032L06,S3101L04,unrelated
S3032L06.jpg,S3101L02.jpg,S3032L06,S3101L02,unrelated
S3032L06.jpg,S3101L09.jpg,S3032L06,S3101L09,unrelated
S3032L06.jpg,S3101L10.jpg,S3032L06,S3101L10,unrelated
S3032L06.jpg,S3101R07.jpg,S3032L06,S3101R07,unrelated
S3032L06.jpg,S3101R04.jpg,S3032L06,S3101R04,unrelated
S3032L06.jpg,S3101R03.jpg,S3032L06,S3101R03,unrelated
S3032L06.jpg,S3101R02.jpg,S3032L06,S3101R02,unrelated
S3032L06.jpg,S3101R05.jpg,S3032L06,S3101R05,unrelated
S3032L06.jpg,S3102L10.jpg,S3032L06,S3102L10,unrelated
S3032L06.jpg,S3102L09.jpg,S3032L06,S3102L09,unrelated
S3032L06.jpg,S3102L01.jpg,S3032L06,S3102L01,unrelated
S3032L06.jpg,S3102L07.jpg,S3032L06,S3102L07,unrelated
S3032L06.jpg,S3102L06.jpg,S3032L06,S3102L06,unrelated
S3032L06.jpg,S3102R07.jpg,S3032L06,S3102R07,unrelated
S3032L06.jpg,S3102R08.jpg,S3032L06,S3102R08,unrelated
S3032L06.jpg,S3102R02.jpg,S3032L06,S3102R02,unrelated
S3032L06.jpg,S3102R06.jpg,S3032L06,S3102R06,unrelated
S3032L06.jpg,S3102R09.jpg,S3032L06,S3102R09,unrelated
S3032L06.jpg,S3151L06.jpg,S3032L06,S3151L06,unrelated
S3032L06.jpg,S3151L04.jpg,S3032L06,S3151L04,unrelated
S3032L06.jpg,S3151L03.jpg,S3032L06,S3151L03,unrelated
S3032L06.jpg,S3151L05.jpg,S3032L06,S3151L05,unrelated
S3032L06.jpg,S3151L07.jpg,S3032L06,S3151L07,unrelated
S3032L06.jpg,S3151R03.jpg,S3032L06,S3151R03,unrelated
S3032L06.jpg,S3151R01.jpg,S3032L06,S3151R01,unrelated
S3032L06.jpg,S3151R02.jpg,S3032L06,S3151R02,unrelated
S3032L06.jpg,S3152R04.jpg,S3032L06,S3152R04,unrelated
S3032L06.jpg,S3152R03.jpg,S3032L06,S3152R03,unrelated
S3032L06.jpg,S3152R02.jpg,S3032L06,S3152R02,unrelated
S3032L06.jpg,S3152R07.jpg,S3032L06,S3152R07,unrelated
S3032L06.jpg,S3181R04.jpg,S3032L06,S3181R04,unrelated
S3032L06.jpg,S3181R05.jpg,S3032L06,S3181R05,unrelated
S3032L06.jpg,S3182L01.jpg,S3032L06,S3182L01,unrelated
S3032L06.jpg,S3182R05.jpg,S3032L06,S3182R05,unrelated
S3032L06.jpg,S3182R06.jpg,S3032L06,S3182R06,unrelated
S3032L06.jpg,S3182R04.jpg,S3032L06,S3182R04,unrelated
S3032L06.jpg,S3182R03.jpg,S3032L06,S3182R03,unrelated
S3032L06.jpg,S3182R07.jpg,S3032L06,S3182R07,unrelated
S3032L06.jpg,S3141L03.jpg,S3032L06,S3141L03,unrelated
S3032L06.jpg,S3141R07.jpg,S3032L06,S3141R07,unrelated
S3032L06.jpg,S3141R10.jpg,S3032L06,S3141R10,unrelated
S3032L06.jpg,S3141R04.jpg,S3032L06,S3141R04,unrelated
S3032L06.jpg,S3141R06.jpg,S3032L06,S3141R06,unrelated
S3032L06.jpg,S3142L03.jpg,S3032L06,S3142L03,unrelated
S3032L06.jpg,S3142L02.jpg,S3032L06,S3142L02,unrelated
S3032L06.jpg,S3142L04.jpg,S3032L06,S3142L04,unrelated
S3032L06.jpg,S3142L07.jpg,S3032L06,S3142L07,unrelated
S3032L06.jpg,S3142R08.jpg,S3032L06,S3142R08,unrelated
S3032L06.jpg,S3142R07.jpg,S3032L06,S3142R07,unrelated
S3032L06.jpg,S3142R10.jpg,S3032L06,S3142R10,unrelated
S3032L06.jpg,S3142R09.jpg,S3032L06,S3142R09,unrelated
S3032L06.jpg,S3121L03.jpg,S3032L06,S3121L03,unrelated
S3032L06.jpg,S3121L02.jpg,S3032L06,S3121L02,unrelated
S3032L06.jpg,S3121L01.jpg,S3032L06,S3121L01,unrelated
S3032L06.jpg,S3121R04.jpg,S3032L06,S3121R04,unrelated
S3032L06.jpg,S3121R02.jpg,S3032L06,S3121R02,unrelated
S3032L06.jpg,S3121R01.jpg,S3032L06,S3121R01,unrelated
S3032L06.jpg,S3121R08.jpg,S3032L06,S3121R08,unrelated
S3032L06.jpg,S3121R07.jpg,S3032L06,S3121R07,unrelated
S3032L06.jpg,S3122L09.jpg,S3032L06,S3122L09,unrelated
S3032L06.jpg,S3122L07.jpg,S3032L06,S3122L07,unrelated
S3032L06.jpg,S3122L10.jpg,S3032L06,S3122L10,unrelated
S3032L06.jpg,S3122L01.jpg,S3032L06,S3122L01,unrelated
S3032L06.jpg,S3122L05.jpg,S3032L06,S3122L05,unrelated
S3032L06.jpg,S3122R02.jpg,S3032L06,S3122R02,unrelated
S3032L06.jpg,S3122R04.jpg,S3032L06,S3122R04,unrelated
S3032L06.jpg,S3122R03.jpg,S3032L06,S3122R03,unrelated
S3032L06.jpg,S3122R01.jpg,S3032L06,S3122R01,unrelated
S3032L06.jpg,S3051L07.jpg,S3032L06,S3051L07,unrelated
S3032L06.jpg,S3051L08.jpg,S3032L06,S3051L08,unrelated
S3032L06.jpg,S3051L10.jpg,S3032L06,S3051L10,unrelated
S3032L06.jpg,S3051L06.jpg,S3032L06,S3051L06,unrelated
S3032L06.jpg,S3051R01.jpg,S3032L06,S3051R01,unrelated
S3032L06.jpg,S3051R03.jpg,S3032L06,S3051R03,unrelated
S3032L06.jpg,S3052L01.jpg,S3032L06,S3052L01,unrelated
S3032L06.jpg,S3052L02.jpg,S3032L06,S3052L02,unrelated
S3032L06.jpg,S3052L03.jpg,S3032L06,S3052L03,unrelated
S3032L06.jpg,S3052R01.jpg,S3032L06,S3052R01,unrelated
S3032L06.jpg,S3011L07.jpg,S3032L06,S3011L07,unrelated
S3032L06.jpg,S3011R01.jpg,S3032L06,S3011R01,unrelated
S3032L06.jpg,S3011R02.jpg,S3032L06,S3011R02,unrelated
S3032L06.jpg,S3012L07.jpg,S3032L06,S3012L07,unrelated
S3032L06.jpg,S3012L02.jpg,S3032L06,S3012L02,unrelated
S3032L06.jpg,S3012R07.jpg,S3032L06,S3012R07,unrelated
S3032R10.jpg,S3032R05.jpg,S3032R10,S3032R05,genuine
S3032R10.jpg,S3032R04.jpg,S3032R10,S3032R04,genuine
S3032R10.jpg,S3032R07.jpg,S3032R10,S3032R07,genuine
S3032R10.jpg,S3032R06.jpg,S3032R10,S3032R06,genuine
S3032R10.jpg,S3041L03.jpg,S3032R10,S3041L03,unrelated
S3032R10.jpg,S3041L06.jpg,S3032R10,S3041L06,unrelated
S3032R10.jpg,S3041L05.jpg,S3032R10,S3041L05,unrelated
S3032R10.jpg,S3041L04.jpg,S3032R10,S3041L04,unrelated
S3032R10.jpg,S3041R01.jpg,S3032R10,S3041R01,unrelated
S3032R10.jpg,S3042L08.jpg,S3032R10,S3042L08,unrelated
S3032R10.jpg,S3042R07.jpg,S3032R10,S3042R07,unrelated
S3032R10.jpg,S3042R08.jpg,S3032R10,S3042R08,unrelated
S3032R10.jpg,S3002L02.jpg,S3032R10,S3002L02,unrelated
S3032R10.jpg,S3082R05.jpg,S3032R10,S3082R05,unrelated
S3032R10.jpg,S3082R02.jpg,S3032R10,S3082R02,unrelated
S3032R10.jpg,S3082R06.jpg,S3032R10,S3082R06,unrelated
S3032R10.jpg,S3082R01.jpg,S3032R10,S3082R01,unrelated
S3032R10.jpg,S3082R04.jpg,S3032R10,S3082R04,unrelated
S3032R10.jpg,S3061L03.jpg,S3032R10,S3061L03,unrelated
S3032R10.jpg,S3061L02.jpg,S3032R10,S3061L02,unrelated
S3032R10.jpg,S3061R01.jpg,S3032R10,S3061R01,unrelated
S3032R10.jpg,S3061R04.jpg,S3032R10,S3061R04,unrelated
S3032R10.jpg,S3061R07.jpg,S3032R10,S3061R07,unrelated
S3032R10.jpg,S3061R08.jpg,S3032R10,S3061R08,unrelated
S3032R10.jpg,S3062L03.jpg,S3032R10,S3062L03,unrelated
S3032R10.jpg,S3062L05.jpg,S3032R10,S3062L05,unrelated
S3032R10.jpg,S3062L07.jpg,S3032R10,S3062L07,unrelated
S3032R10.jpg,S3062L06.jpg,S3032R10,S3062L06,unrelated
S3032R10.jpg,S3062L04.jpg,S3032R10,S3062L04,unrelated
S3032R10.jpg,S3062R02.jpg,S3032R10,S3062R02,unrelated
S3032R10.jpg,S3062R09.jpg,S3032R10,S3062R09,unrelated
S3032R10.jpg,S3062R10.jpg,S3032R10,S3062R10,unrelated
S3032R10.jpg,S3062R07.jpg,S3032R10,S3062R07,unrelated
S3032R10.jpg,S3062R08.jpg,S3032R10,S3062R08,unrelated
S3032R10.jpg,S3021L04.jpg,S3032R10,S3021L04,unrelated
S3032R10.jpg,S3021L03.jpg,S3032R10,S3021L03,unrelated
S3032R10.jpg,S3021L06.jpg,S3032R10,S3021L06,unrelated
S3032R10.jpg,S3021L02.jpg,S3032R10,S3021L02,unrelated
S3032R10.jpg,S3021L01.jpg,S3032R10,S3021L01,unrelated
S3032R10.jpg,S3021R09.jpg,S3032R10,S3021R09,unrelated
S3032R10.jpg,S3021R01.jpg,S3032R10,S3021R01,unrelated
S3032R10.jpg,S3021R02.jpg,S3032R10,S3021R02,unrelated
S3032R10.jpg,S3021R07.jpg,S3032R10,S3021R07,unrelated
S3032R10.jpg,S3021R06.jpg,S3032R10,S3021R06,unrelated
S3032R10.jpg,S3022L01.jpg,S3032R10,S3022L01,unrelated
S3032R10.jpg,S3022R01.jpg,S3032R10,S3022R01,unrelated
S3032R10.jpg,S3022R02.jpg,S3032R10,S3022R02,unrelated
S3032R10.jpg,S3101L08.jpg,S3032R10,S3101L08,unrelated
S3032R10.jpg,S3101L04.jpg,S3032R10,S3101L04,unrelated
S3032R10.jpg,S3101L02.jpg,S3032R10,S3101L02,unrelated
S3032R10.jpg,S3101L09.jpg,S3032R10,S3101L09,unrelated
S3032R10.jpg,S3101L10.jpg,S3032R10,S3101L10,unrelated
S3032R10.jpg,S3101R07.jpg,S3032R10,S3101R07,unrelated
S3032R10.jpg,S3101R04.jpg,S3032R10,S3101R04,unrelated
S3032R10.jpg,S3101R03.jpg,S3032R10,S3101R03,unrelated
S3032R10.jpg,S3101R02.jpg,S3032R10,S3101R02,unrelated
S3032R10.jpg,S3101R05.jpg,S3032R10,S3101R05,unrelated
S3032R10.jpg,S3102L10.jpg,S3032R10,S3102L10,unrelated
S3032R10.jpg,S3102L09.jpg,S3032R10,S3102L09,unrelated
S3032R10.jpg,S3102L01.jpg,S3032R10,S3102L01,unrelated
S3032R10.jpg,S3102L07.jpg,S3032R10,S3102L07,unrelated
S3032R10.jpg,S3102L06.jpg,S3032R10,S3102L06,unrelated
S3032R10.jpg,S3102R07.jpg,S3032R10,S3102R07,unrelated
S3032R10.jpg,S3102R08.jpg,S3032R10,S3102R08,unrelated
S3032R10.jpg,S3102R02.jpg,S3032R10,S3102R02,unrelated
S3032R10.jpg,S3102R06.jpg,S3032R10,S3102R06,unrelated
S3032R10.jpg,S3102R09.jpg,S3032R10,S3102R09,unrelated
S3032R10.jpg,S3151L06.jpg,S3032R10,S3151L06,unrelated
S3032R10.jpg,S3151L04.jpg,S3032R10,S3151L04,unrelated
S3032R10.jpg,S3151L03.jpg,S3032R10,S3151L03,unrelated
S3032R10.jpg,S3151L05.jpg,S3032R10,S3151L05,unrelated
S3032R10.jpg,S3151L07.jpg,S3032R10,S3151L07,unrelated
S3032R10.jpg,S3151R03.jpg,S3032R10,S3151R03,unrelated
S3032R10.jpg,S3151R01.jpg,S3032R10,S3151R01,unrelated
S3032R10.jpg,S3151R02.jpg,S3032R10,S3151R02,unrelated
S3032R10.jpg,S3152R04.jpg,S3032R10,S3152R04,unrelated
S3032R10.jpg,S3152R03.jpg,S3032R10,S3152R03,unrelated
S3032R10.jpg,S3152R02.jpg,S3032R10,S3152R02,unrelated
S3032R10.jpg,S3152R07.jpg,S3032R10,S3152R07,unrelated
S3032R10.jpg,S3181R04.jpg,S3032R10,S3181R04,unrelated
S3032R10.jpg,S3181R05.jpg,S3032R10,S3181R05,unrelated
S3032R10.jpg,S3182L01.jpg,S3032R10,S3182L01,unrelated
S3032R10.jpg,S3182R05.jpg,S3032R10,S3182R05,unrelated
S3032R10.jpg,S3182R06.jpg,S3032R10,S3182R06,unrelated
S3032R10.jpg,S3182R04.jpg,S3032R10,S3182R04,unrelated
S3032R10.jpg,S3182R03.jpg,S3032R10,S3182R03,unrelated
S3032R10.jpg,S3182R07.jpg,S3032R10,S3182R07,unrelated
S3032R10.jpg,S3141L03.jpg,S3032R10,S3141L03,unrelated
S3032R10.jpg,S3141R07.jpg,S3032R10,S3141R07,unrelated
S3032R10.jpg,S3141R10.jpg,S3032R10,S3141R10,unrelated
S3032R10.jpg,S3141R04.jpg,S3032R10,S3141R04,unrelated
S3032R10.jpg,S3141R06.jpg,S3032R10,S3141R06,unrelated
S3032R10.jpg,S3142L03.jpg,S3032R10,S3142L03,unrelated
S3032R10.jpg,S3142L02.jpg,S3032R10,S3142L02,unrelated
S3032R10.jpg,S3142L04.jpg,S3032R10,S3142L04,unrelated
S3032R10.jpg,S3142L07.jpg,S3032R10,S3142L07,unrelated
S3032R10.jpg,S3142R08.jpg,S3032R10,S3142R08,unrelated
S3032R10.jpg,S3142R07.jpg,S3032R10,S3142R07,unrelated
S3032R10.jpg,S3142R10.jpg,S3032R10,S3142R10,unrelated
S3032R10.jpg,S3142R09.jpg,S3032R10,S3142R09,unrelated
S3032R10.jpg,S3121L03.jpg,S3032R10,S3121L03,unrelated
S3032R10.jpg,S3121L02.jpg,S3032R10,S3121L02,unrelated
S3032R10.jpg,S3121L01.jpg,S3032R10,S3121L01,unrelated
S3032R10.jpg,S3121R04.jpg,S3032R10,S3121R04,unrelated
S3032R10.jpg,S3121R02.jpg,S3032R10,S3121R02,unrelated
S3032R10.jpg,S3121R01.jpg,S3032R10,S3121R01,unrelated
S3032R10.jpg,S3121R08.jpg,S3032R10,S3121R08,unrelated
S3032R10.jpg,S3121R07.jpg,S3032R10,S3121R07,unrelated
S3032R10.jpg,S3122L09.jpg,S3032R10,S3122L09,unrelated
S3032R10.jpg,S3122L07.jpg,S3032R10,S3122L07,unrelated
S3032R10.jpg,S3122L10.jpg,S3032R10,S3122L10,unrelated
S3032R10.jpg,S3122L01.jpg,S3032R10,S3122L01,unrelated
S3032R10.jpg,S3122L05.jpg,S3032R10,S3122L05,unrelated
S3032R10.jpg,S3122R02.jpg,S3032R10,S3122R02,unrelated
S3032R10.jpg,S3122R04.jpg,S3032R10,S3122R04,unrelated
S3032R10.jpg,S3122R03.jpg,S3032R10,S3122R03,unrelated
S3032R10.jpg,S3122R01.jpg,S3032R10,S3122R01,unrelated
S3032R10.jpg,S3051L07.jpg,S3032R10,S3051L07,unrelated
S3032R10.jpg,S3051L08.jpg,S3032R10,S3051L08,unrelated
S3032R10.jpg,S3051L10.jpg,S3032R10,S3051L10,unrelated
S3032R10.jpg,S3051L06.jpg,S3032R10,S3051L06,unrelated
S3032R10.jpg,S3051R01.jpg,S3032R10,S3051R01,unrelated
S3032R10.jpg,S3051R03.jpg,S3032R10,S3051R03,unrelated
S3032R10.jpg,S3052L01.jpg,S3032R10,S3052L01,unrelated
S3032R10.jpg,S3052L02.jpg,S3032R10,S3052L02,unrelated
S3032R10.jpg,S3052L03.jpg,S3032R10,S3052L03,unrelated
S3032R10.jpg,S3052R01.jpg,S3032R10,S3052R01,unrelated
S3032R10.jpg,S3011L07.jpg,S3032R10,S3011L07,unrelated
S3032R10.jpg,S3011R01.jpg,S3032R10,S3011R01,unrelated
S3032R10.jpg,S3011R02.jpg,S3032R10,S3011R02,unrelated
S3032R10.jpg,S3012L07.jpg,S3032R10,S3012L07,unrelated
S3032R10.jpg,S3012L02.jpg,S3032R10,S3012L02,unrelated
S3032R10.jpg,S3012R07.jpg,S3032R10,S3012R07,unrelated
S3032R05.jpg,S3032R04.jpg,S3032R05,S3032R04,genuine
S3032R05.jpg,S3032R07.jpg,S3032R05,S3032R07,genuine
S3032R05.jpg,S3032R06.jpg,S3032R05,S3032R06,genuine
S3032R05.jpg,S3041L03.jpg,S3032R05,S3041L03,unrelated
S3032R05.jpg,S3041L06.jpg,S3032R05,S3041L06,unrelated
S3032R05.jpg,S3041L05.jpg,S3032R05,S3041L05,unrelated
S3032R05.jpg,S3041L04.jpg,S3032R05,S3041L04,unrelated
S3032R05.jpg,S3041R01.jpg,S3032R05,S3041R01,unrelated
S3032R05.jpg,S3042L08.jpg,S3032R05,S3042L08,unrelated
S3032R05.jpg,S3042R07.jpg,S3032R05,S3042R07,unrelated
S3032R05.jpg,S3042R08.jpg,S3032R05,S3042R08,unrelated
S3032R05.jpg,S3002L02.jpg,S3032R05,S3002L02,unrelated
S3032R05.jpg,S3082R05.jpg,S3032R05,S3082R05,unrelated
S3032R05.jpg,S3082R02.jpg,S3032R05,S3082R02,unrelated
S3032R05.jpg,S3082R06.jpg,S3032R05,S3082R06,unrelated
S3032R05.jpg,S3082R01.jpg,S3032R05,S3082R01,unrelated
S3032R05.jpg,S3082R04.jpg,S3032R05,S3082R04,unrelated
S3032R05.jpg,S3061L03.jpg,S3032R05,S3061L03,unrelated
S3032R05.jpg,S3061L02.jpg,S3032R05,S3061L02,unrelated
S3032R05.jpg,S3061R01.jpg,S3032R05,S3061R01,unrelated
S3032R05.jpg,S3061R04.jpg,S3032R05,S3061R04,unrelated
S3032R05.jpg,S3061R07.jpg,S3032R05,S3061R07,unrelated
S3032R05.jpg,S3061R08.jpg,S3032R05,S3061R08,unrelated
S3032R05.jpg,S3062L03.jpg,S3032R05,S3062L03,unrelated
S3032R05.jpg,S3062L05.jpg,S3032R05,S3062L05,unrelated
S3032R05.jpg,S3062L07.jpg,S3032R05,S3062L07,unrelated
S3032R05.jpg,S3062L06.jpg,S3032R05,S3062L06,unrelated
S3032R05.jpg,S3062L04.jpg,S3032R05,S3062L04,unrelated
S3032R05.jpg,S3062R02.jpg,S3032R05,S3062R02,unrelated
S3032R05.jpg,S3062R09.jpg,S3032R05,S3062R09,unrelated
S3032R05.jpg,S3062R10.jpg,S3032R05,S3062R10,unrelated
S3032R05.jpg,S3062R07.jpg,S3032R05,S3062R07,unrelated
S3032R05.jpg,S3062R08.jpg,S3032R05,S3062R08,unrelated
S3032R05.jpg,S3021L04.jpg,S3032R05,S3021L04,unrelated
S3032R05.jpg,S3021L03.jpg,S3032R05,S3021L03,unrelated
S3032R05.jpg,S3021L06.jpg,S3032R05,S3021L06,unrelated
S3032R05.jpg,S3021L02.jpg,S3032R05,S3021L02,unrelated
S3032R05.jpg,S3021L01.jpg,S3032R05,S3021L01,unrelated
S3032R05.jpg,S3021R09.jpg,S3032R05,S3021R09,unrelated
S3032R05.jpg,S3021R01.jpg,S3032R05,S3021R01,unrelated
S3032R05.jpg,S3021R02.jpg,S3032R05,S3021R02,unrelated
S3032R05.jpg,S3021R07.jpg,S3032R05,S3021R07,unrelated
S3032R05.jpg,S3021R06.jpg,S3032R05,S3021R06,unrelated
S3032R05.jpg,S3022L01.jpg,S3032R05,S3022L01,unrelated
S3032R05.jpg,S3022R01.jpg,S3032R05,S3022R01,unrelated
S3032R05.jpg,S3022R02.jpg,S3032R05,S3022R02,unrelated
S3032R05.jpg,S3101L08.jpg,S3032R05,S3101L08,unrelated
S3032R05.jpg,S3101L04.jpg,S3032R05,S3101L04,unrelated
S3032R05.jpg,S3101L02.jpg,S3032R05,S3101L02,unrelated
S3032R05.jpg,S3101L09.jpg,S3032R05,S3101L09,unrelated
S3032R05.jpg,S3101L10.jpg,S3032R05,S3101L10,unrelated
S3032R05.jpg,S3101R07.jpg,S3032R05,S3101R07,unrelated
S3032R05.jpg,S3101R04.jpg,S3032R05,S3101R04,unrelated
S3032R05.jpg,S3101R03.jpg,S3032R05,S3101R03,unrelated
S3032R05.jpg,S3101R02.jpg,S3032R05,S3101R02,unrelated
S3032R05.jpg,S3101R05.jpg,S3032R05,S3101R05,unrelated
S3032R05.jpg,S3102L10.jpg,S3032R05,S3102L10,unrelated
S3032R05.jpg,S3102L09.jpg,S3032R05,S3102L09,unrelated
S3032R05.jpg,S3102L01.jpg,S3032R05,S3102L01,unrelated
S3032R05.jpg,S3102L07.jpg,S3032R05,S3102L07,unrelated
S3032R05.jpg,S3102L06.jpg,S3032R05,S3102L06,unrelated
S3032R05.jpg,S3102R07.jpg,S3032R05,S3102R07,unrelated
S3032R05.jpg,S3102R08.jpg,S3032R05,S3102R08,unrelated
S3032R05.jpg,S3102R02.jpg,S3032R05,S3102R02,unrelated
S3032R05.jpg,S3102R06.jpg,S3032R05,S3102R06,unrelated
S3032R05.jpg,S3102R09.jpg,S3032R05,S3102R09,unrelated
S3032R05.jpg,S3151L06.jpg,S3032R05,S3151L06,unrelated
S3032R05.jpg,S3151L04.jpg,S3032R05,S3151L04,unrelated
S3032R05.jpg,S3151L03.jpg,S3032R05,S3151L03,unrelated
S3032R05.jpg,S3151L05.jpg,S3032R05,S3151L05,unrelated
S3032R05.jpg,S3151L07.jpg,S3032R05,S3151L07,unrelated
S3032R05.jpg,S3151R03.jpg,S3032R05,S3151R03,unrelated
S3032R05.jpg,S3151R01.jpg,S3032R05,S3151R01,unrelated
S3032R05.jpg,S3151R02.jpg,S3032R05,S3151R02,unrelated
S3032R05.jpg,S3152R04.jpg,S3032R05,S3152R04,unrelated
S3032R05.jpg,S3152R03.jpg,S3032R05,S3152R03,unrelated
S3032R05.jpg,S3152R02.jpg,S3032R05,S3152R02,unrelated
S3032R05.jpg,S3152R07.jpg,S3032R05,S3152R07,unrelated
S3032R05.jpg,S3181R04.jpg,S3032R05,S3181R04,unrelated
S3032R05.jpg,S3181R05.jpg,S3032R05,S3181R05,unrelated
S3032R05.jpg,S3182L01.jpg,S3032R05,S3182L01,unrelated
S3032R05.jpg,S3182R05.jpg,S3032R05,S3182R05,unrelated
S3032R05.jpg,S3182R06.jpg,S3032R05,S3182R06,unrelated
S3032R05.jpg,S3182R04.jpg,S3032R05,S3182R04,unrelated
S3032R05.jpg,S3182R03.jpg,S3032R05,S3182R03,unrelated
S3032R05.jpg,S3182R07.jpg,S3032R05,S3182R07,unrelated
S3032R05.jpg,S3141L03.jpg,S3032R05,S3141L03,unrelated
S3032R05.jpg,S3141R07.jpg,S3032R05,S3141R07,unrelated
S3032R05.jpg,S3141R10.jpg,S3032R05,S3141R10,unrelated
S3032R05.jpg,S3141R04.jpg,S3032R05,S3141R04,unrelated
S3032R05.jpg,S3141R06.jpg,S3032R05,S3141R06,unrelated
S3032R05.jpg,S3142L03.jpg,S3032R05,S3142L03,unrelated
S3032R05.jpg,S3142L02.jpg,S3032R05,S3142L02,unrelated
S3032R05.jpg,S3142L04.jpg,S3032R05,S3142L04,unrelated
S3032R05.jpg,S3142L07.jpg,S3032R05,S3142L07,unrelated
S3032R05.jpg,S3142R08.jpg,S3032R05,S3142R08,unrelated
S3032R05.jpg,S3142R07.jpg,S3032R05,S3142R07,unrelated
S3032R05.jpg,S3142R10.jpg,S3032R05,S3142R10,unrelated
S3032R05.jpg,S3142R09.jpg,S3032R05,S3142R09,unrelated
S3032R05.jpg,S3121L03.jpg,S3032R05,S3121L03,unrelated
S3032R05.jpg,S3121L02.jpg,S3032R05,S3121L02,unrelated
S3032R05.jpg,S3121L01.jpg,S3032R05,S3121L01,unrelated
S3032R05.jpg,S3121R04.jpg,S3032R05,S3121R04,unrelated
S3032R05.jpg,S3121R02.jpg,S3032R05,S3121R02,unrelated
S3032R05.jpg,S3121R01.jpg,S3032R05,S3121R01,unrelated
S3032R05.jpg,S3121R08.jpg,S3032R05,S3121R08,unrelated
S3032R05.jpg,S3121R07.jpg,S3032R05,S3121R07,unrelated
S3032R05.jpg,S3122L09.jpg,S3032R05,S3122L09,unrelated
S3032R05.jpg,S3122L07.jpg,S3032R05,S3122L07,unrelated
S3032R05.jpg,S3122L10.jpg,S3032R05,S3122L10,unrelated
S3032R05.jpg,S3122L01.jpg,S3032R05,S3122L01,unrelated
S3032R05.jpg,S3122L05.jpg,S3032R05,S3122L05,unrelated
S3032R05.jpg,S3122R02.jpg,S3032R05,S3122R02,unrelated
S3032R05.jpg,S3122R04.jpg,S3032R05,S3122R04,unrelated
S3032R05.jpg,S3122R03.jpg,S3032R05,S3122R03,unrelated
S3032R05.jpg,S3122R01.jpg,S3032R05,S3122R01,unrelated
S3032R05.jpg,S3051L07.jpg,S3032R05,S3051L07,unrelated
S3032R05.jpg,S3051L08.jpg,S3032R05,S3051L08,unrelated
S3032R05.jpg,S3051L10.jpg,S3032R05,S3051L10,unrelated
S3032R05.jpg,S3051L06.jpg,S3032R05,S3051L06,unrelated
S3032R05.jpg,S3051R01.jpg,S3032R05,S3051R01,unrelated
S3032R05.jpg,S3051R03.jpg,S3032R05,S3051R03,unrelated
S3032R05.jpg,S3052L01.jpg,S3032R05,S3052L01,unrelated
S3032R05.jpg,S3052L02.jpg,S3032R05,S3052L02,unrelated
S3032R05.jpg,S3052L03.jpg,S3032R05,S3052L03,unrelated
S3032R05.jpg,S3052R01.jpg,S3032R05,S3052R01,unrelated
S3032R05.jpg,S3011L07.jpg,S3032R05,S3011L07,unrelated
S3032R05.jpg,S3011R01.jpg,S3032R05,S3011R01,unrelated
S3032R05.jpg,S3011R02.jpg,S3032R05,S3011R02,unrelated
S3032R05.jpg,S3012L07.jpg,S3032R05,S3012L07,unrelated
S3032R05.jpg,S3012L02.jpg,S3032R05,S3012L02,unrelated
S3032R05.jpg,S3012R07.jpg,S3032R05,S3012R07,unrelated
S3032R04.jpg,S3032R07.jpg,S3032R04,S3032R07,genuine
S3032R04.jpg,S3032R06.jpg,S3032R04,S3032R06,genuine
S3032R04.jpg,S3041L03.jpg,S3032R04,S3041L03,unrelated
S3032R04.jpg,S3041L06.jpg,S3032R04,S3041L06,unrelated
S3032R04.jpg,S3041L05.jpg,S3032R04,S3041L05,unrelated
S3032R04.jpg,S3041L04.jpg,S3032R04,S3041L04,unrelated
S3032R04.jpg,S3041R01.jpg,S3032R04,S3041R01,unrelated
S3032R04.jpg,S3042L08.jpg,S3032R04,S3042L08,unrelated
S3032R04.jpg,S3042R07.jpg,S3032R04,S3042R07,unrelated
S3032R04.jpg,S3042R08.jpg,S3032R04,S3042R08,unrelated
S3032R04.jpg,S3002L02.jpg,S3032R04,S3002L02,unrelated
S3032R04.jpg,S3082R05.jpg,S3032R04,S3082R05,unrelated
S3032R04.jpg,S3082R02.jpg,S3032R04,S3082R02,unrelated
S3032R04.jpg,S3082R06.jpg,S3032R04,S3082R06,unrelated
S3032R04.jpg,S3082R01.jpg,S3032R04,S3082R01,unrelated
S3032R04.jpg,S3082R04.jpg,S3032R04,S3082R04,unrelated
S3032R04.jpg,S3061L03.jpg,S3032R04,S3061L03,unrelated
S3032R04.jpg,S3061L02.jpg,S3032R04,S3061L02,unrelated
S3032R04.jpg,S3061R01.jpg,S3032R04,S3061R01,unrelated
S3032R04.jpg,S3061R04.jpg,S3032R04,S3061R04,unrelated
S3032R04.jpg,S3061R07.jpg,S3032R04,S3061R07,unrelated
S3032R04.jpg,S3061R08.jpg,S3032R04,S3061R08,unrelated
S3032R04.jpg,S3062L03.jpg,S3032R04,S3062L03,unrelated
S3032R04.jpg,S3062L05.jpg,S3032R04,S3062L05,unrelated
S3032R04.jpg,S3062L07.jpg,S3032R04,S3062L07,unrelated
S3032R04.jpg,S3062L06.jpg,S3032R04,S3062L06,unrelated
S3032R04.jpg,S3062L04.jpg,S3032R04,S3062L04,unrelated
S3032R04.jpg,S3062R02.jpg,S3032R04,S3062R02,unrelated
S3032R04.jpg,S3062R09.jpg,S3032R04,S3062R09,unrelated
S3032R04.jpg,S3062R10.jpg,S3032R04,S3062R10,unrelated
S3032R04.jpg,S3062R07.jpg,S3032R04,S3062R07,unrelated
S3032R04.jpg,S3062R08.jpg,S3032R04,S3062R08,unrelated
S3032R04.jpg,S3021L04.jpg,S3032R04,S3021L04,unrelated
S3032R04.jpg,S3021L03.jpg,S3032R04,S3021L03,unrelated
S3032R04.jpg,S3021L06.jpg,S3032R04,S3021L06,unrelated
S3032R04.jpg,S3021L02.jpg,S3032R04,S3021L02,unrelated
S3032R04.jpg,S3021L01.jpg,S3032R04,S3021L01,unrelated
S3032R04.jpg,S3021R09.jpg,S3032R04,S3021R09,unrelated
S3032R04.jpg,S3021R01.jpg,S3032R04,S3021R01,unrelated
S3032R04.jpg,S3021R02.jpg,S3032R04,S3021R02,unrelated
S3032R04.jpg,S3021R07.jpg,S3032R04,S3021R07,unrelated
S3032R04.jpg,S3021R06.jpg,S3032R04,S3021R06,unrelated
S3032R04.jpg,S3022L01.jpg,S3032R04,S3022L01,unrelated
S3032R04.jpg,S3022R01.jpg,S3032R04,S3022R01,unrelated
S3032R04.jpg,S3022R02.jpg,S3032R04,S3022R02,unrelated
S3032R04.jpg,S3101L08.jpg,S3032R04,S3101L08,unrelated
S3032R04.jpg,S3101L04.jpg,S3032R04,S3101L04,unrelated
S3032R04.jpg,S3101L02.jpg,S3032R04,S3101L02,unrelated
S3032R04.jpg,S3101L09.jpg,S3032R04,S3101L09,unrelated
S3032R04.jpg,S3101L10.jpg,S3032R04,S3101L10,unrelated
S3032R04.jpg,S3101R07.jpg,S3032R04,S3101R07,unrelated
S3032R04.jpg,S3101R04.jpg,S3032R04,S3101R04,unrelated
S3032R04.jpg,S3101R03.jpg,S3032R04,S3101R03,unrelated
S3032R04.jpg,S3101R02.jpg,S3032R04,S3101R02,unrelated
S3032R04.jpg,S3101R05.jpg,S3032R04,S3101R05,unrelated
S3032R04.jpg,S3102L10.jpg,S3032R04,S3102L10,unrelated
S3032R04.jpg,S3102L09.jpg,S3032R04,S3102L09,unrelated
S3032R04.jpg,S3102L01.jpg,S3032R04,S3102L01,unrelated
S3032R04.jpg,S3102L07.jpg,S3032R04,S3102L07,unrelated
S3032R04.jpg,S3102L06.jpg,S3032R04,S3102L06,unrelated
S3032R04.jpg,S3102R07.jpg,S3032R04,S3102R07,unrelated
S3032R04.jpg,S3102R08.jpg,S3032R04,S3102R08,unrelated
S3032R04.jpg,S3102R02.jpg,S3032R04,S3102R02,unrelated
S3032R04.jpg,S3102R06.jpg,S3032R04,S3102R06,unrelated
S3032R04.jpg,S3102R09.jpg,S3032R04,S3102R09,unrelated
S3032R04.jpg,S3151L06.jpg,S3032R04,S3151L06,unrelated
S3032R04.jpg,S3151L04.jpg,S3032R04,S3151L04,unrelated
S3032R04.jpg,S3151L03.jpg,S3032R04,S3151L03,unrelated
S3032R04.jpg,S3151L05.jpg,S3032R04,S3151L05,unrelated
S3032R04.jpg,S3151L07.jpg,S3032R04,S3151L07,unrelated
S3032R04.jpg,S3151R03.jpg,S3032R04,S3151R03,unrelated
S3032R04.jpg,S3151R01.jpg,S3032R04,S3151R01,unrelated
S3032R04.jpg,S3151R02.jpg,S3032R04,S3151R02,unrelated
S3032R04.jpg,S3152R04.jpg,S3032R04,S3152R04,unrelated
S3032R04.jpg,S3152R03.jpg,S3032R04,S3152R03,unrelated
S3032R04.jpg,S3152R02.jpg,S3032R04,S3152R02,unrelated
S3032R04.jpg,S3152R07.jpg,S3032R04,S3152R07,unrelated
S3032R04.jpg,S3181R04.jpg,S3032R04,S3181R04,unrelated
S3032R04.jpg,S3181R05.jpg,S3032R04,S3181R05,unrelated
S3032R04.jpg,S3182L01.jpg,S3032R04,S3182L01,unrelated
S3032R04.jpg,S3182R05.jpg,S3032R04,S3182R05,unrelated
S3032R04.jpg,S3182R06.jpg,S3032R04,S3182R06,unrelated
S3032R04.jpg,S3182R04.jpg,S3032R04,S3182R04,unrelated
S3032R04.jpg,S3182R03.jpg,S3032R04,S3182R03,unrelated
S3032R04.jpg,S3182R07.jpg,S3032R04,S3182R07,unrelated
S3032R04.jpg,S3141L03.jpg,S3032R04,S3141L03,unrelated
S3032R04.jpg,S3141R07.jpg,S3032R04,S3141R07,unrelated
S3032R04.jpg,S3141R10.jpg,S3032R04,S3141R10,unrelated
S3032R04.jpg,S3141R04.jpg,S3032R04,S3141R04,unrelated
S3032R04.jpg,S3141R06.jpg,S3032R04,S3141R06,unrelated
S3032R04.jpg,S3142L03.jpg,S3032R04,S3142L03,unrelated
S3032R04.jpg,S3142L02.jpg,S3032R04,S3142L02,unrelated
S3032R04.jpg,S3142L04.jpg,S3032R04,S3142L04,unrelated
S3032R04.jpg,S3142L07.jpg,S3032R04,S3142L07,unrelated
S3032R04.jpg,S3142R08.jpg,S3032R04,S3142R08,unrelated
S3032R04.jpg,S3142R07.jpg,S3032R04,S3142R07,unrelated
S3032R04.jpg,S3142R10.jpg,S3032R04,S3142R10,unrelated
S3032R04.jpg,S3142R09.jpg,S3032R04,S3142R09,unrelated
S3032R04.jpg,S3121L03.jpg,S3032R04,S3121L03,unrelated
S3032R04.jpg,S3121L02.jpg,S3032R04,S3121L02,unrelated
S3032R04.jpg,S3121L01.jpg,S3032R04,S3121L01,unrelated
S3032R04.jpg,S3121R04.jpg,S3032R04,S3121R04,unrelated
S3032R04.jpg,S3121R02.jpg,S3032R04,S3121R02,unrelated
S3032R04.jpg,S3121R01.jpg,S3032R04,S3121R01,unrelated
S3032R04.jpg,S3121R08.jpg,S3032R04,S3121R08,unrelated
S3032R04.jpg,S3121R07.jpg,S3032R04,S3121R07,unrelated
S3032R04.jpg,S3122L09.jpg,S3032R04,S3122L09,unrelated
S3032R04.jpg,S3122L07.jpg,S3032R04,S3122L07,unrelated
S3032R04.jpg,S3122L10.jpg,S3032R04,S3122L10,unrelated
S3032R04.jpg,S3122L01.jpg,S3032R04,S3122L01,unrelated
S3032R04.jpg,S3122L05.jpg,S3032R04,S3122L05,unrelated
S3032R04.jpg,S3122R02.jpg,S3032R04,S3122R02,unrelated
S3032R04.jpg,S3122R04.jpg,S3032R04,S3122R04,unrelated
S3032R04.jpg,S3122R03.jpg,S3032R04,S3122R03,unrelated
S3032R04.jpg,S3122R01.jpg,S3032R04,S3122R01,unrelated
S3032R04.jpg,S3051L07.jpg,S3032R04,S3051L07,unrelated
S3032R04.jpg,S3051L08.jpg,S3032R04,S3051L08,unrelated
S3032R04.jpg,S3051L10.jpg,S3032R04,S3051L10,unrelated
S3032R04.jpg,S3051L06.jpg,S3032R04,S3051L06,unrelated
S3032R04.jpg,S3051R01.jpg,S3032R04,S3051R01,unrelated
S3032R04.jpg,S3051R03.jpg,S3032R04,S3051R03,unrelated
S3032R04.jpg,S3052L01.jpg,S3032R04,S3052L01,unrelated
S3032R04.jpg,S3052L02.jpg,S3032R04,S3052L02,unrelated
S3032R04.jpg,S3052L03.jpg,S3032R04,S3052L03,unrelated
S3032R04.jpg,S3052R01.jpg,S3032R04,S3052R01,unrelated
S3032R04.jpg,S3011L07.jpg,S3032R04,S3011L07,unrelated
S3032R04.jpg,S3011R01.jpg,S3032R04,S3011R01,unrelated
S3032R04.jpg,S3011R02.jpg,S3032R04,S3011R02,unrelated
S3032R04.jpg,S3012L07.jpg,S3032R04,S3012L07,unrelated
S3032R04.jpg,S3012L02.jpg,S3032R04,S3012L02,unrelated
S3032R04.jpg,S3012R07.jpg,S3032R04,S3012R07,unrelated
S3032R07.jpg,S3032R06.jpg,S3032R07,S3032R06,genuine
S3032R07.jpg,S3041L03.jpg,S3032R07,S3041L03,unrelated
S3032R07.jpg,S3041L06.jpg,S3032R07,S3041L06,unrelated
S3032R07.jpg,S3041L05.jpg,S3032R07,S3041L05,unrelated
S3032R07.jpg,S3041L04.jpg,S3032R07,S3041L04,unrelated
S3032R07.jpg,S3041R01.jpg,S3032R07,S3041R01,unrelated
S3032R07.jpg,S3042L08.jpg,S3032R07,S3042L08,unrelated
S3032R07.jpg,S3042R07.jpg,S3032R07,S3042R07,unrelated
S3032R07.jpg,S3042R08.jpg,S3032R07,S3042R08,unrelated
S3032R07.jpg,S3002L02.jpg,S3032R07,S3002L02,unrelated
S3032R07.jpg,S3082R05.jpg,S3032R07,S3082R05,unrelated
S3032R07.jpg,S3082R02.jpg,S3032R07,S3082R02,unrelated
S3032R07.jpg,S3082R06.jpg,S3032R07,S3082R06,unrelated
S3032R07.jpg,S3082R01.jpg,S3032R07,S3082R01,unrelated
S3032R07.jpg,S3082R04.jpg,S3032R07,S3082R04,unrelated
S3032R07.jpg,S3061L03.jpg,S3032R07,S3061L03,unrelated
S3032R07.jpg,S3061L02.jpg,S3032R07,S3061L02,unrelated
S3032R07.jpg,S3061R01.jpg,S3032R07,S3061R01,unrelated
S3032R07.jpg,S3061R04.jpg,S3032R07,S3061R04,unrelated
S3032R07.jpg,S3061R07.jpg,S3032R07,S3061R07,unrelated
S3032R07.jpg,S3061R08.jpg,S3032R07,S3061R08,unrelated
S3032R07.jpg,S3062L03.jpg,S3032R07,S3062L03,unrelated
S3032R07.jpg,S3062L05.jpg,S3032R07,S3062L05,unrelated
S3032R07.jpg,S3062L07.jpg,S3032R07,S3062L07,unrelated
S3032R07.jpg,S3062L06.jpg,S3032R07,S3062L06,unrelated
S3032R07.jpg,S3062L04.jpg,S3032R07,S3062L04,unrelated
S3032R07.jpg,S3062R02.jpg,S3032R07,S3062R02,unrelated
S3032R07.jpg,S3062R09.jpg,S3032R07,S3062R09,unrelated
S3032R07.jpg,S3062R10.jpg,S3032R07,S3062R10,unrelated
S3032R07.jpg,S3062R07.jpg,S3032R07,S3062R07,unrelated
S3032R07.jpg,S3062R08.jpg,S3032R07,S3062R08,unrelated
S3032R07.jpg,S3021L04.jpg,S3032R07,S3021L04,unrelated
S3032R07.jpg,S3021L03.jpg,S3032R07,S3021L03,unrelated
S3032R07.jpg,S3021L06.jpg,S3032R07,S3021L06,unrelated
S3032R07.jpg,S3021L02.jpg,S3032R07,S3021L02,unrelated
S3032R07.jpg,S3021L01.jpg,S3032R07,S3021L01,unrelated
S3032R07.jpg,S3021R09.jpg,S3032R07,S3021R09,unrelated
S3032R07.jpg,S3021R01.jpg,S3032R07,S3021R01,unrelated
S3032R07.jpg,S3021R02.jpg,S3032R07,S3021R02,unrelated
S3032R07.jpg,S3021R07.jpg,S3032R07,S3021R07,unrelated
S3032R07.jpg,S3021R06.jpg,S3032R07,S3021R06,unrelated
S3032R07.jpg,S3022L01.jpg,S3032R07,S3022L01,unrelated
S3032R07.jpg,S3022R01.jpg,S3032R07,S3022R01,unrelated
S3032R07.jpg,S3022R02.jpg,S3032R07,S3022R02,unrelated
S3032R07.jpg,S3101L08.jpg,S3032R07,S3101L08,unrelated
S3032R07.jpg,S3101L04.jpg,S3032R07,S3101L04,unrelated
S3032R07.jpg,S3101L02.jpg,S3032R07,S3101L02,unrelated
S3032R07.jpg,S3101L09.jpg,S3032R07,S3101L09,unrelated
S3032R07.jpg,S3101L10.jpg,S3032R07,S3101L10,unrelated
S3032R07.jpg,S3101R07.jpg,S3032R07,S3101R07,unrelated
S3032R07.jpg,S3101R04.jpg,S3032R07,S3101R04,unrelated
S3032R07.jpg,S3101R03.jpg,S3032R07,S3101R03,unrelated
S3032R07.jpg,S3101R02.jpg,S3032R07,S3101R02,unrelated
S3032R07.jpg,S3101R05.jpg,S3032R07,S3101R05,unrelated
S3032R07.jpg,S3102L10.jpg,S3032R07,S3102L10,unrelated
S3032R07.jpg,S3102L09.jpg,S3032R07,S3102L09,unrelated
S3032R07.jpg,S3102L01.jpg,S3032R07,S3102L01,unrelated
S3032R07.jpg,S3102L07.jpg,S3032R07,S3102L07,unrelated
S3032R07.jpg,S3102L06.jpg,S3032R07,S3102L06,unrelated
S3032R07.jpg,S3102R07.jpg,S3032R07,S3102R07,unrelated
S3032R07.jpg,S3102R08.jpg,S3032R07,S3102R08,unrelated
S3032R07.jpg,S3102R02.jpg,S3032R07,S3102R02,unrelated
S3032R07.jpg,S3102R06.jpg,S3032R07,S3102R06,unrelated
S3032R07.jpg,S3102R09.jpg,S3032R07,S3102R09,unrelated
S3032R07.jpg,S3151L06.jpg,S3032R07,S3151L06,unrelated
S3032R07.jpg,S3151L04.jpg,S3032R07,S3151L04,unrelated
S3032R07.jpg,S3151L03.jpg,S3032R07,S3151L03,unrelated
S3032R07.jpg,S3151L05.jpg,S3032R07,S3151L05,unrelated
S3032R07.jpg,S3151L07.jpg,S3032R07,S3151L07,unrelated
S3032R07.jpg,S3151R03.jpg,S3032R07,S3151R03,unrelated
S3032R07.jpg,S3151R01.jpg,S3032R07,S3151R01,unrelated
S3032R07.jpg,S3151R02.jpg,S3032R07,S3151R02,unrelated
S3032R07.jpg,S3152R04.jpg,S3032R07,S3152R04,unrelated
S3032R07.jpg,S3152R03.jpg,S3032R07,S3152R03,unrelated
S3032R07.jpg,S3152R02.jpg,S3032R07,S3152R02,unrelated
S3032R07.jpg,S3152R07.jpg,S3032R07,S3152R07,unrelated
S3032R07.jpg,S3181R04.jpg,S3032R07,S3181R04,unrelated
S3032R07.jpg,S3181R05.jpg,S3032R07,S3181R05,unrelated
S3032R07.jpg,S3182L01.jpg,S3032R07,S3182L01,unrelated
S3032R07.jpg,S3182R05.jpg,S3032R07,S3182R05,unrelated
S3032R07.jpg,S3182R06.jpg,S3032R07,S3182R06,unrelated
S3032R07.jpg,S3182R04.jpg,S3032R07,S3182R04,unrelated
S3032R07.jpg,S3182R03.jpg,S3032R07,S3182R03,unrelated
S3032R07.jpg,S3182R07.jpg,S3032R07,S3182R07,unrelated
S3032R07.jpg,S3141L03.jpg,S3032R07,S3141L03,unrelated
S3032R07.jpg,S3141R07.jpg,S3032R07,S3141R07,unrelated
S3032R07.jpg,S3141R10.jpg,S3032R07,S3141R10,unrelated
S3032R07.jpg,S3141R04.jpg,S3032R07,S3141R04,unrelated
S3032R07.jpg,S3141R06.jpg,S3032R07,S3141R06,unrelated
S3032R07.jpg,S3142L03.jpg,S3032R07,S3142L03,unrelated
S3032R07.jpg,S3142L02.jpg,S3032R07,S3142L02,unrelated
S3032R07.jpg,S3142L04.jpg,S3032R07,S3142L04,unrelated
S3032R07.jpg,S3142L07.jpg,S3032R07,S3142L07,unrelated
S3032R07.jpg,S3142R08.jpg,S3032R07,S3142R08,unrelated
S3032R07.jpg,S3142R07.jpg,S3032R07,S3142R07,unrelated
S3032R07.jpg,S3142R10.jpg,S3032R07,S3142R10,unrelated
S3032R07.jpg,S3142R09.jpg,S3032R07,S3142R09,unrelated
S3032R07.jpg,S3121L03.jpg,S3032R07,S3121L03,unrelated
S3032R07.jpg,S3121L02.jpg,S3032R07,S3121L02,unrelated
S3032R07.jpg,S3121L01.jpg,S3032R07,S3121L01,unrelated
S3032R07.jpg,S3121R04.jpg,S3032R07,S3121R04,unrelated
S3032R07.jpg,S3121R02.jpg,S3032R07,S3121R02,unrelated
S3032R07.jpg,S3121R01.jpg,S3032R07,S3121R01,unrelated
S3032R07.jpg,S3121R08.jpg,S3032R07,S3121R08,unrelated
S3032R07.jpg,S3121R07.jpg,S3032R07,S3121R07,unrelated
S3032R07.jpg,S3122L09.jpg,S3032R07,S3122L09,unrelated
S3032R07.jpg,S3122L07.jpg,S3032R07,S3122L07,unrelated
S3032R07.jpg,S3122L10.jpg,S3032R07,S3122L10,unrelated
S3032R07.jpg,S3122L01.jpg,S3032R07,S3122L01,unrelated
S3032R07.jpg,S3122L05.jpg,S3032R07,S3122L05,unrelated
S3032R07.jpg,S3122R02.jpg,S3032R07,S3122R02,unrelated
S3032R07.jpg,S3122R04.jpg,S3032R07,S3122R04,unrelated
S3032R07.jpg,S3122R03.jpg,S3032R07,S3122R03,unrelated
S3032R07.jpg,S3122R01.jpg,S3032R07,S3122R01,unrelated
S3032R07.jpg,S3051L07.jpg,S3032R07,S3051L07,unrelated
S3032R07.jpg,S3051L08.jpg,S3032R07,S3051L08,unrelated
S3032R07.jpg,S3051L10.jpg,S3032R07,S3051L10,unrelated
S3032R07.jpg,S3051L06.jpg,S3032R07,S3051L06,unrelated
S3032R07.jpg,S3051R01.jpg,S3032R07,S3051R01,unrelated
S3032R07.jpg,S3051R03.jpg,S3032R07,S3051R03,unrelated
S3032R07.jpg,S3052L01.jpg,S3032R07,S3052L01,unrelated
S3032R07.jpg,S3052L02.jpg,S3032R07,S3052L02,unrelated
S3032R07.jpg,S3052L03.jpg,S3032R07,S3052L03,unrelated
S3032R07.jpg,S3052R01.jpg,S3032R07,S3052R01,unrelated
S3032R07.jpg,S3011L07.jpg,S3032R07,S3011L07,unrelated
S3032R07.jpg,S3011R01.jpg,S3032R07,S3011R01,unrelated
S3032R07.jpg,S3011R02.jpg,S3032R07,S3011R02,unrelated
S3032R07.jpg,S3012L07.jpg,S3032R07,S3012L07,unrelated
S3032R07.jpg,S3012L02.jpg,S3032R07,S3012L02,unrelated
S3032R07.jpg,S3012R07.jpg,S3032R07,S3012R07,unrelated
S3032R06.jpg,S3041L03.jpg,S3032R06,S3041L03,unrelated
S3032R06.jpg,S3041L06.jpg,S3032R06,S3041L06,unrelated
S3032R06.jpg,S3041L05.jpg,S3032R06,S3041L05,unrelated
S3032R06.jpg,S3041L04.jpg,S3032R06,S3041L04,unrelated
S3032R06.jpg,S3041R01.jpg,S3032R06,S3041R01,unrelated
S3032R06.jpg,S3042L08.jpg,S3032R06,S3042L08,unrelated
S3032R06.jpg,S3042R07.jpg,S3032R06,S3042R07,unrelated
S3032R06.jpg,S3042R08.jpg,S3032R06,S3042R08,unrelated
S3032R06.jpg,S3002L02.jpg,S3032R06,S3002L02,unrelated
S3032R06.jpg,S3082R05.jpg,S3032R06,S3082R05,unrelated
S3032R06.jpg,S3082R02.jpg,S3032R06,S3082R02,unrelated
S3032R06.jpg,S3082R06.jpg,S3032R06,S3082R06,unrelated
S3032R06.jpg,S3082R01.jpg,S3032R06,S3082R01,unrelated
S3032R06.jpg,S3082R04.jpg,S3032R06,S3082R04,unrelated
S3032R06.jpg,S3061L03.jpg,S3032R06,S3061L03,unrelated
S3032R06.jpg,S3061L02.jpg,S3032R06,S3061L02,unrelated
S3032R06.jpg,S3061R01.jpg,S3032R06,S3061R01,unrelated
S3032R06.jpg,S3061R04.jpg,S3032R06,S3061R04,unrelated
S3032R06.jpg,S3061R07.jpg,S3032R06,S3061R07,unrelated
S3032R06.jpg,S3061R08.jpg,S3032R06,S3061R08,unrelated
S3032R06.jpg,S3062L03.jpg,S3032R06,S3062L03,unrelated
S3032R06.jpg,S3062L05.jpg,S3032R06,S3062L05,unrelated
S3032R06.jpg,S3062L07.jpg,S3032R06,S3062L07,unrelated
S3032R06.jpg,S3062L06.jpg,S3032R06,S3062L06,unrelated
S3032R06.jpg,S3062L04.jpg,S3032R06,S3062L04,unrelated
S3032R06.jpg,S3062R02.jpg,S3032R06,S3062R02,unrelated
S3032R06.jpg,S3062R09.jpg,S3032R06,S3062R09,unrelated
S3032R06.jpg,S3062R10.jpg,S3032R06,S3062R10,unrelated
S3032R06.jpg,S3062R07.jpg,S3032R06,S3062R07,unrelated
S3032R06.jpg,S3062R08.jpg,S3032R06,S3062R08,unrelated
S3032R06.jpg,S3021L04.jpg,S3032R06,S3021L04,unrelated
S3032R06.jpg,S3021L03.jpg,S3032R06,S3021L03,unrelated
S3032R06.jpg,S3021L06.jpg,S3032R06,S3021L06,unrelated
S3032R06.jpg,S3021L02.jpg,S3032R06,S3021L02,unrelated
S3032R06.jpg,S3021L01.jpg,S3032R06,S3021L01,unrelated
S3032R06.jpg,S3021R09.jpg,S3032R06,S3021R09,unrelated
S3032R06.jpg,S3021R01.jpg,S3032R06,S3021R01,unrelated
S3032R06.jpg,S3021R02.jpg,S3032R06,S3021R02,unrelated
S3032R06.jpg,S3021R07.jpg,S3032R06,S3021R07,unrelated
S3032R06.jpg,S3021R06.jpg,S3032R06,S3021R06,unrelated
S3032R06.jpg,S3022L01.jpg,S3032R06,S3022L01,unrelated
S3032R06.jpg,S3022R01.jpg,S3032R06,S3022R01,unrelated
S3032R06.jpg,S3022R02.jpg,S3032R06,S3022R02,unrelated
S3032R06.jpg,S3101L08.jpg,S3032R06,S3101L08,unrelated
S3032R06.jpg,S3101L04.jpg,S3032R06,S3101L04,unrelated
S3032R06.jpg,S3101L02.jpg,S3032R06,S3101L02,unrelated
S3032R06.jpg,S3101L09.jpg,S3032R06,S3101L09,unrelated
S3032R06.jpg,S3101L10.jpg,S3032R06,S3101L10,unrelated
S3032R06.jpg,S3101R07.jpg,S3032R06,S3101R07,unrelated
S3032R06.jpg,S3101R04.jpg,S3032R06,S3101R04,unrelated
S3032R06.jpg,S3101R03.jpg,S3032R06,S3101R03,unrelated
S3032R06.jpg,S3101R02.jpg,S3032R06,S3101R02,unrelated
S3032R06.jpg,S3101R05.jpg,S3032R06,S3101R05,unrelated
S3032R06.jpg,S3102L10.jpg,S3032R06,S3102L10,unrelated
S3032R06.jpg,S3102L09.jpg,S3032R06,S3102L09,unrelated
S3032R06.jpg,S3102L01.jpg,S3032R06,S3102L01,unrelated
S3032R06.jpg,S3102L07.jpg,S3032R06,S3102L07,unrelated
S3032R06.jpg,S3102L06.jpg,S3032R06,S3102L06,unrelated
S3032R06.jpg,S3102R07.jpg,S3032R06,S3102R07,unrelated
S3032R06.jpg,S3102R08.jpg,S3032R06,S3102R08,unrelated
S3032R06.jpg,S3102R02.jpg,S3032R06,S3102R02,unrelated
S3032R06.jpg,S3102R06.jpg,S3032R06,S3102R06,unrelated
S3032R06.jpg,S3102R09.jpg,S3032R06,S3102R09,unrelated
S3032R06.jpg,S3151L06.jpg,S3032R06,S3151L06,unrelated
S3032R06.jpg,S3151L04.jpg,S3032R06,S3151L04,unrelated
S3032R06.jpg,S3151L03.jpg,S3032R06,S3151L03,unrelated
S3032R06.jpg,S3151L05.jpg,S3032R06,S3151L05,unrelated
S3032R06.jpg,S3151L07.jpg,S3032R06,S3151L07,unrelated
S3032R06.jpg,S3151R03.jpg,S3032R06,S3151R03,unrelated
S3032R06.jpg,S3151R01.jpg,S3032R06,S3151R01,unrelated
S3032R06.jpg,S3151R02.jpg,S3032R06,S3151R02,unrelated
S3032R06.jpg,S3152R04.jpg,S3032R06,S3152R04,unrelated
S3032R06.jpg,S3152R03.jpg,S3032R06,S3152R03,unrelated
S3032R06.jpg,S3152R02.jpg,S3032R06,S3152R02,unrelated
S3032R06.jpg,S3152R07.jpg,S3032R06,S3152R07,unrelated
S3032R06.jpg,S3181R04.jpg,S3032R06,S3181R04,unrelated
S3032R06.jpg,S3181R05.jpg,S3032R06,S3181R05,unrelated
S3032R06.jpg,S3182L01.jpg,S3032R06,S3182L01,unrelated
S3032R06.jpg,S3182R05.jpg,S3032R06,S3182R05,unrelated
S3032R06.jpg,S3182R06.jpg,S3032R06,S3182R06,unrelated
S3032R06.jpg,S3182R04.jpg,S3032R06,S3182R04,unrelated
S3032R06.jpg,S3182R03.jpg,S3032R06,S3182R03,unrelated
S3032R06.jpg,S3182R07.jpg,S3032R06,S3182R07,unrelated
S3032R06.jpg,S3141L03.jpg,S3032R06,S3141L03,unrelated
S3032R06.jpg,S3141R07.jpg,S3032R06,S3141R07,unrelated
S3032R06.jpg,S3141R10.jpg,S3032R06,S3141R10,unrelated
S3032R06.jpg,S3141R04.jpg,S3032R06,S3141R04,unrelated
S3032R06.jpg,S3141R06.jpg,S3032R06,S3141R06,unrelated
S3032R06.jpg,S3142L03.jpg,S3032R06,S3142L03,unrelated
S3032R06.jpg,S3142L02.jpg,S3032R06,S3142L02,unrelated
S3032R06.jpg,S3142L04.jpg,S3032R06,S3142L04,unrelated
S3032R06.jpg,S3142L07.jpg,S3032R06,S3142L07,unrelated
S3032R06.jpg,S3142R08.jpg,S3032R06,S3142R08,unrelated
S3032R06.jpg,S3142R07.jpg,S3032R06,S3142R07,unrelated
S3032R06.jpg,S3142R10.jpg,S3032R06,S3142R10,unrelated
S3032R06.jpg,S3142R09.jpg,S3032R06,S3142R09,unrelated
S3032R06.jpg,S3121L03.jpg,S3032R06,S3121L03,unrelated
S3032R06.jpg,S3121L02.jpg,S3032R06,S3121L02,unrelated
S3032R06.jpg,S3121L01.jpg,S3032R06,S3121L01,unrelated
S3032R06.jpg,S3121R04.jpg,S3032R06,S3121R04,unrelated
S3032R06.jpg,S3121R02.jpg,S3032R06,S3121R02,unrelated
S3032R06.jpg,S3121R01.jpg,S3032R06,S3121R01,unrelated
S3032R06.jpg,S3121R08.jpg,S3032R06,S3121R08,unrelated
S3032R06.jpg,S3121R07.jpg,S3032R06,S3121R07,unrelated
S3032R06.jpg,S3122L09.jpg,S3032R06,S3122L09,unrelated
S3032R06.jpg,S3122L07.jpg,S3032R06,S3122L07,unrelated
S3032R06.jpg,S3122L10.jpg,S3032R06,S3122L10,unrelated
S3032R06.jpg,S3122L01.jpg,S3032R06,S3122L01,unrelated
S3032R06.jpg,S3122L05.jpg,S3032R06,S3122L05,unrelated
S3032R06.jpg,S3122R02.jpg,S3032R06,S3122R02,unrelated
S3032R06.jpg,S3122R04.jpg,S3032R06,S3122R04,unrelated
S3032R06.jpg,S3122R03.jpg,S3032R06,S3122R03,unrelated
S3032R06.jpg,S3122R01.jpg,S3032R06,S3122R01,unrelated
S3032R06.jpg,S3051L07.jpg,S3032R06,S3051L07,unrelated
S3032R06.jpg,S3051L08.jpg,S3032R06,S3051L08,unrelated
S3032R06.jpg,S3051L10.jpg,S3032R06,S3051L10,unrelated
S3032R06.jpg,S3051L06.jpg,S3032R06,S3051L06,unrelated
S3032R06.jpg,S3051R01.jpg,S3032R06,S3051R01,unrelated
S3032R06.jpg,S3051R03.jpg,S3032R06,S3051R03,unrelated
S3032R06.jpg,S3052L01.jpg,S3032R06,S3052L01,unrelated
S3032R06.jpg,S3052L02.jpg,S3032R06,S3052L02,unrelated
S3032R06.jpg,S3052L03.jpg,S3032R06,S3052L03,unrelated
S3032R06.jpg,S3052R01.jpg,S3032R06,S3052R01,unrelated
S3032R06.jpg,S3011L07.jpg,S3032R06,S3011L07,unrelated
S3032R06.jpg,S3011R01.jpg,S3032R06,S3011R01,unrelated
S3032R06.jpg,S3011R02.jpg,S3032R06,S3011R02,unrelated
S3032R06.jpg,S3012L07.jpg,S3032R06,S3012L07,unrelated
S3032R06.jpg,S3012L02.jpg,S3032R06,S3012L02,unrelated
S3032R06.jpg,S3012R07.jpg,S3032R06,S3012R07,unrelated
S3041L03.jpg,S3041L06.jpg,S3041L03,S3041L06,genuine
S3041L03.jpg,S3041L05.jpg,S3041L03,S3041L05,genuine
S3041L03.jpg,S3041L04.jpg,S3041L03,S3041L04,genuine
S3041L03.jpg,S3041R01.jpg,S3041L03,S3041R01,same_subject_different_eye
S3041L03.jpg,S3042L08.jpg,S3041L03,S3042L08,twin_same_eye
S3041L03.jpg,S3042R07.jpg,S3041L03,S3042R07,twin_cross_eye
S3041L03.jpg,S3042R08.jpg,S3041L03,S3042R08,twin_cross_eye
S3041L03.jpg,S3002L02.jpg,S3041L03,S3002L02,unrelated
S3041L03.jpg,S3082R05.jpg,S3041L03,S3082R05,unrelated
S3041L03.jpg,S3082R02.jpg,S3041L03,S3082R02,unrelated
S3041L03.jpg,S3082R06.jpg,S3041L03,S3082R06,unrelated
S3041L03.jpg,S3082R01.jpg,S3041L03,S3082R01,unrelated
S3041L03.jpg,S3082R04.jpg,S3041L03,S3082R04,unrelated
S3041L03.jpg,S3061L03.jpg,S3041L03,S3061L03,unrelated
S3041L03.jpg,S3061L02.jpg,S3041L03,S3061L02,unrelated
S3041L03.jpg,S3061R01.jpg,S3041L03,S3061R01,unrelated
S3041L03.jpg,S3061R04.jpg,S3041L03,S3061R04,unrelated
S3041L03.jpg,S3061R07.jpg,S3041L03,S3061R07,unrelated
S3041L03.jpg,S3061R08.jpg,S3041L03,S3061R08,unrelated
S3041L03.jpg,S3062L03.jpg,S3041L03,S3062L03,unrelated
S3041L03.jpg,S3062L05.jpg,S3041L03,S3062L05,unrelated
S3041L03.jpg,S3062L07.jpg,S3041L03,S3062L07,unrelated
S3041L03.jpg,S3062L06.jpg,S3041L03,S3062L06,unrelated
S3041L03.jpg,S3062L04.jpg,S3041L03,S3062L04,unrelated
S3041L03.jpg,S3062R02.jpg,S3041L03,S3062R02,unrelated
S3041L03.jpg,S3062R09.jpg,S3041L03,S3062R09,unrelated
S3041L03.jpg,S3062R10.jpg,S3041L03,S3062R10,unrelated
S3041L03.jpg,S3062R07.jpg,S3041L03,S3062R07,unrelated
S3041L03.jpg,S3062R08.jpg,S3041L03,S3062R08,unrelated
S3041L03.jpg,S3021L04.jpg,S3041L03,S3021L04,unrelated
S3041L03.jpg,S3021L03.jpg,S3041L03,S3021L03,unrelated
S3041L03.jpg,S3021L06.jpg,S3041L03,S3021L06,unrelated
S3041L03.jpg,S3021L02.jpg,S3041L03,S3021L02,unrelated
S3041L03.jpg,S3021L01.jpg,S3041L03,S3021L01,unrelated
S3041L03.jpg,S3021R09.jpg,S3041L03,S3021R09,unrelated
S3041L03.jpg,S3021R01.jpg,S3041L03,S3021R01,unrelated
S3041L03.jpg,S3021R02.jpg,S3041L03,S3021R02,unrelated
S3041L03.jpg,S3021R07.jpg,S3041L03,S3021R07,unrelated
S3041L03.jpg,S3021R06.jpg,S3041L03,S3021R06,unrelated
S3041L03.jpg,S3022L01.jpg,S3041L03,S3022L01,unrelated
S3041L03.jpg,S3022R01.jpg,S3041L03,S3022R01,unrelated
S3041L03.jpg,S3022R02.jpg,S3041L03,S3022R02,unrelated
S3041L03.jpg,S3101L08.jpg,S3041L03,S3101L08,unrelated
S3041L03.jpg,S3101L04.jpg,S3041L03,S3101L04,unrelated
S3041L03.jpg,S3101L02.jpg,S3041L03,S3101L02,unrelated
S3041L03.jpg,S3101L09.jpg,S3041L03,S3101L09,unrelated
S3041L03.jpg,S3101L10.jpg,S3041L03,S3101L10,unrelated
S3041L03.jpg,S3101R07.jpg,S3041L03,S3101R07,unrelated
S3041L03.jpg,S3101R04.jpg,S3041L03,S3101R04,unrelated
S3041L03.jpg,S3101R03.jpg,S3041L03,S3101R03,unrelated
S3041L03.jpg,S3101R02.jpg,S3041L03,S3101R02,unrelated
S3041L03.jpg,S3101R05.jpg,S3041L03,S3101R05,unrelated
S3041L03.jpg,S3102L10.jpg,S3041L03,S3102L10,unrelated
S3041L03.jpg,S3102L09.jpg,S3041L03,S3102L09,unrelated
S3041L03.jpg,S3102L01.jpg,S3041L03,S3102L01,unrelated
S3041L03.jpg,S3102L07.jpg,S3041L03,S3102L07,unrelated
S3041L03.jpg,S3102L06.jpg,S3041L03,S3102L06,unrelated
S3041L03.jpg,S3102R07.jpg,S3041L03,S3102R07,unrelated
S3041L03.jpg,S3102R08.jpg,S3041L03,S3102R08,unrelated
S3041L03.jpg,S3102R02.jpg,S3041L03,S3102R02,unrelated
S3041L03.jpg,S3102R06.jpg,S3041L03,S3102R06,unrelated
S3041L03.jpg,S3102R09.jpg,S3041L03,S3102R09,unrelated
S3041L03.jpg,S3151L06.jpg,S3041L03,S3151L06,unrelated
S3041L03.jpg,S3151L04.jpg,S3041L03,S3151L04,unrelated
S3041L03.jpg,S3151L03.jpg,S3041L03,S3151L03,unrelated
S3041L03.jpg,S3151L05.jpg,S3041L03,S3151L05,unrelated
S3041L03.jpg,S3151L07.jpg,S3041L03,S3151L07,unrelated
S3041L03.jpg,S3151R03.jpg,S3041L03,S3151R03,unrelated
S3041L03.jpg,S3151R01.jpg,S3041L03,S3151R01,unrelated
S3041L03.jpg,S3151R02.jpg,S3041L03,S3151R02,unrelated
S3041L03.jpg,S3152R04.jpg,S3041L03,S3152R04,unrelated
S3041L03.jpg,S3152R03.jpg,S3041L03,S3152R03,unrelated
S3041L03.jpg,S3152R02.jpg,S3041L03,S3152R02,unrelated
S3041L03.jpg,S3152R07.jpg,S3041L03,S3152R07,unrelated
S3041L03.jpg,S3181R04.jpg,S3041L03,S3181R04,unrelated
S3041L03.jpg,S3181R05.jpg,S3041L03,S3181R05,unrelated
S3041L03.jpg,S3182L01.jpg,S3041L03,S3182L01,unrelated
S3041L03.jpg,S3182R05.jpg,S3041L03,S3182R05,unrelated
S3041L03.jpg,S3182R06.jpg,S3041L03,S3182R06,unrelated
S3041L03.jpg,S3182R04.jpg,S3041L03,S3182R04,unrelated
S3041L03.jpg,S3182R03.jpg,S3041L03,S3182R03,unrelated
S3041L03.jpg,S3182R07.jpg,S3041L03,S3182R07,unrelated
S3041L03.jpg,S3141L03.jpg,S3041L03,S3141L03,unrelated
S3041L03.jpg,S3141R07.jpg,S3041L03,S3141R07,unrelated
S3041L03.jpg,S3141R10.jpg,S3041L03,S3141R10,unrelated
S3041L03.jpg,S3141R04.jpg,S3041L03,S3141R04,unrelated
S3041L03.jpg,S3141R06.jpg,S3041L03,S3141R06,unrelated
S3041L03.jpg,S3142L03.jpg,S3041L03,S3142L03,unrelated
S3041L03.jpg,S3142L02.jpg,S3041L03,S3142L02,unrelated
S3041L03.jpg,S3142L04.jpg,S3041L03,S3142L04,unrelated
S3041L03.jpg,S3142L07.jpg,S3041L03,S3142L07,unrelated
S3041L03.jpg,S3142R08.jpg,S3041L03,S3142R08,unrelated
S3041L03.jpg,S3142R07.jpg,S3041L03,S3142R07,unrelated
S3041L03.jpg,S3142R10.jpg,S3041L03,S3142R10,unrelated
S3041L03.jpg,S3142R09.jpg,S3041L03,S3142R09,unrelated
S3041L03.jpg,S3121L03.jpg,S3041L03,S3121L03,unrelated
S3041L03.jpg,S3121L02.jpg,S3041L03,S3121L02,unrelated
S3041L03.jpg,S3121L01.jpg,S3041L03,S3121L01,unrelated
S3041L03.jpg,S3121R04.jpg,S3041L03,S3121R04,unrelated
S3041L03.jpg,S3121R02.jpg,S3041L03,S3121R02,unrelated
S3041L03.jpg,S3121R01.jpg,S3041L03,S3121R01,unrelated
S3041L03.jpg,S3121R08.jpg,S3041L03,S3121R08,unrelated
S3041L03.jpg,S3121R07.jpg,S3041L03,S3121R07,unrelated
S3041L03.jpg,S3122L09.jpg,S3041L03,S3122L09,unrelated
S3041L03.jpg,S3122L07.jpg,S3041L03,S3122L07,unrelated
S3041L03.jpg,S3122L10.jpg,S3041L03,S3122L10,unrelated
S3041L03.jpg,S3122L01.jpg,S3041L03,S3122L01,unrelated
S3041L03.jpg,S3122L05.jpg,S3041L03,S3122L05,unrelated
S3041L03.jpg,S3122R02.jpg,S3041L03,S3122R02,unrelated
S3041L03.jpg,S3122R04.jpg,S3041L03,S3122R04,unrelated
S3041L03.jpg,S3122R03.jpg,S3041L03,S3122R03,unrelated
S3041L03.jpg,S3122R01.jpg,S3041L03,S3122R01,unrelated
S3041L03.jpg,S3051L07.jpg,S3041L03,S3051L07,unrelated
S3041L03.jpg,S3051L08.jpg,S3041L03,S3051L08,unrelated
S3041L03.jpg,S3051L10.jpg,S3041L03,S3051L10,unrelated
S3041L03.jpg,S3051L06.jpg,S3041L03,S3051L06,unrelated
S3041L03.jpg,S3051R01.jpg,S3041L03,S3051R01,unrelated
S3041L03.jpg,S3051R03.jpg,S3041L03,S3051R03,unrelated
S3041L03.jpg,S3052L01.jpg,S3041L03,S3052L01,unrelated
S3041L03.jpg,S3052L02.jpg,S3041L03,S3052L02,unrelated
S3041L03.jpg,S3052L03.jpg,S3041L03,S3052L03,unrelated
S3041L03.jpg,S3052R01.jpg,S3041L03,S3052R01,unrelated
S3041L03.jpg,S3011L07.jpg,S3041L03,S3011L07,unrelated
S3041L03.jpg,S3011R01.jpg,S3041L03,S3011R01,unrelated
S3041L03.jpg,S3011R02.jpg,S3041L03,S3011R02,unrelated
S3041L03.jpg,S3012L07.jpg,S3041L03,S3012L07,unrelated
S3041L03.jpg,S3012L02.jpg,S3041L03,S3012L02,unrelated
S3041L03.jpg,S3012R07.jpg,S3041L03,S3012R07,unrelated
S3041L06.jpg,S3041L05.jpg,S3041L06,S3041L05,genuine
S3041L06.jpg,S3041L04.jpg,S3041L06,S3041L04,genuine
S3041L06.jpg,S3041R01.jpg,S3041L06,S3041R01,same_subject_different_eye
S3041L06.jpg,S3042L08.jpg,S3041L06,S3042L08,twin_same_eye
S3041L06.jpg,S3042R07.jpg,S3041L06,S3042R07,twin_cross_eye
S3041L06.jpg,S3042R08.jpg,S3041L06,S3042R08,twin_cross_eye
S3041L06.jpg,S3002L02.jpg,S3041L06,S3002L02,unrelated
S3041L06.jpg,S3082R05.jpg,S3041L06,S3082R05,unrelated
S3041L06.jpg,S3082R02.jpg,S3041L06,S3082R02,unrelated
S3041L06.jpg,S3082R06.jpg,S3041L06,S3082R06,unrelated
S3041L06.jpg,S3082R01.jpg,S3041L06,S3082R01,unrelated
S3041L06.jpg,S3082R04.jpg,S3041L06,S3082R04,unrelated
S3041L06.jpg,S3061L03.jpg,S3041L06,S3061L03,unrelated
S3041L06.jpg,S3061L02.jpg,S3041L06,S3061L02,unrelated
S3041L06.jpg,S3061R01.jpg,S3041L06,S3061R01,unrelated
S3041L06.jpg,S3061R04.jpg,S3041L06,S3061R04,unrelated
S3041L06.jpg,S3061R07.jpg,S3041L06,S3061R07,unrelated
S3041L06.jpg,S3061R08.jpg,S3041L06,S3061R08,unrelated
S3041L06.jpg,S3062L03.jpg,S3041L06,S3062L03,unrelated
S3041L06.jpg,S3062L05.jpg,S3041L06,S3062L05,unrelated
S3041L06.jpg,S3062L07.jpg,S3041L06,S3062L07,unrelated
S3041L06.jpg,S3062L06.jpg,S3041L06,S3062L06,unrelated
S3041L06.jpg,S3062L04.jpg,S3041L06,S3062L04,unrelated
S3041L06.jpg,S3062R02.jpg,S3041L06,S3062R02,unrelated
S3041L06.jpg,S3062R09.jpg,S3041L06,S3062R09,unrelated
S3041L06.jpg,S3062R10.jpg,S3041L06,S3062R10,unrelated
S3041L06.jpg,S3062R07.jpg,S3041L06,S3062R07,unrelated
S3041L06.jpg,S3062R08.jpg,S3041L06,S3062R08,unrelated
S3041L06.jpg,S3021L04.jpg,S3041L06,S3021L04,unrelated
S3041L06.jpg,S3021L03.jpg,S3041L06,S3021L03,unrelated
S3041L06.jpg,S3021L06.jpg,S3041L06,S3021L06,unrelated
S3041L06.jpg,S3021L02.jpg,S3041L06,S3021L02,unrelated
S3041L06.jpg,S3021L01.jpg,S3041L06,S3021L01,unrelated
S3041L06.jpg,S3021R09.jpg,S3041L06,S3021R09,unrelated
S3041L06.jpg,S3021R01.jpg,S3041L06,S3021R01,unrelated
S3041L06.jpg,S3021R02.jpg,S3041L06,S3021R02,unrelated
S3041L06.jpg,S3021R07.jpg,S3041L06,S3021R07,unrelated
S3041L06.jpg,S3021R06.jpg,S3041L06,S3021R06,unrelated
S3041L06.jpg,S3022L01.jpg,S3041L06,S3022L01,unrelated
S3041L06.jpg,S3022R01.jpg,S3041L06,S3022R01,unrelated
S3041L06.jpg,S3022R02.jpg,S3041L06,S3022R02,unrelated
S3041L06.jpg,S3101L08.jpg,S3041L06,S3101L08,unrelated
S3041L06.jpg,S3101L04.jpg,S3041L06,S3101L04,unrelated
S3041L06.jpg,S3101L02.jpg,S3041L06,S3101L02,unrelated
S3041L06.jpg,S3101L09.jpg,S3041L06,S3101L09,unrelated
S3041L06.jpg,S3101L10.jpg,S3041L06,S3101L10,unrelated
S3041L06.jpg,S3101R07.jpg,S3041L06,S3101R07,unrelated
S3041L06.jpg,S3101R04.jpg,S3041L06,S3101R04,unrelated
S3041L06.jpg,S3101R03.jpg,S3041L06,S3101R03,unrelated
S3041L06.jpg,S3101R02.jpg,S3041L06,S3101R02,unrelated
S3041L06.jpg,S3101R05.jpg,S3041L06,S3101R05,unrelated
S3041L06.jpg,S3102L10.jpg,S3041L06,S3102L10,unrelated
S3041L06.jpg,S3102L09.jpg,S3041L06,S3102L09,unrelated
S3041L06.jpg,S3102L01.jpg,S3041L06,S3102L01,unrelated
S3041L06.jpg,S3102L07.jpg,S3041L06,S3102L07,unrelated
S3041L06.jpg,S3102L06.jpg,S3041L06,S3102L06,unrelated
S3041L06.jpg,S3102R07.jpg,S3041L06,S3102R07,unrelated
S3041L06.jpg,S3102R08.jpg,S3041L06,S3102R08,unrelated
S3041L06.jpg,S3102R02.jpg,S3041L06,S3102R02,unrelated
S3041L06.jpg,S3102R06.jpg,S3041L06,S3102R06,unrelated
S3041L06.jpg,S3102R09.jpg,S3041L06,S3102R09,unrelated
S3041L06.jpg,S3151L06.jpg,S3041L06,S3151L06,unrelated
S3041L06.jpg,S3151L04.jpg,S3041L06,S3151L04,unrelated
S3041L06.jpg,S3151L03.jpg,S3041L06,S3151L03,unrelated
S3041L06.jpg,S3151L05.jpg,S3041L06,S3151L05,unrelated
S3041L06.jpg,S3151L07.jpg,S3041L06,S3151L07,unrelated
S3041L06.jpg,S3151R03.jpg,S3041L06,S3151R03,unrelated
S3041L06.jpg,S3151R01.jpg,S3041L06,S3151R01,unrelated
S3041L06.jpg,S3151R02.jpg,S3041L06,S3151R02,unrelated
S3041L06.jpg,S3152R04.jpg,S3041L06,S3152R04,unrelated
S3041L06.jpg,S3152R03.jpg,S3041L06,S3152R03,unrelated
S3041L06.jpg,S3152R02.jpg,S3041L06,S3152R02,unrelated
S3041L06.jpg,S3152R07.jpg,S3041L06,S3152R07,unrelated
S3041L06.jpg,S3181R04.jpg,S3041L06,S3181R04,unrelated
S3041L06.jpg,S3181R05.jpg,S3041L06,S3181R05,unrelated
S3041L06.jpg,S3182L01.jpg,S3041L06,S3182L01,unrelated
S3041L06.jpg,S3182R05.jpg,S3041L06,S3182R05,unrelated
S3041L06.jpg,S3182R06.jpg,S3041L06,S3182R06,unrelated
S3041L06.jpg,S3182R04.jpg,S3041L06,S3182R04,unrelated
S3041L06.jpg,S3182R03.jpg,S3041L06,S3182R03,unrelated
S3041L06.jpg,S3182R07.jpg,S3041L06,S3182R07,unrelated
S3041L06.jpg,S3141L03.jpg,S3041L06,S3141L03,unrelated
S3041L06.jpg,S3141R07.jpg,S3041L06,S3141R07,unrelated
S3041L06.jpg,S3141R10.jpg,S3041L06,S3141R10,unrelated
S3041L06.jpg,S3141R04.jpg,S3041L06,S3141R04,unrelated
S3041L06.jpg,S3141R06.jpg,S3041L06,S3141R06,unrelated
S3041L06.jpg,S3142L03.jpg,S3041L06,S3142L03,unrelated
S3041L06.jpg,S3142L02.jpg,S3041L06,S3142L02,unrelated
S3041L06.jpg,S3142L04.jpg,S3041L06,S3142L04,unrelated
S3041L06.jpg,S3142L07.jpg,S3041L06,S3142L07,unrelated
S3041L06.jpg,S3142R08.jpg,S3041L06,S3142R08,unrelated
S3041L06.jpg,S3142R07.jpg,S3041L06,S3142R07,unrelated
S3041L06.jpg,S3142R10.jpg,S3041L06,S3142R10,unrelated
S3041L06.jpg,S3142R09.jpg,S3041L06,S3142R09,unrelated
S3041L06.jpg,S3121L03.jpg,S3041L06,S3121L03,unrelated
S3041L06.jpg,S3121L02.jpg,S3041L06,S3121L02,unrelated
S3041L06.jpg,S3121L01.jpg,S3041L06,S3121L01,unrelated
S3041L06.jpg,S3121R04.jpg,S3041L06,S3121R04,unrelated
S3041L06.jpg,S3121R02.jpg,S3041L06,S3121R02,unrelated
S3041L06.jpg,S3121R01.jpg,S3041L06,S3121R01,unrelated
S3041L06.jpg,S3121R08.jpg,S3041L06,S3121R08,unrelated
S3041L06.jpg,S3121R07.jpg,S3041L06,S3121R07,unrelated
S3041L06.jpg,S3122L09.jpg,S3041L06,S3122L09,unrelated
S3041L06.jpg,S3122L07.jpg,S3041L06,S3122L07,unrelated
S3041L06.jpg,S3122L10.jpg,S3041L06,S3122L10,unrelated
S3041L06.jpg,S3122L01.jpg,S3041L06,S3122L01,unrelated
S3041L06.jpg,S3122L05.jpg,S3041L06,S3122L05,unrelated
S3041L06.jpg,S3122R02.jpg,S3041L06,S3122R02,unrelated
S3041L06.jpg,S3122R04.jpg,S3041L06,S3122R04,unrelated
S3041L06.jpg,S3122R03.jpg,S3041L06,S3122R03,unrelated
S3041L06.jpg,S3122R01.jpg,S3041L06,S3122R01,unrelated
S3041L06.jpg,S3051L07.jpg,S3041L06,S3051L07,unrelated
S3041L06.jpg,S3051L08.jpg,S3041L06,S3051L08,unrelated
S3041L06.jpg,S3051L10.jpg,S3041L06,S3051L10,unrelated
S3041L06.jpg,S3051L06.jpg,S3041L06,S3051L06,unrelated
S3041L06.jpg,S3051R01.jpg,S3041L06,S3051R01,unrelated
S3041L06.jpg,S3051R03.jpg,S3041L06,S3051R03,unrelated
S3041L06.jpg,S3052L01.jpg,S3041L06,S3052L01,unrelated
S3041L06.jpg,S3052L02.jpg,S3041L06,S3052L02,unrelated
S3041L06.jpg,S3052L03.jpg,S3041L06,S3052L03,unrelated
S3041L06.jpg,S3052R01.jpg,S3041L06,S3052R01,unrelated
S3041L06.jpg,S3011L07.jpg,S3041L06,S3011L07,unrelated
S3041L06.jpg,S3011R01.jpg,S3041L06,S3011R01,unrelated
S3041L06.jpg,S3011R02.jpg,S3041L06,S3011R02,unrelated
S3041L06.jpg,S3012L07.jpg,S3041L06,S3012L07,unrelated
S3041L06.jpg,S3012L02.jpg,S3041L06,S3012L02,unrelated
S3041L06.jpg,S3012R07.jpg,S3041L06,S3012R07,unrelated
S3041L05.jpg,S3041L04.jpg,S3041L05,S3041L04,genuine
S3041L05.jpg,S3041R01.jpg,S3041L05,S3041R01,same_subject_different_eye
S3041L05.jpg,S3042L08.jpg,S3041L05,S3042L08,twin_same_eye
S3041L05.jpg,S3042R07.jpg,S3041L05,S3042R07,twin_cross_eye
S3041L05.jpg,S3042R08.jpg,S3041L05,S3042R08,twin_cross_eye
S3041L05.jpg,S3002L02.jpg,S3041L05,S3002L02,unrelated
S3041L05.jpg,S3082R05.jpg,S3041L05,S3082R05,unrelated
S3041L05.jpg,S3082R02.jpg,S3041L05,S3082R02,unrelated
S3041L05.jpg,S3082R06.jpg,S3041L05,S3082R06,unrelated
S3041L05.jpg,S3082R01.jpg,S3041L05,S3082R01,unrelated
S3041L05.jpg,S3082R04.jpg,S3041L05,S3082R04,unrelated
S3041L05.jpg,S3061L03.jpg,S3041L05,S3061L03,unrelated
S3041L05.jpg,S3061L02.jpg,S3041L05,S3061L02,unrelated
S3041L05.jpg,S3061R01.jpg,S3041L05,S3061R01,unrelated
S3041L05.jpg,S3061R04.jpg,S3041L05,S3061R04,unrelated
S3041L05.jpg,S3061R07.jpg,S3041L05,S3061R07,unrelated
S3041L05.jpg,S3061R08.jpg,S3041L05,S3061R08,unrelated
S3041L05.jpg,S3062L03.jpg,S3041L05,S3062L03,unrelated
S3041L05.jpg,S3062L05.jpg,S3041L05,S3062L05,unrelated
S3041L05.jpg,S3062L07.jpg,S3041L05,S3062L07,unrelated
S3041L05.jpg,S3062L06.jpg,S3041L05,S3062L06,unrelated
S3041L05.jpg,S3062L04.jpg,S3041L05,S3062L04,unrelated
S3041L05.jpg,S3062R02.jpg,S3041L05,S3062R02,unrelated
S3041L05.jpg,S3062R09.jpg,S3041L05,S3062R09,unrelated
S3041L05.jpg,S3062R10.jpg,S3041L05,S3062R10,unrelated
S3041L05.jpg,S3062R07.jpg,S3041L05,S3062R07,unrelated
S3041L05.jpg,S3062R08.jpg,S3041L05,S3062R08,unrelated
S3041L05.jpg,S3021L04.jpg,S3041L05,S3021L04,unrelated
S3041L05.jpg,S3021L03.jpg,S3041L05,S3021L03,unrelated
S3041L05.jpg,S3021L06.jpg,S3041L05,S3021L06,unrelated
S3041L05.jpg,S3021L02.jpg,S3041L05,S3021L02,unrelated
S3041L05.jpg,S3021L01.jpg,S3041L05,S3021L01,unrelated
S3041L05.jpg,S3021R09.jpg,S3041L05,S3021R09,unrelated
S3041L05.jpg,S3021R01.jpg,S3041L05,S3021R01,unrelated
S3041L05.jpg,S3021R02.jpg,S3041L05,S3021R02,unrelated
S3041L05.jpg,S3021R07.jpg,S3041L05,S3021R07,unrelated
S3041L05.jpg,S3021R06.jpg,S3041L05,S3021R06,unrelated
S3041L05.jpg,S3022L01.jpg,S3041L05,S3022L01,unrelated
S3041L05.jpg,S3022R01.jpg,S3041L05,S3022R01,unrelated
S3041L05.jpg,S3022R02.jpg,S3041L05,S3022R02,unrelated
S3041L05.jpg,S3101L08.jpg,S3041L05,S3101L08,unrelated
S3041L05.jpg,S3101L04.jpg,S3041L05,S3101L04,unrelated
S3041L05.jpg,S3101L02.jpg,S3041L05,S3101L02,unrelated
S3041L05.jpg,S3101L09.jpg,S3041L05,S3101L09,unrelated
S3041L05.jpg,S3101L10.jpg,S3041L05,S3101L10,unrelated
S3041L05.jpg,S3101R07.jpg,S3041L05,S3101R07,unrelated
S3041L05.jpg,S3101R04.jpg,S3041L05,S3101R04,unrelated
S3041L05.jpg,S3101R03.jpg,S3041L05,S3101R03,unrelated
S3041L05.jpg,S3101R02.jpg,S3041L05,S3101R02,unrelated
S3041L05.jpg,S3101R05.jpg,S3041L05,S3101R05,unrelated
S3041L05.jpg,S3102L10.jpg,S3041L05,S3102L10,unrelated
S3041L05.jpg,S3102L09.jpg,S3041L05,S3102L09,unrelated
S3041L05.jpg,S3102L01.jpg,S3041L05,S3102L01,unrelated
S3041L05.jpg,S3102L07.jpg,S3041L05,S3102L07,unrelated
S3041L05.jpg,S3102L06.jpg,S3041L05,S3102L06,unrelated
S3041L05.jpg,S3102R07.jpg,S3041L05,S3102R07,unrelated
S3041L05.jpg,S3102R08.jpg,S3041L05,S3102R08,unrelated
S3041L05.jpg,S3102R02.jpg,S3041L05,S3102R02,unrelated
S3041L05.jpg,S3102R06.jpg,S3041L05,S3102R06,unrelated
S3041L05.jpg,S3102R09.jpg,S3041L05,S3102R09,unrelated
S3041L05.jpg,S3151L06.jpg,S3041L05,S3151L06,unrelated
S3041L05.jpg,S3151L04.jpg,S3041L05,S3151L04,unrelated
S3041L05.jpg,S3151L03.jpg,S3041L05,S3151L03,unrelated
S3041L05.jpg,S3151L05.jpg,S3041L05,S3151L05,unrelated
S3041L05.jpg,S3151L07.jpg,S3041L05,S3151L07,unrelated
S3041L05.jpg,S3151R03.jpg,S3041L05,S3151R03,unrelated
S3041L05.jpg,S3151R01.jpg,S3041L05,S3151R01,unrelated
S3041L05.jpg,S3151R02.jpg,S3041L05,S3151R02,unrelated
S3041L05.jpg,S3152R04.jpg,S3041L05,S3152R04,unrelated
S3041L05.jpg,S3152R03.jpg,S3041L05,S3152R03,unrelated
S3041L05.jpg,S3152R02.jpg,S3041L05,S3152R02,unrelated
S3041L05.jpg,S3152R07.jpg,S3041L05,S3152R07,unrelated
S3041L05.jpg,S3181R04.jpg,S3041L05,S3181R04,unrelated
S3041L05.jpg,S3181R05.jpg,S3041L05,S3181R05,unrelated
S3041L05.jpg,S3182L01.jpg,S3041L05,S3182L01,unrelated
S3041L05.jpg,S3182R05.jpg,S3041L05,S3182R05,unrelated
S3041L05.jpg,S3182R06.jpg,S3041L05,S3182R06,unrelated
S3041L05.jpg,S3182R04.jpg,S3041L05,S3182R04,unrelated
S3041L05.jpg,S3182R03.jpg,S3041L05,S3182R03,unrelated
S3041L05.jpg,S3182R07.jpg,S3041L05,S3182R07,unrelated
S3041L05.jpg,S3141L03.jpg,S3041L05,S3141L03,unrelated
S3041L05.jpg,S3141R07.jpg,S3041L05,S3141R07,unrelated
S3041L05.jpg,S3141R10.jpg,S3041L05,S3141R10,unrelated
S3041L05.jpg,S3141R04.jpg,S3041L05,S3141R04,unrelated
S3041L05.jpg,S3141R06.jpg,S3041L05,S3141R06,unrelated
S3041L05.jpg,S3142L03.jpg,S3041L05,S3142L03,unrelated
S3041L05.jpg,S3142L02.jpg,S3041L05,S3142L02,unrelated
S3041L05.jpg,S3142L04.jpg,S3041L05,S3142L04,unrelated
S3041L05.jpg,S3142L07.jpg,S3041L05,S3142L07,unrelated
S3041L05.jpg,S3142R08.jpg,S3041L05,S3142R08,unrelated
S3041L05.jpg,S3142R07.jpg,S3041L05,S3142R07,unrelated
S3041L05.jpg,S3142R10.jpg,S3041L05,S3142R10,unrelated
S3041L05.jpg,S3142R09.jpg,S3041L05,S3142R09,unrelated
S3041L05.jpg,S3121L03.jpg,S3041L05,S3121L03,unrelated
S3041L05.jpg,S3121L02.jpg,S3041L05,S3121L02,unrelated
S3041L05.jpg,S3121L01.jpg,S3041L05,S3121L01,unrelated
S3041L05.jpg,S3121R04.jpg,S3041L05,S3121R04,unrelated
S3041L05.jpg,S3121R02.jpg,S3041L05,S3121R02,unrelated
S3041L05.jpg,S3121R01.jpg,S3041L05,S3121R01,unrelated
S3041L05.jpg,S3121R08.jpg,S3041L05,S3121R08,unrelated
S3041L05.jpg,S3121R07.jpg,S3041L05,S3121R07,unrelated
S3041L05.jpg,S3122L09.jpg,S3041L05,S3122L09,unrelated
S3041L05.jpg,S3122L07.jpg,S3041L05,S3122L07,unrelated
S3041L05.jpg,S3122L10.jpg,S3041L05,S3122L10,unrelated
S3041L05.jpg,S3122L01.jpg,S3041L05,S3122L01,unrelated
S3041L05.jpg,S3122L05.jpg,S3041L05,S3122L05,unrelated
S3041L05.jpg,S3122R02.jpg,S3041L05,S3122R02,unrelated
S3041L05.jpg,S3122R04.jpg,S3041L05,S3122R04,unrelated
S3041L05.jpg,S3122R03.jpg,S3041L05,S3122R03,unrelated
S3041L05.jpg,S3122R01.jpg,S3041L05,S3122R01,unrelated
S3041L05.jpg,S3051L07.jpg,S3041L05,S3051L07,unrelated
S3041L05.jpg,S3051L08.jpg,S3041L05,S3051L08,unrelated
S3041L05.jpg,S3051L10.jpg,S3041L05,S3051L10,unrelated
S3041L05.jpg,S3051L06.jpg,S3041L05,S3051L06,unrelated
S3041L05.jpg,S3051R01.jpg,S3041L05,S3051R01,unrelated
S3041L05.jpg,S3051R03.jpg,S3041L05,S3051R03,unrelated
S3041L05.jpg,S3052L01.jpg,S3041L05,S3052L01,unrelated
S3041L05.jpg,S3052L02.jpg,S3041L05,S3052L02,unrelated
S3041L05.jpg,S3052L03.jpg,S3041L05,S3052L03,unrelated
S3041L05.jpg,S3052R01.jpg,S3041L05,S3052R01,unrelated
S3041L05.jpg,S3011L07.jpg,S3041L05,S3011L07,unrelated
S3041L05.jpg,S3011R01.jpg,S3041L05,S3011R01,unrelated
S3041L05.jpg,S3011R02.jpg,S3041L05,S3011R02,unrelated
S3041L05.jpg,S3012L07.jpg,S3041L05,S3012L07,unrelated
S3041L05.jpg,S3012L02.jpg,S3041L05,S3012L02,unrelated
S3041L05.jpg,S3012R07.jpg,S3041L05,S3012R07,unrelated
S3041L04.jpg,S3041R01.jpg,S3041L04,S3041R01,same_subject_different_eye
S3041L04.jpg,S3042L08.jpg,S3041L04,S3042L08,twin_same_eye
S3041L04.jpg,S3042R07.jpg,S3041L04,S3042R07,twin_cross_eye
S3041L04.jpg,S3042R08.jpg,S3041L04,S3042R08,twin_cross_eye
S3041L04.jpg,S3002L02.jpg,S3041L04,S3002L02,unrelated
S3041L04.jpg,S3082R05.jpg,S3041L04,S3082R05,unrelated
S3041L04.jpg,S3082R02.jpg,S3041L04,S3082R02,unrelated
S3041L04.jpg,S3082R06.jpg,S3041L04,S3082R06,unrelated
S3041L04.jpg,S3082R01.jpg,S3041L04,S3082R01,unrelated
S3041L04.jpg,S3082R04.jpg,S3041L04,S3082R04,unrelated
S3041L04.jpg,S3061L03.jpg,S3041L04,S3061L03,unrelated
S3041L04.jpg,S3061L02.jpg,S3041L04,S3061L02,unrelated
S3041L04.jpg,S3061R01.jpg,S3041L04,S3061R01,unrelated
S3041L04.jpg,S3061R04.jpg,S3041L04,S3061R04,unrelated
S3041L04.jpg,S3061R07.jpg,S3041L04,S3061R07,unrelated
S3041L04.jpg,S3061R08.jpg,S3041L04,S3061R08,unrelated
S3041L04.jpg,S3062L03.jpg,S3041L04,S3062L03,unrelated
S3041L04.jpg,S3062L05.jpg,S3041L04,S3062L05,unrelated
S3041L04.jpg,S3062L07.jpg,S3041L04,S3062L07,unrelated
S3041L04.jpg,S3062L06.jpg,S3041L04,S3062L06,unrelated
S3041L04.jpg,S3062L04.jpg,S3041L04,S3062L04,unrelated
S3041L04.jpg,S3062R02.jpg,S3041L04,S3062R02,unrelated
S3041L04.jpg,S3062R09.jpg,S3041L04,S3062R09,unrelated
S3041L04.jpg,S3062R10.jpg,S3041L04,S3062R10,unrelated
S3041L04.jpg,S3062R07.jpg,S3041L04,S3062R07,unrelated
S3041L04.jpg,S3062R08.jpg,S3041L04,S3062R08,unrelated
S3041L04.jpg,S3021L04.jpg,S3041L04,S3021L04,unrelated
S3041L04.jpg,S3021L03.jpg,S3041L04,S3021L03,unrelated
S3041L04.jpg,S3021L06.jpg,S3041L04,S3021L06,unrelated
S3041L04.jpg,S3021L02.jpg,S3041L04,S3021L02,unrelated
S3041L04.jpg,S3021L01.jpg,S3041L04,S3021L01,unrelated
S3041L04.jpg,S3021R09.jpg,S3041L04,S3021R09,unrelated
S3041L04.jpg,S3021R01.jpg,S3041L04,S3021R01,unrelated
S3041L04.jpg,S3021R02.jpg,S3041L04,S3021R02,unrelated
S3041L04.jpg,S3021R07.jpg,S3041L04,S3021R07,unrelated
S3041L04.jpg,S3021R06.jpg,S3041L04,S3021R06,unrelated
S3041L04.jpg,S3022L01.jpg,S3041L04,S3022L01,unrelated
S3041L04.jpg,S3022R01.jpg,S3041L04,S3022R01,unrelated
S3041L04.jpg,S3022R02.jpg,S3041L04,S3022R02,unrelated
S3041L04.jpg,S3101L08.jpg,S3041L04,S3101L08,unrelated
S3041L04.jpg,S3101L04.jpg,S3041L04,S3101L04,unrelated
S3041L04.jpg,S3101L02.jpg,S3041L04,S3101L02,unrelated
S3041L04.jpg,S3101L09.jpg,S3041L04,S3101L09,unrelated
S3041L04.jpg,S3101L10.jpg,S3041L04,S3101L10,unrelated
S3041L04.jpg,S3101R07.jpg,S3041L04,S3101R07,unrelated
S3041L04.jpg,S3101R04.jpg,S3041L04,S3101R04,unrelated
S3041L04.jpg,S3101R03.jpg,S3041L04,S3101R03,unrelated
S3041L04.jpg,S3101R02.jpg,S3041L04,S3101R02,unrelated
S3041L04.jpg,S3101R05.jpg,S3041L04,S3101R05,unrelated
S3041L04.jpg,S3102L10.jpg,S3041L04,S3102L10,unrelated
S3041L04.jpg,S3102L09.jpg,S3041L04,S3102L09,unrelated
S3041L04.jpg,S3102L01.jpg,S3041L04,S3102L01,unrelated
S3041L04.jpg,S3102L07.jpg,S3041L04,S3102L07,unrelated
S3041L04.jpg,S3102L06.jpg,S3041L04,S3102L06,unrelated
S3041L04.jpg,S3102R07.jpg,S3041L04,S3102R07,unrelated
S3041L04.jpg,S3102R08.jpg,S3041L04,S3102R08,unrelated
S3041L04.jpg,S3102R02.jpg,S3041L04,S3102R02,unrelated
S3041L04.jpg,S3102R06.jpg,S3041L04,S3102R06,unrelated
S3041L04.jpg,S3102R09.jpg,S3041L04,S3102R09,unrelated
S3041L04.jpg,S3151L06.jpg,S3041L04,S3151L06,unrelated
S3041L04.jpg,S3151L04.jpg,S3041L04,S3151L04,unrelated
S3041L04.jpg,S3151L03.jpg,S3041L04,S3151L03,unrelated
S3041L04.jpg,S3151L05.jpg,S3041L04,S3151L05,unrelated
S3041L04.jpg,S3151L07.jpg,S3041L04,S3151L07,unrelated
S3041L04.jpg,S3151R03.jpg,S3041L04,S3151R03,unrelated
S3041L04.jpg,S3151R01.jpg,S3041L04,S3151R01,unrelated
S3041L04.jpg,S3151R02.jpg,S3041L04,S3151R02,unrelated
S3041L04.jpg,S3152R04.jpg,S3041L04,S3152R04,unrelated
S3041L04.jpg,S3152R03.jpg,S3041L04,S3152R03,unrelated
S3041L04.jpg,S3152R02.jpg,S3041L04,S3152R02,unrelated
S3041L04.jpg,S3152R07.jpg,S3041L04,S3152R07,unrelated
S3041L04.jpg,S3181R04.jpg,S3041L04,S3181R04,unrelated
S3041L04.jpg,S3181R05.jpg,S3041L04,S3181R05,unrelated
S3041L04.jpg,S3182L01.jpg,S3041L04,S3182L01,unrelated
S3041L04.jpg,S3182R05.jpg,S3041L04,S3182R05,unrelated
S3041L04.jpg,S3182R06.jpg,S3041L04,S3182R06,unrelated
S3041L04.jpg,S3182R04.jpg,S3041L04,S3182R04,unrelated
S3041L04.jpg,S3182R03.jpg,S3041L04,S3182R03,unrelated
S3041L04.jpg,S3182R07.jpg,S3041L04,S3182R07,unrelated
S3041L04.jpg,S3141L03.jpg,S3041L04,S3141L03,unrelated
S3041L04.jpg,S3141R07.jpg,S3041L04,S3141R07,unrelated
S3041L04.jpg,S3141R10.jpg,S3041L04,S3141R10,unrelated
S3041L04.jpg,S3141R04.jpg,S3041L04,S3141R04,unrelated
S3041L04.jpg,S3141R06.jpg,S3041L04,S3141R06,unrelated
S3041L04.jpg,S3142L03.jpg,S3041L04,S3142L03,unrelated
S3041L04.jpg,S3142L02.jpg,S3041L04,S3142L02,unrelated
S3041L04.jpg,S3142L04.jpg,S3041L04,S3142L04,unrelated
S3041L04.jpg,S3142L07.jpg,S3041L04,S3142L07,unrelated
S3041L04.jpg,S3142R08.jpg,S3041L04,S3142R08,unrelated
S3041L04.jpg,S3142R07.jpg,S3041L04,S3142R07,unrelated
S3041L04.jpg,S3142R10.jpg,S3041L04,S3142R10,unrelated
S3041L04.jpg,S3142R09.jpg,S3041L04,S3142R09,unrelated
S3041L04.jpg,S3121L03.jpg,S3041L04,S3121L03,unrelated
S3041L04.jpg,S3121L02.jpg,S3041L04,S3121L02,unrelated
S3041L04.jpg,S3121L01.jpg,S3041L04,S3121L01,unrelated
S3041L04.jpg,S3121R04.jpg,S3041L04,S3121R04,unrelated
S3041L04.jpg,S3121R02.jpg,S3041L04,S3121R02,unrelated
S3041L04.jpg,S3121R01.jpg,S3041L04,S3121R01,unrelated
S3041L04.jpg,S3121R08.jpg,S3041L04,S3121R08,unrelated
S3041L04.jpg,S3121R07.jpg,S3041L04,S3121R07,unrelated
S3041L04.jpg,S3122L09.jpg,S3041L04,S3122L09,unrelated
S3041L04.jpg,S3122L07.jpg,S3041L04,S3122L07,unrelated
S3041L04.jpg,S3122L10.jpg,S3041L04,S3122L10,unrelated
S3041L04.jpg,S3122L01.jpg,S3041L04,S3122L01,unrelated
S3041L04.jpg,S3122L05.jpg,S3041L04,S3122L05,unrelated
S3041L04.jpg,S3122R02.jpg,S3041L04,S3122R02,unrelated
S3041L04.jpg,S3122R04.jpg,S3041L04,S3122R04,unrelated
S3041L04.jpg,S3122R03.jpg,S3041L04,S3122R03,unrelated
S3041L04.jpg,S3122R01.jpg,S3041L04,S3122R01,unrelated
S3041L04.jpg,S3051L07.jpg,S3041L04,S3051L07,unrelated
S3041L04.jpg,S3051L08.jpg,S3041L04,S3051L08,unrelated
S3041L04.jpg,S3051L10.jpg,S3041L04,S3051L10,unrelated
S3041L04.jpg,S3051L06.jpg,S3041L04,S3051L06,unrelated
S3041L04.jpg,S3051R01.jpg,S3041L04,S3051R01,unrelated
S3041L04.jpg,S3051R03.jpg,S3041L04,S3051R03,unrelated
S3041L04.jpg,S3052L01.jpg,S3041L04,S3052L01,unrelated
S3041L04.jpg,S3052L02.jpg,S3041L04,S3052L02,unrelated
S3041L04.jpg,S3052L03.jpg,S3041L04,S3052L03,unrelated
S3041L04.jpg,S3052R01.jpg,S3041L04,S3052R01,unrelated
S3041L04.jpg,S3011L07.jpg,S3041L04,S3011L07,unrelated
S3041L04.jpg,S3011R01.jpg,S3041L04,S3011R01,unrelated
S3041L04.jpg,S3011R02.jpg,S3041L04,S3011R02,unrelated
S3041L04.jpg,S3012L07.jpg,S3041L04,S3012L07,unrelated
S3041L04.jpg,S3012L02.jpg,S3041L04,S3012L02,unrelated
S3041L04.jpg,S3012R07.jpg,S3041L04,S3012R07,unrelated
S3041R01.jpg,S3042L08.jpg,S3041R01,S3042L08,twin_cross_eye
S3041R01.jpg,S3042R07.jpg,S3041R01,S3042R07,twin_same_eye
S3041R01.jpg,S3042R08.jpg,S3041R01,S3042R08,twin_same_eye
S3041R01.jpg,S3002L02.jpg,S3041R01,S3002L02,unrelated
S3041R01.jpg,S3082R05.jpg,S3041R01,S3082R05,unrelated
S3041R01.jpg,S3082R02.jpg,S3041R01,S3082R02,unrelated
S3041R01.jpg,S3082R06.jpg,S3041R01,S3082R06,unrelated
S3041R01.jpg,S3082R01.jpg,S3041R01,S3082R01,unrelated
S3041R01.jpg,S3082R04.jpg,S3041R01,S3082R04,unrelated
S3041R01.jpg,S3061L03.jpg,S3041R01,S3061L03,unrelated
S3041R01.jpg,S3061L02.jpg,S3041R01,S3061L02,unrelated
S3041R01.jpg,S3061R01.jpg,S3041R01,S3061R01,unrelated
S3041R01.jpg,S3061R04.jpg,S3041R01,S3061R04,unrelated
S3041R01.jpg,S3061R07.jpg,S3041R01,S3061R07,unrelated
S3041R01.jpg,S3061R08.jpg,S3041R01,S3061R08,unrelated
S3041R01.jpg,S3062L03.jpg,S3041R01,S3062L03,unrelated
S3041R01.jpg,S3062L05.jpg,S3041R01,S3062L05,unrelated
S3041R01.jpg,S3062L07.jpg,S3041R01,S3062L07,unrelated
S3041R01.jpg,S3062L06.jpg,S3041R01,S3062L06,unrelated
S3041R01.jpg,S3062L04.jpg,S3041R01,S3062L04,unrelated
S3041R01.jpg,S3062R02.jpg,S3041R01,S3062R02,unrelated
S3041R01.jpg,S3062R09.jpg,S3041R01,S3062R09,unrelated
S3041R01.jpg,S3062R10.jpg,S3041R01,S3062R10,unrelated
S3041R01.jpg,S3062R07.jpg,S3041R01,S3062R07,unrelated
S3041R01.jpg,S3062R08.jpg,S3041R01,S3062R08,unrelated
S3041R01.jpg,S3021L04.jpg,S3041R01,S3021L04,unrelated
S3041R01.jpg,S3021L03.jpg,S3041R01,S3021L03,unrelated
S3041R01.jpg,S3021L06.jpg,S3041R01,S3021L06,unrelated
S3041R01.jpg,S3021L02.jpg,S3041R01,S3021L02,unrelated
S3041R01.jpg,S3021L01.jpg,S3041R01,S3021L01,unrelated
S3041R01.jpg,S3021R09.jpg,S3041R01,S3021R09,unrelated
S3041R01.jpg,S3021R01.jpg,S3041R01,S3021R01,unrelated
S3041R01.jpg,S3021R02.jpg,S3041R01,S3021R02,unrelated
S3041R01.jpg,S3021R07.jpg,S3041R01,S3021R07,unrelated
S3041R01.jpg,S3021R06.jpg,S3041R01,S3021R06,unrelated
S3041R01.jpg,S3022L01.jpg,S3041R01,S3022L01,unrelated
S3041R01.jpg,S3022R01.jpg,S3041R01,S3022R01,unrelated
S3041R01.jpg,S3022R02.jpg,S3041R01,S3022R02,unrelated
S3041R01.jpg,S3101L08.jpg,S3041R01,S3101L08,unrelated
S3041R01.jpg,S3101L04.jpg,S3041R01,S3101L04,unrelated
S3041R01.jpg,S3101L02.jpg,S3041R01,S3101L02,unrelated
S3041R01.jpg,S3101L09.jpg,S3041R01,S3101L09,unrelated
S3041R01.jpg,S3101L10.jpg,S3041R01,S3101L10,unrelated
S3041R01.jpg,S3101R07.jpg,S3041R01,S3101R07,unrelated
S3041R01.jpg,S3101R04.jpg,S3041R01,S3101R04,unrelated
S3041R01.jpg,S3101R03.jpg,S3041R01,S3101R03,unrelated
S3041R01.jpg,S3101R02.jpg,S3041R01,S3101R02,unrelated
S3041R01.jpg,S3101R05.jpg,S3041R01,S3101R05,unrelated
S3041R01.jpg,S3102L10.jpg,S3041R01,S3102L10,unrelated
S3041R01.jpg,S3102L09.jpg,S3041R01,S3102L09,unrelated
S3041R01.jpg,S3102L01.jpg,S3041R01,S3102L01,unrelated
S3041R01.jpg,S3102L07.jpg,S3041R01,S3102L07,unrelated
S3041R01.jpg,S3102L06.jpg,S3041R01,S3102L06,unrelated
S3041R01.jpg,S3102R07.jpg,S3041R01,S3102R07,unrelated
S3041R01.jpg,S3102R08.jpg,S3041R01,S3102R08,unrelated
S3041R01.jpg,S3102R02.jpg,S3041R01,S3102R02,unrelated
S3041R01.jpg,S3102R06.jpg,S3041R01,S3102R06,unrelated
S3041R01.jpg,S3102R09.jpg,S3041R01,S3102R09,unrelated
S3041R01.jpg,S3151L06.jpg,S3041R01,S3151L06,unrelated
S3041R01.jpg,S3151L04.jpg,S3041R01,S3151L04,unrelated
S3041R01.jpg,S3151L03.jpg,S3041R01,S3151L03,unrelated
S3041R01.jpg,S3151L05.jpg,S3041R01,S3151L05,unrelated
S3041R01.jpg,S3151L07.jpg,S3041R01,S3151L07,unrelated
S3041R01.jpg,S3151R03.jpg,S3041R01,S3151R03,unrelated
S3041R01.jpg,S3151R01.jpg,S3041R01,S3151R01,unrelated
S3041R01.jpg,S3151R02.jpg,S3041R01,S3151R02,unrelated
S3041R01.jpg,S3152R04.jpg,S3041R01,S3152R04,unrelated
S3041R01.jpg,S3152R03.jpg,S3041R01,S3152R03,unrelated
S3041R01.jpg,S3152R02.jpg,S3041R01,S3152R02,unrelated
S3041R01.jpg,S3152R07.jpg,S3041R01,S3152R07,unrelated
S3041R01.jpg,S3181R04.jpg,S3041R01,S3181R04,unrelated
S3041R01.jpg,S3181R05.jpg,S3041R01,S3181R05,unrelated
S3041R01.jpg,S3182L01.jpg,S3041R01,S3182L01,unrelated
S3041R01.jpg,S3182R05.jpg,S3041R01,S3182R05,unrelated
S3041R01.jpg,S3182R06.jpg,S3041R01,S3182R06,unrelated
S3041R01.jpg,S3182R04.jpg,S3041R01,S3182R04,unrelated
S3041R01.jpg,S3182R03.jpg,S3041R01,S3182R03,unrelated
S3041R01.jpg,S3182R07.jpg,S3041R01,S3182R07,unrelated
S3041R01.jpg,S3141L03.jpg,S3041R01,S3141L03,unrelated
S3041R01.jpg,S3141R07.jpg,S3041R01,S3141R07,unrelated
S3041R01.jpg,S3141R10.jpg,S3041R01,S3141R10,unrelated
S3041R01.jpg,S3141R04.jpg,S3041R01,S3141R04,unrelated
S3041R01.jpg,S3141R06.jpg,S3041R01,S3141R06,unrelated
S3041R01.jpg,S3142L03.jpg,S3041R01,S3142L03,unrelated
S3041R01.jpg,S3142L02.jpg,S3041R01,S3142L02,unrelated
S3041R01.jpg,S3142L04.jpg,S3041R01,S3142L04,unrelated
S3041R01.jpg,S3142L07.jpg,S3041R01,S3142L07,unrelated
S3041R01.jpg,S3142R08.jpg,S3041R01,S3142R08,unrelated
S3041R01.jpg,S3142R07.jpg,S3041R01,S3142R07,unrelated
S3041R01.jpg,S3142R10.jpg,S3041R01,S3142R10,unrelated
S3041R01.jpg,S3142R09.jpg,S3041R01,S3142R09,unrelated
S3041R01.jpg,S3121L03.jpg,S3041R01,S3121L03,unrelated
S3041R01.jpg,S3121L02.jpg,S3041R01,S3121L02,unrelated
S3041R01.jpg,S3121L01.jpg,S3041R01,S3121L01,unrelated
S3041R01.jpg,S3121R04.jpg,S3041R01,S3121R04,unrelated
S3041R01.jpg,S3121R02.jpg,S3041R01,S3121R02,unrelated
S3041R01.jpg,S3121R01.jpg,S3041R01,S3121R01,unrelated
S3041R01.jpg,S3121R08.jpg,S3041R01,S3121R08,unrelated
S3041R01.jpg,S3121R07.jpg,S3041R01,S3121R07,unrelated
S3041R01.jpg,S3122L09.jpg,S3041R01,S3122L09,unrelated
S3041R01.jpg,S3122L07.jpg,S3041R01,S3122L07,unrelated
S3041R01.jpg,S3122L10.jpg,S3041R01,S3122L10,unrelated
S3041R01.jpg,S3122L01.jpg,S3041R01,S3122L01,unrelated
S3041R01.jpg,S3122L05.jpg,S3041R01,S3122L05,unrelated
S3041R01.jpg,S3122R02.jpg,S3041R01,S3122R02,unrelated
S3041R01.jpg,S3122R04.jpg,S3041R01,S3122R04,unrelated
S3041R01.jpg,S3122R03.jpg,S3041R01,S3122R03,unrelated
S3041R01.jpg,S3122R01.jpg,S3041R01,S3122R01,unrelated
S3041R01.jpg,S3051L07.jpg,S3041R01,S3051L07,unrelated
S3041R01.jpg,S3051L08.jpg,S3041R01,S3051L08,unrelated
S3041R01.jpg,S3051L10.jpg,S3041R01,S3051L10,unrelated
S3041R01.jpg,S3051L06.jpg,S3041R01,S3051L06,unrelated
S3041R01.jpg,S3051R01.jpg,S3041R01,S3051R01,unrelated
S3041R01.jpg,S3051R03.jpg,S3041R01,S3051R03,unrelated
S3041R01.jpg,S3052L01.jpg,S3041R01,S3052L01,unrelated
S3041R01.jpg,S3052L02.jpg,S3041R01,S3052L02,unrelated
S3041R01.jpg,S3052L03.jpg,S3041R01,S3052L03,unrelated
S3041R01.jpg,S3052R01.jpg,S3041R01,S3052R01,unrelated
S3041R01.jpg,S3011L07.jpg,S3041R01,S3011L07,unrelated
S3041R01.jpg,S3011R01.jpg,S3041R01,S3011R01,unrelated
S3041R01.jpg,S3011R02.jpg,S3041R01,S3011R02,unrelated
S3041R01.jpg,S3012L07.jpg,S3041R01,S3012L07,unrelated
S3041R01.jpg,S3012L02.jpg,S3041R01,S3012L02,unrelated
S3041R01.jpg,S3012R07.jpg,S3041R01,S3012R07,unrelated
S3042L08.jpg,S3042R07.jpg,S3042L08,S3042R07,same_subject_different_eye
S3042L08.jpg,S3042R08.jpg,S3042L08,S3042R08,same_subject_different_eye
S3042L08.jpg,S3002L02.jpg,S3042L08,S3002L02,unrelated
S3042L08.jpg,S3082R05.jpg,S3042L08,S3082R05,unrelated
S3042L08.jpg,S3082R02.jpg,S3042L08,S3082R02,unrelated
S3042L08.jpg,S3082R06.jpg,S3042L08,S3082R06,unrelated
S3042L08.jpg,S3082R01.jpg,S3042L08,S3082R01,unrelated
S3042L08.jpg,S3082R04.jpg,S3042L08,S3082R04,unrelated
S3042L08.jpg,S3061L03.jpg,S3042L08,S3061L03,unrelated
S3042L08.jpg,S3061L02.jpg,S3042L08,S3061L02,unrelated
S3042L08.jpg,S3061R01.jpg,S3042L08,S3061R01,unrelated
S3042L08.jpg,S3061R04.jpg,S3042L08,S3061R04,unrelated
S3042L08.jpg,S3061R07.jpg,S3042L08,S3061R07,unrelated
S3042L08.jpg,S3061R08.jpg,S3042L08,S3061R08,unrelated
S3042L08.jpg,S3062L03.jpg,S3042L08,S3062L03,unrelated
S3042L08.jpg,S3062L05.jpg,S3042L08,S3062L05,unrelated
S3042L08.jpg,S3062L07.jpg,S3042L08,S3062L07,unrelated
S3042L08.jpg,S3062L06.jpg,S3042L08,S3062L06,unrelated
S3042L08.jpg,S3062L04.jpg,S3042L08,S3062L04,unrelated
S3042L08.jpg,S3062R02.jpg,S3042L08,S3062R02,unrelated
S3042L08.jpg,S3062R09.jpg,S3042L08,S3062R09,unrelated
S3042L08.jpg,S3062R10.jpg,S3042L08,S3062R10,unrelated
S3042L08.jpg,S3062R07.jpg,S3042L08,S3062R07,unrelated
S3042L08.jpg,S3062R08.jpg,S3042L08,S3062R08,unrelated
S3042L08.jpg,S3021L04.jpg,S3042L08,S3021L04,unrelated
S3042L08.jpg,S3021L03.jpg,S3042L08,S3021L03,unrelated
S3042L08.jpg,S3021L06.jpg,S3042L08,S3021L06,unrelated
S3042L08.jpg,S3021L02.jpg,S3042L08,S3021L02,unrelated
S3042L08.jpg,S3021L01.jpg,S3042L08,S3021L01,unrelated
S3042L08.jpg,S3021R09.jpg,S3042L08,S3021R09,unrelated
S3042L08.jpg,S3021R01.jpg,S3042L08,S3021R01,unrelated
S3042L08.jpg,S3021R02.jpg,S3042L08,S3021R02,unrelated
S3042L08.jpg,S3021R07.jpg,S3042L08,S3021R07,unrelated
S3042L08.jpg,S3021R06.jpg,S3042L08,S3021R06,unrelated
S3042L08.jpg,S3022L01.jpg,S3042L08,S3022L01,unrelated
S3042L08.jpg,S3022R01.jpg,S3042L08,S3022R01,unrelated
S3042L08.jpg,S3022R02.jpg,S3042L08,S3022R02,unrelated
S3042L08.jpg,S3101L08.jpg,S3042L08,S3101L08,unrelated
S3042L08.jpg,S3101L04.jpg,S3042L08,S3101L04,unrelated
S3042L08.jpg,S3101L02.jpg,S3042L08,S3101L02,unrelated
S3042L08.jpg,S3101L09.jpg,S3042L08,S3101L09,unrelated
S3042L08.jpg,S3101L10.jpg,S3042L08,S3101L10,unrelated
S3042L08.jpg,S3101R07.jpg,S3042L08,S3101R07,unrelated
S3042L08.jpg,S3101R04.jpg,S3042L08,S3101R04,unrelated
S3042L08.jpg,S3101R03.jpg,S3042L08,S3101R03,unrelated
S3042L08.jpg,S3101R02.jpg,S3042L08,S3101R02,unrelated
S3042L08.jpg,S3101R05.jpg,S3042L08,S3101R05,unrelated
S3042L08.jpg,S3102L10.jpg,S3042L08,S3102L10,unrelated
S3042L08.jpg,S3102L09.jpg,S3042L08,S3102L09,unrelated
S3042L08.jpg,S3102L01.jpg,S3042L08,S3102L01,unrelated
S3042L08.jpg,S3102L07.jpg,S3042L08,S3102L07,unrelated
S3042L08.jpg,S3102L06.jpg,S3042L08,S3102L06,unrelated
S3042L08.jpg,S3102R07.jpg,S3042L08,S3102R07,unrelated
S3042L08.jpg,S3102R08.jpg,S3042L08,S3102R08,unrelated
S3042L08.jpg,S3102R02.jpg,S3042L08,S3102R02,unrelated
S3042L08.jpg,S3102R06.jpg,S3042L08,S3102R06,unrelated
S3042L08.jpg,S3102R09.jpg,S3042L08,S3102R09,unrelated
S3042L08.jpg,S3151L06.jpg,S3042L08,S3151L06,unrelated
S3042L08.jpg,S3151L04.jpg,S3042L08,S3151L04,unrelated
S3042L08.jpg,S3151L03.jpg,S3042L08,S3151L03,unrelated
S3042L08.jpg,S3151L05.jpg,S3042L08,S3151L05,unrelated
S3042L08.jpg,S3151L07.jpg,S3042L08,S3151L07,unrelated
S3042L08.jpg,S3151R03.jpg,S3042L08,S3151R03,unrelated
S3042L08.jpg,S3151R01.jpg,S3042L08,S3151R01,unrelated
S3042L08.jpg,S3151R02.jpg,S3042L08,S3151R02,unrelated
S3042L08.jpg,S3152R04.jpg,S3042L08,S3152R04,unrelated
S3042L08.jpg,S3152R03.jpg,S3042L08,S3152R03,unrelated
S3042L08.jpg,S3152R02.jpg,S3042L08,S3152R02,unrelated
S3042L08.jpg,S3152R07.jpg,S3042L08,S3152R07,unrelated
S3042L08.jpg,S3181R04.jpg,S3042L08,S3181R04,unrelated
S3042L08.jpg,S3181R05.jpg,S3042L08,S3181R05,unrelated
S3042L08.jpg,S3182L01.jpg,S3042L08,S3182L01,unrelated
S3042L08.jpg,S3182R05.jpg,S3042L08,S3182R05,unrelated
S3042L08.jpg,S3182R06.jpg,S3042L08,S3182R06,unrelated
S3042L08.jpg,S3182R04.jpg,S3042L08,S3182R04,unrelated
S3042L08.jpg,S3182R03.jpg,S3042L08,S3182R03,unrelated
S3042L08.jpg,S3182R07.jpg,S3042L08,S3182R07,unrelated
S3042L08.jpg,S3141L03.jpg,S3042L08,S3141L03,unrelated
S3042L08.jpg,S3141R07.jpg,S3042L08,S3141R07,unrelated
S3042L08.jpg,S3141R10.jpg,S3042L08,S3141R10,unrelated
S3042L08.jpg,S3141R04.jpg,S3042L08,S3141R04,unrelated
S3042L08.jpg,S3141R06.jpg,S3042L08,S3141R06,unrelated
S3042L08.jpg,S3142L03.jpg,S3042L08,S3142L03,unrelated
S3042L08.jpg,S3142L02.jpg,S3042L08,S3142L02,unrelated
S3042L08.jpg,S3142L04.jpg,S3042L08,S3142L04,unrelated
S3042L08.jpg,S3142L07.jpg,S3042L08,S3142L07,unrelated
S3042L08.jpg,S3142R08.jpg,S3042L08,S3142R08,unrelated
S3042L08.jpg,S3142R07.jpg,S3042L08,S3142R07,unrelated
S3042L08.jpg,S3142R10.jpg,S3042L08,S3142R10,unrelated
S3042L08.jpg,S3142R09.jpg,S3042L08,S3142R09,unrelated
S3042L08.jpg,S3121L03.jpg,S3042L08,S3121L03,unrelated
S3042L08.jpg,S3121L02.jpg,S3042L08,S3121L02,unrelated
S3042L08.jpg,S3121L01.jpg,S3042L08,S3121L01,unrelated
S3042L08.jpg,S3121R04.jpg,S3042L08,S3121R04,unrelated
S3042L08.jpg,S3121R02.jpg,S3042L08,S3121R02,unrelated
S3042L08.jpg,S3121R01.jpg,S3042L08,S3121R01,unrelated
S3042L08.jpg,S3121R08.jpg,S3042L08,S3121R08,unrelated
S3042L08.jpg,S3121R07.jpg,S3042L08,S3121R07,unrelated
S3042L08.jpg,S3122L09.jpg,S3042L08,S3122L09,unrelated
S3042L08.jpg,S3122L07.jpg,S3042L08,S3122L07,unrelated
S3042L08.jpg,S3122L10.jpg,S3042L08,S3122L10,unrelated
S3042L08.jpg,S3122L01.jpg,S3042L08,S3122L01,unrelated
S3042L08.jpg,S3122L05.jpg,S3042L08,S3122L05,unrelated
S3042L08.jpg,S3122R02.jpg,S3042L08,S3122R02,unrelated
S3042L08.jpg,S3122R04.jpg,S3042L08,S3122R04,unrelated
S3042L08.jpg,S3122R03.jpg,S3042L08,S3122R03,unrelated
S3042L08.jpg,S3122R01.jpg,S3042L08,S3122R01,unrelated
S3042L08.jpg,S3051L07.jpg,S3042L08,S3051L07,unrelated
S3042L08.jpg,S3051L08.jpg,S3042L08,S3051L08,unrelated
S3042L08.jpg,S3051L10.jpg,S3042L08,S3051L10,unrelated
S3042L08.jpg,S3051L06.jpg,S3042L08,S3051L06,unrelated
S3042L08.jpg,S3051R01.jpg,S3042L08,S3051R01,unrelated
S3042L08.jpg,S3051R03.jpg,S3042L08,S3051R03,unrelated
S3042L08.jpg,S3052L01.jpg,S3042L08,S3052L01,unrelated
S3042L08.jpg,S3052L02.jpg,S3042L08,S3052L02,unrelated
S3042L08.jpg,S3052L03.jpg,S3042L08,S3052L03,unrelated
S3042L08.jpg,S3052R01.jpg,S3042L08,S3052R01,unrelated
S3042L08.jpg,S3011L07.jpg,S3042L08,S3011L07,unrelated
S3042L08.jpg,S3011R01.jpg,S3042L08,S3011R01,unrelated
S3042L08.jpg,S3011R02.jpg,S3042L08,S3011R02,unrelated
S3042L08.jpg,S3012L07.jpg,S3042L08,S3012L07,unrelated
S3042L08.jpg,S3012L02.jpg,S3042L08,S3012L02,unrelated
S3042L08.jpg,S3012R07.jpg,S3042L08,S3012R07,unrelated
S3042R07.jpg,S3042R08.jpg,S3042R07,S3042R08,genuine
S3042R07.jpg,S3002L02.jpg,S3042R07,S3002L02,unrelated
S3042R07.jpg,S3082R05.jpg,S3042R07,S3082R05,unrelated
S3042R07.jpg,S3082R02.jpg,S3042R07,S3082R02,unrelated
S3042R07.jpg,S3082R06.jpg,S3042R07,S3082R06,unrelated
S3042R07.jpg,S3082R01.jpg,S3042R07,S3082R01,unrelated
S3042R07.jpg,S3082R04.jpg,S3042R07,S3082R04,unrelated
S3042R07.jpg,S3061L03.jpg,S3042R07,S3061L03,unrelated
S3042R07.jpg,S3061L02.jpg,S3042R07,S3061L02,unrelated
S3042R07.jpg,S3061R01.jpg,S3042R07,S3061R01,unrelated
S3042R07.jpg,S3061R04.jpg,S3042R07,S3061R04,unrelated
S3042R07.jpg,S3061R07.jpg,S3042R07,S3061R07,unrelated
S3042R07.jpg,S3061R08.jpg,S3042R07,S3061R08,unrelated
S3042R07.jpg,S3062L03.jpg,S3042R07,S3062L03,unrelated
S3042R07.jpg,S3062L05.jpg,S3042R07,S3062L05,unrelated
S3042R07.jpg,S3062L07.jpg,S3042R07,S3062L07,unrelated
S3042R07.jpg,S3062L06.jpg,S3042R07,S3062L06,unrelated
S3042R07.jpg,S3062L04.jpg,S3042R07,S3062L04,unrelated
S3042R07.jpg,S3062R02.jpg,S3042R07,S3062R02,unrelated
S3042R07.jpg,S3062R09.jpg,S3042R07,S3062R09,unrelated
S3042R07.jpg,S3062R10.jpg,S3042R07,S3062R10,unrelated
S3042R07.jpg,S3062R07.jpg,S3042R07,S3062R07,unrelated
S3042R07.jpg,S3062R08.jpg,S3042R07,S3062R08,unrelated
S3042R07.jpg,S3021L04.jpg,S3042R07,S3021L04,unrelated
S3042R07.jpg,S3021L03.jpg,S3042R07,S3021L03,unrelated
S3042R07.jpg,S3021L06.jpg,S3042R07,S3021L06,unrelated
S3042R07.jpg,S3021L02.jpg,S3042R07,S3021L02,unrelated
S3042R07.jpg,S3021L01.jpg,S3042R07,S3021L01,unrelated
S3042R07.jpg,S3021R09.jpg,S3042R07,S3021R09,unrelated
S3042R07.jpg,S3021R01.jpg,S3042R07,S3021R01,unrelated
S3042R07.jpg,S3021R02.jpg,S3042R07,S3021R02,unrelated
S3042R07.jpg,S3021R07.jpg,S3042R07,S3021R07,unrelated
S3042R07.jpg,S3021R06.jpg,S3042R07,S3021R06,unrelated
S3042R07.jpg,S3022L01.jpg,S3042R07,S3022L01,unrelated
S3042R07.jpg,S3022R01.jpg,S3042R07,S3022R01,unrelated
S3042R07.jpg,S3022R02.jpg,S3042R07,S3022R02,unrelated
S3042R07.jpg,S3101L08.jpg,S3042R07,S3101L08,unrelated
S3042R07.jpg,S3101L04.jpg,S3042R07,S3101L04,unrelated
S3042R07.jpg,S3101L02.jpg,S3042R07,S3101L02,unrelated
S3042R07.jpg,S3101L09.jpg,S3042R07,S3101L09,unrelated
S3042R07.jpg,S3101L10.jpg,S3042R07,S3101L10,unrelated
S3042R07.jpg,S3101R07.jpg,S3042R07,S3101R07,unrelated
S3042R07.jpg,S3101R04.jpg,S3042R07,S3101R04,unrelated
S3042R07.jpg,S3101R03.jpg,S3042R07,S3101R03,unrelated
S3042R07.jpg,S3101R02.jpg,S3042R07,S3101R02,unrelated
S3042R07.jpg,S3101R05.jpg,S3042R07,S3101R05,unrelated
S3042R07.jpg,S3102L10.jpg,S3042R07,S3102L10,unrelated
S3042R07.jpg,S3102L09.jpg,S3042R07,S3102L09,unrelated
S3042R07.jpg,S3102L01.jpg,S3042R07,S3102L01,unrelated
S3042R07.jpg,S3102L07.jpg,S3042R07,S3102L07,unrelated
S3042R07.jpg,S3102L06.jpg,S3042R07,S3102L06,unrelated
S3042R07.jpg,S3102R07.jpg,S3042R07,S3102R07,unrelated
S3042R07.jpg,S3102R08.jpg,S3042R07,S3102R08,unrelated
S3042R07.jpg,S3102R02.jpg,S3042R07,S3102R02,unrelated
S3042R07.jpg,S3102R06.jpg,S3042R07,S3102R06,unrelated
S3042R07.jpg,S3102R09.jpg,S3042R07,S3102R09,unrelated
S3042R07.jpg,S3151L06.jpg,S3042R07,S3151L06,unrelated
S3042R07.jpg,S3151L04.jpg,S3042R07,S3151L04,unrelated
S3042R07.jpg,S3151L03.jpg,S3042R07,S3151L03,unrelated
S3042R07.jpg,S3151L05.jpg,S3042R07,S3151L05,unrelated
S3042R07.jpg,S3151L07.jpg,S3042R07,S3151L07,unrelated
S3042R07.jpg,S3151R03.jpg,S3042R07,S3151R03,unrelated
S3042R07.jpg,S3151R01.jpg,S3042R07,S3151R01,unrelated
S3042R07.jpg,S3151R02.jpg,S3042R07,S3151R02,unrelated
S3042R07.jpg,S3152R04.jpg,S3042R07,S3152R04,unrelated
S3042R07.jpg,S3152R03.jpg,S3042R07,S3152R03,unrelated
S3042R07.jpg,S3152R02.jpg,S3042R07,S3152R02,unrelated
S3042R07.jpg,S3152R07.jpg,S3042R07,S3152R07,unrelated
S3042R07.jpg,S3181R04.jpg,S3042R07,S3181R04,unrelated
S3042R07.jpg,S3181R05.jpg,S3042R07,S3181R05,unrelated
S3042R07.jpg,S3182L01.jpg,S3042R07,S3182L01,unrelated
S3042R07.jpg,S3182R05.jpg,S3042R07,S3182R05,unrelated
S3042R07.jpg,S3182R06.jpg,S3042R07,S3182R06,unrelated
S3042R07.jpg,S3182R04.jpg,S3042R07,S3182R04,unrelated
S3042R07.jpg,S3182R03.jpg,S3042R07,S3182R03,unrelated
S3042R07.jpg,S3182R07.jpg,S3042R07,S3182R07,unrelated
S3042R07.jpg,S3141L03.jpg,S3042R07,S3141L03,unrelated
S3042R07.jpg,S3141R07.jpg,S3042R07,S3141R07,unrelated
S3042R07.jpg,S3141R10.jpg,S3042R07,S3141R10,unrelated
S3042R07.jpg,S3141R04.jpg,S3042R07,S3141R04,unrelated
S3042R07.jpg,S3141R06.jpg,S3042R07,S3141R06,unrelated
S3042R07.jpg,S3142L03.jpg,S3042R07,S3142L03,unrelated
S3042R07.jpg,S3142L02.jpg,S3042R07,S3142L02,unrelated
S3042R07.jpg,S3142L04.jpg,S3042R07,S3142L04,unrelated
S3042R07.jpg,S3142L07.jpg,S3042R07,S3142L07,unrelated
S3042R07.jpg,S3142R08.jpg,S3042R07,S3142R08,unrelated
S3042R07.jpg,S3142R07.jpg,S3042R07,S3142R07,unrelated
S3042R07.jpg,S3142R10.jpg,S3042R07,S3142R10,unrelated
S3042R07.jpg,S3142R09.jpg,S3042R07,S3142R09,unrelated
S3042R07.jpg,S3121L03.jpg,S3042R07,S3121L03,unrelated
S3042R07.jpg,S3121L02.jpg,S3042R07,S3121L02,unrelated
S3042R07.jpg,S3121L01.jpg,S3042R07,S3121L01,unrelated
S3042R07.jpg,S3121R04.jpg,S3042R07,S3121R04,unrelated
S3042R07.jpg,S3121R02.jpg,S3042R07,S3121R02,unrelated
S3042R07.jpg,S3121R01.jpg,S3042R07,S3121R01,unrelated
S3042R07.jpg,S3121R08.jpg,S3042R07,S3121R08,unrelated
S3042R07.jpg,S3121R07.jpg,S3042R07,S3121R07,unrelated
S3042R07.jpg,S3122L09.jpg,S3042R07,S3122L09,unrelated
S3042R07.jpg,S3122L07.jpg,S3042R07,S3122L07,unrelated
S3042R07.jpg,S3122L10.jpg,S3042R07,S3122L10,unrelated
S3042R07.jpg,S3122L01.jpg,S3042R07,S3122L01,unrelated
S3042R07.jpg,S3122L05.jpg,S3042R07,S3122L05,unrelated
S3042R07.jpg,S3122R02.jpg,S3042R07,S3122R02,unrelated
S3042R07.jpg,S3122R04.jpg,S3042R07,S3122R04,unrelated
S3042R07.jpg,S3122R03.jpg,S3042R07,S3122R03,unrelated
S3042R07.jpg,S3122R01.jpg,S3042R07,S3122R01,unrelated
S3042R07.jpg,S3051L07.jpg,S3042R07,S3051L07,unrelated
S3042R07.jpg,S3051L08.jpg,S3042R07,S3051L08,unrelated
S3042R07.jpg,S3051L10.jpg,S3042R07,S3051L10,unrelated
S3042R07.jpg,S3051L06.jpg,S3042R07,S3051L06,unrelated
S3042R07.jpg,S3051R01.jpg,S3042R07,S3051R01,unrelated
S3042R07.jpg,S3051R03.jpg,S3042R07,S3051R03,unrelated
S3042R07.jpg,S3052L01.jpg,S3042R07,S3052L01,unrelated
S3042R07.jpg,S3052L02.jpg,S3042R07,S3052L02,unrelated
S3042R07.jpg,S3052L03.jpg,S3042R07,S3052L03,unrelated
S3042R07.jpg,S3052R01.jpg,S3042R07,S3052R01,unrelated
S3042R07.jpg,S3011L07.jpg,S3042R07,S3011L07,unrelated
S3042R07.jpg,S3011R01.jpg,S3042R07,S3011R01,unrelated
S3042R07.jpg,S3011R02.jpg,S3042R07,S3011R02,unrelated
S3042R07.jpg,S3012L07.jpg,S3042R07,S3012L07,unrelated
S3042R07.jpg,S3012L02.jpg,S3042R07,S3012L02,unrelated
S3042R07.jpg,S3012R07.jpg,S3042R07,S3012R07,unrelated
S3042R08.jpg,S3002L02.jpg,S3042R08,S3002L02,unrelated
S3042R08.jpg,S3082R05.jpg,S3042R08,S3082R05,unrelated
S3042R08.jpg,S3082R02.jpg,S3042R08,S3082R02,unrelated
S3042R08.jpg,S3082R06.jpg,S3042R08,S3082R06,unrelated
S3042R08.jpg,S3082R01.jpg,S3042R08,S3082R01,unrelated
S3042R08.jpg,S3082R04.jpg,S3042R08,S3082R04,unrelated
S3042R08.jpg,S3061L03.jpg,S3042R08,S3061L03,unrelated
S3042R08.jpg,S3061L02.jpg,S3042R08,S3061L02,unrelated
S3042R08.jpg,S3061R01.jpg,S3042R08,S3061R01,unrelated
S3042R08.jpg,S3061R04.jpg,S3042R08,S3061R04,unrelated
S3042R08.jpg,S3061R07.jpg,S3042R08,S3061R07,unrelated
S3042R08.jpg,S3061R08.jpg,S3042R08,S3061R08,unrelated
S3042R08.jpg,S3062L03.jpg,S3042R08,S3062L03,unrelated
S3042R08.jpg,S3062L05.jpg,S3042R08,S3062L05,unrelated
S3042R08.jpg,S3062L07.jpg,S3042R08,S3062L07,unrelated
S3042R08.jpg,S3062L06.jpg,S3042R08,S3062L06,unrelated
S3042R08.jpg,S3062L04.jpg,S3042R08,S3062L04,unrelated
S3042R08.jpg,S3062R02.jpg,S3042R08,S3062R02,unrelated
S3042R08.jpg,S3062R09.jpg,S3042R08,S3062R09,unrelated
S3042R08.jpg,S3062R10.jpg,S3042R08,S3062R10,unrelated
S3042R08.jpg,S3062R07.jpg,S3042R08,S3062R07,unrelated
S3042R08.jpg,S3062R08.jpg,S3042R08,S3062R08,unrelated
S3042R08.jpg,S3021L04.jpg,S3042R08,S3021L04,unrelated
S3042R08.jpg,S3021L03.jpg,S3042R08,S3021L03,unrelated
S3042R08.jpg,S3021L06.jpg,S3042R08,S3021L06,unrelated
S3042R08.jpg,S3021L02.jpg,S3042R08,S3021L02,unrelated
S3042R08.jpg,S3021L01.jpg,S3042R08,S3021L01,unrelated
S3042R08.jpg,S3021R09.jpg,S3042R08,S3021R09,unrelated
S3042R08.jpg,S3021R01.jpg,S3042R08,S3021R01,unrelated
S3042R08.jpg,S3021R02.jpg,S3042R08,S3021R02,unrelated
S3042R08.jpg,S3021R07.jpg,S3042R08,S3021R07,unrelated
S3042R08.jpg,S3021R06.jpg,S3042R08,S3021R06,unrelated
S3042R08.jpg,S3022L01.jpg,S3042R08,S3022L01,unrelated
S3042R08.jpg,S3022R01.jpg,S3042R08,S3022R01,unrelated
S3042R08.jpg,S3022R02.jpg,S3042R08,S3022R02,unrelated
S3042R08.jpg,S3101L08.jpg,S3042R08,S3101L08,unrelated
S3042R08.jpg,S3101L04.jpg,S3042R08,S3101L04,unrelated
S3042R08.jpg,S3101L02.jpg,S3042R08,S3101L02,unrelated
S3042R08.jpg,S3101L09.jpg,S3042R08,S3101L09,unrelated
S3042R08.jpg,S3101L10.jpg,S3042R08,S3101L10,unrelated
S3042R08.jpg,S3101R07.jpg,S3042R08,S3101R07,unrelated
S3042R08.jpg,S3101R04.jpg,S3042R08,S3101R04,unrelated
S3042R08.jpg,S3101R03.jpg,S3042R08,S3101R03,unrelated
S3042R08.jpg,S3101R02.jpg,S3042R08,S3101R02,unrelated
S3042R08.jpg,S3101R05.jpg,S3042R08,S3101R05,unrelated
S3042R08.jpg,S3102L10.jpg,S3042R08,S3102L10,unrelated
S3042R08.jpg,S3102L09.jpg,S3042R08,S3102L09,unrelated
S3042R08.jpg,S3102L01.jpg,S3042R08,S3102L01,unrelated
S3042R08.jpg,S3102L07.jpg,S3042R08,S3102L07,unrelated
S3042R08.jpg,S3102L06.jpg,S3042R08,S3102L06,unrelated
S3042R08.jpg,S3102R07.jpg,S3042R08,S3102R07,unrelated
S3042R08.jpg,S3102R08.jpg,S3042R08,S3102R08,unrelated
S3042R08.jpg,S3102R02.jpg,S3042R08,S3102R02,unrelated
S3042R08.jpg,S3102R06.jpg,S3042R08,S3102R06,unrelated
S3042R08.jpg,S3102R09.jpg,S3042R08,S3102R09,unrelated
S3042R08.jpg,S3151L06.jpg,S3042R08,S3151L06,unrelated
S3042R08.jpg,S3151L04.jpg,S3042R08,S3151L04,unrelated
S3042R08.jpg,S3151L03.jpg,S3042R08,S3151L03,unrelated
S3042R08.jpg,S3151L05.jpg,S3042R08,S3151L05,unrelated
S3042R08.jpg,S3151L07.jpg,S3042R08,S3151L07,unrelated
S3042R08.jpg,S3151R03.jpg,S3042R08,S3151R03,unrelated
S3042R08.jpg,S3151R01.jpg,S3042R08,S3151R01,unrelated
S3042R08.jpg,S3151R02.jpg,S3042R08,S3151R02,unrelated
S3042R08.jpg,S3152R04.jpg,S3042R08,S3152R04,unrelated
S3042R08.jpg,S3152R03.jpg,S3042R08,S3152R03,unrelated
S3042R08.jpg,S3152R02.jpg,S3042R08,S3152R02,unrelated
S3042R08.jpg,S3152R07.jpg,S3042R08,S3152R07,unrelated
S3042R08.jpg,S3181R04.jpg,S3042R08,S3181R04,unrelated
S3042R08.jpg,S3181R05.jpg,S3042R08,S3181R05,unrelated
S3042R08.jpg,S3182L01.jpg,S3042R08,S3182L01,unrelated
S3042R08.jpg,S3182R05.jpg,S3042R08,S3182R05,unrelated
S3042R08.jpg,S3182R06.jpg,S3042R08,S3182R06,unrelated
S3042R08.jpg,S3182R04.jpg,S3042R08,S3182R04,unrelated
S3042R08.jpg,S3182R03.jpg,S3042R08,S3182R03,unrelated
S3042R08.jpg,S3182R07.jpg,S3042R08,S3182R07,unrelated
S3042R08.jpg,S3141L03.jpg,S3042R08,S3141L03,unrelated
S3042R08.jpg,S3141R07.jpg,S3042R08,S3141R07,unrelated
S3042R08.jpg,S3141R10.jpg,S3042R08,S3141R10,unrelated
S3042R08.jpg,S3141R04.jpg,S3042R08,S3141R04,unrelated
S3042R08.jpg,S3141R06.jpg,S3042R08,S3141R06,unrelated
S3042R08.jpg,S3142L03.jpg,S3042R08,S3142L03,unrelated
S3042R08.jpg,S3142L02.jpg,S3042R08,S3142L02,unrelated
S3042R08.jpg,S3142L04.jpg,S3042R08,S3142L04,unrelated
S3042R08.jpg,S3142L07.jpg,S3042R08,S3142L07,unrelated
S3042R08.jpg,S3142R08.jpg,S3042R08,S3142R08,unrelated
S3042R08.jpg,S3142R07.jpg,S3042R08,S3142R07,unrelated
S3042R08.jpg,S3142R10.jpg,S3042R08,S3142R10,unrelated
S3042R08.jpg,S3142R09.jpg,S3042R08,S3142R09,unrelated
S3042R08.jpg,S3121L03.jpg,S3042R08,S3121L03,unrelated
S3042R08.jpg,S3121L02.jpg,S3042R08,S3121L02,unrelated
S3042R08.jpg,S3121L01.jpg,S3042R08,S3121L01,unrelated
S3042R08.jpg,S3121R04.jpg,S3042R08,S3121R04,unrelated
S3042R08.jpg,S3121R02.jpg,S3042R08,S3121R02,unrelated
S3042R08.jpg,S3121R01.jpg,S3042R08,S3121R01,unrelated
S3042R08.jpg,S3121R08.jpg,S3042R08,S3121R08,unrelated
S3042R08.jpg,S3121R07.jpg,S3042R08,S3121R07,unrelated
S3042R08.jpg,S3122L09.jpg,S3042R08,S3122L09,unrelated
S3042R08.jpg,S3122L07.jpg,S3042R08,S3122L07,unrelated
S3042R08.jpg,S3122L10.jpg,S3042R08,S3122L10,unrelated
S3042R08.jpg,S3122L01.jpg,S3042R08,S3122L01,unrelated
S3042R08.jpg,S3122L05.jpg,S3042R08,S3122L05,unrelated
S3042R08.jpg,S3122R02.jpg,S3042R08,S3122R02,unrelated
S3042R08.jpg,S3122R04.jpg,S3042R08,S3122R04,unrelated
S3042R08.jpg,S3122R03.jpg,S3042R08,S3122R03,unrelated
S3042R08.jpg,S3122R01.jpg,S3042R08,S3122R01,unrelated
S3042R08.jpg,S3051L07.jpg,S3042R08,S3051L07,unrelated
S3042R08.jpg,S3051L08.jpg,S3042R08,S3051L08,unrelated
S3042R08.jpg,S3051L10.jpg,S3042R08,S3051L10,unrelated
S3042R08.jpg,S3051L06.jpg,S3042R08,S3051L06,unrelated
S3042R08.jpg,S3051R01.jpg,S3042R08,S3051R01,unrelated
S3042R08.jpg,S3051R03.jpg,S3042R08,S3051R03,unrelated
S3042R08.jpg,S3052L01.jpg,S3042R08,S3052L01,unrelated
S3042R08.jpg,S3052L02.jpg,S3042R08,S3052L02,unrelated
S3042R08.jpg,S3052L03.jpg,S3042R08,S3052L03,unrelated
S3042R08.jpg,S3052R01.jpg,S3042R08,S3052R01,unrelated
S3042R08.jpg,S3011L07.jpg,S3042R08,S3011L07,unrelated
S3042R08.jpg,S3011R01.jpg,S3042R08,S3011R01,unrelated
S3042R08.jpg,S3011R02.jpg,S3042R08,S3011R02,unrelated
S3042R08.jpg,S3012L07.jpg,S3042R08,S3012L07,unrelated
S3042R08.jpg,S3012L02.jpg,S3042R08,S3012L02,unrelated
S3042R08.jpg,S3012R07.jpg,S3042R08,S3012R07,unrelated
S3002L02.jpg,S3082R05.jpg,S3002L02,S3082R05,unrelated
S3002L02.jpg,S3082R02.jpg,S3002L02,S3082R02,unrelated
S3002L02.jpg,S3082R06.jpg,S3002L02,S3082R06,unrelated
S3002L02.jpg,S3082R01.jpg,S3002L02,S3082R01,unrelated
S3002L02.jpg,S3082R04.jpg,S3002L02,S3082R04,unrelated
S3002L02.jpg,S3061L03.jpg,S3002L02,S3061L03,unrelated
S3002L02.jpg,S3061L02.jpg,S3002L02,S3061L02,unrelated
S3002L02.jpg,S3061R01.jpg,S3002L02,S3061R01,unrelated
S3002L02.jpg,S3061R04.jpg,S3002L02,S3061R04,unrelated
S3002L02.jpg,S3061R07.jpg,S3002L02,S3061R07,unrelated
S3002L02.jpg,S3061R08.jpg,S3002L02,S3061R08,unrelated
S3002L02.jpg,S3062L03.jpg,S3002L02,S3062L03,unrelated
S3002L02.jpg,S3062L05.jpg,S3002L02,S3062L05,unrelated
S3002L02.jpg,S3062L07.jpg,S3002L02,S3062L07,unrelated
S3002L02.jpg,S3062L06.jpg,S3002L02,S3062L06,unrelated
S3002L02.jpg,S3062L04.jpg,S3002L02,S3062L04,unrelated
S3002L02.jpg,S3062R02.jpg,S3002L02,S3062R02,unrelated
S3002L02.jpg,S3062R09.jpg,S3002L02,S3062R09,unrelated
S3002L02.jpg,S3062R10.jpg,S3002L02,S3062R10,unrelated
S3002L02.jpg,S3062R07.jpg,S3002L02,S3062R07,unrelated
S3002L02.jpg,S3062R08.jpg,S3002L02,S3062R08,unrelated
S3002L02.jpg,S3021L04.jpg,S3002L02,S3021L04,unrelated
S3002L02.jpg,S3021L03.jpg,S3002L02,S3021L03,unrelated
S3002L02.jpg,S3021L06.jpg,S3002L02,S3021L06,unrelated
S3002L02.jpg,S3021L02.jpg,S3002L02,S3021L02,unrelated
S3002L02.jpg,S3021L01.jpg,S3002L02,S3021L01,unrelated
S3002L02.jpg,S3021R09.jpg,S3002L02,S3021R09,unrelated
S3002L02.jpg,S3021R01.jpg,S3002L02,S3021R01,unrelated
S3002L02.jpg,S3021R02.jpg,S3002L02,S3021R02,unrelated
S3002L02.jpg,S3021R07.jpg,S3002L02,S3021R07,unrelated
S3002L02.jpg,S3021R06.jpg,S3002L02,S3021R06,unrelated
S3002L02.jpg,S3022L01.jpg,S3002L02,S3022L01,unrelated
S3002L02.jpg,S3022R01.jpg,S3002L02,S3022R01,unrelated
S3002L02.jpg,S3022R02.jpg,S3002L02,S3022R02,unrelated
S3002L02.jpg,S3101L08.jpg,S3002L02,S3101L08,unrelated
S3002L02.jpg,S3101L04.jpg,S3002L02,S3101L04,unrelated
S3002L02.jpg,S3101L02.jpg,S3002L02,S3101L02,unrelated
S3002L02.jpg,S3101L09.jpg,S3002L02,S3101L09,unrelated
S3002L02.jpg,S3101L10.jpg,S3002L02,S3101L10,unrelated
S3002L02.jpg,S3101R07.jpg,S3002L02,S3101R07,unrelated
S3002L02.jpg,S3101R04.jpg,S3002L02,S3101R04,unrelated
S3002L02.jpg,S3101R03.jpg,S3002L02,S3101R03,unrelated
S3002L02.jpg,S3101R02.jpg,S3002L02,S3101R02,unrelated
S3002L02.jpg,S3101R05.jpg,S3002L02,S3101R05,unrelated
S3002L02.jpg,S3102L10.jpg,S3002L02,S3102L10,unrelated
S3002L02.jpg,S3102L09.jpg,S3002L02,S3102L09,unrelated
S3002L02.jpg,S3102L01.jpg,S3002L02,S3102L01,unrelated
S3002L02.jpg,S3102L07.jpg,S3002L02,S3102L07,unrelated
S3002L02.jpg,S3102L06.jpg,S3002L02,S3102L06,unrelated
S3002L02.jpg,S3102R07.jpg,S3002L02,S3102R07,unrelated
S3002L02.jpg,S3102R08.jpg,S3002L02,S3102R08,unrelated
S3002L02.jpg,S3102R02.jpg,S3002L02,S3102R02,unrelated
S3002L02.jpg,S3102R06.jpg,S3002L02,S3102R06,unrelated
S3002L02.jpg,S3102R09.jpg,S3002L02,S3102R09,unrelated
S3002L02.jpg,S3151L06.jpg,S3002L02,S3151L06,unrelated
S3002L02.jpg,S3151L04.jpg,S3002L02,S3151L04,unrelated
S3002L02.jpg,S3151L03.jpg,S3002L02,S3151L03,unrelated
S3002L02.jpg,S3151L05.jpg,S3002L02,S3151L05,unrelated
S3002L02.jpg,S3151L07.jpg,S3002L02,S3151L07,unrelated
S3002L02.jpg,S3151R03.jpg,S3002L02,S3151R03,unrelated
S3002L02.jpg,S3151R01.jpg,S3002L02,S3151R01,unrelated
S3002L02.jpg,S3151R02.jpg,S3002L02,S3151R02,unrelated
S3002L02.jpg,S3152R04.jpg,S3002L02,S3152R04,unrelated
S3002L02.jpg,S3152R03.jpg,S3002L02,S3152R03,unrelated
S3002L02.jpg,S3152R02.jpg,S3002L02,S3152R02,unrelated
S3002L02.jpg,S3152R07.jpg,S3002L02,S3152R07,unrelated
S3002L02.jpg,S3181R04.jpg,S3002L02,S3181R04,unrelated
S3002L02.jpg,S3181R05.jpg,S3002L02,S3181R05,unrelated
S3002L02.jpg,S3182L01.jpg,S3002L02,S3182L01,unrelated
S3002L02.jpg,S3182R05.jpg,S3002L02,S3182R05,unrelated
S3002L02.jpg,S3182R06.jpg,S3002L02,S3182R06,unrelated
S3002L02.jpg,S3182R04.jpg,S3002L02,S3182R04,unrelated
S3002L02.jpg,S3182R03.jpg,S3002L02,S3182R03,unrelated
S3002L02.jpg,S3182R07.jpg,S3002L02,S3182R07,unrelated
S3002L02.jpg,S3141L03.jpg,S3002L02,S3141L03,unrelated
S3002L02.jpg,S3141R07.jpg,S3002L02,S3141R07,unrelated
S3002L02.jpg,S3141R10.jpg,S3002L02,S3141R10,unrelated
S3002L02.jpg,S3141R04.jpg,S3002L02,S3141R04,unrelated
S3002L02.jpg,S3141R06.jpg,S3002L02,S3141R06,unrelated
S3002L02.jpg,S3142L03.jpg,S3002L02,S3142L03,unrelated
S3002L02.jpg,S3142L02.jpg,S3002L02,S3142L02,unrelated
S3002L02.jpg,S3142L04.jpg,S3002L02,S3142L04,unrelated
S3002L02.jpg,S3142L07.jpg,S3002L02,S3142L07,unrelated
S3002L02.jpg,S3142R08.jpg,S3002L02,S3142R08,unrelated
S3002L02.jpg,S3142R07.jpg,S3002L02,S3142R07,unrelated
S3002L02.jpg,S3142R10.jpg,S3002L02,S3142R10,unrelated
S3002L02.jpg,S3142R09.jpg,S3002L02,S3142R09,unrelated
S3002L02.jpg,S3121L03.jpg,S3002L02,S3121L03,unrelated
S3002L02.jpg,S3121L02.jpg,S3002L02,S3121L02,unrelated
S3002L02.jpg,S3121L01.jpg,S3002L02,S3121L01,unrelated
S3002L02.jpg,S3121R04.jpg,S3002L02,S3121R04,unrelated
S3002L02.jpg,S3121R02.jpg,S3002L02,S3121R02,unrelated
S3002L02.jpg,S3121R01.jpg,S3002L02,S3121R01,unrelated
S3002L02.jpg,S3121R08.jpg,S3002L02,S3121R08,unrelated
S3002L02.jpg,S3121R07.jpg,S3002L02,S3121R07,unrelated
S3002L02.jpg,S3122L09.jpg,S3002L02,S3122L09,unrelated
S3002L02.jpg,S3122L07.jpg,S3002L02,S3122L07,unrelated
S3002L02.jpg,S3122L10.jpg,S3002L02,S3122L10,unrelated
S3002L02.jpg,S3122L01.jpg,S3002L02,S3122L01,unrelated
S3002L02.jpg,S3122L05.jpg,S3002L02,S3122L05,unrelated
S3002L02.jpg,S3122R02.jpg,S3002L02,S3122R02,unrelated
S3002L02.jpg,S3122R04.jpg,S3002L02,S3122R04,unrelated
S3002L02.jpg,S3122R03.jpg,S3002L02,S3122R03,unrelated
S3002L02.jpg,S3122R01.jpg,S3002L02,S3122R01,unrelated
S3002L02.jpg,S3051L07.jpg,S3002L02,S3051L07,unrelated
S3002L02.jpg,S3051L08.jpg,S3002L02,S3051L08,unrelated
S3002L02.jpg,S3051L10.jpg,S3002L02,S3051L10,unrelated
S3002L02.jpg,S3051L06.jpg,S3002L02,S3051L06,unrelated
S3002L02.jpg,S3051R01.jpg,S3002L02,S3051R01,unrelated
S3002L02.jpg,S3051R03.jpg,S3002L02,S3051R03,unrelated
S3002L02.jpg,S3052L01.jpg,S3002L02,S3052L01,unrelated
S3002L02.jpg,S3052L02.jpg,S3002L02,S3052L02,unrelated
S3002L02.jpg,S3052L03.jpg,S3002L02,S3052L03,unrelated
S3002L02.jpg,S3052R01.jpg,S3002L02,S3052R01,unrelated
S3002L02.jpg,S3011L07.jpg,S3002L02,S3011L07,unrelated
S3002L02.jpg,S3011R01.jpg,S3002L02,S3011R01,unrelated
S3002L02.jpg,S3011R02.jpg,S3002L02,S3011R02,unrelated
S3002L02.jpg,S3012L07.jpg,S3002L02,S3012L07,unrelated
S3002L02.jpg,S3012L02.jpg,S3002L02,S3012L02,unrelated
S3002L02.jpg,S3012R07.jpg,S3002L02,S3012R07,unrelated
S3082R05.jpg,S3082R02.jpg,S3082R05,S3082R02,genuine
S3082R05.jpg,S3082R06.jpg,S3082R05,S3082R06,genuine
S3082R05.jpg,S3082R01.jpg,S3082R05,S3082R01,genuine
S3082R05.jpg,S3082R04.jpg,S3082R05,S3082R04,genuine
S3082R05.jpg,S3061L03.jpg,S3082R05,S3061L03,unrelated
S3082R05.jpg,S3061L02.jpg,S3082R05,S3061L02,unrelated
S3082R05.jpg,S3061R01.jpg,S3082R05,S3061R01,unrelated
S3082R05.jpg,S3061R04.jpg,S3082R05,S3061R04,unrelated
S3082R05.jpg,S3061R07.jpg,S3082R05,S3061R07,unrelated
S3082R05.jpg,S3061R08.jpg,S3082R05,S3061R08,unrelated
S3082R05.jpg,S3062L03.jpg,S3082R05,S3062L03,unrelated
S3082R05.jpg,S3062L05.jpg,S3082R05,S3062L05,unrelated
S3082R05.jpg,S3062L07.jpg,S3082R05,S3062L07,unrelated
S3082R05.jpg,S3062L06.jpg,S3082R05,S3062L06,unrelated
S3082R05.jpg,S3062L04.jpg,S3082R05,S3062L04,unrelated
S3082R05.jpg,S3062R02.jpg,S3082R05,S3062R02,unrelated
S3082R05.jpg,S3062R09.jpg,S3082R05,S3062R09,unrelated
S3082R05.jpg,S3062R10.jpg,S3082R05,S3062R10,unrelated
S3082R05.jpg,S3062R07.jpg,S3082R05,S3062R07,unrelated
S3082R05.jpg,S3062R08.jpg,S3082R05,S3062R08,unrelated
S3082R05.jpg,S3021L04.jpg,S3082R05,S3021L04,unrelated
S3082R05.jpg,S3021L03.jpg,S3082R05,S3021L03,unrelated
S3082R05.jpg,S3021L06.jpg,S3082R05,S3021L06,unrelated
S3082R05.jpg,S3021L02.jpg,S3082R05,S3021L02,unrelated
S3082R05.jpg,S3021L01.jpg,S3082R05,S3021L01,unrelated
S3082R05.jpg,S3021R09.jpg,S3082R05,S3021R09,unrelated
S3082R05.jpg,S3021R01.jpg,S3082R05,S3021R01,unrelated
S3082R05.jpg,S3021R02.jpg,S3082R05,S3021R02,unrelated
S3082R05.jpg,S3021R07.jpg,S3082R05,S3021R07,unrelated
S3082R05.jpg,S3021R06.jpg,S3082R05,S3021R06,unrelated
S3082R05.jpg,S3022L01.jpg,S3082R05,S3022L01,unrelated
S3082R05.jpg,S3022R01.jpg,S3082R05,S3022R01,unrelated
S3082R05.jpg,S3022R02.jpg,S3082R05,S3022R02,unrelated
S3082R05.jpg,S3101L08.jpg,S3082R05,S3101L08,unrelated
S3082R05.jpg,S3101L04.jpg,S3082R05,S3101L04,unrelated
S3082R05.jpg,S3101L02.jpg,S3082R05,S3101L02,unrelated
S3082R05.jpg,S3101L09.jpg,S3082R05,S3101L09,unrelated
S3082R05.jpg,S3101L10.jpg,S3082R05,S3101L10,unrelated
S3082R05.jpg,S3101R07.jpg,S3082R05,S3101R07,unrelated
S3082R05.jpg,S3101R04.jpg,S3082R05,S3101R04,unrelated
S3082R05.jpg,S3101R03.jpg,S3082R05,S3101R03,unrelated
S3082R05.jpg,S3101R02.jpg,S3082R05,S3101R02,unrelated
S3082R05.jpg,S3101R05.jpg,S3082R05,S3101R05,unrelated
S3082R05.jpg,S3102L10.jpg,S3082R05,S3102L10,unrelated
S3082R05.jpg,S3102L09.jpg,S3082R05,S3102L09,unrelated
S3082R05.jpg,S3102L01.jpg,S3082R05,S3102L01,unrelated
S3082R05.jpg,S3102L07.jpg,S3082R05,S3102L07,unrelated
S3082R05.jpg,S3102L06.jpg,S3082R05,S3102L06,unrelated
S3082R05.jpg,S3102R07.jpg,S3082R05,S3102R07,unrelated
S3082R05.jpg,S3102R08.jpg,S3082R05,S3102R08,unrelated
S3082R05.jpg,S3102R02.jpg,S3082R05,S3102R02,unrelated
S3082R05.jpg,S3102R06.jpg,S3082R05,S3102R06,unrelated
S3082R05.jpg,S3102R09.jpg,S3082R05,S3102R09,unrelated
S3082R05.jpg,S3151L06.jpg,S3082R05,S3151L06,unrelated
S3082R05.jpg,S3151L04.jpg,S3082R05,S3151L04,unrelated
S3082R05.jpg,S3151L03.jpg,S3082R05,S3151L03,unrelated
S3082R05.jpg,S3151L05.jpg,S3082R05,S3151L05,unrelated
S3082R05.jpg,S3151L07.jpg,S3082R05,S3151L07,unrelated
S3082R05.jpg,S3151R03.jpg,S3082R05,S3151R03,unrelated
S3082R05.jpg,S3151R01.jpg,S3082R05,S3151R01,unrelated
S3082R05.jpg,S3151R02.jpg,S3082R05,S3151R02,unrelated
S3082R05.jpg,S3152R04.jpg,S3082R05,S3152R04,unrelated
S3082R05.jpg,S3152R03.jpg,S3082R05,S3152R03,unrelated
S3082R05.jpg,S3152R02.jpg,S3082R05,S3152R02,unrelated
S3082R05.jpg,S3152R07.jpg,S3082R05,S3152R07,unrelated
S3082R05.jpg,S3181R04.jpg,S3082R05,S3181R04,unrelated
S3082R05.jpg,S3181R05.jpg,S3082R05,S3181R05,unrelated
S3082R05.jpg,S3182L01.jpg,S3082R05,S3182L01,unrelated
S3082R05.jpg,S3182R05.jpg,S3082R05,S3182R05,unrelated
S3082R05.jpg,S3182R06.jpg,S3082R05,S3182R06,unrelated
S3082R05.jpg,S3182R04.jpg,S3082R05,S3182R04,unrelated
S3082R05.jpg,S3182R03.jpg,S3082R05,S3182R03,unrelated
S3082R05.jpg,S3182R07.jpg,S3082R05,S3182R07,unrelated
S3082R05.jpg,S3141L03.jpg,S3082R05,S3141L03,unrelated
S3082R05.jpg,S3141R07.jpg,S3082R05,S3141R07,unrelated
S3082R05.jpg,S3141R10.jpg,S3082R05,S3141R10,unrelated
S3082R05.jpg,S3141R04.jpg,S3082R05,S3141R04,unrelated
S3082R05.jpg,S3141R06.jpg,S3082R05,S3141R06,unrelated
S3082R05.jpg,S3142L03.jpg,S3082R05,S3142L03,unrelated
S3082R05.jpg,S3142L02.jpg,S3082R05,S3142L02,unrelated
S3082R05.jpg,S3142L04.jpg,S3082R05,S3142L04,unrelated
S3082R05.jpg,S3142L07.jpg,S3082R05,S3142L07,unrelated
S3082R05.jpg,S3142R08.jpg,S3082R05,S3142R08,unrelated
S3082R05.jpg,S3142R07.jpg,S3082R05,S3142R07,unrelated
S3082R05.jpg,S3142R10.jpg,S3082R05,S3142R10,unrelated
S3082R05.jpg,S3142R09.jpg,S3082R05,S3142R09,unrelated
S3082R05.jpg,S3121L03.jpg,S3082R05,S3121L03,unrelated
S3082R05.jpg,S3121L02.jpg,S3082R05,S3121L02,unrelated
S3082R05.jpg,S3121L01.jpg,S3082R05,S3121L01,unrelated
S3082R05.jpg,S3121R04.jpg,S3082R05,S3121R04,unrelated
S3082R05.jpg,S3121R02.jpg,S3082R05,S3121R02,unrelated
S3082R05.jpg,S3121R01.jpg,S3082R05,S3121R01,unrelated
S3082R05.jpg,S3121R08.jpg,S3082R05,S3121R08,unrelated
S3082R05.jpg,S3121R07.jpg,S3082R05,S3121R07,unrelated
S3082R05.jpg,S3122L09.jpg,S3082R05,S3122L09,unrelated
S3082R05.jpg,S3122L07.jpg,S3082R05,S3122L07,unrelated
S3082R05.jpg,S3122L10.jpg,S3082R05,S3122L10,unrelated
S3082R05.jpg,S3122L01.jpg,S3082R05,S3122L01,unrelated
S3082R05.jpg,S3122L05.jpg,S3082R05,S3122L05,unrelated
S3082R05.jpg,S3122R02.jpg,S3082R05,S3122R02,unrelated
S3082R05.jpg,S3122R04.jpg,S3082R05,S3122R04,unrelated
S3082R05.jpg,S3122R03.jpg,S3082R05,S3122R03,unrelated
S3082R05.jpg,S3122R01.jpg,S3082R05,S3122R01,unrelated
S3082R05.jpg,S3051L07.jpg,S3082R05,S3051L07,unrelated
S3082R05.jpg,S3051L08.jpg,S3082R05,S3051L08,unrelated
S3082R05.jpg,S3051L10.jpg,S3082R05,S3051L10,unrelated
S3082R05.jpg,S3051L06.jpg,S3082R05,S3051L06,unrelated
S3082R05.jpg,S3051R01.jpg,S3082R05,S3051R01,unrelated
S3082R05.jpg,S3051R03.jpg,S3082R05,S3051R03,unrelated
S3082R05.jpg,S3052L01.jpg,S3082R05,S3052L01,unrelated
S3082R05.jpg,S3052L02.jpg,S3082R05,S3052L02,unrelated
S3082R05.jpg,S3052L03.jpg,S3082R05,S3052L03,unrelated
S3082R05.jpg,S3052R01.jpg,S3082R05,S3052R01,unrelated
S3082R05.jpg,S3011L07.jpg,S3082R05,S3011L07,unrelated
S3082R05.jpg,S3011R01.jpg,S3082R05,S3011R01,unrelated
S3082R05.jpg,S3011R02.jpg,S3082R05,S3011R02,unrelated
S3082R05.jpg,S3012L07.jpg,S3082R05,S3012L07,unrelated
S3082R05.jpg,S3012L02.jpg,S3082R05,S3012L02,unrelated
S3082R05.jpg,S3012R07.jpg,S3082R05,S3012R07,unrelated
S3082R02.jpg,S3082R06.jpg,S3082R02,S3082R06,genuine
S3082R02.jpg,S3082R01.jpg,S3082R02,S3082R01,genuine
S3082R02.jpg,S3082R04.jpg,S3082R02,S3082R04,genuine
S3082R02.jpg,S3061L03.jpg,S3082R02,S3061L03,unrelated
S3082R02.jpg,S3061L02.jpg,S3082R02,S3061L02,unrelated
S3082R02.jpg,S3061R01.jpg,S3082R02,S3061R01,unrelated
S3082R02.jpg,S3061R04.jpg,S3082R02,S3061R04,unrelated
S3082R02.jpg,S3061R07.jpg,S3082R02,S3061R07,unrelated
S3082R02.jpg,S3061R08.jpg,S3082R02,S3061R08,unrelated
S3082R02.jpg,S3062L03.jpg,S3082R02,S3062L03,unrelated
S3082R02.jpg,S3062L05.jpg,S3082R02,S3062L05,unrelated
S3082R02.jpg,S3062L07.jpg,S3082R02,S3062L07,unrelated
S3082R02.jpg,S3062L06.jpg,S3082R02,S3062L06,unrelated
S3082R02.jpg,S3062L04.jpg,S3082R02,S3062L04,unrelated
S3082R02.jpg,S3062R02.jpg,S3082R02,S3062R02,unrelated
S3082R02.jpg,S3062R09.jpg,S3082R02,S3062R09,unrelated
S3082R02.jpg,S3062R10.jpg,S3082R02,S3062R10,unrelated
S3082R02.jpg,S3062R07.jpg,S3082R02,S3062R07,unrelated
S3082R02.jpg,S3062R08.jpg,S3082R02,S3062R08,unrelated
S3082R02.jpg,S3021L04.jpg,S3082R02,S3021L04,unrelated
S3082R02.jpg,S3021L03.jpg,S3082R02,S3021L03,unrelated
S3082R02.jpg,S3021L06.jpg,S3082R02,S3021L06,unrelated
S3082R02.jpg,S3021L02.jpg,S3082R02,S3021L02,unrelated
S3082R02.jpg,S3021L01.jpg,S3082R02,S3021L01,unrelated
S3082R02.jpg,S3021R09.jpg,S3082R02,S3021R09,unrelated
S3082R02.jpg,S3021R01.jpg,S3082R02,S3021R01,unrelated
S3082R02.jpg,S3021R02.jpg,S3082R02,S3021R02,unrelated
S3082R02.jpg,S3021R07.jpg,S3082R02,S3021R07,unrelated
S3082R02.jpg,S3021R06.jpg,S3082R02,S3021R06,unrelated
S3082R02.jpg,S3022L01.jpg,S3082R02,S3022L01,unrelated
S3082R02.jpg,S3022R01.jpg,S3082R02,S3022R01,unrelated
S3082R02.jpg,S3022R02.jpg,S3082R02,S3022R02,unrelated
S3082R02.jpg,S3101L08.jpg,S3082R02,S3101L08,unrelated
S3082R02.jpg,S3101L04.jpg,S3082R02,S3101L04,unrelated
S3082R02.jpg,S3101L02.jpg,S3082R02,S3101L02,unrelated
S3082R02.jpg,S3101L09.jpg,S3082R02,S3101L09,unrelated
S3082R02.jpg,S3101L10.jpg,S3082R02,S3101L10,unrelated
S3082R02.jpg,S3101R07.jpg,S3082R02,S3101R07,unrelated
S3082R02.jpg,S3101R04.jpg,S3082R02,S3101R04,unrelated
S3082R02.jpg,S3101R03.jpg,S3082R02,S3101R03,unrelated
S3082R02.jpg,S3101R02.jpg,S3082R02,S3101R02,unrelated
S3082R02.jpg,S3101R05.jpg,S3082R02,S3101R05,unrelated
S3082R02.jpg,S3102L10.jpg,S3082R02,S3102L10,unrelated
S3082R02.jpg,S3102L09.jpg,S3082R02,S3102L09,unrelated
S3082R02.jpg,S3102L01.jpg,S3082R02,S3102L01,unrelated
S3082R02.jpg,S3102L07.jpg,S3082R02,S3102L07,unrelated
S3082R02.jpg,S3102L06.jpg,S3082R02,S3102L06,unrelated
S3082R02.jpg,S3102R07.jpg,S3082R02,S3102R07,unrelated
S3082R02.jpg,S3102R08.jpg,S3082R02,S3102R08,unrelated
S3082R02.jpg,S3102R02.jpg,S3082R02,S3102R02,unrelated
S3082R02.jpg,S3102R06.jpg,S3082R02,S3102R06,unrelated
S3082R02.jpg,S3102R09.jpg,S3082R02,S3102R09,unrelated
S3082R02.jpg,S3151L06.jpg,S3082R02,S3151L06,unrelated
S3082R02.jpg,S3151L04.jpg,S3082R02,S3151L04,unrelated
S3082R02.jpg,S3151L03.jpg,S3082R02,S3151L03,unrelated
S3082R02.jpg,S3151L05.jpg,S3082R02,S3151L05,unrelated
S3082R02.jpg,S3151L07.jpg,S3082R02,S3151L07,unrelated
S3082R02.jpg,S3151R03.jpg,S3082R02,S3151R03,unrelated
S3082R02.jpg,S3151R01.jpg,S3082R02,S3151R01,unrelated
S3082R02.jpg,S3151R02.jpg,S3082R02,S3151R02,unrelated
S3082R02.jpg,S3152R04.jpg,S3082R02,S3152R04,unrelated
S3082R02.jpg,S3152R03.jpg,S3082R02,S3152R03,unrelated
S3082R02.jpg,S3152R02.jpg,S3082R02,S3152R02,unrelated
S3082R02.jpg,S3152R07.jpg,S3082R02,S3152R07,unrelated
S3082R02.jpg,S3181R04.jpg,S3082R02,S3181R04,unrelated
S3082R02.jpg,S3181R05.jpg,S3082R02,S3181R05,unrelated
S3082R02.jpg,S3182L01.jpg,S3082R02,S3182L01,unrelated
S3082R02.jpg,S3182R05.jpg,S3082R02,S3182R05,unrelated
S3082R02.jpg,S3182R06.jpg,S3082R02,S3182R06,unrelated
S3082R02.jpg,S3182R04.jpg,S3082R02,S3182R04,unrelated
S3082R02.jpg,S3182R03.jpg,S3082R02,S3182R03,unrelated
S3082R02.jpg,S3182R07.jpg,S3082R02,S3182R07,unrelated
S3082R02.jpg,S3141L03.jpg,S3082R02,S3141L03,unrelated
S3082R02.jpg,S3141R07.jpg,S3082R02,S3141R07,unrelated
S3082R02.jpg,S3141R10.jpg,S3082R02,S3141R10,unrelated
S3082R02.jpg,S3141R04.jpg,S3082R02,S3141R04,unrelated
S3082R02.jpg,S3141R06.jpg,S3082R02,S3141R06,unrelated
S3082R02.jpg,S3142L03.jpg,S3082R02,S3142L03,unrelated
S3082R02.jpg,S3142L02.jpg,S3082R02,S3142L02,unrelated
S3082R02.jpg,S3142L04.jpg,S3082R02,S3142L04,unrelated
S3082R02.jpg,S3142L07.jpg,S3082R02,S3142L07,unrelated
S3082R02.jpg,S3142R08.jpg,S3082R02,S3142R08,unrelated
S3082R02.jpg,S3142R07.jpg,S3082R02,S3142R07,unrelated
S3082R02.jpg,S3142R10.jpg,S3082R02,S3142R10,unrelated
S3082R02.jpg,S3142R09.jpg,S3082R02,S3142R09,unrelated
S3082R02.jpg,S3121L03.jpg,S3082R02,S3121L03,unrelated
S3082R02.jpg,S3121L02.jpg,S3082R02,S3121L02,unrelated
S3082R02.jpg,S3121L01.jpg,S3082R02,S3121L01,unrelated
S3082R02.jpg,S3121R04.jpg,S3082R02,S3121R04,unrelated
S3082R02.jpg,S3121R02.jpg,S3082R02,S3121R02,unrelated
S3082R02.jpg,S3121R01.jpg,S3082R02,S3121R01,unrelated
S3082R02.jpg,S3121R08.jpg,S3082R02,S3121R08,unrelated
S3082R02.jpg,S3121R07.jpg,S3082R02,S3121R07,unrelated
S3082R02.jpg,S3122L09.jpg,S3082R02,S3122L09,unrelated
S3082R02.jpg,S3122L07.jpg,S3082R02,S3122L07,unrelated
S3082R02.jpg,S3122L10.jpg,S3082R02,S3122L10,unrelated
S3082R02.jpg,S3122L01.jpg,S3082R02,S3122L01,unrelated
S3082R02.jpg,S3122L05.jpg,S3082R02,S3122L05,unrelated
S3082R02.jpg,S3122R02.jpg,S3082R02,S3122R02,unrelated
S3082R02.jpg,S3122R04.jpg,S3082R02,S3122R04,unrelated
S3082R02.jpg,S3122R03.jpg,S3082R02,S3122R03,unrelated
S3082R02.jpg,S3122R01.jpg,S3082R02,S3122R01,unrelated
S3082R02.jpg,S3051L07.jpg,S3082R02,S3051L07,unrelated
S3082R02.jpg,S3051L08.jpg,S3082R02,S3051L08,unrelated
S3082R02.jpg,S3051L10.jpg,S3082R02,S3051L10,unrelated
S3082R02.jpg,S3051L06.jpg,S3082R02,S3051L06,unrelated
S3082R02.jpg,S3051R01.jpg,S3082R02,S3051R01,unrelated
S3082R02.jpg,S3051R03.jpg,S3082R02,S3051R03,unrelated
S3082R02.jpg,S3052L01.jpg,S3082R02,S3052L01,unrelated
S3082R02.jpg,S3052L02.jpg,S3082R02,S3052L02,unrelated
S3082R02.jpg,S3052L03.jpg,S3082R02,S3052L03,unrelated
S3082R02.jpg,S3052R01.jpg,S3082R02,S3052R01,unrelated
S3082R02.jpg,S3011L07.jpg,S3082R02,S3011L07,unrelated
S3082R02.jpg,S3011R01.jpg,S3082R02,S3011R01,unrelated
S3082R02.jpg,S3011R02.jpg,S3082R02,S3011R02,unrelated
S3082R02.jpg,S3012L07.jpg,S3082R02,S3012L07,unrelated
S3082R02.jpg,S3012L02.jpg,S3082R02,S3012L02,unrelated
S3082R02.jpg,S3012R07.jpg,S3082R02,S3012R07,unrelated
S3082R06.jpg,S3082R01.jpg,S3082R06,S3082R01,genuine
S3082R06.jpg,S3082R04.jpg,S3082R06,S3082R04,genuine
S3082R06.jpg,S3061L03.jpg,S3082R06,S3061L03,unrelated
S3082R06.jpg,S3061L02.jpg,S3082R06,S3061L02,unrelated
S3082R06.jpg,S3061R01.jpg,S3082R06,S3061R01,unrelated
S3082R06.jpg,S3061R04.jpg,S3082R06,S3061R04,unrelated
S3082R06.jpg,S3061R07.jpg,S3082R06,S3061R07,unrelated
S3082R06.jpg,S3061R08.jpg,S3082R06,S3061R08,unrelated
S3082R06.jpg,S3062L03.jpg,S3082R06,S3062L03,unrelated
S3082R06.jpg,S3062L05.jpg,S3082R06,S3062L05,unrelated
S3082R06.jpg,S3062L07.jpg,S3082R06,S3062L07,unrelated
S3082R06.jpg,S3062L06.jpg,S3082R06,S3062L06,unrelated
S3082R06.jpg,S3062L04.jpg,S3082R06,S3062L04,unrelated
S3082R06.jpg,S3062R02.jpg,S3082R06,S3062R02,unrelated
S3082R06.jpg,S3062R09.jpg,S3082R06,S3062R09,unrelated
S3082R06.jpg,S3062R10.jpg,S3082R06,S3062R10,unrelated
S3082R06.jpg,S3062R07.jpg,S3082R06,S3062R07,unrelated
S3082R06.jpg,S3062R08.jpg,S3082R06,S3062R08,unrelated
S3082R06.jpg,S3021L04.jpg,S3082R06,S3021L04,unrelated
S3082R06.jpg,S3021L03.jpg,S3082R06,S3021L03,unrelated
S3082R06.jpg,S3021L06.jpg,S3082R06,S3021L06,unrelated
S3082R06.jpg,S3021L02.jpg,S3082R06,S3021L02,unrelated
S3082R06.jpg,S3021L01.jpg,S3082R06,S3021L01,unrelated
S3082R06.jpg,S3021R09.jpg,S3082R06,S3021R09,unrelated
S3082R06.jpg,S3021R01.jpg,S3082R06,S3021R01,unrelated
S3082R06.jpg,S3021R02.jpg,S3082R06,S3021R02,unrelated
S3082R06.jpg,S3021R07.jpg,S3082R06,S3021R07,unrelated
S3082R06.jpg,S3021R06.jpg,S3082R06,S3021R06,unrelated
S3082R06.jpg,S3022L01.jpg,S3082R06,S3022L01,unrelated
S3082R06.jpg,S3022R01.jpg,S3082R06,S3022R01,unrelated
S3082R06.jpg,S3022R02.jpg,S3082R06,S3022R02,unrelated
S3082R06.jpg,S3101L08.jpg,S3082R06,S3101L08,unrelated
S3082R06.jpg,S3101L04.jpg,S3082R06,S3101L04,unrelated
S3082R06.jpg,S3101L02.jpg,S3082R06,S3101L02,unrelated
S3082R06.jpg,S3101L09.jpg,S3082R06,S3101L09,unrelated
S3082R06.jpg,S3101L10.jpg,S3082R06,S3101L10,unrelated
S3082R06.jpg,S3101R07.jpg,S3082R06,S3101R07,unrelated
S3082R06.jpg,S3101R04.jpg,S3082R06,S3101R04,unrelated
S3082R06.jpg,S3101R03.jpg,S3082R06,S3101R03,unrelated
S3082R06.jpg,S3101R02.jpg,S3082R06,S3101R02,unrelated
S3082R06.jpg,S3101R05.jpg,S3082R06,S3101R05,unrelated
S3082R06.jpg,S3102L10.jpg,S3082R06,S3102L10,unrelated
S3082R06.jpg,S3102L09.jpg,S3082R06,S3102L09,unrelated
S3082R06.jpg,S3102L01.jpg,S3082R06,S3102L01,unrelated
S3082R06.jpg,S3102L07.jpg,S3082R06,S3102L07,unrelated
S3082R06.jpg,S3102L06.jpg,S3082R06,S3102L06,unrelated
S3082R06.jpg,S3102R07.jpg,S3082R06,S3102R07,unrelated
S3082R06.jpg,S3102R08.jpg,S3082R06,S3102R08,unrelated
S3082R06.jpg,S3102R02.jpg,S3082R06,S3102R02,unrelated
S3082R06.jpg,S3102R06.jpg,S3082R06,S3102R06,unrelated
S3082R06.jpg,S3102R09.jpg,S3082R06,S3102R09,unrelated
S3082R06.jpg,S3151L06.jpg,S3082R06,S3151L06,unrelated
S3082R06.jpg,S3151L04.jpg,S3082R06,S3151L04,unrelated
S3082R06.jpg,S3151L03.jpg,S3082R06,S3151L03,unrelated
S3082R06.jpg,S3151L05.jpg,S3082R06,S3151L05,unrelated
S3082R06.jpg,S3151L07.jpg,S3082R06,S3151L07,unrelated
S3082R06.jpg,S3151R03.jpg,S3082R06,S3151R03,unrelated
S3082R06.jpg,S3151R01.jpg,S3082R06,S3151R01,unrelated
S3082R06.jpg,S3151R02.jpg,S3082R06,S3151R02,unrelated
S3082R06.jpg,S3152R04.jpg,S3082R06,S3152R04,unrelated
S3082R06.jpg,S3152R03.jpg,S3082R06,S3152R03,unrelated
S3082R06.jpg,S3152R02.jpg,S3082R06,S3152R02,unrelated
S3082R06.jpg,S3152R07.jpg,S3082R06,S3152R07,unrelated
S3082R06.jpg,S3181R04.jpg,S3082R06,S3181R04,unrelated
S3082R06.jpg,S3181R05.jpg,S3082R06,S3181R05,unrelated
S3082R06.jpg,S3182L01.jpg,S3082R06,S3182L01,unrelated
S3082R06.jpg,S3182R05.jpg,S3082R06,S3182R05,unrelated
S3082R06.jpg,S3182R06.jpg,S3082R06,S3182R06,unrelated
S3082R06.jpg,S3182R04.jpg,S3082R06,S3182R04,unrelated
S3082R06.jpg,S3182R03.jpg,S3082R06,S3182R03,unrelated
S3082R06.jpg,S3182R07.jpg,S3082R06,S3182R07,unrelated
S3082R06.jpg,S3141L03.jpg,S3082R06,S3141L03,unrelated
S3082R06.jpg,S3141R07.jpg,S3082R06,S3141R07,unrelated
S3082R06.jpg,S3141R10.jpg,S3082R06,S3141R10,unrelated
S3082R06.jpg,S3141R04.jpg,S3082R06,S3141R04,unrelated
S3082R06.jpg,S3141R06.jpg,S3082R06,S3141R06,unrelated
S3082R06.jpg,S3142L03.jpg,S3082R06,S3142L03,unrelated
S3082R06.jpg,S3142L02.jpg,S3082R06,S3142L02,unrelated
S3082R06.jpg,S3142L04.jpg,S3082R06,S3142L04,unrelated
S3082R06.jpg,S3142L07.jpg,S3082R06,S3142L07,unrelated
S3082R06.jpg,S3142R08.jpg,S3082R06,S3142R08,unrelated
S3082R06.jpg,S3142R07.jpg,S3082R06,S3142R07,unrelated
S3082R06.jpg,S3142R10.jpg,S3082R06,S3142R10,unrelated
S3082R06.jpg,S3142R09.jpg,S3082R06,S3142R09,unrelated
S3082R06.jpg,S3121L03.jpg,S3082R06,S3121L03,unrelated
S3082R06.jpg,S3121L02.jpg,S3082R06,S3121L02,unrelated
S3082R06.jpg,S3121L01.jpg,S3082R06,S3121L01,unrelated
S3082R06.jpg,S3121R04.jpg,S3082R06,S3121R04,unrelated
S3082R06.jpg,S3121R02.jpg,S3082R06,S3121R02,unrelated
S3082R06.jpg,S3121R01.jpg,S3082R06,S3121R01,unrelated
S3082R06.jpg,S3121R08.jpg,S3082R06,S3121R08,unrelated
S3082R06.jpg,S3121R07.jpg,S3082R06,S3121R07,unrelated
S3082R06.jpg,S3122L09.jpg,S3082R06,S3122L09,unrelated
S3082R06.jpg,S3122L07.jpg,S3082R06,S3122L07,unrelated
S3082R06.jpg,S3122L10.jpg,S3082R06,S3122L10,unrelated
S3082R06.jpg,S3122L01.jpg,S3082R06,S3122L01,unrelated
S3082R06.jpg,S3122L05.jpg,S3082R06,S3122L05,unrelated
S3082R06.jpg,S3122R02.jpg,S3082R06,S3122R02,unrelated
S3082R06.jpg,S3122R04.jpg,S3082R06,S3122R04,unrelated
S3082R06.jpg,S3122R03.jpg,S3082R06,S3122R03,unrelated
S3082R06.jpg,S3122R01.jpg,S3082R06,S3122R01,unrelated
S3082R06.jpg,S3051L07.jpg,S3082R06,S3051L07,unrelated
S3082R06.jpg,S3051L08.jpg,S3082R06,S3051L08,unrelated
S3082R06.jpg,S3051L10.jpg,S3082R06,S3051L10,unrelated
S3082R06.jpg,S3051L06.jpg,S3082R06,S3051L06,unrelated
S3082R06.jpg,S3051R01.jpg,S3082R06,S3051R01,unrelated
S3082R06.jpg,S3051R03.jpg,S3082R06,S3051R03,unrelated
S3082R06.jpg,S3052L01.jpg,S3082R06,S3052L01,unrelated
S3082R06.jpg,S3052L02.jpg,S3082R06,S3052L02,unrelated
S3082R06.jpg,S3052L03.jpg,S3082R06,S3052L03,unrelated
S3082R06.jpg,S3052R01.jpg,S3082R06,S3052R01,unrelated
S3082R06.jpg,S3011L07.jpg,S3082R06,S3011L07,unrelated
S3082R06.jpg,S3011R01.jpg,S3082R06,S3011R01,unrelated
S3082R06.jpg,S3011R02.jpg,S3082R06,S3011R02,unrelated
S3082R06.jpg,S3012L07.jpg,S3082R06,S3012L07,unrelated
S3082R06.jpg,S3012L02.jpg,S3082R06,S3012L02,unrelated
S3082R06.jpg,S3012R07.jpg,S3082R06,S3012R07,unrelated
S3082R01.jpg,S3082R04.jpg,S3082R01,S3082R04,genuine
S3082R01.jpg,S3061L03.jpg,S3082R01,S3061L03,unrelated
S3082R01.jpg,S3061L02.jpg,S3082R01,S3061L02,unrelated
S3082R01.jpg,S3061R01.jpg,S3082R01,S3061R01,unrelated
S3082R01.jpg,S3061R04.jpg,S3082R01,S3061R04,unrelated
S3082R01.jpg,S3061R07.jpg,S3082R01,S3061R07,unrelated
S3082R01.jpg,S3061R08.jpg,S3082R01,S3061R08,unrelated
S3082R01.jpg,S3062L03.jpg,S3082R01,S3062L03,unrelated
S3082R01.jpg,S3062L05.jpg,S3082R01,S3062L05,unrelated
S3082R01.jpg,S3062L07.jpg,S3082R01,S3062L07,unrelated
S3082R01.jpg,S3062L06.jpg,S3082R01,S3062L06,unrelated
S3082R01.jpg,S3062L04.jpg,S3082R01,S3062L04,unrelated
S3082R01.jpg,S3062R02.jpg,S3082R01,S3062R02,unrelated
S3082R01.jpg,S3062R09.jpg,S3082R01,S3062R09,unrelated
S3082R01.jpg,S3062R10.jpg,S3082R01,S3062R10,unrelated
S3082R01.jpg,S3062R07.jpg,S3082R01,S3062R07,unrelated
S3082R01.jpg,S3062R08.jpg,S3082R01,S3062R08,unrelated
S3082R01.jpg,S3021L04.jpg,S3082R01,S3021L04,unrelated
S3082R01.jpg,S3021L03.jpg,S3082R01,S3021L03,unrelated
S3082R01.jpg,S3021L06.jpg,S3082R01,S3021L06,unrelated
S3082R01.jpg,S3021L02.jpg,S3082R01,S3021L02,unrelated
S3082R01.jpg,S3021L01.jpg,S3082R01,S3021L01,unrelated
S3082R01.jpg,S3021R09.jpg,S3082R01,S3021R09,unrelated
S3082R01.jpg,S3021R01.jpg,S3082R01,S3021R01,unrelated
S3082R01.jpg,S3021R02.jpg,S3082R01,S3021R02,unrelated
S3082R01.jpg,S3021R07.jpg,S3082R01,S3021R07,unrelated
S3082R01.jpg,S3021R06.jpg,S3082R01,S3021R06,unrelated
S3082R01.jpg,S3022L01.jpg,S3082R01,S3022L01,unrelated
S3082R01.jpg,S3022R01.jpg,S3082R01,S3022R01,unrelated
S3082R01.jpg,S3022R02.jpg,S3082R01,S3022R02,unrelated
S3082R01.jpg,S3101L08.jpg,S3082R01,S3101L08,unrelated
S3082R01.jpg,S3101L04.jpg,S3082R01,S3101L04,unrelated
S3082R01.jpg,S3101L02.jpg,S3082R01,S3101L02,unrelated
S3082R01.jpg,S3101L09.jpg,S3082R01,S3101L09,unrelated
S3082R01.jpg,S3101L10.jpg,S3082R01,S3101L10,unrelated
S3082R01.jpg,S3101R07.jpg,S3082R01,S3101R07,unrelated
S3082R01.jpg,S3101R04.jpg,S3082R01,S3101R04,unrelated
S3082R01.jpg,S3101R03.jpg,S3082R01,S3101R03,unrelated
S3082R01.jpg,S3101R02.jpg,S3082R01,S3101R02,unrelated
S3082R01.jpg,S3101R05.jpg,S3082R01,S3101R05,unrelated
S3082R01.jpg,S3102L10.jpg,S3082R01,S3102L10,unrelated
S3082R01.jpg,S3102L09.jpg,S3082R01,S3102L09,unrelated
S3082R01.jpg,S3102L01.jpg,S3082R01,S3102L01,unrelated
S3082R01.jpg,S3102L07.jpg,S3082R01,S3102L07,unrelated
S3082R01.jpg,S3102L06.jpg,S3082R01,S3102L06,unrelated
S3082R01.jpg,S3102R07.jpg,S3082R01,S3102R07,unrelated
S3082R01.jpg,S3102R08.jpg,S3082R01,S3102R08,unrelated
S3082R01.jpg,S3102R02.jpg,S3082R01,S3102R02,unrelated
S3082R01.jpg,S3102R06.jpg,S3082R01,S3102R06,unrelated
S3082R01.jpg,S3102R09.jpg,S3082R01,S3102R09,unrelated
S3082R01.jpg,S3151L06.jpg,S3082R01,S3151L06,unrelated
S3082R01.jpg,S3151L04.jpg,S3082R01,S3151L04,unrelated
S3082R01.jpg,S3151L03.jpg,S3082R01,S3151L03,unrelated
S3082R01.jpg,S3151L05.jpg,S3082R01,S3151L05,unrelated
S3082R01.jpg,S3151L07.jpg,S3082R01,S3151L07,unrelated
S3082R01.jpg,S3151R03.jpg,S3082R01,S3151R03,unrelated
S3082R01.jpg,S3151R01.jpg,S3082R01,S3151R01,unrelated
S3082R01.jpg,S3151R02.jpg,S3082R01,S3151R02,unrelated
S3082R01.jpg,S3152R04.jpg,S3082R01,S3152R04,unrelated
S3082R01.jpg,S3152R03.jpg,S3082R01,S3152R03,unrelated
S3082R01.jpg,S3152R02.jpg,S3082R01,S3152R02,unrelated
S3082R01.jpg,S3152R07.jpg,S3082R01,S3152R07,unrelated
S3082R01.jpg,S3181R04.jpg,S3082R01,S3181R04,unrelated
S3082R01.jpg,S3181R05.jpg,S3082R01,S3181R05,unrelated
S3082R01.jpg,S3182L01.jpg,S3082R01,S3182L01,unrelated
S3082R01.jpg,S3182R05.jpg,S3082R01,S3182R05,unrelated
S3082R01.jpg,S3182R06.jpg,S3082R01,S3182R06,unrelated
S3082R01.jpg,S3182R04.jpg,S3082R01,S3182R04,unrelated
S3082R01.jpg,S3182R03.jpg,S3082R01,S3182R03,unrelated
S3082R01.jpg,S3182R07.jpg,S3082R01,S3182R07,unrelated
S3082R01.jpg,S3141L03.jpg,S3082R01,S3141L03,unrelated
S3082R01.jpg,S3141R07.jpg,S3082R01,S3141R07,unrelated
S3082R01.jpg,S3141R10.jpg,S3082R01,S3141R10,unrelated
S3082R01.jpg,S3141R04.jpg,S3082R01,S3141R04,unrelated
S3082R01.jpg,S3141R06.jpg,S3082R01,S3141R06,unrelated
S3082R01.jpg,S3142L03.jpg,S3082R01,S3142L03,unrelated
S3082R01.jpg,S3142L02.jpg,S3082R01,S3142L02,unrelated
S3082R01.jpg,S3142L04.jpg,S3082R01,S3142L04,unrelated
S3082R01.jpg,S3142L07.jpg,S3082R01,S3142L07,unrelated
S3082R01.jpg,S3142R08.jpg,S3082R01,S3142R08,unrelated
S3082R01.jpg,S3142R07.jpg,S3082R01,S3142R07,unrelated
S3082R01.jpg,S3142R10.jpg,S3082R01,S3142R10,unrelated
S3082R01.jpg,S3142R09.jpg,S3082R01,S3142R09,unrelated
S3082R01.jpg,S3121L03.jpg,S3082R01,S3121L03,unrelated
S3082R01.jpg,S3121L02.jpg,S3082R01,S3121L02,unrelated
S3082R01.jpg,S3121L01.jpg,S3082R01,S3121L01,unrelated
S3082R01.jpg,S3121R04.jpg,S3082R01,S3121R04,unrelated
S3082R01.jpg,S3121R02.jpg,S3082R01,S3121R02,unrelated
S3082R01.jpg,S3121R01.jpg,S3082R01,S3121R01,unrelated
S3082R01.jpg,S3121R08.jpg,S3082R01,S3121R08,unrelated
S3082R01.jpg,S3121R07.jpg,S3082R01,S3121R07,unrelated
S3082R01.jpg,S3122L09.jpg,S3082R01,S3122L09,unrelated
S3082R01.jpg,S3122L07.jpg,S3082R01,S3122L07,unrelated
S3082R01.jpg,S3122L10.jpg,S3082R01,S3122L10,unrelated
S3082R01.jpg,S3122L01.jpg,S3082R01,S3122L01,unrelated
S3082R01.jpg,S3122L05.jpg,S3082R01,S3122L05,unrelated
S3082R01.jpg,S3122R02.jpg,S3082R01,S3122R02,unrelated
S3082R01.jpg,S3122R04.jpg,S3082R01,S3122R04,unrelated
S3082R01.jpg,S3122R03.jpg,S3082R01,S3122R03,unrelated
S3082R01.jpg,S3122R01.jpg,S3082R01,S3122R01,unrelated
S3082R01.jpg,S3051L07.jpg,S3082R01,S3051L07,unrelated
S3082R01.jpg,S3051L08.jpg,S3082R01,S3051L08,unrelated
S3082R01.jpg,S3051L10.jpg,S3082R01,S3051L10,unrelated
S3082R01.jpg,S3051L06.jpg,S3082R01,S3051L06,unrelated
S3082R01.jpg,S3051R01.jpg,S3082R01,S3051R01,unrelated
S3082R01.jpg,S3051R03.jpg,S3082R01,S3051R03,unrelated
S3082R01.jpg,S3052L01.jpg,S3082R01,S3052L01,unrelated
S3082R01.jpg,S3052L02.jpg,S3082R01,S3052L02,unrelated
S3082R01.jpg,S3052L03.jpg,S3082R01,S3052L03,unrelated
S3082R01.jpg,S3052R01.jpg,S3082R01,S3052R01,unrelated
S3082R01.jpg,S3011L07.jpg,S3082R01,S3011L07,unrelated
S3082R01.jpg,S3011R01.jpg,S3082R01,S3011R01,unrelated
S3082R01.jpg,S3011R02.jpg,S3082R01,S3011R02,unrelated
S3082R01.jpg,S3012L07.jpg,S3082R01,S3012L07,unrelated
S3082R01.jpg,S3012L02.jpg,S3082R01,S3012L02,unrelated
S3082R01.jpg,S3012R07.jpg,S3082R01,S3012R07,unrelated
S3082R04.jpg,S3061L03.jpg,S3082R04,S3061L03,unrelated
S3082R04.jpg,S3061L02.jpg,S3082R04,S3061L02,unrelated
S3082R04.jpg,S3061R01.jpg,S3082R04,S3061R01,unrelated
S3082R04.jpg,S3061R04.jpg,S3082R04,S3061R04,unrelated
S3082R04.jpg,S3061R07.jpg,S3082R04,S3061R07,unrelated
S3082R04.jpg,S3061R08.jpg,S3082R04,S3061R08,unrelated
S3082R04.jpg,S3062L03.jpg,S3082R04,S3062L03,unrelated
S3082R04.jpg,S3062L05.jpg,S3082R04,S3062L05,unrelated
S3082R04.jpg,S3062L07.jpg,S3082R04,S3062L07,unrelated
S3082R04.jpg,S3062L06.jpg,S3082R04,S3062L06,unrelated
S3082R04.jpg,S3062L04.jpg,S3082R04,S3062L04,unrelated
S3082R04.jpg,S3062R02.jpg,S3082R04,S3062R02,unrelated
S3082R04.jpg,S3062R09.jpg,S3082R04,S3062R09,unrelated
S3082R04.jpg,S3062R10.jpg,S3082R04,S3062R10,unrelated
S3082R04.jpg,S3062R07.jpg,S3082R04,S3062R07,unrelated
S3082R04.jpg,S3062R08.jpg,S3082R04,S3062R08,unrelated
S3082R04.jpg,S3021L04.jpg,S3082R04,S3021L04,unrelated
S3082R04.jpg,S3021L03.jpg,S3082R04,S3021L03,unrelated
S3082R04.jpg,S3021L06.jpg,S3082R04,S3021L06,unrelated
S3082R04.jpg,S3021L02.jpg,S3082R04,S3021L02,unrelated
S3082R04.jpg,S3021L01.jpg,S3082R04,S3021L01,unrelated
S3082R04.jpg,S3021R09.jpg,S3082R04,S3021R09,unrelated
S3082R04.jpg,S3021R01.jpg,S3082R04,S3021R01,unrelated
S3082R04.jpg,S3021R02.jpg,S3082R04,S3021R02,unrelated
S3082R04.jpg,S3021R07.jpg,S3082R04,S3021R07,unrelated
S3082R04.jpg,S3021R06.jpg,S3082R04,S3021R06,unrelated
S3082R04.jpg,S3022L01.jpg,S3082R04,S3022L01,unrelated
S3082R04.jpg,S3022R01.jpg,S3082R04,S3022R01,unrelated
S3082R04.jpg,S3022R02.jpg,S3082R04,S3022R02,unrelated
S3082R04.jpg,S3101L08.jpg,S3082R04,S3101L08,unrelated
S3082R04.jpg,S3101L04.jpg,S3082R04,S3101L04,unrelated
S3082R04.jpg,S3101L02.jpg,S3082R04,S3101L02,unrelated
S3082R04.jpg,S3101L09.jpg,S3082R04,S3101L09,unrelated
S3082R04.jpg,S3101L10.jpg,S3082R04,S3101L10,unrelated
S3082R04.jpg,S3101R07.jpg,S3082R04,S3101R07,unrelated
S3082R04.jpg,S3101R04.jpg,S3082R04,S3101R04,unrelated
S3082R04.jpg,S3101R03.jpg,S3082R04,S3101R03,unrelated
S3082R04.jpg,S3101R02.jpg,S3082R04,S3101R02,unrelated
S3082R04.jpg,S3101R05.jpg,S3082R04,S3101R05,unrelated
S3082R04.jpg,S3102L10.jpg,S3082R04,S3102L10,unrelated
S3082R04.jpg,S3102L09.jpg,S3082R04,S3102L09,unrelated
S3082R04.jpg,S3102L01.jpg,S3082R04,S3102L01,unrelated
S3082R04.jpg,S3102L07.jpg,S3082R04,S3102L07,unrelated
S3082R04.jpg,S3102L06.jpg,S3082R04,S3102L06,unrelated
S3082R04.jpg,S3102R07.jpg,S3082R04,S3102R07,unrelated
S3082R04.jpg,S3102R08.jpg,S3082R04,S3102R08,unrelated
S3082R04.jpg,S3102R02.jpg,S3082R04,S3102R02,unrelated
S3082R04.jpg,S3102R06.jpg,S3082R04,S3102R06,unrelated
S3082R04.jpg,S3102R09.jpg,S3082R04,S3102R09,unrelated
S3082R04.jpg,S3151L06.jpg,S3082R04,S3151L06,unrelated
S3082R04.jpg,S3151L04.jpg,S3082R04,S3151L04,unrelated
S3082R04.jpg,S3151L03.jpg,S3082R04,S3151L03,unrelated
S3082R04.jpg,S3151L05.jpg,S3082R04,S3151L05,unrelated
S3082R04.jpg,S3151L07.jpg,S3082R04,S3151L07,unrelated
S3082R04.jpg,S3151R03.jpg,S3082R04,S3151R03,unrelated
S3082R04.jpg,S3151R01.jpg,S3082R04,S3151R01,unrelated
S3082R04.jpg,S3151R02.jpg,S3082R04,S3151R02,unrelated
S3082R04.jpg,S3152R04.jpg,S3082R04,S3152R04,unrelated
S3082R04.jpg,S3152R03.jpg,S3082R04,S3152R03,unrelated
S3082R04.jpg,S3152R02.jpg,S3082R04,S3152R02,unrelated
S3082R04.jpg,S3152R07.jpg,S3082R04,S3152R07,unrelated
S3082R04.jpg,S3181R04.jpg,S3082R04,S3181R04,unrelated
S3082R04.jpg,S3181R05.jpg,S3082R04,S3181R05,unrelated
S3082R04.jpg,S3182L01.jpg,S3082R04,S3182L01,unrelated
S3082R04.jpg,S3182R05.jpg,S3082R04,S3182R05,unrelated
S3082R04.jpg,S3182R06.jpg,S3082R04,S3182R06,unrelated
S3082R04.jpg,S3182R04.jpg,S3082R04,S3182R04,unrelated
S3082R04.jpg,S3182R03.jpg,S3082R04,S3182R03,unrelated
S3082R04.jpg,S3182R07.jpg,S3082R04,S3182R07,unrelated
S3082R04.jpg,S3141L03.jpg,S3082R04,S3141L03,unrelated
S3082R04.jpg,S3141R07.jpg,S3082R04,S3141R07,unrelated
S3082R04.jpg,S3141R10.jpg,S3082R04,S3141R10,unrelated
S3082R04.jpg,S3141R04.jpg,S3082R04,S3141R04,unrelated
S3082R04.jpg,S3141R06.jpg,S3082R04,S3141R06,unrelated
S3082R04.jpg,S3142L03.jpg,S3082R04,S3142L03,unrelated
S3082R04.jpg,S3142L02.jpg,S3082R04,S3142L02,unrelated
S3082R04.jpg,S3142L04.jpg,S3082R04,S3142L04,unrelated
S3082R04.jpg,S3142L07.jpg,S3082R04,S3142L07,unrelated
S3082R04.jpg,S3142R08.jpg,S3082R04,S3142R08,unrelated
S3082R04.jpg,S3142R07.jpg,S3082R04,S3142R07,unrelated
S3082R04.jpg,S3142R10.jpg,S3082R04,S3142R10,unrelated
S3082R04.jpg,S3142R09.jpg,S3082R04,S3142R09,unrelated
S3082R04.jpg,S3121L03.jpg,S3082R04,S3121L03,unrelated
S3082R04.jpg,S3121L02.jpg,S3082R04,S3121L02,unrelated
S3082R04.jpg,S3121L01.jpg,S3082R04,S3121L01,unrelated
S3082R04.jpg,S3121R04.jpg,S3082R04,S3121R04,unrelated
S3082R04.jpg,S3121R02.jpg,S3082R04,S3121R02,unrelated
S3082R04.jpg,S3121R01.jpg,S3082R04,S3121R01,unrelated
S3082R04.jpg,S3121R08.jpg,S3082R04,S3121R08,unrelated
S3082R04.jpg,S3121R07.jpg,S3082R04,S3121R07,unrelated
S3082R04.jpg,S3122L09.jpg,S3082R04,S3122L09,unrelated
S3082R04.jpg,S3122L07.jpg,S3082R04,S3122L07,unrelated
S3082R04.jpg,S3122L10.jpg,S3082R04,S3122L10,unrelated
S3082R04.jpg,S3122L01.jpg,S3082R04,S3122L01,unrelated
S3082R04.jpg,S3122L05.jpg,S3082R04,S3122L05,unrelated
S3082R04.jpg,S3122R02.jpg,S3082R04,S3122R02,unrelated
S3082R04.jpg,S3122R04.jpg,S3082R04,S3122R04,unrelated
S3082R04.jpg,S3122R03.jpg,S3082R04,S3122R03,unrelated
S3082R04.jpg,S3122R01.jpg,S3082R04,S3122R01,unrelated
S3082R04.jpg,S3051L07.jpg,S3082R04,S3051L07,unrelated
S3082R04.jpg,S3051L08.jpg,S3082R04,S3051L08,unrelated
S3082R04.jpg,S3051L10.jpg,S3082R04,S3051L10,unrelated
S3082R04.jpg,S3051L06.jpg,S3082R04,S3051L06,unrelated
S3082R04.jpg,S3051R01.jpg,S3082R04,S3051R01,unrelated
S3082R04.jpg,S3051R03.jpg,S3082R04,S3051R03,unrelated
S3082R04.jpg,S3052L01.jpg,S3082R04,S3052L01,unrelated
S3082R04.jpg,S3052L02.jpg,S3082R04,S3052L02,unrelated
S3082R04.jpg,S3052L03.jpg,S3082R04,S3052L03,unrelated
S3082R04.jpg,S3052R01.jpg,S3082R04,S3052R01,unrelated
S3082R04.jpg,S3011L07.jpg,S3082R04,S3011L07,unrelated
S3082R04.jpg,S3011R01.jpg,S3082R04,S3011R01,unrelated
S3082R04.jpg,S3011R02.jpg,S3082R04,S3011R02,unrelated
S3082R04.jpg,S3012L07.jpg,S3082R04,S3012L07,unrelated
S3082R04.jpg,S3012L02.jpg,S3082R04,S3012L02,unrelated
S3082R04.jpg,S3012R07.jpg,S3082R04,S3012R07,unrelated
S3061L03.jpg,S3061L02.jpg,S3061L03,S3061L02,genuine
S3061L03.jpg,S3061R01.jpg,S3061L03,S3061R01,same_subject_different_eye
S3061L03.jpg,S3061R04.jpg,S3061L03,S3061R04,same_subject_different_eye
S3061L03.jpg,S3061R07.jpg,S3061L03,S3061R07,same_subject_different_eye
S3061L03.jpg,S3061R08.jpg,S3061L03,S3061R08,same_subject_different_eye
S3061L03.jpg,S3062L03.jpg,S3061L03,S3062L03,twin_same_eye
S3061L03.jpg,S3062L05.jpg,S3061L03,S3062L05,twin_same_eye
S3061L03.jpg,S3062L07.jpg,S3061L03,S3062L07,twin_same_eye
S3061L03.jpg,S3062L06.jpg,S3061L03,S3062L06,twin_same_eye
S3061L03.jpg,S3062L04.jpg,S3061L03,S3062L04,twin_same_eye
S3061L03.jpg,S3062R02.jpg,S3061L03,S3062R02,twin_cross_eye
S3061L03.jpg,S3062R09.jpg,S3061L03,S3062R09,twin_cross_eye
S3061L03.jpg,S3062R10.jpg,S3061L03,S3062R10,twin_cross_eye
S3061L03.jpg,S3062R07.jpg,S3061L03,S3062R07,twin_cross_eye
S3061L03.jpg,S3062R08.jpg,S3061L03,S3062R08,twin_cross_eye
S3061L03.jpg,S3021L04.jpg,S3061L03,S3021L04,unrelated
S3061L03.jpg,S3021L03.jpg,S3061L03,S3021L03,unrelated
S3061L03.jpg,S3021L06.jpg,S3061L03,S3021L06,unrelated
S3061L03.jpg,S3021L02.jpg,S3061L03,S3021L02,unrelated
S3061L03.jpg,S3021L01.jpg,S3061L03,S3021L01,unrelated
S3061L03.jpg,S3021R09.jpg,S3061L03,S3021R09,unrelated
S3061L03.jpg,S3021R01.jpg,S3061L03,S3021R01,unrelated
S3061L03.jpg,S3021R02.jpg,S3061L03,S3021R02,unrelated
S3061L03.jpg,S3021R07.jpg,S3061L03,S3021R07,unrelated
S3061L03.jpg,S3021R06.jpg,S3061L03,S3021R06,unrelated
S3061L03.jpg,S3022L01.jpg,S3061L03,S3022L01,unrelated
S3061L03.jpg,S3022R01.jpg,S3061L03,S3022R01,unrelated
S3061L03.jpg,S3022R02.jpg,S3061L03,S3022R02,unrelated
S3061L03.jpg,S3101L08.jpg,S3061L03,S3101L08,unrelated
S3061L03.jpg,S3101L04.jpg,S3061L03,S3101L04,unrelated
S3061L03.jpg,S3101L02.jpg,S3061L03,S3101L02,unrelated
S3061L03.jpg,S3101L09.jpg,S3061L03,S3101L09,unrelated
S3061L03.jpg,S3101L10.jpg,S3061L03,S3101L10,unrelated
S3061L03.jpg,S3101R07.jpg,S3061L03,S3101R07,unrelated
S3061L03.jpg,S3101R04.jpg,S3061L03,S3101R04,unrelated
S3061L03.jpg,S3101R03.jpg,S3061L03,S3101R03,unrelated
S3061L03.jpg,S3101R02.jpg,S3061L03,S3101R02,unrelated
S3061L03.jpg,S3101R05.jpg,S3061L03,S3101R05,unrelated
S3061L03.jpg,S3102L10.jpg,S3061L03,S3102L10,unrelated
S3061L03.jpg,S3102L09.jpg,S3061L03,S3102L09,unrelated
S3061L03.jpg,S3102L01.jpg,S3061L03,S3102L01,unrelated
S3061L03.jpg,S3102L07.jpg,S3061L03,S3102L07,unrelated
S3061L03.jpg,S3102L06.jpg,S3061L03,S3102L06,unrelated
S3061L03.jpg,S3102R07.jpg,S3061L03,S3102R07,unrelated
S3061L03.jpg,S3102R08.jpg,S3061L03,S3102R08,unrelated
S3061L03.jpg,S3102R02.jpg,S3061L03,S3102R02,unrelated
S3061L03.jpg,S3102R06.jpg,S3061L03,S3102R06,unrelated
S3061L03.jpg,S3102R09.jpg,S3061L03,S3102R09,unrelated
S3061L03.jpg,S3151L06.jpg,S3061L03,S3151L06,unrelated
S3061L03.jpg,S3151L04.jpg,S3061L03,S3151L04,unrelated
S3061L03.jpg,S3151L03.jpg,S3061L03,S3151L03,unrelated
S3061L03.jpg,S3151L05.jpg,S3061L03,S3151L05,unrelated
S3061L03.jpg,S3151L07.jpg,S3061L03,S3151L07,unrelated
S3061L03.jpg,S3151R03.jpg,S3061L03,S3151R03,unrelated
S3061L03.jpg,S3151R01.jpg,S3061L03,S3151R01,unrelated
S3061L03.jpg,S3151R02.jpg,S3061L03,S3151R02,unrelated
S3061L03.jpg,S3152R04.jpg,S3061L03,S3152R04,unrelated
S3061L03.jpg,S3152R03.jpg,S3061L03,S3152R03,unrelated
S3061L03.jpg,S3152R02.jpg,S3061L03,S3152R02,unrelated
S3061L03.jpg,S3152R07.jpg,S3061L03,S3152R07,unrelated
S3061L03.jpg,S3181R04.jpg,S3061L03,S3181R04,unrelated
S3061L03.jpg,S3181R05.jpg,S3061L03,S3181R05,unrelated
S3061L03.jpg,S3182L01.jpg,S3061L03,S3182L01,unrelated
S3061L03.jpg,S3182R05.jpg,S3061L03,S3182R05,unrelated
S3061L03.jpg,S3182R06.jpg,S3061L03,S3182R06,unrelated
S3061L03.jpg,S3182R04.jpg,S3061L03,S3182R04,unrelated
S3061L03.jpg,S3182R03.jpg,S3061L03,S3182R03,unrelated
S3061L03.jpg,S3182R07.jpg,S3061L03,S3182R07,unrelated
S3061L03.jpg,S3141L03.jpg,S3061L03,S3141L03,unrelated
S3061L03.jpg,S3141R07.jpg,S3061L03,S3141R07,unrelated
S3061L03.jpg,S3141R10.jpg,S3061L03,S3141R10,unrelated
S3061L03.jpg,S3141R04.jpg,S3061L03,S3141R04,unrelated
S3061L03.jpg,S3141R06.jpg,S3061L03,S3141R06,unrelated
S3061L03.jpg,S3142L03.jpg,S3061L03,S3142L03,unrelated
S3061L03.jpg,S3142L02.jpg,S3061L03,S3142L02,unrelated
S3061L03.jpg,S3142L04.jpg,S3061L03,S3142L04,unrelated
S3061L03.jpg,S3142L07.jpg,S3061L03,S3142L07,unrelated
S3061L03.jpg,S3142R08.jpg,S3061L03,S3142R08,unrelated
S3061L03.jpg,S3142R07.jpg,S3061L03,S3142R07,unrelated
S3061L03.jpg,S3142R10.jpg,S3061L03,S3142R10,unrelated
S3061L03.jpg,S3142R09.jpg,S3061L03,S3142R09,unrelated
S3061L03.jpg,S3121L03.jpg,S3061L03,S3121L03,unrelated
S3061L03.jpg,S3121L02.jpg,S3061L03,S3121L02,unrelated
S3061L03.jpg,S3121L01.jpg,S3061L03,S3121L01,unrelated
S3061L03.jpg,S3121R04.jpg,S3061L03,S3121R04,unrelated
S3061L03.jpg,S3121R02.jpg,S3061L03,S3121R02,unrelated
S3061L03.jpg,S3121R01.jpg,S3061L03,S3121R01,unrelated
S3061L03.jpg,S3121R08.jpg,S3061L03,S3121R08,unrelated
S3061L03.jpg,S3121R07.jpg,S3061L03,S3121R07,unrelated
S3061L03.jpg,S3122L09.jpg,S3061L03,S3122L09,unrelated
S3061L03.jpg,S3122L07.jpg,S3061L03,S3122L07,unrelated
S3061L03.jpg,S3122L10.jpg,S3061L03,S3122L10,unrelated
S3061L03.jpg,S3122L01.jpg,S3061L03,S3122L01,unrelated
S3061L03.jpg,S3122L05.jpg,S3061L03,S3122L05,unrelated
S3061L03.jpg,S3122R02.jpg,S3061L03,S3122R02,unrelated
S3061L03.jpg,S3122R04.jpg,S3061L03,S3122R04,unrelated
S3061L03.jpg,S3122R03.jpg,S3061L03,S3122R03,unrelated
S3061L03.jpg,S3122R01.jpg,S3061L03,S3122R01,unrelated
S3061L03.jpg,S3051L07.jpg,S3061L03,S3051L07,unrelated
S3061L03.jpg,S3051L08.jpg,S3061L03,S3051L08,unrelated
S3061L03.jpg,S3051L10.jpg,S3061L03,S3051L10,unrelated
S3061L03.jpg,S3051L06.jpg,S3061L03,S3051L06,unrelated
S3061L03.jpg,S3051R01.jpg,S3061L03,S3051R01,unrelated
S3061L03.jpg,S3051R03.jpg,S3061L03,S3051R03,unrelated
S3061L03.jpg,S3052L01.jpg,S3061L03,S3052L01,unrelated
S3061L03.jpg,S3052L02.jpg,S3061L03,S3052L02,unrelated
S3061L03.jpg,S3052L03.jpg,S3061L03,S3052L03,unrelated
S3061L03.jpg,S3052R01.jpg,S3061L03,S3052R01,unrelated
S3061L03.jpg,S3011L07.jpg,S3061L03,S3011L07,unrelated
S3061L03.jpg,S3011R01.jpg,S3061L03,S3011R01,unrelated
S3061L03.jpg,S3011R02.jpg,S3061L03,S3011R02,unrelated
S3061L03.jpg,S3012L07.jpg,S3061L03,S3012L07,unrelated
S3061L03.jpg,S3012L02.jpg,S3061L03,S3012L02,unrelated
S3061L03.jpg,S3012R07.jpg,S3061L03,S3012R07,unrelated
S3061L02.jpg,S3061R01.jpg,S3061L02,S3061R01,same_subject_different_eye
S3061L02.jpg,S3061R04.jpg,S3061L02,S3061R04,same_subject_different_eye
S3061L02.jpg,S3061R07.jpg,S3061L02,S3061R07,same_subject_different_eye
S3061L02.jpg,S3061R08.jpg,S3061L02,S3061R08,same_subject_different_eye
S3061L02.jpg,S3062L03.jpg,S3061L02,S3062L03,twin_same_eye
S3061L02.jpg,S3062L05.jpg,S3061L02,S3062L05,twin_same_eye
S3061L02.jpg,S3062L07.jpg,S3061L02,S3062L07,twin_same_eye
S3061L02.jpg,S3062L06.jpg,S3061L02,S3062L06,twin_same_eye
S3061L02.jpg,S3062L04.jpg,S3061L02,S3062L04,twin_same_eye
S3061L02.jpg,S3062R02.jpg,S3061L02,S3062R02,twin_cross_eye
S3061L02.jpg,S3062R09.jpg,S3061L02,S3062R09,twin_cross_eye
S3061L02.jpg,S3062R10.jpg,S3061L02,S3062R10,twin_cross_eye
S3061L02.jpg,S3062R07.jpg,S3061L02,S3062R07,twin_cross_eye
S3061L02.jpg,S3062R08.jpg,S3061L02,S3062R08,twin_cross_eye
S3061L02.jpg,S3021L04.jpg,S3061L02,S3021L04,unrelated
S3061L02.jpg,S3021L03.jpg,S3061L02,S3021L03,unrelated
S3061L02.jpg,S3021L06.jpg,S3061L02,S3021L06,unrelated
S3061L02.jpg,S3021L02.jpg,S3061L02,S3021L02,unrelated
S3061L02.jpg,S3021L01.jpg,S3061L02,S3021L01,unrelated
S3061L02.jpg,S3021R09.jpg,S3061L02,S3021R09,unrelated
S3061L02.jpg,S3021R01.jpg,S3061L02,S3021R01,unrelated
S3061L02.jpg,S3021R02.jpg,S3061L02,S3021R02,unrelated
S3061L02.jpg,S3021R07.jpg,S3061L02,S3021R07,unrelated
S3061L02.jpg,S3021R06.jpg,S3061L02,S3021R06,unrelated
S3061L02.jpg,S3022L01.jpg,S3061L02,S3022L01,unrelated
S3061L02.jpg,S3022R01.jpg,S3061L02,S3022R01,unrelated
S3061L02.jpg,S3022R02.jpg,S3061L02,S3022R02,unrelated
S3061L02.jpg,S3101L08.jpg,S3061L02,S3101L08,unrelated
S3061L02.jpg,S3101L04.jpg,S3061L02,S3101L04,unrelated
S3061L02.jpg,S3101L02.jpg,S3061L02,S3101L02,unrelated
S3061L02.jpg,S3101L09.jpg,S3061L02,S3101L09,unrelated
S3061L02.jpg,S3101L10.jpg,S3061L02,S3101L10,unrelated
S3061L02.jpg,S3101R07.jpg,S3061L02,S3101R07,unrelated
S3061L02.jpg,S3101R04.jpg,S3061L02,S3101R04,unrelated
S3061L02.jpg,S3101R03.jpg,S3061L02,S3101R03,unrelated
S3061L02.jpg,S3101R02.jpg,S3061L02,S3101R02,unrelated
S3061L02.jpg,S3101R05.jpg,S3061L02,S3101R05,unrelated
S3061L02.jpg,S3102L10.jpg,S3061L02,S3102L10,unrelated
S3061L02.jpg,S3102L09.jpg,S3061L02,S3102L09,unrelated
S3061L02.jpg,S3102L01.jpg,S3061L02,S3102L01,unrelated
S3061L02.jpg,S3102L07.jpg,S3061L02,S3102L07,unrelated
S3061L02.jpg,S3102L06.jpg,S3061L02,S3102L06,unrelated
S3061L02.jpg,S3102R07.jpg,S3061L02,S3102R07,unrelated
S3061L02.jpg,S3102R08.jpg,S3061L02,S3102R08,unrelated
S3061L02.jpg,S3102R02.jpg,S3061L02,S3102R02,unrelated
S3061L02.jpg,S3102R06.jpg,S3061L02,S3102R06,unrelated
S3061L02.jpg,S3102R09.jpg,S3061L02,S3102R09,unrelated
S3061L02.jpg,S3151L06.jpg,S3061L02,S3151L06,unrelated
S3061L02.jpg,S3151L04.jpg,S3061L02,S3151L04,unrelated
S3061L02.jpg,S3151L03.jpg,S3061L02,S3151L03,unrelated
S3061L02.jpg,S3151L05.jpg,S3061L02,S3151L05,unrelated
S3061L02.jpg,S3151L07.jpg,S3061L02,S3151L07,unrelated
S3061L02.jpg,S3151R03.jpg,S3061L02,S3151R03,unrelated
S3061L02.jpg,S3151R01.jpg,S3061L02,S3151R01,unrelated
S3061L02.jpg,S3151R02.jpg,S3061L02,S3151R02,unrelated
S3061L02.jpg,S3152R04.jpg,S3061L02,S3152R04,unrelated
S3061L02.jpg,S3152R03.jpg,S3061L02,S3152R03,unrelated
S3061L02.jpg,S3152R02.jpg,S3061L02,S3152R02,unrelated
S3061L02.jpg,S3152R07.jpg,S3061L02,S3152R07,unrelated
S3061L02.jpg,S3181R04.jpg,S3061L02,S3181R04,unrelated
S3061L02.jpg,S3181R05.jpg,S3061L02,S3181R05,unrelated
S3061L02.jpg,S3182L01.jpg,S3061L02,S3182L01,unrelated
S3061L02.jpg,S3182R05.jpg,S3061L02,S3182R05,unrelated
S3061L02.jpg,S3182R06.jpg,S3061L02,S3182R06,unrelated
S3061L02.jpg,S3182R04.jpg,S3061L02,S3182R04,unrelated
S3061L02.jpg,S3182R03.jpg,S3061L02,S3182R03,unrelated
S3061L02.jpg,S3182R07.jpg,S3061L02,S3182R07,unrelated
S3061L02.jpg,S3141L03.jpg,S3061L02,S3141L03,unrelated
S3061L02.jpg,S3141R07.jpg,S3061L02,S3141R07,unrelated
S3061L02.jpg,S3141R10.jpg,S3061L02,S3141R10,unrelated
S3061L02.jpg,S3141R04.jpg,S3061L02,S3141R04,unrelated
S3061L02.jpg,S3141R06.jpg,S3061L02,S3141R06,unrelated
S3061L02.jpg,S3142L03.jpg,S3061L02,S3142L03,unrelated
S3061L02.jpg,S3142L02.jpg,S3061L02,S3142L02,unrelated
S3061L02.jpg,S3142L04.jpg,S3061L02,S3142L04,unrelated
S3061L02.jpg,S3142L07.jpg,S3061L02,S3142L07,unrelated
S3061L02.jpg,S3142R08.jpg,S3061L02,S3142R08,unrelated
S3061L02.jpg,S3142R07.jpg,S3061L02,S3142R07,unrelated
S3061L02.jpg,S3142R10.jpg,S3061L02,S3142R10,unrelated
S3061L02.jpg,S3142R09.jpg,S3061L02,S3142R09,unrelated
S3061L02.jpg,S3121L03.jpg,S3061L02,S3121L03,unrelated
S3061L02.jpg,S3121L02.jpg,S3061L02,S3121L02,unrelated
S3061L02.jpg,S3121L01.jpg,S3061L02,S3121L01,unrelated
S3061L02.jpg,S3121R04.jpg,S3061L02,S3121R04,unrelated
S3061L02.jpg,S3121R02.jpg,S3061L02,S3121R02,unrelated
S3061L02.jpg,S3121R01.jpg,S3061L02,S3121R01,unrelated
S3061L02.jpg,S3121R08.jpg,S3061L02,S3121R08,unrelated
S3061L02.jpg,S3121R07.jpg,S3061L02,S3121R07,unrelated
S3061L02.jpg,S3122L09.jpg,S3061L02,S3122L09,unrelated
S3061L02.jpg,S3122L07.jpg,S3061L02,S3122L07,unrelated
S3061L02.jpg,S3122L10.jpg,S3061L02,S3122L10,unrelated
S3061L02.jpg,S3122L01.jpg,S3061L02,S3122L01,unrelated
S3061L02.jpg,S3122L05.jpg,S3061L02,S3122L05,unrelated
S3061L02.jpg,S3122R02.jpg,S3061L02,S3122R02,unrelated
S3061L02.jpg,S3122R04.jpg,S3061L02,S3122R04,unrelated
S3061L02.jpg,S3122R03.jpg,S3061L02,S3122R03,unrelated
S3061L02.jpg,S3122R01.jpg,S3061L02,S3122R01,unrelated
S3061L02.jpg,S3051L07.jpg,S3061L02,S3051L07,unrelated
S3061L02.jpg,S3051L08.jpg,S3061L02,S3051L08,unrelated
S3061L02.jpg,S3051L10.jpg,S3061L02,S3051L10,unrelated
S3061L02.jpg,S3051L06.jpg,S3061L02,S3051L06,unrelated
S3061L02.jpg,S3051R01.jpg,S3061L02,S3051R01,unrelated
S3061L02.jpg,S3051R03.jpg,S3061L02,S3051R03,unrelated
S3061L02.jpg,S3052L01.jpg,S3061L02,S3052L01,unrelated
S3061L02.jpg,S3052L02.jpg,S3061L02,S3052L02,unrelated
S3061L02.jpg,S3052L03.jpg,S3061L02,S3052L03,unrelated
S3061L02.jpg,S3052R01.jpg,S3061L02,S3052R01,unrelated
S3061L02.jpg,S3011L07.jpg,S3061L02,S3011L07,unrelated
S3061L02.jpg,S3011R01.jpg,S3061L02,S3011R01,unrelated
S3061L02.jpg,S3011R02.jpg,S3061L02,S3011R02,unrelated
S3061L02.jpg,S3012L07.jpg,S3061L02,S3012L07,unrelated
S3061L02.jpg,S3012L02.jpg,S3061L02,S3012L02,unrelated
S3061L02.jpg,S3012R07.jpg,S3061L02,S3012R07,unrelated
S3061R01.jpg,S3061R04.jpg,S3061R01,S3061R04,genuine
S3061R01.jpg,S3061R07.jpg,S3061R01,S3061R07,genuine
S3061R01.jpg,S3061R08.jpg,S3061R01,S3061R08,genuine
S3061R01.jpg,S3062L03.jpg,S3061R01,S3062L03,twin_cross_eye
S3061R01.jpg,S3062L05.jpg,S3061R01,S3062L05,twin_cross_eye
S3061R01.jpg,S3062L07.jpg,S3061R01,S3062L07,twin_cross_eye
S3061R01.jpg,S3062L06.jpg,S3061R01,S3062L06,twin_cross_eye
S3061R01.jpg,S3062L04.jpg,S3061R01,S3062L04,twin_cross_eye
S3061R01.jpg,S3062R02.jpg,S3061R01,S3062R02,twin_same_eye
S3061R01.jpg,S3062R09.jpg,S3061R01,S3062R09,twin_same_eye
S3061R01.jpg,S3062R10.jpg,S3061R01,S3062R10,twin_same_eye
S3061R01.jpg,S3062R07.jpg,S3061R01,S3062R07,twin_same_eye
S3061R01.jpg,S3062R08.jpg,S3061R01,S3062R08,twin_same_eye
S3061R01.jpg,S3021L04.jpg,S3061R01,S3021L04,unrelated
S3061R01.jpg,S3021L03.jpg,S3061R01,S3021L03,unrelated
S3061R01.jpg,S3021L06.jpg,S3061R01,S3021L06,unrelated
S3061R01.jpg,S3021L02.jpg,S3061R01,S3021L02,unrelated
S3061R01.jpg,S3021L01.jpg,S3061R01,S3021L01,unrelated
S3061R01.jpg,S3021R09.jpg,S3061R01,S3021R09,unrelated
S3061R01.jpg,S3021R01.jpg,S3061R01,S3021R01,unrelated
S3061R01.jpg,S3021R02.jpg,S3061R01,S3021R02,unrelated
S3061R01.jpg,S3021R07.jpg,S3061R01,S3021R07,unrelated
S3061R01.jpg,S3021R06.jpg,S3061R01,S3021R06,unrelated
S3061R01.jpg,S3022L01.jpg,S3061R01,S3022L01,unrelated
S3061R01.jpg,S3022R01.jpg,S3061R01,S3022R01,unrelated
S3061R01.jpg,S3022R02.jpg,S3061R01,S3022R02,unrelated
S3061R01.jpg,S3101L08.jpg,S3061R01,S3101L08,unrelated
S3061R01.jpg,S3101L04.jpg,S3061R01,S3101L04,unrelated
S3061R01.jpg,S3101L02.jpg,S3061R01,S3101L02,unrelated
S3061R01.jpg,S3101L09.jpg,S3061R01,S3101L09,unrelated
S3061R01.jpg,S3101L10.jpg,S3061R01,S3101L10,unrelated
S3061R01.jpg,S3101R07.jpg,S3061R01,S3101R07,unrelated
S3061R01.jpg,S3101R04.jpg,S3061R01,S3101R04,unrelated
S3061R01.jpg,S3101R03.jpg,S3061R01,S3101R03,unrelated
S3061R01.jpg,S3101R02.jpg,S3061R01,S3101R02,unrelated
S3061R01.jpg,S3101R05.jpg,S3061R01,S3101R05,unrelated
S3061R01.jpg,S3102L10.jpg,S3061R01,S3102L10,unrelated
S3061R01.jpg,S3102L09.jpg,S3061R01,S3102L09,unrelated
S3061R01.jpg,S3102L01.jpg,S3061R01,S3102L01,unrelated
S3061R01.jpg,S3102L07.jpg,S3061R01,S3102L07,unrelated
S3061R01.jpg,S3102L06.jpg,S3061R01,S3102L06,unrelated
S3061R01.jpg,S3102R07.jpg,S3061R01,S3102R07,unrelated
S3061R01.jpg,S3102R08.jpg,S3061R01,S3102R08,unrelated
S3061R01.jpg,S3102R02.jpg,S3061R01,S3102R02,unrelated
S3061R01.jpg,S3102R06.jpg,S3061R01,S3102R06,unrelated
S3061R01.jpg,S3102R09.jpg,S3061R01,S3102R09,unrelated
S3061R01.jpg,S3151L06.jpg,S3061R01,S3151L06,unrelated
S3061R01.jpg,S3151L04.jpg,S3061R01,S3151L04,unrelated
S3061R01.jpg,S3151L03.jpg,S3061R01,S3151L03,unrelated
S3061R01.jpg,S3151L05.jpg,S3061R01,S3151L05,unrelated
S3061R01.jpg,S3151L07.jpg,S3061R01,S3151L07,unrelated
S3061R01.jpg,S3151R03.jpg,S3061R01,S3151R03,unrelated
S3061R01.jpg,S3151R01.jpg,S3061R01,S3151R01,unrelated
S3061R01.jpg,S3151R02.jpg,S3061R01,S3151R02,unrelated
S3061R01.jpg,S3152R04.jpg,S3061R01,S3152R04,unrelated
S3061R01.jpg,S3152R03.jpg,S3061R01,S3152R03,unrelated
S3061R01.jpg,S3152R02.jpg,S3061R01,S3152R02,unrelated
S3061R01.jpg,S3152R07.jpg,S3061R01,S3152R07,unrelated
S3061R01.jpg,S3181R04.jpg,S3061R01,S3181R04,unrelated
S3061R01.jpg,S3181R05.jpg,S3061R01,S3181R05,unrelated
S3061R01.jpg,S3182L01.jpg,S3061R01,S3182L01,unrelated
S3061R01.jpg,S3182R05.jpg,S3061R01,S3182R05,unrelated
S3061R01.jpg,S3182R06.jpg,S3061R01,S3182R06,unrelated
S3061R01.jpg,S3182R04.jpg,S3061R01,S3182R04,unrelated
S3061R01.jpg,S3182R03.jpg,S3061R01,S3182R03,unrelated
S3061R01.jpg,S3182R07.jpg,S3061R01,S3182R07,unrelated
S3061R01.jpg,S3141L03.jpg,S3061R01,S3141L03,unrelated
S3061R01.jpg,S3141R07.jpg,S3061R01,S3141R07,unrelated
S3061R01.jpg,S3141R10.jpg,S3061R01,S3141R10,unrelated
S3061R01.jpg,S3141R04.jpg,S3061R01,S3141R04,unrelated
S3061R01.jpg,S3141R06.jpg,S3061R01,S3141R06,unrelated
S3061R01.jpg,S3142L03.jpg,S3061R01,S3142L03,unrelated
S3061R01.jpg,S3142L02.jpg,S3061R01,S3142L02,unrelated
S3061R01.jpg,S3142L04.jpg,S3061R01,S3142L04,unrelated
S3061R01.jpg,S3142L07.jpg,S3061R01,S3142L07,unrelated
S3061R01.jpg,S3142R08.jpg,S3061R01,S3142R08,unrelated
S3061R01.jpg,S3142R07.jpg,S3061R01,S3142R07,unrelated
S3061R01.jpg,S3142R10.jpg,S3061R01,S3142R10,unrelated
S3061R01.jpg,S3142R09.jpg,S3061R01,S3142R09,unrelated
S3061R01.jpg,S3121L03.jpg,S3061R01,S3121L03,unrelated
S3061R01.jpg,S3121L02.jpg,S3061R01,S3121L02,unrelated
S3061R01.jpg,S3121L01.jpg,S3061R01,S3121L01,unrelated
S3061R01.jpg,S3121R04.jpg,S3061R01,S3121R04,unrelated
S3061R01.jpg,S3121R02.jpg,S3061R01,S3121R02,unrelated
S3061R01.jpg,S3121R01.jpg,S3061R01,S3121R01,unrelated
S3061R01.jpg,S3121R08.jpg,S3061R01,S3121R08,unrelated
S3061R01.jpg,S3121R07.jpg,S3061R01,S3121R07,unrelated
S3061R01.jpg,S3122L09.jpg,S3061R01,S3122L09,unrelated
S3061R01.jpg,S3122L07.jpg,S3061R01,S3122L07,unrelated
S3061R01.jpg,S3122L10.jpg,S3061R01,S3122L10,unrelated
S3061R01.jpg,S3122L01.jpg,S3061R01,S3122L01,unrelated
S3061R01.jpg,S3122L05.jpg,S3061R01,S3122L05,unrelated
S3061R01.jpg,S3122R02.jpg,S3061R01,S3122R02,unrelated
S3061R01.jpg,S3122R04.jpg,S3061R01,S3122R04,unrelated
S3061R01.jpg,S3122R03.jpg,S3061R01,S3122R03,unrelated
S3061R01.jpg,S3122R01.jpg,S3061R01,S3122R01,unrelated
S3061R01.jpg,S3051L07.jpg,S3061R01,S3051L07,unrelated
S3061R01.jpg,S3051L08.jpg,S3061R01,S3051L08,unrelated
S3061R01.jpg,S3051L10.jpg,S3061R01,S3051L10,unrelated
S3061R01.jpg,S3051L06.jpg,S3061R01,S3051L06,unrelated
S3061R01.jpg,S3051R01.jpg,S3061R01,S3051R01,unrelated
S3061R01.jpg,S3051R03.jpg,S3061R01,S3051R03,unrelated
S3061R01.jpg,S3052L01.jpg,S3061R01,S3052L01,unrelated
S3061R01.jpg,S3052L02.jpg,S3061R01,S3052L02,unrelated
S3061R01.jpg,S3052L03.jpg,S3061R01,S3052L03,unrelated
S3061R01.jpg,S3052R01.jpg,S3061R01,S3052R01,unrelated
S3061R01.jpg,S3011L07.jpg,S3061R01,S3011L07,unrelated
S3061R01.jpg,S3011R01.jpg,S3061R01,S3011R01,unrelated
S3061R01.jpg,S3011R02.jpg,S3061R01,S3011R02,unrelated
S3061R01.jpg,S3012L07.jpg,S3061R01,S3012L07,unrelated
S3061R01.jpg,S3012L02.jpg,S3061R01,S3012L02,unrelated
S3061R01.jpg,S3012R07.jpg,S3061R01,S3012R07,unrelated
S3061R04.jpg,S3061R07.jpg,S3061R04,S3061R07,genuine
S3061R04.jpg,S3061R08.jpg,S3061R04,S3061R08,genuine
S3061R04.jpg,S3062L03.jpg,S3061R04,S3062L03,twin_cross_eye
S3061R04.jpg,S3062L05.jpg,S3061R04,S3062L05,twin_cross_eye
S3061R04.jpg,S3062L07.jpg,S3061R04,S3062L07,twin_cross_eye
S3061R04.jpg,S3062L06.jpg,S3061R04,S3062L06,twin_cross_eye
S3061R04.jpg,S3062L04.jpg,S3061R04,S3062L04,twin_cross_eye
S3061R04.jpg,S3062R02.jpg,S3061R04,S3062R02,twin_same_eye
S3061R04.jpg,S3062R09.jpg,S3061R04,S3062R09,twin_same_eye
S3061R04.jpg,S3062R10.jpg,S3061R04,S3062R10,twin_same_eye
S3061R04.jpg,S3062R07.jpg,S3061R04,S3062R07,twin_same_eye
S3061R04.jpg,S3062R08.jpg,S3061R04,S3062R08,twin_same_eye
S3061R04.jpg,S3021L04.jpg,S3061R04,S3021L04,unrelated
S3061R04.jpg,S3021L03.jpg,S3061R04,S3021L03,unrelated
S3061R04.jpg,S3021L06.jpg,S3061R04,S3021L06,unrelated
S3061R04.jpg,S3021L02.jpg,S3061R04,S3021L02,unrelated
S3061R04.jpg,S3021L01.jpg,S3061R04,S3021L01,unrelated
S3061R04.jpg,S3021R09.jpg,S3061R04,S3021R09,unrelated
S3061R04.jpg,S3021R01.jpg,S3061R04,S3021R01,unrelated
S3061R04.jpg,S3021R02.jpg,S3061R04,S3021R02,unrelated
S3061R04.jpg,S3021R07.jpg,S3061R04,S3021R07,unrelated
S3061R04.jpg,S3021R06.jpg,S3061R04,S3021R06,unrelated
S3061R04.jpg,S3022L01.jpg,S3061R04,S3022L01,unrelated
S3061R04.jpg,S3022R01.jpg,S3061R04,S3022R01,unrelated
S3061R04.jpg,S3022R02.jpg,S3061R04,S3022R02,unrelated
S3061R04.jpg,S3101L08.jpg,S3061R04,S3101L08,unrelated
S3061R04.jpg,S3101L04.jpg,S3061R04,S3101L04,unrelated
S3061R04.jpg,S3101L02.jpg,S3061R04,S3101L02,unrelated
S3061R04.jpg,S3101L09.jpg,S3061R04,S3101L09,unrelated
S3061R04.jpg,S3101L10.jpg,S3061R04,S3101L10,unrelated
S3061R04.jpg,S3101R07.jpg,S3061R04,S3101R07,unrelated
S3061R04.jpg,S3101R04.jpg,S3061R04,S3101R04,unrelated
S3061R04.jpg,S3101R03.jpg,S3061R04,S3101R03,unrelated
S3061R04.jpg,S3101R02.jpg,S3061R04,S3101R02,unrelated
S3061R04.jpg,S3101R05.jpg,S3061R04,S3101R05,unrelated
S3061R04.jpg,S3102L10.jpg,S3061R04,S3102L10,unrelated
S3061R04.jpg,S3102L09.jpg,S3061R04,S3102L09,unrelated
S3061R04.jpg,S3102L01.jpg,S3061R04,S3102L01,unrelated
S3061R04.jpg,S3102L07.jpg,S3061R04,S3102L07,unrelated
S3061R04.jpg,S3102L06.jpg,S3061R04,S3102L06,unrelated
S3061R04.jpg,S3102R07.jpg,S3061R04,S3102R07,unrelated
S3061R04.jpg,S3102R08.jpg,S3061R04,S3102R08,unrelated
S3061R04.jpg,S3102R02.jpg,S3061R04,S3102R02,unrelated
S3061R04.jpg,S3102R06.jpg,S3061R04,S3102R06,unrelated
S3061R04.jpg,S3102R09.jpg,S3061R04,S3102R09,unrelated
S3061R04.jpg,S3151L06.jpg,S3061R04,S3151L06,unrelated
S3061R04.jpg,S3151L04.jpg,S3061R04,S3151L04,unrelated
S3061R04.jpg,S3151L03.jpg,S3061R04,S3151L03,unrelated
S3061R04.jpg,S3151L05.jpg,S3061R04,S3151L05,unrelated
S3061R04.jpg,S3151L07.jpg,S3061R04,S3151L07,unrelated
S3061R04.jpg,S3151R03.jpg,S3061R04,S3151R03,unrelated
S3061R04.jpg,S3151R01.jpg,S3061R04,S3151R01,unrelated
S3061R04.jpg,S3151R02.jpg,S3061R04,S3151R02,unrelated
S3061R04.jpg,S3152R04.jpg,S3061R04,S3152R04,unrelated
S3061R04.jpg,S3152R03.jpg,S3061R04,S3152R03,unrelated
S3061R04.jpg,S3152R02.jpg,S3061R04,S3152R02,unrelated
S3061R04.jpg,S3152R07.jpg,S3061R04,S3152R07,unrelated
S3061R04.jpg,S3181R04.jpg,S3061R04,S3181R04,unrelated
S3061R04.jpg,S3181R05.jpg,S3061R04,S3181R05,unrelated
S3061R04.jpg,S3182L01.jpg,S3061R04,S3182L01,unrelated
S3061R04.jpg,S3182R05.jpg,S3061R04,S3182R05,unrelated
S3061R04.jpg,S3182R06.jpg,S3061R04,S3182R06,unrelated
S3061R04.jpg,S3182R04.jpg,S3061R04,S3182R04,unrelated
S3061R04.jpg,S3182R03.jpg,S3061R04,S3182R03,unrelated
S3061R04.jpg,S3182R07.jpg,S3061R04,S3182R07,unrelated
S3061R04.jpg,S3141L03.jpg,S3061R04,S3141L03,unrelated
S3061R04.jpg,S3141R07.jpg,S3061R04,S3141R07,unrelated
S3061R04.jpg,S3141R10.jpg,S3061R04,S3141R10,unrelated
S3061R04.jpg,S3141R04.jpg,S3061R04,S3141R04,unrelated
S3061R04.jpg,S3141R06.jpg,S3061R04,S3141R06,unrelated
S3061R04.jpg,S3142L03.jpg,S3061R04,S3142L03,unrelated
S3061R04.jpg,S3142L02.jpg,S3061R04,S3142L02,unrelated
S3061R04.jpg,S3142L04.jpg,S3061R04,S3142L04,unrelated
S3061R04.jpg,S3142L07.jpg,S3061R04,S3142L07,unrelated
S3061R04.jpg,S3142R08.jpg,S3061R04,S3142R08,unrelated
S3061R04.jpg,S3142R07.jpg,S3061R04,S3142R07,unrelated
S3061R04.jpg,S3142R10.jpg,S3061R04,S3142R10,unrelated
S3061R04.jpg,S3142R09.jpg,S3061R04,S3142R09,unrelated
S3061R04.jpg,S3121L03.jpg,S3061R04,S3121L03,unrelated
S3061R04.jpg,S3121L02.jpg,S3061R04,S3121L02,unrelated
S3061R04.jpg,S3121L01.jpg,S3061R04,S3121L01,unrelated
S3061R04.jpg,S3121R04.jpg,S3061R04,S3121R04,unrelated
S3061R04.jpg,S3121R02.jpg,S3061R04,S3121R02,unrelated
S3061R04.jpg,S3121R01.jpg,S3061R04,S3121R01,unrelated
S3061R04.jpg,S3121R08.jpg,S3061R04,S3121R08,unrelated
S3061R04.jpg,S3121R07.jpg,S3061R04,S3121R07,unrelated
S3061R04.jpg,S3122L09.jpg,S3061R04,S3122L09,unrelated
S3061R04.jpg,S3122L07.jpg,S3061R04,S3122L07,unrelated
S3061R04.jpg,S3122L10.jpg,S3061R04,S3122L10,unrelated
S3061R04.jpg,S3122L01.jpg,S3061R04,S3122L01,unrelated
S3061R04.jpg,S3122L05.jpg,S3061R04,S3122L05,unrelated
S3061R04.jpg,S3122R02.jpg,S3061R04,S3122R02,unrelated
S3061R04.jpg,S3122R04.jpg,S3061R04,S3122R04,unrelated
S3061R04.jpg,S3122R03.jpg,S3061R04,S3122R03,unrelated
S3061R04.jpg,S3122R01.jpg,S3061R04,S3122R01,unrelated
S3061R04.jpg,S3051L07.jpg,S3061R04,S3051L07,unrelated
S3061R04.jpg,S3051L08.jpg,S3061R04,S3051L08,unrelated
S3061R04.jpg,S3051L10.jpg,S3061R04,S3051L10,unrelated
S3061R04.jpg,S3051L06.jpg,S3061R04,S3051L06,unrelated
S3061R04.jpg,S3051R01.jpg,S3061R04,S3051R01,unrelated
S3061R04.jpg,S3051R03.jpg,S3061R04,S3051R03,unrelated
S3061R04.jpg,S3052L01.jpg,S3061R04,S3052L01,unrelated
S3061R04.jpg,S3052L02.jpg,S3061R04,S3052L02,unrelated
S3061R04.jpg,S3052L03.jpg,S3061R04,S3052L03,unrelated
S3061R04.jpg,S3052R01.jpg,S3061R04,S3052R01,unrelated
S3061R04.jpg,S3011L07.jpg,S3061R04,S3011L07,unrelated
S3061R04.jpg,S3011R01.jpg,S3061R04,S3011R01,unrelated
S3061R04.jpg,S3011R02.jpg,S3061R04,S3011R02,unrelated
S3061R04.jpg,S3012L07.jpg,S3061R04,S3012L07,unrelated
S3061R04.jpg,S3012L02.jpg,S3061R04,S3012L02,unrelated
S3061R04.jpg,S3012R07.jpg,S3061R04,S3012R07,unrelated
S3061R07.jpg,S3061R08.jpg,S3061R07,S3061R08,genuine
S3061R07.jpg,S3062L03.jpg,S3061R07,S3062L03,twin_cross_eye
S3061R07.jpg,S3062L05.jpg,S3061R07,S3062L05,twin_cross_eye
S3061R07.jpg,S3062L07.jpg,S3061R07,S3062L07,twin_cross_eye
S3061R07.jpg,S3062L06.jpg,S3061R07,S3062L06,twin_cross_eye
S3061R07.jpg,S3062L04.jpg,S3061R07,S3062L04,twin_cross_eye
S3061R07.jpg,S3062R02.jpg,S3061R07,S3062R02,twin_same_eye
S3061R07.jpg,S3062R09.jpg,S3061R07,S3062R09,twin_same_eye
S3061R07.jpg,S3062R10.jpg,S3061R07,S3062R10,twin_same_eye
S3061R07.jpg,S3062R07.jpg,S3061R07,S3062R07,twin_same_eye
S3061R07.jpg,S3062R08.jpg,S3061R07,S3062R08,twin_same_eye
S3061R07.jpg,S3021L04.jpg,S3061R07,S3021L04,unrelated
S3061R07.jpg,S3021L03.jpg,S3061R07,S3021L03,unrelated
S3061R07.jpg,S3021L06.jpg,S3061R07,S3021L06,unrelated
S3061R07.jpg,S3021L02.jpg,S3061R07,S3021L02,unrelated
S3061R07.jpg,S3021L01.jpg,S3061R07,S3021L01,unrelated
S3061R07.jpg,S3021R09.jpg,S3061R07,S3021R09,unrelated
S3061R07.jpg,S3021R01.jpg,S3061R07,S3021R01,unrelated
S3061R07.jpg,S3021R02.jpg,S3061R07,S3021R02,unrelated
S3061R07.jpg,S3021R07.jpg,S3061R07,S3021R07,unrelated
S3061R07.jpg,S3021R06.jpg,S3061R07,S3021R06,unrelated
S3061R07.jpg,S3022L01.jpg,S3061R07,S3022L01,unrelated
S3061R07.jpg,S3022R01.jpg,S3061R07,S3022R01,unrelated
S3061R07.jpg,S3022R02.jpg,S3061R07,S3022R02,unrelated
S3061R07.jpg,S3101L08.jpg,S3061R07,S3101L08,unrelated
S3061R07.jpg,S3101L04.jpg,S3061R07,S3101L04,unrelated
S3061R07.jpg,S3101L02.jpg,S3061R07,S3101L02,unrelated
S3061R07.jpg,S3101L09.jpg,S3061R07,S3101L09,unrelated
S3061R07.jpg,S3101L10.jpg,S3061R07,S3101L10,unrelated
S3061R07.jpg,S3101R07.jpg,S3061R07,S3101R07,unrelated
S3061R07.jpg,S3101R04.jpg,S3061R07,S3101R04,unrelated
S3061R07.jpg,S3101R03.jpg,S3061R07,S3101R03,unrelated
S3061R07.jpg,S3101R02.jpg,S3061R07,S3101R02,unrelated
S3061R07.jpg,S3101R05.jpg,S3061R07,S3101R05,unrelated
S3061R07.jpg,S3102L10.jpg,S3061R07,S3102L10,unrelated
S3061R07.jpg,S3102L09.jpg,S3061R07,S3102L09,unrelated
S3061R07.jpg,S3102L01.jpg,S3061R07,S3102L01,unrelated
S3061R07.jpg,S3102L07.jpg,S3061R07,S3102L07,unrelated
S3061R07.jpg,S3102L06.jpg,S3061R07,S3102L06,unrelated
S3061R07.jpg,S3102R07.jpg,S3061R07,S3102R07,unrelated
S3061R07.jpg,S3102R08.jpg,S3061R07,S3102R08,unrelated
S3061R07.jpg,S3102R02.jpg,S3061R07,S3102R02,unrelated
S3061R07.jpg,S3102R06.jpg,S3061R07,S3102R06,unrelated
S3061R07.jpg,S3102R09.jpg,S3061R07,S3102R09,unrelated
S3061R07.jpg,S3151L06.jpg,S3061R07,S3151L06,unrelated
S3061R07.jpg,S3151L04.jpg,S3061R07,S3151L04,unrelated
S3061R07.jpg,S3151L03.jpg,S3061R07,S3151L03,unrelated
S3061R07.jpg,S3151L05.jpg,S3061R07,S3151L05,unrelated
S3061R07.jpg,S3151L07.jpg,S3061R07,S3151L07,unrelated
S3061R07.jpg,S3151R03.jpg,S3061R07,S3151R03,unrelated
S3061R07.jpg,S3151R01.jpg,S3061R07,S3151R01,unrelated
S3061R07.jpg,S3151R02.jpg,S3061R07,S3151R02,unrelated
S3061R07.jpg,S3152R04.jpg,S3061R07,S3152R04,unrelated
S3061R07.jpg,S3152R03.jpg,S3061R07,S3152R03,unrelated
S3061R07.jpg,S3152R02.jpg,S3061R07,S3152R02,unrelated
S3061R07.jpg,S3152R07.jpg,S3061R07,S3152R07,unrelated
S3061R07.jpg,S3181R04.jpg,S3061R07,S3181R04,unrelated
S3061R07.jpg,S3181R05.jpg,S3061R07,S3181R05,unrelated
S3061R07.jpg,S3182L01.jpg,S3061R07,S3182L01,unrelated
S3061R07.jpg,S3182R05.jpg,S3061R07,S3182R05,unrelated
S3061R07.jpg,S3182R06.jpg,S3061R07,S3182R06,unrelated
S3061R07.jpg,S3182R04.jpg,S3061R07,S3182R04,unrelated
S3061R07.jpg,S3182R03.jpg,S3061R07,S3182R03,unrelated
S3061R07.jpg,S3182R07.jpg,S3061R07,S3182R07,unrelated
S3061R07.jpg,S3141L03.jpg,S3061R07,S3141L03,unrelated
S3061R07.jpg,S3141R07.jpg,S3061R07,S3141R07,unrelated
S3061R07.jpg,S3141R10.jpg,S3061R07,S3141R10,unrelated
S3061R07.jpg,S3141R04.jpg,S3061R07,S3141R04,unrelated
S3061R07.jpg,S3141R06.jpg,S3061R07,S3141R06,unrelated
S3061R07.jpg,S3142L03.jpg,S3061R07,S3142L03,unrelated
S3061R07.jpg,S3142L02.jpg,S3061R07,S3142L02,unrelated
S3061R07.jpg,S3142L04.jpg,S3061R07,S3142L04,unrelated
S3061R07.jpg,S3142L07.jpg,S3061R07,S3142L07,unrelated
S3061R07.jpg,S3142R08.jpg,S3061R07,S3142R08,unrelated
S3061R07.jpg,S3142R07.jpg,S3061R07,S3142R07,unrelated
S3061R07.jpg,S3142R10.jpg,S3061R07,S3142R10,unrelated
S3061R07.jpg,S3142R09.jpg,S3061R07,S3142R09,unrelated
S3061R07.jpg,S3121L03.jpg,S3061R07,S3121L03,unrelated
S3061R07.jpg,S3121L02.jpg,S3061R07,S3121L02,unrelated
S3061R07.jpg,S3121L01.jpg,S3061R07,S3121L01,unrelated
S3061R07.jpg,S3121R04.jpg,S3061R07,S3121R04,unrelated
S3061R07.jpg,S3121R02.jpg,S3061R07,S3121R02,unrelated
S3061R07.jpg,S3121R01.jpg,S3061R07,S3121R01,unrelated
S3061R07.jpg,S3121R08.jpg,S3061R07,S3121R08,unrelated
S3061R07.jpg,S3121R07.jpg,S3061R07,S3121R07,unrelated
S3061R07.jpg,S3122L09.jpg,S3061R07,S3122L09,unrelated
S3061R07.jpg,S3122L07.jpg,S3061R07,S3122L07,unrelated
S3061R07.jpg,S3122L10.jpg,S3061R07,S3122L10,unrelated
S3061R07.jpg,S3122L01.jpg,S3061R07,S3122L01,unrelated
S3061R07.jpg,S3122L05.jpg,S3061R07,S3122L05,unrelated
S3061R07.jpg,S3122R02.jpg,S3061R07,S3122R02,unrelated
S3061R07.jpg,S3122R04.jpg,S3061R07,S3122R04,unrelated
S3061R07.jpg,S3122R03.jpg,S3061R07,S3122R03,unrelated
S3061R07.jpg,S3122R01.jpg,S3061R07,S3122R01,unrelated
S3061R07.jpg,S3051L07.jpg,S3061R07,S3051L07,unrelated
S3061R07.jpg,S3051L08.jpg,S3061R07,S3051L08,unrelated
S3061R07.jpg,S3051L10.jpg,S3061R07,S3051L10,unrelated
S3061R07.jpg,S3051L06.jpg,S3061R07,S3051L06,unrelated
S3061R07.jpg,S3051R01.jpg,S3061R07,S3051R01,unrelated
S3061R07.jpg,S3051R03.jpg,S3061R07,S3051R03,unrelated
S3061R07.jpg,S3052L01.jpg,S3061R07,S3052L01,unrelated
S3061R07.jpg,S3052L02.jpg,S3061R07,S3052L02,unrelated
S3061R07.jpg,S3052L03.jpg,S3061R07,S3052L03,unrelated
S3061R07.jpg,S3052R01.jpg,S3061R07,S3052R01,unrelated
S3061R07.jpg,S3011L07.jpg,S3061R07,S3011L07,unrelated
S3061R07.jpg,S3011R01.jpg,S3061R07,S3011R01,unrelated
S3061R07.jpg,S3011R02.jpg,S3061R07,S3011R02,unrelated
S3061R07.jpg,S3012L07.jpg,S3061R07,S3012L07,unrelated
S3061R07.jpg,S3012L02.jpg,S3061R07,S3012L02,unrelated
S3061R07.jpg,S3012R07.jpg,S3061R07,S3012R07,unrelated
S3061R08.jpg,S3062L03.jpg,S3061R08,S3062L03,twin_cross_eye
S3061R08.jpg,S3062L05.jpg,S3061R08,S3062L05,twin_cross_eye
S3061R08.jpg,S3062L07.jpg,S3061R08,S3062L07,twin_cross_eye
S3061R08.jpg,S3062L06.jpg,S3061R08,S3062L06,twin_cross_eye
S3061R08.jpg,S3062L04.jpg,S3061R08,S3062L04,twin_cross_eye
S3061R08.jpg,S3062R02.jpg,S3061R08,S3062R02,twin_same_eye
S3061R08.jpg,S3062R09.jpg,S3061R08,S3062R09,twin_same_eye
S3061R08.jpg,S3062R10.jpg,S3061R08,S3062R10,twin_same_eye
S3061R08.jpg,S3062R07.jpg,S3061R08,S3062R07,twin_same_eye
S3061R08.jpg,S3062R08.jpg,S3061R08,S3062R08,twin_same_eye
S3061R08.jpg,S3021L04.jpg,S3061R08,S3021L04,unrelated
S3061R08.jpg,S3021L03.jpg,S3061R08,S3021L03,unrelated
S3061R08.jpg,S3021L06.jpg,S3061R08,S3021L06,unrelated
S3061R08.jpg,S3021L02.jpg,S3061R08,S3021L02,unrelated
S3061R08.jpg,S3021L01.jpg,S3061R08,S3021L01,unrelated
S3061R08.jpg,S3021R09.jpg,S3061R08,S3021R09,unrelated
S3061R08.jpg,S3021R01.jpg,S3061R08,S3021R01,unrelated
S3061R08.jpg,S3021R02.jpg,S3061R08,S3021R02,unrelated
S3061R08.jpg,S3021R07.jpg,S3061R08,S3021R07,unrelated
S3061R08.jpg,S3021R06.jpg,S3061R08,S3021R06,unrelated
S3061R08.jpg,S3022L01.jpg,S3061R08,S3022L01,unrelated
S3061R08.jpg,S3022R01.jpg,S3061R08,S3022R01,unrelated
S3061R08.jpg,S3022R02.jpg,S3061R08,S3022R02,unrelated
S3061R08.jpg,S3101L08.jpg,S3061R08,S3101L08,unrelated
S3061R08.jpg,S3101L04.jpg,S3061R08,S3101L04,unrelated
S3061R08.jpg,S3101L02.jpg,S3061R08,S3101L02,unrelated
S3061R08.jpg,S3101L09.jpg,S3061R08,S3101L09,unrelated
S3061R08.jpg,S3101L10.jpg,S3061R08,S3101L10,unrelated
S3061R08.jpg,S3101R07.jpg,S3061R08,S3101R07,unrelated
S3061R08.jpg,S3101R04.jpg,S3061R08,S3101R04,unrelated
S3061R08.jpg,S3101R03.jpg,S3061R08,S3101R03,unrelated
S3061R08.jpg,S3101R02.jpg,S3061R08,S3101R02,unrelated
S3061R08.jpg,S3101R05.jpg,S3061R08,S3101R05,unrelated
S3061R08.jpg,S3102L10.jpg,S3061R08,S3102L10,unrelated
S3061R08.jpg,S3102L09.jpg,S3061R08,S3102L09,unrelated
S3061R08.jpg,S3102L01.jpg,S3061R08,S3102L01,unrelated
S3061R08.jpg,S3102L07.jpg,S3061R08,S3102L07,unrelated
S3061R08.jpg,S3102L06.jpg,S3061R08,S3102L06,unrelated
S3061R08.jpg,S3102R07.jpg,S3061R08,S3102R07,unrelated
S3061R08.jpg,S3102R08.jpg,S3061R08,S3102R08,unrelated
S3061R08.jpg,S3102R02.jpg,S3061R08,S3102R02,unrelated
S3061R08.jpg,S3102R06.jpg,S3061R08,S3102R06,unrelated
S3061R08.jpg,S3102R09.jpg,S3061R08,S3102R09,unrelated
S3061R08.jpg,S3151L06.jpg,S3061R08,S3151L06,unrelated
S3061R08.jpg,S3151L04.jpg,S3061R08,S3151L04,unrelated
S3061R08.jpg,S3151L03.jpg,S3061R08,S3151L03,unrelated
S3061R08.jpg,S3151L05.jpg,S3061R08,S3151L05,unrelated
S3061R08.jpg,S3151L07.jpg,S3061R08,S3151L07,unrelated
S3061R08.jpg,S3151R03.jpg,S3061R08,S3151R03,unrelated
S3061R08.jpg,S3151R01.jpg,S3061R08,S3151R01,unrelated
S3061R08.jpg,S3151R02.jpg,S3061R08,S3151R02,unrelated
S3061R08.jpg,S3152R04.jpg,S3061R08,S3152R04,unrelated
S3061R08.jpg,S3152R03.jpg,S3061R08,S3152R03,unrelated
S3061R08.jpg,S3152R02.jpg,S3061R08,S3152R02,unrelated
S3061R08.jpg,S3152R07.jpg,S3061R08,S3152R07,unrelated
S3061R08.jpg,S3181R04.jpg,S3061R08,S3181R04,unrelated
S3061R08.jpg,S3181R05.jpg,S3061R08,S3181R05,unrelated
S3061R08.jpg,S3182L01.jpg,S3061R08,S3182L01,unrelated
S3061R08.jpg,S3182R05.jpg,S3061R08,S3182R05,unrelated
S3061R08.jpg,S3182R06.jpg,S3061R08,S3182R06,unrelated
S3061R08.jpg,S3182R04.jpg,S3061R08,S3182R04,unrelated
S3061R08.jpg,S3182R03.jpg,S3061R08,S3182R03,unrelated
S3061R08.jpg,S3182R07.jpg,S3061R08,S3182R07,unrelated
S3061R08.jpg,S3141L03.jpg,S3061R08,S3141L03,unrelated
S3061R08.jpg,S3141R07.jpg,S3061R08,S3141R07,unrelated
S3061R08.jpg,S3141R10.jpg,S3061R08,S3141R10,unrelated
S3061R08.jpg,S3141R04.jpg,S3061R08,S3141R04,unrelated
S3061R08.jpg,S3141R06.jpg,S3061R08,S3141R06,unrelated
S3061R08.jpg,S3142L03.jpg,S3061R08,S3142L03,unrelated
S3061R08.jpg,S3142L02.jpg,S3061R08,S3142L02,unrelated
S3061R08.jpg,S3142L04.jpg,S3061R08,S3142L04,unrelated
S3061R08.jpg,S3142L07.jpg,S3061R08,S3142L07,unrelated
S3061R08.jpg,S3142R08.jpg,S3061R08,S3142R08,unrelated
S3061R08.jpg,S3142R07.jpg,S3061R08,S3142R07,unrelated
S3061R08.jpg,S3142R10.jpg,S3061R08,S3142R10,unrelated
S3061R08.jpg,S3142R09.jpg,S3061R08,S3142R09,unrelated
S3061R08.jpg,S3121L03.jpg,S3061R08,S3121L03,unrelated
S3061R08.jpg,S3121L02.jpg,S3061R08,S3121L02,unrelated
S3061R08.jpg,S3121L01.jpg,S3061R08,S3121L01,unrelated
S3061R08.jpg,S3121R04.jpg,S3061R08,S3121R04,unrelated
S3061R08.jpg,S3121R02.jpg,S3061R08,S3121R02,unrelated
S3061R08.jpg,S3121R01.jpg,S3061R08,S3121R01,unrelated
S3061R08.jpg,S3121R08.jpg,S3061R08,S3121R08,unrelated
S3061R08.jpg,S3121R07.jpg,S3061R08,S3121R07,unrelated
S3061R08.jpg,S3122L09.jpg,S3061R08,S3122L09,unrelated
S3061R08.jpg,S3122L07.jpg,S3061R08,S3122L07,unrelated
S3061R08.jpg,S3122L10.jpg,S3061R08,S3122L10,unrelated
S3061R08.jpg,S3122L01.jpg,S3061R08,S3122L01,unrelated
S3061R08.jpg,S3122L05.jpg,S3061R08,S3122L05,unrelated
S3061R08.jpg,S3122R02.jpg,S3061R08,S3122R02,unrelated
S3061R08.jpg,S3122R04.jpg,S3061R08,S3122R04,unrelated
S3061R08.jpg,S3122R03.jpg,S3061R08,S3122R03,unrelated
S3061R08.jpg,S3122R01.jpg,S3061R08,S3122R01,unrelated
S3061R08.jpg,S3051L07.jpg,S3061R08,S3051L07,unrelated
S3061R08.jpg,S3051L08.jpg,S3061R08,S3051L08,unrelated
S3061R08.jpg,S3051L10.jpg,S3061R08,S3051L10,unrelated
S3061R08.jpg,S3051L06.jpg,S3061R08,S3051L06,unrelated
S3061R08.jpg,S3051R01.jpg,S3061R08,S3051R01,unrelated
S3061R08.jpg,S3051R03.jpg,S3061R08,S3051R03,unrelated
S3061R08.jpg,S3052L01.jpg,S3061R08,S3052L01,unrelated
S3061R08.jpg,S3052L02.jpg,S3061R08,S3052L02,unrelated
S3061R08.jpg,S3052L03.jpg,S3061R08,S3052L03,unrelated
S3061R08.jpg,S3052R01.jpg,S3061R08,S3052R01,unrelated
S3061R08.jpg,S3011L07.jpg,S3061R08,S3011L07,unrelated
S3061R08.jpg,S3011R01.jpg,S3061R08,S3011R01,unrelated
S3061R08.jpg,S3011R02.jpg,S3061R08,S3011R02,unrelated
S3061R08.jpg,S3012L07.jpg,S3061R08,S3012L07,unrelated
S3061R08.jpg,S3012L02.jpg,S3061R08,S3012L02,unrelated
S3061R08.jpg,S3012R07.jpg,S3061R08,S3012R07,unrelated
S3062L03.jpg,S3062L05.jpg,S3062L03,S3062L05,genuine
S3062L03.jpg,S3062L07.jpg,S3062L03,S3062L07,genuine
S3062L03.jpg,S3062L06.jpg,S3062L03,S3062L06,genuine
S3062L03.jpg,S3062L04.jpg,S3062L03,S3062L04,genuine
S3062L03.jpg,S3062R02.jpg,S3062L03,S3062R02,same_subject_different_eye
S3062L03.jpg,S3062R09.jpg,S3062L03,S3062R09,same_subject_different_eye
S3062L03.jpg,S3062R10.jpg,S3062L03,S3062R10,same_subject_different_eye
S3062L03.jpg,S3062R07.jpg,S3062L03,S3062R07,same_subject_different_eye
S3062L03.jpg,S3062R08.jpg,S3062L03,S3062R08,same_subject_different_eye
S3062L03.jpg,S3021L04.jpg,S3062L03,S3021L04,unrelated
S3062L03.jpg,S3021L03.jpg,S3062L03,S3021L03,unrelated
S3062L03.jpg,S3021L06.jpg,S3062L03,S3021L06,unrelated
S3062L03.jpg,S3021L02.jpg,S3062L03,S3021L02,unrelated
S3062L03.jpg,S3021L01.jpg,S3062L03,S3021L01,unrelated
S3062L03.jpg,S3021R09.jpg,S3062L03,S3021R09,unrelated
S3062L03.jpg,S3021R01.jpg,S3062L03,S3021R01,unrelated
S3062L03.jpg,S3021R02.jpg,S3062L03,S3021R02,unrelated
S3062L03.jpg,S3021R07.jpg,S3062L03,S3021R07,unrelated
S3062L03.jpg,S3021R06.jpg,S3062L03,S3021R06,unrelated
S3062L03.jpg,S3022L01.jpg,S3062L03,S3022L01,unrelated
S3062L03.jpg,S3022R01.jpg,S3062L03,S3022R01,unrelated
S3062L03.jpg,S3022R02.jpg,S3062L03,S3022R02,unrelated
S3062L03.jpg,S3101L08.jpg,S3062L03,S3101L08,unrelated
S3062L03.jpg,S3101L04.jpg,S3062L03,S3101L04,unrelated
S3062L03.jpg,S3101L02.jpg,S3062L03,S3101L02,unrelated
S3062L03.jpg,S3101L09.jpg,S3062L03,S3101L09,unrelated
S3062L03.jpg,S3101L10.jpg,S3062L03,S3101L10,unrelated
S3062L03.jpg,S3101R07.jpg,S3062L03,S3101R07,unrelated
S3062L03.jpg,S3101R04.jpg,S3062L03,S3101R04,unrelated
S3062L03.jpg,S3101R03.jpg,S3062L03,S3101R03,unrelated
S3062L03.jpg,S3101R02.jpg,S3062L03,S3101R02,unrelated
S3062L03.jpg,S3101R05.jpg,S3062L03,S3101R05,unrelated
S3062L03.jpg,S3102L10.jpg,S3062L03,S3102L10,unrelated
S3062L03.jpg,S3102L09.jpg,S3062L03,S3102L09,unrelated
S3062L03.jpg,S3102L01.jpg,S3062L03,S3102L01,unrelated
S3062L03.jpg,S3102L07.jpg,S3062L03,S3102L07,unrelated
S3062L03.jpg,S3102L06.jpg,S3062L03,S3102L06,unrelated
S3062L03.jpg,S3102R07.jpg,S3062L03,S3102R07,unrelated
S3062L03.jpg,S3102R08.jpg,S3062L03,S3102R08,unrelated
S3062L03.jpg,S3102R02.jpg,S3062L03,S3102R02,unrelated
S3062L03.jpg,S3102R06.jpg,S3062L03,S3102R06,unrelated
S3062L03.jpg,S3102R09.jpg,S3062L03,S3102R09,unrelated
S3062L03.jpg,S3151L06.jpg,S3062L03,S3151L06,unrelated
S3062L03.jpg,S3151L04.jpg,S3062L03,S3151L04,unrelated
S3062L03.jpg,S3151L03.jpg,S3062L03,S3151L03,unrelated
S3062L03.jpg,S3151L05.jpg,S3062L03,S3151L05,unrelated
S3062L03.jpg,S3151L07.jpg,S3062L03,S3151L07,unrelated
S3062L03.jpg,S3151R03.jpg,S3062L03,S3151R03,unrelated
S3062L03.jpg,S3151R01.jpg,S3062L03,S3151R01,unrelated
S3062L03.jpg,S3151R02.jpg,S3062L03,S3151R02,unrelated
S3062L03.jpg,S3152R04.jpg,S3062L03,S3152R04,unrelated
S3062L03.jpg,S3152R03.jpg,S3062L03,S3152R03,unrelated
S3062L03.jpg,S3152R02.jpg,S3062L03,S3152R02,unrelated
S3062L03.jpg,S3152R07.jpg,S3062L03,S3152R07,unrelated
S3062L03.jpg,S3181R04.jpg,S3062L03,S3181R04,unrelated
S3062L03.jpg,S3181R05.jpg,S3062L03,S3181R05,unrelated
S3062L03.jpg,S3182L01.jpg,S3062L03,S3182L01,unrelated
S3062L03.jpg,S3182R05.jpg,S3062L03,S3182R05,unrelated
S3062L03.jpg,S3182R06.jpg,S3062L03,S3182R06,unrelated
S3062L03.jpg,S3182R04.jpg,S3062L03,S3182R04,unrelated
S3062L03.jpg,S3182R03.jpg,S3062L03,S3182R03,unrelated
S3062L03.jpg,S3182R07.jpg,S3062L03,S3182R07,unrelated
S3062L03.jpg,S3141L03.jpg,S3062L03,S3141L03,unrelated
S3062L03.jpg,S3141R07.jpg,S3062L03,S3141R07,unrelated
S3062L03.jpg,S3141R10.jpg,S3062L03,S3141R10,unrelated
S3062L03.jpg,S3141R04.jpg,S3062L03,S3141R04,unrelated
S3062L03.jpg,S3141R06.jpg,S3062L03,S3141R06,unrelated
S3062L03.jpg,S3142L03.jpg,S3062L03,S3142L03,unrelated
S3062L03.jpg,S3142L02.jpg,S3062L03,S3142L02,unrelated
S3062L03.jpg,S3142L04.jpg,S3062L03,S3142L04,unrelated
S3062L03.jpg,S3142L07.jpg,S3062L03,S3142L07,unrelated
S3062L03.jpg,S3142R08.jpg,S3062L03,S3142R08,unrelated
S3062L03.jpg,S3142R07.jpg,S3062L03,S3142R07,unrelated
S3062L03.jpg,S3142R10.jpg,S3062L03,S3142R10,unrelated
S3062L03.jpg,S3142R09.jpg,S3062L03,S3142R09,unrelated
S3062L03.jpg,S3121L03.jpg,S3062L03,S3121L03,unrelated
S3062L03.jpg,S3121L02.jpg,S3062L03,S3121L02,unrelated
S3062L03.jpg,S3121L01.jpg,S3062L03,S3121L01,unrelated
S3062L03.jpg,S3121R04.jpg,S3062L03,S3121R04,unrelated
S3062L03.jpg,S3121R02.jpg,S3062L03,S3121R02,unrelated
S3062L03.jpg,S3121R01.jpg,S3062L03,S3121R01,unrelated
S3062L03.jpg,S3121R08.jpg,S3062L03,S3121R08,unrelated
S3062L03.jpg,S3121R07.jpg,S3062L03,S3121R07,unrelated
S3062L03.jpg,S3122L09.jpg,S3062L03,S3122L09,unrelated
S3062L03.jpg,S3122L07.jpg,S3062L03,S3122L07,unrelated
S3062L03.jpg,S3122L10.jpg,S3062L03,S3122L10,unrelated
S3062L03.jpg,S3122L01.jpg,S3062L03,S3122L01,unrelated
S3062L03.jpg,S3122L05.jpg,S3062L03,S3122L05,unrelated
S3062L03.jpg,S3122R02.jpg,S3062L03,S3122R02,unrelated
S3062L03.jpg,S3122R04.jpg,S3062L03,S3122R04,unrelated
S3062L03.jpg,S3122R03.jpg,S3062L03,S3122R03,unrelated
S3062L03.jpg,S3122R01.jpg,S3062L03,S3122R01,unrelated
S3062L03.jpg,S3051L07.jpg,S3062L03,S3051L07,unrelated
S3062L03.jpg,S3051L08.jpg,S3062L03,S3051L08,unrelated
S3062L03.jpg,S3051L10.jpg,S3062L03,S3051L10,unrelated
S3062L03.jpg,S3051L06.jpg,S3062L03,S3051L06,unrelated
S3062L03.jpg,S3051R01.jpg,S3062L03,S3051R01,unrelated
S3062L03.jpg,S3051R03.jpg,S3062L03,S3051R03,unrelated
S3062L03.jpg,S3052L01.jpg,S3062L03,S3052L01,unrelated
S3062L03.jpg,S3052L02.jpg,S3062L03,S3052L02,unrelated
S3062L03.jpg,S3052L03.jpg,S3062L03,S3052L03,unrelated
S3062L03.jpg,S3052R01.jpg,S3062L03,S3052R01,unrelated
S3062L03.jpg,S3011L07.jpg,S3062L03,S3011L07,unrelated
S3062L03.jpg,S3011R01.jpg,S3062L03,S3011R01,unrelated
S3062L03.jpg,S3011R02.jpg,S3062L03,S3011R02,unrelated
S3062L03.jpg,S3012L07.jpg,S3062L03,S3012L07,unrelated
S3062L03.jpg,S3012L02.jpg,S3062L03,S3012L02,unrelated
S3062L03.jpg,S3012R07.jpg,S3062L03,S3012R07,unrelated
S3062L05.jpg,S3062L07.jpg,S3062L05,S3062L07,genuine
S3062L05.jpg,S3062L06.jpg,S3062L05,S3062L06,genuine
S3062L05.jpg,S3062L04.jpg,S3062L05,S3062L04,genuine
S3062L05.jpg,S3062R02.jpg,S3062L05,S3062R02,same_subject_different_eye
S3062L05.jpg,S3062R09.jpg,S3062L05,S3062R09,same_subject_different_eye
S3062L05.jpg,S3062R10.jpg,S3062L05,S3062R10,same_subject_different_eye
S3062L05.jpg,S3062R07.jpg,S3062L05,S3062R07,same_subject_different_eye
S3062L05.jpg,S3062R08.jpg,S3062L05,S3062R08,same_subject_different_eye
S3062L05.jpg,S3021L04.jpg,S3062L05,S3021L04,unrelated
S3062L05.jpg,S3021L03.jpg,S3062L05,S3021L03,unrelated
S3062L05.jpg,S3021L06.jpg,S3062L05,S3021L06,unrelated
S3062L05.jpg,S3021L02.jpg,S3062L05,S3021L02,unrelated
S3062L05.jpg,S3021L01.jpg,S3062L05,S3021L01,unrelated
S3062L05.jpg,S3021R09.jpg,S3062L05,S3021R09,unrelated
S3062L05.jpg,S3021R01.jpg,S3062L05,S3021R01,unrelated
S3062L05.jpg,S3021R02.jpg,S3062L05,S3021R02,unrelated
S3062L05.jpg,S3021R07.jpg,S3062L05,S3021R07,unrelated
S3062L05.jpg,S3021R06.jpg,S3062L05,S3021R06,unrelated
S3062L05.jpg,S3022L01.jpg,S3062L05,S3022L01,unrelated
S3062L05.jpg,S3022R01.jpg,S3062L05,S3022R01,unrelated
S3062L05.jpg,S3022R02.jpg,S3062L05,S3022R02,unrelated
S3062L05.jpg,S3101L08.jpg,S3062L05,S3101L08,unrelated
S3062L05.jpg,S3101L04.jpg,S3062L05,S3101L04,unrelated
S3062L05.jpg,S3101L02.jpg,S3062L05,S3101L02,unrelated
S3062L05.jpg,S3101L09.jpg,S3062L05,S3101L09,unrelated
S3062L05.jpg,S3101L10.jpg,S3062L05,S3101L10,unrelated
S3062L05.jpg,S3101R07.jpg,S3062L05,S3101R07,unrelated
S3062L05.jpg,S3101R04.jpg,S3062L05,S3101R04,unrelated
S3062L05.jpg,S3101R03.jpg,S3062L05,S3101R03,unrelated
S3062L05.jpg,S3101R02.jpg,S3062L05,S3101R02,unrelated
S3062L05.jpg,S3101R05.jpg,S3062L05,S3101R05,unrelated
S3062L05.jpg,S3102L10.jpg,S3062L05,S3102L10,unrelated
S3062L05.jpg,S3102L09.jpg,S3062L05,S3102L09,unrelated
S3062L05.jpg,S3102L01.jpg,S3062L05,S3102L01,unrelated
S3062L05.jpg,S3102L07.jpg,S3062L05,S3102L07,unrelated
S3062L05.jpg,S3102L06.jpg,S3062L05,S3102L06,unrelated
S3062L05.jpg,S3102R07.jpg,S3062L05,S3102R07,unrelated
S3062L05.jpg,S3102R08.jpg,S3062L05,S3102R08,unrelated
S3062L05.jpg,S3102R02.jpg,S3062L05,S3102R02,unrelated
S3062L05.jpg,S3102R06.jpg,S3062L05,S3102R06,unrelated
S3062L05.jpg,S3102R09.jpg,S3062L05,S3102R09,unrelated
S3062L05.jpg,S3151L06.jpg,S3062L05,S3151L06,unrelated
S3062L05.jpg,S3151L04.jpg,S3062L05,S3151L04,unrelated
S3062L05.jpg,S3151L03.jpg,S3062L05,S3151L03,unrelated
S3062L05.jpg,S3151L05.jpg,S3062L05,S3151L05,unrelated
S3062L05.jpg,S3151L07.jpg,S3062L05,S3151L07,unrelated
S3062L05.jpg,S3151R03.jpg,S3062L05,S3151R03,unrelated
S3062L05.jpg,S3151R01.jpg,S3062L05,S3151R01,unrelated
S3062L05.jpg,S3151R02.jpg,S3062L05,S3151R02,unrelated
S3062L05.jpg,S3152R04.jpg,S3062L05,S3152R04,unrelated
S3062L05.jpg,S3152R03.jpg,S3062L05,S3152R03,unrelated
S3062L05.jpg,S3152R02.jpg,S3062L05,S3152R02,unrelated
S3062L05.jpg,S3152R07.jpg,S3062L05,S3152R07,unrelated
S3062L05.jpg,S3181R04.jpg,S3062L05,S3181R04,unrelated
S3062L05.jpg,S3181R05.jpg,S3062L05,S3181R05,unrelated
S3062L05.jpg,S3182L01.jpg,S3062L05,S3182L01,unrelated
S3062L05.jpg,S3182R05.jpg,S3062L05,S3182R05,unrelated
S3062L05.jpg,S3182R06.jpg,S3062L05,S3182R06,unrelated
S3062L05.jpg,S3182R04.jpg,S3062L05,S3182R04,unrelated
S3062L05.jpg,S3182R03.jpg,S3062L05,S3182R03,unrelated
S3062L05.jpg,S3182R07.jpg,S3062L05,S3182R07,unrelated
S3062L05.jpg,S3141L03.jpg,S3062L05,S3141L03,unrelated
S3062L05.jpg,S3141R07.jpg,S3062L05,S3141R07,unrelated
S3062L05.jpg,S3141R10.jpg,S3062L05,S3141R10,unrelated
S3062L05.jpg,S3141R04.jpg,S3062L05,S3141R04,unrelated
S3062L05.jpg,S3141R06.jpg,S3062L05,S3141R06,unrelated
S3062L05.jpg,S3142L03.jpg,S3062L05,S3142L03,unrelated
S3062L05.jpg,S3142L02.jpg,S3062L05,S3142L02,unrelated
S3062L05.jpg,S3142L04.jpg,S3062L05,S3142L04,unrelated
S3062L05.jpg,S3142L07.jpg,S3062L05,S3142L07,unrelated
S3062L05.jpg,S3142R08.jpg,S3062L05,S3142R08,unrelated
S3062L05.jpg,S3142R07.jpg,S3062L05,S3142R07,unrelated
S3062L05.jpg,S3142R10.jpg,S3062L05,S3142R10,unrelated
S3062L05.jpg,S3142R09.jpg,S3062L05,S3142R09,unrelated
S3062L05.jpg,S3121L03.jpg,S3062L05,S3121L03,unrelated
S3062L05.jpg,S3121L02.jpg,S3062L05,S3121L02,unrelated
S3062L05.jpg,S3121L01.jpg,S3062L05,S3121L01,unrelated
S3062L05.jpg,S3121R04.jpg,S3062L05,S3121R04,unrelated
S3062L05.jpg,S3121R02.jpg,S3062L05,S3121R02,unrelated
S3062L05.jpg,S3121R01.jpg,S3062L05,S3121R01,unrelated
S3062L05.jpg,S3121R08.jpg,S3062L05,S3121R08,unrelated
S3062L05.jpg,S3121R07.jpg,S3062L05,S3121R07,unrelated
S3062L05.jpg,S3122L09.jpg,S3062L05,S3122L09,unrelated
S3062L05.jpg,S3122L07.jpg,S3062L05,S3122L07,unrelated
S3062L05.jpg,S3122L10.jpg,S3062L05,S3122L10,unrelated
S3062L05.jpg,S3122L01.jpg,S3062L05,S3122L01,unrelated
S3062L05.jpg,S3122L05.jpg,S3062L05,S3122L05,unrelated
S3062L05.jpg,S3122R02.jpg,S3062L05,S3122R02,unrelated
S3062L05.jpg,S3122R04.jpg,S3062L05,S3122R04,unrelated
S3062L05.jpg,S3122R03.jpg,S3062L05,S3122R03,unrelated
S3062L05.jpg,S3122R01.jpg,S3062L05,S3122R01,unrelated
S3062L05.jpg,S3051L07.jpg,S3062L05,S3051L07,unrelated
S3062L05.jpg,S3051L08.jpg,S3062L05,S3051L08,unrelated
S3062L05.jpg,S3051L10.jpg,S3062L05,S3051L10,unrelated
S3062L05.jpg,S3051L06.jpg,S3062L05,S3051L06,unrelated
S3062L05.jpg,S3051R01.jpg,S3062L05,S3051R01,unrelated
S3062L05.jpg,S3051R03.jpg,S3062L05,S3051R03,unrelated
S3062L05.jpg,S3052L01.jpg,S3062L05,S3052L01,unrelated
S3062L05.jpg,S3052L02.jpg,S3062L05,S3052L02,unrelated
S3062L05.jpg,S3052L03.jpg,S3062L05,S3052L03,unrelated
S3062L05.jpg,S3052R01.jpg,S3062L05,S3052R01,unrelated
S3062L05.jpg,S3011L07.jpg,S3062L05,S3011L07,unrelated
S3062L05.jpg,S3011R01.jpg,S3062L05,S3011R01,unrelated
S3062L05.jpg,S3011R02.jpg,S3062L05,S3011R02,unrelated
S3062L05.jpg,S3012L07.jpg,S3062L05,S3012L07,unrelated
S3062L05.jpg,S3012L02.jpg,S3062L05,S3012L02,unrelated
S3062L05.jpg,S3012R07.jpg,S3062L05,S3012R07,unrelated
S3062L07.jpg,S3062L06.jpg,S3062L07,S3062L06,genuine
S3062L07.jpg,S3062L04.jpg,S3062L07,S3062L04,genuine
S3062L07.jpg,S3062R02.jpg,S3062L07,S3062R02,same_subject_different_eye
S3062L07.jpg,S3062R09.jpg,S3062L07,S3062R09,same_subject_different_eye
S3062L07.jpg,S3062R10.jpg,S3062L07,S3062R10,same_subject_different_eye
S3062L07.jpg,S3062R07.jpg,S3062L07,S3062R07,same_subject_different_eye
S3062L07.jpg,S3062R08.jpg,S3062L07,S3062R08,same_subject_different_eye
S3062L07.jpg,S3021L04.jpg,S3062L07,S3021L04,unrelated
S3062L07.jpg,S3021L03.jpg,S3062L07,S3021L03,unrelated
S3062L07.jpg,S3021L06.jpg,S3062L07,S3021L06,unrelated
S3062L07.jpg,S3021L02.jpg,S3062L07,S3021L02,unrelated
S3062L07.jpg,S3021L01.jpg,S3062L07,S3021L01,unrelated
S3062L07.jpg,S3021R09.jpg,S3062L07,S3021R09,unrelated
S3062L07.jpg,S3021R01.jpg,S3062L07,S3021R01,unrelated
S3062L07.jpg,S3021R02.jpg,S3062L07,S3021R02,unrelated
S3062L07.jpg,S3021R07.jpg,S3062L07,S3021R07,unrelated
S3062L07.jpg,S3021R06.jpg,S3062L07,S3021R06,unrelated
S3062L07.jpg,S3022L01.jpg,S3062L07,S3022L01,unrelated
S3062L07.jpg,S3022R01.jpg,S3062L07,S3022R01,unrelated
S3062L07.jpg,S3022R02.jpg,S3062L07,S3022R02,unrelated
S3062L07.jpg,S3101L08.jpg,S3062L07,S3101L08,unrelated
S3062L07.jpg,S3101L04.jpg,S3062L07,S3101L04,unrelated
S3062L07.jpg,S3101L02.jpg,S3062L07,S3101L02,unrelated
S3062L07.jpg,S3101L09.jpg,S3062L07,S3101L09,unrelated
S3062L07.jpg,S3101L10.jpg,S3062L07,S3101L10,unrelated
S3062L07.jpg,S3101R07.jpg,S3062L07,S3101R07,unrelated
S3062L07.jpg,S3101R04.jpg,S3062L07,S3101R04,unrelated
S3062L07.jpg,S3101R03.jpg,S3062L07,S3101R03,unrelated
S3062L07.jpg,S3101R02.jpg,S3062L07,S3101R02,unrelated
S3062L07.jpg,S3101R05.jpg,S3062L07,S3101R05,unrelated
S3062L07.jpg,S3102L10.jpg,S3062L07,S3102L10,unrelated
S3062L07.jpg,S3102L09.jpg,S3062L07,S3102L09,unrelated
S3062L07.jpg,S3102L01.jpg,S3062L07,S3102L01,unrelated
S3062L07.jpg,S3102L07.jpg,S3062L07,S3102L07,unrelated
S3062L07.jpg,S3102L06.jpg,S3062L07,S3102L06,unrelated
S3062L07.jpg,S3102R07.jpg,S3062L07,S3102R07,unrelated
S3062L07.jpg,S3102R08.jpg,S3062L07,S3102R08,unrelated
S3062L07.jpg,S3102R02.jpg,S3062L07,S3102R02,unrelated
S3062L07.jpg,S3102R06.jpg,S3062L07,S3102R06,unrelated
S3062L07.jpg,S3102R09.jpg,S3062L07,S3102R09,unrelated
S3062L07.jpg,S3151L06.jpg,S3062L07,S3151L06,unrelated
S3062L07.jpg,S3151L04.jpg,S3062L07,S3151L04,unrelated
S3062L07.jpg,S3151L03.jpg,S3062L07,S3151L03,unrelated
S3062L07.jpg,S3151L05.jpg,S3062L07,S3151L05,unrelated
S3062L07.jpg,S3151L07.jpg,S3062L07,S3151L07,unrelated
S3062L07.jpg,S3151R03.jpg,S3062L07,S3151R03,unrelated
S3062L07.jpg,S3151R01.jpg,S3062L07,S3151R01,unrelated
S3062L07.jpg,S3151R02.jpg,S3062L07,S3151R02,unrelated
S3062L07.jpg,S3152R04.jpg,S3062L07,S3152R04,unrelated
S3062L07.jpg,S3152R03.jpg,S3062L07,S3152R03,unrelated
S3062L07.jpg,S3152R02.jpg,S3062L07,S3152R02,unrelated
S3062L07.jpg,S3152R07.jpg,S3062L07,S3152R07,unrelated
S3062L07.jpg,S3181R04.jpg,S3062L07,S3181R04,unrelated
S3062L07.jpg,S3181R05.jpg,S3062L07,S3181R05,unrelated
S3062L07.jpg,S3182L01.jpg,S3062L07,S3182L01,unrelated
S3062L07.jpg,S3182R05.jpg,S3062L07,S3182R05,unrelated
S3062L07.jpg,S3182R06.jpg,S3062L07,S3182R06,unrelated
S3062L07.jpg,S3182R04.jpg,S3062L07,S3182R04,unrelated
S3062L07.jpg,S3182R03.jpg,S3062L07,S3182R03,unrelated
S3062L07.jpg,S3182R07.jpg,S3062L07,S3182R07,unrelated
S3062L07.jpg,S3141L03.jpg,S3062L07,S3141L03,unrelated
S3062L07.jpg,S3141R07.jpg,S3062L07,S3141R07,unrelated
S3062L07.jpg,S3141R10.jpg,S3062L07,S3141R10,unrelated
S3062L07.jpg,S3141R04.jpg,S3062L07,S3141R04,unrelated
S3062L07.jpg,S3141R06.jpg,S3062L07,S3141R06,unrelated
S3062L07.jpg,S3142L03.jpg,S3062L07,S3142L03,unrelated
S3062L07.jpg,S3142L02.jpg,S3062L07,S3142L02,unrelated
S3062L07.jpg,S3142L04.jpg,S3062L07,S3142L04,unrelated
S3062L07.jpg,S3142L07.jpg,S3062L07,S3142L07,unrelated
S3062L07.jpg,S3142R08.jpg,S3062L07,S3142R08,unrelated
S3062L07.jpg,S3142R07.jpg,S3062L07,S3142R07,unrelated
S3062L07.jpg,S3142R10.jpg,S3062L07,S3142R10,unrelated
S3062L07.jpg,S3142R09.jpg,S3062L07,S3142R09,unrelated
S3062L07.jpg,S3121L03.jpg,S3062L07,S3121L03,unrelated
S3062L07.jpg,S3121L02.jpg,S3062L07,S3121L02,unrelated
S3062L07.jpg,S3121L01.jpg,S3062L07,S3121L01,unrelated
S3062L07.jpg,S3121R04.jpg,S3062L07,S3121R04,unrelated
S3062L07.jpg,S3121R02.jpg,S3062L07,S3121R02,unrelated
S3062L07.jpg,S3121R01.jpg,S3062L07,S3121R01,unrelated
S3062L07.jpg,S3121R08.jpg,S3062L07,S3121R08,unrelated
S3062L07.jpg,S3121R07.jpg,S3062L07,S3121R07,unrelated
S3062L07.jpg,S3122L09.jpg,S3062L07,S3122L09,unrelated
S3062L07.jpg,S3122L07.jpg,S3062L07,S3122L07,unrelated
S3062L07.jpg,S3122L10.jpg,S3062L07,S3122L10,unrelated
S3062L07.jpg,S3122L01.jpg,S3062L07,S3122L01,unrelated
S3062L07.jpg,S3122L05.jpg,S3062L07,S3122L05,unrelated
S3062L07.jpg,S3122R02.jpg,S3062L07,S3122R02,unrelated
S3062L07.jpg,S3122R04.jpg,S3062L07,S3122R04,unrelated
S3062L07.jpg,S3122R03.jpg,S3062L07,S3122R03,unrelated
S3062L07.jpg,S3122R01.jpg,S3062L07,S3122R01,unrelated
S3062L07.jpg,S3051L07.jpg,S3062L07,S3051L07,unrelated
S3062L07.jpg,S3051L08.jpg,S3062L07,S3051L08,unrelated
S3062L07.jpg,S3051L10.jpg,S3062L07,S3051L10,unrelated
S3062L07.jpg,S3051L06.jpg,S3062L07,S3051L06,unrelated
S3062L07.jpg,S3051R01.jpg,S3062L07,S3051R01,unrelated
S3062L07.jpg,S3051R03.jpg,S3062L07,S3051R03,unrelated
S3062L07.jpg,S3052L01.jpg,S3062L07,S3052L01,unrelated
S3062L07.jpg,S3052L02.jpg,S3062L07,S3052L02,unrelated
S3062L07.jpg,S3052L03.jpg,S3062L07,S3052L03,unrelated
S3062L07.jpg,S3052R01.jpg,S3062L07,S3052R01,unrelated
S3062L07.jpg,S3011L07.jpg,S3062L07,S3011L07,unrelated
S3062L07.jpg,S3011R01.jpg,S3062L07,S3011R01,unrelated
S3062L07.jpg,S3011R02.jpg,S3062L07,S3011R02,unrelated
S3062L07.jpg,S3012L07.jpg,S3062L07,S3012L07,unrelated
S3062L07.jpg,S3012L02.jpg,S3062L07,S3012L02,unrelated
S3062L07.jpg,S3012R07.jpg,S3062L07,S3012R07,unrelated
S3062L06.jpg,S3062L04.jpg,S3062L06,S3062L04,genuine
S3062L06.jpg,S3062R02.jpg,S3062L06,S3062R02,same_subject_different_eye
S3062L06.jpg,S3062R09.jpg,S3062L06,S3062R09,same_subject_different_eye
S3062L06.jpg,S3062R10.jpg,S3062L06,S3062R10,same_subject_different_eye
S3062L06.jpg,S3062R07.jpg,S3062L06,S3062R07,same_subject_different_eye
S3062L06.jpg,S3062R08.jpg,S3062L06,S3062R08,same_subject_different_eye
S3062L06.jpg,S3021L04.jpg,S3062L06,S3021L04,unrelated
S3062L06.jpg,S3021L03.jpg,S3062L06,S3021L03,unrelated
S3062L06.jpg,S3021L06.jpg,S3062L06,S3021L06,unrelated
S3062L06.jpg,S3021L02.jpg,S3062L06,S3021L02,unrelated
S3062L06.jpg,S3021L01.jpg,S3062L06,S3021L01,unrelated
S3062L06.jpg,S3021R09.jpg,S3062L06,S3021R09,unrelated
S3062L06.jpg,S3021R01.jpg,S3062L06,S3021R01,unrelated
S3062L06.jpg,S3021R02.jpg,S3062L06,S3021R02,unrelated
S3062L06.jpg,S3021R07.jpg,S3062L06,S3021R07,unrelated
S3062L06.jpg,S3021R06.jpg,S3062L06,S3021R06,unrelated
S3062L06.jpg,S3022L01.jpg,S3062L06,S3022L01,unrelated
S3062L06.jpg,S3022R01.jpg,S3062L06,S3022R01,unrelated
S3062L06.jpg,S3022R02.jpg,S3062L06,S3022R02,unrelated
S3062L06.jpg,S3101L08.jpg,S3062L06,S3101L08,unrelated
S3062L06.jpg,S3101L04.jpg,S3062L06,S3101L04,unrelated
S3062L06.jpg,S3101L02.jpg,S3062L06,S3101L02,unrelated
S3062L06.jpg,S3101L09.jpg,S3062L06,S3101L09,unrelated
S3062L06.jpg,S3101L10.jpg,S3062L06,S3101L10,unrelated
S3062L06.jpg,S3101R07.jpg,S3062L06,S3101R07,unrelated
S3062L06.jpg,S3101R04.jpg,S3062L06,S3101R04,unrelated
S3062L06.jpg,S3101R03.jpg,S3062L06,S3101R03,unrelated
S3062L06.jpg,S3101R02.jpg,S3062L06,S3101R02,unrelated
S3062L06.jpg,S3101R05.jpg,S3062L06,S3101R05,unrelated
S3062L06.jpg,S3102L10.jpg,S3062L06,S3102L10,unrelated
S3062L06.jpg,S3102L09.jpg,S3062L06,S3102L09,unrelated
S3062L06.jpg,S3102L01.jpg,S3062L06,S3102L01,unrelated
S3062L06.jpg,S3102L07.jpg,S3062L06,S3102L07,unrelated
S3062L06.jpg,S3102L06.jpg,S3062L06,S3102L06,unrelated
S3062L06.jpg,S3102R07.jpg,S3062L06,S3102R07,unrelated
S3062L06.jpg,S3102R08.jpg,S3062L06,S3102R08,unrelated
S3062L06.jpg,S3102R02.jpg,S3062L06,S3102R02,unrelated
S3062L06.jpg,S3102R06.jpg,S3062L06,S3102R06,unrelated
S3062L06.jpg,S3102R09.jpg,S3062L06,S3102R09,unrelated
S3062L06.jpg,S3151L06.jpg,S3062L06,S3151L06,unrelated
S3062L06.jpg,S3151L04.jpg,S3062L06,S3151L04,unrelated
S3062L06.jpg,S3151L03.jpg,S3062L06,S3151L03,unrelated
S3062L06.jpg,S3151L05.jpg,S3062L06,S3151L05,unrelated
S3062L06.jpg,S3151L07.jpg,S3062L06,S3151L07,unrelated
S3062L06.jpg,S3151R03.jpg,S3062L06,S3151R03,unrelated
S3062L06.jpg,S3151R01.jpg,S3062L06,S3151R01,unrelated
S3062L06.jpg,S3151R02.jpg,S3062L06,S3151R02,unrelated
S3062L06.jpg,S3152R04.jpg,S3062L06,S3152R04,unrelated
S3062L06.jpg,S3152R03.jpg,S3062L06,S3152R03,unrelated
S3062L06.jpg,S3152R02.jpg,S3062L06,S3152R02,unrelated
S3062L06.jpg,S3152R07.jpg,S3062L06,S3152R07,unrelated
S3062L06.jpg,S3181R04.jpg,S3062L06,S3181R04,unrelated
S3062L06.jpg,S3181R05.jpg,S3062L06,S3181R05,unrelated
S3062L06.jpg,S3182L01.jpg,S3062L06,S3182L01,unrelated
S3062L06.jpg,S3182R05.jpg,S3062L06,S3182R05,unrelated
S3062L06.jpg,S3182R06.jpg,S3062L06,S3182R06,unrelated
S3062L06.jpg,S3182R04.jpg,S3062L06,S3182R04,unrelated
S3062L06.jpg,S3182R03.jpg,S3062L06,S3182R03,unrelated
S3062L06.jpg,S3182R07.jpg,S3062L06,S3182R07,unrelated
S3062L06.jpg,S3141L03.jpg,S3062L06,S3141L03,unrelated
S3062L06.jpg,S3141R07.jpg,S3062L06,S3141R07,unrelated
S3062L06.jpg,S3141R10.jpg,S3062L06,S3141R10,unrelated
S3062L06.jpg,S3141R04.jpg,S3062L06,S3141R04,unrelated
S3062L06.jpg,S3141R06.jpg,S3062L06,S3141R06,unrelated
S3062L06.jpg,S3142L03.jpg,S3062L06,S3142L03,unrelated
S3062L06.jpg,S3142L02.jpg,S3062L06,S3142L02,unrelated
S3062L06.jpg,S3142L04.jpg,S3062L06,S3142L04,unrelated
S3062L06.jpg,S3142L07.jpg,S3062L06,S3142L07,unrelated
S3062L06.jpg,S3142R08.jpg,S3062L06,S3142R08,unrelated
S3062L06.jpg,S3142R07.jpg,S3062L06,S3142R07,unrelated
S3062L06.jpg,S3142R10.jpg,S3062L06,S3142R10,unrelated
S3062L06.jpg,S3142R09.jpg,S3062L06,S3142R09,unrelated
S3062L06.jpg,S3121L03.jpg,S3062L06,S3121L03,unrelated
S3062L06.jpg,S3121L02.jpg,S3062L06,S3121L02,unrelated
S3062L06.jpg,S3121L01.jpg,S3062L06,S3121L01,unrelated
S3062L06.jpg,S3121R04.jpg,S3062L06,S3121R04,unrelated
S3062L06.jpg,S3121R02.jpg,S3062L06,S3121R02,unrelated
S3062L06.jpg,S3121R01.jpg,S3062L06,S3121R01,unrelated
S3062L06.jpg,S3121R08.jpg,S3062L06,S3121R08,unrelated
S3062L06.jpg,S3121R07.jpg,S3062L06,S3121R07,unrelated
S3062L06.jpg,S3122L09.jpg,S3062L06,S3122L09,unrelated
S3062L06.jpg,S3122L07.jpg,S3062L06,S3122L07,unrelated
S3062L06.jpg,S3122L10.jpg,S3062L06,S3122L10,unrelated
S3062L06.jpg,S3122L01.jpg,S3062L06,S3122L01,unrelated
S3062L06.jpg,S3122L05.jpg,S3062L06,S3122L05,unrelated
S3062L06.jpg,S3122R02.jpg,S3062L06,S3122R02,unrelated
S3062L06.jpg,S3122R04.jpg,S3062L06,S3122R04,unrelated
S3062L06.jpg,S3122R03.jpg,S3062L06,S3122R03,unrelated
S3062L06.jpg,S3122R01.jpg,S3062L06,S3122R01,unrelated
S3062L06.jpg,S3051L07.jpg,S3062L06,S3051L07,unrelated
S3062L06.jpg,S3051L08.jpg,S3062L06,S3051L08,unrelated
S3062L06.jpg,S3051L10.jpg,S3062L06,S3051L10,unrelated
S3062L06.jpg,S3051L06.jpg,S3062L06,S3051L06,unrelated
S3062L06.jpg,S3051R01.jpg,S3062L06,S3051R01,unrelated
S3062L06.jpg,S3051R03.jpg,S3062L06,S3051R03,unrelated
S3062L06.jpg,S3052L01.jpg,S3062L06,S3052L01,unrelated
S3062L06.jpg,S3052L02.jpg,S3062L06,S3052L02,unrelated
S3062L06.jpg,S3052L03.jpg,S3062L06,S3052L03,unrelated
S3062L06.jpg,S3052R01.jpg,S3062L06,S3052R01,unrelated
S3062L06.jpg,S3011L07.jpg,S3062L06,S3011L07,unrelated
S3062L06.jpg,S3011R01.jpg,S3062L06,S3011R01,unrelated
S3062L06.jpg,S3011R02.jpg,S3062L06,S3011R02,unrelated
S3062L06.jpg,S3012L07.jpg,S3062L06,S3012L07,unrelated
S3062L06.jpg,S3012L02.jpg,S3062L06,S3012L02,unrelated
S3062L06.jpg,S3012R07.jpg,S3062L06,S3012R07,unrelated
S3062L04.jpg,S3062R02.jpg,S3062L04,S3062R02,same_subject_different_eye
S3062L04.jpg,S3062R09.jpg,S3062L04,S3062R09,same_subject_different_eye
S3062L04.jpg,S3062R10.jpg,S3062L04,S3062R10,same_subject_different_eye
S3062L04.jpg,S3062R07.jpg,S3062L04,S3062R07,same_subject_different_eye
S3062L04.jpg,S3062R08.jpg,S3062L04,S3062R08,same_subject_different_eye
S3062L04.jpg,S3021L04.jpg,S3062L04,S3021L04,unrelated
S3062L04.jpg,S3021L03.jpg,S3062L04,S3021L03,unrelated
S3062L04.jpg,S3021L06.jpg,S3062L04,S3021L06,unrelated
S3062L04.jpg,S3021L02.jpg,S3062L04,S3021L02,unrelated
S3062L04.jpg,S3021L01.jpg,S3062L04,S3021L01,unrelated
S3062L04.jpg,S3021R09.jpg,S3062L04,S3021R09,unrelated
S3062L04.jpg,S3021R01.jpg,S3062L04,S3021R01,unrelated
S3062L04.jpg,S3021R02.jpg,S3062L04,S3021R02,unrelated
S3062L04.jpg,S3021R07.jpg,S3062L04,S3021R07,unrelated
S3062L04.jpg,S3021R06.jpg,S3062L04,S3021R06,unrelated
S3062L04.jpg,S3022L01.jpg,S3062L04,S3022L01,unrelated
S3062L04.jpg,S3022R01.jpg,S3062L04,S3022R01,unrelated
S3062L04.jpg,S3022R02.jpg,S3062L04,S3022R02,unrelated
S3062L04.jpg,S3101L08.jpg,S3062L04,S3101L08,unrelated
S3062L04.jpg,S3101L04.jpg,S3062L04,S3101L04,unrelated
S3062L04.jpg,S3101L02.jpg,S3062L04,S3101L02,unrelated
S3062L04.jpg,S3101L09.jpg,S3062L04,S3101L09,unrelated
S3062L04.jpg,S3101L10.jpg,S3062L04,S3101L10,unrelated
S3062L04.jpg,S3101R07.jpg,S3062L04,S3101R07,unrelated
S3062L04.jpg,S3101R04.jpg,S3062L04,S3101R04,unrelated
S3062L04.jpg,S3101R03.jpg,S3062L04,S3101R03,unrelated
S3062L04.jpg,S3101R02.jpg,S3062L04,S3101R02,unrelated
S3062L04.jpg,S3101R05.jpg,S3062L04,S3101R05,unrelated
S3062L04.jpg,S3102L10.jpg,S3062L04,S3102L10,unrelated
S3062L04.jpg,S3102L09.jpg,S3062L04,S3102L09,unrelated
S3062L04.jpg,S3102L01.jpg,S3062L04,S3102L01,unrelated
S3062L04.jpg,S3102L07.jpg,S3062L04,S3102L07,unrelated
S3062L04.jpg,S3102L06.jpg,S3062L04,S3102L06,unrelated
S3062L04.jpg,S3102R07.jpg,S3062L04,S3102R07,unrelated
S3062L04.jpg,S3102R08.jpg,S3062L04,S3102R08,unrelated
S3062L04.jpg,S3102R02.jpg,S3062L04,S3102R02,unrelated
S3062L04.jpg,S3102R06.jpg,S3062L04,S3102R06,unrelated
S3062L04.jpg,S3102R09.jpg,S3062L04,S3102R09,unrelated
S3062L04.jpg,S3151L06.jpg,S3062L04,S3151L06,unrelated
S3062L04.jpg,S3151L04.jpg,S3062L04,S3151L04,unrelated
S3062L04.jpg,S3151L03.jpg,S3062L04,S3151L03,unrelated
S3062L04.jpg,S3151L05.jpg,S3062L04,S3151L05,unrelated
S3062L04.jpg,S3151L07.jpg,S3062L04,S3151L07,unrelated
S3062L04.jpg,S3151R03.jpg,S3062L04,S3151R03,unrelated
S3062L04.jpg,S3151R01.jpg,S3062L04,S3151R01,unrelated
S3062L04.jpg,S3151R02.jpg,S3062L04,S3151R02,unrelated
S3062L04.jpg,S3152R04.jpg,S3062L04,S3152R04,unrelated
S3062L04.jpg,S3152R03.jpg,S3062L04,S3152R03,unrelated
S3062L04.jpg,S3152R02.jpg,S3062L04,S3152R02,unrelated
S3062L04.jpg,S3152R07.jpg,S3062L04,S3152R07,unrelated
S3062L04.jpg,S3181R04.jpg,S3062L04,S3181R04,unrelated
S3062L04.jpg,S3181R05.jpg,S3062L04,S3181R05,unrelated
S3062L04.jpg,S3182L01.jpg,S3062L04,S3182L01,unrelated
S3062L04.jpg,S3182R05.jpg,S3062L04,S3182R05,unrelated
S3062L04.jpg,S3182R06.jpg,S3062L04,S3182R06,unrelated
S3062L04.jpg,S3182R04.jpg,S3062L04,S3182R04,unrelated
S3062L04.jpg,S3182R03.jpg,S3062L04,S3182R03,unrelated
S3062L04.jpg,S3182R07.jpg,S3062L04,S3182R07,unrelated
S3062L04.jpg,S3141L03.jpg,S3062L04,S3141L03,unrelated
S3062L04.jpg,S3141R07.jpg,S3062L04,S3141R07,unrelated
S3062L04.jpg,S3141R10.jpg,S3062L04,S3141R10,unrelated
S3062L04.jpg,S3141R04.jpg,S3062L04,S3141R04,unrelated
S3062L04.jpg,S3141R06.jpg,S3062L04,S3141R06,unrelated
S3062L04.jpg,S3142L03.jpg,S3062L04,S3142L03,unrelated
S3062L04.jpg,S3142L02.jpg,S3062L04,S3142L02,unrelated
S3062L04.jpg,S3142L04.jpg,S3062L04,S3142L04,unrelated
S3062L04.jpg,S3142L07.jpg,S3062L04,S3142L07,unrelated
S3062L04.jpg,S3142R08.jpg,S3062L04,S3142R08,unrelated
S3062L04.jpg,S3142R07.jpg,S3062L04,S3142R07,unrelated
S3062L04.jpg,S3142R10.jpg,S3062L04,S3142R10,unrelated
S3062L04.jpg,S3142R09.jpg,S3062L04,S3142R09,unrelated
S3062L04.jpg,S3121L03.jpg,S3062L04,S3121L03,unrelated
S3062L04.jpg,S3121L02.jpg,S3062L04,S3121L02,unrelated
S3062L04.jpg,S3121L01.jpg,S3062L04,S3121L01,unrelated
S3062L04.jpg,S3121R04.jpg,S3062L04,S3121R04,unrelated
S3062L04.jpg,S3121R02.jpg,S3062L04,S3121R02,unrelated
S3062L04.jpg,S3121R01.jpg,S3062L04,S3121R01,unrelated
S3062L04.jpg,S3121R08.jpg,S3062L04,S3121R08,unrelated
S3062L04.jpg,S3121R07.jpg,S3062L04,S3121R07,unrelated
S3062L04.jpg,S3122L09.jpg,S3062L04,S3122L09,unrelated
S3062L04.jpg,S3122L07.jpg,S3062L04,S3122L07,unrelated
S3062L04.jpg,S3122L10.jpg,S3062L04,S3122L10,unrelated
S3062L04.jpg,S3122L01.jpg,S3062L04,S3122L01,unrelated
S3062L04.jpg,S3122L05.jpg,S3062L04,S3122L05,unrelated
S3062L04.jpg,S3122R02.jpg,S3062L04,S3122R02,unrelated
S3062L04.jpg,S3122R04.jpg,S3062L04,S3122R04,unrelated
S3062L04.jpg,S3122R03.jpg,S3062L04,S3122R03,unrelated
S3062L04.jpg,S3122R01.jpg,S3062L04,S3122R01,unrelated
S3062L04.jpg,S3051L07.jpg,S3062L04,S3051L07,unrelated
S3062L04.jpg,S3051L08.jpg,S3062L04,S3051L08,unrelated
S3062L04.jpg,S3051L10.jpg,S3062L04,S3051L10,unrelated
S3062L04.jpg,S3051L06.jpg,S3062L04,S3051L06,unrelated
S3062L04.jpg,S3051R01.jpg,S3062L04,S3051R01,unrelated
S3062L04.jpg,S3051R03.jpg,S3062L04,S3051R03,unrelated
S3062L04.jpg,S3052L01.jpg,S3062L04,S3052L01,unrelated
S3062L04.jpg,S3052L02.jpg,S3062L04,S3052L02,unrelated
S3062L04.jpg,S3052L03.jpg,S3062L04,S3052L03,unrelated
S3062L04.jpg,S3052R01.jpg,S3062L04,S3052R01,unrelated
S3062L04.jpg,S3011L07.jpg,S3062L04,S3011L07,unrelated
S3062L04.jpg,S3011R01.jpg,S3062L04,S3011R01,unrelated
S3062L04.jpg,S3011R02.jpg,S3062L04,S3011R02,unrelated
S3062L04.jpg,S3012L07.jpg,S3062L04,S3012L07,unrelated
S3062L04.jpg,S3012L02.jpg,S3062L04,S3012L02,unrelated
S3062L04.jpg,S3012R07.jpg,S3062L04,S3012R07,unrelated
S3062R02.jpg,S3062R09.jpg,S3062R02,S3062R09,genuine
S3062R02.jpg,S3062R10.jpg,S3062R02,S3062R10,genuine
S3062R02.jpg,S3062R07.jpg,S3062R02,S3062R07,genuine
S3062R02.jpg,S3062R08.jpg,S3062R02,S3062R08,genuine
S3062R02.jpg,S3021L04.jpg,S3062R02,S3021L04,unrelated
S3062R02.jpg,S3021L03.jpg,S3062R02,S3021L03,unrelated
S3062R02.jpg,S3021L06.jpg,S3062R02,S3021L06,unrelated
S3062R02.jpg,S3021L02.jpg,S3062R02,S3021L02,unrelated
S3062R02.jpg,S3021L01.jpg,S3062R02,S3021L01,unrelated
S3062R02.jpg,S3021R09.jpg,S3062R02,S3021R09,unrelated
S3062R02.jpg,S3021R01.jpg,S3062R02,S3021R01,unrelated
S3062R02.jpg,S3021R02.jpg,S3062R02,S3021R02,unrelated
S3062R02.jpg,S3021R07.jpg,S3062R02,S3021R07,unrelated
S3062R02.jpg,S3021R06.jpg,S3062R02,S3021R06,unrelated
S3062R02.jpg,S3022L01.jpg,S3062R02,S3022L01,unrelated
S3062R02.jpg,S3022R01.jpg,S3062R02,S3022R01,unrelated
S3062R02.jpg,S3022R02.jpg,S3062R02,S3022R02,unrelated
S3062R02.jpg,S3101L08.jpg,S3062R02,S3101L08,unrelated
S3062R02.jpg,S3101L04.jpg,S3062R02,S3101L04,unrelated
S3062R02.jpg,S3101L02.jpg,S3062R02,S3101L02,unrelated
S3062R02.jpg,S3101L09.jpg,S3062R02,S3101L09,unrelated
S3062R02.jpg,S3101L10.jpg,S3062R02,S3101L10,unrelated
S3062R02.jpg,S3101R07.jpg,S3062R02,S3101R07,unrelated
S3062R02.jpg,S3101R04.jpg,S3062R02,S3101R04,unrelated
S3062R02.jpg,S3101R03.jpg,S3062R02,S3101R03,unrelated
S3062R02.jpg,S3101R02.jpg,S3062R02,S3101R02,unrelated
S3062R02.jpg,S3101R05.jpg,S3062R02,S3101R05,unrelated
S3062R02.jpg,S3102L10.jpg,S3062R02,S3102L10,unrelated
S3062R02.jpg,S3102L09.jpg,S3062R02,S3102L09,unrelated
S3062R02.jpg,S3102L01.jpg,S3062R02,S3102L01,unrelated
S3062R02.jpg,S3102L07.jpg,S3062R02,S3102L07,unrelated
S3062R02.jpg,S3102L06.jpg,S3062R02,S3102L06,unrelated
S3062R02.jpg,S3102R07.jpg,S3062R02,S3102R07,unrelated
S3062R02.jpg,S3102R08.jpg,S3062R02,S3102R08,unrelated
S3062R02.jpg,S3102R02.jpg,S3062R02,S3102R02,unrelated
S3062R02.jpg,S3102R06.jpg,S3062R02,S3102R06,unrelated
S3062R02.jpg,S3102R09.jpg,S3062R02,S3102R09,unrelated
S3062R02.jpg,S3151L06.jpg,S3062R02,S3151L06,unrelated
S3062R02.jpg,S3151L04.jpg,S3062R02,S3151L04,unrelated
S3062R02.jpg,S3151L03.jpg,S3062R02,S3151L03,unrelated
S3062R02.jpg,S3151L05.jpg,S3062R02,S3151L05,unrelated
S3062R02.jpg,S3151L07.jpg,S3062R02,S3151L07,unrelated
S3062R02.jpg,S3151R03.jpg,S3062R02,S3151R03,unrelated
S3062R02.jpg,S3151R01.jpg,S3062R02,S3151R01,unrelated
S3062R02.jpg,S3151R02.jpg,S3062R02,S3151R02,unrelated
S3062R02.jpg,S3152R04.jpg,S3062R02,S3152R04,unrelated
S3062R02.jpg,S3152R03.jpg,S3062R02,S3152R03,unrelated
S3062R02.jpg,S3152R02.jpg,S3062R02,S3152R02,unrelated
S3062R02.jpg,S3152R07.jpg,S3062R02,S3152R07,unrelated
S3062R02.jpg,S3181R04.jpg,S3062R02,S3181R04,unrelated
S3062R02.jpg,S3181R05.jpg,S3062R02,S3181R05,unrelated
S3062R02.jpg,S3182L01.jpg,S3062R02,S3182L01,unrelated
S3062R02.jpg,S3182R05.jpg,S3062R02,S3182R05,unrelated
S3062R02.jpg,S3182R06.jpg,S3062R02,S3182R06,unrelated
S3062R02.jpg,S3182R04.jpg,S3062R02,S3182R04,unrelated
S3062R02.jpg,S3182R03.jpg,S3062R02,S3182R03,unrelated
S3062R02.jpg,S3182R07.jpg,S3062R02,S3182R07,unrelated
S3062R02.jpg,S3141L03.jpg,S3062R02,S3141L03,unrelated
S3062R02.jpg,S3141R07.jpg,S3062R02,S3141R07,unrelated
S3062R02.jpg,S3141R10.jpg,S3062R02,S3141R10,unrelated
S3062R02.jpg,S3141R04.jpg,S3062R02,S3141R04,unrelated
S3062R02.jpg,S3141R06.jpg,S3062R02,S3141R06,unrelated
S3062R02.jpg,S3142L03.jpg,S3062R02,S3142L03,unrelated
S3062R02.jpg,S3142L02.jpg,S3062R02,S3142L02,unrelated
S3062R02.jpg,S3142L04.jpg,S3062R02,S3142L04,unrelated
S3062R02.jpg,S3142L07.jpg,S3062R02,S3142L07,unrelated
S3062R02.jpg,S3142R08.jpg,S3062R02,S3142R08,unrelated
S3062R02.jpg,S3142R07.jpg,S3062R02,S3142R07,unrelated
S3062R02.jpg,S3142R10.jpg,S3062R02,S3142R10,unrelated
S3062R02.jpg,S3142R09.jpg,S3062R02,S3142R09,unrelated
S3062R02.jpg,S3121L03.jpg,S3062R02,S3121L03,unrelated
S3062R02.jpg,S3121L02.jpg,S3062R02,S3121L02,unrelated
S3062R02.jpg,S3121L01.jpg,S3062R02,S3121L01,unrelated
S3062R02.jpg,S3121R04.jpg,S3062R02,S3121R04,unrelated
S3062R02.jpg,S3121R02.jpg,S3062R02,S3121R02,unrelated
S3062R02.jpg,S3121R01.jpg,S3062R02,S3121R01,unrelated
S3062R02.jpg,S3121R08.jpg,S3062R02,S3121R08,unrelated
S3062R02.jpg,S3121R07.jpg,S3062R02,S3121R07,unrelated
S3062R02.jpg,S3122L09.jpg,S3062R02,S3122L09,unrelated
S3062R02.jpg,S3122L07.jpg,S3062R02,S3122L07,unrelated
S3062R02.jpg,S3122L10.jpg,S3062R02,S3122L10,unrelated
S3062R02.jpg,S3122L01.jpg,S3062R02,S3122L01,unrelated
S3062R02.jpg,S3122L05.jpg,S3062R02,S3122L05,unrelated
S3062R02.jpg,S3122R02.jpg,S3062R02,S3122R02,unrelated
S3062R02.jpg,S3122R04.jpg,S3062R02,S3122R04,unrelated
S3062R02.jpg,S3122R03.jpg,S3062R02,S3122R03,unrelated
S3062R02.jpg,S3122R01.jpg,S3062R02,S3122R01,unrelated
S3062R02.jpg,S3051L07.jpg,S3062R02,S3051L07,unrelated
S3062R02.jpg,S3051L08.jpg,S3062R02,S3051L08,unrelated
S3062R02.jpg,S3051L10.jpg,S3062R02,S3051L10,unrelated
S3062R02.jpg,S3051L06.jpg,S3062R02,S3051L06,unrelated
S3062R02.jpg,S3051R01.jpg,S3062R02,S3051R01,unrelated
S3062R02.jpg,S3051R03.jpg,S3062R02,S3051R03,unrelated
S3062R02.jpg,S3052L01.jpg,S3062R02,S3052L01,unrelated
S3062R02.jpg,S3052L02.jpg,S3062R02,S3052L02,unrelated
S3062R02.jpg,S3052L03.jpg,S3062R02,S3052L03,unrelated
S3062R02.jpg,S3052R01.jpg,S3062R02,S3052R01,unrelated
S3062R02.jpg,S3011L07.jpg,S3062R02,S3011L07,unrelated
S3062R02.jpg,S3011R01.jpg,S3062R02,S3011R01,unrelated
S3062R02.jpg,S3011R02.jpg,S3062R02,S3011R02,unrelated
S3062R02.jpg,S3012L07.jpg,S3062R02,S3012L07,unrelated
S3062R02.jpg,S3012L02.jpg,S3062R02,S3012L02,unrelated
S3062R02.jpg,S3012R07.jpg,S3062R02,S3012R07,unrelated
S3062R09.jpg,S3062R10.jpg,S3062R09,S3062R10,genuine
S3062R09.jpg,S3062R07.jpg,S3062R09,S3062R07,genuine
S3062R09.jpg,S3062R08.jpg,S3062R09,S3062R08,genuine
S3062R09.jpg,S3021L04.jpg,S3062R09,S3021L04,unrelated
S3062R09.jpg,S3021L03.jpg,S3062R09,S3021L03,unrelated
S3062R09.jpg,S3021L06.jpg,S3062R09,S3021L06,unrelated
S3062R09.jpg,S3021L02.jpg,S3062R09,S3021L02,unrelated
S3062R09.jpg,S3021L01.jpg,S3062R09,S3021L01,unrelated
S3062R09.jpg,S3021R09.jpg,S3062R09,S3021R09,unrelated
S3062R09.jpg,S3021R01.jpg,S3062R09,S3021R01,unrelated
S3062R09.jpg,S3021R02.jpg,S3062R09,S3021R02,unrelated
S3062R09.jpg,S3021R07.jpg,S3062R09,S3021R07,unrelated
S3062R09.jpg,S3021R06.jpg,S3062R09,S3021R06,unrelated
S3062R09.jpg,S3022L01.jpg,S3062R09,S3022L01,unrelated
S3062R09.jpg,S3022R01.jpg,S3062R09,S3022R01,unrelated
S3062R09.jpg,S3022R02.jpg,S3062R09,S3022R02,unrelated
S3062R09.jpg,S3101L08.jpg,S3062R09,S3101L08,unrelated
S3062R09.jpg,S3101L04.jpg,S3062R09,S3101L04,unrelated
S3062R09.jpg,S3101L02.jpg,S3062R09,S3101L02,unrelated
S3062R09.jpg,S3101L09.jpg,S3062R09,S3101L09,unrelated
S3062R09.jpg,S3101L10.jpg,S3062R09,S3101L10,unrelated
S3062R09.jpg,S3101R07.jpg,S3062R09,S3101R07,unrelated
S3062R09.jpg,S3101R04.jpg,S3062R09,S3101R04,unrelated
S3062R09.jpg,S3101R03.jpg,S3062R09,S3101R03,unrelated
S3062R09.jpg,S3101R02.jpg,S3062R09,S3101R02,unrelated
S3062R09.jpg,S3101R05.jpg,S3062R09,S3101R05,unrelated
S3062R09.jpg,S3102L10.jpg,S3062R09,S3102L10,unrelated
S3062R09.jpg,S3102L09.jpg,S3062R09,S3102L09,unrelated
S3062R09.jpg,S3102L01.jpg,S3062R09,S3102L01,unrelated
S3062R09.jpg,S3102L07.jpg,S3062R09,S3102L07,unrelated
S3062R09.jpg,S3102L06.jpg,S3062R09,S3102L06,unrelated
S3062R09.jpg,S3102R07.jpg,S3062R09,S3102R07,unrelated
S3062R09.jpg,S3102R08.jpg,S3062R09,S3102R08,unrelated
S3062R09.jpg,S3102R02.jpg,S3062R09,S3102R02,unrelated
S3062R09.jpg,S3102R06.jpg,S3062R09,S3102R06,unrelated
S3062R09.jpg,S3102R09.jpg,S3062R09,S3102R09,unrelated
S3062R09.jpg,S3151L06.jpg,S3062R09,S3151L06,unrelated
S3062R09.jpg,S3151L04.jpg,S3062R09,S3151L04,unrelated
S3062R09.jpg,S3151L03.jpg,S3062R09,S3151L03,unrelated
S3062R09.jpg,S3151L05.jpg,S3062R09,S3151L05,unrelated
S3062R09.jpg,S3151L07.jpg,S3062R09,S3151L07,unrelated
S3062R09.jpg,S3151R03.jpg,S3062R09,S3151R03,unrelated
S3062R09.jpg,S3151R01.jpg,S3062R09,S3151R01,unrelated
S3062R09.jpg,S3151R02.jpg,S3062R09,S3151R02,unrelated
S3062R09.jpg,S3152R04.jpg,S3062R09,S3152R04,unrelated
S3062R09.jpg,S3152R03.jpg,S3062R09,S3152R03,unrelated
S3062R09.jpg,S3152R02.jpg,S3062R09,S3152R02,unrelated
S3062R09.jpg,S3152R07.jpg,S3062R09,S3152R07,unrelated
S3062R09.jpg,S3181R04.jpg,S3062R09,S3181R04,unrelated
S3062R09.jpg,S3181R05.jpg,S3062R09,S3181R05,unrelated
S3062R09.jpg,S3182L01.jpg,S3062R09,S3182L01,unrelated
S3062R09.jpg,S3182R05.jpg,S3062R09,S3182R05,unrelated
S3062R09.jpg,S3182R06.jpg,S3062R09,S3182R06,unrelated
S3062R09.jpg,S3182R04.jpg,S3062R09,S3182R04,unrelated
S3062R09.jpg,S3182R03.jpg,S3062R09,S3182R03,unrelated
S3062R09.jpg,S3182R07.jpg,S3062R09,S3182R07,unrelated
S3062R09.jpg,S3141L03.jpg,S3062R09,S3141L03,unrelated
S3062R09.jpg,S3141R07.jpg,S3062R09,S3141R07,unrelated
S3062R09.jpg,S3141R10.jpg,S3062R09,S3141R10,unrelated
S3062R09.jpg,S3141R04.jpg,S3062R09,S3141R04,unrelated
S3062R09.jpg,S3141R06.jpg,S3062R09,S3141R06,unrelated
S3062R09.jpg,S3142L03.jpg,S3062R09,S3142L03,unrelated
S3062R09.jpg,S3142L02.jpg,S3062R09,S3142L02,unrelated
S3062R09.jpg,S3142L04.jpg,S3062R09,S3142L04,unrelated
S3062R09.jpg,S3142L07.jpg,S3062R09,S3142L07,unrelated
S3062R09.jpg,S3142R08.jpg,S3062R09,S3142R08,unrelated
S3062R09.jpg,S3142R07.jpg,S3062R09,S3142R07,unrelated
S3062R09.jpg,S3142R10.jpg,S3062R09,S3142R10,unrelated
S3062R09.jpg,S3142R09.jpg,S3062R09,S3142R09,unrelated
S3062R09.jpg,S3121L03.jpg,S3062R09,S3121L03,unrelated
S3062R09.jpg,S3121L02.jpg,S3062R09,S3121L02,unrelated
S3062R09.jpg,S3121L01.jpg,S3062R09,S3121L01,unrelated
S3062R09.jpg,S3121R04.jpg,S3062R09,S3121R04,unrelated
S3062R09.jpg,S3121R02.jpg,S3062R09,S3121R02,unrelated
S3062R09.jpg,S3121R01.jpg,S3062R09,S3121R01,unrelated
S3062R09.jpg,S3121R08.jpg,S3062R09,S3121R08,unrelated
S3062R09.jpg,S3121R07.jpg,S3062R09,S3121R07,unrelated
S3062R09.jpg,S3122L09.jpg,S3062R09,S3122L09,unrelated
S3062R09.jpg,S3122L07.jpg,S3062R09,S3122L07,unrelated
S3062R09.jpg,S3122L10.jpg,S3062R09,S3122L10,unrelated
S3062R09.jpg,S3122L01.jpg,S3062R09,S3122L01,unrelated
S3062R09.jpg,S3122L05.jpg,S3062R09,S3122L05,unrelated
S3062R09.jpg,S3122R02.jpg,S3062R09,S3122R02,unrelated
S3062R09.jpg,S3122R04.jpg,S3062R09,S3122R04,unrelated
S3062R09.jpg,S3122R03.jpg,S3062R09,S3122R03,unrelated
S3062R09.jpg,S3122R01.jpg,S3062R09,S3122R01,unrelated
S3062R09.jpg,S3051L07.jpg,S3062R09,S3051L07,unrelated
S3062R09.jpg,S3051L08.jpg,S3062R09,S3051L08,unrelated
S3062R09.jpg,S3051L10.jpg,S3062R09,S3051L10,unrelated
S3062R09.jpg,S3051L06.jpg,S3062R09,S3051L06,unrelated
S3062R09.jpg,S3051R01.jpg,S3062R09,S3051R01,unrelated
S3062R09.jpg,S3051R03.jpg,S3062R09,S3051R03,unrelated
S3062R09.jpg,S3052L01.jpg,S3062R09,S3052L01,unrelated
S3062R09.jpg,S3052L02.jpg,S3062R09,S3052L02,unrelated
S3062R09.jpg,S3052L03.jpg,S3062R09,S3052L03,unrelated
S3062R09.jpg,S3052R01.jpg,S3062R09,S3052R01,unrelated
S3062R09.jpg,S3011L07.jpg,S3062R09,S3011L07,unrelated
S3062R09.jpg,S3011R01.jpg,S3062R09,S3011R01,unrelated
S3062R09.jpg,S3011R02.jpg,S3062R09,S3011R02,unrelated
S3062R09.jpg,S3012L07.jpg,S3062R09,S3012L07,unrelated
S3062R09.jpg,S3012L02.jpg,S3062R09,S3012L02,unrelated
S3062R09.jpg,S3012R07.jpg,S3062R09,S3012R07,unrelated
S3062R10.jpg,S3062R07.jpg,S3062R10,S3062R07,genuine
S3062R10.jpg,S3062R08.jpg,S3062R10,S3062R08,genuine
S3062R10.jpg,S3021L04.jpg,S3062R10,S3021L04,unrelated
S3062R10.jpg,S3021L03.jpg,S3062R10,S3021L03,unrelated
S3062R10.jpg,S3021L06.jpg,S3062R10,S3021L06,unrelated
S3062R10.jpg,S3021L02.jpg,S3062R10,S3021L02,unrelated
S3062R10.jpg,S3021L01.jpg,S3062R10,S3021L01,unrelated
S3062R10.jpg,S3021R09.jpg,S3062R10,S3021R09,unrelated
S3062R10.jpg,S3021R01.jpg,S3062R10,S3021R01,unrelated
S3062R10.jpg,S3021R02.jpg,S3062R10,S3021R02,unrelated
S3062R10.jpg,S3021R07.jpg,S3062R10,S3021R07,unrelated
S3062R10.jpg,S3021R06.jpg,S3062R10,S3021R06,unrelated
S3062R10.jpg,S3022L01.jpg,S3062R10,S3022L01,unrelated
S3062R10.jpg,S3022R01.jpg,S3062R10,S3022R01,unrelated
S3062R10.jpg,S3022R02.jpg,S3062R10,S3022R02,unrelated
S3062R10.jpg,S3101L08.jpg,S3062R10,S3101L08,unrelated
S3062R10.jpg,S3101L04.jpg,S3062R10,S3101L04,unrelated
S3062R10.jpg,S3101L02.jpg,S3062R10,S3101L02,unrelated
S3062R10.jpg,S3101L09.jpg,S3062R10,S3101L09,unrelated
S3062R10.jpg,S3101L10.jpg,S3062R10,S3101L10,unrelated
S3062R10.jpg,S3101R07.jpg,S3062R10,S3101R07,unrelated
S3062R10.jpg,S3101R04.jpg,S3062R10,S3101R04,unrelated
S3062R10.jpg,S3101R03.jpg,S3062R10,S3101R03,unrelated
S3062R10.jpg,S3101R02.jpg,S3062R10,S3101R02,unrelated
S3062R10.jpg,S3101R05.jpg,S3062R10,S3101R05,unrelated
S3062R10.jpg,S3102L10.jpg,S3062R10,S3102L10,unrelated
S3062R10.jpg,S3102L09.jpg,S3062R10,S3102L09,unrelated
S3062R10.jpg,S3102L01.jpg,S3062R10,S3102L01,unrelated
S3062R10.jpg,S3102L07.jpg,S3062R10,S3102L07,unrelated
S3062R10.jpg,S3102L06.jpg,S3062R10,S3102L06,unrelated
S3062R10.jpg,S3102R07.jpg,S3062R10,S3102R07,unrelated
S3062R10.jpg,S3102R08.jpg,S3062R10,S3102R08,unrelated
S3062R10.jpg,S3102R02.jpg,S3062R10,S3102R02,unrelated
S3062R10.jpg,S3102R06.jpg,S3062R10,S3102R06,unrelated
S3062R10.jpg,S3102R09.jpg,S3062R10,S3102R09,unrelated
S3062R10.jpg,S3151L06.jpg,S3062R10,S3151L06,unrelated
S3062R10.jpg,S3151L04.jpg,S3062R10,S3151L04,unrelated
S3062R10.jpg,S3151L03.jpg,S3062R10,S3151L03,unrelated
S3062R10.jpg,S3151L05.jpg,S3062R10,S3151L05,unrelated
S3062R10.jpg,S3151L07.jpg,S3062R10,S3151L07,unrelated
S3062R10.jpg,S3151R03.jpg,S3062R10,S3151R03,unrelated
S3062R10.jpg,S3151R01.jpg,S3062R10,S3151R01,unrelated
S3062R10.jpg,S3151R02.jpg,S3062R10,S3151R02,unrelated
S3062R10.jpg,S3152R04.jpg,S3062R10,S3152R04,unrelated
S3062R10.jpg,S3152R03.jpg,S3062R10,S3152R03,unrelated
S3062R10.jpg,S3152R02.jpg,S3062R10,S3152R02,unrelated
S3062R10.jpg,S3152R07.jpg,S3062R10,S3152R07,unrelated
S3062R10.jpg,S3181R04.jpg,S3062R10,S3181R04,unrelated
S3062R10.jpg,S3181R05.jpg,S3062R10,S3181R05,unrelated
S3062R10.jpg,S3182L01.jpg,S3062R10,S3182L01,unrelated
S3062R10.jpg,S3182R05.jpg,S3062R10,S3182R05,unrelated
S3062R10.jpg,S3182R06.jpg,S3062R10,S3182R06,unrelated
S3062R10.jpg,S3182R04.jpg,S3062R10,S3182R04,unrelated
S3062R10.jpg,S3182R03.jpg,S3062R10,S3182R03,unrelated
S3062R10.jpg,S3182R07.jpg,S3062R10,S3182R07,unrelated
S3062R10.jpg,S3141L03.jpg,S3062R10,S3141L03,unrelated
S3062R10.jpg,S3141R07.jpg,S3062R10,S3141R07,unrelated
S3062R10.jpg,S3141R10.jpg,S3062R10,S3141R10,unrelated
S3062R10.jpg,S3141R04.jpg,S3062R10,S3141R04,unrelated
S3062R10.jpg,S3141R06.jpg,S3062R10,S3141R06,unrelated
S3062R10.jpg,S3142L03.jpg,S3062R10,S3142L03,unrelated
S3062R10.jpg,S3142L02.jpg,S3062R10,S3142L02,unrelated
S3062R10.jpg,S3142L04.jpg,S3062R10,S3142L04,unrelated
S3062R10.jpg,S3142L07.jpg,S3062R10,S3142L07,unrelated
S3062R10.jpg,S3142R08.jpg,S3062R10,S3142R08,unrelated
S3062R10.jpg,S3142R07.jpg,S3062R10,S3142R07,unrelated
S3062R10.jpg,S3142R10.jpg,S3062R10,S3142R10,unrelated
S3062R10.jpg,S3142R09.jpg,S3062R10,S3142R09,unrelated
S3062R10.jpg,S3121L03.jpg,S3062R10,S3121L03,unrelated
S3062R10.jpg,S3121L02.jpg,S3062R10,S3121L02,unrelated
S3062R10.jpg,S3121L01.jpg,S3062R10,S3121L01,unrelated
S3062R10.jpg,S3121R04.jpg,S3062R10,S3121R04,unrelated
S3062R10.jpg,S3121R02.jpg,S3062R10,S3121R02,unrelated
S3062R10.jpg,S3121R01.jpg,S3062R10,S3121R01,unrelated
S3062R10.jpg,S3121R08.jpg,S3062R10,S3121R08,unrelated
S3062R10.jpg,S3121R07.jpg,S3062R10,S3121R07,unrelated
S3062R10.jpg,S3122L09.jpg,S3062R10,S3122L09,unrelated
S3062R10.jpg,S3122L07.jpg,S3062R10,S3122L07,unrelated
S3062R10.jpg,S3122L10.jpg,S3062R10,S3122L10,unrelated
S3062R10.jpg,S3122L01.jpg,S3062R10,S3122L01,unrelated
S3062R10.jpg,S3122L05.jpg,S3062R10,S3122L05,unrelated
S3062R10.jpg,S3122R02.jpg,S3062R10,S3122R02,unrelated
S3062R10.jpg,S3122R04.jpg,S3062R10,S3122R04,unrelated
S3062R10.jpg,S3122R03.jpg,S3062R10,S3122R03,unrelated
S3062R10.jpg,S3122R01.jpg,S3062R10,S3122R01,unrelated
S3062R10.jpg,S3051L07.jpg,S3062R10,S3051L07,unrelated
S3062R10.jpg,S3051L08.jpg,S3062R10,S3051L08,unrelated
S3062R10.jpg,S3051L10.jpg,S3062R10,S3051L10,unrelated
S3062R10.jpg,S3051L06.jpg,S3062R10,S3051L06,unrelated
S3062R10.jpg,S3051R01.jpg,S3062R10,S3051R01,unrelated
S3062R10.jpg,S3051R03.jpg,S3062R10,S3051R03,unrelated
S3062R10.jpg,S3052L01.jpg,S3062R10,S3052L01,unrelated
S3062R10.jpg,S3052L02.jpg,S3062R10,S3052L02,unrelated
S3062R10.jpg,S3052L03.jpg,S3062R10,S3052L03,unrelated
S3062R10.jpg,S3052R01.jpg,S3062R10,S3052R01,unrelated
S3062R10.jpg,S3011L07.jpg,S3062R10,S3011L07,unrelated
S3062R10.jpg,S3011R01.jpg,S3062R10,S3011R01,unrelated
S3062R10.jpg,S3011R02.jpg,S3062R10,S3011R02,unrelated
S3062R10.jpg,S3012L07.jpg,S3062R10,S3012L07,unrelated
S3062R10.jpg,S3012L02.jpg,S3062R10,S3012L02,unrelated
S3062R10.jpg,S3012R07.jpg,S3062R10,S3012R07,unrelated
S3062R07.jpg,S3062R08.jpg,S3062R07,S3062R08,genuine
S3062R07.jpg,S3021L04.jpg,S3062R07,S3021L04,unrelated
S3062R07.jpg,S3021L03.jpg,S3062R07,S3021L03,unrelated
S3062R07.jpg,S3021L06.jpg,S3062R07,S3021L06,unrelated
S3062R07.jpg,S3021L02.jpg,S3062R07,S3021L02,unrelated
S3062R07.jpg,S3021L01.jpg,S3062R07,S3021L01,unrelated
S3062R07.jpg,S3021R09.jpg,S3062R07,S3021R09,unrelated
S3062R07.jpg,S3021R01.jpg,S3062R07,S3021R01,unrelated
S3062R07.jpg,S3021R02.jpg,S3062R07,S3021R02,unrelated
S3062R07.jpg,S3021R07.jpg,S3062R07,S3021R07,unrelated
S3062R07.jpg,S3021R06.jpg,S3062R07,S3021R06,unrelated
S3062R07.jpg,S3022L01.jpg,S3062R07,S3022L01,unrelated
S3062R07.jpg,S3022R01.jpg,S3062R07,S3022R01,unrelated
S3062R07.jpg,S3022R02.jpg,S3062R07,S3022R02,unrelated
S3062R07.jpg,S3101L08.jpg,S3062R07,S3101L08,unrelated
S3062R07.jpg,S3101L04.jpg,S3062R07,S3101L04,unrelated
S3062R07.jpg,S3101L02.jpg,S3062R07,S3101L02,unrelated
S3062R07.jpg,S3101L09.jpg,S3062R07,S3101L09,unrelated
S3062R07.jpg,S3101L10.jpg,S3062R07,S3101L10,unrelated
S3062R07.jpg,S3101R07.jpg,S3062R07,S3101R07,unrelated
S3062R07.jpg,S3101R04.jpg,S3062R07,S3101R04,unrelated
S3062R07.jpg,S3101R03.jpg,S3062R07,S3101R03,unrelated
S3062R07.jpg,S3101R02.jpg,S3062R07,S3101R02,unrelated
S3062R07.jpg,S3101R05.jpg,S3062R07,S3101R05,unrelated
S3062R07.jpg,S3102L10.jpg,S3062R07,S3102L10,unrelated
S3062R07.jpg,S3102L09.jpg,S3062R07,S3102L09,unrelated
S3062R07.jpg,S3102L01.jpg,S3062R07,S3102L01,unrelated
S3062R07.jpg,S3102L07.jpg,S3062R07,S3102L07,unrelated
S3062R07.jpg,S3102L06.jpg,S3062R07,S3102L06,unrelated
S3062R07.jpg,S3102R07.jpg,S3062R07,S3102R07,unrelated
S3062R07.jpg,S3102R08.jpg,S3062R07,S3102R08,unrelated
S3062R07.jpg,S3102R02.jpg,S3062R07,S3102R02,unrelated
S3062R07.jpg,S3102R06.jpg,S3062R07,S3102R06,unrelated
S3062R07.jpg,S3102R09.jpg,S3062R07,S3102R09,unrelated
S3062R07.jpg,S3151L06.jpg,S3062R07,S3151L06,unrelated
S3062R07.jpg,S3151L04.jpg,S3062R07,S3151L04,unrelated
S3062R07.jpg,S3151L03.jpg,S3062R07,S3151L03,unrelated
S3062R07.jpg,S3151L05.jpg,S3062R07,S3151L05,unrelated
S3062R07.jpg,S3151L07.jpg,S3062R07,S3151L07,unrelated
S3062R07.jpg,S3151R03.jpg,S3062R07,S3151R03,unrelated
S3062R07.jpg,S3151R01.jpg,S3062R07,S3151R01,unrelated
S3062R07.jpg,S3151R02.jpg,S3062R07,S3151R02,unrelated
S3062R07.jpg,S3152R04.jpg,S3062R07,S3152R04,unrelated
S3062R07.jpg,S3152R03.jpg,S3062R07,S3152R03,unrelated
S3062R07.jpg,S3152R02.jpg,S3062R07,S3152R02,unrelated
S3062R07.jpg,S3152R07.jpg,S3062R07,S3152R07,unrelated
S3062R07.jpg,S3181R04.jpg,S3062R07,S3181R04,unrelated
S3062R07.jpg,S3181R05.jpg,S3062R07,S3181R05,unrelated
S3062R07.jpg,S3182L01.jpg,S3062R07,S3182L01,unrelated
S3062R07.jpg,S3182R05.jpg,S3062R07,S3182R05,unrelated
S3062R07.jpg,S3182R06.jpg,S3062R07,S3182R06,unrelated
S3062R07.jpg,S3182R04.jpg,S3062R07,S3182R04,unrelated
S3062R07.jpg,S3182R03.jpg,S3062R07,S3182R03,unrelated
S3062R07.jpg,S3182R07.jpg,S3062R07,S3182R07,unrelated
S3062R07.jpg,S3141L03.jpg,S3062R07,S3141L03,unrelated
S3062R07.jpg,S3141R07.jpg,S3062R07,S3141R07,unrelated
S3062R07.jpg,S3141R10.jpg,S3062R07,S3141R10,unrelated
S3062R07.jpg,S3141R04.jpg,S3062R07,S3141R04,unrelated
S3062R07.jpg,S3141R06.jpg,S3062R07,S3141R06,unrelated
S3062R07.jpg,S3142L03.jpg,S3062R07,S3142L03,unrelated
S3062R07.jpg,S3142L02.jpg,S3062R07,S3142L02,unrelated
S3062R07.jpg,S3142L04.jpg,S3062R07,S3142L04,unrelated
S3062R07.jpg,S3142L07.jpg,S3062R07,S3142L07,unrelated
S3062R07.jpg,S3142R08.jpg,S3062R07,S3142R08,unrelated
S3062R07.jpg,S3142R07.jpg,S3062R07,S3142R07,unrelated
S3062R07.jpg,S3142R10.jpg,S3062R07,S3142R10,unrelated
S3062R07.jpg,S3142R09.jpg,S3062R07,S3142R09,unrelated
S3062R07.jpg,S3121L03.jpg,S3062R07,S3121L03,unrelated
S3062R07.jpg,S3121L02.jpg,S3062R07,S3121L02,unrelated
S3062R07.jpg,S3121L01.jpg,S3062R07,S3121L01,unrelated
S3062R07.jpg,S3121R04.jpg,S3062R07,S3121R04,unrelated
S3062R07.jpg,S3121R02.jpg,S3062R07,S3121R02,unrelated
S3062R07.jpg,S3121R01.jpg,S3062R07,S3121R01,unrelated
S3062R07.jpg,S3121R08.jpg,S3062R07,S3121R08,unrelated
S3062R07.jpg,S3121R07.jpg,S3062R07,S3121R07,unrelated
S3062R07.jpg,S3122L09.jpg,S3062R07,S3122L09,unrelated
S3062R07.jpg,S3122L07.jpg,S3062R07,S3122L07,unrelated
S3062R07.jpg,S3122L10.jpg,S3062R07,S3122L10,unrelated
S3062R07.jpg,S3122L01.jpg,S3062R07,S3122L01,unrelated
S3062R07.jpg,S3122L05.jpg,S3062R07,S3122L05,unrelated
S3062R07.jpg,S3122R02.jpg,S3062R07,S3122R02,unrelated
S3062R07.jpg,S3122R04.jpg,S3062R07,S3122R04,unrelated
S3062R07.jpg,S3122R03.jpg,S3062R07,S3122R03,unrelated
S3062R07.jpg,S3122R01.jpg,S3062R07,S3122R01,unrelated
S3062R07.jpg,S3051L07.jpg,S3062R07,S3051L07,unrelated
S3062R07.jpg,S3051L08.jpg,S3062R07,S3051L08,unrelated
S3062R07.jpg,S3051L10.jpg,S3062R07,S3051L10,unrelated
S3062R07.jpg,S3051L06.jpg,S3062R07,S3051L06,unrelated
S3062R07.jpg,S3051R01.jpg,S3062R07,S3051R01,unrelated
S3062R07.jpg,S3051R03.jpg,S3062R07,S3051R03,unrelated
S3062R07.jpg,S3052L01.jpg,S3062R07,S3052L01,unrelated
S3062R07.jpg,S3052L02.jpg,S3062R07,S3052L02,unrelated
S3062R07.jpg,S3052L03.jpg,S3062R07,S3052L03,unrelated
S3062R07.jpg,S3052R01.jpg,S3062R07,S3052R01,unrelated
S3062R07.jpg,S3011L07.jpg,S3062R07,S3011L07,unrelated
S3062R07.jpg,S3011R01.jpg,S3062R07,S3011R01,unrelated
S3062R07.jpg,S3011R02.jpg,S3062R07,S3011R02,unrelated
S3062R07.jpg,S3012L07.jpg,S3062R07,S3012L07,unrelated
S3062R07.jpg,S3012L02.jpg,S3062R07,S3012L02,unrelated
S3062R07.jpg,S3012R07.jpg,S3062R07,S3012R07,unrelated
S3062R08.jpg,S3021L04.jpg,S3062R08,S3021L04,unrelated
S3062R08.jpg,S3021L03.jpg,S3062R08,S3021L03,unrelated
S3062R08.jpg,S3021L06.jpg,S3062R08,S3021L06,unrelated
S3062R08.jpg,S3021L02.jpg,S3062R08,S3021L02,unrelated
S3062R08.jpg,S3021L01.jpg,S3062R08,S3021L01,unrelated
S3062R08.jpg,S3021R09.jpg,S3062R08,S3021R09,unrelated
S3062R08.jpg,S3021R01.jpg,S3062R08,S3021R01,unrelated
S3062R08.jpg,S3021R02.jpg,S3062R08,S3021R02,unrelated
S3062R08.jpg,S3021R07.jpg,S3062R08,S3021R07,unrelated
S3062R08.jpg,S3021R06.jpg,S3062R08,S3021R06,unrelated
S3062R08.jpg,S3022L01.jpg,S3062R08,S3022L01,unrelated
S3062R08.jpg,S3022R01.jpg,S3062R08,S3022R01,unrelated
S3062R08.jpg,S3022R02.jpg,S3062R08,S3022R02,unrelated
S3062R08.jpg,S3101L08.jpg,S3062R08,S3101L08,unrelated
S3062R08.jpg,S3101L04.jpg,S3062R08,S3101L04,unrelated
S3062R08.jpg,S3101L02.jpg,S3062R08,S3101L02,unrelated
S3062R08.jpg,S3101L09.jpg,S3062R08,S3101L09,unrelated
S3062R08.jpg,S3101L10.jpg,S3062R08,S3101L10,unrelated
S3062R08.jpg,S3101R07.jpg,S3062R08,S3101R07,unrelated
S3062R08.jpg,S3101R04.jpg,S3062R08,S3101R04,unrelated
S3062R08.jpg,S3101R03.jpg,S3062R08,S3101R03,unrelated
S3062R08.jpg,S3101R02.jpg,S3062R08,S3101R02,unrelated
S3062R08.jpg,S3101R05.jpg,S3062R08,S3101R05,unrelated
S3062R08.jpg,S3102L10.jpg,S3062R08,S3102L10,unrelated
S3062R08.jpg,S3102L09.jpg,S3062R08,S3102L09,unrelated
S3062R08.jpg,S3102L01.jpg,S3062R08,S3102L01,unrelated
S3062R08.jpg,S3102L07.jpg,S3062R08,S3102L07,unrelated
S3062R08.jpg,S3102L06.jpg,S3062R08,S3102L06,unrelated
S3062R08.jpg,S3102R07.jpg,S3062R08,S3102R07,unrelated
S3062R08.jpg,S3102R08.jpg,S3062R08,S3102R08,unrelated
S3062R08.jpg,S3102R02.jpg,S3062R08,S3102R02,unrelated
S3062R08.jpg,S3102R06.jpg,S3062R08,S3102R06,unrelated
S3062R08.jpg,S3102R09.jpg,S3062R08,S3102R09,unrelated
S3062R08.jpg,S3151L06.jpg,S3062R08,S3151L06,unrelated
S3062R08.jpg,S3151L04.jpg,S3062R08,S3151L04,unrelated
S3062R08.jpg,S3151L03.jpg,S3062R08,S3151L03,unrelated
S3062R08.jpg,S3151L05.jpg,S3062R08,S3151L05,unrelated
S3062R08.jpg,S3151L07.jpg,S3062R08,S3151L07,unrelated
S3062R08.jpg,S3151R03.jpg,S3062R08,S3151R03,unrelated
S3062R08.jpg,S3151R01.jpg,S3062R08,S3151R01,unrelated
S3062R08.jpg,S3151R02.jpg,S3062R08,S3151R02,unrelated
S3062R08.jpg,S3152R04.jpg,S3062R08,S3152R04,unrelated
S3062R08.jpg,S3152R03.jpg,S3062R08,S3152R03,unrelated
S3062R08.jpg,S3152R02.jpg,S3062R08,S3152R02,unrelated
S3062R08.jpg,S3152R07.jpg,S3062R08,S3152R07,unrelated
S3062R08.jpg,S3181R04.jpg,S3062R08,S3181R04,unrelated
S3062R08.jpg,S3181R05.jpg,S3062R08,S3181R05,unrelated
S3062R08.jpg,S3182L01.jpg,S3062R08,S3182L01,unrelated
S3062R08.jpg,S3182R05.jpg,S3062R08,S3182R05,unrelated
S3062R08.jpg,S3182R06.jpg,S3062R08,S3182R06,unrelated
S3062R08.jpg,S3182R04.jpg,S3062R08,S3182R04,unrelated
S3062R08.jpg,S3182R03.jpg,S3062R08,S3182R03,unrelated
S3062R08.jpg,S3182R07.jpg,S3062R08,S3182R07,unrelated
S3062R08.jpg,S3141L03.jpg,S3062R08,S3141L03,unrelated
S3062R08.jpg,S3141R07.jpg,S3062R08,S3141R07,unrelated
S3062R08.jpg,S3141R10.jpg,S3062R08,S3141R10,unrelated
S3062R08.jpg,S3141R04.jpg,S3062R08,S3141R04,unrelated
S3062R08.jpg,S3141R06.jpg,S3062R08,S3141R06,unrelated
S3062R08.jpg,S3142L03.jpg,S3062R08,S3142L03,unrelated
S3062R08.jpg,S3142L02.jpg,S3062R08,S3142L02,unrelated
S3062R08.jpg,S3142L04.jpg,S3062R08,S3142L04,unrelated
S3062R08.jpg,S3142L07.jpg,S3062R08,S3142L07,unrelated
S3062R08.jpg,S3142R08.jpg,S3062R08,S3142R08,unrelated
S3062R08.jpg,S3142R07.jpg,S3062R08,S3142R07,unrelated
S3062R08.jpg,S3142R10.jpg,S3062R08,S3142R10,unrelated
S3062R08.jpg,S3142R09.jpg,S3062R08,S3142R09,unrelated
S3062R08.jpg,S3121L03.jpg,S3062R08,S3121L03,unrelated
S3062R08.jpg,S3121L02.jpg,S3062R08,S3121L02,unrelated
S3062R08.jpg,S3121L01.jpg,S3062R08,S3121L01,unrelated
S3062R08.jpg,S3121R04.jpg,S3062R08,S3121R04,unrelated
S3062R08.jpg,S3121R02.jpg,S3062R08,S3121R02,unrelated
S3062R08.jpg,S3121R01.jpg,S3062R08,S3121R01,unrelated
S3062R08.jpg,S3121R08.jpg,S3062R08,S3121R08,unrelated
S3062R08.jpg,S3121R07.jpg,S3062R08,S3121R07,unrelated
S3062R08.jpg,S3122L09.jpg,S3062R08,S3122L09,unrelated
S3062R08.jpg,S3122L07.jpg,S3062R08,S3122L07,unrelated
S3062R08.jpg,S3122L10.jpg,S3062R08,S3122L10,unrelated
S3062R08.jpg,S3122L01.jpg,S3062R08,S3122L01,unrelated
S3062R08.jpg,S3122L05.jpg,S3062R08,S3122L05,unrelated
S3062R08.jpg,S3122R02.jpg,S3062R08,S3122R02,unrelated
S3062R08.jpg,S3122R04.jpg,S3062R08,S3122R04,unrelated
S3062R08.jpg,S3122R03.jpg,S3062R08,S3122R03,unrelated
S3062R08.jpg,S3122R01.jpg,S3062R08,S3122R01,unrelated
S3062R08.jpg,S3051L07.jpg,S3062R08,S3051L07,unrelated
S3062R08.jpg,S3051L08.jpg,S3062R08,S3051L08,unrelated
S3062R08.jpg,S3051L10.jpg,S3062R08,S3051L10,unrelated
S3062R08.jpg,S3051L06.jpg,S3062R08,S3051L06,unrelated
S3062R08.jpg,S3051R01.jpg,S3062R08,S3051R01,unrelated
S3062R08.jpg,S3051R03.jpg,S3062R08,S3051R03,unrelated
S3062R08.jpg,S3052L01.jpg,S3062R08,S3052L01,unrelated
S3062R08.jpg,S3052L02.jpg,S3062R08,S3052L02,unrelated
S3062R08.jpg,S3052L03.jpg,S3062R08,S3052L03,unrelated
S3062R08.jpg,S3052R01.jpg,S3062R08,S3052R01,unrelated
S3062R08.jpg,S3011L07.jpg,S3062R08,S3011L07,unrelated
S3062R08.jpg,S3011R01.jpg,S3062R08,S3011R01,unrelated
S3062R08.jpg,S3011R02.jpg,S3062R08,S3011R02,unrelated
S3062R08.jpg,S3012L07.jpg,S3062R08,S3012L07,unrelated
S3062R08.jpg,S3012L02.jpg,S3062R08,S3012L02,unrelated
S3062R08.jpg,S3012R07.jpg,S3062R08,S3012R07,unrelated
S3021L04.jpg,S3021L03.jpg,S3021L04,S3021L03,genuine
S3021L04.jpg,S3021L06.jpg,S3021L04,S3021L06,genuine
S3021L04.jpg,S3021L02.jpg,S3021L04,S3021L02,genuine
S3021L04.jpg,S3021L01.jpg,S3021L04,S3021L01,genuine
S3021L04.jpg,S3021R09.jpg,S3021L04,S3021R09,same_subject_different_eye
S3021L04.jpg,S3021R01.jpg,S3021L04,S3021R01,same_subject_different_eye
S3021L04.jpg,S3021R02.jpg,S3021L04,S3021R02,same_subject_different_eye
S3021L04.jpg,S3021R07.jpg,S3021L04,S3021R07,same_subject_different_eye
S3021L04.jpg,S3021R06.jpg,S3021L04,S3021R06,same_subject_different_eye
S3021L04.jpg,S3022L01.jpg,S3021L04,S3022L01,twin_same_eye
S3021L04.jpg,S3022R01.jpg,S3021L04,S3022R01,twin_cross_eye
S3021L04.jpg,S3022R02.jpg,S3021L04,S3022R02,twin_cross_eye
S3021L04.jpg,S3101L08.jpg,S3021L04,S3101L08,unrelated
S3021L04.jpg,S3101L04.jpg,S3021L04,S3101L04,unrelated
S3021L04.jpg,S3101L02.jpg,S3021L04,S3101L02,unrelated
S3021L04.jpg,S3101L09.jpg,S3021L04,S3101L09,unrelated
S3021L04.jpg,S3101L10.jpg,S3021L04,S3101L10,unrelated
S3021L04.jpg,S3101R07.jpg,S3021L04,S3101R07,unrelated
S3021L04.jpg,S3101R04.jpg,S3021L04,S3101R04,unrelated
S3021L04.jpg,S3101R03.jpg,S3021L04,S3101R03,unrelated
S3021L04.jpg,S3101R02.jpg,S3021L04,S3101R02,unrelated
S3021L04.jpg,S3101R05.jpg,S3021L04,S3101R05,unrelated
S3021L04.jpg,S3102L10.jpg,S3021L04,S3102L10,unrelated
S3021L04.jpg,S3102L09.jpg,S3021L04,S3102L09,unrelated
S3021L04.jpg,S3102L01.jpg,S3021L04,S3102L01,unrelated
S3021L04.jpg,S3102L07.jpg,S3021L04,S3102L07,unrelated
S3021L04.jpg,S3102L06.jpg,S3021L04,S3102L06,unrelated
S3021L04.jpg,S3102R07.jpg,S3021L04,S3102R07,unrelated
S3021L04.jpg,S3102R08.jpg,S3021L04,S3102R08,unrelated
S3021L04.jpg,S3102R02.jpg,S3021L04,S3102R02,unrelated
S3021L04.jpg,S3102R06.jpg,S3021L04,S3102R06,unrelated
S3021L04.jpg,S3102R09.jpg,S3021L04,S3102R09,unrelated
S3021L04.jpg,S3151L06.jpg,S3021L04,S3151L06,unrelated
S3021L04.jpg,S3151L04.jpg,S3021L04,S3151L04,unrelated
S3021L04.jpg,S3151L03.jpg,S3021L04,S3151L03,unrelated
S3021L04.jpg,S3151L05.jpg,S3021L04,S3151L05,unrelated
S3021L04.jpg,S3151L07.jpg,S3021L04,S3151L07,unrelated
S3021L04.jpg,S3151R03.jpg,S3021L04,S3151R03,unrelated
S3021L04.jpg,S3151R01.jpg,S3021L04,S3151R01,unrelated
S3021L04.jpg,S3151R02.jpg,S3021L04,S3151R02,unrelated
S3021L04.jpg,S3152R04.jpg,S3021L04,S3152R04,unrelated
S3021L04.jpg,S3152R03.jpg,S3021L04,S3152R03,unrelated
S3021L04.jpg,S3152R02.jpg,S3021L04,S3152R02,unrelated
S3021L04.jpg,S3152R07.jpg,S3021L04,S3152R07,unrelated
S3021L04.jpg,S3181R04.jpg,S3021L04,S3181R04,unrelated
S3021L04.jpg,S3181R05.jpg,S3021L04,S3181R05,unrelated
S3021L04.jpg,S3182L01.jpg,S3021L04,S3182L01,unrelated
S3021L04.jpg,S3182R05.jpg,S3021L04,S3182R05,unrelated
S3021L04.jpg,S3182R06.jpg,S3021L04,S3182R06,unrelated
S3021L04.jpg,S3182R04.jpg,S3021L04,S3182R04,unrelated
S3021L04.jpg,S3182R03.jpg,S3021L04,S3182R03,unrelated
S3021L04.jpg,S3182R07.jpg,S3021L04,S3182R07,unrelated
S3021L04.jpg,S3141L03.jpg,S3021L04,S3141L03,unrelated
S3021L04.jpg,S3141R07.jpg,S3021L04,S3141R07,unrelated
S3021L04.jpg,S3141R10.jpg,S3021L04,S3141R10,unrelated
S3021L04.jpg,S3141R04.jpg,S3021L04,S3141R04,unrelated
S3021L04.jpg,S3141R06.jpg,S3021L04,S3141R06,unrelated
S3021L04.jpg,S3142L03.jpg,S3021L04,S3142L03,unrelated
S3021L04.jpg,S3142L02.jpg,S3021L04,S3142L02,unrelated
S3021L04.jpg,S3142L04.jpg,S3021L04,S3142L04,unrelated
S3021L04.jpg,S3142L07.jpg,S3021L04,S3142L07,unrelated
S3021L04.jpg,S3142R08.jpg,S3021L04,S3142R08,unrelated
S3021L04.jpg,S3142R07.jpg,S3021L04,S3142R07,unrelated
S3021L04.jpg,S3142R10.jpg,S3021L04,S3142R10,unrelated
S3021L04.jpg,S3142R09.jpg,S3021L04,S3142R09,unrelated
S3021L04.jpg,S3121L03.jpg,S3021L04,S3121L03,unrelated
S3021L04.jpg,S3121L02.jpg,S3021L04,S3121L02,unrelated
S3021L04.jpg,S3121L01.jpg,S3021L04,S3121L01,unrelated
S3021L04.jpg,S3121R04.jpg,S3021L04,S3121R04,unrelated
S3021L04.jpg,S3121R02.jpg,S3021L04,S3121R02,unrelated
S3021L04.jpg,S3121R01.jpg,S3021L04,S3121R01,unrelated
S3021L04.jpg,S3121R08.jpg,S3021L04,S3121R08,unrelated
S3021L04.jpg,S3121R07.jpg,S3021L04,S3121R07,unrelated
S3021L04.jpg,S3122L09.jpg,S3021L04,S3122L09,unrelated
S3021L04.jpg,S3122L07.jpg,S3021L04,S3122L07,unrelated
S3021L04.jpg,S3122L10.jpg,S3021L04,S3122L10,unrelated
S3021L04.jpg,S3122L01.jpg,S3021L04,S3122L01,unrelated
S3021L04.jpg,S3122L05.jpg,S3021L04,S3122L05,unrelated
S3021L04.jpg,S3122R02.jpg,S3021L04,S3122R02,unrelated
S3021L04.jpg,S3122R04.jpg,S3021L04,S3122R04,unrelated
S3021L04.jpg,S3122R03.jpg,S3021L04,S3122R03,unrelated
S3021L04.jpg,S3122R01.jpg,S3021L04,S3122R01,unrelated
S3021L04.jpg,S3051L07.jpg,S3021L04,S3051L07,unrelated
S3021L04.jpg,S3051L08.jpg,S3021L04,S3051L08,unrelated
S3021L04.jpg,S3051L10.jpg,S3021L04,S3051L10,unrelated
S3021L04.jpg,S3051L06.jpg,S3021L04,S3051L06,unrelated
S3021L04.jpg,S3051R01.jpg,S3021L04,S3051R01,unrelated
S3021L04.jpg,S3051R03.jpg,S3021L04,S3051R03,unrelated
S3021L04.jpg,S3052L01.jpg,S3021L04,S3052L01,unrelated
S3021L04.jpg,S3052L02.jpg,S3021L04,S3052L02,unrelated
S3021L04.jpg,S3052L03.jpg,S3021L04,S3052L03,unrelated
S3021L04.jpg,S3052R01.jpg,S3021L04,S3052R01,unrelated
S3021L04.jpg,S3011L07.jpg,S3021L04,S3011L07,unrelated
S3021L04.jpg,S3011R01.jpg,S3021L04,S3011R01,unrelated
S3021L04.jpg,S3011R02.jpg,S3021L04,S3011R02,unrelated
S3021L04.jpg,S3012L07.jpg,S3021L04,S3012L07,unrelated
S3021L04.jpg,S3012L02.jpg,S3021L04,S3012L02,unrelated
S3021L04.jpg,S3012R07.jpg,S3021L04,S3012R07,unrelated
S3021L03.jpg,S3021L06.jpg,S3021L03,S3021L06,genuine
S3021L03.jpg,S3021L02.jpg,S3021L03,S3021L02,genuine
S3021L03.jpg,S3021L01.jpg,S3021L03,S3021L01,genuine
S3021L03.jpg,S3021R09.jpg,S3021L03,S3021R09,same_subject_different_eye
S3021L03.jpg,S3021R01.jpg,S3021L03,S3021R01,same_subject_different_eye
S3021L03.jpg,S3021R02.jpg,S3021L03,S3021R02,same_subject_different_eye
S3021L03.jpg,S3021R07.jpg,S3021L03,S3021R07,same_subject_different_eye
S3021L03.jpg,S3021R06.jpg,S3021L03,S3021R06,same_subject_different_eye
S3021L03.jpg,S3022L01.jpg,S3021L03,S3022L01,twin_same_eye
S3021L03.jpg,S3022R01.jpg,S3021L03,S3022R01,twin_cross_eye
S3021L03.jpg,S3022R02.jpg,S3021L03,S3022R02,twin_cross_eye
S3021L03.jpg,S3101L08.jpg,S3021L03,S3101L08,unrelated
S3021L03.jpg,S3101L04.jpg,S3021L03,S3101L04,unrelated
S3021L03.jpg,S3101L02.jpg,S3021L03,S3101L02,unrelated
S3021L03.jpg,S3101L09.jpg,S3021L03,S3101L09,unrelated
S3021L03.jpg,S3101L10.jpg,S3021L03,S3101L10,unrelated
S3021L03.jpg,S3101R07.jpg,S3021L03,S3101R07,unrelated
S3021L03.jpg,S3101R04.jpg,S3021L03,S3101R04,unrelated
S3021L03.jpg,S3101R03.jpg,S3021L03,S3101R03,unrelated
S3021L03.jpg,S3101R02.jpg,S3021L03,S3101R02,unrelated
S3021L03.jpg,S3101R05.jpg,S3021L03,S3101R05,unrelated
S3021L03.jpg,S3102L10.jpg,S3021L03,S3102L10,unrelated
S3021L03.jpg,S3102L09.jpg,S3021L03,S3102L09,unrelated
S3021L03.jpg,S3102L01.jpg,S3021L03,S3102L01,unrelated
S3021L03.jpg,S3102L07.jpg,S3021L03,S3102L07,unrelated
S3021L03.jpg,S3102L06.jpg,S3021L03,S3102L06,unrelated
S3021L03.jpg,S3102R07.jpg,S3021L03,S3102R07,unrelated
S3021L03.jpg,S3102R08.jpg,S3021L03,S3102R08,unrelated
S3021L03.jpg,S3102R02.jpg,S3021L03,S3102R02,unrelated
S3021L03.jpg,S3102R06.jpg,S3021L03,S3102R06,unrelated
S3021L03.jpg,S3102R09.jpg,S3021L03,S3102R09,unrelated
S3021L03.jpg,S3151L06.jpg,S3021L03,S3151L06,unrelated
S3021L03.jpg,S3151L04.jpg,S3021L03,S3151L04,unrelated
S3021L03.jpg,S3151L03.jpg,S3021L03,S3151L03,unrelated
S3021L03.jpg,S3151L05.jpg,S3021L03,S3151L05,unrelated
S3021L03.jpg,S3151L07.jpg,S3021L03,S3151L07,unrelated
S3021L03.jpg,S3151R03.jpg,S3021L03,S3151R03,unrelated
S3021L03.jpg,S3151R01.jpg,S3021L03,S3151R01,unrelated
S3021L03.jpg,S3151R02.jpg,S3021L03,S3151R02,unrelated
S3021L03.jpg,S3152R04.jpg,S3021L03,S3152R04,unrelated
S3021L03.jpg,S3152R03.jpg,S3021L03,S3152R03,unrelated
S3021L03.jpg,S3152R02.jpg,S3021L03,S3152R02,unrelated
S3021L03.jpg,S3152R07.jpg,S3021L03,S3152R07,unrelated
S3021L03.jpg,S3181R04.jpg,S3021L03,S3181R04,unrelated
S3021L03.jpg,S3181R05.jpg,S3021L03,S3181R05,unrelated
S3021L03.jpg,S3182L01.jpg,S3021L03,S3182L01,unrelated
S3021L03.jpg,S3182R05.jpg,S3021L03,S3182R05,unrelated
S3021L03.jpg,S3182R06.jpg,S3021L03,S3182R06,unrelated
S3021L03.jpg,S3182R04.jpg,S3021L03,S3182R04,unrelated
S3021L03.jpg,S3182R03.jpg,S3021L03,S3182R03,unrelated
S3021L03.jpg,S3182R07.jpg,S3021L03,S3182R07,unrelated
S3021L03.jpg,S3141L03.jpg,S3021L03,S3141L03,unrelated
S3021L03.jpg,S3141R07.jpg,S3021L03,S3141R07,unrelated
S3021L03.jpg,S3141R10.jpg,S3021L03,S3141R10,unrelated
S3021L03.jpg,S3141R04.jpg,S3021L03,S3141R04,unrelated
S3021L03.jpg,S3141R06.jpg,S3021L03,S3141R06,unrelated
S3021L03.jpg,S3142L03.jpg,S3021L03,S3142L03,unrelated
S3021L03.jpg,S3142L02.jpg,S3021L03,S3142L02,unrelated
S3021L03.jpg,S3142L04.jpg,S3021L03,S3142L04,unrelated
S3021L03.jpg,S3142L07.jpg,S3021L03,S3142L07,unrelated
S3021L03.jpg,S3142R08.jpg,S3021L03,S3142R08,unrelated
S3021L03.jpg,S3142R07.jpg,S3021L03,S3142R07,unrelated
S3021L03.jpg,S3142R10.jpg,S3021L03,S3142R10,unrelated
S3021L03.jpg,S3142R09.jpg,S3021L03,S3142R09,unrelated
S3021L03.jpg,S3121L03.jpg,S3021L03,S3121L03,unrelated
S3021L03.jpg,S3121L02.jpg,S3021L03,S3121L02,unrelated
S3021L03.jpg,S3121L01.jpg,S3021L03,S3121L01,unrelated
S3021L03.jpg,S3121R04.jpg,S3021L03,S3121R04,unrelated
S3021L03.jpg,S3121R02.jpg,S3021L03,S3121R02,unrelated
S3021L03.jpg,S3121R01.jpg,S3021L03,S3121R01,unrelated
S3021L03.jpg,S3121R08.jpg,S3021L03,S3121R08,unrelated
S3021L03.jpg,S3121R07.jpg,S3021L03,S3121R07,unrelated
S3021L03.jpg,S3122L09.jpg,S3021L03,S3122L09,unrelated
S3021L03.jpg,S3122L07.jpg,S3021L03,S3122L07,unrelated
S3021L03.jpg,S3122L10.jpg,S3021L03,S3122L10,unrelated
S3021L03.jpg,S3122L01.jpg,S3021L03,S3122L01,unrelated
S3021L03.jpg,S3122L05.jpg,S3021L03,S3122L05,unrelated
S3021L03.jpg,S3122R02.jpg,S3021L03,S3122R02,unrelated
S3021L03.jpg,S3122R04.jpg,S3021L03,S3122R04,unrelated
S3021L03.jpg,S3122R03.jpg,S3021L03,S3122R03,unrelated
S3021L03.jpg,S3122R01.jpg,S3021L03,S3122R01,unrelated
S3021L03.jpg,S3051L07.jpg,S3021L03,S3051L07,unrelated
S3021L03.jpg,S3051L08.jpg,S3021L03,S3051L08,unrelated
S3021L03.jpg,S3051L10.jpg,S3021L03,S3051L10,unrelated
S3021L03.jpg,S3051L06.jpg,S3021L03,S3051L06,unrelated
S3021L03.jpg,S3051R01.jpg,S3021L03,S3051R01,unrelated
S3021L03.jpg,S3051R03.jpg,S3021L03,S3051R03,unrelated
S3021L03.jpg,S3052L01.jpg,S3021L03,S3052L01,unrelated
S3021L03.jpg,S3052L02.jpg,S3021L03,S3052L02,unrelated
S3021L03.jpg,S3052L03.jpg,S3021L03,S3052L03,unrelated
S3021L03.jpg,S3052R01.jpg,S3021L03,S3052R01,unrelated
S3021L03.jpg,S3011L07.jpg,S3021L03,S3011L07,unrelated
S3021L03.jpg,S3011R01.jpg,S3021L03,S3011R01,unrelated
S3021L03.jpg,S3011R02.jpg,S3021L03,S3011R02,unrelated
S3021L03.jpg,S3012L07.jpg,S3021L03,S3012L07,unrelated
S3021L03.jpg,S3012L02.jpg,S3021L03,S3012L02,unrelated
S3021L03.jpg,S3012R07.jpg,S3021L03,S3012R07,unrelated
S3021L06.jpg,S3021L02.jpg,S3021L06,S3021L02,genuine
S3021L06.jpg,S3021L01.jpg,S3021L06,S3021L01,genuine
S3021L06.jpg,S3021R09.jpg,S3021L06,S3021R09,same_subject_different_eye
S3021L06.jpg,S3021R01.jpg,S3021L06,S3021R01,same_subject_different_eye
S3021L06.jpg,S3021R02.jpg,S3021L06,S3021R02,same_subject_different_eye
S3021L06.jpg,S3021R07.jpg,S3021L06,S3021R07,same_subject_different_eye
S3021L06.jpg,S3021R06.jpg,S3021L06,S3021R06,same_subject_different_eye
S3021L06.jpg,S3022L01.jpg,S3021L06,S3022L01,twin_same_eye
S3021L06.jpg,S3022R01.jpg,S3021L06,S3022R01,twin_cross_eye
S3021L06.jpg,S3022R02.jpg,S3021L06,S3022R02,twin_cross_eye
S3021L06.jpg,S3101L08.jpg,S3021L06,S3101L08,unrelated
S3021L06.jpg,S3101L04.jpg,S3021L06,S3101L04,unrelated
S3021L06.jpg,S3101L02.jpg,S3021L06,S3101L02,unrelated
S3021L06.jpg,S3101L09.jpg,S3021L06,S3101L09,unrelated
S3021L06.jpg,S3101L10.jpg,S3021L06,S3101L10,unrelated
S3021L06.jpg,S3101R07.jpg,S3021L06,S3101R07,unrelated
S3021L06.jpg,S3101R04.jpg,S3021L06,S3101R04,unrelated
S3021L06.jpg,S3101R03.jpg,S3021L06,S3101R03,unrelated
S3021L06.jpg,S3101R02.jpg,S3021L06,S3101R02,unrelated
S3021L06.jpg,S3101R05.jpg,S3021L06,S3101R05,unrelated
S3021L06.jpg,S3102L10.jpg,S3021L06,S3102L10,unrelated
S3021L06.jpg,S3102L09.jpg,S3021L06,S3102L09,unrelated
S3021L06.jpg,S3102L01.jpg,S3021L06,S3102L01,unrelated
S3021L06.jpg,S3102L07.jpg,S3021L06,S3102L07,unrelated
S3021L06.jpg,S3102L06.jpg,S3021L06,S3102L06,unrelated
S3021L06.jpg,S3102R07.jpg,S3021L06,S3102R07,unrelated
S3021L06.jpg,S3102R08.jpg,S3021L06,S3102R08,unrelated
S3021L06.jpg,S3102R02.jpg,S3021L06,S3102R02,unrelated
S3021L06.jpg,S3102R06.jpg,S3021L06,S3102R06,unrelated
S3021L06.jpg,S3102R09.jpg,S3021L06,S3102R09,unrelated
S3021L06.jpg,S3151L06.jpg,S3021L06,S3151L06,unrelated
S3021L06.jpg,S3151L04.jpg,S3021L06,S3151L04,unrelated
S3021L06.jpg,S3151L03.jpg,S3021L06,S3151L03,unrelated
S3021L06.jpg,S3151L05.jpg,S3021L06,S3151L05,unrelated
S3021L06.jpg,S3151L07.jpg,S3021L06,S3151L07,unrelated
S3021L06.jpg,S3151R03.jpg,S3021L06,S3151R03,unrelated
S3021L06.jpg,S3151R01.jpg,S3021L06,S3151R01,unrelated
S3021L06.jpg,S3151R02.jpg,S3021L06,S3151R02,unrelated
S3021L06.jpg,S3152R04.jpg,S3021L06,S3152R04,unrelated
S3021L06.jpg,S3152R03.jpg,S3021L06,S3152R03,unrelated
S3021L06.jpg,S3152R02.jpg,S3021L06,S3152R02,unrelated
S3021L06.jpg,S3152R07.jpg,S3021L06,S3152R07,unrelated
S3021L06.jpg,S3181R04.jpg,S3021L06,S3181R04,unrelated
S3021L06.jpg,S3181R05.jpg,S3021L06,S3181R05,unrelated
S3021L06.jpg,S3182L01.jpg,S3021L06,S3182L01,unrelated
S3021L06.jpg,S3182R05.jpg,S3021L06,S3182R05,unrelated
S3021L06.jpg,S3182R06.jpg,S3021L06,S3182R06,unrelated
S3021L06.jpg,S3182R04.jpg,S3021L06,S3182R04,unrelated
S3021L06.jpg,S3182R03.jpg,S3021L06,S3182R03,unrelated
S3021L06.jpg,S3182R07.jpg,S3021L06,S3182R07,unrelated
S3021L06.jpg,S3141L03.jpg,S3021L06,S3141L03,unrelated
S3021L06.jpg,S3141R07.jpg,S3021L06,S3141R07,unrelated
S3021L06.jpg,S3141R10.jpg,S3021L06,S3141R10,unrelated
S3021L06.jpg,S3141R04.jpg,S3021L06,S3141R04,unrelated
S3021L06.jpg,S3141R06.jpg,S3021L06,S3141R06,unrelated
S3021L06.jpg,S3142L03.jpg,S3021L06,S3142L03,unrelated
S3021L06.jpg,S3142L02.jpg,S3021L06,S3142L02,unrelated
S3021L06.jpg,S3142L04.jpg,S3021L06,S3142L04,unrelated
S3021L06.jpg,S3142L07.jpg,S3021L06,S3142L07,unrelated
S3021L06.jpg,S3142R08.jpg,S3021L06,S3142R08,unrelated
S3021L06.jpg,S3142R07.jpg,S3021L06,S3142R07,unrelated
S3021L06.jpg,S3142R10.jpg,S3021L06,S3142R10,unrelated
S3021L06.jpg,S3142R09.jpg,S3021L06,S3142R09,unrelated
S3021L06.jpg,S3121L03.jpg,S3021L06,S3121L03,unrelated
S3021L06.jpg,S3121L02.jpg,S3021L06,S3121L02,unrelated
S3021L06.jpg,S3121L01.jpg,S3021L06,S3121L01,unrelated
S3021L06.jpg,S3121R04.jpg,S3021L06,S3121R04,unrelated
S3021L06.jpg,S3121R02.jpg,S3021L06,S3121R02,unrelated
S3021L06.jpg,S3121R01.jpg,S3021L06,S3121R01,unrelated
S3021L06.jpg,S3121R08.jpg,S3021L06,S3121R08,unrelated
S3021L06.jpg,S3121R07.jpg,S3021L06,S3121R07,unrelated
S3021L06.jpg,S3122L09.jpg,S3021L06,S3122L09,unrelated
S3021L06.jpg,S3122L07.jpg,S3021L06,S3122L07,unrelated
S3021L06.jpg,S3122L10.jpg,S3021L06,S3122L10,unrelated
S3021L06.jpg,S3122L01.jpg,S3021L06,S3122L01,unrelated
S3021L06.jpg,S3122L05.jpg,S3021L06,S3122L05,unrelated
S3021L06.jpg,S3122R02.jpg,S3021L06,S3122R02,unrelated
S3021L06.jpg,S3122R04.jpg,S3021L06,S3122R04,unrelated
S3021L06.jpg,S3122R03.jpg,S3021L06,S3122R03,unrelated
S3021L06.jpg,S3122R01.jpg,S3021L06,S3122R01,unrelated
S3021L06.jpg,S3051L07.jpg,S3021L06,S3051L07,unrelated
S3021L06.jpg,S3051L08.jpg,S3021L06,S3051L08,unrelated
S3021L06.jpg,S3051L10.jpg,S3021L06,S3051L10,unrelated
S3021L06.jpg,S3051L06.jpg,S3021L06,S3051L06,unrelated
S3021L06.jpg,S3051R01.jpg,S3021L06,S3051R01,unrelated
S3021L06.jpg,S3051R03.jpg,S3021L06,S3051R03,unrelated
S3021L06.jpg,S3052L01.jpg,S3021L06,S3052L01,unrelated
S3021L06.jpg,S3052L02.jpg,S3021L06,S3052L02,unrelated
S3021L06.jpg,S3052L03.jpg,S3021L06,S3052L03,unrelated
S3021L06.jpg,S3052R01.jpg,S3021L06,S3052R01,unrelated
S3021L06.jpg,S3011L07.jpg,S3021L06,S3011L07,unrelated
S3021L06.jpg,S3011R01.jpg,S3021L06,S3011R01,unrelated
S3021L06.jpg,S3011R02.jpg,S3021L06,S3011R02,unrelated
S3021L06.jpg,S3012L07.jpg,S3021L06,S3012L07,unrelated
S3021L06.jpg,S3012L02.jpg,S3021L06,S3012L02,unrelated
S3021L06.jpg,S3012R07.jpg,S3021L06,S3012R07,unrelated
S3021L02.jpg,S3021L01.jpg,S3021L02,S3021L01,genuine
S3021L02.jpg,S3021R09.jpg,S3021L02,S3021R09,same_subject_different_eye
S3021L02.jpg,S3021R01.jpg,S3021L02,S3021R01,same_subject_different_eye
S3021L02.jpg,S3021R02.jpg,S3021L02,S3021R02,same_subject_different_eye
S3021L02.jpg,S3021R07.jpg,S3021L02,S3021R07,same_subject_different_eye
S3021L02.jpg,S3021R06.jpg,S3021L02,S3021R06,same_subject_different_eye
S3021L02.jpg,S3022L01.jpg,S3021L02,S3022L01,twin_same_eye
S3021L02.jpg,S3022R01.jpg,S3021L02,S3022R01,twin_cross_eye
S3021L02.jpg,S3022R02.jpg,S3021L02,S3022R02,twin_cross_eye
S3021L02.jpg,S3101L08.jpg,S3021L02,S3101L08,unrelated
S3021L02.jpg,S3101L04.jpg,S3021L02,S3101L04,unrelated
S3021L02.jpg,S3101L02.jpg,S3021L02,S3101L02,unrelated
S3021L02.jpg,S3101L09.jpg,S3021L02,S3101L09,unrelated
S3021L02.jpg,S3101L10.jpg,S3021L02,S3101L10,unrelated
S3021L02.jpg,S3101R07.jpg,S3021L02,S3101R07,unrelated
S3021L02.jpg,S3101R04.jpg,S3021L02,S3101R04,unrelated
S3021L02.jpg,S3101R03.jpg,S3021L02,S3101R03,unrelated
S3021L02.jpg,S3101R02.jpg,S3021L02,S3101R02,unrelated
S3021L02.jpg,S3101R05.jpg,S3021L02,S3101R05,unrelated
S3021L02.jpg,S3102L10.jpg,S3021L02,S3102L10,unrelated
S3021L02.jpg,S3102L09.jpg,S3021L02,S3102L09,unrelated
S3021L02.jpg,S3102L01.jpg,S3021L02,S3102L01,unrelated
S3021L02.jpg,S3102L07.jpg,S3021L02,S3102L07,unrelated
S3021L02.jpg,S3102L06.jpg,S3021L02,S3102L06,unrelated
S3021L02.jpg,S3102R07.jpg,S3021L02,S3102R07,unrelated
S3021L02.jpg,S3102R08.jpg,S3021L02,S3102R08,unrelated
S3021L02.jpg,S3102R02.jpg,S3021L02,S3102R02,unrelated
S3021L02.jpg,S3102R06.jpg,S3021L02,S3102R06,unrelated
S3021L02.jpg,S3102R09.jpg,S3021L02,S3102R09,unrelated
S3021L02.jpg,S3151L06.jpg,S3021L02,S3151L06,unrelated
S3021L02.jpg,S3151L04.jpg,S3021L02,S3151L04,unrelated
S3021L02.jpg,S3151L03.jpg,S3021L02,S3151L03,unrelated
S3021L02.jpg,S3151L05.jpg,S3021L02,S3151L05,unrelated
S3021L02.jpg,S3151L07.jpg,S3021L02,S3151L07,unrelated
S3021L02.jpg,S3151R03.jpg,S3021L02,S3151R03,unrelated
S3021L02.jpg,S3151R01.jpg,S3021L02,S3151R01,unrelated
S3021L02.jpg,S3151R02.jpg,S3021L02,S3151R02,unrelated
S3021L02.jpg,S3152R04.jpg,S3021L02,S3152R04,unrelated
S3021L02.jpg,S3152R03.jpg,S3021L02,S3152R03,unrelated
S3021L02.jpg,S3152R02.jpg,S3021L02,S3152R02,unrelated
S3021L02.jpg,S3152R07.jpg,S3021L02,S3152R07,unrelated
S3021L02.jpg,S3181R04.jpg,S3021L02,S3181R04,unrelated
S3021L02.jpg,S3181R05.jpg,S3021L02,S3181R05,unrelated
S3021L02.jpg,S3182L01.jpg,S3021L02,S3182L01,unrelated
S3021L02.jpg,S3182R05.jpg,S3021L02,S3182R05,unrelated
S3021L02.jpg,S3182R06.jpg,S3021L02,S3182R06,unrelated
S3021L02.jpg,S3182R04.jpg,S3021L02,S3182R04,unrelated
S3021L02.jpg,S3182R03.jpg,S3021L02,S3182R03,unrelated
S3021L02.jpg,S3182R07.jpg,S3021L02,S3182R07,unrelated
S3021L02.jpg,S3141L03.jpg,S3021L02,S3141L03,unrelated
S3021L02.jpg,S3141R07.jpg,S3021L02,S3141R07,unrelated
S3021L02.jpg,S3141R10.jpg,S3021L02,S3141R10,unrelated
S3021L02.jpg,S3141R04.jpg,S3021L02,S3141R04,unrelated
S3021L02.jpg,S3141R06.jpg,S3021L02,S3141R06,unrelated
S3021L02.jpg,S3142L03.jpg,S3021L02,S3142L03,unrelated
S3021L02.jpg,S3142L02.jpg,S3021L02,S3142L02,unrelated
S3021L02.jpg,S3142L04.jpg,S3021L02,S3142L04,unrelated
S3021L02.jpg,S3142L07.jpg,S3021L02,S3142L07,unrelated
S3021L02.jpg,S3142R08.jpg,S3021L02,S3142R08,unrelated
S3021L02.jpg,S3142R07.jpg,S3021L02,S3142R07,unrelated
S3021L02.jpg,S3142R10.jpg,S3021L02,S3142R10,unrelated
S3021L02.jpg,S3142R09.jpg,S3021L02,S3142R09,unrelated
S3021L02.jpg,S3121L03.jpg,S3021L02,S3121L03,unrelated
S3021L02.jpg,S3121L02.jpg,S3021L02,S3121L02,unrelated
S3021L02.jpg,S3121L01.jpg,S3021L02,S3121L01,unrelated
S3021L02.jpg,S3121R04.jpg,S3021L02,S3121R04,unrelated
S3021L02.jpg,S3121R02.jpg,S3021L02,S3121R02,unrelated
S3021L02.jpg,S3121R01.jpg,S3021L02,S3121R01,unrelated
S3021L02.jpg,S3121R08.jpg,S3021L02,S3121R08,unrelated
S3021L02.jpg,S3121R07.jpg,S3021L02,S3121R07,unrelated
S3021L02.jpg,S3122L09.jpg,S3021L02,S3122L09,unrelated
S3021L02.jpg,S3122L07.jpg,S3021L02,S3122L07,unrelated
S3021L02.jpg,S3122L10.jpg,S3021L02,S3122L10,unrelated
S3021L02.jpg,S3122L01.jpg,S3021L02,S3122L01,unrelated
S3021L02.jpg,S3122L05.jpg,S3021L02,S3122L05,unrelated
S3021L02.jpg,S3122R02.jpg,S3021L02,S3122R02,unrelated
S3021L02.jpg,S3122R04.jpg,S3021L02,S3122R04,unrelated
S3021L02.jpg,S3122R03.jpg,S3021L02,S3122R03,unrelated
S3021L02.jpg,S3122R01.jpg,S3021L02,S3122R01,unrelated
S3021L02.jpg,S3051L07.jpg,S3021L02,S3051L07,unrelated
S3021L02.jpg,S3051L08.jpg,S3021L02,S3051L08,unrelated
S3021L02.jpg,S3051L10.jpg,S3021L02,S3051L10,unrelated
S3021L02.jpg,S3051L06.jpg,S3021L02,S3051L06,unrelated
S3021L02.jpg,S3051R01.jpg,S3021L02,S3051R01,unrelated
S3021L02.jpg,S3051R03.jpg,S3021L02,S3051R03,unrelated
S3021L02.jpg,S3052L01.jpg,S3021L02,S3052L01,unrelated
S3021L02.jpg,S3052L02.jpg,S3021L02,S3052L02,unrelated
S3021L02.jpg,S3052L03.jpg,S3021L02,S3052L03,unrelated
S3021L02.jpg,S3052R01.jpg,S3021L02,S3052R01,unrelated
S3021L02.jpg,S3011L07.jpg,S3021L02,S3011L07,unrelated
S3021L02.jpg,S3011R01.jpg,S3021L02,S3011R01,unrelated
S3021L02.jpg,S3011R02.jpg,S3021L02,S3011R02,unrelated
S3021L02.jpg,S3012L07.jpg,S3021L02,S3012L07,unrelated
S3021L02.jpg,S3012L02.jpg,S3021L02,S3012L02,unrelated
S3021L02.jpg,S3012R07.jpg,S3021L02,S3012R07,unrelated
S3021L01.jpg,S3021R09.jpg,S3021L01,S3021R09,same_subject_different_eye
S3021L01.jpg,S3021R01.jpg,S3021L01,S3021R01,same_subject_different_eye
S3021L01.jpg,S3021R02.jpg,S3021L01,S3021R02,same_subject_different_eye
S3021L01.jpg,S3021R07.jpg,S3021L01,S3021R07,same_subject_different_eye
S3021L01.jpg,S3021R06.jpg,S3021L01,S3021R06,same_subject_different_eye
S3021L01.jpg,S3022L01.jpg,S3021L01,S3022L01,twin_same_eye
S3021L01.jpg,S3022R01.jpg,S3021L01,S3022R01,twin_cross_eye
S3021L01.jpg,S3022R02.jpg,S3021L01,S3022R02,twin_cross_eye
S3021L01.jpg,S3101L08.jpg,S3021L01,S3101L08,unrelated
S3021L01.jpg,S3101L04.jpg,S3021L01,S3101L04,unrelated
S3021L01.jpg,S3101L02.jpg,S3021L01,S3101L02,unrelated
S3021L01.jpg,S3101L09.jpg,S3021L01,S3101L09,unrelated
S3021L01.jpg,S3101L10.jpg,S3021L01,S3101L10,unrelated
S3021L01.jpg,S3101R07.jpg,S3021L01,S3101R07,unrelated
S3021L01.jpg,S3101R04.jpg,S3021L01,S3101R04,unrelated
S3021L01.jpg,S3101R03.jpg,S3021L01,S3101R03,unrelated
S3021L01.jpg,S3101R02.jpg,S3021L01,S3101R02,unrelated
S3021L01.jpg,S3101R05.jpg,S3021L01,S3101R05,unrelated
S3021L01.jpg,S3102L10.jpg,S3021L01,S3102L10,unrelated
S3021L01.jpg,S3102L09.jpg,S3021L01,S3102L09,unrelated
S3021L01.jpg,S3102L01.jpg,S3021L01,S3102L01,unrelated
S3021L01.jpg,S3102L07.jpg,S3021L01,S3102L07,unrelated
S3021L01.jpg,S3102L06.jpg,S3021L01,S3102L06,unrelated
S3021L01.jpg,S3102R07.jpg,S3021L01,S3102R07,unrelated
S3021L01.jpg,S3102R08.jpg,S3021L01,S3102R08,unrelated
S3021L01.jpg,S3102R02.jpg,S3021L01,S3102R02,unrelated
S3021L01.jpg,S3102R06.jpg,S3021L01,S3102R06,unrelated
S3021L01.jpg,S3102R09.jpg,S3021L01,S3102R09,unrelated
S3021L01.jpg,S3151L06.jpg,S3021L01,S3151L06,unrelated
S3021L01.jpg,S3151L04.jpg,S3021L01,S3151L04,unrelated
S3021L01.jpg,S3151L03.jpg,S3021L01,S3151L03,unrelated
S3021L01.jpg,S3151L05.jpg,S3021L01,S3151L05,unrelated
S3021L01.jpg,S3151L07.jpg,S3021L01,S3151L07,unrelated
S3021L01.jpg,S3151R03.jpg,S3021L01,S3151R03,unrelated
S3021L01.jpg,S3151R01.jpg,S3021L01,S3151R01,unrelated
S3021L01.jpg,S3151R02.jpg,S3021L01,S3151R02,unrelated
S3021L01.jpg,S3152R04.jpg,S3021L01,S3152R04,unrelated
S3021L01.jpg,S3152R03.jpg,S3021L01,S3152R03,unrelated
S3021L01.jpg,S3152R02.jpg,S3021L01,S3152R02,unrelated
S3021L01.jpg,S3152R07.jpg,S3021L01,S3152R07,unrelated
S3021L01.jpg,S3181R04.jpg,S3021L01,S3181R04,unrelated
S3021L01.jpg,S3181R05.jpg,S3021L01,S3181R05,unrelated
S3021L01.jpg,S3182L01.jpg,S3021L01,S3182L01,unrelated
S3021L01.jpg,S3182R05.jpg,S3021L01,S3182R05,unrelated
S3021L01.jpg,S3182R06.jpg,S3021L01,S3182R06,unrelated
S3021L01.jpg,S3182R04.jpg,S3021L01,S3182R04,unrelated
S3021L01.jpg,S3182R03.jpg,S3021L01,S3182R03,unrelated
S3021L01.jpg,S3182R07.jpg,S3021L01,S3182R07,unrelated
S3021L01.jpg,S3141L03.jpg,S3021L01,S3141L03,unrelated
S3021L01.jpg,S3141R07.jpg,S3021L01,S3141R07,unrelated
S3021L01.jpg,S3141R10.jpg,S3021L01,S3141R10,unrelated
S3021L01.jpg,S3141R04.jpg,S3021L01,S3141R04,unrelated
S3021L01.jpg,S3141R06.jpg,S3021L01,S3141R06,unrelated
S3021L01.jpg,S3142L03.jpg,S3021L01,S3142L03,unrelated
S3021L01.jpg,S3142L02.jpg,S3021L01,S3142L02,unrelated
S3021L01.jpg,S3142L04.jpg,S3021L01,S3142L04,unrelated
S3021L01.jpg,S3142L07.jpg,S3021L01,S3142L07,unrelated
S3021L01.jpg,S3142R08.jpg,S3021L01,S3142R08,unrelated
S3021L01.jpg,S3142R07.jpg,S3021L01,S3142R07,unrelated
S3021L01.jpg,S3142R10.jpg,S3021L01,S3142R10,unrelated
S3021L01.jpg,S3142R09.jpg,S3021L01,S3142R09,unrelated
S3021L01.jpg,S3121L03.jpg,S3021L01,S3121L03,unrelated
S3021L01.jpg,S3121L02.jpg,S3021L01,S3121L02,unrelated
S3021L01.jpg,S3121L01.jpg,S3021L01,S3121L01,unrelated
S3021L01.jpg,S3121R04.jpg,S3021L01,S3121R04,unrelated
S3021L01.jpg,S3121R02.jpg,S3021L01,S3121R02,unrelated
S3021L01.jpg,S3121R01.jpg,S3021L01,S3121R01,unrelated
S3021L01.jpg,S3121R08.jpg,S3021L01,S3121R08,unrelated
S3021L01.jpg,S3121R07.jpg,S3021L01,S3121R07,unrelated
S3021L01.jpg,S3122L09.jpg,S3021L01,S3122L09,unrelated
S3021L01.jpg,S3122L07.jpg,S3021L01,S3122L07,unrelated
S3021L01.jpg,S3122L10.jpg,S3021L01,S3122L10,unrelated
S3021L01.jpg,S3122L01.jpg,S3021L01,S3122L01,unrelated
S3021L01.jpg,S3122L05.jpg,S3021L01,S3122L05,unrelated
S3021L01.jpg,S3122R02.jpg,S3021L01,S3122R02,unrelated
S3021L01.jpg,S3122R04.jpg,S3021L01,S3122R04,unrelated
S3021L01.jpg,S3122R03.jpg,S3021L01,S3122R03,unrelated
S3021L01.jpg,S3122R01.jpg,S3021L01,S3122R01,unrelated
S3021L01.jpg,S3051L07.jpg,S3021L01,S3051L07,unrelated
S3021L01.jpg,S3051L08.jpg,S3021L01,S3051L08,unrelated
S3021L01.jpg,S3051L10.jpg,S3021L01,S3051L10,unrelated
S3021L01.jpg,S3051L06.jpg,S3021L01,S3051L06,unrelated
S3021L01.jpg,S3051R01.jpg,S3021L01,S3051R01,unrelated
S3021L01.jpg,S3051R03.jpg,S3021L01,S3051R03,unrelated
S3021L01.jpg,S3052L01.jpg,S3021L01,S3052L01,unrelated
S3021L01.jpg,S3052L02.jpg,S3021L01,S3052L02,unrelated
S3021L01.jpg,S3052L03.jpg,S3021L01,S3052L03,unrelated
S3021L01.jpg,S3052R01.jpg,S3021L01,S3052R01,unrelated
S3021L01.jpg,S3011L07.jpg,S3021L01,S3011L07,unrelated
S3021L01.jpg,S3011R01.jpg,S3021L01,S3011R01,unrelated
S3021L01.jpg,S3011R02.jpg,S3021L01,S3011R02,unrelated
S3021L01.jpg,S3012L07.jpg,S3021L01,S3012L07,unrelated
S3021L01.jpg,S3012L02.jpg,S3021L01,S3012L02,unrelated
S3021L01.jpg,S3012R07.jpg,S3021L01,S3012R07,unrelated
S3021R09.jpg,S3021R01.jpg,S3021R09,S3021R01,genuine
S3021R09.jpg,S3021R02.jpg,S3021R09,S3021R02,genuine
S3021R09.jpg,S3021R07.jpg,S3021R09,S3021R07,genuine
S3021R09.jpg,S3021R06.jpg,S3021R09,S3021R06,genuine
S3021R09.jpg,S3022L01.jpg,S3021R09,S3022L01,twin_cross_eye
S3021R09.jpg,S3022R01.jpg,S3021R09,S3022R01,twin_same_eye
S3021R09.jpg,S3022R02.jpg,S3021R09,S3022R02,twin_same_eye
S3021R09.jpg,S3101L08.jpg,S3021R09,S3101L08,unrelated
S3021R09.jpg,S3101L04.jpg,S3021R09,S3101L04,unrelated
S3021R09.jpg,S3101L02.jpg,S3021R09,S3101L02,unrelated
S3021R09.jpg,S3101L09.jpg,S3021R09,S3101L09,unrelated
S3021R09.jpg,S3101L10.jpg,S3021R09,S3101L10,unrelated
S3021R09.jpg,S3101R07.jpg,S3021R09,S3101R07,unrelated
S3021R09.jpg,S3101R04.jpg,S3021R09,S3101R04,unrelated
S3021R09.jpg,S3101R03.jpg,S3021R09,S3101R03,unrelated
S3021R09.jpg,S3101R02.jpg,S3021R09,S3101R02,unrelated
S3021R09.jpg,S3101R05.jpg,S3021R09,S3101R05,unrelated
S3021R09.jpg,S3102L10.jpg,S3021R09,S3102L10,unrelated
S3021R09.jpg,S3102L09.jpg,S3021R09,S3102L09,unrelated
S3021R09.jpg,S3102L01.jpg,S3021R09,S3102L01,unrelated
S3021R09.jpg,S3102L07.jpg,S3021R09,S3102L07,unrelated
S3021R09.jpg,S3102L06.jpg,S3021R09,S3102L06,unrelated
S3021R09.jpg,S3102R07.jpg,S3021R09,S3102R07,unrelated
S3021R09.jpg,S3102R08.jpg,S3021R09,S3102R08,unrelated
S3021R09.jpg,S3102R02.jpg,S3021R09,S3102R02,unrelated
S3021R09.jpg,S3102R06.jpg,S3021R09,S3102R06,unrelated
S3021R09.jpg,S3102R09.jpg,S3021R09,S3102R09,unrelated
S3021R09.jpg,S3151L06.jpg,S3021R09,S3151L06,unrelated
S3021R09.jpg,S3151L04.jpg,S3021R09,S3151L04,unrelated
S3021R09.jpg,S3151L03.jpg,S3021R09,S3151L03,unrelated
S3021R09.jpg,S3151L05.jpg,S3021R09,S3151L05,unrelated
S3021R09.jpg,S3151L07.jpg,S3021R09,S3151L07,unrelated
S3021R09.jpg,S3151R03.jpg,S3021R09,S3151R03,unrelated
S3021R09.jpg,S3151R01.jpg,S3021R09,S3151R01,unrelated
S3021R09.jpg,S3151R02.jpg,S3021R09,S3151R02,unrelated
S3021R09.jpg,S3152R04.jpg,S3021R09,S3152R04,unrelated
S3021R09.jpg,S3152R03.jpg,S3021R09,S3152R03,unrelated
S3021R09.jpg,S3152R02.jpg,S3021R09,S3152R02,unrelated
S3021R09.jpg,S3152R07.jpg,S3021R09,S3152R07,unrelated
S3021R09.jpg,S3181R04.jpg,S3021R09,S3181R04,unrelated
S3021R09.jpg,S3181R05.jpg,S3021R09,S3181R05,unrelated
S3021R09.jpg,S3182L01.jpg,S3021R09,S3182L01,unrelated
S3021R09.jpg,S3182R05.jpg,S3021R09,S3182R05,unrelated
S3021R09.jpg,S3182R06.jpg,S3021R09,S3182R06,unrelated
S3021R09.jpg,S3182R04.jpg,S3021R09,S3182R04,unrelated
S3021R09.jpg,S3182R03.jpg,S3021R09,S3182R03,unrelated
S3021R09.jpg,S3182R07.jpg,S3021R09,S3182R07,unrelated
S3021R09.jpg,S3141L03.jpg,S3021R09,S3141L03,unrelated
S3021R09.jpg,S3141R07.jpg,S3021R09,S3141R07,unrelated
S3021R09.jpg,S3141R10.jpg,S3021R09,S3141R10,unrelated
S3021R09.jpg,S3141R04.jpg,S3021R09,S3141R04,unrelated
S3021R09.jpg,S3141R06.jpg,S3021R09,S3141R06,unrelated
S3021R09.jpg,S3142L03.jpg,S3021R09,S3142L03,unrelated
S3021R09.jpg,S3142L02.jpg,S3021R09,S3142L02,unrelated
S3021R09.jpg,S3142L04.jpg,S3021R09,S3142L04,unrelated
S3021R09.jpg,S3142L07.jpg,S3021R09,S3142L07,unrelated
S3021R09.jpg,S3142R08.jpg,S3021R09,S3142R08,unrelated
S3021R09.jpg,S3142R07.jpg,S3021R09,S3142R07,unrelated
S3021R09.jpg,S3142R10.jpg,S3021R09,S3142R10,unrelated
S3021R09.jpg,S3142R09.jpg,S3021R09,S3142R09,unrelated
S3021R09.jpg,S3121L03.jpg,S3021R09,S3121L03,unrelated
S3021R09.jpg,S3121L02.jpg,S3021R09,S3121L02,unrelated
S3021R09.jpg,S3121L01.jpg,S3021R09,S3121L01,unrelated
S3021R09.jpg,S3121R04.jpg,S3021R09,S3121R04,unrelated
S3021R09.jpg,S3121R02.jpg,S3021R09,S3121R02,unrelated
S3021R09.jpg,S3121R01.jpg,S3021R09,S3121R01,unrelated
S3021R09.jpg,S3121R08.jpg,S3021R09,S3121R08,unrelated
S3021R09.jpg,S3121R07.jpg,S3021R09,S3121R07,unrelated
S3021R09.jpg,S3122L09.jpg,S3021R09,S3122L09,unrelated
S3021R09.jpg,S3122L07.jpg,S3021R09,S3122L07,unrelated
S3021R09.jpg,S3122L10.jpg,S3021R09,S3122L10,unrelated
S3021R09.jpg,S3122L01.jpg,S3021R09,S3122L01,unrelated
S3021R09.jpg,S3122L05.jpg,S3021R09,S3122L05,unrelated
S3021R09.jpg,S3122R02.jpg,S3021R09,S3122R02,unrelated
S3021R09.jpg,S3122R04.jpg,S3021R09,S3122R04,unrelated
S3021R09.jpg,S3122R03.jpg,S3021R09,S3122R03,unrelated
S3021R09.jpg,S3122R01.jpg,S3021R09,S3122R01,unrelated
S3021R09.jpg,S3051L07.jpg,S3021R09,S3051L07,unrelated
S3021R09.jpg,S3051L08.jpg,S3021R09,S3051L08,unrelated
S3021R09.jpg,S3051L10.jpg,S3021R09,S3051L10,unrelated
S3021R09.jpg,S3051L06.jpg,S3021R09,S3051L06,unrelated
S3021R09.jpg,S3051R01.jpg,S3021R09,S3051R01,unrelated
S3021R09.jpg,S3051R03.jpg,S3021R09,S3051R03,unrelated
S3021R09.jpg,S3052L01.jpg,S3021R09,S3052L01,unrelated
S3021R09.jpg,S3052L02.jpg,S3021R09,S3052L02,unrelated
S3021R09.jpg,S3052L03.jpg,S3021R09,S3052L03,unrelated
S3021R09.jpg,S3052R01.jpg,S3021R09,S3052R01,unrelated
S3021R09.jpg,S3011L07.jpg,S3021R09,S3011L07,unrelated
S3021R09.jpg,S3011R01.jpg,S3021R09,S3011R01,unrelated
S3021R09.jpg,S3011R02.jpg,S3021R09,S3011R02,unrelated
S3021R09.jpg,S3012L07.jpg,S3021R09,S3012L07,unrelated
S3021R09.jpg,S3012L02.jpg,S3021R09,S3012L02,unrelated
S3021R09.jpg,S3012R07.jpg,S3021R09,S3012R07,unrelated
S3021R01.jpg,S3021R02.jpg,S3021R01,S3021R02,genuine
S3021R01.jpg,S3021R07.jpg,S3021R01,S3021R07,genuine
S3021R01.jpg,S3021R06.jpg,S3021R01,S3021R06,genuine
S3021R01.jpg,S3022L01.jpg,S3021R01,S3022L01,twin_cross_eye
S3021R01.jpg,S3022R01.jpg,S3021R01,S3022R01,twin_same_eye
S3021R01.jpg,S3022R02.jpg,S3021R01,S3022R02,twin_same_eye
S3021R01.jpg,S3101L08.jpg,S3021R01,S3101L08,unrelated
S3021R01.jpg,S3101L04.jpg,S3021R01,S3101L04,unrelated
S3021R01.jpg,S3101L02.jpg,S3021R01,S3101L02,unrelated
S3021R01.jpg,S3101L09.jpg,S3021R01,S3101L09,unrelated
S3021R01.jpg,S3101L10.jpg,S3021R01,S3101L10,unrelated
S3021R01.jpg,S3101R07.jpg,S3021R01,S3101R07,unrelated
S3021R01.jpg,S3101R04.jpg,S3021R01,S3101R04,unrelated
S3021R01.jpg,S3101R03.jpg,S3021R01,S3101R03,unrelated
S3021R01.jpg,S3101R02.jpg,S3021R01,S3101R02,unrelated
S3021R01.jpg,S3101R05.jpg,S3021R01,S3101R05,unrelated
S3021R01.jpg,S3102L10.jpg,S3021R01,S3102L10,unrelated
S3021R01.jpg,S3102L09.jpg,S3021R01,S3102L09,unrelated
S3021R01.jpg,S3102L01.jpg,S3021R01,S3102L01,unrelated
S3021R01.jpg,S3102L07.jpg,S3021R01,S3102L07,unrelated
S3021R01.jpg,S3102L06.jpg,S3021R01,S3102L06,unrelated
S3021R01.jpg,S3102R07.jpg,S3021R01,S3102R07,unrelated
S3021R01.jpg,S3102R08.jpg,S3021R01,S3102R08,unrelated
S3021R01.jpg,S3102R02.jpg,S3021R01,S3102R02,unrelated
S3021R01.jpg,S3102R06.jpg,S3021R01,S3102R06,unrelated
S3021R01.jpg,S3102R09.jpg,S3021R01,S3102R09,unrelated
S3021R01.jpg,S3151L06.jpg,S3021R01,S3151L06,unrelated
S3021R01.jpg,S3151L04.jpg,S3021R01,S3151L04,unrelated
S3021R01.jpg,S3151L03.jpg,S3021R01,S3151L03,unrelated
S3021R01.jpg,S3151L05.jpg,S3021R01,S3151L05,unrelated
S3021R01.jpg,S3151L07.jpg,S3021R01,S3151L07,unrelated
S3021R01.jpg,S3151R03.jpg,S3021R01,S3151R03,unrelated
S3021R01.jpg,S3151R01.jpg,S3021R01,S3151R01,unrelated
S3021R01.jpg,S3151R02.jpg,S3021R01,S3151R02,unrelated
S3021R01.jpg,S3152R04.jpg,S3021R01,S3152R04,unrelated
S3021R01.jpg,S3152R03.jpg,S3021R01,S3152R03,unrelated
S3021R01.jpg,S3152R02.jpg,S3021R01,S3152R02,unrelated
S3021R01.jpg,S3152R07.jpg,S3021R01,S3152R07,unrelated
S3021R01.jpg,S3181R04.jpg,S3021R01,S3181R04,unrelated
S3021R01.jpg,S3181R05.jpg,S3021R01,S3181R05,unrelated
S3021R01.jpg,S3182L01.jpg,S3021R01,S3182L01,unrelated
S3021R01.jpg,S3182R05.jpg,S3021R01,S3182R05,unrelated
S3021R01.jpg,S3182R06.jpg,S3021R01,S3182R06,unrelated
S3021R01.jpg,S3182R04.jpg,S3021R01,S3182R04,unrelated
S3021R01.jpg,S3182R03.jpg,S3021R01,S3182R03,unrelated
S3021R01.jpg,S3182R07.jpg,S3021R01,S3182R07,unrelated
S3021R01.jpg,S3141L03.jpg,S3021R01,S3141L03,unrelated
S3021R01.jpg,S3141R07.jpg,S3021R01,S3141R07,unrelated
S3021R01.jpg,S3141R10.jpg,S3021R01,S3141R10,unrelated
S3021R01.jpg,S3141R04.jpg,S3021R01,S3141R04,unrelated
S3021R01.jpg,S3141R06.jpg,S3021R01,S3141R06,unrelated
S3021R01.jpg,S3142L03.jpg,S3021R01,S3142L03,unrelated
S3021R01.jpg,S3142L02.jpg,S3021R01,S3142L02,unrelated
S3021R01.jpg,S3142L04.jpg,S3021R01,S3142L04,unrelated
S3021R01.jpg,S3142L07.jpg,S3021R01,S3142L07,unrelated
S3021R01.jpg,S3142R08.jpg,S3021R01,S3142R08,unrelated
S3021R01.jpg,S3142R07.jpg,S3021R01,S3142R07,unrelated
S3021R01.jpg,S3142R10.jpg,S3021R01,S3142R10,unrelated
S3021R01.jpg,S3142R09.jpg,S3021R01,S3142R09,unrelated
S3021R01.jpg,S3121L03.jpg,S3021R01,S3121L03,unrelated
S3021R01.jpg,S3121L02.jpg,S3021R01,S3121L02,unrelated
S3021R01.jpg,S3121L01.jpg,S3021R01,S3121L01,unrelated
S3021R01.jpg,S3121R04.jpg,S3021R01,S3121R04,unrelated
S3021R01.jpg,S3121R02.jpg,S3021R01,S3121R02,unrelated
S3021R01.jpg,S3121R01.jpg,S3021R01,S3121R01,unrelated
S3021R01.jpg,S3121R08.jpg,S3021R01,S3121R08,unrelated
S3021R01.jpg,S3121R07.jpg,S3021R01,S3121R07,unrelated
S3021R01.jpg,S3122L09.jpg,S3021R01,S3122L09,unrelated
S3021R01.jpg,S3122L07.jpg,S3021R01,S3122L07,unrelated
S3021R01.jpg,S3122L10.jpg,S3021R01,S3122L10,unrelated
S3021R01.jpg,S3122L01.jpg,S3021R01,S3122L01,unrelated
S3021R01.jpg,S3122L05.jpg,S3021R01,S3122L05,unrelated
S3021R01.jpg,S3122R02.jpg,S3021R01,S3122R02,unrelated
S3021R01.jpg,S3122R04.jpg,S3021R01,S3122R04,unrelated
S3021R01.jpg,S3122R03.jpg,S3021R01,S3122R03,unrelated
S3021R01.jpg,S3122R01.jpg,S3021R01,S3122R01,unrelated
S3021R01.jpg,S3051L07.jpg,S3021R01,S3051L07,unrelated
S3021R01.jpg,S3051L08.jpg,S3021R01,S3051L08,unrelated
S3021R01.jpg,S3051L10.jpg,S3021R01,S3051L10,unrelated
S3021R01.jpg,S3051L06.jpg,S3021R01,S3051L06,unrelated
S3021R01.jpg,S3051R01.jpg,S3021R01,S3051R01,unrelated
S3021R01.jpg,S3051R03.jpg,S3021R01,S3051R03,unrelated
S3021R01.jpg,S3052L01.jpg,S3021R01,S3052L01,unrelated
S3021R01.jpg,S3052L02.jpg,S3021R01,S3052L02,unrelated
S3021R01.jpg,S3052L03.jpg,S3021R01,S3052L03,unrelated
S3021R01.jpg,S3052R01.jpg,S3021R01,S3052R01,unrelated
S3021R01.jpg,S3011L07.jpg,S3021R01,S3011L07,unrelated
S3021R01.jpg,S3011R01.jpg,S3021R01,S3011R01,unrelated
S3021R01.jpg,S3011R02.jpg,S3021R01,S3011R02,unrelated
S3021R01.jpg,S3012L07.jpg,S3021R01,S3012L07,unrelated
S3021R01.jpg,S3012L02.jpg,S3021R01,S3012L02,unrelated
S3021R01.jpg,S3012R07.jpg,S3021R01,S3012R07,unrelated
S3021R02.jpg,S3021R07.jpg,S3021R02,S3021R07,genuine
S3021R02.jpg,S3021R06.jpg,S3021R02,S3021R06,genuine
S3021R02.jpg,S3022L01.jpg,S3021R02,S3022L01,twin_cross_eye
S3021R02.jpg,S3022R01.jpg,S3021R02,S3022R01,twin_same_eye
S3021R02.jpg,S3022R02.jpg,S3021R02,S3022R02,twin_same_eye
S3021R02.jpg,S3101L08.jpg,S3021R02,S3101L08,unrelated
S3021R02.jpg,S3101L04.jpg,S3021R02,S3101L04,unrelated
S3021R02.jpg,S3101L02.jpg,S3021R02,S3101L02,unrelated
S3021R02.jpg,S3101L09.jpg,S3021R02,S3101L09,unrelated
S3021R02.jpg,S3101L10.jpg,S3021R02,S3101L10,unrelated
S3021R02.jpg,S3101R07.jpg,S3021R02,S3101R07,unrelated
S3021R02.jpg,S3101R04.jpg,S3021R02,S3101R04,unrelated
S3021R02.jpg,S3101R03.jpg,S3021R02,S3101R03,unrelated
S3021R02.jpg,S3101R02.jpg,S3021R02,S3101R02,unrelated
S3021R02.jpg,S3101R05.jpg,S3021R02,S3101R05,unrelated
S3021R02.jpg,S3102L10.jpg,S3021R02,S3102L10,unrelated
S3021R02.jpg,S3102L09.jpg,S3021R02,S3102L09,unrelated
S3021R02.jpg,S3102L01.jpg,S3021R02,S3102L01,unrelated
S3021R02.jpg,S3102L07.jpg,S3021R02,S3102L07,unrelated
S3021R02.jpg,S3102L06.jpg,S3021R02,S3102L06,unrelated
S3021R02.jpg,S3102R07.jpg,S3021R02,S3102R07,unrelated
S3021R02.jpg,S3102R08.jpg,S3021R02,S3102R08,unrelated
S3021R02.jpg,S3102R02.jpg,S3021R02,S3102R02,unrelated
S3021R02.jpg,S3102R06.jpg,S3021R02,S3102R06,unrelated
S3021R02.jpg,S3102R09.jpg,S3021R02,S3102R09,unrelated
S3021R02.jpg,S3151L06.jpg,S3021R02,S3151L06,unrelated
S3021R02.jpg,S3151L04.jpg,S3021R02,S3151L04,unrelated
S3021R02.jpg,S3151L03.jpg,S3021R02,S3151L03,unrelated
S3021R02.jpg,S3151L05.jpg,S3021R02,S3151L05,unrelated
S3021R02.jpg,S3151L07.jpg,S3021R02,S3151L07,unrelated
S3021R02.jpg,S3151R03.jpg,S3021R02,S3151R03,unrelated
S3021R02.jpg,S3151R01.jpg,S3021R02,S3151R01,unrelated
S3021R02.jpg,S3151R02.jpg,S3021R02,S3151R02,unrelated
S3021R02.jpg,S3152R04.jpg,S3021R02,S3152R04,unrelated
S3021R02.jpg,S3152R03.jpg,S3021R02,S3152R03,unrelated
S3021R02.jpg,S3152R02.jpg,S3021R02,S3152R02,unrelated
S3021R02.jpg,S3152R07.jpg,S3021R02,S3152R07,unrelated
S3021R02.jpg,S3181R04.jpg,S3021R02,S3181R04,unrelated
S3021R02.jpg,S3181R05.jpg,S3021R02,S3181R05,unrelated
S3021R02.jpg,S3182L01.jpg,S3021R02,S3182L01,unrelated
S3021R02.jpg,S3182R05.jpg,S3021R02,S3182R05,unrelated
S3021R02.jpg,S3182R06.jpg,S3021R02,S3182R06,unrelated
S3021R02.jpg,S3182R04.jpg,S3021R02,S3182R04,unrelated
S3021R02.jpg,S3182R03.jpg,S3021R02,S3182R03,unrelated
S3021R02.jpg,S3182R07.jpg,S3021R02,S3182R07,unrelated
S3021R02.jpg,S3141L03.jpg,S3021R02,S3141L03,unrelated
S3021R02.jpg,S3141R07.jpg,S3021R02,S3141R07,unrelated
S3021R02.jpg,S3141R10.jpg,S3021R02,S3141R10,unrelated
S3021R02.jpg,S3141R04.jpg,S3021R02,S3141R04,unrelated
S3021R02.jpg,S3141R06.jpg,S3021R02,S3141R06,unrelated
S3021R02.jpg,S3142L03.jpg,S3021R02,S3142L03,unrelated
S3021R02.jpg,S3142L02.jpg,S3021R02,S3142L02,unrelated
S3021R02.jpg,S3142L04.jpg,S3021R02,S3142L04,unrelated
S3021R02.jpg,S3142L07.jpg,S3021R02,S3142L07,unrelated
S3021R02.jpg,S3142R08.jpg,S3021R02,S3142R08,unrelated
S3021R02.jpg,S3142R07.jpg,S3021R02,S3142R07,unrelated
S3021R02.jpg,S3142R10.jpg,S3021R02,S3142R10,unrelated
S3021R02.jpg,S3142R09.jpg,S3021R02,S3142R09,unrelated
S3021R02.jpg,S3121L03.jpg,S3021R02,S3121L03,unrelated
S3021R02.jpg,S3121L02.jpg,S3021R02,S3121L02,unrelated
S3021R02.jpg,S3121L01.jpg,S3021R02,S3121L01,unrelated
S3021R02.jpg,S3121R04.jpg,S3021R02,S3121R04,unrelated
S3021R02.jpg,S3121R02.jpg,S3021R02,S3121R02,unrelated
S3021R02.jpg,S3121R01.jpg,S3021R02,S3121R01,unrelated
S3021R02.jpg,S3121R08.jpg,S3021R02,S3121R08,unrelated
S3021R02.jpg,S3121R07.jpg,S3021R02,S3121R07,unrelated
S3021R02.jpg,S3122L09.jpg,S3021R02,S3122L09,unrelated
S3021R02.jpg,S3122L07.jpg,S3021R02,S3122L07,unrelated
S3021R02.jpg,S3122L10.jpg,S3021R02,S3122L10,unrelated
S3021R02.jpg,S3122L01.jpg,S3021R02,S3122L01,unrelated
S3021R02.jpg,S3122L05.jpg,S3021R02,S3122L05,unrelated
S3021R02.jpg,S3122R02.jpg,S3021R02,S3122R02,unrelated
S3021R02.jpg,S3122R04.jpg,S3021R02,S3122R04,unrelated
S3021R02.jpg,S3122R03.jpg,S3021R02,S3122R03,unrelated
S3021R02.jpg,S3122R01.jpg,S3021R02,S3122R01,unrelated
S3021R02.jpg,S3051L07.jpg,S3021R02,S3051L07,unrelated
S3021R02.jpg,S3051L08.jpg,S3021R02,S3051L08,unrelated
S3021R02.jpg,S3051L10.jpg,S3021R02,S3051L10,unrelated
S3021R02.jpg,S3051L06.jpg,S3021R02,S3051L06,unrelated
S3021R02.jpg,S3051R01.jpg,S3021R02,S3051R01,unrelated
S3021R02.jpg,S3051R03.jpg,S3021R02,S3051R03,unrelated
S3021R02.jpg,S3052L01.jpg,S3021R02,S3052L01,unrelated
S3021R02.jpg,S3052L02.jpg,S3021R02,S3052L02,unrelated
S3021R02.jpg,S3052L03.jpg,S3021R02,S3052L03,unrelated
S3021R02.jpg,S3052R01.jpg,S3021R02,S3052R01,unrelated
S3021R02.jpg,S3011L07.jpg,S3021R02,S3011L07,unrelated
S3021R02.jpg,S3011R01.jpg,S3021R02,S3011R01,unrelated
S3021R02.jpg,S3011R02.jpg,S3021R02,S3011R02,unrelated
S3021R02.jpg,S3012L07.jpg,S3021R02,S3012L07,unrelated
S3021R02.jpg,S3012L02.jpg,S3021R02,S3012L02,unrelated
S3021R02.jpg,S3012R07.jpg,S3021R02,S3012R07,unrelated
S3021R07.jpg,S3021R06.jpg,S3021R07,S3021R06,genuine
S3021R07.jpg,S3022L01.jpg,S3021R07,S3022L01,twin_cross_eye
S3021R07.jpg,S3022R01.jpg,S3021R07,S3022R01,twin_same_eye
S3021R07.jpg,S3022R02.jpg,S3021R07,S3022R02,twin_same_eye
S3021R07.jpg,S3101L08.jpg,S3021R07,S3101L08,unrelated
S3021R07.jpg,S3101L04.jpg,S3021R07,S3101L04,unrelated
S3021R07.jpg,S3101L02.jpg,S3021R07,S3101L02,unrelated
S3021R07.jpg,S3101L09.jpg,S3021R07,S3101L09,unrelated
S3021R07.jpg,S3101L10.jpg,S3021R07,S3101L10,unrelated
S3021R07.jpg,S3101R07.jpg,S3021R07,S3101R07,unrelated
S3021R07.jpg,S3101R04.jpg,S3021R07,S3101R04,unrelated
S3021R07.jpg,S3101R03.jpg,S3021R07,S3101R03,unrelated
S3021R07.jpg,S3101R02.jpg,S3021R07,S3101R02,unrelated
S3021R07.jpg,S3101R05.jpg,S3021R07,S3101R05,unrelated
S3021R07.jpg,S3102L10.jpg,S3021R07,S3102L10,unrelated
S3021R07.jpg,S3102L09.jpg,S3021R07,S3102L09,unrelated
S3021R07.jpg,S3102L01.jpg,S3021R07,S3102L01,unrelated
S3021R07.jpg,S3102L07.jpg,S3021R07,S3102L07,unrelated
S3021R07.jpg,S3102L06.jpg,S3021R07,S3102L06,unrelated
S3021R07.jpg,S3102R07.jpg,S3021R07,S3102R07,unrelated
S3021R07.jpg,S3102R08.jpg,S3021R07,S3102R08,unrelated
S3021R07.jpg,S3102R02.jpg,S3021R07,S3102R02,unrelated
S3021R07.jpg,S3102R06.jpg,S3021R07,S3102R06,unrelated
S3021R07.jpg,S3102R09.jpg,S3021R07,S3102R09,unrelated
S3021R07.jpg,S3151L06.jpg,S3021R07,S3151L06,unrelated
S3021R07.jpg,S3151L04.jpg,S3021R07,S3151L04,unrelated
S3021R07.jpg,S3151L03.jpg,S3021R07,S3151L03,unrelated
S3021R07.jpg,S3151L05.jpg,S3021R07,S3151L05,unrelated
S3021R07.jpg,S3151L07.jpg,S3021R07,S3151L07,unrelated
S3021R07.jpg,S3151R03.jpg,S3021R07,S3151R03,unrelated
S3021R07.jpg,S3151R01.jpg,S3021R07,S3151R01,unrelated
S3021R07.jpg,S3151R02.jpg,S3021R07,S3151R02,unrelated
S3021R07.jpg,S3152R04.jpg,S3021R07,S3152R04,unrelated
S3021R07.jpg,S3152R03.jpg,S3021R07,S3152R03,unrelated
S3021R07.jpg,S3152R02.jpg,S3021R07,S3152R02,unrelated
S3021R07.jpg,S3152R07.jpg,S3021R07,S3152R07,unrelated
S3021R07.jpg,S3181R04.jpg,S3021R07,S3181R04,unrelated
S3021R07.jpg,S3181R05.jpg,S3021R07,S3181R05,unrelated
S3021R07.jpg,S3182L01.jpg,S3021R07,S3182L01,unrelated
S3021R07.jpg,S3182R05.jpg,S3021R07,S3182R05,unrelated
S3021R07.jpg,S3182R06.jpg,S3021R07,S3182R06,unrelated
S3021R07.jpg,S3182R04.jpg,S3021R07,S3182R04,unrelated
S3021R07.jpg,S3182R03.jpg,S3021R07,S3182R03,unrelated
S3021R07.jpg,S3182R07.jpg,S3021R07,S3182R07,unrelated
S3021R07.jpg,S3141L03.jpg,S3021R07,S3141L03,unrelated
S3021R07.jpg,S3141R07.jpg,S3021R07,S3141R07,unrelated
S3021R07.jpg,S3141R10.jpg,S3021R07,S3141R10,unrelated
S3021R07.jpg,S3141R04.jpg,S3021R07,S3141R04,unrelated
S3021R07.jpg,S3141R06.jpg,S3021R07,S3141R06,unrelated
S3021R07.jpg,S3142L03.jpg,S3021R07,S3142L03,unrelated
S3021R07.jpg,S3142L02.jpg,S3021R07,S3142L02,unrelated
S3021R07.jpg,S3142L04.jpg,S3021R07,S3142L04,unrelated
S3021R07.jpg,S3142L07.jpg,S3021R07,S3142L07,unrelated
S3021R07.jpg,S3142R08.jpg,S3021R07,S3142R08,unrelated
S3021R07.jpg,S3142R07.jpg,S3021R07,S3142R07,unrelated
S3021R07.jpg,S3142R10.jpg,S3021R07,S3142R10,unrelated
S3021R07.jpg,S3142R09.jpg,S3021R07,S3142R09,unrelated
S3021R07.jpg,S3121L03.jpg,S3021R07,S3121L03,unrelated
S3021R07.jpg,S3121L02.jpg,S3021R07,S3121L02,unrelated
S3021R07.jpg,S3121L01.jpg,S3021R07,S3121L01,unrelated
S3021R07.jpg,S3121R04.jpg,S3021R07,S3121R04,unrelated
S3021R07.jpg,S3121R02.jpg,S3021R07,S3121R02,unrelated
S3021R07.jpg,S3121R01.jpg,S3021R07,S3121R01,unrelated
S3021R07.jpg,S3121R08.jpg,S3021R07,S3121R08,unrelated
S3021R07.jpg,S3121R07.jpg,S3021R07,S3121R07,unrelated
S3021R07.jpg,S3122L09.jpg,S3021R07,S3122L09,unrelated
S3021R07.jpg,S3122L07.jpg,S3021R07,S3122L07,unrelated
S3021R07.jpg,S3122L10.jpg,S3021R07,S3122L10,unrelated
S3021R07.jpg,S3122L01.jpg,S3021R07,S3122L01,unrelated
S3021R07.jpg,S3122L05.jpg,S3021R07,S3122L05,unrelated
S3021R07.jpg,S3122R02.jpg,S3021R07,S3122R02,unrelated
S3021R07.jpg,S3122R04.jpg,S3021R07,S3122R04,unrelated
S3021R07.jpg,S3122R03.jpg,S3021R07,S3122R03,unrelated
S3021R07.jpg,S3122R01.jpg,S3021R07,S3122R01,unrelated
S3021R07.jpg,S3051L07.jpg,S3021R07,S3051L07,unrelated
S3021R07.jpg,S3051L08.jpg,S3021R07,S3051L08,unrelated
S3021R07.jpg,S3051L10.jpg,S3021R07,S3051L10,unrelated
S3021R07.jpg,S3051L06.jpg,S3021R07,S3051L06,unrelated
S3021R07.jpg,S3051R01.jpg,S3021R07,S3051R01,unrelated
S3021R07.jpg,S3051R03.jpg,S3021R07,S3051R03,unrelated
S3021R07.jpg,S3052L01.jpg,S3021R07,S3052L01,unrelated
S3021R07.jpg,S3052L02.jpg,S3021R07,S3052L02,unrelated
S3021R07.jpg,S3052L03.jpg,S3021R07,S3052L03,unrelated
S3021R07.jpg,S3052R01.jpg,S3021R07,S3052R01,unrelated
S3021R07.jpg,S3011L07.jpg,S3021R07,S3011L07,unrelated
S3021R07.jpg,S3011R01.jpg,S3021R07,S3011R01,unrelated
S3021R07.jpg,S3011R02.jpg,S3021R07,S3011R02,unrelated
S3021R07.jpg,S3012L07.jpg,S3021R07,S3012L07,unrelated
S3021R07.jpg,S3012L02.jpg,S3021R07,S3012L02,unrelated
S3021R07.jpg,S3012R07.jpg,S3021R07,S3012R07,unrelated
S3021R06.jpg,S3022L01.jpg,S3021R06,S3022L01,twin_cross_eye
S3021R06.jpg,S3022R01.jpg,S3021R06,S3022R01,twin_same_eye
S3021R06.jpg,S3022R02.jpg,S3021R06,S3022R02,twin_same_eye
S3021R06.jpg,S3101L08.jpg,S3021R06,S3101L08,unrelated
S3021R06.jpg,S3101L04.jpg,S3021R06,S3101L04,unrelated
S3021R06.jpg,S3101L02.jpg,S3021R06,S3101L02,unrelated
S3021R06.jpg,S3101L09.jpg,S3021R06,S3101L09,unrelated
S3021R06.jpg,S3101L10.jpg,S3021R06,S3101L10,unrelated
S3021R06.jpg,S3101R07.jpg,S3021R06,S3101R07,unrelated
S3021R06.jpg,S3101R04.jpg,S3021R06,S3101R04,unrelated
S3021R06.jpg,S3101R03.jpg,S3021R06,S3101R03,unrelated
S3021R06.jpg,S3101R02.jpg,S3021R06,S3101R02,unrelated
S3021R06.jpg,S3101R05.jpg,S3021R06,S3101R05,unrelated
S3021R06.jpg,S3102L10.jpg,S3021R06,S3102L10,unrelated
S3021R06.jpg,S3102L09.jpg,S3021R06,S3102L09,unrelated
S3021R06.jpg,S3102L01.jpg,S3021R06,S3102L01,unrelated
S3021R06.jpg,S3102L07.jpg,S3021R06,S3102L07,unrelated
S3021R06.jpg,S3102L06.jpg,S3021R06,S3102L06,unrelated
S3021R06.jpg,S3102R07.jpg,S3021R06,S3102R07,unrelated
S3021R06.jpg,S3102R08.jpg,S3021R06,S3102R08,unrelated
S3021R06.jpg,S3102R02.jpg,S3021R06,S3102R02,unrelated
S3021R06.jpg,S3102R06.jpg,S3021R06,S3102R06,unrelated
S3021R06.jpg,S3102R09.jpg,S3021R06,S3102R09,unrelated
S3021R06.jpg,S3151L06.jpg,S3021R06,S3151L06,unrelated
S3021R06.jpg,S3151L04.jpg,S3021R06,S3151L04,unrelated
S3021R06.jpg,S3151L03.jpg,S3021R06,S3151L03,unrelated
S3021R06.jpg,S3151L05.jpg,S3021R06,S3151L05,unrelated
S3021R06.jpg,S3151L07.jpg,S3021R06,S3151L07,unrelated
S3021R06.jpg,S3151R03.jpg,S3021R06,S3151R03,unrelated
S3021R06.jpg,S3151R01.jpg,S3021R06,S3151R01,unrelated
S3021R06.jpg,S3151R02.jpg,S3021R06,S3151R02,unrelated
S3021R06.jpg,S3152R04.jpg,S3021R06,S3152R04,unrelated
S3021R06.jpg,S3152R03.jpg,S3021R06,S3152R03,unrelated
S3021R06.jpg,S3152R02.jpg,S3021R06,S3152R02,unrelated
S3021R06.jpg,S3152R07.jpg,S3021R06,S3152R07,unrelated
S3021R06.jpg,S3181R04.jpg,S3021R06,S3181R04,unrelated
S3021R06.jpg,S3181R05.jpg,S3021R06,S3181R05,unrelated
S3021R06.jpg,S3182L01.jpg,S3021R06,S3182L01,unrelated
S3021R06.jpg,S3182R05.jpg,S3021R06,S3182R05,unrelated
S3021R06.jpg,S3182R06.jpg,S3021R06,S3182R06,unrelated
S3021R06.jpg,S3182R04.jpg,S3021R06,S3182R04,unrelated
S3021R06.jpg,S3182R03.jpg,S3021R06,S3182R03,unrelated
S3021R06.jpg,S3182R07.jpg,S3021R06,S3182R07,unrelated
S3021R06.jpg,S3141L03.jpg,S3021R06,S3141L03,unrelated
S3021R06.jpg,S3141R07.jpg,S3021R06,S3141R07,unrelated
S3021R06.jpg,S3141R10.jpg,S3021R06,S3141R10,unrelated
S3021R06.jpg,S3141R04.jpg,S3021R06,S3141R04,unrelated
S3021R06.jpg,S3141R06.jpg,S3021R06,S3141R06,unrelated
S3021R06.jpg,S3142L03.jpg,S3021R06,S3142L03,unrelated
S3021R06.jpg,S3142L02.jpg,S3021R06,S3142L02,unrelated
S3021R06.jpg,S3142L04.jpg,S3021R06,S3142L04,unrelated
S3021R06.jpg,S3142L07.jpg,S3021R06,S3142L07,unrelated
S3021R06.jpg,S3142R08.jpg,S3021R06,S3142R08,unrelated
S3021R06.jpg,S3142R07.jpg,S3021R06,S3142R07,unrelated
S3021R06.jpg,S3142R10.jpg,S3021R06,S3142R10,unrelated
S3021R06.jpg,S3142R09.jpg,S3021R06,S3142R09,unrelated
S3021R06.jpg,S3121L03.jpg,S3021R06,S3121L03,unrelated
S3021R06.jpg,S3121L02.jpg,S3021R06,S3121L02,unrelated
S3021R06.jpg,S3121L01.jpg,S3021R06,S3121L01,unrelated
S3021R06.jpg,S3121R04.jpg,S3021R06,S3121R04,unrelated
S3021R06.jpg,S3121R02.jpg,S3021R06,S3121R02,unrelated
S3021R06.jpg,S3121R01.jpg,S3021R06,S3121R01,unrelated
S3021R06.jpg,S3121R08.jpg,S3021R06,S3121R08,unrelated
S3021R06.jpg,S3121R07.jpg,S3021R06,S3121R07,unrelated
S3021R06.jpg,S3122L09.jpg,S3021R06,S3122L09,unrelated
S3021R06.jpg,S3122L07.jpg,S3021R06,S3122L07,unrelated
S3021R06.jpg,S3122L10.jpg,S3021R06,S3122L10,unrelated
S3021R06.jpg,S3122L01.jpg,S3021R06,S3122L01,unrelated
S3021R06.jpg,S3122L05.jpg,S3021R06,S3122L05,unrelated
S3021R06.jpg,S3122R02.jpg,S3021R06,S3122R02,unrelated
S3021R06.jpg,S3122R04.jpg,S3021R06,S3122R04,unrelated
S3021R06.jpg,S3122R03.jpg,S3021R06,S3122R03,unrelated
S3021R06.jpg,S3122R01.jpg,S3021R06,S3122R01,unrelated
S3021R06.jpg,S3051L07.jpg,S3021R06,S3051L07,unrelated
S3021R06.jpg,S3051L08.jpg,S3021R06,S3051L08,unrelated
S3021R06.jpg,S3051L10.jpg,S3021R06,S3051L10,unrelated
S3021R06.jpg,S3051L06.jpg,S3021R06,S3051L06,unrelated
S3021R06.jpg,S3051R01.jpg,S3021R06,S3051R01,unrelated
S3021R06.jpg,S3051R03.jpg,S3021R06,S3051R03,unrelated
S3021R06.jpg,S3052L01.jpg,S3021R06,S3052L01,unrelated
S3021R06.jpg,S3052L02.jpg,S3021R06,S3052L02,unrelated
S3021R06.jpg,S3052L03.jpg,S3021R06,S3052L03,unrelated
S3021R06.jpg,S3052R01.jpg,S3021R06,S3052R01,unrelated
S3021R06.jpg,S3011L07.jpg,S3021R06,S3011L07,unrelated
S3021R06.jpg,S3011R01.jpg,S3021R06,S3011R01,unrelated
S3021R06.jpg,S3011R02.jpg,S3021R06,S3011R02,unrelated
S3021R06.jpg,S3012L07.jpg,S3021R06,S3012L07,unrelated
S3021R06.jpg,S3012L02.jpg,S3021R06,S3012L02,unrelated
S3021R06.jpg,S3012R07.jpg,S3021R06,S3012R07,unrelated
S3022L01.jpg,S3022R01.jpg,S3022L01,S3022R01,same_subject_different_eye
S3022L01.jpg,S3022R02.jpg,S3022L01,S3022R02,same_subject_different_eye
S3022L01.jpg,S3101L08.jpg,S3022L01,S3101L08,unrelated
S3022L01.jpg,S3101L04.jpg,S3022L01,S3101L04,unrelated
S3022L01.jpg,S3101L02.jpg,S3022L01,S3101L02,unrelated
S3022L01.jpg,S3101L09.jpg,S3022L01,S3101L09,unrelated
S3022L01.jpg,S3101L10.jpg,S3022L01,S3101L10,unrelated
S3022L01.jpg,S3101R07.jpg,S3022L01,S3101R07,unrelated
S3022L01.jpg,S3101R04.jpg,S3022L01,S3101R04,unrelated
S3022L01.jpg,S3101R03.jpg,S3022L01,S3101R03,unrelated
S3022L01.jpg,S3101R02.jpg,S3022L01,S3101R02,unrelated
S3022L01.jpg,S3101R05.jpg,S3022L01,S3101R05,unrelated
S3022L01.jpg,S3102L10.jpg,S3022L01,S3102L10,unrelated
S3022L01.jpg,S3102L09.jpg,S3022L01,S3102L09,unrelated
S3022L01.jpg,S3102L01.jpg,S3022L01,S3102L01,unrelated
S3022L01.jpg,S3102L07.jpg,S3022L01,S3102L07,unrelated
S3022L01.jpg,S3102L06.jpg,S3022L01,S3102L06,unrelated
S3022L01.jpg,S3102R07.jpg,S3022L01,S3102R07,unrelated
S3022L01.jpg,S3102R08.jpg,S3022L01,S3102R08,unrelated
S3022L01.jpg,S3102R02.jpg,S3022L01,S3102R02,unrelated
S3022L01.jpg,S3102R06.jpg,S3022L01,S3102R06,unrelated
S3022L01.jpg,S3102R09.jpg,S3022L01,S3102R09,unrelated
S3022L01.jpg,S3151L06.jpg,S3022L01,S3151L06,unrelated
S3022L01.jpg,S3151L04.jpg,S3022L01,S3151L04,unrelated
S3022L01.jpg,S3151L03.jpg,S3022L01,S3151L03,unrelated
S3022L01.jpg,S3151L05.jpg,S3022L01,S3151L05,unrelated
S3022L01.jpg,S3151L07.jpg,S3022L01,S3151L07,unrelated
S3022L01.jpg,S3151R03.jpg,S3022L01,S3151R03,unrelated
S3022L01.jpg,S3151R01.jpg,S3022L01,S3151R01,unrelated
S3022L01.jpg,S3151R02.jpg,S3022L01,S3151R02,unrelated
S3022L01.jpg,S3152R04.jpg,S3022L01,S3152R04,unrelated
S3022L01.jpg,S3152R03.jpg,S3022L01,S3152R03,unrelated
S3022L01.jpg,S3152R02.jpg,S3022L01,S3152R02,unrelated
S3022L01.jpg,S3152R07.jpg,S3022L01,S3152R07,unrelated
S3022L01.jpg,S3181R04.jpg,S3022L01,S3181R04,unrelated
S3022L01.jpg,S3181R05.jpg,S3022L01,S3181R05,unrelated
S3022L01.jpg,S3182L01.jpg,S3022L01,S3182L01,unrelated
S3022L01.jpg,S3182R05.jpg,S3022L01,S3182R05,unrelated
S3022L01.jpg,S3182R06.jpg,S3022L01,S3182R06,unrelated
S3022L01.jpg,S3182R04.jpg,S3022L01,S3182R04,unrelated
S3022L01.jpg,S3182R03.jpg,S3022L01,S3182R03,unrelated
S3022L01.jpg,S3182R07.jpg,S3022L01,S3182R07,unrelated
S3022L01.jpg,S3141L03.jpg,S3022L01,S3141L03,unrelated
S3022L01.jpg,S3141R07.jpg,S3022L01,S3141R07,unrelated
S3022L01.jpg,S3141R10.jpg,S3022L01,S3141R10,unrelated
S3022L01.jpg,S3141R04.jpg,S3022L01,S3141R04,unrelated
S3022L01.jpg,S3141R06.jpg,S3022L01,S3141R06,unrelated
S3022L01.jpg,S3142L03.jpg,S3022L01,S3142L03,unrelated
S3022L01.jpg,S3142L02.jpg,S3022L01,S3142L02,unrelated
S3022L01.jpg,S3142L04.jpg,S3022L01,S3142L04,unrelated
S3022L01.jpg,S3142L07.jpg,S3022L01,S3142L07,unrelated
S3022L01.jpg,S3142R08.jpg,S3022L01,S3142R08,unrelated
S3022L01.jpg,S3142R07.jpg,S3022L01,S3142R07,unrelated
S3022L01.jpg,S3142R10.jpg,S3022L01,S3142R10,unrelated
S3022L01.jpg,S3142R09.jpg,S3022L01,S3142R09,unrelated
S3022L01.jpg,S3121L03.jpg,S3022L01,S3121L03,unrelated
S3022L01.jpg,S3121L02.jpg,S3022L01,S3121L02,unrelated
S3022L01.jpg,S3121L01.jpg,S3022L01,S3121L01,unrelated
S3022L01.jpg,S3121R04.jpg,S3022L01,S3121R04,unrelated
S3022L01.jpg,S3121R02.jpg,S3022L01,S3121R02,unrelated
S3022L01.jpg,S3121R01.jpg,S3022L01,S3121R01,unrelated
S3022L01.jpg,S3121R08.jpg,S3022L01,S3121R08,unrelated
S3022L01.jpg,S3121R07.jpg,S3022L01,S3121R07,unrelated
S3022L01.jpg,S3122L09.jpg,S3022L01,S3122L09,unrelated
S3022L01.jpg,S3122L07.jpg,S3022L01,S3122L07,unrelated
S3022L01.jpg,S3122L10.jpg,S3022L01,S3122L10,unrelated
S3022L01.jpg,S3122L01.jpg,S3022L01,S3122L01,unrelated
S3022L01.jpg,S3122L05.jpg,S3022L01,S3122L05,unrelated
S3022L01.jpg,S3122R02.jpg,S3022L01,S3122R02,unrelated
S3022L01.jpg,S3122R04.jpg,S3022L01,S3122R04,unrelated
S3022L01.jpg,S3122R03.jpg,S3022L01,S3122R03,unrelated
S3022L01.jpg,S3122R01.jpg,S3022L01,S3122R01,unrelated
S3022L01.jpg,S3051L07.jpg,S3022L01,S3051L07,unrelated
S3022L01.jpg,S3051L08.jpg,S3022L01,S3051L08,unrelated
S3022L01.jpg,S3051L10.jpg,S3022L01,S3051L10,unrelated
S3022L01.jpg,S3051L06.jpg,S3022L01,S3051L06,unrelated
S3022L01.jpg,S3051R01.jpg,S3022L01,S3051R01,unrelated
S3022L01.jpg,S3051R03.jpg,S3022L01,S3051R03,unrelated
S3022L01.jpg,S3052L01.jpg,S3022L01,S3052L01,unrelated
S3022L01.jpg,S3052L02.jpg,S3022L01,S3052L02,unrelated
S3022L01.jpg,S3052L03.jpg,S3022L01,S3052L03,unrelated
S3022L01.jpg,S3052R01.jpg,S3022L01,S3052R01,unrelated
S3022L01.jpg,S3011L07.jpg,S3022L01,S3011L07,unrelated
S3022L01.jpg,S3011R01.jpg,S3022L01,S3011R01,unrelated
S3022L01.jpg,S3011R02.jpg,S3022L01,S3011R02,unrelated
S3022L01.jpg,S3012L07.jpg,S3022L01,S3012L07,unrelated
S3022L01.jpg,S3012L02.jpg,S3022L01,S3012L02,unrelated
S3022L01.jpg,S3012R07.jpg,S3022L01,S3012R07,unrelated
S3022R01.jpg,S3022R02.jpg,S3022R01,S3022R02,genuine
S3022R01.jpg,S3101L08.jpg,S3022R01,S3101L08,unrelated
S3022R01.jpg,S3101L04.jpg,S3022R01,S3101L04,unrelated
S3022R01.jpg,S3101L02.jpg,S3022R01,S3101L02,unrelated
S3022R01.jpg,S3101L09.jpg,S3022R01,S3101L09,unrelated
S3022R01.jpg,S3101L10.jpg,S3022R01,S3101L10,unrelated
S3022R01.jpg,S3101R07.jpg,S3022R01,S3101R07,unrelated
S3022R01.jpg,S3101R04.jpg,S3022R01,S3101R04,unrelated
S3022R01.jpg,S3101R03.jpg,S3022R01,S3101R03,unrelated
S3022R01.jpg,S3101R02.jpg,S3022R01,S3101R02,unrelated
S3022R01.jpg,S3101R05.jpg,S3022R01,S3101R05,unrelated
S3022R01.jpg,S3102L10.jpg,S3022R01,S3102L10,unrelated
S3022R01.jpg,S3102L09.jpg,S3022R01,S3102L09,unrelated
S3022R01.jpg,S3102L01.jpg,S3022R01,S3102L01,unrelated
S3022R01.jpg,S3102L07.jpg,S3022R01,S3102L07,unrelated
S3022R01.jpg,S3102L06.jpg,S3022R01,S3102L06,unrelated
S3022R01.jpg,S3102R07.jpg,S3022R01,S3102R07,unrelated
S3022R01.jpg,S3102R08.jpg,S3022R01,S3102R08,unrelated
S3022R01.jpg,S3102R02.jpg,S3022R01,S3102R02,unrelated
S3022R01.jpg,S3102R06.jpg,S3022R01,S3102R06,unrelated
S3022R01.jpg,S3102R09.jpg,S3022R01,S3102R09,unrelated
S3022R01.jpg,S3151L06.jpg,S3022R01,S3151L06,unrelated
S3022R01.jpg,S3151L04.jpg,S3022R01,S3151L04,unrelated
S3022R01.jpg,S3151L03.jpg,S3022R01,S3151L03,unrelated
S3022R01.jpg,S3151L05.jpg,S3022R01,S3151L05,unrelated
S3022R01.jpg,S3151L07.jpg,S3022R01,S3151L07,unrelated
S3022R01.jpg,S3151R03.jpg,S3022R01,S3151R03,unrelated
S3022R01.jpg,S3151R01.jpg,S3022R01,S3151R01,unrelated
S3022R01.jpg,S3151R02.jpg,S3022R01,S3151R02,unrelated
S3022R01.jpg,S3152R04.jpg,S3022R01,S3152R04,unrelated
S3022R01.jpg,S3152R03.jpg,S3022R01,S3152R03,unrelated
S3022R01.jpg,S3152R02.jpg,S3022R01,S3152R02,unrelated
S3022R01.jpg,S3152R07.jpg,S3022R01,S3152R07,unrelated
S3022R01.jpg,S3181R04.jpg,S3022R01,S3181R04,unrelated
S3022R01.jpg,S3181R05.jpg,S3022R01,S3181R05,unrelated
S3022R01.jpg,S3182L01.jpg,S3022R01,S3182L01,unrelated
S3022R01.jpg,S3182R05.jpg,S3022R01,S3182R05,unrelated
S3022R01.jpg,S3182R06.jpg,S3022R01,S3182R06,unrelated
S3022R01.jpg,S3182R04.jpg,S3022R01,S3182R04,unrelated
S3022R01.jpg,S3182R03.jpg,S3022R01,S3182R03,unrelated
S3022R01.jpg,S3182R07.jpg,S3022R01,S3182R07,unrelated
S3022R01.jpg,S3141L03.jpg,S3022R01,S3141L03,unrelated
S3022R01.jpg,S3141R07.jpg,S3022R01,S3141R07,unrelated
S3022R01.jpg,S3141R10.jpg,S3022R01,S3141R10,unrelated
S3022R01.jpg,S3141R04.jpg,S3022R01,S3141R04,unrelated
S3022R01.jpg,S3141R06.jpg,S3022R01,S3141R06,unrelated
S3022R01.jpg,S3142L03.jpg,S3022R01,S3142L03,unrelated
S3022R01.jpg,S3142L02.jpg,S3022R01,S3142L02,unrelated
S3022R01.jpg,S3142L04.jpg,S3022R01,S3142L04,unrelated
S3022R01.jpg,S3142L07.jpg,S3022R01,S3142L07,unrelated
S3022R01.jpg,S3142R08.jpg,S3022R01,S3142R08,unrelated
S3022R01.jpg,S3142R07.jpg,S3022R01,S3142R07,unrelated
S3022R01.jpg,S3142R10.jpg,S3022R01,S3142R10,unrelated
S3022R01.jpg,S3142R09.jpg,S3022R01,S3142R09,unrelated
S3022R01.jpg,S3121L03.jpg,S3022R01,S3121L03,unrelated
S3022R01.jpg,S3121L02.jpg,S3022R01,S3121L02,unrelated
S3022R01.jpg,S3121L01.jpg,S3022R01,S3121L01,unrelated
S3022R01.jpg,S3121R04.jpg,S3022R01,S3121R04,unrelated
S3022R01.jpg,S3121R02.jpg,S3022R01,S3121R02,unrelated
S3022R01.jpg,S3121R01.jpg,S3022R01,S3121R01,unrelated
S3022R01.jpg,S3121R08.jpg,S3022R01,S3121R08,unrelated
S3022R01.jpg,S3121R07.jpg,S3022R01,S3121R07,unrelated
S3022R01.jpg,S3122L09.jpg,S3022R01,S3122L09,unrelated
S3022R01.jpg,S3122L07.jpg,S3022R01,S3122L07,unrelated
S3022R01.jpg,S3122L10.jpg,S3022R01,S3122L10,unrelated
S3022R01.jpg,S3122L01.jpg,S3022R01,S3122L01,unrelated
S3022R01.jpg,S3122L05.jpg,S3022R01,S3122L05,unrelated
S3022R01.jpg,S3122R02.jpg,S3022R01,S3122R02,unrelated
S3022R01.jpg,S3122R04.jpg,S3022R01,S3122R04,unrelated
S3022R01.jpg,S3122R03.jpg,S3022R01,S3122R03,unrelated
S3022R01.jpg,S3122R01.jpg,S3022R01,S3122R01,unrelated
S3022R01.jpg,S3051L07.jpg,S3022R01,S3051L07,unrelated
S3022R01.jpg,S3051L08.jpg,S3022R01,S3051L08,unrelated
S3022R01.jpg,S3051L10.jpg,S3022R01,S3051L10,unrelated
S3022R01.jpg,S3051L06.jpg,S3022R01,S3051L06,unrelated
S3022R01.jpg,S3051R01.jpg,S3022R01,S3051R01,unrelated
S3022R01.jpg,S3051R03.jpg,S3022R01,S3051R03,unrelated
S3022R01.jpg,S3052L01.jpg,S3022R01,S3052L01,unrelated
S3022R01.jpg,S3052L02.jpg,S3022R01,S3052L02,unrelated
S3022R01.jpg,S3052L03.jpg,S3022R01,S3052L03,unrelated
S3022R01.jpg,S3052R01.jpg,S3022R01,S3052R01,unrelated
S3022R01.jpg,S3011L07.jpg,S3022R01,S3011L07,unrelated
S3022R01.jpg,S3011R01.jpg,S3022R01,S3011R01,unrelated
S3022R01.jpg,S3011R02.jpg,S3022R01,S3011R02,unrelated
S3022R01.jpg,S3012L07.jpg,S3022R01,S3012L07,unrelated
S3022R01.jpg,S3012L02.jpg,S3022R01,S3012L02,unrelated
S3022R01.jpg,S3012R07.jpg,S3022R01,S3012R07,unrelated
S3022R02.jpg,S3101L08.jpg,S3022R02,S3101L08,unrelated
S3022R02.jpg,S3101L04.jpg,S3022R02,S3101L04,unrelated
S3022R02.jpg,S3101L02.jpg,S3022R02,S3101L02,unrelated
S3022R02.jpg,S3101L09.jpg,S3022R02,S3101L09,unrelated
S3022R02.jpg,S3101L10.jpg,S3022R02,S3101L10,unrelated
S3022R02.jpg,S3101R07.jpg,S3022R02,S3101R07,unrelated
S3022R02.jpg,S3101R04.jpg,S3022R02,S3101R04,unrelated
S3022R02.jpg,S3101R03.jpg,S3022R02,S3101R03,unrelated
S3022R02.jpg,S3101R02.jpg,S3022R02,S3101R02,unrelated
S3022R02.jpg,S3101R05.jpg,S3022R02,S3101R05,unrelated
S3022R02.jpg,S3102L10.jpg,S3022R02,S3102L10,unrelated
S3022R02.jpg,S3102L09.jpg,S3022R02,S3102L09,unrelated
S3022R02.jpg,S3102L01.jpg,S3022R02,S3102L01,unrelated
S3022R02.jpg,S3102L07.jpg,S3022R02,S3102L07,unrelated
S3022R02.jpg,S3102L06.jpg,S3022R02,S3102L06,unrelated
S3022R02.jpg,S3102R07.jpg,S3022R02,S3102R07,unrelated
S3022R02.jpg,S3102R08.jpg,S3022R02,S3102R08,unrelated
S3022R02.jpg,S3102R02.jpg,S3022R02,S3102R02,unrelated
S3022R02.jpg,S3102R06.jpg,S3022R02,S3102R06,unrelated
S3022R02.jpg,S3102R09.jpg,S3022R02,S3102R09,unrelated
S3022R02.jpg,S3151L06.jpg,S3022R02,S3151L06,unrelated
S3022R02.jpg,S3151L04.jpg,S3022R02,S3151L04,unrelated
S3022R02.jpg,S3151L03.jpg,S3022R02,S3151L03,unrelated
S3022R02.jpg,S3151L05.jpg,S3022R02,S3151L05,unrelated
S3022R02.jpg,S3151L07.jpg,S3022R02,S3151L07,unrelated
S3022R02.jpg,S3151R03.jpg,S3022R02,S3151R03,unrelated
S3022R02.jpg,S3151R01.jpg,S3022R02,S3151R01,unrelated
S3022R02.jpg,S3151R02.jpg,S3022R02,S3151R02,unrelated
S3022R02.jpg,S3152R04.jpg,S3022R02,S3152R04,unrelated
S3022R02.jpg,S3152R03.jpg,S3022R02,S3152R03,unrelated
S3022R02.jpg,S3152R02.jpg,S3022R02,S3152R02,unrelated
S3022R02.jpg,S3152R07.jpg,S3022R02,S3152R07,unrelated
S3022R02.jpg,S3181R04.jpg,S3022R02,S3181R04,unrelated
S3022R02.jpg,S3181R05.jpg,S3022R02,S3181R05,unrelated
S3022R02.jpg,S3182L01.jpg,S3022R02,S3182L01,unrelated
S3022R02.jpg,S3182R05.jpg,S3022R02,S3182R05,unrelated
S3022R02.jpg,S3182R06.jpg,S3022R02,S3182R06,unrelated
S3022R02.jpg,S3182R04.jpg,S3022R02,S3182R04,unrelated
S3022R02.jpg,S3182R03.jpg,S3022R02,S3182R03,unrelated
S3022R02.jpg,S3182R07.jpg,S3022R02,S3182R07,unrelated
S3022R02.jpg,S3141L03.jpg,S3022R02,S3141L03,unrelated
S3022R02.jpg,S3141R07.jpg,S3022R02,S3141R07,unrelated
S3022R02.jpg,S3141R10.jpg,S3022R02,S3141R10,unrelated
S3022R02.jpg,S3141R04.jpg,S3022R02,S3141R04,unrelated
S3022R02.jpg,S3141R06.jpg,S3022R02,S3141R06,unrelated
S3022R02.jpg,S3142L03.jpg,S3022R02,S3142L03,unrelated
S3022R02.jpg,S3142L02.jpg,S3022R02,S3142L02,unrelated
S3022R02.jpg,S3142L04.jpg,S3022R02,S3142L04,unrelated
S3022R02.jpg,S3142L07.jpg,S3022R02,S3142L07,unrelated
S3022R02.jpg,S3142R08.jpg,S3022R02,S3142R08,unrelated
S3022R02.jpg,S3142R07.jpg,S3022R02,S3142R07,unrelated
S3022R02.jpg,S3142R10.jpg,S3022R02,S3142R10,unrelated
S3022R02.jpg,S3142R09.jpg,S3022R02,S3142R09,unrelated
S3022R02.jpg,S3121L03.jpg,S3022R02,S3121L03,unrelated
S3022R02.jpg,S3121L02.jpg,S3022R02,S3121L02,unrelated
S3022R02.jpg,S3121L01.jpg,S3022R02,S3121L01,unrelated
S3022R02.jpg,S3121R04.jpg,S3022R02,S3121R04,unrelated
S3022R02.jpg,S3121R02.jpg,S3022R02,S3121R02,unrelated
S3022R02.jpg,S3121R01.jpg,S3022R02,S3121R01,unrelated
S3022R02.jpg,S3121R08.jpg,S3022R02,S3121R08,unrelated
S3022R02.jpg,S3121R07.jpg,S3022R02,S3121R07,unrelated
S3022R02.jpg,S3122L09.jpg,S3022R02,S3122L09,unrelated
S3022R02.jpg,S3122L07.jpg,S3022R02,S3122L07,unrelated
S3022R02.jpg,S3122L10.jpg,S3022R02,S3122L10,unrelated
S3022R02.jpg,S3122L01.jpg,S3022R02,S3122L01,unrelated
S3022R02.jpg,S3122L05.jpg,S3022R02,S3122L05,unrelated
S3022R02.jpg,S3122R02.jpg,S3022R02,S3122R02,unrelated
S3022R02.jpg,S3122R04.jpg,S3022R02,S3122R04,unrelated
S3022R02.jpg,S3122R03.jpg,S3022R02,S3122R03,unrelated
S3022R02.jpg,S3122R01.jpg,S3022R02,S3122R01,unrelated
S3022R02.jpg,S3051L07.jpg,S3022R02,S3051L07,unrelated
S3022R02.jpg,S3051L08.jpg,S3022R02,S3051L08,unrelated
S3022R02.jpg,S3051L10.jpg,S3022R02,S3051L10,unrelated
S3022R02.jpg,S3051L06.jpg,S3022R02,S3051L06,unrelated
S3022R02.jpg,S3051R01.jpg,S3022R02,S3051R01,unrelated
S3022R02.jpg,S3051R03.jpg,S3022R02,S3051R03,unrelated
S3022R02.jpg,S3052L01.jpg,S3022R02,S3052L01,unrelated
S3022R02.jpg,S3052L02.jpg,S3022R02,S3052L02,unrelated
S3022R02.jpg,S3052L03.jpg,S3022R02,S3052L03,unrelated
S3022R02.jpg,S3052R01.jpg,S3022R02,S3052R01,unrelated
S3022R02.jpg,S3011L07.jpg,S3022R02,S3011L07,unrelated
S3022R02.jpg,S3011R01.jpg,S3022R02,S3011R01,unrelated
S3022R02.jpg,S3011R02.jpg,S3022R02,S3011R02,unrelated
S3022R02.jpg,S3012L07.jpg,S3022R02,S3012L07,unrelated
S3022R02.jpg,S3012L02.jpg,S3022R02,S3012L02,unrelated
S3022R02.jpg,S3012R07.jpg,S3022R02,S3012R07,unrelated
S3101L08.jpg,S3101L04.jpg,S3101L08,S3101L04,genuine
S3101L08.jpg,S3101L02.jpg,S3101L08,S3101L02,genuine
S3101L08.jpg,S3101L09.jpg,S3101L08,S3101L09,genuine
S3101L08.jpg,S3101L10.jpg,S3101L08,S3101L10,genuine
S3101L08.jpg,S3101R07.jpg,S3101L08,S3101R07,same_subject_different_eye
S3101L08.jpg,S3101R04.jpg,S3101L08,S3101R04,same_subject_different_eye
S3101L08.jpg,S3101R03.jpg,S3101L08,S3101R03,same_subject_different_eye
S3101L08.jpg,S3101R02.jpg,S3101L08,S3101R02,same_subject_different_eye
S3101L08.jpg,S3101R05.jpg,S3101L08,S3101R05,same_subject_different_eye
S3101L08.jpg,S3102L10.jpg,S3101L08,S3102L10,twin_same_eye
S3101L08.jpg,S3102L09.jpg,S3101L08,S3102L09,twin_same_eye
S3101L08.jpg,S3102L01.jpg,S3101L08,S3102L01,twin_same_eye
S3101L08.jpg,S3102L07.jpg,S3101L08,S3102L07,twin_same_eye
S3101L08.jpg,S3102L06.jpg,S3101L08,S3102L06,twin_same_eye
S3101L08.jpg,S3102R07.jpg,S3101L08,S3102R07,twin_cross_eye
S3101L08.jpg,S3102R08.jpg,S3101L08,S3102R08,twin_cross_eye
S3101L08.jpg,S3102R02.jpg,S3101L08,S3102R02,twin_cross_eye
S3101L08.jpg,S3102R06.jpg,S3101L08,S3102R06,twin_cross_eye
S3101L08.jpg,S3102R09.jpg,S3101L08,S3102R09,twin_cross_eye
S3101L08.jpg,S3151L06.jpg,S3101L08,S3151L06,unrelated
S3101L08.jpg,S3151L04.jpg,S3101L08,S3151L04,unrelated
S3101L08.jpg,S3151L03.jpg,S3101L08,S3151L03,unrelated
S3101L08.jpg,S3151L05.jpg,S3101L08,S3151L05,unrelated
S3101L08.jpg,S3151L07.jpg,S3101L08,S3151L07,unrelated
S3101L08.jpg,S3151R03.jpg,S3101L08,S3151R03,unrelated
S3101L08.jpg,S3151R01.jpg,S3101L08,S3151R01,unrelated
S3101L08.jpg,S3151R02.jpg,S3101L08,S3151R02,unrelated
S3101L08.jpg,S3152R04.jpg,S3101L08,S3152R04,unrelated
S3101L08.jpg,S3152R03.jpg,S3101L08,S3152R03,unrelated
S3101L08.jpg,S3152R02.jpg,S3101L08,S3152R02,unrelated
S3101L08.jpg,S3152R07.jpg,S3101L08,S3152R07,unrelated
S3101L08.jpg,S3181R04.jpg,S3101L08,S3181R04,unrelated
S3101L08.jpg,S3181R05.jpg,S3101L08,S3181R05,unrelated
S3101L08.jpg,S3182L01.jpg,S3101L08,S3182L01,unrelated
S3101L08.jpg,S3182R05.jpg,S3101L08,S3182R05,unrelated
S3101L08.jpg,S3182R06.jpg,S3101L08,S3182R06,unrelated
S3101L08.jpg,S3182R04.jpg,S3101L08,S3182R04,unrelated
S3101L08.jpg,S3182R03.jpg,S3101L08,S3182R03,unrelated
S3101L08.jpg,S3182R07.jpg,S3101L08,S3182R07,unrelated
S3101L08.jpg,S3141L03.jpg,S3101L08,S3141L03,unrelated
S3101L08.jpg,S3141R07.jpg,S3101L08,S3141R07,unrelated
S3101L08.jpg,S3141R10.jpg,S3101L08,S3141R10,unrelated
S3101L08.jpg,S3141R04.jpg,S3101L08,S3141R04,unrelated
S3101L08.jpg,S3141R06.jpg,S3101L08,S3141R06,unrelated
S3101L08.jpg,S3142L03.jpg,S3101L08,S3142L03,unrelated
S3101L08.jpg,S3142L02.jpg,S3101L08,S3142L02,unrelated
S3101L08.jpg,S3142L04.jpg,S3101L08,S3142L04,unrelated
S3101L08.jpg,S3142L07.jpg,S3101L08,S3142L07,unrelated
S3101L08.jpg,S3142R08.jpg,S3101L08,S3142R08,unrelated
S3101L08.jpg,S3142R07.jpg,S3101L08,S3142R07,unrelated
S3101L08.jpg,S3142R10.jpg,S3101L08,S3142R10,unrelated
S3101L08.jpg,S3142R09.jpg,S3101L08,S3142R09,unrelated
S3101L08.jpg,S3121L03.jpg,S3101L08,S3121L03,unrelated
S3101L08.jpg,S3121L02.jpg,S3101L08,S3121L02,unrelated
S3101L08.jpg,S3121L01.jpg,S3101L08,S3121L01,unrelated
S3101L08.jpg,S3121R04.jpg,S3101L08,S3121R04,unrelated
S3101L08.jpg,S3121R02.jpg,S3101L08,S3121R02,unrelated
S3101L08.jpg,S3121R01.jpg,S3101L08,S3121R01,unrelated
S3101L08.jpg,S3121R08.jpg,S3101L08,S3121R08,unrelated
S3101L08.jpg,S3121R07.jpg,S3101L08,S3121R07,unrelated
S3101L08.jpg,S3122L09.jpg,S3101L08,S3122L09,unrelated
S3101L08.jpg,S3122L07.jpg,S3101L08,S3122L07,unrelated
S3101L08.jpg,S3122L10.jpg,S3101L08,S3122L10,unrelated
S3101L08.jpg,S3122L01.jpg,S3101L08,S3122L01,unrelated
S3101L08.jpg,S3122L05.jpg,S3101L08,S3122L05,unrelated
S3101L08.jpg,S3122R02.jpg,S3101L08,S3122R02,unrelated
S3101L08.jpg,S3122R04.jpg,S3101L08,S3122R04,unrelated
S3101L08.jpg,S3122R03.jpg,S3101L08,S3122R03,unrelated
S3101L08.jpg,S3122R01.jpg,S3101L08,S3122R01,unrelated
S3101L08.jpg,S3051L07.jpg,S3101L08,S3051L07,unrelated
S3101L08.jpg,S3051L08.jpg,S3101L08,S3051L08,unrelated
S3101L08.jpg,S3051L10.jpg,S3101L08,S3051L10,unrelated
S3101L08.jpg,S3051L06.jpg,S3101L08,S3051L06,unrelated
S3101L08.jpg,S3051R01.jpg,S3101L08,S3051R01,unrelated
S3101L08.jpg,S3051R03.jpg,S3101L08,S3051R03,unrelated
S3101L08.jpg,S3052L01.jpg,S3101L08,S3052L01,unrelated
S3101L08.jpg,S3052L02.jpg,S3101L08,S3052L02,unrelated
S3101L08.jpg,S3052L03.jpg,S3101L08,S3052L03,unrelated
S3101L08.jpg,S3052R01.jpg,S3101L08,S3052R01,unrelated
S3101L08.jpg,S3011L07.jpg,S3101L08,S3011L07,unrelated
S3101L08.jpg,S3011R01.jpg,S3101L08,S3011R01,unrelated
S3101L08.jpg,S3011R02.jpg,S3101L08,S3011R02,unrelated
S3101L08.jpg,S3012L07.jpg,S3101L08,S3012L07,unrelated
S3101L08.jpg,S3012L02.jpg,S3101L08,S3012L02,unrelated
S3101L08.jpg,S3012R07.jpg,S3101L08,S3012R07,unrelated
S3101L04.jpg,S3101L02.jpg,S3101L04,S3101L02,genuine
S3101L04.jpg,S3101L09.jpg,S3101L04,S3101L09,genuine
S3101L04.jpg,S3101L10.jpg,S3101L04,S3101L10,genuine
S3101L04.jpg,S3101R07.jpg,S3101L04,S3101R07,same_subject_different_eye
S3101L04.jpg,S3101R04.jpg,S3101L04,S3101R04,same_subject_different_eye
S3101L04.jpg,S3101R03.jpg,S3101L04,S3101R03,same_subject_different_eye
S3101L04.jpg,S3101R02.jpg,S3101L04,S3101R02,same_subject_different_eye
S3101L04.jpg,S3101R05.jpg,S3101L04,S3101R05,same_subject_different_eye
S3101L04.jpg,S3102L10.jpg,S3101L04,S3102L10,twin_same_eye
S3101L04.jpg,S3102L09.jpg,S3101L04,S3102L09,twin_same_eye
S3101L04.jpg,S3102L01.jpg,S3101L04,S3102L01,twin_same_eye
S3101L04.jpg,S3102L07.jpg,S3101L04,S3102L07,twin_same_eye
S3101L04.jpg,S3102L06.jpg,S3101L04,S3102L06,twin_same_eye
S3101L04.jpg,S3102R07.jpg,S3101L04,S3102R07,twin_cross_eye
S3101L04.jpg,S3102R08.jpg,S3101L04,S3102R08,twin_cross_eye
S3101L04.jpg,S3102R02.jpg,S3101L04,S3102R02,twin_cross_eye
S3101L04.jpg,S3102R06.jpg,S3101L04,S3102R06,twin_cross_eye
S3101L04.jpg,S3102R09.jpg,S3101L04,S3102R09,twin_cross_eye
S3101L04.jpg,S3151L06.jpg,S3101L04,S3151L06,unrelated
S3101L04.jpg,S3151L04.jpg,S3101L04,S3151L04,unrelated
S3101L04.jpg,S3151L03.jpg,S3101L04,S3151L03,unrelated
S3101L04.jpg,S3151L05.jpg,S3101L04,S3151L05,unrelated
S3101L04.jpg,S3151L07.jpg,S3101L04,S3151L07,unrelated
S3101L04.jpg,S3151R03.jpg,S3101L04,S3151R03,unrelated
S3101L04.jpg,S3151R01.jpg,S3101L04,S3151R01,unrelated
S3101L04.jpg,S3151R02.jpg,S3101L04,S3151R02,unrelated
S3101L04.jpg,S3152R04.jpg,S3101L04,S3152R04,unrelated
S3101L04.jpg,S3152R03.jpg,S3101L04,S3152R03,unrelated
S3101L04.jpg,S3152R02.jpg,S3101L04,S3152R02,unrelated
S3101L04.jpg,S3152R07.jpg,S3101L04,S3152R07,unrelated
S3101L04.jpg,S3181R04.jpg,S3101L04,S3181R04,unrelated
S3101L04.jpg,S3181R05.jpg,S3101L04,S3181R05,unrelated
S3101L04.jpg,S3182L01.jpg,S3101L04,S3182L01,unrelated
S3101L04.jpg,S3182R05.jpg,S3101L04,S3182R05,unrelated
S3101L04.jpg,S3182R06.jpg,S3101L04,S3182R06,unrelated
S3101L04.jpg,S3182R04.jpg,S3101L04,S3182R04,unrelated
S3101L04.jpg,S3182R03.jpg,S3101L04,S3182R03,unrelated
S3101L04.jpg,S3182R07.jpg,S3101L04,S3182R07,unrelated
S3101L04.jpg,S3141L03.jpg,S3101L04,S3141L03,unrelated
S3101L04.jpg,S3141R07.jpg,S3101L04,S3141R07,unrelated
S3101L04.jpg,S3141R10.jpg,S3101L04,S3141R10,unrelated
S3101L04.jpg,S3141R04.jpg,S3101L04,S3141R04,unrelated
S3101L04.jpg,S3141R06.jpg,S3101L04,S3141R06,unrelated
S3101L04.jpg,S3142L03.jpg,S3101L04,S3142L03,unrelated
S3101L04.jpg,S3142L02.jpg,S3101L04,S3142L02,unrelated
S3101L04.jpg,S3142L04.jpg,S3101L04,S3142L04,unrelated
S3101L04.jpg,S3142L07.jpg,S3101L04,S3142L07,unrelated
S3101L04.jpg,S3142R08.jpg,S3101L04,S3142R08,unrelated
S3101L04.jpg,S3142R07.jpg,S3101L04,S3142R07,unrelated
S3101L04.jpg,S3142R10.jpg,S3101L04,S3142R10,unrelated
S3101L04.jpg,S3142R09.jpg,S3101L04,S3142R09,unrelated
S3101L04.jpg,S3121L03.jpg,S3101L04,S3121L03,unrelated
S3101L04.jpg,S3121L02.jpg,S3101L04,S3121L02,unrelated
S3101L04.jpg,S3121L01.jpg,S3101L04,S3121L01,unrelated
S3101L04.jpg,S3121R04.jpg,S3101L04,S3121R04,unrelated
S3101L04.jpg,S3121R02.jpg,S3101L04,S3121R02,unrelated
S3101L04.jpg,S3121R01.jpg,S3101L04,S3121R01,unrelated
S3101L04.jpg,S3121R08.jpg,S3101L04,S3121R08,unrelated
S3101L04.jpg,S3121R07.jpg,S3101L04,S3121R07,unrelated
S3101L04.jpg,S3122L09.jpg,S3101L04,S3122L09,unrelated
S3101L04.jpg,S3122L07.jpg,S3101L04,S3122L07,unrelated
S3101L04.jpg,S3122L10.jpg,S3101L04,S3122L10,unrelated
S3101L04.jpg,S3122L01.jpg,S3101L04,S3122L01,unrelated
S3101L04.jpg,S3122L05.jpg,S3101L04,S3122L05,unrelated
S3101L04.jpg,S3122R02.jpg,S3101L04,S3122R02,unrelated
S3101L04.jpg,S3122R04.jpg,S3101L04,S3122R04,unrelated
S3101L04.jpg,S3122R03.jpg,S3101L04,S3122R03,unrelated
S3101L04.jpg,S3122R01.jpg,S3101L04,S3122R01,unrelated
S3101L04.jpg,S3051L07.jpg,S3101L04,S3051L07,unrelated
S3101L04.jpg,S3051L08.jpg,S3101L04,S3051L08,unrelated
S3101L04.jpg,S3051L10.jpg,S3101L04,S3051L10,unrelated
S3101L04.jpg,S3051L06.jpg,S3101L04,S3051L06,unrelated
S3101L04.jpg,S3051R01.jpg,S3101L04,S3051R01,unrelated
S3101L04.jpg,S3051R03.jpg,S3101L04,S3051R03,unrelated
S3101L04.jpg,S3052L01.jpg,S3101L04,S3052L01,unrelated
S3101L04.jpg,S3052L02.jpg,S3101L04,S3052L02,unrelated
S3101L04.jpg,S3052L03.jpg,S3101L04,S3052L03,unrelated
S3101L04.jpg,S3052R01.jpg,S3101L04,S3052R01,unrelated
S3101L04.jpg,S3011L07.jpg,S3101L04,S3011L07,unrelated
S3101L04.jpg,S3011R01.jpg,S3101L04,S3011R01,unrelated
S3101L04.jpg,S3011R02.jpg,S3101L04,S3011R02,unrelated
S3101L04.jpg,S3012L07.jpg,S3101L04,S3012L07,unrelated
S3101L04.jpg,S3012L02.jpg,S3101L04,S3012L02,unrelated
S3101L04.jpg,S3012R07.jpg,S3101L04,S3012R07,unrelated
S3101L02.jpg,S3101L09.jpg,S3101L02,S3101L09,genuine
S3101L02.jpg,S3101L10.jpg,S3101L02,S3101L10,genuine
S3101L02.jpg,S3101R07.jpg,S3101L02,S3101R07,same_subject_different_eye
S3101L02.jpg,S3101R04.jpg,S3101L02,S3101R04,same_subject_different_eye
S3101L02.jpg,S3101R03.jpg,S3101L02,S3101R03,same_subject_different_eye
S3101L02.jpg,S3101R02.jpg,S3101L02,S3101R02,same_subject_different_eye
S3101L02.jpg,S3101R05.jpg,S3101L02,S3101R05,same_subject_different_eye
S3101L02.jpg,S3102L10.jpg,S3101L02,S3102L10,twin_same_eye
S3101L02.jpg,S3102L09.jpg,S3101L02,S3102L09,twin_same_eye
S3101L02.jpg,S3102L01.jpg,S3101L02,S3102L01,twin_same_eye
S3101L02.jpg,S3102L07.jpg,S3101L02,S3102L07,twin_same_eye
S3101L02.jpg,S3102L06.jpg,S3101L02,S3102L06,twin_same_eye
S3101L02.jpg,S3102R07.jpg,S3101L02,S3102R07,twin_cross_eye
S3101L02.jpg,S3102R08.jpg,S3101L02,S3102R08,twin_cross_eye
S3101L02.jpg,S3102R02.jpg,S3101L02,S3102R02,twin_cross_eye
S3101L02.jpg,S3102R06.jpg,S3101L02,S3102R06,twin_cross_eye
S3101L02.jpg,S3102R09.jpg,S3101L02,S3102R09,twin_cross_eye
S3101L02.jpg,S3151L06.jpg,S3101L02,S3151L06,unrelated
S3101L02.jpg,S3151L04.jpg,S3101L02,S3151L04,unrelated
S3101L02.jpg,S3151L03.jpg,S3101L02,S3151L03,unrelated
S3101L02.jpg,S3151L05.jpg,S3101L02,S3151L05,unrelated
S3101L02.jpg,S3151L07.jpg,S3101L02,S3151L07,unrelated
S3101L02.jpg,S3151R03.jpg,S3101L02,S3151R03,unrelated
S3101L02.jpg,S3151R01.jpg,S3101L02,S3151R01,unrelated
S3101L02.jpg,S3151R02.jpg,S3101L02,S3151R02,unrelated
S3101L02.jpg,S3152R04.jpg,S3101L02,S3152R04,unrelated
S3101L02.jpg,S3152R03.jpg,S3101L02,S3152R03,unrelated
S3101L02.jpg,S3152R02.jpg,S3101L02,S3152R02,unrelated
S3101L02.jpg,S3152R07.jpg,S3101L02,S3152R07,unrelated
S3101L02.jpg,S3181R04.jpg,S3101L02,S3181R04,unrelated
S3101L02.jpg,S3181R05.jpg,S3101L02,S3181R05,unrelated
S3101L02.jpg,S3182L01.jpg,S3101L02,S3182L01,unrelated
S3101L02.jpg,S3182R05.jpg,S3101L02,S3182R05,unrelated
S3101L02.jpg,S3182R06.jpg,S3101L02,S3182R06,unrelated
S3101L02.jpg,S3182R04.jpg,S3101L02,S3182R04,unrelated
S3101L02.jpg,S3182R03.jpg,S3101L02,S3182R03,unrelated
S3101L02.jpg,S3182R07.jpg,S3101L02,S3182R07,unrelated
S3101L02.jpg,S3141L03.jpg,S3101L02,S3141L03,unrelated
S3101L02.jpg,S3141R07.jpg,S3101L02,S3141R07,unrelated
S3101L02.jpg,S3141R10.jpg,S3101L02,S3141R10,unrelated
S3101L02.jpg,S3141R04.jpg,S3101L02,S3141R04,unrelated
S3101L02.jpg,S3141R06.jpg,S3101L02,S3141R06,unrelated
S3101L02.jpg,S3142L03.jpg,S3101L02,S3142L03,unrelated
S3101L02.jpg,S3142L02.jpg,S3101L02,S3142L02,unrelated
S3101L02.jpg,S3142L04.jpg,S3101L02,S3142L04,unrelated
S3101L02.jpg,S3142L07.jpg,S3101L02,S3142L07,unrelated
S3101L02.jpg,S3142R08.jpg,S3101L02,S3142R08,unrelated
S3101L02.jpg,S3142R07.jpg,S3101L02,S3142R07,unrelated
S3101L02.jpg,S3142R10.jpg,S3101L02,S3142R10,unrelated
S3101L02.jpg,S3142R09.jpg,S3101L02,S3142R09,unrelated
S3101L02.jpg,S3121L03.jpg,S3101L02,S3121L03,unrelated
S3101L02.jpg,S3121L02.jpg,S3101L02,S3121L02,unrelated
S3101L02.jpg,S3121L01.jpg,S3101L02,S3121L01,unrelated
S3101L02.jpg,S3121R04.jpg,S3101L02,S3121R04,unrelated
S3101L02.jpg,S3121R02.jpg,S3101L02,S3121R02,unrelated
S3101L02.jpg,S3121R01.jpg,S3101L02,S3121R01,unrelated
S3101L02.jpg,S3121R08.jpg,S3101L02,S3121R08,unrelated
S3101L02.jpg,S3121R07.jpg,S3101L02,S3121R07,unrelated
S3101L02.jpg,S3122L09.jpg,S3101L02,S3122L09,unrelated
S3101L02.jpg,S3122L07.jpg,S3101L02,S3122L07,unrelated
S3101L02.jpg,S3122L10.jpg,S3101L02,S3122L10,unrelated
S3101L02.jpg,S3122L01.jpg,S3101L02,S3122L01,unrelated
S3101L02.jpg,S3122L05.jpg,S3101L02,S3122L05,unrelated
S3101L02.jpg,S3122R02.jpg,S3101L02,S3122R02,unrelated
S3101L02.jpg,S3122R04.jpg,S3101L02,S3122R04,unrelated
S3101L02.jpg,S3122R03.jpg,S3101L02,S3122R03,unrelated
S3101L02.jpg,S3122R01.jpg,S3101L02,S3122R01,unrelated
S3101L02.jpg,S3051L07.jpg,S3101L02,S3051L07,unrelated
S3101L02.jpg,S3051L08.jpg,S3101L02,S3051L08,unrelated
S3101L02.jpg,S3051L10.jpg,S3101L02,S3051L10,unrelated
S3101L02.jpg,S3051L06.jpg,S3101L02,S3051L06,unrelated
S3101L02.jpg,S3051R01.jpg,S3101L02,S3051R01,unrelated
S3101L02.jpg,S3051R03.jpg,S3101L02,S3051R03,unrelated
S3101L02.jpg,S3052L01.jpg,S3101L02,S3052L01,unrelated
S3101L02.jpg,S3052L02.jpg,S3101L02,S3052L02,unrelated
S3101L02.jpg,S3052L03.jpg,S3101L02,S3052L03,unrelated
S3101L02.jpg,S3052R01.jpg,S3101L02,S3052R01,unrelated
S3101L02.jpg,S3011L07.jpg,S3101L02,S3011L07,unrelated
S3101L02.jpg,S3011R01.jpg,S3101L02,S3011R01,unrelated
S3101L02.jpg,S3011R02.jpg,S3101L02,S3011R02,unrelated
S3101L02.jpg,S3012L07.jpg,S3101L02,S3012L07,unrelated
S3101L02.jpg,S3012L02.jpg,S3101L02,S3012L02,unrelated
S3101L02.jpg,S3012R07.jpg,S3101L02,S3012R07,unrelated
S3101L09.jpg,S3101L10.jpg,S3101L09,S3101L10,genuine
S3101L09.jpg,S3101R07.jpg,S3101L09,S3101R07,same_subject_different_eye
S3101L09.jpg,S3101R04.jpg,S3101L09,S3101R04,same_subject_different_eye
S3101L09.jpg,S3101R03.jpg,S3101L09,S3101R03,same_subject_different_eye
S3101L09.jpg,S3101R02.jpg,S3101L09,S3101R02,same_subject_different_eye
S3101L09.jpg,S3101R05.jpg,S3101L09,S3101R05,same_subject_different_eye
S3101L09.jpg,S3102L10.jpg,S3101L09,S3102L10,twin_same_eye
S3101L09.jpg,S3102L09.jpg,S3101L09,S3102L09,twin_same_eye
S3101L09.jpg,S3102L01.jpg,S3101L09,S3102L01,twin_same_eye
S3101L09.jpg,S3102L07.jpg,S3101L09,S3102L07,twin_same_eye
S3101L09.jpg,S3102L06.jpg,S3101L09,S3102L06,twin_same_eye
S3101L09.jpg,S3102R07.jpg,S3101L09,S3102R07,twin_cross_eye
S3101L09.jpg,S3102R08.jpg,S3101L09,S3102R08,twin_cross_eye
S3101L09.jpg,S3102R02.jpg,S3101L09,S3102R02,twin_cross_eye
S3101L09.jpg,S3102R06.jpg,S3101L09,S3102R06,twin_cross_eye
S3101L09.jpg,S3102R09.jpg,S3101L09,S3102R09,twin_cross_eye
S3101L09.jpg,S3151L06.jpg,S3101L09,S3151L06,unrelated
S3101L09.jpg,S3151L04.jpg,S3101L09,S3151L04,unrelated
S3101L09.jpg,S3151L03.jpg,S3101L09,S3151L03,unrelated
S3101L09.jpg,S3151L05.jpg,S3101L09,S3151L05,unrelated
S3101L09.jpg,S3151L07.jpg,S3101L09,S3151L07,unrelated
S3101L09.jpg,S3151R03.jpg,S3101L09,S3151R03,unrelated
S3101L09.jpg,S3151R01.jpg,S3101L09,S3151R01,unrelated
S3101L09.jpg,S3151R02.jpg,S3101L09,S3151R02,unrelated
S3101L09.jpg,S3152R04.jpg,S3101L09,S3152R04,unrelated
S3101L09.jpg,S3152R03.jpg,S3101L09,S3152R03,unrelated
S3101L09.jpg,S3152R02.jpg,S3101L09,S3152R02,unrelated
S3101L09.jpg,S3152R07.jpg,S3101L09,S3152R07,unrelated
S3101L09.jpg,S3181R04.jpg,S3101L09,S3181R04,unrelated
S3101L09.jpg,S3181R05.jpg,S3101L09,S3181R05,unrelated
S3101L09.jpg,S3182L01.jpg,S3101L09,S3182L01,unrelated
S3101L09.jpg,S3182R05.jpg,S3101L09,S3182R05,unrelated
S3101L09.jpg,S3182R06.jpg,S3101L09,S3182R06,unrelated
S3101L09.jpg,S3182R04.jpg,S3101L09,S3182R04,unrelated
S3101L09.jpg,S3182R03.jpg,S3101L09,S3182R03,unrelated
S3101L09.jpg,S3182R07.jpg,S3101L09,S3182R07,unrelated
S3101L09.jpg,S3141L03.jpg,S3101L09,S3141L03,unrelated
S3101L09.jpg,S3141R07.jpg,S3101L09,S3141R07,unrelated
S3101L09.jpg,S3141R10.jpg,S3101L09,S3141R10,unrelated
S3101L09.jpg,S3141R04.jpg,S3101L09,S3141R04,unrelated
S3101L09.jpg,S3141R06.jpg,S3101L09,S3141R06,unrelated
S3101L09.jpg,S3142L03.jpg,S3101L09,S3142L03,unrelated
S3101L09.jpg,S3142L02.jpg,S3101L09,S3142L02,unrelated
S3101L09.jpg,S3142L04.jpg,S3101L09,S3142L04,unrelated
S3101L09.jpg,S3142L07.jpg,S3101L09,S3142L07,unrelated
S3101L09.jpg,S3142R08.jpg,S3101L09,S3142R08,unrelated
S3101L09.jpg,S3142R07.jpg,S3101L09,S3142R07,unrelated
S3101L09.jpg,S3142R10.jpg,S3101L09,S3142R10,unrelated
S3101L09.jpg,S3142R09.jpg,S3101L09,S3142R09,unrelated
S3101L09.jpg,S3121L03.jpg,S3101L09,S3121L03,unrelated
S3101L09.jpg,S3121L02.jpg,S3101L09,S3121L02,unrelated
S3101L09.jpg,S3121L01.jpg,S3101L09,S3121L01,unrelated
S3101L09.jpg,S3121R04.jpg,S3101L09,S3121R04,unrelated
S3101L09.jpg,S3121R02.jpg,S3101L09,S3121R02,unrelated
S3101L09.jpg,S3121R01.jpg,S3101L09,S3121R01,unrelated
S3101L09.jpg,S3121R08.jpg,S3101L09,S3121R08,unrelated
S3101L09.jpg,S3121R07.jpg,S3101L09,S3121R07,unrelated
S3101L09.jpg,S3122L09.jpg,S3101L09,S3122L09,unrelated
S3101L09.jpg,S3122L07.jpg,S3101L09,S3122L07,unrelated
S3101L09.jpg,S3122L10.jpg,S3101L09,S3122L10,unrelated
S3101L09.jpg,S3122L01.jpg,S3101L09,S3122L01,unrelated
S3101L09.jpg,S3122L05.jpg,S3101L09,S3122L05,unrelated
S3101L09.jpg,S3122R02.jpg,S3101L09,S3122R02,unrelated
S3101L09.jpg,S3122R04.jpg,S3101L09,S3122R04,unrelated
S3101L09.jpg,S3122R03.jpg,S3101L09,S3122R03,unrelated
S3101L09.jpg,S3122R01.jpg,S3101L09,S3122R01,unrelated
S3101L09.jpg,S3051L07.jpg,S3101L09,S3051L07,unrelated
S3101L09.jpg,S3051L08.jpg,S3101L09,S3051L08,unrelated
S3101L09.jpg,S3051L10.jpg,S3101L09,S3051L10,unrelated
S3101L09.jpg,S3051L06.jpg,S3101L09,S3051L06,unrelated
S3101L09.jpg,S3051R01.jpg,S3101L09,S3051R01,unrelated
S3101L09.jpg,S3051R03.jpg,S3101L09,S3051R03,unrelated
S3101L09.jpg,S3052L01.jpg,S3101L09,S3052L01,unrelated
S3101L09.jpg,S3052L02.jpg,S3101L09,S3052L02,unrelated
S3101L09.jpg,S3052L03.jpg,S3101L09,S3052L03,unrelated
S3101L09.jpg,S3052R01.jpg,S3101L09,S3052R01,unrelated
S3101L09.jpg,S3011L07.jpg,S3101L09,S3011L07,unrelated
S3101L09.jpg,S3011R01.jpg,S3101L09,S3011R01,unrelated
S3101L09.jpg,S3011R02.jpg,S3101L09,S3011R02,unrelated
S3101L09.jpg,S3012L07.jpg,S3101L09,S3012L07,unrelated
S3101L09.jpg,S3012L02.jpg,S3101L09,S3012L02,unrelated
S3101L09.jpg,S3012R07.jpg,S3101L09,S3012R07,unrelated
S3101L10.jpg,S3101R07.jpg,S3101L10,S3101R07,same_subject_different_eye
S3101L10.jpg,S3101R04.jpg,S3101L10,S3101R04,same_subject_different_eye
S3101L10.jpg,S3101R03.jpg,S3101L10,S3101R03,same_subject_different_eye
S3101L10.jpg,S3101R02.jpg,S3101L10,S3101R02,same_subject_different_eye
S3101L10.jpg,S3101R05.jpg,S3101L10,S3101R05,same_subject_different_eye
S3101L10.jpg,S3102L10.jpg,S3101L10,S3102L10,twin_same_eye
S3101L10.jpg,S3102L09.jpg,S3101L10,S3102L09,twin_same_eye
S3101L10.jpg,S3102L01.jpg,S3101L10,S3102L01,twin_same_eye
S3101L10.jpg,S3102L07.jpg,S3101L10,S3102L07,twin_same_eye
S3101L10.jpg,S3102L06.jpg,S3101L10,S3102L06,twin_same_eye
S3101L10.jpg,S3102R07.jpg,S3101L10,S3102R07,twin_cross_eye
S3101L10.jpg,S3102R08.jpg,S3101L10,S3102R08,twin_cross_eye
S3101L10.jpg,S3102R02.jpg,S3101L10,S3102R02,twin_cross_eye
S3101L10.jpg,S3102R06.jpg,S3101L10,S3102R06,twin_cross_eye
S3101L10.jpg,S3102R09.jpg,S3101L10,S3102R09,twin_cross_eye
S3101L10.jpg,S3151L06.jpg,S3101L10,S3151L06,unrelated
S3101L10.jpg,S3151L04.jpg,S3101L10,S3151L04,unrelated
S3101L10.jpg,S3151L03.jpg,S3101L10,S3151L03,unrelated
S3101L10.jpg,S3151L05.jpg,S3101L10,S3151L05,unrelated
S3101L10.jpg,S3151L07.jpg,S3101L10,S3151L07,unrelated
S3101L10.jpg,S3151R03.jpg,S3101L10,S3151R03,unrelated
S3101L10.jpg,S3151R01.jpg,S3101L10,S3151R01,unrelated
S3101L10.jpg,S3151R02.jpg,S3101L10,S3151R02,unrelated
S3101L10.jpg,S3152R04.jpg,S3101L10,S3152R04,unrelated
S3101L10.jpg,S3152R03.jpg,S3101L10,S3152R03,unrelated
S3101L10.jpg,S3152R02.jpg,S3101L10,S3152R02,unrelated
S3101L10.jpg,S3152R07.jpg,S3101L10,S3152R07,unrelated
S3101L10.jpg,S3181R04.jpg,S3101L10,S3181R04,unrelated
S3101L10.jpg,S3181R05.jpg,S3101L10,S3181R05,unrelated
S3101L10.jpg,S3182L01.jpg,S3101L10,S3182L01,unrelated
S3101L10.jpg,S3182R05.jpg,S3101L10,S3182R05,unrelated
S3101L10.jpg,S3182R06.jpg,S3101L10,S3182R06,unrelated
S3101L10.jpg,S3182R04.jpg,S3101L10,S3182R04,unrelated
S3101L10.jpg,S3182R03.jpg,S3101L10,S3182R03,unrelated
S3101L10.jpg,S3182R07.jpg,S3101L10,S3182R07,unrelated
S3101L10.jpg,S3141L03.jpg,S3101L10,S3141L03,unrelated
S3101L10.jpg,S3141R07.jpg,S3101L10,S3141R07,unrelated
S3101L10.jpg,S3141R10.jpg,S3101L10,S3141R10,unrelated
S3101L10.jpg,S3141R04.jpg,S3101L10,S3141R04,unrelated
S3101L10.jpg,S3141R06.jpg,S3101L10,S3141R06,unrelated
S3101L10.jpg,S3142L03.jpg,S3101L10,S3142L03,unrelated
S3101L10.jpg,S3142L02.jpg,S3101L10,S3142L02,unrelated
S3101L10.jpg,S3142L04.jpg,S3101L10,S3142L04,unrelated
S3101L10.jpg,S3142L07.jpg,S3101L10,S3142L07,unrelated
S3101L10.jpg,S3142R08.jpg,S3101L10,S3142R08,unrelated
S3101L10.jpg,S3142R07.jpg,S3101L10,S3142R07,unrelated
S3101L10.jpg,S3142R10.jpg,S3101L10,S3142R10,unrelated
S3101L10.jpg,S3142R09.jpg,S3101L10,S3142R09,unrelated
S3101L10.jpg,S3121L03.jpg,S3101L10,S3121L03,unrelated
S3101L10.jpg,S3121L02.jpg,S3101L10,S3121L02,unrelated
S3101L10.jpg,S3121L01.jpg,S3101L10,S3121L01,unrelated
S3101L10.jpg,S3121R04.jpg,S3101L10,S3121R04,unrelated
S3101L10.jpg,S3121R02.jpg,S3101L10,S3121R02,unrelated
S3101L10.jpg,S3121R01.jpg,S3101L10,S3121R01,unrelated
S3101L10.jpg,S3121R08.jpg,S3101L10,S3121R08,unrelated
S3101L10.jpg,S3121R07.jpg,S3101L10,S3121R07,unrelated
S3101L10.jpg,S3122L09.jpg,S3101L10,S3122L09,unrelated
S3101L10.jpg,S3122L07.jpg,S3101L10,S3122L07,unrelated
S3101L10.jpg,S3122L10.jpg,S3101L10,S3122L10,unrelated
S3101L10.jpg,S3122L01.jpg,S3101L10,S3122L01,unrelated
S3101L10.jpg,S3122L05.jpg,S3101L10,S3122L05,unrelated
S3101L10.jpg,S3122R02.jpg,S3101L10,S3122R02,unrelated
S3101L10.jpg,S3122R04.jpg,S3101L10,S3122R04,unrelated
S3101L10.jpg,S3122R03.jpg,S3101L10,S3122R03,unrelated
S3101L10.jpg,S3122R01.jpg,S3101L10,S3122R01,unrelated
S3101L10.jpg,S3051L07.jpg,S3101L10,S3051L07,unrelated
S3101L10.jpg,S3051L08.jpg,S3101L10,S3051L08,unrelated
S3101L10.jpg,S3051L10.jpg,S3101L10,S3051L10,unrelated
S3101L10.jpg,S3051L06.jpg,S3101L10,S3051L06,unrelated
S3101L10.jpg,S3051R01.jpg,S3101L10,S3051R01,unrelated
S3101L10.jpg,S3051R03.jpg,S3101L10,S3051R03,unrelated
S3101L10.jpg,S3052L01.jpg,S3101L10,S3052L01,unrelated
S3101L10.jpg,S3052L02.jpg,S3101L10,S3052L02,unrelated
S3101L10.jpg,S3052L03.jpg,S3101L10,S3052L03,unrelated
S3101L10.jpg,S3052R01.jpg,S3101L10,S3052R01,unrelated
S3101L10.jpg,S3011L07.jpg,S3101L10,S3011L07,unrelated
S3101L10.jpg,S3011R01.jpg,S3101L10,S3011R01,unrelated
S3101L10.jpg,S3011R02.jpg,S3101L10,S3011R02,unrelated
S3101L10.jpg,S3012L07.jpg,S3101L10,S3012L07,unrelated
S3101L10.jpg,S3012L02.jpg,S3101L10,S3012L02,unrelated
S3101L10.jpg,S3012R07.jpg,S3101L10,S3012R07,unrelated
S3101R07.jpg,S3101R04.jpg,S3101R07,S3101R04,genuine
S3101R07.jpg,S3101R03.jpg,S3101R07,S3101R03,genuine
S3101R07.jpg,S3101R02.jpg,S3101R07,S3101R02,genuine
S3101R07.jpg,S3101R05.jpg,S3101R07,S3101R05,genuine
S3101R07.jpg,S3102L10.jpg,S3101R07,S3102L10,twin_cross_eye
S3101R07.jpg,S3102L09.jpg,S3101R07,S3102L09,twin_cross_eye
S3101R07.jpg,S3102L01.jpg,S3101R07,S3102L01,twin_cross_eye
S3101R07.jpg,S3102L07.jpg,S3101R07,S3102L07,twin_cross_eye
S3101R07.jpg,S3102L06.jpg,S3101R07,S3102L06,twin_cross_eye
S3101R07.jpg,S3102R07.jpg,S3101R07,S3102R07,twin_same_eye
S3101R07.jpg,S3102R08.jpg,S3101R07,S3102R08,twin_same_eye
S3101R07.jpg,S3102R02.jpg,S3101R07,S3102R02,twin_same_eye
S3101R07.jpg,S3102R06.jpg,S3101R07,S3102R06,twin_same_eye
S3101R07.jpg,S3102R09.jpg,S3101R07,S3102R09,twin_same_eye
S3101R07.jpg,S3151L06.jpg,S3101R07,S3151L06,unrelated
S3101R07.jpg,S3151L04.jpg,S3101R07,S3151L04,unrelated
S3101R07.jpg,S3151L03.jpg,S3101R07,S3151L03,unrelated
S3101R07.jpg,S3151L05.jpg,S3101R07,S3151L05,unrelated
S3101R07.jpg,S3151L07.jpg,S3101R07,S3151L07,unrelated
S3101R07.jpg,S3151R03.jpg,S3101R07,S3151R03,unrelated
S3101R07.jpg,S3151R01.jpg,S3101R07,S3151R01,unrelated
S3101R07.jpg,S3151R02.jpg,S3101R07,S3151R02,unrelated
S3101R07.jpg,S3152R04.jpg,S3101R07,S3152R04,unrelated
S3101R07.jpg,S3152R03.jpg,S3101R07,S3152R03,unrelated
S3101R07.jpg,S3152R02.jpg,S3101R07,S3152R02,unrelated
S3101R07.jpg,S3152R07.jpg,S3101R07,S3152R07,unrelated
S3101R07.jpg,S3181R04.jpg,S3101R07,S3181R04,unrelated
S3101R07.jpg,S3181R05.jpg,S3101R07,S3181R05,unrelated
S3101R07.jpg,S3182L01.jpg,S3101R07,S3182L01,unrelated
S3101R07.jpg,S3182R05.jpg,S3101R07,S3182R05,unrelated
S3101R07.jpg,S3182R06.jpg,S3101R07,S3182R06,unrelated
S3101R07.jpg,S3182R04.jpg,S3101R07,S3182R04,unrelated
S3101R07.jpg,S3182R03.jpg,S3101R07,S3182R03,unrelated
S3101R07.jpg,S3182R07.jpg,S3101R07,S3182R07,unrelated
S3101R07.jpg,S3141L03.jpg,S3101R07,S3141L03,unrelated
S3101R07.jpg,S3141R07.jpg,S3101R07,S3141R07,unrelated
S3101R07.jpg,S3141R10.jpg,S3101R07,S3141R10,unrelated
S3101R07.jpg,S3141R04.jpg,S3101R07,S3141R04,unrelated
S3101R07.jpg,S3141R06.jpg,S3101R07,S3141R06,unrelated
S3101R07.jpg,S3142L03.jpg,S3101R07,S3142L03,unrelated
S3101R07.jpg,S3142L02.jpg,S3101R07,S3142L02,unrelated
S3101R07.jpg,S3142L04.jpg,S3101R07,S3142L04,unrelated
S3101R07.jpg,S3142L07.jpg,S3101R07,S3142L07,unrelated
S3101R07.jpg,S3142R08.jpg,S3101R07,S3142R08,unrelated
S3101R07.jpg,S3142R07.jpg,S3101R07,S3142R07,unrelated
S3101R07.jpg,S3142R10.jpg,S3101R07,S3142R10,unrelated
S3101R07.jpg,S3142R09.jpg,S3101R07,S3142R09,unrelated
S3101R07.jpg,S3121L03.jpg,S3101R07,S3121L03,unrelated
S3101R07.jpg,S3121L02.jpg,S3101R07,S3121L02,unrelated
S3101R07.jpg,S3121L01.jpg,S3101R07,S3121L01,unrelated
S3101R07.jpg,S3121R04.jpg,S3101R07,S3121R04,unrelated
S3101R07.jpg,S3121R02.jpg,S3101R07,S3121R02,unrelated
S3101R07.jpg,S3121R01.jpg,S3101R07,S3121R01,unrelated
S3101R07.jpg,S3121R08.jpg,S3101R07,S3121R08,unrelated
S3101R07.jpg,S3121R07.jpg,S3101R07,S3121R07,unrelated
S3101R07.jpg,S3122L09.jpg,S3101R07,S3122L09,unrelated
S3101R07.jpg,S3122L07.jpg,S3101R07,S3122L07,unrelated
S3101R07.jpg,S3122L10.jpg,S3101R07,S3122L10,unrelated
S3101R07.jpg,S3122L01.jpg,S3101R07,S3122L01,unrelated
S3101R07.jpg,S3122L05.jpg,S3101R07,S3122L05,unrelated
S3101R07.jpg,S3122R02.jpg,S3101R07,S3122R02,unrelated
S3101R07.jpg,S3122R04.jpg,S3101R07,S3122R04,unrelated
S3101R07.jpg,S3122R03.jpg,S3101R07,S3122R03,unrelated
S3101R07.jpg,S3122R01.jpg,S3101R07,S3122R01,unrelated
S3101R07.jpg,S3051L07.jpg,S3101R07,S3051L07,unrelated
S3101R07.jpg,S3051L08.jpg,S3101R07,S3051L08,unrelated
S3101R07.jpg,S3051L10.jpg,S3101R07,S3051L10,unrelated
S3101R07.jpg,S3051L06.jpg,S3101R07,S3051L06,unrelated
S3101R07.jpg,S3051R01.jpg,S3101R07,S3051R01,unrelated
S3101R07.jpg,S3051R03.jpg,S3101R07,S3051R03,unrelated
S3101R07.jpg,S3052L01.jpg,S3101R07,S3052L01,unrelated
S3101R07.jpg,S3052L02.jpg,S3101R07,S3052L02,unrelated
S3101R07.jpg,S3052L03.jpg,S3101R07,S3052L03,unrelated
S3101R07.jpg,S3052R01.jpg,S3101R07,S3052R01,unrelated
S3101R07.jpg,S3011L07.jpg,S3101R07,S3011L07,unrelated
S3101R07.jpg,S3011R01.jpg,S3101R07,S3011R01,unrelated
S3101R07.jpg,S3011R02.jpg,S3101R07,S3011R02,unrelated
S3101R07.jpg,S3012L07.jpg,S3101R07,S3012L07,unrelated
S3101R07.jpg,S3012L02.jpg,S3101R07,S3012L02,unrelated
S3101R07.jpg,S3012R07.jpg,S3101R07,S3012R07,unrelated
S3101R04.jpg,S3101R03.jpg,S3101R04,S3101R03,genuine
S3101R04.jpg,S3101R02.jpg,S3101R04,S3101R02,genuine
S3101R04.jpg,S3101R05.jpg,S3101R04,S3101R05,genuine
S3101R04.jpg,S3102L10.jpg,S3101R04,S3102L10,twin_cross_eye
S3101R04.jpg,S3102L09.jpg,S3101R04,S3102L09,twin_cross_eye
S3101R04.jpg,S3102L01.jpg,S3101R04,S3102L01,twin_cross_eye
S3101R04.jpg,S3102L07.jpg,S3101R04,S3102L07,twin_cross_eye
S3101R04.jpg,S3102L06.jpg,S3101R04,S3102L06,twin_cross_eye
S3101R04.jpg,S3102R07.jpg,S3101R04,S3102R07,twin_same_eye
S3101R04.jpg,S3102R08.jpg,S3101R04,S3102R08,twin_same_eye
S3101R04.jpg,S3102R02.jpg,S3101R04,S3102R02,twin_same_eye
S3101R04.jpg,S3102R06.jpg,S3101R04,S3102R06,twin_same_eye
S3101R04.jpg,S3102R09.jpg,S3101R04,S3102R09,twin_same_eye
S3101R04.jpg,S3151L06.jpg,S3101R04,S3151L06,unrelated
S3101R04.jpg,S3151L04.jpg,S3101R04,S3151L04,unrelated
S3101R04.jpg,S3151L03.jpg,S3101R04,S3151L03,unrelated
S3101R04.jpg,S3151L05.jpg,S3101R04,S3151L05,unrelated
S3101R04.jpg,S3151L07.jpg,S3101R04,S3151L07,unrelated
S3101R04.jpg,S3151R03.jpg,S3101R04,S3151R03,unrelated
S3101R04.jpg,S3151R01.jpg,S3101R04,S3151R01,unrelated
S3101R04.jpg,S3151R02.jpg,S3101R04,S3151R02,unrelated
S3101R04.jpg,S3152R04.jpg,S3101R04,S3152R04,unrelated
S3101R04.jpg,S3152R03.jpg,S3101R04,S3152R03,unrelated
S3101R04.jpg,S3152R02.jpg,S3101R04,S3152R02,unrelated
S3101R04.jpg,S3152R07.jpg,S3101R04,S3152R07,unrelated
S3101R04.jpg,S3181R04.jpg,S3101R04,S3181R04,unrelated
S3101R04.jpg,S3181R05.jpg,S3101R04,S3181R05,unrelated
S3101R04.jpg,S3182L01.jpg,S3101R04,S3182L01,unrelated
S3101R04.jpg,S3182R05.jpg,S3101R04,S3182R05,unrelated
S3101R04.jpg,S3182R06.jpg,S3101R04,S3182R06,unrelated
S3101R04.jpg,S3182R04.jpg,S3101R04,S3182R04,unrelated
S3101R04.jpg,S3182R03.jpg,S3101R04,S3182R03,unrelated
S3101R04.jpg,S3182R07.jpg,S3101R04,S3182R07,unrelated
S3101R04.jpg,S3141L03.jpg,S3101R04,S3141L03,unrelated
S3101R04.jpg,S3141R07.jpg,S3101R04,S3141R07,unrelated
S3101R04.jpg,S3141R10.jpg,S3101R04,S3141R10,unrelated
S3101R04.jpg,S3141R04.jpg,S3101R04,S3141R04,unrelated
S3101R04.jpg,S3141R06.jpg,S3101R04,S3141R06,unrelated
S3101R04.jpg,S3142L03.jpg,S3101R04,S3142L03,unrelated
S3101R04.jpg,S3142L02.jpg,S3101R04,S3142L02,unrelated
S3101R04.jpg,S3142L04.jpg,S3101R04,S3142L04,unrelated
S3101R04.jpg,S3142L07.jpg,S3101R04,S3142L07,unrelated
S3101R04.jpg,S3142R08.jpg,S3101R04,S3142R08,unrelated
S3101R04.jpg,S3142R07.jpg,S3101R04,S3142R07,unrelated
S3101R04.jpg,S3142R10.jpg,S3101R04,S3142R10,unrelated
S3101R04.jpg,S3142R09.jpg,S3101R04,S3142R09,unrelated
S3101R04.jpg,S3121L03.jpg,S3101R04,S3121L03,unrelated
S3101R04.jpg,S3121L02.jpg,S3101R04,S3121L02,unrelated
S3101R04.jpg,S3121L01.jpg,S3101R04,S3121L01,unrelated
S3101R04.jpg,S3121R04.jpg,S3101R04,S3121R04,unrelated
S3101R04.jpg,S3121R02.jpg,S3101R04,S3121R02,unrelated
S3101R04.jpg,S3121R01.jpg,S3101R04,S3121R01,unrelated
S3101R04.jpg,S3121R08.jpg,S3101R04,S3121R08,unrelated
S3101R04.jpg,S3121R07.jpg,S3101R04,S3121R07,unrelated
S3101R04.jpg,S3122L09.jpg,S3101R04,S3122L09,unrelated
S3101R04.jpg,S3122L07.jpg,S3101R04,S3122L07,unrelated
S3101R04.jpg,S3122L10.jpg,S3101R04,S3122L10,unrelated
S3101R04.jpg,S3122L01.jpg,S3101R04,S3122L01,unrelated
S3101R04.jpg,S3122L05.jpg,S3101R04,S3122L05,unrelated
S3101R04.jpg,S3122R02.jpg,S3101R04,S3122R02,unrelated
S3101R04.jpg,S3122R04.jpg,S3101R04,S3122R04,unrelated
S3101R04.jpg,S3122R03.jpg,S3101R04,S3122R03,unrelated
S3101R04.jpg,S3122R01.jpg,S3101R04,S3122R01,unrelated
S3101R04.jpg,S3051L07.jpg,S3101R04,S3051L07,unrelated
S3101R04.jpg,S3051L08.jpg,S3101R04,S3051L08,unrelated
S3101R04.jpg,S3051L10.jpg,S3101R04,S3051L10,unrelated
S3101R04.jpg,S3051L06.jpg,S3101R04,S3051L06,unrelated
S3101R04.jpg,S3051R01.jpg,S3101R04,S3051R01,unrelated
S3101R04.jpg,S3051R03.jpg,S3101R04,S3051R03,unrelated
S3101R04.jpg,S3052L01.jpg,S3101R04,S3052L01,unrelated
S3101R04.jpg,S3052L02.jpg,S3101R04,S3052L02,unrelated
S3101R04.jpg,S3052L03.jpg,S3101R04,S3052L03,unrelated
S3101R04.jpg,S3052R01.jpg,S3101R04,S3052R01,unrelated
S3101R04.jpg,S3011L07.jpg,S3101R04,S3011L07,unrelated
S3101R04.jpg,S3011R01.jpg,S3101R04,S3011R01,unrelated
S3101R04.jpg,S3011R02.jpg,S3101R04,S3011R02,unrelated
S3101R04.jpg,S3012L07.jpg,S3101R04,S3012L07,unrelated
S3101R04.jpg,S3012L02.jpg,S3101R04,S3012L02,unrelated
S3101R04.jpg,S3012R07.jpg,S3101R04,S3012R07,unrelated
S3101R03.jpg,S3101R02.jpg,S3101R03,S3101R02,genuine
S3101R03.jpg,S3101R05.jpg,S3101R03,S3101R05,genuine
S3101R03.jpg,S3102L10.jpg,S3101R03,S3102L10,twin_cross_eye
S3101R03.jpg,S3102L09.jpg,S3101R03,S3102L09,twin_cross_eye
S3101R03.jpg,S3102L01.jpg,S3101R03,S3102L01,twin_cross_eye
S3101R03.jpg,S3102L07.jpg,S3101R03,S3102L07,twin_cross_eye
S3101R03.jpg,S3102L06.jpg,S3101R03,S3102L06,twin_cross_eye
S3101R03.jpg,S3102R07.jpg,S3101R03,S3102R07,twin_same_eye
S3101R03.jpg,S3102R08.jpg,S3101R03,S3102R08,twin_same_eye
S3101R03.jpg,S3102R02.jpg,S3101R03,S3102R02,twin_same_eye
S3101R03.jpg,S3102R06.jpg,S3101R03,S3102R06,twin_same_eye
S3101R03.jpg,S3102R09.jpg,S3101R03,S3102R09,twin_same_eye
S3101R03.jpg,S3151L06.jpg,S3101R03,S3151L06,unrelated
S3101R03.jpg,S3151L04.jpg,S3101R03,S3151L04,unrelated
S3101R03.jpg,S3151L03.jpg,S3101R03,S3151L03,unrelated
S3101R03.jpg,S3151L05.jpg,S3101R03,S3151L05,unrelated
S3101R03.jpg,S3151L07.jpg,S3101R03,S3151L07,unrelated
S3101R03.jpg,S3151R03.jpg,S3101R03,S3151R03,unrelated
S3101R03.jpg,S3151R01.jpg,S3101R03,S3151R01,unrelated
S3101R03.jpg,S3151R02.jpg,S3101R03,S3151R02,unrelated
S3101R03.jpg,S3152R04.jpg,S3101R03,S3152R04,unrelated
S3101R03.jpg,S3152R03.jpg,S3101R03,S3152R03,unrelated
S3101R03.jpg,S3152R02.jpg,S3101R03,S3152R02,unrelated
S3101R03.jpg,S3152R07.jpg,S3101R03,S3152R07,unrelated
S3101R03.jpg,S3181R04.jpg,S3101R03,S3181R04,unrelated
S3101R03.jpg,S3181R05.jpg,S3101R03,S3181R05,unrelated
S3101R03.jpg,S3182L01.jpg,S3101R03,S3182L01,unrelated
S3101R03.jpg,S3182R05.jpg,S3101R03,S3182R05,unrelated
S3101R03.jpg,S3182R06.jpg,S3101R03,S3182R06,unrelated
S3101R03.jpg,S3182R04.jpg,S3101R03,S3182R04,unrelated
S3101R03.jpg,S3182R03.jpg,S3101R03,S3182R03,unrelated
S3101R03.jpg,S3182R07.jpg,S3101R03,S3182R07,unrelated
S3101R03.jpg,S3141L03.jpg,S3101R03,S3141L03,unrelated
S3101R03.jpg,S3141R07.jpg,S3101R03,S3141R07,unrelated
S3101R03.jpg,S3141R10.jpg,S3101R03,S3141R10,unrelated
S3101R03.jpg,S3141R04.jpg,S3101R03,S3141R04,unrelated
S3101R03.jpg,S3141R06.jpg,S3101R03,S3141R06,unrelated
S3101R03.jpg,S3142L03.jpg,S3101R03,S3142L03,unrelated
S3101R03.jpg,S3142L02.jpg,S3101R03,S3142L02,unrelated
S3101R03.jpg,S3142L04.jpg,S3101R03,S3142L04,unrelated
S3101R03.jpg,S3142L07.jpg,S3101R03,S3142L07,unrelated
S3101R03.jpg,S3142R08.jpg,S3101R03,S3142R08,unrelated
S3101R03.jpg,S3142R07.jpg,S3101R03,S3142R07,unrelated
S3101R03.jpg,S3142R10.jpg,S3101R03,S3142R10,unrelated
S3101R03.jpg,S3142R09.jpg,S3101R03,S3142R09,unrelated
S3101R03.jpg,S3121L03.jpg,S3101R03,S3121L03,unrelated
S3101R03.jpg,S3121L02.jpg,S3101R03,S3121L02,unrelated
S3101R03.jpg,S3121L01.jpg,S3101R03,S3121L01,unrelated
S3101R03.jpg,S3121R04.jpg,S3101R03,S3121R04,unrelated
S3101R03.jpg,S3121R02.jpg,S3101R03,S3121R02,unrelated
S3101R03.jpg,S3121R01.jpg,S3101R03,S3121R01,unrelated
S3101R03.jpg,S3121R08.jpg,S3101R03,S3121R08,unrelated
S3101R03.jpg,S3121R07.jpg,S3101R03,S3121R07,unrelated
S3101R03.jpg,S3122L09.jpg,S3101R03,S3122L09,unrelated
S3101R03.jpg,S3122L07.jpg,S3101R03,S3122L07,unrelated
S3101R03.jpg,S3122L10.jpg,S3101R03,S3122L10,unrelated
S3101R03.jpg,S3122L01.jpg,S3101R03,S3122L01,unrelated
S3101R03.jpg,S3122L05.jpg,S3101R03,S3122L05,unrelated
S3101R03.jpg,S3122R02.jpg,S3101R03,S3122R02,unrelated
S3101R03.jpg,S3122R04.jpg,S3101R03,S3122R04,unrelated
S3101R03.jpg,S3122R03.jpg,S3101R03,S3122R03,unrelated
S3101R03.jpg,S3122R01.jpg,S3101R03,S3122R01,unrelated
S3101R03.jpg,S3051L07.jpg,S3101R03,S3051L07,unrelated
S3101R03.jpg,S3051L08.jpg,S3101R03,S3051L08,unrelated
S3101R03.jpg,S3051L10.jpg,S3101R03,S3051L10,unrelated
S3101R03.jpg,S3051L06.jpg,S3101R03,S3051L06,unrelated
S3101R03.jpg,S3051R01.jpg,S3101R03,S3051R01,unrelated
S3101R03.jpg,S3051R03.jpg,S3101R03,S3051R03,unrelated
S3101R03.jpg,S3052L01.jpg,S3101R03,S3052L01,unrelated
S3101R03.jpg,S3052L02.jpg,S3101R03,S3052L02,unrelated
S3101R03.jpg,S3052L03.jpg,S3101R03,S3052L03,unrelated
S3101R03.jpg,S3052R01.jpg,S3101R03,S3052R01,unrelated
S3101R03.jpg,S3011L07.jpg,S3101R03,S3011L07,unrelated
S3101R03.jpg,S3011R01.jpg,S3101R03,S3011R01,unrelated
S3101R03.jpg,S3011R02.jpg,S3101R03,S3011R02,unrelated
S3101R03.jpg,S3012L07.jpg,S3101R03,S3012L07,unrelated
S3101R03.jpg,S3012L02.jpg,S3101R03,S3012L02,unrelated
S3101R03.jpg,S3012R07.jpg,S3101R03,S3012R07,unrelated
S3101R02.jpg,S3101R05.jpg,S3101R02,S3101R05,genuine
S3101R02.jpg,S3102L10.jpg,S3101R02,S3102L10,twin_cross_eye
S3101R02.jpg,S3102L09.jpg,S3101R02,S3102L09,twin_cross_eye
S3101R02.jpg,S3102L01.jpg,S3101R02,S3102L01,twin_cross_eye
S3101R02.jpg,S3102L07.jpg,S3101R02,S3102L07,twin_cross_eye
S3101R02.jpg,S3102L06.jpg,S3101R02,S3102L06,twin_cross_eye
S3101R02.jpg,S3102R07.jpg,S3101R02,S3102R07,twin_same_eye
S3101R02.jpg,S3102R08.jpg,S3101R02,S3102R08,twin_same_eye
S3101R02.jpg,S3102R02.jpg,S3101R02,S3102R02,twin_same_eye
S3101R02.jpg,S3102R06.jpg,S3101R02,S3102R06,twin_same_eye
S3101R02.jpg,S3102R09.jpg,S3101R02,S3102R09,twin_same_eye
S3101R02.jpg,S3151L06.jpg,S3101R02,S3151L06,unrelated
S3101R02.jpg,S3151L04.jpg,S3101R02,S3151L04,unrelated
S3101R02.jpg,S3151L03.jpg,S3101R02,S3151L03,unrelated
S3101R02.jpg,S3151L05.jpg,S3101R02,S3151L05,unrelated
S3101R02.jpg,S3151L07.jpg,S3101R02,S3151L07,unrelated
S3101R02.jpg,S3151R03.jpg,S3101R02,S3151R03,unrelated
S3101R02.jpg,S3151R01.jpg,S3101R02,S3151R01,unrelated
S3101R02.jpg,S3151R02.jpg,S3101R02,S3151R02,unrelated
S3101R02.jpg,S3152R04.jpg,S3101R02,S3152R04,unrelated
S3101R02.jpg,S3152R03.jpg,S3101R02,S3152R03,unrelated
S3101R02.jpg,S3152R02.jpg,S3101R02,S3152R02,unrelated
S3101R02.jpg,S3152R07.jpg,S3101R02,S3152R07,unrelated
S3101R02.jpg,S3181R04.jpg,S3101R02,S3181R04,unrelated
S3101R02.jpg,S3181R05.jpg,S3101R02,S3181R05,unrelated
S3101R02.jpg,S3182L01.jpg,S3101R02,S3182L01,unrelated
S3101R02.jpg,S3182R05.jpg,S3101R02,S3182R05,unrelated
S3101R02.jpg,S3182R06.jpg,S3101R02,S3182R06,unrelated
S3101R02.jpg,S3182R04.jpg,S3101R02,S3182R04,unrelated
S3101R02.jpg,S3182R03.jpg,S3101R02,S3182R03,unrelated
S3101R02.jpg,S3182R07.jpg,S3101R02,S3182R07,unrelated
S3101R02.jpg,S3141L03.jpg,S3101R02,S3141L03,unrelated
S3101R02.jpg,S3141R07.jpg,S3101R02,S3141R07,unrelated
S3101R02.jpg,S3141R10.jpg,S3101R02,S3141R10,unrelated
S3101R02.jpg,S3141R04.jpg,S3101R02,S3141R04,unrelated
S3101R02.jpg,S3141R06.jpg,S3101R02,S3141R06,unrelated
S3101R02.jpg,S3142L03.jpg,S3101R02,S3142L03,unrelated
S3101R02.jpg,S3142L02.jpg,S3101R02,S3142L02,unrelated
S3101R02.jpg,S3142L04.jpg,S3101R02,S3142L04,unrelated
S3101R02.jpg,S3142L07.jpg,S3101R02,S3142L07,unrelated
S3101R02.jpg,S3142R08.jpg,S3101R02,S3142R08,unrelated
S3101R02.jpg,S3142R07.jpg,S3101R02,S3142R07,unrelated
S3101R02.jpg,S3142R10.jpg,S3101R02,S3142R10,unrelated
S3101R02.jpg,S3142R09.jpg,S3101R02,S3142R09,unrelated
S3101R02.jpg,S3121L03.jpg,S3101R02,S3121L03,unrelated
S3101R02.jpg,S3121L02.jpg,S3101R02,S3121L02,unrelated
S3101R02.jpg,S3121L01.jpg,S3101R02,S3121L01,unrelated
S3101R02.jpg,S3121R04.jpg,S3101R02,S3121R04,unrelated
S3101R02.jpg,S3121R02.jpg,S3101R02,S3121R02,unrelated
S3101R02.jpg,S3121R01.jpg,S3101R02,S3121R01,unrelated
S3101R02.jpg,S3121R08.jpg,S3101R02,S3121R08,unrelated
S3101R02.jpg,S3121R07.jpg,S3101R02,S3121R07,unrelated
S3101R02.jpg,S3122L09.jpg,S3101R02,S3122L09,unrelated
S3101R02.jpg,S3122L07.jpg,S3101R02,S3122L07,unrelated
S3101R02.jpg,S3122L10.jpg,S3101R02,S3122L10,unrelated
S3101R02.jpg,S3122L01.jpg,S3101R02,S3122L01,unrelated
S3101R02.jpg,S3122L05.jpg,S3101R02,S3122L05,unrelated
S3101R02.jpg,S3122R02.jpg,S3101R02,S3122R02,unrelated
S3101R02.jpg,S3122R04.jpg,S3101R02,S3122R04,unrelated
S3101R02.jpg,S3122R03.jpg,S3101R02,S3122R03,unrelated
S3101R02.jpg,S3122R01.jpg,S3101R02,S3122R01,unrelated
S3101R02.jpg,S3051L07.jpg,S3101R02,S3051L07,unrelated
S3101R02.jpg,S3051L08.jpg,S3101R02,S3051L08,unrelated
S3101R02.jpg,S3051L10.jpg,S3101R02,S3051L10,unrelated
S3101R02.jpg,S3051L06.jpg,S3101R02,S3051L06,unrelated
S3101R02.jpg,S3051R01.jpg,S3101R02,S3051R01,unrelated
S3101R02.jpg,S3051R03.jpg,S3101R02,S3051R03,unrelated
S3101R02.jpg,S3052L01.jpg,S3101R02,S3052L01,unrelated
S3101R02.jpg,S3052L02.jpg,S3101R02,S3052L02,unrelated
S3101R02.jpg,S3052L03.jpg,S3101R02,S3052L03,unrelated
S3101R02.jpg,S3052R01.jpg,S3101R02,S3052R01,unrelated
S3101R02.jpg,S3011L07.jpg,S3101R02,S3011L07,unrelated
S3101R02.jpg,S3011R01.jpg,S3101R02,S3011R01,unrelated
S3101R02.jpg,S3011R02.jpg,S3101R02,S3011R02,unrelated
S3101R02.jpg,S3012L07.jpg,S3101R02,S3012L07,unrelated
S3101R02.jpg,S3012L02.jpg,S3101R02,S3012L02,unrelated
S3101R02.jpg,S3012R07.jpg,S3101R02,S3012R07,unrelated
S3101R05.jpg,S3102L10.jpg,S3101R05,S3102L10,twin_cross_eye
S3101R05.jpg,S3102L09.jpg,S3101R05,S3102L09,twin_cross_eye
S3101R05.jpg,S3102L01.jpg,S3101R05,S3102L01,twin_cross_eye
S3101R05.jpg,S3102L07.jpg,S3101R05,S3102L07,twin_cross_eye
S3101R05.jpg,S3102L06.jpg,S3101R05,S3102L06,twin_cross_eye
S3101R05.jpg,S3102R07.jpg,S3101R05,S3102R07,twin_same_eye
S3101R05.jpg,S3102R08.jpg,S3101R05,S3102R08,twin_same_eye
S3101R05.jpg,S3102R02.jpg,S3101R05,S3102R02,twin_same_eye
S3101R05.jpg,S3102R06.jpg,S3101R05,S3102R06,twin_same_eye
S3101R05.jpg,S3102R09.jpg,S3101R05,S3102R09,twin_same_eye
S3101R05.jpg,S3151L06.jpg,S3101R05,S3151L06,unrelated
S3101R05.jpg,S3151L04.jpg,S3101R05,S3151L04,unrelated
S3101R05.jpg,S3151L03.jpg,S3101R05,S3151L03,unrelated
S3101R05.jpg,S3151L05.jpg,S3101R05,S3151L05,unrelated
S3101R05.jpg,S3151L07.jpg,S3101R05,S3151L07,unrelated
S3101R05.jpg,S3151R03.jpg,S3101R05,S3151R03,unrelated
S3101R05.jpg,S3151R01.jpg,S3101R05,S3151R01,unrelated
S3101R05.jpg,S3151R02.jpg,S3101R05,S3151R02,unrelated
S3101R05.jpg,S3152R04.jpg,S3101R05,S3152R04,unrelated
S3101R05.jpg,S3152R03.jpg,S3101R05,S3152R03,unrelated
S3101R05.jpg,S3152R02.jpg,S3101R05,S3152R02,unrelated
S3101R05.jpg,S3152R07.jpg,S3101R05,S3152R07,unrelated
S3101R05.jpg,S3181R04.jpg,S3101R05,S3181R04,unrelated
S3101R05.jpg,S3181R05.jpg,S3101R05,S3181R05,unrelated
S3101R05.jpg,S3182L01.jpg,S3101R05,S3182L01,unrelated
S3101R05.jpg,S3182R05.jpg,S3101R05,S3182R05,unrelated
S3101R05.jpg,S3182R06.jpg,S3101R05,S3182R06,unrelated
S3101R05.jpg,S3182R04.jpg,S3101R05,S3182R04,unrelated
S3101R05.jpg,S3182R03.jpg,S3101R05,S3182R03,unrelated
S3101R05.jpg,S3182R07.jpg,S3101R05,S3182R07,unrelated
S3101R05.jpg,S3141L03.jpg,S3101R05,S3141L03,unrelated
S3101R05.jpg,S3141R07.jpg,S3101R05,S3141R07,unrelated
S3101R05.jpg,S3141R10.jpg,S3101R05,S3141R10,unrelated
S3101R05.jpg,S3141R04.jpg,S3101R05,S3141R04,unrelated
S3101R05.jpg,S3141R06.jpg,S3101R05,S3141R06,unrelated
S3101R05.jpg,S3142L03.jpg,S3101R05,S3142L03,unrelated
S3101R05.jpg,S3142L02.jpg,S3101R05,S3142L02,unrelated
S3101R05.jpg,S3142L04.jpg,S3101R05,S3142L04,unrelated
S3101R05.jpg,S3142L07.jpg,S3101R05,S3142L07,unrelated
S3101R05.jpg,S3142R08.jpg,S3101R05,S3142R08,unrelated
S3101R05.jpg,S3142R07.jpg,S3101R05,S3142R07,unrelated
S3101R05.jpg,S3142R10.jpg,S3101R05,S3142R10,unrelated
S3101R05.jpg,S3142R09.jpg,S3101R05,S3142R09,unrelated
S3101R05.jpg,S3121L03.jpg,S3101R05,S3121L03,unrelated
S3101R05.jpg,S3121L02.jpg,S3101R05,S3121L02,unrelated
S3101R05.jpg,S3121L01.jpg,S3101R05,S3121L01,unrelated
S3101R05.jpg,S3121R04.jpg,S3101R05,S3121R04,unrelated
S3101R05.jpg,S3121R02.jpg,S3101R05,S3121R02,unrelated
S3101R05.jpg,S3121R01.jpg,S3101R05,S3121R01,unrelated
S3101R05.jpg,S3121R08.jpg,S3101R05,S3121R08,unrelated
S3101R05.jpg,S3121R07.jpg,S3101R05,S3121R07,unrelated
S3101R05.jpg,S3122L09.jpg,S3101R05,S3122L09,unrelated
S3101R05.jpg,S3122L07.jpg,S3101R05,S3122L07,unrelated
S3101R05.jpg,S3122L10.jpg,S3101R05,S3122L10,unrelated
S3101R05.jpg,S3122L01.jpg,S3101R05,S3122L01,unrelated
S3101R05.jpg,S3122L05.jpg,S3101R05,S3122L05,unrelated
S3101R05.jpg,S3122R02.jpg,S3101R05,S3122R02,unrelated
S3101R05.jpg,S3122R04.jpg,S3101R05,S3122R04,unrelated
S3101R05.jpg,S3122R03.jpg,S3101R05,S3122R03,unrelated
S3101R05.jpg,S3122R01.jpg,S3101R05,S3122R01,unrelated
S3101R05.jpg,S3051L07.jpg,S3101R05,S3051L07,unrelated
S3101R05.jpg,S3051L08.jpg,S3101R05,S3051L08,unrelated
S3101R05.jpg,S3051L10.jpg,S3101R05,S3051L10,unrelated
S3101R05.jpg,S3051L06.jpg,S3101R05,S3051L06,unrelated
S3101R05.jpg,S3051R01.jpg,S3101R05,S3051R01,unrelated
S3101R05.jpg,S3051R03.jpg,S3101R05,S3051R03,unrelated
S3101R05.jpg,S3052L01.jpg,S3101R05,S3052L01,unrelated
S3101R05.jpg,S3052L02.jpg,S3101R05,S3052L02,unrelated
S3101R05.jpg,S3052L03.jpg,S3101R05,S3052L03,unrelated
S3101R05.jpg,S3052R01.jpg,S3101R05,S3052R01,unrelated
S3101R05.jpg,S3011L07.jpg,S3101R05,S3011L07,unrelated
S3101R05.jpg,S3011R01.jpg,S3101R05,S3011R01,unrelated
S3101R05.jpg,S3011R02.jpg,S3101R05,S3011R02,unrelated
S3101R05.jpg,S3012L07.jpg,S3101R05,S3012L07,unrelated
S3101R05.jpg,S3012L02.jpg,S3101R05,S3012L02,unrelated
S3101R05.jpg,S3012R07.jpg,S3101R05,S3012R07,unrelated
S3102L10.jpg,S3102L09.jpg,S3102L10,S3102L09,genuine
S3102L10.jpg,S3102L01.jpg,S3102L10,S3102L01,genuine
S3102L10.jpg,S3102L07.jpg,S3102L10,S3102L07,genuine
S3102L10.jpg,S3102L06.jpg,S3102L10,S3102L06,genuine
S3102L10.jpg,S3102R07.jpg,S3102L10,S3102R07,same_subject_different_eye
S3102L10.jpg,S3102R08.jpg,S3102L10,S3102R08,same_subject_different_eye
S3102L10.jpg,S3102R02.jpg,S3102L10,S3102R02,same_subject_different_eye
S3102L10.jpg,S3102R06.jpg,S3102L10,S3102R06,same_subject_different_eye
S3102L10.jpg,S3102R09.jpg,S3102L10,S3102R09,same_subject_different_eye
S3102L10.jpg,S3151L06.jpg,S3102L10,S3151L06,unrelated
S3102L10.jpg,S3151L04.jpg,S3102L10,S3151L04,unrelated
S3102L10.jpg,S3151L03.jpg,S3102L10,S3151L03,unrelated
S3102L10.jpg,S3151L05.jpg,S3102L10,S3151L05,unrelated
S3102L10.jpg,S3151L07.jpg,S3102L10,S3151L07,unrelated
S3102L10.jpg,S3151R03.jpg,S3102L10,S3151R03,unrelated
S3102L10.jpg,S3151R01.jpg,S3102L10,S3151R01,unrelated
S3102L10.jpg,S3151R02.jpg,S3102L10,S3151R02,unrelated
S3102L10.jpg,S3152R04.jpg,S3102L10,S3152R04,unrelated
S3102L10.jpg,S3152R03.jpg,S3102L10,S3152R03,unrelated
S3102L10.jpg,S3152R02.jpg,S3102L10,S3152R02,unrelated
S3102L10.jpg,S3152R07.jpg,S3102L10,S3152R07,unrelated
S3102L10.jpg,S3181R04.jpg,S3102L10,S3181R04,unrelated
S3102L10.jpg,S3181R05.jpg,S3102L10,S3181R05,unrelated
S3102L10.jpg,S3182L01.jpg,S3102L10,S3182L01,unrelated
S3102L10.jpg,S3182R05.jpg,S3102L10,S3182R05,unrelated
S3102L10.jpg,S3182R06.jpg,S3102L10,S3182R06,unrelated
S3102L10.jpg,S3182R04.jpg,S3102L10,S3182R04,unrelated
S3102L10.jpg,S3182R03.jpg,S3102L10,S3182R03,unrelated
S3102L10.jpg,S3182R07.jpg,S3102L10,S3182R07,unrelated
S3102L10.jpg,S3141L03.jpg,S3102L10,S3141L03,unrelated
S3102L10.jpg,S3141R07.jpg,S3102L10,S3141R07,unrelated
S3102L10.jpg,S3141R10.jpg,S3102L10,S3141R10,unrelated
S3102L10.jpg,S3141R04.jpg,S3102L10,S3141R04,unrelated
S3102L10.jpg,S3141R06.jpg,S3102L10,S3141R06,unrelated
S3102L10.jpg,S3142L03.jpg,S3102L10,S3142L03,unrelated
S3102L10.jpg,S3142L02.jpg,S3102L10,S3142L02,unrelated
S3102L10.jpg,S3142L04.jpg,S3102L10,S3142L04,unrelated
S3102L10.jpg,S3142L07.jpg,S3102L10,S3142L07,unrelated
S3102L10.jpg,S3142R08.jpg,S3102L10,S3142R08,unrelated
S3102L10.jpg,S3142R07.jpg,S3102L10,S3142R07,unrelated
S3102L10.jpg,S3142R10.jpg,S3102L10,S3142R10,unrelated
S3102L10.jpg,S3142R09.jpg,S3102L10,S3142R09,unrelated
S3102L10.jpg,S3121L03.jpg,S3102L10,S3121L03,unrelated
S3102L10.jpg,S3121L02.jpg,S3102L10,S3121L02,unrelated
S3102L10.jpg,S3121L01.jpg,S3102L10,S3121L01,unrelated
S3102L10.jpg,S3121R04.jpg,S3102L10,S3121R04,unrelated
S3102L10.jpg,S3121R02.jpg,S3102L10,S3121R02,unrelated
S3102L10.jpg,S3121R01.jpg,S3102L10,S3121R01,unrelated
S3102L10.jpg,S3121R08.jpg,S3102L10,S3121R08,unrelated
S3102L10.jpg,S3121R07.jpg,S3102L10,S3121R07,unrelated
S3102L10.jpg,S3122L09.jpg,S3102L10,S3122L09,unrelated
S3102L10.jpg,S3122L07.jpg,S3102L10,S3122L07,unrelated
S3102L10.jpg,S3122L10.jpg,S3102L10,S3122L10,unrelated
S3102L10.jpg,S3122L01.jpg,S3102L10,S3122L01,unrelated
S3102L10.jpg,S3122L05.jpg,S3102L10,S3122L05,unrelated
S3102L10.jpg,S3122R02.jpg,S3102L10,S3122R02,unrelated
S3102L10.jpg,S3122R04.jpg,S3102L10,S3122R04,unrelated
S3102L10.jpg,S3122R03.jpg,S3102L10,S3122R03,unrelated
S3102L10.jpg,S3122R01.jpg,S3102L10,S3122R01,unrelated
S3102L10.jpg,S3051L07.jpg,S3102L10,S3051L07,unrelated
S3102L10.jpg,S3051L08.jpg,S3102L10,S3051L08,unrelated
S3102L10.jpg,S3051L10.jpg,S3102L10,S3051L10,unrelated
S3102L10.jpg,S3051L06.jpg,S3102L10,S3051L06,unrelated
S3102L10.jpg,S3051R01.jpg,S3102L10,S3051R01,unrelated
S3102L10.jpg,S3051R03.jpg,S3102L10,S3051R03,unrelated
S3102L10.jpg,S3052L01.jpg,S3102L10,S3052L01,unrelated
S3102L10.jpg,S3052L02.jpg,S3102L10,S3052L02,unrelated
S3102L10.jpg,S3052L03.jpg,S3102L10,S3052L03,unrelated
S3102L10.jpg,S3052R01.jpg,S3102L10,S3052R01,unrelated
S3102L10.jpg,S3011L07.jpg,S3102L10,S3011L07,unrelated
S3102L10.jpg,S3011R01.jpg,S3102L10,S3011R01,unrelated
S3102L10.jpg,S3011R02.jpg,S3102L10,S3011R02,unrelated
S3102L10.jpg,S3012L07.jpg,S3102L10,S3012L07,unrelated
S3102L10.jpg,S3012L02.jpg,S3102L10,S3012L02,unrelated
S3102L10.jpg,S3012R07.jpg,S3102L10,S3012R07,unrelated
S3102L09.jpg,S3102L01.jpg,S3102L09,S3102L01,genuine
S3102L09.jpg,S3102L07.jpg,S3102L09,S3102L07,genuine
S3102L09.jpg,S3102L06.jpg,S3102L09,S3102L06,genuine
S3102L09.jpg,S3102R07.jpg,S3102L09,S3102R07,same_subject_different_eye
S3102L09.jpg,S3102R08.jpg,S3102L09,S3102R08,same_subject_different_eye
S3102L09.jpg,S3102R02.jpg,S3102L09,S3102R02,same_subject_different_eye
S3102L09.jpg,S3102R06.jpg,S3102L09,S3102R06,same_subject_different_eye
S3102L09.jpg,S3102R09.jpg,S3102L09,S3102R09,same_subject_different_eye
S3102L09.jpg,S3151L06.jpg,S3102L09,S3151L06,unrelated
S3102L09.jpg,S3151L04.jpg,S3102L09,S3151L04,unrelated
S3102L09.jpg,S3151L03.jpg,S3102L09,S3151L03,unrelated
S3102L09.jpg,S3151L05.jpg,S3102L09,S3151L05,unrelated
S3102L09.jpg,S3151L07.jpg,S3102L09,S3151L07,unrelated
S3102L09.jpg,S3151R03.jpg,S3102L09,S3151R03,unrelated
S3102L09.jpg,S3151R01.jpg,S3102L09,S3151R01,unrelated
S3102L09.jpg,S3151R02.jpg,S3102L09,S3151R02,unrelated
S3102L09.jpg,S3152R04.jpg,S3102L09,S3152R04,unrelated
S3102L09.jpg,S3152R03.jpg,S3102L09,S3152R03,unrelated
S3102L09.jpg,S3152R02.jpg,S3102L09,S3152R02,unrelated
S3102L09.jpg,S3152R07.jpg,S3102L09,S3152R07,unrelated
S3102L09.jpg,S3181R04.jpg,S3102L09,S3181R04,unrelated
S3102L09.jpg,S3181R05.jpg,S3102L09,S3181R05,unrelated
S3102L09.jpg,S3182L01.jpg,S3102L09,S3182L01,unrelated
S3102L09.jpg,S3182R05.jpg,S3102L09,S3182R05,unrelated
S3102L09.jpg,S3182R06.jpg,S3102L09,S3182R06,unrelated
S3102L09.jpg,S3182R04.jpg,S3102L09,S3182R04,unrelated
S3102L09.jpg,S3182R03.jpg,S3102L09,S3182R03,unrelated
S3102L09.jpg,S3182R07.jpg,S3102L09,S3182R07,unrelated
S3102L09.jpg,S3141L03.jpg,S3102L09,S3141L03,unrelated
S3102L09.jpg,S3141R07.jpg,S3102L09,S3141R07,unrelated
S3102L09.jpg,S3141R10.jpg,S3102L09,S3141R10,unrelated
S3102L09.jpg,S3141R04.jpg,S3102L09,S3141R04,unrelated
S3102L09.jpg,S3141R06.jpg,S3102L09,S3141R06,unrelated
S3102L09.jpg,S3142L03.jpg,S3102L09,S3142L03,unrelated
S3102L09.jpg,S3142L02.jpg,S3102L09,S3142L02,unrelated
S3102L09.jpg,S3142L04.jpg,S3102L09,S3142L04,unrelated
S3102L09.jpg,S3142L07.jpg,S3102L09,S3142L07,unrelated
S3102L09.jpg,S3142R08.jpg,S3102L09,S3142R08,unrelated
S3102L09.jpg,S3142R07.jpg,S3102L09,S3142R07,unrelated
S3102L09.jpg,S3142R10.jpg,S3102L09,S3142R10,unrelated
S3102L09.jpg,S3142R09.jpg,S3102L09,S3142R09,unrelated
S3102L09.jpg,S3121L03.jpg,S3102L09,S3121L03,unrelated
S3102L09.jpg,S3121L02.jpg,S3102L09,S3121L02,unrelated
S3102L09.jpg,S3121L01.jpg,S3102L09,S3121L01,unrelated
S3102L09.jpg,S3121R04.jpg,S3102L09,S3121R04,unrelated
S3102L09.jpg,S3121R02.jpg,S3102L09,S3121R02,unrelated
S3102L09.jpg,S3121R01.jpg,S3102L09,S3121R01,unrelated
S3102L09.jpg,S3121R08.jpg,S3102L09,S3121R08,unrelated
S3102L09.jpg,S3121R07.jpg,S3102L09,S3121R07,unrelated
S3102L09.jpg,S3122L09.jpg,S3102L09,S3122L09,unrelated
S3102L09.jpg,S3122L07.jpg,S3102L09,S3122L07,unrelated
S3102L09.jpg,S3122L10.jpg,S3102L09,S3122L10,unrelated
S3102L09.jpg,S3122L01.jpg,S3102L09,S3122L01,unrelated
S3102L09.jpg,S3122L05.jpg,S3102L09,S3122L05,unrelated
S3102L09.jpg,S3122R02.jpg,S3102L09,S3122R02,unrelated
S3102L09.jpg,S3122R04.jpg,S3102L09,S3122R04,unrelated
S3102L09.jpg,S3122R03.jpg,S3102L09,S3122R03,unrelated
S3102L09.jpg,S3122R01.jpg,S3102L09,S3122R01,unrelated
S3102L09.jpg,S3051L07.jpg,S3102L09,S3051L07,unrelated
S3102L09.jpg,S3051L08.jpg,S3102L09,S3051L08,unrelated
S3102L09.jpg,S3051L10.jpg,S3102L09,S3051L10,unrelated
S3102L09.jpg,S3051L06.jpg,S3102L09,S3051L06,unrelated
S3102L09.jpg,S3051R01.jpg,S3102L09,S3051R01,unrelated
S3102L09.jpg,S3051R03.jpg,S3102L09,S3051R03,unrelated
S3102L09.jpg,S3052L01.jpg,S3102L09,S3052L01,unrelated
S3102L09.jpg,S3052L02.jpg,S3102L09,S3052L02,unrelated
S3102L09.jpg,S3052L03.jpg,S3102L09,S3052L03,unrelated
S3102L09.jpg,S3052R01.jpg,S3102L09,S3052R01,unrelated
S3102L09.jpg,S3011L07.jpg,S3102L09,S3011L07,unrelated
S3102L09.jpg,S3011R01.jpg,S3102L09,S3011R01,unrelated
S3102L09.jpg,S3011R02.jpg,S3102L09,S3011R02,unrelated
S3102L09.jpg,S3012L07.jpg,S3102L09,S3012L07,unrelated
S3102L09.jpg,S3012L02.jpg,S3102L09,S3012L02,unrelated
S3102L09.jpg,S3012R07.jpg,S3102L09,S3012R07,unrelated
S3102L01.jpg,S3102L07.jpg,S3102L01,S3102L07,genuine
S3102L01.jpg,S3102L06.jpg,S3102L01,S3102L06,genuine
S3102L01.jpg,S3102R07.jpg,S3102L01,S3102R07,same_subject_different_eye
S3102L01.jpg,S3102R08.jpg,S3102L01,S3102R08,same_subject_different_eye
S3102L01.jpg,S3102R02.jpg,S3102L01,S3102R02,same_subject_different_eye
S3102L01.jpg,S3102R06.jpg,S3102L01,S3102R06,same_subject_different_eye
S3102L01.jpg,S3102R09.jpg,S3102L01,S3102R09,same_subject_different_eye
S3102L01.jpg,S3151L06.jpg,S3102L01,S3151L06,unrelated
S3102L01.jpg,S3151L04.jpg,S3102L01,S3151L04,unrelated
S3102L01.jpg,S3151L03.jpg,S3102L01,S3151L03,unrelated
S3102L01.jpg,S3151L05.jpg,S3102L01,S3151L05,unrelated
S3102L01.jpg,S3151L07.jpg,S3102L01,S3151L07,unrelated
S3102L01.jpg,S3151R03.jpg,S3102L01,S3151R03,unrelated
S3102L01.jpg,S3151R01.jpg,S3102L01,S3151R01,unrelated
S3102L01.jpg,S3151R02.jpg,S3102L01,S3151R02,unrelated
S3102L01.jpg,S3152R04.jpg,S3102L01,S3152R04,unrelated
S3102L01.jpg,S3152R03.jpg,S3102L01,S3152R03,unrelated
S3102L01.jpg,S3152R02.jpg,S3102L01,S3152R02,unrelated
S3102L01.jpg,S3152R07.jpg,S3102L01,S3152R07,unrelated
S3102L01.jpg,S3181R04.jpg,S3102L01,S3181R04,unrelated
S3102L01.jpg,S3181R05.jpg,S3102L01,S3181R05,unrelated
S3102L01.jpg,S3182L01.jpg,S3102L01,S3182L01,unrelated
S3102L01.jpg,S3182R05.jpg,S3102L01,S3182R05,unrelated
S3102L01.jpg,S3182R06.jpg,S3102L01,S3182R06,unrelated
S3102L01.jpg,S3182R04.jpg,S3102L01,S3182R04,unrelated
S3102L01.jpg,S3182R03.jpg,S3102L01,S3182R03,unrelated
S3102L01.jpg,S3182R07.jpg,S3102L01,S3182R07,unrelated
S3102L01.jpg,S3141L03.jpg,S3102L01,S3141L03,unrelated
S3102L01.jpg,S3141R07.jpg,S3102L01,S3141R07,unrelated
S3102L01.jpg,S3141R10.jpg,S3102L01,S3141R10,unrelated
S3102L01.jpg,S3141R04.jpg,S3102L01,S3141R04,unrelated
S3102L01.jpg,S3141R06.jpg,S3102L01,S3141R06,unrelated
S3102L01.jpg,S3142L03.jpg,S3102L01,S3142L03,unrelated
S3102L01.jpg,S3142L02.jpg,S3102L01,S3142L02,unrelated
S3102L01.jpg,S3142L04.jpg,S3102L01,S3142L04,unrelated
S3102L01.jpg,S3142L07.jpg,S3102L01,S3142L07,unrelated
S3102L01.jpg,S3142R08.jpg,S3102L01,S3142R08,unrelated
S3102L01.jpg,S3142R07.jpg,S3102L01,S3142R07,unrelated
S3102L01.jpg,S3142R10.jpg,S3102L01,S3142R10,unrelated
S3102L01.jpg,S3142R09.jpg,S3102L01,S3142R09,unrelated
S3102L01.jpg,S3121L03.jpg,S3102L01,S3121L03,unrelated
S3102L01.jpg,S3121L02.jpg,S3102L01,S3121L02,unrelated
S3102L01.jpg,S3121L01.jpg,S3102L01,S3121L01,unrelated
S3102L01.jpg,S3121R04.jpg,S3102L01,S3121R04,unrelated
S3102L01.jpg,S3121R02.jpg,S3102L01,S3121R02,unrelated
S3102L01.jpg,S3121R01.jpg,S3102L01,S3121R01,unrelated
S3102L01.jpg,S3121R08.jpg,S3102L01,S3121R08,unrelated
S3102L01.jpg,S3121R07.jpg,S3102L01,S3121R07,unrelated
S3102L01.jpg,S3122L09.jpg,S3102L01,S3122L09,unrelated
S3102L01.jpg,S3122L07.jpg,S3102L01,S3122L07,unrelated
S3102L01.jpg,S3122L10.jpg,S3102L01,S3122L10,unrelated
S3102L01.jpg,S3122L01.jpg,S3102L01,S3122L01,unrelated
S3102L01.jpg,S3122L05.jpg,S3102L01,S3122L05,unrelated
S3102L01.jpg,S3122R02.jpg,S3102L01,S3122R02,unrelated
S3102L01.jpg,S3122R04.jpg,S3102L01,S3122R04,unrelated
S3102L01.jpg,S3122R03.jpg,S3102L01,S3122R03,unrelated
S3102L01.jpg,S3122R01.jpg,S3102L01,S3122R01,unrelated
S3102L01.jpg,S3051L07.jpg,S3102L01,S3051L07,unrelated
S3102L01.jpg,S3051L08.jpg,S3102L01,S3051L08,unrelated
S3102L01.jpg,S3051L10.jpg,S3102L01,S3051L10,unrelated
S3102L01.jpg,S3051L06.jpg,S3102L01,S3051L06,unrelated
S3102L01.jpg,S3051R01.jpg,S3102L01,S3051R01,unrelated
S3102L01.jpg,S3051R03.jpg,S3102L01,S3051R03,unrelated
S3102L01.jpg,S3052L01.jpg,S3102L01,S3052L01,unrelated
S3102L01.jpg,S3052L02.jpg,S3102L01,S3052L02,unrelated
S3102L01.jpg,S3052L03.jpg,S3102L01,S3052L03,unrelated
S3102L01.jpg,S3052R01.jpg,S3102L01,S3052R01,unrelated
S3102L01.jpg,S3011L07.jpg,S3102L01,S3011L07,unrelated
S3102L01.jpg,S3011R01.jpg,S3102L01,S3011R01,unrelated
S3102L01.jpg,S3011R02.jpg,S3102L01,S3011R02,unrelated
S3102L01.jpg,S3012L07.jpg,S3102L01,S3012L07,unrelated
S3102L01.jpg,S3012L02.jpg,S3102L01,S3012L02,unrelated
S3102L01.jpg,S3012R07.jpg,S3102L01,S3012R07,unrelated
S3102L07.jpg,S3102L06.jpg,S3102L07,S3102L06,genuine
S3102L07.jpg,S3102R07.jpg,S3102L07,S3102R07,same_subject_different_eye
S3102L07.jpg,S3102R08.jpg,S3102L07,S3102R08,same_subject_different_eye
S3102L07.jpg,S3102R02.jpg,S3102L07,S3102R02,same_subject_different_eye
S3102L07.jpg,S3102R06.jpg,S3102L07,S3102R06,same_subject_different_eye
S3102L07.jpg,S3102R09.jpg,S3102L07,S3102R09,same_subject_different_eye
S3102L07.jpg,S3151L06.jpg,S3102L07,S3151L06,unrelated
S3102L07.jpg,S3151L04.jpg,S3102L07,S3151L04,unrelated
S3102L07.jpg,S3151L03.jpg,S3102L07,S3151L03,unrelated
S3102L07.jpg,S3151L05.jpg,S3102L07,S3151L05,unrelated
S3102L07.jpg,S3151L07.jpg,S3102L07,S3151L07,unrelated
S3102L07.jpg,S3151R03.jpg,S3102L07,S3151R03,unrelated
S3102L07.jpg,S3151R01.jpg,S3102L07,S3151R01,unrelated
S3102L07.jpg,S3151R02.jpg,S3102L07,S3151R02,unrelated
S3102L07.jpg,S3152R04.jpg,S3102L07,S3152R04,unrelated
S3102L07.jpg,S3152R03.jpg,S3102L07,S3152R03,unrelated
S3102L07.jpg,S3152R02.jpg,S3102L07,S3152R02,unrelated
S3102L07.jpg,S3152R07.jpg,S3102L07,S3152R07,unrelated
S3102L07.jpg,S3181R04.jpg,S3102L07,S3181R04,unrelated
S3102L07.jpg,S3181R05.jpg,S3102L07,S3181R05,unrelated
S3102L07.jpg,S3182L01.jpg,S3102L07,S3182L01,unrelated
S3102L07.jpg,S3182R05.jpg,S3102L07,S3182R05,unrelated
S3102L07.jpg,S3182R06.jpg,S3102L07,S3182R06,unrelated
S3102L07.jpg,S3182R04.jpg,S3102L07,S3182R04,unrelated
S3102L07.jpg,S3182R03.jpg,S3102L07,S3182R03,unrelated
S3102L07.jpg,S3182R07.jpg,S3102L07,S3182R07,unrelated
S3102L07.jpg,S3141L03.jpg,S3102L07,S3141L03,unrelated
S3102L07.jpg,S3141R07.jpg,S3102L07,S3141R07,unrelated
S3102L07.jpg,S3141R10.jpg,S3102L07,S3141R10,unrelated
S3102L07.jpg,S3141R04.jpg,S3102L07,S3141R04,unrelated
S3102L07.jpg,S3141R06.jpg,S3102L07,S3141R06,unrelated
S3102L07.jpg,S3142L03.jpg,S3102L07,S3142L03,unrelated
S3102L07.jpg,S3142L02.jpg,S3102L07,S3142L02,unrelated
S3102L07.jpg,S3142L04.jpg,S3102L07,S3142L04,unrelated
S3102L07.jpg,S3142L07.jpg,S3102L07,S3142L07,unrelated
S3102L07.jpg,S3142R08.jpg,S3102L07,S3142R08,unrelated
S3102L07.jpg,S3142R07.jpg,S3102L07,S3142R07,unrelated
S3102L07.jpg,S3142R10.jpg,S3102L07,S3142R10,unrelated
S3102L07.jpg,S3142R09.jpg,S3102L07,S3142R09,unrelated
S3102L07.jpg,S3121L03.jpg,S3102L07,S3121L03,unrelated
S3102L07.jpg,S3121L02.jpg,S3102L07,S3121L02,unrelated
S3102L07.jpg,S3121L01.jpg,S3102L07,S3121L01,unrelated
S3102L07.jpg,S3121R04.jpg,S3102L07,S3121R04,unrelated
S3102L07.jpg,S3121R02.jpg,S3102L07,S3121R02,unrelated
S3102L07.jpg,S3121R01.jpg,S3102L07,S3121R01,unrelated
S3102L07.jpg,S3121R08.jpg,S3102L07,S3121R08,unrelated
S3102L07.jpg,S3121R07.jpg,S3102L07,S3121R07,unrelated
S3102L07.jpg,S3122L09.jpg,S3102L07,S3122L09,unrelated
S3102L07.jpg,S3122L07.jpg,S3102L07,S3122L07,unrelated
S3102L07.jpg,S3122L10.jpg,S3102L07,S3122L10,unrelated
S3102L07.jpg,S3122L01.jpg,S3102L07,S3122L01,unrelated
S3102L07.jpg,S3122L05.jpg,S3102L07,S3122L05,unrelated
S3102L07.jpg,S3122R02.jpg,S3102L07,S3122R02,unrelated
S3102L07.jpg,S3122R04.jpg,S3102L07,S3122R04,unrelated
S3102L07.jpg,S3122R03.jpg,S3102L07,S3122R03,unrelated
S3102L07.jpg,S3122R01.jpg,S3102L07,S3122R01,unrelated
S3102L07.jpg,S3051L07.jpg,S3102L07,S3051L07,unrelated
S3102L07.jpg,S3051L08.jpg,S3102L07,S3051L08,unrelated
S3102L07.jpg,S3051L10.jpg,S3102L07,S3051L10,unrelated
S3102L07.jpg,S3051L06.jpg,S3102L07,S3051L06,unrelated
S3102L07.jpg,S3051R01.jpg,S3102L07,S3051R01,unrelated
S3102L07.jpg,S3051R03.jpg,S3102L07,S3051R03,unrelated
S3102L07.jpg,S3052L01.jpg,S3102L07,S3052L01,unrelated
S3102L07.jpg,S3052L02.jpg,S3102L07,S3052L02,unrelated
S3102L07.jpg,S3052L03.jpg,S3102L07,S3052L03,unrelated
S3102L07.jpg,S3052R01.jpg,S3102L07,S3052R01,unrelated
S3102L07.jpg,S3011L07.jpg,S3102L07,S3011L07,unrelated
S3102L07.jpg,S3011R01.jpg,S3102L07,S3011R01,unrelated
S3102L07.jpg,S3011R02.jpg,S3102L07,S3011R02,unrelated
S3102L07.jpg,S3012L07.jpg,S3102L07,S3012L07,unrelated
S3102L07.jpg,S3012L02.jpg,S3102L07,S3012L02,unrelated
S3102L07.jpg,S3012R07.jpg,S3102L07,S3012R07,unrelated
S3102L06.jpg,S3102R07.jpg,S3102L06,S3102R07,same_subject_different_eye
S3102L06.jpg,S3102R08.jpg,S3102L06,S3102R08,same_subject_different_eye
S3102L06.jpg,S3102R02.jpg,S3102L06,S3102R02,same_subject_different_eye
S3102L06.jpg,S3102R06.jpg,S3102L06,S3102R06,same_subject_different_eye
S3102L06.jpg,S3102R09.jpg,S3102L06,S3102R09,same_subject_different_eye
S3102L06.jpg,S3151L06.jpg,S3102L06,S3151L06,unrelated
S3102L06.jpg,S3151L04.jpg,S3102L06,S3151L04,unrelated
S3102L06.jpg,S3151L03.jpg,S3102L06,S3151L03,unrelated
S3102L06.jpg,S3151L05.jpg,S3102L06,S3151L05,unrelated
S3102L06.jpg,S3151L07.jpg,S3102L06,S3151L07,unrelated
S3102L06.jpg,S3151R03.jpg,S3102L06,S3151R03,unrelated
S3102L06.jpg,S3151R01.jpg,S3102L06,S3151R01,unrelated
S3102L06.jpg,S3151R02.jpg,S3102L06,S3151R02,unrelated
S3102L06.jpg,S3152R04.jpg,S3102L06,S3152R04,unrelated
S3102L06.jpg,S3152R03.jpg,S3102L06,S3152R03,unrelated
S3102L06.jpg,S3152R02.jpg,S3102L06,S3152R02,unrelated
S3102L06.jpg,S3152R07.jpg,S3102L06,S3152R07,unrelated
S3102L06.jpg,S3181R04.jpg,S3102L06,S3181R04,unrelated
S3102L06.jpg,S3181R05.jpg,S3102L06,S3181R05,unrelated
S3102L06.jpg,S3182L01.jpg,S3102L06,S3182L01,unrelated
S3102L06.jpg,S3182R05.jpg,S3102L06,S3182R05,unrelated
S3102L06.jpg,S3182R06.jpg,S3102L06,S3182R06,unrelated
S3102L06.jpg,S3182R04.jpg,S3102L06,S3182R04,unrelated
S3102L06.jpg,S3182R03.jpg,S3102L06,S3182R03,unrelated
S3102L06.jpg,S3182R07.jpg,S3102L06,S3182R07,unrelated
S3102L06.jpg,S3141L03.jpg,S3102L06,S3141L03,unrelated
S3102L06.jpg,S3141R07.jpg,S3102L06,S3141R07,unrelated
S3102L06.jpg,S3141R10.jpg,S3102L06,S3141R10,unrelated
S3102L06.jpg,S3141R04.jpg,S3102L06,S3141R04,unrelated
S3102L06.jpg,S3141R06.jpg,S3102L06,S3141R06,unrelated
S3102L06.jpg,S3142L03.jpg,S3102L06,S3142L03,unrelated
S3102L06.jpg,S3142L02.jpg,S3102L06,S3142L02,unrelated
S3102L06.jpg,S3142L04.jpg,S3102L06,S3142L04,unrelated
S3102L06.jpg,S3142L07.jpg,S3102L06,S3142L07,unrelated
S3102L06.jpg,S3142R08.jpg,S3102L06,S3142R08,unrelated
S3102L06.jpg,S3142R07.jpg,S3102L06,S3142R07,unrelated
S3102L06.jpg,S3142R10.jpg,S3102L06,S3142R10,unrelated
S3102L06.jpg,S3142R09.jpg,S3102L06,S3142R09,unrelated
S3102L06.jpg,S3121L03.jpg,S3102L06,S3121L03,unrelated
S3102L06.jpg,S3121L02.jpg,S3102L06,S3121L02,unrelated
S3102L06.jpg,S3121L01.jpg,S3102L06,S3121L01,unrelated
S3102L06.jpg,S3121R04.jpg,S3102L06,S3121R04,unrelated
S3102L06.jpg,S3121R02.jpg,S3102L06,S3121R02,unrelated
S3102L06.jpg,S3121R01.jpg,S3102L06,S3121R01,unrelated
S3102L06.jpg,S3121R08.jpg,S3102L06,S3121R08,unrelated
S3102L06.jpg,S3121R07.jpg,S3102L06,S3121R07,unrelated
S3102L06.jpg,S3122L09.jpg,S3102L06,S3122L09,unrelated
S3102L06.jpg,S3122L07.jpg,S3102L06,S3122L07,unrelated
S3102L06.jpg,S3122L10.jpg,S3102L06,S3122L10,unrelated
S3102L06.jpg,S3122L01.jpg,S3102L06,S3122L01,unrelated
S3102L06.jpg,S3122L05.jpg,S3102L06,S3122L05,unrelated
S3102L06.jpg,S3122R02.jpg,S3102L06,S3122R02,unrelated
S3102L06.jpg,S3122R04.jpg,S3102L06,S3122R04,unrelated
S3102L06.jpg,S3122R03.jpg,S3102L06,S3122R03,unrelated
S3102L06.jpg,S3122R01.jpg,S3102L06,S3122R01,unrelated
S3102L06.jpg,S3051L07.jpg,S3102L06,S3051L07,unrelated
S3102L06.jpg,S3051L08.jpg,S3102L06,S3051L08,unrelated
S3102L06.jpg,S3051L10.jpg,S3102L06,S3051L10,unrelated
S3102L06.jpg,S3051L06.jpg,S3102L06,S3051L06,unrelated
S3102L06.jpg,S3051R01.jpg,S3102L06,S3051R01,unrelated
S3102L06.jpg,S3051R03.jpg,S3102L06,S3051R03,unrelated
S3102L06.jpg,S3052L01.jpg,S3102L06,S3052L01,unrelated
S3102L06.jpg,S3052L02.jpg,S3102L06,S3052L02,unrelated
S3102L06.jpg,S3052L03.jpg,S3102L06,S3052L03,unrelated
S3102L06.jpg,S3052R01.jpg,S3102L06,S3052R01,unrelated
S3102L06.jpg,S3011L07.jpg,S3102L06,S3011L07,unrelated
S3102L06.jpg,S3011R01.jpg,S3102L06,S3011R01,unrelated
S3102L06.jpg,S3011R02.jpg,S3102L06,S3011R02,unrelated
S3102L06.jpg,S3012L07.jpg,S3102L06,S3012L07,unrelated
S3102L06.jpg,S3012L02.jpg,S3102L06,S3012L02,unrelated
S3102L06.jpg,S3012R07.jpg,S3102L06,S3012R07,unrelated
S3102R07.jpg,S3102R08.jpg,S3102R07,S3102R08,genuine
S3102R07.jpg,S3102R02.jpg,S3102R07,S3102R02,genuine
S3102R07.jpg,S3102R06.jpg,S3102R07,S3102R06,genuine
S3102R07.jpg,S3102R09.jpg,S3102R07,S3102R09,genuine
S3102R07.jpg,S3151L06.jpg,S3102R07,S3151L06,unrelated
S3102R07.jpg,S3151L04.jpg,S3102R07,S3151L04,unrelated
S3102R07.jpg,S3151L03.jpg,S3102R07,S3151L03,unrelated
S3102R07.jpg,S3151L05.jpg,S3102R07,S3151L05,unrelated
S3102R07.jpg,S3151L07.jpg,S3102R07,S3151L07,unrelated
S3102R07.jpg,S3151R03.jpg,S3102R07,S3151R03,unrelated
S3102R07.jpg,S3151R01.jpg,S3102R07,S3151R01,unrelated
S3102R07.jpg,S3151R02.jpg,S3102R07,S3151R02,unrelated
S3102R07.jpg,S3152R04.jpg,S3102R07,S3152R04,unrelated
S3102R07.jpg,S3152R03.jpg,S3102R07,S3152R03,unrelated
S3102R07.jpg,S3152R02.jpg,S3102R07,S3152R02,unrelated
S3102R07.jpg,S3152R07.jpg,S3102R07,S3152R07,unrelated
S3102R07.jpg,S3181R04.jpg,S3102R07,S3181R04,unrelated
S3102R07.jpg,S3181R05.jpg,S3102R07,S3181R05,unrelated
S3102R07.jpg,S3182L01.jpg,S3102R07,S3182L01,unrelated
S3102R07.jpg,S3182R05.jpg,S3102R07,S3182R05,unrelated
S3102R07.jpg,S3182R06.jpg,S3102R07,S3182R06,unrelated
S3102R07.jpg,S3182R04.jpg,S3102R07,S3182R04,unrelated
S3102R07.jpg,S3182R03.jpg,S3102R07,S3182R03,unrelated
S3102R07.jpg,S3182R07.jpg,S3102R07,S3182R07,unrelated
S3102R07.jpg,S3141L03.jpg,S3102R07,S3141L03,unrelated
S3102R07.jpg,S3141R07.jpg,S3102R07,S3141R07,unrelated
S3102R07.jpg,S3141R10.jpg,S3102R07,S3141R10,unrelated
S3102R07.jpg,S3141R04.jpg,S3102R07,S3141R04,unrelated
S3102R07.jpg,S3141R06.jpg,S3102R07,S3141R06,unrelated
S3102R07.jpg,S3142L03.jpg,S3102R07,S3142L03,unrelated
S3102R07.jpg,S3142L02.jpg,S3102R07,S3142L02,unrelated
S3102R07.jpg,S3142L04.jpg,S3102R07,S3142L04,unrelated
S3102R07.jpg,S3142L07.jpg,S3102R07,S3142L07,unrelated
S3102R07.jpg,S3142R08.jpg,S3102R07,S3142R08,unrelated
S3102R07.jpg,S3142R07.jpg,S3102R07,S3142R07,unrelated
S3102R07.jpg,S3142R10.jpg,S3102R07,S3142R10,unrelated
S3102R07.jpg,S3142R09.jpg,S3102R07,S3142R09,unrelated
S3102R07.jpg,S3121L03.jpg,S3102R07,S3121L03,unrelated
S3102R07.jpg,S3121L02.jpg,S3102R07,S3121L02,unrelated
S3102R07.jpg,S3121L01.jpg,S3102R07,S3121L01,unrelated
S3102R07.jpg,S3121R04.jpg,S3102R07,S3121R04,unrelated
S3102R07.jpg,S3121R02.jpg,S3102R07,S3121R02,unrelated
S3102R07.jpg,S3121R01.jpg,S3102R07,S3121R01,unrelated
S3102R07.jpg,S3121R08.jpg,S3102R07,S3121R08,unrelated
S3102R07.jpg,S3121R07.jpg,S3102R07,S3121R07,unrelated
S3102R07.jpg,S3122L09.jpg,S3102R07,S3122L09,unrelated
S3102R07.jpg,S3122L07.jpg,S3102R07,S3122L07,unrelated
S3102R07.jpg,S3122L10.jpg,S3102R07,S3122L10,unrelated
S3102R07.jpg,S3122L01.jpg,S3102R07,S3122L01,unrelated
S3102R07.jpg,S3122L05.jpg,S3102R07,S3122L05,unrelated
S3102R07.jpg,S3122R02.jpg,S3102R07,S3122R02,unrelated
S3102R07.jpg,S3122R04.jpg,S3102R07,S3122R04,unrelated
S3102R07.jpg,S3122R03.jpg,S3102R07,S3122R03,unrelated
S3102R07.jpg,S3122R01.jpg,S3102R07,S3122R01,unrelated
S3102R07.jpg,S3051L07.jpg,S3102R07,S3051L07,unrelated
S3102R07.jpg,S3051L08.jpg,S3102R07,S3051L08,unrelated
S3102R07.jpg,S3051L10.jpg,S3102R07,S3051L10,unrelated
S3102R07.jpg,S3051L06.jpg,S3102R07,S3051L06,unrelated
S3102R07.jpg,S3051R01.jpg,S3102R07,S3051R01,unrelated
S3102R07.jpg,S3051R03.jpg,S3102R07,S3051R03,unrelated
S3102R07.jpg,S3052L01.jpg,S3102R07,S3052L01,unrelated
S3102R07.jpg,S3052L02.jpg,S3102R07,S3052L02,unrelated
S3102R07.jpg,S3052L03.jpg,S3102R07,S3052L03,unrelated
S3102R07.jpg,S3052R01.jpg,S3102R07,S3052R01,unrelated
S3102R07.jpg,S3011L07.jpg,S3102R07,S3011L07,unrelated
S3102R07.jpg,S3011R01.jpg,S3102R07,S3011R01,unrelated
S3102R07.jpg,S3011R02.jpg,S3102R07,S3011R02,unrelated
S3102R07.jpg,S3012L07.jpg,S3102R07,S3012L07,unrelated
S3102R07.jpg,S3012L02.jpg,S3102R07,S3012L02,unrelated
S3102R07.jpg,S3012R07.jpg,S3102R07,S3012R07,unrelated
S3102R08.jpg,S3102R02.jpg,S3102R08,S3102R02,genuine
S3102R08.jpg,S3102R06.jpg,S3102R08,S3102R06,genuine
S3102R08.jpg,S3102R09.jpg,S3102R08,S3102R09,genuine
S3102R08.jpg,S3151L06.jpg,S3102R08,S3151L06,unrelated
S3102R08.jpg,S3151L04.jpg,S3102R08,S3151L04,unrelated
S3102R08.jpg,S3151L03.jpg,S3102R08,S3151L03,unrelated
S3102R08.jpg,S3151L05.jpg,S3102R08,S3151L05,unrelated
S3102R08.jpg,S3151L07.jpg,S3102R08,S3151L07,unrelated
S3102R08.jpg,S3151R03.jpg,S3102R08,S3151R03,unrelated
S3102R08.jpg,S3151R01.jpg,S3102R08,S3151R01,unrelated
S3102R08.jpg,S3151R02.jpg,S3102R08,S3151R02,unrelated
S3102R08.jpg,S3152R04.jpg,S3102R08,S3152R04,unrelated
S3102R08.jpg,S3152R03.jpg,S3102R08,S3152R03,unrelated
S3102R08.jpg,S3152R02.jpg,S3102R08,S3152R02,unrelated
S3102R08.jpg,S3152R07.jpg,S3102R08,S3152R07,unrelated
S3102R08.jpg,S3181R04.jpg,S3102R08,S3181R04,unrelated
S3102R08.jpg,S3181R05.jpg,S3102R08,S3181R05,unrelated
S3102R08.jpg,S3182L01.jpg,S3102R08,S3182L01,unrelated
S3102R08.jpg,S3182R05.jpg,S3102R08,S3182R05,unrelated
S3102R08.jpg,S3182R06.jpg,S3102R08,S3182R06,unrelated
S3102R08.jpg,S3182R04.jpg,S3102R08,S3182R04,unrelated
S3102R08.jpg,S3182R03.jpg,S3102R08,S3182R03,unrelated
S3102R08.jpg,S3182R07.jpg,S3102R08,S3182R07,unrelated
S3102R08.jpg,S3141L03.jpg,S3102R08,S3141L03,unrelated
S3102R08.jpg,S3141R07.jpg,S3102R08,S3141R07,unrelated
S3102R08.jpg,S3141R10.jpg,S3102R08,S3141R10,unrelated
S3102R08.jpg,S3141R04.jpg,S3102R08,S3141R04,unrelated
S3102R08.jpg,S3141R06.jpg,S3102R08,S3141R06,unrelated
S3102R08.jpg,S3142L03.jpg,S3102R08,S3142L03,unrelated
S3102R08.jpg,S3142L02.jpg,S3102R08,S3142L02,unrelated
S3102R08.jpg,S3142L04.jpg,S3102R08,S3142L04,unrelated
S3102R08.jpg,S3142L07.jpg,S3102R08,S3142L07,unrelated
S3102R08.jpg,S3142R08.jpg,S3102R08,S3142R08,unrelated
S3102R08.jpg,S3142R07.jpg,S3102R08,S3142R07,unrelated
S3102R08.jpg,S3142R10.jpg,S3102R08,S3142R10,unrelated
S3102R08.jpg,S3142R09.jpg,S3102R08,S3142R09,unrelated
S3102R08.jpg,S3121L03.jpg,S3102R08,S3121L03,unrelated
S3102R08.jpg,S3121L02.jpg,S3102R08,S3121L02,unrelated
S3102R08.jpg,S3121L01.jpg,S3102R08,S3121L01,unrelated
S3102R08.jpg,S3121R04.jpg,S3102R08,S3121R04,unrelated
S3102R08.jpg,S3121R02.jpg,S3102R08,S3121R02,unrelated
S3102R08.jpg,S3121R01.jpg,S3102R08,S3121R01,unrelated
S3102R08.jpg,S3121R08.jpg,S3102R08,S3121R08,unrelated
S3102R08.jpg,S3121R07.jpg,S3102R08,S3121R07,unrelated
S3102R08.jpg,S3122L09.jpg,S3102R08,S3122L09,unrelated
S3102R08.jpg,S3122L07.jpg,S3102R08,S3122L07,unrelated
S3102R08.jpg,S3122L10.jpg,S3102R08,S3122L10,unrelated
S3102R08.jpg,S3122L01.jpg,S3102R08,S3122L01,unrelated
S3102R08.jpg,S3122L05.jpg,S3102R08,S3122L05,unrelated
S3102R08.jpg,S3122R02.jpg,S3102R08,S3122R02,unrelated
S3102R08.jpg,S3122R04.jpg,S3102R08,S3122R04,unrelated
S3102R08.jpg,S3122R03.jpg,S3102R08,S3122R03,unrelated
S3102R08.jpg,S3122R01.jpg,S3102R08,S3122R01,unrelated
S3102R08.jpg,S3051L07.jpg,S3102R08,S3051L07,unrelated
S3102R08.jpg,S3051L08.jpg,S3102R08,S3051L08,unrelated
S3102R08.jpg,S3051L10.jpg,S3102R08,S3051L10,unrelated
S3102R08.jpg,S3051L06.jpg,S3102R08,S3051L06,unrelated
S3102R08.jpg,S3051R01.jpg,S3102R08,S3051R01,unrelated
S3102R08.jpg,S3051R03.jpg,S3102R08,S3051R03,unrelated
S3102R08.jpg,S3052L01.jpg,S3102R08,S3052L01,unrelated
S3102R08.jpg,S3052L02.jpg,S3102R08,S3052L02,unrelated
S3102R08.jpg,S3052L03.jpg,S3102R08,S3052L03,unrelated
S3102R08.jpg,S3052R01.jpg,S3102R08,S3052R01,unrelated
S3102R08.jpg,S3011L07.jpg,S3102R08,S3011L07,unrelated
S3102R08.jpg,S3011R01.jpg,S3102R08,S3011R01,unrelated
S3102R08.jpg,S3011R02.jpg,S3102R08,S3011R02,unrelated
S3102R08.jpg,S3012L07.jpg,S3102R08,S3012L07,unrelated
S3102R08.jpg,S3012L02.jpg,S3102R08,S3012L02,unrelated
S3102R08.jpg,S3012R07.jpg,S3102R08,S3012R07,unrelated
S3102R02.jpg,S3102R06.jpg,S3102R02,S3102R06,genuine
S3102R02.jpg,S3102R09.jpg,S3102R02,S3102R09,genuine
S3102R02.jpg,S3151L06.jpg,S3102R02,S3151L06,unrelated
S3102R02.jpg,S3151L04.jpg,S3102R02,S3151L04,unrelated
S3102R02.jpg,S3151L03.jpg,S3102R02,S3151L03,unrelated
S3102R02.jpg,S3151L05.jpg,S3102R02,S3151L05,unrelated
S3102R02.jpg,S3151L07.jpg,S3102R02,S3151L07,unrelated
S3102R02.jpg,S3151R03.jpg,S3102R02,S3151R03,unrelated
S3102R02.jpg,S3151R01.jpg,S3102R02,S3151R01,unrelated
S3102R02.jpg,S3151R02.jpg,S3102R02,S3151R02,unrelated
S3102R02.jpg,S3152R04.jpg,S3102R02,S3152R04,unrelated
S3102R02.jpg,S3152R03.jpg,S3102R02,S3152R03,unrelated
S3102R02.jpg,S3152R02.jpg,S3102R02,S3152R02,unrelated
S3102R02.jpg,S3152R07.jpg,S3102R02,S3152R07,unrelated
S3102R02.jpg,S3181R04.jpg,S3102R02,S3181R04,unrelated
S3102R02.jpg,S3181R05.jpg,S3102R02,S3181R05,unrelated
S3102R02.jpg,S3182L01.jpg,S3102R02,S3182L01,unrelated
S3102R02.jpg,S3182R05.jpg,S3102R02,S3182R05,unrelated
S3102R02.jpg,S3182R06.jpg,S3102R02,S3182R06,unrelated
S3102R02.jpg,S3182R04.jpg,S3102R02,S3182R04,unrelated
S3102R02.jpg,S3182R03.jpg,S3102R02,S3182R03,unrelated
S3102R02.jpg,S3182R07.jpg,S3102R02,S3182R07,unrelated
S3102R02.jpg,S3141L03.jpg,S3102R02,S3141L03,unrelated
S3102R02.jpg,S3141R07.jpg,S3102R02,S3141R07,unrelated
S3102R02.jpg,S3141R10.jpg,S3102R02,S3141R10,unrelated
S3102R02.jpg,S3141R04.jpg,S3102R02,S3141R04,unrelated
S3102R02.jpg,S3141R06.jpg,S3102R02,S3141R06,unrelated
S3102R02.jpg,S3142L03.jpg,S3102R02,S3142L03,unrelated
S3102R02.jpg,S3142L02.jpg,S3102R02,S3142L02,unrelated
S3102R02.jpg,S3142L04.jpg,S3102R02,S3142L04,unrelated
S3102R02.jpg,S3142L07.jpg,S3102R02,S3142L07,unrelated
S3102R02.jpg,S3142R08.jpg,S3102R02,S3142R08,unrelated
S3102R02.jpg,S3142R07.jpg,S3102R02,S3142R07,unrelated
S3102R02.jpg,S3142R10.jpg,S3102R02,S3142R10,unrelated
S3102R02.jpg,S3142R09.jpg,S3102R02,S3142R09,unrelated
S3102R02.jpg,S3121L03.jpg,S3102R02,S3121L03,unrelated
S3102R02.jpg,S3121L02.jpg,S3102R02,S3121L02,unrelated
S3102R02.jpg,S3121L01.jpg,S3102R02,S3121L01,unrelated
S3102R02.jpg,S3121R04.jpg,S3102R02,S3121R04,unrelated
S3102R02.jpg,S3121R02.jpg,S3102R02,S3121R02,unrelated
S3102R02.jpg,S3121R01.jpg,S3102R02,S3121R01,unrelated
S3102R02.jpg,S3121R08.jpg,S3102R02,S3121R08,unrelated
S3102R02.jpg,S3121R07.jpg,S3102R02,S3121R07,unrelated
S3102R02.jpg,S3122L09.jpg,S3102R02,S3122L09,unrelated
S3102R02.jpg,S3122L07.jpg,S3102R02,S3122L07,unrelated
S3102R02.jpg,S3122L10.jpg,S3102R02,S3122L10,unrelated
S3102R02.jpg,S3122L01.jpg,S3102R02,S3122L01,unrelated
S3102R02.jpg,S3122L05.jpg,S3102R02,S3122L05,unrelated
S3102R02.jpg,S3122R02.jpg,S3102R02,S3122R02,unrelated
S3102R02.jpg,S3122R04.jpg,S3102R02,S3122R04,unrelated
S3102R02.jpg,S3122R03.jpg,S3102R02,S3122R03,unrelated
S3102R02.jpg,S3122R01.jpg,S3102R02,S3122R01,unrelated
S3102R02.jpg,S3051L07.jpg,S3102R02,S3051L07,unrelated
S3102R02.jpg,S3051L08.jpg,S3102R02,S3051L08,unrelated
S3102R02.jpg,S3051L10.jpg,S3102R02,S3051L10,unrelated
S3102R02.jpg,S3051L06.jpg,S3102R02,S3051L06,unrelated
S3102R02.jpg,S3051R01.jpg,S3102R02,S3051R01,unrelated
S3102R02.jpg,S3051R03.jpg,S3102R02,S3051R03,unrelated
S3102R02.jpg,S3052L01.jpg,S3102R02,S3052L01,unrelated
S3102R02.jpg,S3052L02.jpg,S3102R02,S3052L02,unrelated
S3102R02.jpg,S3052L03.jpg,S3102R02,S3052L03,unrelated
S3102R02.jpg,S3052R01.jpg,S3102R02,S3052R01,unrelated
S3102R02.jpg,S3011L07.jpg,S3102R02,S3011L07,unrelated
S3102R02.jpg,S3011R01.jpg,S3102R02,S3011R01,unrelated
S3102R02.jpg,S3011R02.jpg,S3102R02,S3011R02,unrelated
S3102R02.jpg,S3012L07.jpg,S3102R02,S3012L07,unrelated
S3102R02.jpg,S3012L02.jpg,S3102R02,S3012L02,unrelated
S3102R02.jpg,S3012R07.jpg,S3102R02,S3012R07,unrelated
S3102R06.jpg,S3102R09.jpg,S3102R06,S3102R09,genuine
S3102R06.jpg,S3151L06.jpg,S3102R06,S3151L06,unrelated
S3102R06.jpg,S3151L04.jpg,S3102R06,S3151L04,unrelated
S3102R06.jpg,S3151L03.jpg,S3102R06,S3151L03,unrelated
S3102R06.jpg,S3151L05.jpg,S3102R06,S3151L05,unrelated
S3102R06.jpg,S3151L07.jpg,S3102R06,S3151L07,unrelated
S3102R06.jpg,S3151R03.jpg,S3102R06,S3151R03,unrelated
S3102R06.jpg,S3151R01.jpg,S3102R06,S3151R01,unrelated
S3102R06.jpg,S3151R02.jpg,S3102R06,S3151R02,unrelated
S3102R06.jpg,S3152R04.jpg,S3102R06,S3152R04,unrelated
S3102R06.jpg,S3152R03.jpg,S3102R06,S3152R03,unrelated
S3102R06.jpg,S3152R02.jpg,S3102R06,S3152R02,unrelated
S3102R06.jpg,S3152R07.jpg,S3102R06,S3152R07,unrelated
S3102R06.jpg,S3181R04.jpg,S3102R06,S3181R04,unrelated
S3102R06.jpg,S3181R05.jpg,S3102R06,S3181R05,unrelated
S3102R06.jpg,S3182L01.jpg,S3102R06,S3182L01,unrelated
S3102R06.jpg,S3182R05.jpg,S3102R06,S3182R05,unrelated
S3102R06.jpg,S3182R06.jpg,S3102R06,S3182R06,unrelated
S3102R06.jpg,S3182R04.jpg,S3102R06,S3182R04,unrelated
S3102R06.jpg,S3182R03.jpg,S3102R06,S3182R03,unrelated
S3102R06.jpg,S3182R07.jpg,S3102R06,S3182R07,unrelated
S3102R06.jpg,S3141L03.jpg,S3102R06,S3141L03,unrelated
S3102R06.jpg,S3141R07.jpg,S3102R06,S3141R07,unrelated
S3102R06.jpg,S3141R10.jpg,S3102R06,S3141R10,unrelated
S3102R06.jpg,S3141R04.jpg,S3102R06,S3141R04,unrelated
S3102R06.jpg,S3141R06.jpg,S3102R06,S3141R06,unrelated
S3102R06.jpg,S3142L03.jpg,S3102R06,S3142L03,unrelated
S3102R06.jpg,S3142L02.jpg,S3102R06,S3142L02,unrelated
S3102R06.jpg,S3142L04.jpg,S3102R06,S3142L04,unrelated
S3102R06.jpg,S3142L07.jpg,S3102R06,S3142L07,unrelated
S3102R06.jpg,S3142R08.jpg,S3102R06,S3142R08,unrelated
S3102R06.jpg,S3142R07.jpg,S3102R06,S3142R07,unrelated
S3102R06.jpg,S3142R10.jpg,S3102R06,S3142R10,unrelated
S3102R06.jpg,S3142R09.jpg,S3102R06,S3142R09,unrelated
S3102R06.jpg,S3121L03.jpg,S3102R06,S3121L03,unrelated
S3102R06.jpg,S3121L02.jpg,S3102R06,S3121L02,unrelated
S3102R06.jpg,S3121L01.jpg,S3102R06,S3121L01,unrelated
S3102R06.jpg,S3121R04.jpg,S3102R06,S3121R04,unrelated
S3102R06.jpg,S3121R02.jpg,S3102R06,S3121R02,unrelated
S3102R06.jpg,S3121R01.jpg,S3102R06,S3121R01,unrelated
S3102R06.jpg,S3121R08.jpg,S3102R06,S3121R08,unrelated
S3102R06.jpg,S3121R07.jpg,S3102R06,S3121R07,unrelated
S3102R06.jpg,S3122L09.jpg,S3102R06,S3122L09,unrelated
S3102R06.jpg,S3122L07.jpg,S3102R06,S3122L07,unrelated
S3102R06.jpg,S3122L10.jpg,S3102R06,S3122L10,unrelated
S3102R06.jpg,S3122L01.jpg,S3102R06,S3122L01,unrelated
S3102R06.jpg,S3122L05.jpg,S3102R06,S3122L05,unrelated
S3102R06.jpg,S3122R02.jpg,S3102R06,S3122R02,unrelated
S3102R06.jpg,S3122R04.jpg,S3102R06,S3122R04,unrelated
S3102R06.jpg,S3122R03.jpg,S3102R06,S3122R03,unrelated
S3102R06.jpg,S3122R01.jpg,S3102R06,S3122R01,unrelated
S3102R06.jpg,S3051L07.jpg,S3102R06,S3051L07,unrelated
S3102R06.jpg,S3051L08.jpg,S3102R06,S3051L08,unrelated
S3102R06.jpg,S3051L10.jpg,S3102R06,S3051L10,unrelated
S3102R06.jpg,S3051L06.jpg,S3102R06,S3051L06,unrelated
S3102R06.jpg,S3051R01.jpg,S3102R06,S3051R01,unrelated
S3102R06.jpg,S3051R03.jpg,S3102R06,S3051R03,unrelated
S3102R06.jpg,S3052L01.jpg,S3102R06,S3052L01,unrelated
S3102R06.jpg,S3052L02.jpg,S3102R06,S3052L02,unrelated
S3102R06.jpg,S3052L03.jpg,S3102R06,S3052L03,unrelated
S3102R06.jpg,S3052R01.jpg,S3102R06,S3052R01,unrelated
S3102R06.jpg,S3011L07.jpg,S3102R06,S3011L07,unrelated
S3102R06.jpg,S3011R01.jpg,S3102R06,S3011R01,unrelated
S3102R06.jpg,S3011R02.jpg,S3102R06,S3011R02,unrelated
S3102R06.jpg,S3012L07.jpg,S3102R06,S3012L07,unrelated
S3102R06.jpg,S3012L02.jpg,S3102R06,S3012L02,unrelated
S3102R06.jpg,S3012R07.jpg,S3102R06,S3012R07,unrelated
S3102R09.jpg,S3151L06.jpg,S3102R09,S3151L06,unrelated
S3102R09.jpg,S3151L04.jpg,S3102R09,S3151L04,unrelated
S3102R09.jpg,S3151L03.jpg,S3102R09,S3151L03,unrelated
S3102R09.jpg,S3151L05.jpg,S3102R09,S3151L05,unrelated
S3102R09.jpg,S3151L07.jpg,S3102R09,S3151L07,unrelated
S3102R09.jpg,S3151R03.jpg,S3102R09,S3151R03,unrelated
S3102R09.jpg,S3151R01.jpg,S3102R09,S3151R01,unrelated
S3102R09.jpg,S3151R02.jpg,S3102R09,S3151R02,unrelated
S3102R09.jpg,S3152R04.jpg,S3102R09,S3152R04,unrelated
S3102R09.jpg,S3152R03.jpg,S3102R09,S3152R03,unrelated
S3102R09.jpg,S3152R02.jpg,S3102R09,S3152R02,unrelated
S3102R09.jpg,S3152R07.jpg,S3102R09,S3152R07,unrelated
S3102R09.jpg,S3181R04.jpg,S3102R09,S3181R04,unrelated
S3102R09.jpg,S3181R05.jpg,S3102R09,S3181R05,unrelated
S3102R09.jpg,S3182L01.jpg,S3102R09,S3182L01,unrelated
S3102R09.jpg,S3182R05.jpg,S3102R09,S3182R05,unrelated
S3102R09.jpg,S3182R06.jpg,S3102R09,S3182R06,unrelated
S3102R09.jpg,S3182R04.jpg,S3102R09,S3182R04,unrelated
S3102R09.jpg,S3182R03.jpg,S3102R09,S3182R03,unrelated
S3102R09.jpg,S3182R07.jpg,S3102R09,S3182R07,unrelated
S3102R09.jpg,S3141L03.jpg,S3102R09,S3141L03,unrelated
S3102R09.jpg,S3141R07.jpg,S3102R09,S3141R07,unrelated
S3102R09.jpg,S3141R10.jpg,S3102R09,S3141R10,unrelated
S3102R09.jpg,S3141R04.jpg,S3102R09,S3141R04,unrelated
S3102R09.jpg,S3141R06.jpg,S3102R09,S3141R06,unrelated
S3102R09.jpg,S3142L03.jpg,S3102R09,S3142L03,unrelated
S3102R09.jpg,S3142L02.jpg,S3102R09,S3142L02,unrelated
S3102R09.jpg,S3142L04.jpg,S3102R09,S3142L04,unrelated
S3102R09.jpg,S3142L07.jpg,S3102R09,S3142L07,unrelated
S3102R09.jpg,S3142R08.jpg,S3102R09,S3142R08,unrelated
S3102R09.jpg,S3142R07.jpg,S3102R09,S3142R07,unrelated
S3102R09.jpg,S3142R10.jpg,S3102R09,S3142R10,unrelated
S3102R09.jpg,S3142R09.jpg,S3102R09,S3142R09,unrelated
S3102R09.jpg,S3121L03.jpg,S3102R09,S3121L03,unrelated
S3102R09.jpg,S3121L02.jpg,S3102R09,S3121L02,unrelated
S3102R09.jpg,S3121L01.jpg,S3102R09,S3121L01,unrelated
S3102R09.jpg,S3121R04.jpg,S3102R09,S3121R04,unrelated
S3102R09.jpg,S3121R02.jpg,S3102R09,S3121R02,unrelated
S3102R09.jpg,S3121R01.jpg,S3102R09,S3121R01,unrelated
S3102R09.jpg,S3121R08.jpg,S3102R09,S3121R08,unrelated
S3102R09.jpg,S3121R07.jpg,S3102R09,S3121R07,unrelated
S3102R09.jpg,S3122L09.jpg,S3102R09,S3122L09,unrelated
S3102R09.jpg,S3122L07.jpg,S3102R09,S3122L07,unrelated
S3102R09.jpg,S3122L10.jpg,S3102R09,S3122L10,unrelated
S3102R09.jpg,S3122L01.jpg,S3102R09,S3122L01,unrelated
S3102R09.jpg,S3122L05.jpg,S3102R09,S3122L05,unrelated
S3102R09.jpg,S3122R02.jpg,S3102R09,S3122R02,unrelated
S3102R09.jpg,S3122R04.jpg,S3102R09,S3122R04,unrelated
S3102R09.jpg,S3122R03.jpg,S3102R09,S3122R03,unrelated
S3102R09.jpg,S3122R01.jpg,S3102R09,S3122R01,unrelated
S3102R09.jpg,S3051L07.jpg,S3102R09,S3051L07,unrelated
S3102R09.jpg,S3051L08.jpg,S3102R09,S3051L08,unrelated
S3102R09.jpg,S3051L10.jpg,S3102R09,S3051L10,unrelated
S3102R09.jpg,S3051L06.jpg,S3102R09,S3051L06,unrelated
S3102R09.jpg,S3051R01.jpg,S3102R09,S3051R01,unrelated
S3102R09.jpg,S3051R03.jpg,S3102R09,S3051R03,unrelated
S3102R09.jpg,S3052L01.jpg,S3102R09,S3052L01,unrelated
S3102R09.jpg,S3052L02.jpg,S3102R09,S3052L02,unrelated
S3102R09.jpg,S3052L03.jpg,S3102R09,S3052L03,unrelated
S3102R09.jpg,S3052R01.jpg,S3102R09,S3052R01,unrelated
S3102R09.jpg,S3011L07.jpg,S3102R09,S3011L07,unrelated
S3102R09.jpg,S3011R01.jpg,S3102R09,S3011R01,unrelated
S3102R09.jpg,S3011R02.jpg,S3102R09,S3011R02,unrelated
S3102R09.jpg,S3012L07.jpg,S3102R09,S3012L07,unrelated
S3102R09.jpg,S3012L02.jpg,S3102R09,S3012L02,unrelated
S3102R09.jpg,S3012R07.jpg,S3102R09,S3012R07,unrelated
S3151L06.jpg,S3151L04.jpg,S3151L06,S3151L04,genuine
S3151L06.jpg,S3151L03.jpg,S3151L06,S3151L03,genuine
S3151L06.jpg,S3151L05.jpg,S3151L06,S3151L05,genuine
S3151L06.jpg,S3151L07.jpg,S3151L06,S3151L07,genuine
S3151L06.jpg,S3151R03.jpg,S3151L06,S3151R03,same_subject_different_eye
S3151L06.jpg,S3151R01.jpg,S3151L06,S3151R01,same_subject_different_eye
S3151L06.jpg,S3151R02.jpg,S3151L06,S3151R02,same_subject_different_eye
S3151L06.jpg,S3152R04.jpg,S3151L06,S3152R04,twin_cross_eye
S3151L06.jpg,S3152R03.jpg,S3151L06,S3152R03,twin_cross_eye
S3151L06.jpg,S3152R02.jpg,S3151L06,S3152R02,twin_cross_eye
S3151L06.jpg,S3152R07.jpg,S3151L06,S3152R07,twin_cross_eye
S3151L06.jpg,S3181R04.jpg,S3151L06,S3181R04,unrelated
S3151L06.jpg,S3181R05.jpg,S3151L06,S3181R05,unrelated
S3151L06.jpg,S3182L01.jpg,S3151L06,S3182L01,unrelated
S3151L06.jpg,S3182R05.jpg,S3151L06,S3182R05,unrelated
S3151L06.jpg,S3182R06.jpg,S3151L06,S3182R06,unrelated
S3151L06.jpg,S3182R04.jpg,S3151L06,S3182R04,unrelated
S3151L06.jpg,S3182R03.jpg,S3151L06,S3182R03,unrelated
S3151L06.jpg,S3182R07.jpg,S3151L06,S3182R07,unrelated
S3151L06.jpg,S3141L03.jpg,S3151L06,S3141L03,unrelated
S3151L06.jpg,S3141R07.jpg,S3151L06,S3141R07,unrelated
S3151L06.jpg,S3141R10.jpg,S3151L06,S3141R10,unrelated
S3151L06.jpg,S3141R04.jpg,S3151L06,S3141R04,unrelated
S3151L06.jpg,S3141R06.jpg,S3151L06,S3141R06,unrelated
S3151L06.jpg,S3142L03.jpg,S3151L06,S3142L03,unrelated
S3151L06.jpg,S3142L02.jpg,S3151L06,S3142L02,unrelated
S3151L06.jpg,S3142L04.jpg,S3151L06,S3142L04,unrelated
S3151L06.jpg,S3142L07.jpg,S3151L06,S3142L07,unrelated
S3151L06.jpg,S3142R08.jpg,S3151L06,S3142R08,unrelated
S3151L06.jpg,S3142R07.jpg,S3151L06,S3142R07,unrelated
S3151L06.jpg,S3142R10.jpg,S3151L06,S3142R10,unrelated
S3151L06.jpg,S3142R09.jpg,S3151L06,S3142R09,unrelated
S3151L06.jpg,S3121L03.jpg,S3151L06,S3121L03,unrelated
S3151L06.jpg,S3121L02.jpg,S3151L06,S3121L02,unrelated
S3151L06.jpg,S3121L01.jpg,S3151L06,S3121L01,unrelated
S3151L06.jpg,S3121R04.jpg,S3151L06,S3121R04,unrelated
S3151L06.jpg,S3121R02.jpg,S3151L06,S3121R02,unrelated
S3151L06.jpg,S3121R01.jpg,S3151L06,S3121R01,unrelated
S3151L06.jpg,S3121R08.jpg,S3151L06,S3121R08,unrelated
S3151L06.jpg,S3121R07.jpg,S3151L06,S3121R07,unrelated
S3151L06.jpg,S3122L09.jpg,S3151L06,S3122L09,unrelated
S3151L06.jpg,S3122L07.jpg,S3151L06,S3122L07,unrelated
S3151L06.jpg,S3122L10.jpg,S3151L06,S3122L10,unrelated
S3151L06.jpg,S3122L01.jpg,S3151L06,S3122L01,unrelated
S3151L06.jpg,S3122L05.jpg,S3151L06,S3122L05,unrelated
S3151L06.jpg,S3122R02.jpg,S3151L06,S3122R02,unrelated
S3151L06.jpg,S3122R04.jpg,S3151L06,S3122R04,unrelated
S3151L06.jpg,S3122R03.jpg,S3151L06,S3122R03,unrelated
S3151L06.jpg,S3122R01.jpg,S3151L06,S3122R01,unrelated
S3151L06.jpg,S3051L07.jpg,S3151L06,S3051L07,unrelated
S3151L06.jpg,S3051L08.jpg,S3151L06,S3051L08,unrelated
S3151L06.jpg,S3051L10.jpg,S3151L06,S3051L10,unrelated
S3151L06.jpg,S3051L06.jpg,S3151L06,S3051L06,unrelated
S3151L06.jpg,S3051R01.jpg,S3151L06,S3051R01,unrelated
S3151L06.jpg,S3051R03.jpg,S3151L06,S3051R03,unrelated
S3151L06.jpg,S3052L01.jpg,S3151L06,S3052L01,unrelated
S3151L06.jpg,S3052L02.jpg,S3151L06,S3052L02,unrelated
S3151L06.jpg,S3052L03.jpg,S3151L06,S3052L03,unrelated
S3151L06.jpg,S3052R01.jpg,S3151L06,S3052R01,unrelated
S3151L06.jpg,S3011L07.jpg,S3151L06,S3011L07,unrelated
S3151L06.jpg,S3011R01.jpg,S3151L06,S3011R01,unrelated
S3151L06.jpg,S3011R02.jpg,S3151L06,S3011R02,unrelated
S3151L06.jpg,S3012L07.jpg,S3151L06,S3012L07,unrelated
S3151L06.jpg,S3012L02.jpg,S3151L06,S3012L02,unrelated
S3151L06.jpg,S3012R07.jpg,S3151L06,S3012R07,unrelated
S3151L04.jpg,S3151L03.jpg,S3151L04,S3151L03,genuine
S3151L04.jpg,S3151L05.jpg,S3151L04,S3151L05,genuine
S3151L04.jpg,S3151L07.jpg,S3151L04,S3151L07,genuine
S3151L04.jpg,S3151R03.jpg,S3151L04,S3151R03,same_subject_different_eye
S3151L04.jpg,S3151R01.jpg,S3151L04,S3151R01,same_subject_different_eye
S3151L04.jpg,S3151R02.jpg,S3151L04,S3151R02,same_subject_different_eye
S3151L04.jpg,S3152R04.jpg,S3151L04,S3152R04,twin_cross_eye
S3151L04.jpg,S3152R03.jpg,S3151L04,S3152R03,twin_cross_eye
S3151L04.jpg,S3152R02.jpg,S3151L04,S3152R02,twin_cross_eye
S3151L04.jpg,S3152R07.jpg,S3151L04,S3152R07,twin_cross_eye
S3151L04.jpg,S3181R04.jpg,S3151L04,S3181R04,unrelated
S3151L04.jpg,S3181R05.jpg,S3151L04,S3181R05,unrelated
S3151L04.jpg,S3182L01.jpg,S3151L04,S3182L01,unrelated
S3151L04.jpg,S3182R05.jpg,S3151L04,S3182R05,unrelated
S3151L04.jpg,S3182R06.jpg,S3151L04,S3182R06,unrelated
S3151L04.jpg,S3182R04.jpg,S3151L04,S3182R04,unrelated
S3151L04.jpg,S3182R03.jpg,S3151L04,S3182R03,unrelated
S3151L04.jpg,S3182R07.jpg,S3151L04,S3182R07,unrelated
S3151L04.jpg,S3141L03.jpg,S3151L04,S3141L03,unrelated
S3151L04.jpg,S3141R07.jpg,S3151L04,S3141R07,unrelated
S3151L04.jpg,S3141R10.jpg,S3151L04,S3141R10,unrelated
S3151L04.jpg,S3141R04.jpg,S3151L04,S3141R04,unrelated
S3151L04.jpg,S3141R06.jpg,S3151L04,S3141R06,unrelated
S3151L04.jpg,S3142L03.jpg,S3151L04,S3142L03,unrelated
S3151L04.jpg,S3142L02.jpg,S3151L04,S3142L02,unrelated
S3151L04.jpg,S3142L04.jpg,S3151L04,S3142L04,unrelated
S3151L04.jpg,S3142L07.jpg,S3151L04,S3142L07,unrelated
S3151L04.jpg,S3142R08.jpg,S3151L04,S3142R08,unrelated
S3151L04.jpg,S3142R07.jpg,S3151L04,S3142R07,unrelated
S3151L04.jpg,S3142R10.jpg,S3151L04,S3142R10,unrelated
S3151L04.jpg,S3142R09.jpg,S3151L04,S3142R09,unrelated
S3151L04.jpg,S3121L03.jpg,S3151L04,S3121L03,unrelated
S3151L04.jpg,S3121L02.jpg,S3151L04,S3121L02,unrelated
S3151L04.jpg,S3121L01.jpg,S3151L04,S3121L01,unrelated
S3151L04.jpg,S3121R04.jpg,S3151L04,S3121R04,unrelated
S3151L04.jpg,S3121R02.jpg,S3151L04,S3121R02,unrelated
S3151L04.jpg,S3121R01.jpg,S3151L04,S3121R01,unrelated
S3151L04.jpg,S3121R08.jpg,S3151L04,S3121R08,unrelated
S3151L04.jpg,S3121R07.jpg,S3151L04,S3121R07,unrelated
S3151L04.jpg,S3122L09.jpg,S3151L04,S3122L09,unrelated
S3151L04.jpg,S3122L07.jpg,S3151L04,S3122L07,unrelated
S3151L04.jpg,S3122L10.jpg,S3151L04,S3122L10,unrelated
S3151L04.jpg,S3122L01.jpg,S3151L04,S3122L01,unrelated
S3151L04.jpg,S3122L05.jpg,S3151L04,S3122L05,unrelated
S3151L04.jpg,S3122R02.jpg,S3151L04,S3122R02,unrelated
S3151L04.jpg,S3122R04.jpg,S3151L04,S3122R04,unrelated
S3151L04.jpg,S3122R03.jpg,S3151L04,S3122R03,unrelated
S3151L04.jpg,S3122R01.jpg,S3151L04,S3122R01,unrelated
S3151L04.jpg,S3051L07.jpg,S3151L04,S3051L07,unrelated
S3151L04.jpg,S3051L08.jpg,S3151L04,S3051L08,unrelated
S3151L04.jpg,S3051L10.jpg,S3151L04,S3051L10,unrelated
S3151L04.jpg,S3051L06.jpg,S3151L04,S3051L06,unrelated
S3151L04.jpg,S3051R01.jpg,S3151L04,S3051R01,unrelated
S3151L04.jpg,S3051R03.jpg,S3151L04,S3051R03,unrelated
S3151L04.jpg,S3052L01.jpg,S3151L04,S3052L01,unrelated
S3151L04.jpg,S3052L02.jpg,S3151L04,S3052L02,unrelated
S3151L04.jpg,S3052L03.jpg,S3151L04,S3052L03,unrelated
S3151L04.jpg,S3052R01.jpg,S3151L04,S3052R01,unrelated
S3151L04.jpg,S3011L07.jpg,S3151L04,S3011L07,unrelated
S3151L04.jpg,S3011R01.jpg,S3151L04,S3011R01,unrelated
S3151L04.jpg,S3011R02.jpg,S3151L04,S3011R02,unrelated
S3151L04.jpg,S3012L07.jpg,S3151L04,S3012L07,unrelated
S3151L04.jpg,S3012L02.jpg,S3151L04,S3012L02,unrelated
S3151L04.jpg,S3012R07.jpg,S3151L04,S3012R07,unrelated
S3151L03.jpg,S3151L05.jpg,S3151L03,S3151L05,genuine
S3151L03.jpg,S3151L07.jpg,S3151L03,S3151L07,genuine
S3151L03.jpg,S3151R03.jpg,S3151L03,S3151R03,same_subject_different_eye
S3151L03.jpg,S3151R01.jpg,S3151L03,S3151R01,same_subject_different_eye
S3151L03.jpg,S3151R02.jpg,S3151L03,S3151R02,same_subject_different_eye
S3151L03.jpg,S3152R04.jpg,S3151L03,S3152R04,twin_cross_eye
S3151L03.jpg,S3152R03.jpg,S3151L03,S3152R03,twin_cross_eye
S3151L03.jpg,S3152R02.jpg,S3151L03,S3152R02,twin_cross_eye
S3151L03.jpg,S3152R07.jpg,S3151L03,S3152R07,twin_cross_eye
S3151L03.jpg,S3181R04.jpg,S3151L03,S3181R04,unrelated
S3151L03.jpg,S3181R05.jpg,S3151L03,S3181R05,unrelated
S3151L03.jpg,S3182L01.jpg,S3151L03,S3182L01,unrelated
S3151L03.jpg,S3182R05.jpg,S3151L03,S3182R05,unrelated
S3151L03.jpg,S3182R06.jpg,S3151L03,S3182R06,unrelated
S3151L03.jpg,S3182R04.jpg,S3151L03,S3182R04,unrelated
S3151L03.jpg,S3182R03.jpg,S3151L03,S3182R03,unrelated
S3151L03.jpg,S3182R07.jpg,S3151L03,S3182R07,unrelated
S3151L03.jpg,S3141L03.jpg,S3151L03,S3141L03,unrelated
S3151L03.jpg,S3141R07.jpg,S3151L03,S3141R07,unrelated
S3151L03.jpg,S3141R10.jpg,S3151L03,S3141R10,unrelated
S3151L03.jpg,S3141R04.jpg,S3151L03,S3141R04,unrelated
S3151L03.jpg,S3141R06.jpg,S3151L03,S3141R06,unrelated
S3151L03.jpg,S3142L03.jpg,S3151L03,S3142L03,unrelated
S3151L03.jpg,S3142L02.jpg,S3151L03,S3142L02,unrelated
S3151L03.jpg,S3142L04.jpg,S3151L03,S3142L04,unrelated
S3151L03.jpg,S3142L07.jpg,S3151L03,S3142L07,unrelated
S3151L03.jpg,S3142R08.jpg,S3151L03,S3142R08,unrelated
S3151L03.jpg,S3142R07.jpg,S3151L03,S3142R07,unrelated
S3151L03.jpg,S3142R10.jpg,S3151L03,S3142R10,unrelated
S3151L03.jpg,S3142R09.jpg,S3151L03,S3142R09,unrelated
S3151L03.jpg,S3121L03.jpg,S3151L03,S3121L03,unrelated
S3151L03.jpg,S3121L02.jpg,S3151L03,S3121L02,unrelated
S3151L03.jpg,S3121L01.jpg,S3151L03,S3121L01,unrelated
S3151L03.jpg,S3121R04.jpg,S3151L03,S3121R04,unrelated
S3151L03.jpg,S3121R02.jpg,S3151L03,S3121R02,unrelated
S3151L03.jpg,S3121R01.jpg,S3151L03,S3121R01,unrelated
S3151L03.jpg,S3121R08.jpg,S3151L03,S3121R08,unrelated
S3151L03.jpg,S3121R07.jpg,S3151L03,S3121R07,unrelated
S3151L03.jpg,S3122L09.jpg,S3151L03,S3122L09,unrelated
S3151L03.jpg,S3122L07.jpg,S3151L03,S3122L07,unrelated
S3151L03.jpg,S3122L10.jpg,S3151L03,S3122L10,unrelated
S3151L03.jpg,S3122L01.jpg,S3151L03,S3122L01,unrelated
S3151L03.jpg,S3122L05.jpg,S3151L03,S3122L05,unrelated
S3151L03.jpg,S3122R02.jpg,S3151L03,S3122R02,unrelated
S3151L03.jpg,S3122R04.jpg,S3151L03,S3122R04,unrelated
S3151L03.jpg,S3122R03.jpg,S3151L03,S3122R03,unrelated
S3151L03.jpg,S3122R01.jpg,S3151L03,S3122R01,unrelated
S3151L03.jpg,S3051L07.jpg,S3151L03,S3051L07,unrelated
S3151L03.jpg,S3051L08.jpg,S3151L03,S3051L08,unrelated
S3151L03.jpg,S3051L10.jpg,S3151L03,S3051L10,unrelated
S3151L03.jpg,S3051L06.jpg,S3151L03,S3051L06,unrelated
S3151L03.jpg,S3051R01.jpg,S3151L03,S3051R01,unrelated
S3151L03.jpg,S3051R03.jpg,S3151L03,S3051R03,unrelated
S3151L03.jpg,S3052L01.jpg,S3151L03,S3052L01,unrelated
S3151L03.jpg,S3052L02.jpg,S3151L03,S3052L02,unrelated
S3151L03.jpg,S3052L03.jpg,S3151L03,S3052L03,unrelated
S3151L03.jpg,S3052R01.jpg,S3151L03,S3052R01,unrelated
S3151L03.jpg,S3011L07.jpg,S3151L03,S3011L07,unrelated
S3151L03.jpg,S3011R01.jpg,S3151L03,S3011R01,unrelated
S3151L03.jpg,S3011R02.jpg,S3151L03,S3011R02,unrelated
S3151L03.jpg,S3012L07.jpg,S3151L03,S3012L07,unrelated
S3151L03.jpg,S3012L02.jpg,S3151L03,S3012L02,unrelated
S3151L03.jpg,S3012R07.jpg,S3151L03,S3012R07,unrelated
S3151L05.jpg,S3151L07.jpg,S3151L05,S3151L07,genuine
S3151L05.jpg,S3151R03.jpg,S3151L05,S3151R03,same_subject_different_eye
S3151L05.jpg,S3151R01.jpg,S3151L05,S3151R01,same_subject_different_eye
S3151L05.jpg,S3151R02.jpg,S3151L05,S3151R02,same_subject_different_eye
S3151L05.jpg,S3152R04.jpg,S3151L05,S3152R04,twin_cross_eye
S3151L05.jpg,S3152R03.jpg,S3151L05,S3152R03,twin_cross_eye
S3151L05.jpg,S3152R02.jpg,S3151L05,S3152R02,twin_cross_eye
S3151L05.jpg,S3152R07.jpg,S3151L05,S3152R07,twin_cross_eye
S3151L05.jpg,S3181R04.jpg,S3151L05,S3181R04,unrelated
S3151L05.jpg,S3181R05.jpg,S3151L05,S3181R05,unrelated
S3151L05.jpg,S3182L01.jpg,S3151L05,S3182L01,unrelated
S3151L05.jpg,S3182R05.jpg,S3151L05,S3182R05,unrelated
S3151L05.jpg,S3182R06.jpg,S3151L05,S3182R06,unrelated
S3151L05.jpg,S3182R04.jpg,S3151L05,S3182R04,unrelated
S3151L05.jpg,S3182R03.jpg,S3151L05,S3182R03,unrelated
S3151L05.jpg,S3182R07.jpg,S3151L05,S3182R07,unrelated
S3151L05.jpg,S3141L03.jpg,S3151L05,S3141L03,unrelated
S3151L05.jpg,S3141R07.jpg,S3151L05,S3141R07,unrelated
S3151L05.jpg,S3141R10.jpg,S3151L05,S3141R10,unrelated
S3151L05.jpg,S3141R04.jpg,S3151L05,S3141R04,unrelated
S3151L05.jpg,S3141R06.jpg,S3151L05,S3141R06,unrelated
S3151L05.jpg,S3142L03.jpg,S3151L05,S3142L03,unrelated
S3151L05.jpg,S3142L02.jpg,S3151L05,S3142L02,unrelated
S3151L05.jpg,S3142L04.jpg,S3151L05,S3142L04,unrelated
S3151L05.jpg,S3142L07.jpg,S3151L05,S3142L07,unrelated
S3151L05.jpg,S3142R08.jpg,S3151L05,S3142R08,unrelated
S3151L05.jpg,S3142R07.jpg,S3151L05,S3142R07,unrelated
S3151L05.jpg,S3142R10.jpg,S3151L05,S3142R10,unrelated
S3151L05.jpg,S3142R09.jpg,S3151L05,S3142R09,unrelated
S3151L05.jpg,S3121L03.jpg,S3151L05,S3121L03,unrelated
S3151L05.jpg,S3121L02.jpg,S3151L05,S3121L02,unrelated
S3151L05.jpg,S3121L01.jpg,S3151L05,S3121L01,unrelated
S3151L05.jpg,S3121R04.jpg,S3151L05,S3121R04,unrelated
S3151L05.jpg,S3121R02.jpg,S3151L05,S3121R02,unrelated
S3151L05.jpg,S3121R01.jpg,S3151L05,S3121R01,unrelated
S3151L05.jpg,S3121R08.jpg,S3151L05,S3121R08,unrelated
S3151L05.jpg,S3121R07.jpg,S3151L05,S3121R07,unrelated
S3151L05.jpg,S3122L09.jpg,S3151L05,S3122L09,unrelated
S3151L05.jpg,S3122L07.jpg,S3151L05,S3122L07,unrelated
S3151L05.jpg,S3122L10.jpg,S3151L05,S3122L10,unrelated
S3151L05.jpg,S3122L01.jpg,S3151L05,S3122L01,unrelated
S3151L05.jpg,S3122L05.jpg,S3151L05,S3122L05,unrelated
S3151L05.jpg,S3122R02.jpg,S3151L05,S3122R02,unrelated
S3151L05.jpg,S3122R04.jpg,S3151L05,S3122R04,unrelated
S3151L05.jpg,S3122R03.jpg,S3151L05,S3122R03,unrelated
S3151L05.jpg,S3122R01.jpg,S3151L05,S3122R01,unrelated
S3151L05.jpg,S3051L07.jpg,S3151L05,S3051L07,unrelated
S3151L05.jpg,S3051L08.jpg,S3151L05,S3051L08,unrelated
S3151L05.jpg,S3051L10.jpg,S3151L05,S3051L10,unrelated
S3151L05.jpg,S3051L06.jpg,S3151L05,S3051L06,unrelated
S3151L05.jpg,S3051R01.jpg,S3151L05,S3051R01,unrelated
S3151L05.jpg,S3051R03.jpg,S3151L05,S3051R03,unrelated
S3151L05.jpg,S3052L01.jpg,S3151L05,S3052L01,unrelated
S3151L05.jpg,S3052L02.jpg,S3151L05,S3052L02,unrelated
S3151L05.jpg,S3052L03.jpg,S3151L05,S3052L03,unrelated
S3151L05.jpg,S3052R01.jpg,S3151L05,S3052R01,unrelated
S3151L05.jpg,S3011L07.jpg,S3151L05,S3011L07,unrelated
S3151L05.jpg,S3011R01.jpg,S3151L05,S3011R01,unrelated
S3151L05.jpg,S3011R02.jpg,S3151L05,S3011R02,unrelated
S3151L05.jpg,S3012L07.jpg,S3151L05,S3012L07,unrelated
S3151L05.jpg,S3012L02.jpg,S3151L05,S3012L02,unrelated
S3151L05.jpg,S3012R07.jpg,S3151L05,S3012R07,unrelated
S3151L07.jpg,S3151R03.jpg,S3151L07,S3151R03,same_subject_different_eye
S3151L07.jpg,S3151R01.jpg,S3151L07,S3151R01,same_subject_different_eye
S3151L07.jpg,S3151R02.jpg,S3151L07,S3151R02,same_subject_different_eye
S3151L07.jpg,S3152R04.jpg,S3151L07,S3152R04,twin_cross_eye
S3151L07.jpg,S3152R03.jpg,S3151L07,S3152R03,twin_cross_eye
S3151L07.jpg,S3152R02.jpg,S3151L07,S3152R02,twin_cross_eye
S3151L07.jpg,S3152R07.jpg,S3151L07,S3152R07,twin_cross_eye
S3151L07.jpg,S3181R04.jpg,S3151L07,S3181R04,unrelated
S3151L07.jpg,S3181R05.jpg,S3151L07,S3181R05,unrelated
S3151L07.jpg,S3182L01.jpg,S3151L07,S3182L01,unrelated
S3151L07.jpg,S3182R05.jpg,S3151L07,S3182R05,unrelated
S3151L07.jpg,S3182R06.jpg,S3151L07,S3182R06,unrelated
S3151L07.jpg,S3182R04.jpg,S3151L07,S3182R04,unrelated
S3151L07.jpg,S3182R03.jpg,S3151L07,S3182R03,unrelated
S3151L07.jpg,S3182R07.jpg,S3151L07,S3182R07,unrelated
S3151L07.jpg,S3141L03.jpg,S3151L07,S3141L03,unrelated
S3151L07.jpg,S3141R07.jpg,S3151L07,S3141R07,unrelated
S3151L07.jpg,S3141R10.jpg,S3151L07,S3141R10,unrelated
S3151L07.jpg,S3141R04.jpg,S3151L07,S3141R04,unrelated
S3151L07.jpg,S3141R06.jpg,S3151L07,S3141R06,unrelated
S3151L07.jpg,S3142L03.jpg,S3151L07,S3142L03,unrelated
S3151L07.jpg,S3142L02.jpg,S3151L07,S3142L02,unrelated
S3151L07.jpg,S3142L04.jpg,S3151L07,S3142L04,unrelated
S3151L07.jpg,S3142L07.jpg,S3151L07,S3142L07,unrelated
S3151L07.jpg,S3142R08.jpg,S3151L07,S3142R08,unrelated
S3151L07.jpg,S3142R07.jpg,S3151L07,S3142R07,unrelated
S3151L07.jpg,S3142R10.jpg,S3151L07,S3142R10,unrelated
S3151L07.jpg,S3142R09.jpg,S3151L07,S3142R09,unrelated
S3151L07.jpg,S3121L03.jpg,S3151L07,S3121L03,unrelated
S3151L07.jpg,S3121L02.jpg,S3151L07,S3121L02,unrelated
S3151L07.jpg,S3121L01.jpg,S3151L07,S3121L01,unrelated
S3151L07.jpg,S3121R04.jpg,S3151L07,S3121R04,unrelated
S3151L07.jpg,S3121R02.jpg,S3151L07,S3121R02,unrelated
S3151L07.jpg,S3121R01.jpg,S3151L07,S3121R01,unrelated
S3151L07.jpg,S3121R08.jpg,S3151L07,S3121R08,unrelated
S3151L07.jpg,S3121R07.jpg,S3151L07,S3121R07,unrelated
S3151L07.jpg,S3122L09.jpg,S3151L07,S3122L09,unrelated
S3151L07.jpg,S3122L07.jpg,S3151L07,S3122L07,unrelated
S3151L07.jpg,S3122L10.jpg,S3151L07,S3122L10,unrelated
S3151L07.jpg,S3122L01.jpg,S3151L07,S3122L01,unrelated
S3151L07.jpg,S3122L05.jpg,S3151L07,S3122L05,unrelated
S3151L07.jpg,S3122R02.jpg,S3151L07,S3122R02,unrelated
S3151L07.jpg,S3122R04.jpg,S3151L07,S3122R04,unrelated
S3151L07.jpg,S3122R03.jpg,S3151L07,S3122R03,unrelated
S3151L07.jpg,S3122R01.jpg,S3151L07,S3122R01,unrelated
S3151L07.jpg,S3051L07.jpg,S3151L07,S3051L07,unrelated
S3151L07.jpg,S3051L08.jpg,S3151L07,S3051L08,unrelated
S3151L07.jpg,S3051L10.jpg,S3151L07,S3051L10,unrelated
S3151L07.jpg,S3051L06.jpg,S3151L07,S3051L06,unrelated
S3151L07.jpg,S3051R01.jpg,S3151L07,S3051R01,unrelated
S3151L07.jpg,S3051R03.jpg,S3151L07,S3051R03,unrelated
S3151L07.jpg,S3052L01.jpg,S3151L07,S3052L01,unrelated
S3151L07.jpg,S3052L02.jpg,S3151L07,S3052L02,unrelated
S3151L07.jpg,S3052L03.jpg,S3151L07,S3052L03,unrelated
S3151L07.jpg,S3052R01.jpg,S3151L07,S3052R01,unrelated
S3151L07.jpg,S3011L07.jpg,S3151L07,S3011L07,unrelated
S3151L07.jpg,S3011R01.jpg,S3151L07,S3011R01,unrelated
S3151L07.jpg,S3011R02.jpg,S3151L07,S3011R02,unrelated
S3151L07.jpg,S3012L07.jpg,S3151L07,S3012L07,unrelated
S3151L07.jpg,S3012L02.jpg,S3151L07,S3012L02,unrelated
S3151L07.jpg,S3012R07.jpg,S3151L07,S3012R07,unrelated
S3151R03.jpg,S3151R01.jpg,S3151R03,S3151R01,genuine
S3151R03.jpg,S3151R02.jpg,S3151R03,S3151R02,genuine
S3151R03.jpg,S3152R04.jpg,S3151R03,S3152R04,twin_same_eye
S3151R03.jpg,S3152R03.jpg,S3151R03,S3152R03,twin_same_eye
S3151R03.jpg,S3152R02.jpg,S3151R03,S3152R02,twin_same_eye
S3151R03.jpg,S3152R07.jpg,S3151R03,S3152R07,twin_same_eye
S3151R03.jpg,S3181R04.jpg,S3151R03,S3181R04,unrelated
S3151R03.jpg,S3181R05.jpg,S3151R03,S3181R05,unrelated
S3151R03.jpg,S3182L01.jpg,S3151R03,S3182L01,unrelated
S3151R03.jpg,S3182R05.jpg,S3151R03,S3182R05,unrelated
S3151R03.jpg,S3182R06.jpg,S3151R03,S3182R06,unrelated
S3151R03.jpg,S3182R04.jpg,S3151R03,S3182R04,unrelated
S3151R03.jpg,S3182R03.jpg,S3151R03,S3182R03,unrelated
S3151R03.jpg,S3182R07.jpg,S3151R03,S3182R07,unrelated
S3151R03.jpg,S3141L03.jpg,S3151R03,S3141L03,unrelated
S3151R03.jpg,S3141R07.jpg,S3151R03,S3141R07,unrelated
S3151R03.jpg,S3141R10.jpg,S3151R03,S3141R10,unrelated
S3151R03.jpg,S3141R04.jpg,S3151R03,S3141R04,unrelated
S3151R03.jpg,S3141R06.jpg,S3151R03,S3141R06,unrelated
S3151R03.jpg,S3142L03.jpg,S3151R03,S3142L03,unrelated
S3151R03.jpg,S3142L02.jpg,S3151R03,S3142L02,unrelated
S3151R03.jpg,S3142L04.jpg,S3151R03,S3142L04,unrelated
S3151R03.jpg,S3142L07.jpg,S3151R03,S3142L07,unrelated
S3151R03.jpg,S3142R08.jpg,S3151R03,S3142R08,unrelated
S3151R03.jpg,S3142R07.jpg,S3151R03,S3142R07,unrelated
S3151R03.jpg,S3142R10.jpg,S3151R03,S3142R10,unrelated
S3151R03.jpg,S3142R09.jpg,S3151R03,S3142R09,unrelated
S3151R03.jpg,S3121L03.jpg,S3151R03,S3121L03,unrelated
S3151R03.jpg,S3121L02.jpg,S3151R03,S3121L02,unrelated
S3151R03.jpg,S3121L01.jpg,S3151R03,S3121L01,unrelated
S3151R03.jpg,S3121R04.jpg,S3151R03,S3121R04,unrelated
S3151R03.jpg,S3121R02.jpg,S3151R03,S3121R02,unrelated
S3151R03.jpg,S3121R01.jpg,S3151R03,S3121R01,unrelated
S3151R03.jpg,S3121R08.jpg,S3151R03,S3121R08,unrelated
S3151R03.jpg,S3121R07.jpg,S3151R03,S3121R07,unrelated
S3151R03.jpg,S3122L09.jpg,S3151R03,S3122L09,unrelated
S3151R03.jpg,S3122L07.jpg,S3151R03,S3122L07,unrelated
S3151R03.jpg,S3122L10.jpg,S3151R03,S3122L10,unrelated
S3151R03.jpg,S3122L01.jpg,S3151R03,S3122L01,unrelated
S3151R03.jpg,S3122L05.jpg,S3151R03,S3122L05,unrelated
S3151R03.jpg,S3122R02.jpg,S3151R03,S3122R02,unrelated
S3151R03.jpg,S3122R04.jpg,S3151R03,S3122R04,unrelated
S3151R03.jpg,S3122R03.jpg,S3151R03,S3122R03,unrelated
S3151R03.jpg,S3122R01.jpg,S3151R03,S3122R01,unrelated
S3151R03.jpg,S3051L07.jpg,S3151R03,S3051L07,unrelated
S3151R03.jpg,S3051L08.jpg,S3151R03,S3051L08,unrelated
S3151R03.jpg,S3051L10.jpg,S3151R03,S3051L10,unrelated
S3151R03.jpg,S3051L06.jpg,S3151R03,S3051L06,unrelated
S3151R03.jpg,S3051R01.jpg,S3151R03,S3051R01,unrelated
S3151R03.jpg,S3051R03.jpg,S3151R03,S3051R03,unrelated
S3151R03.jpg,S3052L01.jpg,S3151R03,S3052L01,unrelated
S3151R03.jpg,S3052L02.jpg,S3151R03,S3052L02,unrelated
S3151R03.jpg,S3052L03.jpg,S3151R03,S3052L03,unrelated
S3151R03.jpg,S3052R01.jpg,S3151R03,S3052R01,unrelated
S3151R03.jpg,S3011L07.jpg,S3151R03,S3011L07,unrelated
S3151R03.jpg,S3011R01.jpg,S3151R03,S3011R01,unrelated
S3151R03.jpg,S3011R02.jpg,S3151R03,S3011R02,unrelated
S3151R03.jpg,S3012L07.jpg,S3151R03,S3012L07,unrelated
S3151R03.jpg,S3012L02.jpg,S3151R03,S3012L02,unrelated
S3151R03.jpg,S3012R07.jpg,S3151R03,S3012R07,unrelated
S3151R01.jpg,S3151R02.jpg,S3151R01,S3151R02,genuine
S3151R01.jpg,S3152R04.jpg,S3151R01,S3152R04,twin_same_eye
S3151R01.jpg,S3152R03.jpg,S3151R01,S3152R03,twin_same_eye
S3151R01.jpg,S3152R02.jpg,S3151R01,S3152R02,twin_same_eye
S3151R01.jpg,S3152R07.jpg,S3151R01,S3152R07,twin_same_eye
S3151R01.jpg,S3181R04.jpg,S3151R01,S3181R04,unrelated
S3151R01.jpg,S3181R05.jpg,S3151R01,S3181R05,unrelated
S3151R01.jpg,S3182L01.jpg,S3151R01,S3182L01,unrelated
S3151R01.jpg,S3182R05.jpg,S3151R01,S3182R05,unrelated
S3151R01.jpg,S3182R06.jpg,S3151R01,S3182R06,unrelated
S3151R01.jpg,S3182R04.jpg,S3151R01,S3182R04,unrelated
S3151R01.jpg,S3182R03.jpg,S3151R01,S3182R03,unrelated
S3151R01.jpg,S3182R07.jpg,S3151R01,S3182R07,unrelated
S3151R01.jpg,S3141L03.jpg,S3151R01,S3141L03,unrelated
S3151R01.jpg,S3141R07.jpg,S3151R01,S3141R07,unrelated
S3151R01.jpg,S3141R10.jpg,S3151R01,S3141R10,unrelated
S3151R01.jpg,S3141R04.jpg,S3151R01,S3141R04,unrelated
S3151R01.jpg,S3141R06.jpg,S3151R01,S3141R06,unrelated
S3151R01.jpg,S3142L03.jpg,S3151R01,S3142L03,unrelated
S3151R01.jpg,S3142L02.jpg,S3151R01,S3142L02,unrelated
S3151R01.jpg,S3142L04.jpg,S3151R01,S3142L04,unrelated
S3151R01.jpg,S3142L07.jpg,S3151R01,S3142L07,unrelated
S3151R01.jpg,S3142R08.jpg,S3151R01,S3142R08,unrelated
S3151R01.jpg,S3142R07.jpg,S3151R01,S3142R07,unrelated
S3151R01.jpg,S3142R10.jpg,S3151R01,S3142R10,unrelated
S3151R01.jpg,S3142R09.jpg,S3151R01,S3142R09,unrelated
S3151R01.jpg,S3121L03.jpg,S3151R01,S3121L03,unrelated
S3151R01.jpg,S3121L02.jpg,S3151R01,S3121L02,unrelated
S3151R01.jpg,S3121L01.jpg,S3151R01,S3121L01,unrelated
S3151R01.jpg,S3121R04.jpg,S3151R01,S3121R04,unrelated
S3151R01.jpg,S3121R02.jpg,S3151R01,S3121R02,unrelated
S3151R01.jpg,S3121R01.jpg,S3151R01,S3121R01,unrelated
S3151R01.jpg,S3121R08.jpg,S3151R01,S3121R08,unrelated
S3151R01.jpg,S3121R07.jpg,S3151R01,S3121R07,unrelated
S3151R01.jpg,S3122L09.jpg,S3151R01,S3122L09,unrelated
S3151R01.jpg,S3122L07.jpg,S3151R01,S3122L07,unrelated
S3151R01.jpg,S3122L10.jpg,S3151R01,S3122L10,unrelated
S3151R01.jpg,S3122L01.jpg,S3151R01,S3122L01,unrelated
S3151R01.jpg,S3122L05.jpg,S3151R01,S3122L05,unrelated
S3151R01.jpg,S3122R02.jpg,S3151R01,S3122R02,unrelated
S3151R01.jpg,S3122R04.jpg,S3151R01,S3122R04,unrelated
S3151R01.jpg,S3122R03.jpg,S3151R01,S3122R03,unrelated
S3151R01.jpg,S3122R01.jpg,S3151R01,S3122R01,unrelated
S3151R01.jpg,S3051L07.jpg,S3151R01,S3051L07,unrelated
S3151R01.jpg,S3051L08.jpg,S3151R01,S3051L08,unrelated
S3151R01.jpg,S3051L10.jpg,S3151R01,S3051L10,unrelated
S3151R01.jpg,S3051L06.jpg,S3151R01,S3051L06,unrelated
S3151R01.jpg,S3051R01.jpg,S3151R01,S3051R01,unrelated
S3151R01.jpg,S3051R03.jpg,S3151R01,S3051R03,unrelated
S3151R01.jpg,S3052L01.jpg,S3151R01,S3052L01,unrelated
S3151R01.jpg,S3052L02.jpg,S3151R01,S3052L02,unrelated
S3151R01.jpg,S3052L03.jpg,S3151R01,S3052L03,unrelated
S3151R01.jpg,S3052R01.jpg,S3151R01,S3052R01,unrelated
S3151R01.jpg,S3011L07.jpg,S3151R01,S3011L07,unrelated
S3151R01.jpg,S3011R01.jpg,S3151R01,S3011R01,unrelated
S3151R01.jpg,S3011R02.jpg,S3151R01,S3011R02,unrelated
S3151R01.jpg,S3012L07.jpg,S3151R01,S3012L07,unrelated
S3151R01.jpg,S3012L02.jpg,S3151R01,S3012L02,unrelated
S3151R01.jpg,S3012R07.jpg,S3151R01,S3012R07,unrelated
S3151R02.jpg,S3152R04.jpg,S3151R02,S3152R04,twin_same_eye
S3151R02.jpg,S3152R03.jpg,S3151R02,S3152R03,twin_same_eye
S3151R02.jpg,S3152R02.jpg,S3151R02,S3152R02,twin_same_eye
S3151R02.jpg,S3152R07.jpg,S3151R02,S3152R07,twin_same_eye
S3151R02.jpg,S3181R04.jpg,S3151R02,S3181R04,unrelated
S3151R02.jpg,S3181R05.jpg,S3151R02,S3181R05,unrelated
S3151R02.jpg,S3182L01.jpg,S3151R02,S3182L01,unrelated
S3151R02.jpg,S3182R05.jpg,S3151R02,S3182R05,unrelated
S3151R02.jpg,S3182R06.jpg,S3151R02,S3182R06,unrelated
S3151R02.jpg,S3182R04.jpg,S3151R02,S3182R04,unrelated
S3151R02.jpg,S3182R03.jpg,S3151R02,S3182R03,unrelated
S3151R02.jpg,S3182R07.jpg,S3151R02,S3182R07,unrelated
S3151R02.jpg,S3141L03.jpg,S3151R02,S3141L03,unrelated
S3151R02.jpg,S3141R07.jpg,S3151R02,S3141R07,unrelated
S3151R02.jpg,S3141R10.jpg,S3151R02,S3141R10,unrelated
S3151R02.jpg,S3141R04.jpg,S3151R02,S3141R04,unrelated
S3151R02.jpg,S3141R06.jpg,S3151R02,S3141R06,unrelated
S3151R02.jpg,S3142L03.jpg,S3151R02,S3142L03,unrelated
S3151R02.jpg,S3142L02.jpg,S3151R02,S3142L02,unrelated
S3151R02.jpg,S3142L04.jpg,S3151R02,S3142L04,unrelated
S3151R02.jpg,S3142L07.jpg,S3151R02,S3142L07,unrelated
S3151R02.jpg,S3142R08.jpg,S3151R02,S3142R08,unrelated
S3151R02.jpg,S3142R07.jpg,S3151R02,S3142R07,unrelated
S3151R02.jpg,S3142R10.jpg,S3151R02,S3142R10,unrelated
S3151R02.jpg,S3142R09.jpg,S3151R02,S3142R09,unrelated
S3151R02.jpg,S3121L03.jpg,S3151R02,S3121L03,unrelated
S3151R02.jpg,S3121L02.jpg,S3151R02,S3121L02,unrelated
S3151R02.jpg,S3121L01.jpg,S3151R02,S3121L01,unrelated
S3151R02.jpg,S3121R04.jpg,S3151R02,S3121R04,unrelated
S3151R02.jpg,S3121R02.jpg,S3151R02,S3121R02,unrelated
S3151R02.jpg,S3121R01.jpg,S3151R02,S3121R01,unrelated
S3151R02.jpg,S3121R08.jpg,S3151R02,S3121R08,unrelated
S3151R02.jpg,S3121R07.jpg,S3151R02,S3121R07,unrelated
S3151R02.jpg,S3122L09.jpg,S3151R02,S3122L09,unrelated
S3151R02.jpg,S3122L07.jpg,S3151R02,S3122L07,unrelated
S3151R02.jpg,S3122L10.jpg,S3151R02,S3122L10,unrelated
S3151R02.jpg,S3122L01.jpg,S3151R02,S3122L01,unrelated
S3151R02.jpg,S3122L05.jpg,S3151R02,S3122L05,unrelated
S3151R02.jpg,S3122R02.jpg,S3151R02,S3122R02,unrelated
S3151R02.jpg,S3122R04.jpg,S3151R02,S3122R04,unrelated
S3151R02.jpg,S3122R03.jpg,S3151R02,S3122R03,unrelated
S3151R02.jpg,S3122R01.jpg,S3151R02,S3122R01,unrelated
S3151R02.jpg,S3051L07.jpg,S3151R02,S3051L07,unrelated
S3151R02.jpg,S3051L08.jpg,S3151R02,S3051L08,unrelated
S3151R02.jpg,S3051L10.jpg,S3151R02,S3051L10,unrelated
S3151R02.jpg,S3051L06.jpg,S3151R02,S3051L06,unrelated
S3151R02.jpg,S3051R01.jpg,S3151R02,S3051R01,unrelated
S3151R02.jpg,S3051R03.jpg,S3151R02,S3051R03,unrelated
S3151R02.jpg,S3052L01.jpg,S3151R02,S3052L01,unrelated
S3151R02.jpg,S3052L02.jpg,S3151R02,S3052L02,unrelated
S3151R02.jpg,S3052L03.jpg,S3151R02,S3052L03,unrelated
S3151R02.jpg,S3052R01.jpg,S3151R02,S3052R01,unrelated
S3151R02.jpg,S3011L07.jpg,S3151R02,S3011L07,unrelated
S3151R02.jpg,S3011R01.jpg,S3151R02,S3011R01,unrelated
S3151R02.jpg,S3011R02.jpg,S3151R02,S3011R02,unrelated
S3151R02.jpg,S3012L07.jpg,S3151R02,S3012L07,unrelated
S3151R02.jpg,S3012L02.jpg,S3151R02,S3012L02,unrelated
S3151R02.jpg,S3012R07.jpg,S3151R02,S3012R07,unrelated
S3152R04.jpg,S3152R03.jpg,S3152R04,S3152R03,genuine
S3152R04.jpg,S3152R02.jpg,S3152R04,S3152R02,genuine
S3152R04.jpg,S3152R07.jpg,S3152R04,S3152R07,genuine
S3152R04.jpg,S3181R04.jpg,S3152R04,S3181R04,unrelated
S3152R04.jpg,S3181R05.jpg,S3152R04,S3181R05,unrelated
S3152R04.jpg,S3182L01.jpg,S3152R04,S3182L01,unrelated
S3152R04.jpg,S3182R05.jpg,S3152R04,S3182R05,unrelated
S3152R04.jpg,S3182R06.jpg,S3152R04,S3182R06,unrelated
S3152R04.jpg,S3182R04.jpg,S3152R04,S3182R04,unrelated
S3152R04.jpg,S3182R03.jpg,S3152R04,S3182R03,unrelated
S3152R04.jpg,S3182R07.jpg,S3152R04,S3182R07,unrelated
S3152R04.jpg,S3141L03.jpg,S3152R04,S3141L03,unrelated
S3152R04.jpg,S3141R07.jpg,S3152R04,S3141R07,unrelated
S3152R04.jpg,S3141R10.jpg,S3152R04,S3141R10,unrelated
S3152R04.jpg,S3141R04.jpg,S3152R04,S3141R04,unrelated
S3152R04.jpg,S3141R06.jpg,S3152R04,S3141R06,unrelated
S3152R04.jpg,S3142L03.jpg,S3152R04,S3142L03,unrelated
S3152R04.jpg,S3142L02.jpg,S3152R04,S3142L02,unrelated
S3152R04.jpg,S3142L04.jpg,S3152R04,S3142L04,unrelated
S3152R04.jpg,S3142L07.jpg,S3152R04,S3142L07,unrelated
S3152R04.jpg,S3142R08.jpg,S3152R04,S3142R08,unrelated
S3152R04.jpg,S3142R07.jpg,S3152R04,S3142R07,unrelated
S3152R04.jpg,S3142R10.jpg,S3152R04,S3142R10,unrelated
S3152R04.jpg,S3142R09.jpg,S3152R04,S3142R09,unrelated
S3152R04.jpg,S3121L03.jpg,S3152R04,S3121L03,unrelated
S3152R04.jpg,S3121L02.jpg,S3152R04,S3121L02,unrelated
S3152R04.jpg,S3121L01.jpg,S3152R04,S3121L01,unrelated
S3152R04.jpg,S3121R04.jpg,S3152R04,S3121R04,unrelated
S3152R04.jpg,S3121R02.jpg,S3152R04,S3121R02,unrelated
S3152R04.jpg,S3121R01.jpg,S3152R04,S3121R01,unrelated
S3152R04.jpg,S3121R08.jpg,S3152R04,S3121R08,unrelated
S3152R04.jpg,S3121R07.jpg,S3152R04,S3121R07,unrelated
S3152R04.jpg,S3122L09.jpg,S3152R04,S3122L09,unrelated
S3152R04.jpg,S3122L07.jpg,S3152R04,S3122L07,unrelated
S3152R04.jpg,S3122L10.jpg,S3152R04,S3122L10,unrelated
S3152R04.jpg,S3122L01.jpg,S3152R04,S3122L01,unrelated
S3152R04.jpg,S3122L05.jpg,S3152R04,S3122L05,unrelated
S3152R04.jpg,S3122R02.jpg,S3152R04,S3122R02,unrelated
S3152R04.jpg,S3122R04.jpg,S3152R04,S3122R04,unrelated
S3152R04.jpg,S3122R03.jpg,S3152R04,S3122R03,unrelated
S3152R04.jpg,S3122R01.jpg,S3152R04,S3122R01,unrelated
S3152R04.jpg,S3051L07.jpg,S3152R04,S3051L07,unrelated
S3152R04.jpg,S3051L08.jpg,S3152R04,S3051L08,unrelated
S3152R04.jpg,S3051L10.jpg,S3152R04,S3051L10,unrelated
S3152R04.jpg,S3051L06.jpg,S3152R04,S3051L06,unrelated
S3152R04.jpg,S3051R01.jpg,S3152R04,S3051R01,unrelated
S3152R04.jpg,S3051R03.jpg,S3152R04,S3051R03,unrelated
S3152R04.jpg,S3052L01.jpg,S3152R04,S3052L01,unrelated
S3152R04.jpg,S3052L02.jpg,S3152R04,S3052L02,unrelated
S3152R04.jpg,S3052L03.jpg,S3152R04,S3052L03,unrelated
S3152R04.jpg,S3052R01.jpg,S3152R04,S3052R01,unrelated
S3152R04.jpg,S3011L07.jpg,S3152R04,S3011L07,unrelated
S3152R04.jpg,S3011R01.jpg,S3152R04,S3011R01,unrelated
S3152R04.jpg,S3011R02.jpg,S3152R04,S3011R02,unrelated
S3152R04.jpg,S3012L07.jpg,S3152R04,S3012L07,unrelated
S3152R04.jpg,S3012L02.jpg,S3152R04,S3012L02,unrelated
S3152R04.jpg,S3012R07.jpg,S3152R04,S3012R07,unrelated
S3152R03.jpg,S3152R02.jpg,S3152R03,S3152R02,genuine
S3152R03.jpg,S3152R07.jpg,S3152R03,S3152R07,genuine
S3152R03.jpg,S3181R04.jpg,S3152R03,S3181R04,unrelated
S3152R03.jpg,S3181R05.jpg,S3152R03,S3181R05,unrelated
S3152R03.jpg,S3182L01.jpg,S3152R03,S3182L01,unrelated
S3152R03.jpg,S3182R05.jpg,S3152R03,S3182R05,unrelated
S3152R03.jpg,S3182R06.jpg,S3152R03,S3182R06,unrelated
S3152R03.jpg,S3182R04.jpg,S3152R03,S3182R04,unrelated
S3152R03.jpg,S3182R03.jpg,S3152R03,S3182R03,unrelated
S3152R03.jpg,S3182R07.jpg,S3152R03,S3182R07,unrelated
S3152R03.jpg,S3141L03.jpg,S3152R03,S3141L03,unrelated
S3152R03.jpg,S3141R07.jpg,S3152R03,S3141R07,unrelated
S3152R03.jpg,S3141R10.jpg,S3152R03,S3141R10,unrelated
S3152R03.jpg,S3141R04.jpg,S3152R03,S3141R04,unrelated
S3152R03.jpg,S3141R06.jpg,S3152R03,S3141R06,unrelated
S3152R03.jpg,S3142L03.jpg,S3152R03,S3142L03,unrelated
S3152R03.jpg,S3142L02.jpg,S3152R03,S3142L02,unrelated
S3152R03.jpg,S3142L04.jpg,S3152R03,S3142L04,unrelated
S3152R03.jpg,S3142L07.jpg,S3152R03,S3142L07,unrelated
S3152R03.jpg,S3142R08.jpg,S3152R03,S3142R08,unrelated
S3152R03.jpg,S3142R07.jpg,S3152R03,S3142R07,unrelated
S3152R03.jpg,S3142R10.jpg,S3152R03,S3142R10,unrelated
S3152R03.jpg,S3142R09.jpg,S3152R03,S3142R09,unrelated
S3152R03.jpg,S3121L03.jpg,S3152R03,S3121L03,unrelated
S3152R03.jpg,S3121L02.jpg,S3152R03,S3121L02,unrelated
S3152R03.jpg,S3121L01.jpg,S3152R03,S3121L01,unrelated
S3152R03.jpg,S3121R04.jpg,S3152R03,S3121R04,unrelated
S3152R03.jpg,S3121R02.jpg,S3152R03,S3121R02,unrelated
S3152R03.jpg,S3121R01.jpg,S3152R03,S3121R01,unrelated
S3152R03.jpg,S3121R08.jpg,S3152R03,S3121R08,unrelated
S3152R03.jpg,S3121R07.jpg,S3152R03,S3121R07,unrelated
S3152R03.jpg,S3122L09.jpg,S3152R03,S3122L09,unrelated
S3152R03.jpg,S3122L07.jpg,S3152R03,S3122L07,unrelated
S3152R03.jpg,S3122L10.jpg,S3152R03,S3122L10,unrelated
S3152R03.jpg,S3122L01.jpg,S3152R03,S3122L01,unrelated
S3152R03.jpg,S3122L05.jpg,S3152R03,S3122L05,unrelated
S3152R03.jpg,S3122R02.jpg,S3152R03,S3122R02,unrelated
S3152R03.jpg,S3122R04.jpg,S3152R03,S3122R04,unrelated
S3152R03.jpg,S3122R03.jpg,S3152R03,S3122R03,unrelated
S3152R03.jpg,S3122R01.jpg,S3152R03,S3122R01,unrelated
S3152R03.jpg,S3051L07.jpg,S3152R03,S3051L07,unrelated
S3152R03.jpg,S3051L08.jpg,S3152R03,S3051L08,unrelated
S3152R03.jpg,S3051L10.jpg,S3152R03,S3051L10,unrelated
S3152R03.jpg,S3051L06.jpg,S3152R03,S3051L06,unrelated
S3152R03.jpg,S3051R01.jpg,S3152R03,S3051R01,unrelated
S3152R03.jpg,S3051R03.jpg,S3152R03,S3051R03,unrelated
S3152R03.jpg,S3052L01.jpg,S3152R03,S3052L01,unrelated
S3152R03.jpg,S3052L02.jpg,S3152R03,S3052L02,unrelated
S3152R03.jpg,S3052L03.jpg,S3152R03,S3052L03,unrelated
S3152R03.jpg,S3052R01.jpg,S3152R03,S3052R01,unrelated
S3152R03.jpg,S3011L07.jpg,S3152R03,S3011L07,unrelated
S3152R03.jpg,S3011R01.jpg,S3152R03,S3011R01,unrelated
S3152R03.jpg,S3011R02.jpg,S3152R03,S3011R02,unrelated
S3152R03.jpg,S3012L07.jpg,S3152R03,S3012L07,unrelated
S3152R03.jpg,S3012L02.jpg,S3152R03,S3012L02,unrelated
S3152R03.jpg,S3012R07.jpg,S3152R03,S3012R07,unrelated
S3152R02.jpg,S3152R07.jpg,S3152R02,S3152R07,genuine
S3152R02.jpg,S3181R04.jpg,S3152R02,S3181R04,unrelated
S3152R02.jpg,S3181R05.jpg,S3152R02,S3181R05,unrelated
S3152R02.jpg,S3182L01.jpg,S3152R02,S3182L01,unrelated
S3152R02.jpg,S3182R05.jpg,S3152R02,S3182R05,unrelated
S3152R02.jpg,S3182R06.jpg,S3152R02,S3182R06,unrelated
S3152R02.jpg,S3182R04.jpg,S3152R02,S3182R04,unrelated
S3152R02.jpg,S3182R03.jpg,S3152R02,S3182R03,unrelated
S3152R02.jpg,S3182R07.jpg,S3152R02,S3182R07,unrelated
S3152R02.jpg,S3141L03.jpg,S3152R02,S3141L03,unrelated
S3152R02.jpg,S3141R07.jpg,S3152R02,S3141R07,unrelated
S3152R02.jpg,S3141R10.jpg,S3152R02,S3141R10,unrelated
S3152R02.jpg,S3141R04.jpg,S3152R02,S3141R04,unrelated
S3152R02.jpg,S3141R06.jpg,S3152R02,S3141R06,unrelated
S3152R02.jpg,S3142L03.jpg,S3152R02,S3142L03,unrelated
S3152R02.jpg,S3142L02.jpg,S3152R02,S3142L02,unrelated
S3152R02.jpg,S3142L04.jpg,S3152R02,S3142L04,unrelated
S3152R02.jpg,S3142L07.jpg,S3152R02,S3142L07,unrelated
S3152R02.jpg,S3142R08.jpg,S3152R02,S3142R08,unrelated
S3152R02.jpg,S3142R07.jpg,S3152R02,S3142R07,unrelated
S3152R02.jpg,S3142R10.jpg,S3152R02,S3142R10,unrelated
S3152R02.jpg,S3142R09.jpg,S3152R02,S3142R09,unrelated
S3152R02.jpg,S3121L03.jpg,S3152R02,S3121L03,unrelated
S3152R02.jpg,S3121L02.jpg,S3152R02,S3121L02,unrelated
S3152R02.jpg,S3121L01.jpg,S3152R02,S3121L01,unrelated
S3152R02.jpg,S3121R04.jpg,S3152R02,S3121R04,unrelated
S3152R02.jpg,S3121R02.jpg,S3152R02,S3121R02,unrelated
S3152R02.jpg,S3121R01.jpg,S3152R02,S3121R01,unrelated
S3152R02.jpg,S3121R08.jpg,S3152R02,S3121R08,unrelated
S3152R02.jpg,S3121R07.jpg,S3152R02,S3121R07,unrelated
S3152R02.jpg,S3122L09.jpg,S3152R02,S3122L09,unrelated
S3152R02.jpg,S3122L07.jpg,S3152R02,S3122L07,unrelated
S3152R02.jpg,S3122L10.jpg,S3152R02,S3122L10,unrelated
S3152R02.jpg,S3122L01.jpg,S3152R02,S3122L01,unrelated
S3152R02.jpg,S3122L05.jpg,S3152R02,S3122L05,unrelated
S3152R02.jpg,S3122R02.jpg,S3152R02,S3122R02,unrelated
S3152R02.jpg,S3122R04.jpg,S3152R02,S3122R04,unrelated
S3152R02.jpg,S3122R03.jpg,S3152R02,S3122R03,unrelated
S3152R02.jpg,S3122R01.jpg,S3152R02,S3122R01,unrelated
S3152R02.jpg,S3051L07.jpg,S3152R02,S3051L07,unrelated
S3152R02.jpg,S3051L08.jpg,S3152R02,S3051L08,unrelated
S3152R02.jpg,S3051L10.jpg,S3152R02,S3051L10,unrelated
S3152R02.jpg,S3051L06.jpg,S3152R02,S3051L06,unrelated
S3152R02.jpg,S3051R01.jpg,S3152R02,S3051R01,unrelated
S3152R02.jpg,S3051R03.jpg,S3152R02,S3051R03,unrelated
S3152R02.jpg,S3052L01.jpg,S3152R02,S3052L01,unrelated
S3152R02.jpg,S3052L02.jpg,S3152R02,S3052L02,unrelated
S3152R02.jpg,S3052L03.jpg,S3152R02,S3052L03,unrelated
S3152R02.jpg,S3052R01.jpg,S3152R02,S3052R01,unrelated
S3152R02.jpg,S3011L07.jpg,S3152R02,S3011L07,unrelated
S3152R02.jpg,S3011R01.jpg,S3152R02,S3011R01,unrelated
S3152R02.jpg,S3011R02.jpg,S3152R02,S3011R02,unrelated
S3152R02.jpg,S3012L07.jpg,S3152R02,S3012L07,unrelated
S3152R02.jpg,S3012L02.jpg,S3152R02,S3012L02,unrelated
S3152R02.jpg,S3012R07.jpg,S3152R02,S3012R07,unrelated
S3152R07.jpg,S3181R04.jpg,S3152R07,S3181R04,unrelated
S3152R07.jpg,S3181R05.jpg,S3152R07,S3181R05,unrelated
S3152R07.jpg,S3182L01.jpg,S3152R07,S3182L01,unrelated
S3152R07.jpg,S3182R05.jpg,S3152R07,S3182R05,unrelated
S3152R07.jpg,S3182R06.jpg,S3152R07,S3182R06,unrelated
S3152R07.jpg,S3182R04.jpg,S3152R07,S3182R04,unrelated
S3152R07.jpg,S3182R03.jpg,S3152R07,S3182R03,unrelated
S3152R07.jpg,S3182R07.jpg,S3152R07,S3182R07,unrelated
S3152R07.jpg,S3141L03.jpg,S3152R07,S3141L03,unrelated
S3152R07.jpg,S3141R07.jpg,S3152R07,S3141R07,unrelated
S3152R07.jpg,S3141R10.jpg,S3152R07,S3141R10,unrelated
S3152R07.jpg,S3141R04.jpg,S3152R07,S3141R04,unrelated
S3152R07.jpg,S3141R06.jpg,S3152R07,S3141R06,unrelated
S3152R07.jpg,S3142L03.jpg,S3152R07,S3142L03,unrelated
S3152R07.jpg,S3142L02.jpg,S3152R07,S3142L02,unrelated
S3152R07.jpg,S3142L04.jpg,S3152R07,S3142L04,unrelated
S3152R07.jpg,S3142L07.jpg,S3152R07,S3142L07,unrelated
S3152R07.jpg,S3142R08.jpg,S3152R07,S3142R08,unrelated
S3152R07.jpg,S3142R07.jpg,S3152R07,S3142R07,unrelated
S3152R07.jpg,S3142R10.jpg,S3152R07,S3142R10,unrelated
S3152R07.jpg,S3142R09.jpg,S3152R07,S3142R09,unrelated
S3152R07.jpg,S3121L03.jpg,S3152R07,S3121L03,unrelated
S3152R07.jpg,S3121L02.jpg,S3152R07,S3121L02,unrelated
S3152R07.jpg,S3121L01.jpg,S3152R07,S3121L01,unrelated
S3152R07.jpg,S3121R04.jpg,S3152R07,S3121R04,unrelated
S3152R07.jpg,S3121R02.jpg,S3152R07,S3121R02,unrelated
S3152R07.jpg,S3121R01.jpg,S3152R07,S3121R01,unrelated
S3152R07.jpg,S3121R08.jpg,S3152R07,S3121R08,unrelated
S3152R07.jpg,S3121R07.jpg,S3152R07,S3121R07,unrelated
S3152R07.jpg,S3122L09.jpg,S3152R07,S3122L09,unrelated
S3152R07.jpg,S3122L07.jpg,S3152R07,S3122L07,unrelated
S3152R07.jpg,S3122L10.jpg,S3152R07,S3122L10,unrelated
S3152R07.jpg,S3122L01.jpg,S3152R07,S3122L01,unrelated
S3152R07.jpg,S3122L05.jpg,S3152R07,S3122L05,unrelated
S3152R07.jpg,S3122R02.jpg,S3152R07,S3122R02,unrelated
S3152R07.jpg,S3122R04.jpg,S3152R07,S3122R04,unrelated
S3152R07.jpg,S3122R03.jpg,S3152R07,S3122R03,unrelated
S3152R07.jpg,S3122R01.jpg,S3152R07,S3122R01,unrelated
S3152R07.jpg,S3051L07.jpg,S3152R07,S3051L07,unrelated
S3152R07.jpg,S3051L08.jpg,S3152R07,S3051L08,unrelated
S3152R07.jpg,S3051L10.jpg,S3152R07,S3051L10,unrelated
S3152R07.jpg,S3051L06.jpg,S3152R07,S3051L06,unrelated
S3152R07.jpg,S3051R01.jpg,S3152R07,S3051R01,unrelated
S3152R07.jpg,S3051R03.jpg,S3152R07,S3051R03,unrelated
S3152R07.jpg,S3052L01.jpg,S3152R07,S3052L01,unrelated
S3152R07.jpg,S3052L02.jpg,S3152R07,S3052L02,unrelated
S3152R07.jpg,S3052L03.jpg,S3152R07,S3052L03,unrelated
S3152R07.jpg,S3052R01.jpg,S3152R07,S3052R01,unrelated
S3152R07.jpg,S3011L07.jpg,S3152R07,S3011L07,unrelated
S3152R07.jpg,S3011R01.jpg,S3152R07,S3011R01,unrelated
S3152R07.jpg,S3011R02.jpg,S3152R07,S3011R02,unrelated
S3152R07.jpg,S3012L07.jpg,S3152R07,S3012L07,unrelated
S3152R07.jpg,S3012L02.jpg,S3152R07,S3012L02,unrelated
S3152R07.jpg,S3012R07.jpg,S3152R07,S3012R07,unrelated
S3181R04.jpg,S3181R05.jpg,S3181R04,S3181R05,genuine
S3181R04.jpg,S3182L01.jpg,S3181R04,S3182L01,twin_cross_eye
S3181R04.jpg,S3182R05.jpg,S3181R04,S3182R05,twin_same_eye
S3181R04.jpg,S3182R06.jpg,S3181R04,S3182R06,twin_same_eye
S3181R04.jpg,S3182R04.jpg,S3181R04,S3182R04,twin_same_eye
S3181R04.jpg,S3182R03.jpg,S3181R04,S3182R03,twin_same_eye
S3181R04.jpg,S3182R07.jpg,S3181R04,S3182R07,twin_same_eye
S3181R04.jpg,S3141L03.jpg,S3181R04,S3141L03,unrelated
S3181R04.jpg,S3141R07.jpg,S3181R04,S3141R07,unrelated
S3181R04.jpg,S3141R10.jpg,S3181R04,S3141R10,unrelated
S3181R04.jpg,S3141R04.jpg,S3181R04,S3141R04,unrelated
S3181R04.jpg,S3141R06.jpg,S3181R04,S3141R06,unrelated
S3181R04.jpg,S3142L03.jpg,S3181R04,S3142L03,unrelated
S3181R04.jpg,S3142L02.jpg,S3181R04,S3142L02,unrelated
S3181R04.jpg,S3142L04.jpg,S3181R04,S3142L04,unrelated
S3181R04.jpg,S3142L07.jpg,S3181R04,S3142L07,unrelated
S3181R04.jpg,S3142R08.jpg,S3181R04,S3142R08,unrelated
S3181R04.jpg,S3142R07.jpg,S3181R04,S3142R07,unrelated
S3181R04.jpg,S3142R10.jpg,S3181R04,S3142R10,unrelated
S3181R04.jpg,S3142R09.jpg,S3181R04,S3142R09,unrelated
S3181R04.jpg,S3121L03.jpg,S3181R04,S3121L03,unrelated
S3181R04.jpg,S3121L02.jpg,S3181R04,S3121L02,unrelated
S3181R04.jpg,S3121L01.jpg,S3181R04,S3121L01,unrelated
S3181R04.jpg,S3121R04.jpg,S3181R04,S3121R04,unrelated
S3181R04.jpg,S3121R02.jpg,S3181R04,S3121R02,unrelated
S3181R04.jpg,S3121R01.jpg,S3181R04,S3121R01,unrelated
S3181R04.jpg,S3121R08.jpg,S3181R04,S3121R08,unrelated
S3181R04.jpg,S3121R07.jpg,S3181R04,S3121R07,unrelated
S3181R04.jpg,S3122L09.jpg,S3181R04,S3122L09,unrelated
S3181R04.jpg,S3122L07.jpg,S3181R04,S3122L07,unrelated
S3181R04.jpg,S3122L10.jpg,S3181R04,S3122L10,unrelated
S3181R04.jpg,S3122L01.jpg,S3181R04,S3122L01,unrelated
S3181R04.jpg,S3122L05.jpg,S3181R04,S3122L05,unrelated
S3181R04.jpg,S3122R02.jpg,S3181R04,S3122R02,unrelated
S3181R04.jpg,S3122R04.jpg,S3181R04,S3122R04,unrelated
S3181R04.jpg,S3122R03.jpg,S3181R04,S3122R03,unrelated
S3181R04.jpg,S3122R01.jpg,S3181R04,S3122R01,unrelated
S3181R04.jpg,S3051L07.jpg,S3181R04,S3051L07,unrelated
S3181R04.jpg,S3051L08.jpg,S3181R04,S3051L08,unrelated
S3181R04.jpg,S3051L10.jpg,S3181R04,S3051L10,unrelated
S3181R04.jpg,S3051L06.jpg,S3181R04,S3051L06,unrelated
S3181R04.jpg,S3051R01.jpg,S3181R04,S3051R01,unrelated
S3181R04.jpg,S3051R03.jpg,S3181R04,S3051R03,unrelated
S3181R04.jpg,S3052L01.jpg,S3181R04,S3052L01,unrelated
S3181R04.jpg,S3052L02.jpg,S3181R04,S3052L02,unrelated
S3181R04.jpg,S3052L03.jpg,S3181R04,S3052L03,unrelated
S3181R04.jpg,S3052R01.jpg,S3181R04,S3052R01,unrelated
S3181R04.jpg,S3011L07.jpg,S3181R04,S3011L07,unrelated
S3181R04.jpg,S3011R01.jpg,S3181R04,S3011R01,unrelated
S3181R04.jpg,S3011R02.jpg,S3181R04,S3011R02,unrelated
S3181R04.jpg,S3012L07.jpg,S3181R04,S3012L07,unrelated
S3181R04.jpg,S3012L02.jpg,S3181R04,S3012L02,unrelated
S3181R04.jpg,S3012R07.jpg,S3181R04,S3012R07,unrelated
S3181R05.jpg,S3182L01.jpg,S3181R05,S3182L01,twin_cross_eye
S3181R05.jpg,S3182R05.jpg,S3181R05,S3182R05,twin_same_eye
S3181R05.jpg,S3182R06.jpg,S3181R05,S3182R06,twin_same_eye
S3181R05.jpg,S3182R04.jpg,S3181R05,S3182R04,twin_same_eye
S3181R05.jpg,S3182R03.jpg,S3181R05,S3182R03,twin_same_eye
S3181R05.jpg,S3182R07.jpg,S3181R05,S3182R07,twin_same_eye
S3181R05.jpg,S3141L03.jpg,S3181R05,S3141L03,unrelated
S3181R05.jpg,S3141R07.jpg,S3181R05,S3141R07,unrelated
S3181R05.jpg,S3141R10.jpg,S3181R05,S3141R10,unrelated
S3181R05.jpg,S3141R04.jpg,S3181R05,S3141R04,unrelated
S3181R05.jpg,S3141R06.jpg,S3181R05,S3141R06,unrelated
S3181R05.jpg,S3142L03.jpg,S3181R05,S3142L03,unrelated
S3181R05.jpg,S3142L02.jpg,S3181R05,S3142L02,unrelated
S3181R05.jpg,S3142L04.jpg,S3181R05,S3142L04,unrelated
S3181R05.jpg,S3142L07.jpg,S3181R05,S3142L07,unrelated
S3181R05.jpg,S3142R08.jpg,S3181R05,S3142R08,unrelated
S3181R05.jpg,S3142R07.jpg,S3181R05,S3142R07,unrelated
S3181R05.jpg,S3142R10.jpg,S3181R05,S3142R10,unrelated
S3181R05.jpg,S3142R09.jpg,S3181R05,S3142R09,unrelated
S3181R05.jpg,S3121L03.jpg,S3181R05,S3121L03,unrelated
S3181R05.jpg,S3121L02.jpg,S3181R05,S3121L02,unrelated
S3181R05.jpg,S3121L01.jpg,S3181R05,S3121L01,unrelated
S3181R05.jpg,S3121R04.jpg,S3181R05,S3121R04,unrelated
S3181R05.jpg,S3121R02.jpg,S3181R05,S3121R02,unrelated
S3181R05.jpg,S3121R01.jpg,S3181R05,S3121R01,unrelated
S3181R05.jpg,S3121R08.jpg,S3181R05,S3121R08,unrelated
S3181R05.jpg,S3121R07.jpg,S3181R05,S3121R07,unrelated
S3181R05.jpg,S3122L09.jpg,S3181R05,S3122L09,unrelated
S3181R05.jpg,S3122L07.jpg,S3181R05,S3122L07,unrelated
S3181R05.jpg,S3122L10.jpg,S3181R05,S3122L10,unrelated
S3181R05.jpg,S3122L01.jpg,S3181R05,S3122L01,unrelated
S3181R05.jpg,S3122L05.jpg,S3181R05,S3122L05,unrelated
S3181R05.jpg,S3122R02.jpg,S3181R05,S3122R02,unrelated
S3181R05.jpg,S3122R04.jpg,S3181R05,S3122R04,unrelated
S3181R05.jpg,S3122R03.jpg,S3181R05,S3122R03,unrelated
S3181R05.jpg,S3122R01.jpg,S3181R05,S3122R01,unrelated
S3181R05.jpg,S3051L07.jpg,S3181R05,S3051L07,unrelated
S3181R05.jpg,S3051L08.jpg,S3181R05,S3051L08,unrelated
S3181R05.jpg,S3051L10.jpg,S3181R05,S3051L10,unrelated
S3181R05.jpg,S3051L06.jpg,S3181R05,S3051L06,unrelated
S3181R05.jpg,S3051R01.jpg,S3181R05,S3051R01,unrelated
S3181R05.jpg,S3051R03.jpg,S3181R05,S3051R03,unrelated
S3181R05.jpg,S3052L01.jpg,S3181R05,S3052L01,unrelated
S3181R05.jpg,S3052L02.jpg,S3181R05,S3052L02,unrelated
S3181R05.jpg,S3052L03.jpg,S3181R05,S3052L03,unrelated
S3181R05.jpg,S3052R01.jpg,S3181R05,S3052R01,unrelated
S3181R05.jpg,S3011L07.jpg,S3181R05,S3011L07,unrelated
S3181R05.jpg,S3011R01.jpg,S3181R05,S3011R01,unrelated
S3181R05.jpg,S3011R02.jpg,S3181R05,S3011R02,unrelated
S3181R05.jpg,S3012L07.jpg,S3181R05,S3012L07,unrelated
S3181R05.jpg,S3012L02.jpg,S3181R05,S3012L02,unrelated
S3181R05.jpg,S3012R07.jpg,S3181R05,S3012R07,unrelated
S3182L01.jpg,S3182R05.jpg,S3182L01,S3182R05,same_subject_different_eye
S3182L01.jpg,S3182R06.jpg,S3182L01,S3182R06,same_subject_different_eye
S3182L01.jpg,S3182R04.jpg,S3182L01,S3182R04,same_subject_different_eye
S3182L01.jpg,S3182R03.jpg,S3182L01,S3182R03,same_subject_different_eye
S3182L01.jpg,S3182R07.jpg,S3182L01,S3182R07,same_subject_different_eye
S3182L01.jpg,S3141L03.jpg,S3182L01,S3141L03,unrelated
S3182L01.jpg,S3141R07.jpg,S3182L01,S3141R07,unrelated
S3182L01.jpg,S3141R10.jpg,S3182L01,S3141R10,unrelated
S3182L01.jpg,S3141R04.jpg,S3182L01,S3141R04,unrelated
S3182L01.jpg,S3141R06.jpg,S3182L01,S3141R06,unrelated
S3182L01.jpg,S3142L03.jpg,S3182L01,S3142L03,unrelated
S3182L01.jpg,S3142L02.jpg,S3182L01,S3142L02,unrelated
S3182L01.jpg,S3142L04.jpg,S3182L01,S3142L04,unrelated
S3182L01.jpg,S3142L07.jpg,S3182L01,S3142L07,unrelated
S3182L01.jpg,S3142R08.jpg,S3182L01,S3142R08,unrelated
S3182L01.jpg,S3142R07.jpg,S3182L01,S3142R07,unrelated
S3182L01.jpg,S3142R10.jpg,S3182L01,S3142R10,unrelated
S3182L01.jpg,S3142R09.jpg,S3182L01,S3142R09,unrelated
S3182L01.jpg,S3121L03.jpg,S3182L01,S3121L03,unrelated
S3182L01.jpg,S3121L02.jpg,S3182L01,S3121L02,unrelated
S3182L01.jpg,S3121L01.jpg,S3182L01,S3121L01,unrelated
S3182L01.jpg,S3121R04.jpg,S3182L01,S3121R04,unrelated
S3182L01.jpg,S3121R02.jpg,S3182L01,S3121R02,unrelated
S3182L01.jpg,S3121R01.jpg,S3182L01,S3121R01,unrelated
S3182L01.jpg,S3121R08.jpg,S3182L01,S3121R08,unrelated
S3182L01.jpg,S3121R07.jpg,S3182L01,S3121R07,unrelated
S3182L01.jpg,S3122L09.jpg,S3182L01,S3122L09,unrelated
S3182L01.jpg,S3122L07.jpg,S3182L01,S3122L07,unrelated
S3182L01.jpg,S3122L10.jpg,S3182L01,S3122L10,unrelated
S3182L01.jpg,S3122L01.jpg,S3182L01,S3122L01,unrelated
S3182L01.jpg,S3122L05.jpg,S3182L01,S3122L05,unrelated
S3182L01.jpg,S3122R02.jpg,S3182L01,S3122R02,unrelated
S3182L01.jpg,S3122R04.jpg,S3182L01,S3122R04,unrelated
S3182L01.jpg,S3122R03.jpg,S3182L01,S3122R03,unrelated
S3182L01.jpg,S3122R01.jpg,S3182L01,S3122R01,unrelated
S3182L01.jpg,S3051L07.jpg,S3182L01,S3051L07,unrelated
S3182L01.jpg,S3051L08.jpg,S3182L01,S3051L08,unrelated
S3182L01.jpg,S3051L10.jpg,S3182L01,S3051L10,unrelated
S3182L01.jpg,S3051L06.jpg,S3182L01,S3051L06,unrelated
S3182L01.jpg,S3051R01.jpg,S3182L01,S3051R01,unrelated
S3182L01.jpg,S3051R03.jpg,S3182L01,S3051R03,unrelated
S3182L01.jpg,S3052L01.jpg,S3182L01,S3052L01,unrelated
S3182L01.jpg,S3052L02.jpg,S3182L01,S3052L02,unrelated
S3182L01.jpg,S3052L03.jpg,S3182L01,S3052L03,unrelated
S3182L01.jpg,S3052R01.jpg,S3182L01,S3052R01,unrelated
S3182L01.jpg,S3011L07.jpg,S3182L01,S3011L07,unrelated
S3182L01.jpg,S3011R01.jpg,S3182L01,S3011R01,unrelated
S3182L01.jpg,S3011R02.jpg,S3182L01,S3011R02,unrelated
S3182L01.jpg,S3012L07.jpg,S3182L01,S3012L07,unrelated
S3182L01.jpg,S3012L02.jpg,S3182L01,S3012L02,unrelated
S3182L01.jpg,S3012R07.jpg,S3182L01,S3012R07,unrelated
S3182R05.jpg,S3182R06.jpg,S3182R05,S3182R06,genuine
S3182R05.jpg,S3182R04.jpg,S3182R05,S3182R04,genuine
S3182R05.jpg,S3182R03.jpg,S3182R05,S3182R03,genuine
S3182R05.jpg,S3182R07.jpg,S3182R05,S3182R07,genuine
S3182R05.jpg,S3141L03.jpg,S3182R05,S3141L03,unrelated
S3182R05.jpg,S3141R07.jpg,S3182R05,S3141R07,unrelated
S3182R05.jpg,S3141R10.jpg,S3182R05,S3141R10,unrelated
S3182R05.jpg,S3141R04.jpg,S3182R05,S3141R04,unrelated
S3182R05.jpg,S3141R06.jpg,S3182R05,S3141R06,unrelated
S3182R05.jpg,S3142L03.jpg,S3182R05,S3142L03,unrelated
S3182R05.jpg,S3142L02.jpg,S3182R05,S3142L02,unrelated
S3182R05.jpg,S3142L04.jpg,S3182R05,S3142L04,unrelated
S3182R05.jpg,S3142L07.jpg,S3182R05,S3142L07,unrelated
S3182R05.jpg,S3142R08.jpg,S3182R05,S3142R08,unrelated
S3182R05.jpg,S3142R07.jpg,S3182R05,S3142R07,unrelated
S3182R05.jpg,S3142R10.jpg,S3182R05,S3142R10,unrelated
S3182R05.jpg,S3142R09.jpg,S3182R05,S3142R09,unrelated
S3182R05.jpg,S3121L03.jpg,S3182R05,S3121L03,unrelated
S3182R05.jpg,S3121L02.jpg,S3182R05,S3121L02,unrelated
S3182R05.jpg,S3121L01.jpg,S3182R05,S3121L01,unrelated
S3182R05.jpg,S3121R04.jpg,S3182R05,S3121R04,unrelated
S3182R05.jpg,S3121R02.jpg,S3182R05,S3121R02,unrelated
S3182R05.jpg,S3121R01.jpg,S3182R05,S3121R01,unrelated
S3182R05.jpg,S3121R08.jpg,S3182R05,S3121R08,unrelated
S3182R05.jpg,S3121R07.jpg,S3182R05,S3121R07,unrelated
S3182R05.jpg,S3122L09.jpg,S3182R05,S3122L09,unrelated
S3182R05.jpg,S3122L07.jpg,S3182R05,S3122L07,unrelated
S3182R05.jpg,S3122L10.jpg,S3182R05,S3122L10,unrelated
S3182R05.jpg,S3122L01.jpg,S3182R05,S3122L01,unrelated
S3182R05.jpg,S3122L05.jpg,S3182R05,S3122L05,unrelated
S3182R05.jpg,S3122R02.jpg,S3182R05,S3122R02,unrelated
S3182R05.jpg,S3122R04.jpg,S3182R05,S3122R04,unrelated
S3182R05.jpg,S3122R03.jpg,S3182R05,S3122R03,unrelated
S3182R05.jpg,S3122R01.jpg,S3182R05,S3122R01,unrelated
S3182R05.jpg,S3051L07.jpg,S3182R05,S3051L07,unrelated
S3182R05.jpg,S3051L08.jpg,S3182R05,S3051L08,unrelated
S3182R05.jpg,S3051L10.jpg,S3182R05,S3051L10,unrelated
S3182R05.jpg,S3051L06.jpg,S3182R05,S3051L06,unrelated
S3182R05.jpg,S3051R01.jpg,S3182R05,S3051R01,unrelated
S3182R05.jpg,S3051R03.jpg,S3182R05,S3051R03,unrelated
S3182R05.jpg,S3052L01.jpg,S3182R05,S3052L01,unrelated
S3182R05.jpg,S3052L02.jpg,S3182R05,S3052L02,unrelated
S3182R05.jpg,S3052L03.jpg,S3182R05,S3052L03,unrelated
S3182R05.jpg,S3052R01.jpg,S3182R05,S3052R01,unrelated
S3182R05.jpg,S3011L07.jpg,S3182R05,S3011L07,unrelated
S3182R05.jpg,S3011R01.jpg,S3182R05,S3011R01,unrelated
S3182R05.jpg,S3011R02.jpg,S3182R05,S3011R02,unrelated
S3182R05.jpg,S3012L07.jpg,S3182R05,S3012L07,unrelated
S3182R05.jpg,S3012L02.jpg,S3182R05,S3012L02,unrelated
S3182R05.jpg,S3012R07.jpg,S3182R05,S3012R07,unrelated
S3182R06.jpg,S3182R04.jpg,S3182R06,S3182R04,genuine
S3182R06.jpg,S3182R03.jpg,S3182R06,S3182R03,genuine
S3182R06.jpg,S3182R07.jpg,S3182R06,S3182R07,genuine
S3182R06.jpg,S3141L03.jpg,S3182R06,S3141L03,unrelated
S3182R06.jpg,S3141R07.jpg,S3182R06,S3141R07,unrelated
S3182R06.jpg,S3141R10.jpg,S3182R06,S3141R10,unrelated
S3182R06.jpg,S3141R04.jpg,S3182R06,S3141R04,unrelated
S3182R06.jpg,S3141R06.jpg,S3182R06,S3141R06,unrelated
S3182R06.jpg,S3142L03.jpg,S3182R06,S3142L03,unrelated
S3182R06.jpg,S3142L02.jpg,S3182R06,S3142L02,unrelated
S3182R06.jpg,S3142L04.jpg,S3182R06,S3142L04,unrelated
S3182R06.jpg,S3142L07.jpg,S3182R06,S3142L07,unrelated
S3182R06.jpg,S3142R08.jpg,S3182R06,S3142R08,unrelated
S3182R06.jpg,S3142R07.jpg,S3182R06,S3142R07,unrelated
S3182R06.jpg,S3142R10.jpg,S3182R06,S3142R10,unrelated
S3182R06.jpg,S3142R09.jpg,S3182R06,S3142R09,unrelated
S3182R06.jpg,S3121L03.jpg,S3182R06,S3121L03,unrelated
S3182R06.jpg,S3121L02.jpg,S3182R06,S3121L02,unrelated
S3182R06.jpg,S3121L01.jpg,S3182R06,S3121L01,unrelated
S3182R06.jpg,S3121R04.jpg,S3182R06,S3121R04,unrelated
S3182R06.jpg,S3121R02.jpg,S3182R06,S3121R02,unrelated
S3182R06.jpg,S3121R01.jpg,S3182R06,S3121R01,unrelated
S3182R06.jpg,S3121R08.jpg,S3182R06,S3121R08,unrelated
S3182R06.jpg,S3121R07.jpg,S3182R06,S3121R07,unrelated
S3182R06.jpg,S3122L09.jpg,S3182R06,S3122L09,unrelated
S3182R06.jpg,S3122L07.jpg,S3182R06,S3122L07,unrelated
S3182R06.jpg,S3122L10.jpg,S3182R06,S3122L10,unrelated
S3182R06.jpg,S3122L01.jpg,S3182R06,S3122L01,unrelated
S3182R06.jpg,S3122L05.jpg,S3182R06,S3122L05,unrelated
S3182R06.jpg,S3122R02.jpg,S3182R06,S3122R02,unrelated
S3182R06.jpg,S3122R04.jpg,S3182R06,S3122R04,unrelated
S3182R06.jpg,S3122R03.jpg,S3182R06,S3122R03,unrelated
S3182R06.jpg,S3122R01.jpg,S3182R06,S3122R01,unrelated
S3182R06.jpg,S3051L07.jpg,S3182R06,S3051L07,unrelated
S3182R06.jpg,S3051L08.jpg,S3182R06,S3051L08,unrelated
S3182R06.jpg,S3051L10.jpg,S3182R06,S3051L10,unrelated
S3182R06.jpg,S3051L06.jpg,S3182R06,S3051L06,unrelated
S3182R06.jpg,S3051R01.jpg,S3182R06,S3051R01,unrelated
S3182R06.jpg,S3051R03.jpg,S3182R06,S3051R03,unrelated
S3182R06.jpg,S3052L01.jpg,S3182R06,S3052L01,unrelated
S3182R06.jpg,S3052L02.jpg,S3182R06,S3052L02,unrelated
S3182R06.jpg,S3052L03.jpg,S3182R06,S3052L03,unrelated
S3182R06.jpg,S3052R01.jpg,S3182R06,S3052R01,unrelated
S3182R06.jpg,S3011L07.jpg,S3182R06,S3011L07,unrelated
S3182R06.jpg,S3011R01.jpg,S3182R06,S3011R01,unrelated
S3182R06.jpg,S3011R02.jpg,S3182R06,S3011R02,unrelated
S3182R06.jpg,S3012L07.jpg,S3182R06,S3012L07,unrelated
S3182R06.jpg,S3012L02.jpg,S3182R06,S3012L02,unrelated
S3182R06.jpg,S3012R07.jpg,S3182R06,S3012R07,unrelated
S3182R04.jpg,S3182R03.jpg,S3182R04,S3182R03,genuine
S3182R04.jpg,S3182R07.jpg,S3182R04,S3182R07,genuine
S3182R04.jpg,S3141L03.jpg,S3182R04,S3141L03,unrelated
S3182R04.jpg,S3141R07.jpg,S3182R04,S3141R07,unrelated
S3182R04.jpg,S3141R10.jpg,S3182R04,S3141R10,unrelated
S3182R04.jpg,S3141R04.jpg,S3182R04,S3141R04,unrelated
S3182R04.jpg,S3141R06.jpg,S3182R04,S3141R06,unrelated
S3182R04.jpg,S3142L03.jpg,S3182R04,S3142L03,unrelated
S3182R04.jpg,S3142L02.jpg,S3182R04,S3142L02,unrelated
S3182R04.jpg,S3142L04.jpg,S3182R04,S3142L04,unrelated
S3182R04.jpg,S3142L07.jpg,S3182R04,S3142L07,unrelated
S3182R04.jpg,S3142R08.jpg,S3182R04,S3142R08,unrelated
S3182R04.jpg,S3142R07.jpg,S3182R04,S3142R07,unrelated
S3182R04.jpg,S3142R10.jpg,S3182R04,S3142R10,unrelated
S3182R04.jpg,S3142R09.jpg,S3182R04,S3142R09,unrelated
S3182R04.jpg,S3121L03.jpg,S3182R04,S3121L03,unrelated
S3182R04.jpg,S3121L02.jpg,S3182R04,S3121L02,unrelated
S3182R04.jpg,S3121L01.jpg,S3182R04,S3121L01,unrelated
S3182R04.jpg,S3121R04.jpg,S3182R04,S3121R04,unrelated
S3182R04.jpg,S3121R02.jpg,S3182R04,S3121R02,unrelated
S3182R04.jpg,S3121R01.jpg,S3182R04,S3121R01,unrelated
S3182R04.jpg,S3121R08.jpg,S3182R04,S3121R08,unrelated
S3182R04.jpg,S3121R07.jpg,S3182R04,S3121R07,unrelated
S3182R04.jpg,S3122L09.jpg,S3182R04,S3122L09,unrelated
S3182R04.jpg,S3122L07.jpg,S3182R04,S3122L07,unrelated
S3182R04.jpg,S3122L10.jpg,S3182R04,S3122L10,unrelated
S3182R04.jpg,S3122L01.jpg,S3182R04,S3122L01,unrelated
S3182R04.jpg,S3122L05.jpg,S3182R04,S3122L05,unrelated
S3182R04.jpg,S3122R02.jpg,S3182R04,S3122R02,unrelated
S3182R04.jpg,S3122R04.jpg,S3182R04,S3122R04,unrelated
S3182R04.jpg,S3122R03.jpg,S3182R04,S3122R03,unrelated
S3182R04.jpg,S3122R01.jpg,S3182R04,S3122R01,unrelated
S3182R04.jpg,S3051L07.jpg,S3182R04,S3051L07,unrelated
S3182R04.jpg,S3051L08.jpg,S3182R04,S3051L08,unrelated
S3182R04.jpg,S3051L10.jpg,S3182R04,S3051L10,unrelated
S3182R04.jpg,S3051L06.jpg,S3182R04,S3051L06,unrelated
S3182R04.jpg,S3051R01.jpg,S3182R04,S3051R01,unrelated
S3182R04.jpg,S3051R03.jpg,S3182R04,S3051R03,unrelated
S3182R04.jpg,S3052L01.jpg,S3182R04,S3052L01,unrelated
S3182R04.jpg,S3052L02.jpg,S3182R04,S3052L02,unrelated
S3182R04.jpg,S3052L03.jpg,S3182R04,S3052L03,unrelated
S3182R04.jpg,S3052R01.jpg,S3182R04,S3052R01,unrelated
S3182R04.jpg,S3011L07.jpg,S3182R04,S3011L07,unrelated
S3182R04.jpg,S3011R01.jpg,S3182R04,S3011R01,unrelated
S3182R04.jpg,S3011R02.jpg,S3182R04,S3011R02,unrelated
S3182R04.jpg,S3012L07.jpg,S3182R04,S3012L07,unrelated
S3182R04.jpg,S3012L02.jpg,S3182R04,S3012L02,unrelated
S3182R04.jpg,S3012R07.jpg,S3182R04,S3012R07,unrelated
S3182R03.jpg,S3182R07.jpg,S3182R03,S3182R07,genuine
S3182R03.jpg,S3141L03.jpg,S3182R03,S3141L03,unrelated
S3182R03.jpg,S3141R07.jpg,S3182R03,S3141R07,unrelated
S3182R03.jpg,S3141R10.jpg,S3182R03,S3141R10,unrelated
S3182R03.jpg,S3141R04.jpg,S3182R03,S3141R04,unrelated
S3182R03.jpg,S3141R06.jpg,S3182R03,S3141R06,unrelated
S3182R03.jpg,S3142L03.jpg,S3182R03,S3142L03,unrelated
S3182R03.jpg,S3142L02.jpg,S3182R03,S3142L02,unrelated
S3182R03.jpg,S3142L04.jpg,S3182R03,S3142L04,unrelated
S3182R03.jpg,S3142L07.jpg,S3182R03,S3142L07,unrelated
S3182R03.jpg,S3142R08.jpg,S3182R03,S3142R08,unrelated
S3182R03.jpg,S3142R07.jpg,S3182R03,S3142R07,unrelated
S3182R03.jpg,S3142R10.jpg,S3182R03,S3142R10,unrelated
S3182R03.jpg,S3142R09.jpg,S3182R03,S3142R09,unrelated
S3182R03.jpg,S3121L03.jpg,S3182R03,S3121L03,unrelated
S3182R03.jpg,S3121L02.jpg,S3182R03,S3121L02,unrelated
S3182R03.jpg,S3121L01.jpg,S3182R03,S3121L01,unrelated
S3182R03.jpg,S3121R04.jpg,S3182R03,S3121R04,unrelated
S3182R03.jpg,S3121R02.jpg,S3182R03,S3121R02,unrelated
S3182R03.jpg,S3121R01.jpg,S3182R03,S3121R01,unrelated
S3182R03.jpg,S3121R08.jpg,S3182R03,S3121R08,unrelated
S3182R03.jpg,S3121R07.jpg,S3182R03,S3121R07,unrelated
S3182R03.jpg,S3122L09.jpg,S3182R03,S3122L09,unrelated
S3182R03.jpg,S3122L07.jpg,S3182R03,S3122L07,unrelated
S3182R03.jpg,S3122L10.jpg,S3182R03,S3122L10,unrelated
S3182R03.jpg,S3122L01.jpg,S3182R03,S3122L01,unrelated
S3182R03.jpg,S3122L05.jpg,S3182R03,S3122L05,unrelated
S3182R03.jpg,S3122R02.jpg,S3182R03,S3122R02,unrelated
S3182R03.jpg,S3122R04.jpg,S3182R03,S3122R04,unrelated
S3182R03.jpg,S3122R03.jpg,S3182R03,S3122R03,unrelated
S3182R03.jpg,S3122R01.jpg,S3182R03,S3122R01,unrelated
S3182R03.jpg,S3051L07.jpg,S3182R03,S3051L07,unrelated
S3182R03.jpg,S3051L08.jpg,S3182R03,S3051L08,unrelated
S3182R03.jpg,S3051L10.jpg,S3182R03,S3051L10,unrelated
S3182R03.jpg,S3051L06.jpg,S3182R03,S3051L06,unrelated
S3182R03.jpg,S3051R01.jpg,S3182R03,S3051R01,unrelated
S3182R03.jpg,S3051R03.jpg,S3182R03,S3051R03,unrelated
S3182R03.jpg,S3052L01.jpg,S3182R03,S3052L01,unrelated
S3182R03.jpg,S3052L02.jpg,S3182R03,S3052L02,unrelated
S3182R03.jpg,S3052L03.jpg,S3182R03,S3052L03,unrelated
S3182R03.jpg,S3052R01.jpg,S3182R03,S3052R01,unrelated
S3182R03.jpg,S3011L07.jpg,S3182R03,S3011L07,unrelated
S3182R03.jpg,S3011R01.jpg,S3182R03,S3011R01,unrelated
S3182R03.jpg,S3011R02.jpg,S3182R03,S3011R02,unrelated
S3182R03.jpg,S3012L07.jpg,S3182R03,S3012L07,unrelated
S3182R03.jpg,S3012L02.jpg,S3182R03,S3012L02,unrelated
S3182R03.jpg,S3012R07.jpg,S3182R03,S3012R07,unrelated
S3182R07.jpg,S3141L03.jpg,S3182R07,S3141L03,unrelated
S3182R07.jpg,S3141R07.jpg,S3182R07,S3141R07,unrelated
S3182R07.jpg,S3141R10.jpg,S3182R07,S3141R10,unrelated
S3182R07.jpg,S3141R04.jpg,S3182R07,S3141R04,unrelated
S3182R07.jpg,S3141R06.jpg,S3182R07,S3141R06,unrelated
S3182R07.jpg,S3142L03.jpg,S3182R07,S3142L03,unrelated
S3182R07.jpg,S3142L02.jpg,S3182R07,S3142L02,unrelated
S3182R07.jpg,S3142L04.jpg,S3182R07,S3142L04,unrelated
S3182R07.jpg,S3142L07.jpg,S3182R07,S3142L07,unrelated
S3182R07.jpg,S3142R08.jpg,S3182R07,S3142R08,unrelated
S3182R07.jpg,S3142R07.jpg,S3182R07,S3142R07,unrelated
S3182R07.jpg,S3142R10.jpg,S3182R07,S3142R10,unrelated
S3182R07.jpg,S3142R09.jpg,S3182R07,S3142R09,unrelated
S3182R07.jpg,S3121L03.jpg,S3182R07,S3121L03,unrelated
S3182R07.jpg,S3121L02.jpg,S3182R07,S3121L02,unrelated
S3182R07.jpg,S3121L01.jpg,S3182R07,S3121L01,unrelated
S3182R07.jpg,S3121R04.jpg,S3182R07,S3121R04,unrelated
S3182R07.jpg,S3121R02.jpg,S3182R07,S3121R02,unrelated
S3182R07.jpg,S3121R01.jpg,S3182R07,S3121R01,unrelated
S3182R07.jpg,S3121R08.jpg,S3182R07,S3121R08,unrelated
S3182R07.jpg,S3121R07.jpg,S3182R07,S3121R07,unrelated
S3182R07.jpg,S3122L09.jpg,S3182R07,S3122L09,unrelated
S3182R07.jpg,S3122L07.jpg,S3182R07,S3122L07,unrelated
S3182R07.jpg,S3122L10.jpg,S3182R07,S3122L10,unrelated
S3182R07.jpg,S3122L01.jpg,S3182R07,S3122L01,unrelated
S3182R07.jpg,S3122L05.jpg,S3182R07,S3122L05,unrelated
S3182R07.jpg,S3122R02.jpg,S3182R07,S3122R02,unrelated
S3182R07.jpg,S3122R04.jpg,S3182R07,S3122R04,unrelated
S3182R07.jpg,S3122R03.jpg,S3182R07,S3122R03,unrelated
S3182R07.jpg,S3122R01.jpg,S3182R07,S3122R01,unrelated
S3182R07.jpg,S3051L07.jpg,S3182R07,S3051L07,unrelated
S3182R07.jpg,S3051L08.jpg,S3182R07,S3051L08,unrelated
S3182R07.jpg,S3051L10.jpg,S3182R07,S3051L10,unrelated
S3182R07.jpg,S3051L06.jpg,S3182R07,S3051L06,unrelated
S3182R07.jpg,S3051R01.jpg,S3182R07,S3051R01,unrelated
S3182R07.jpg,S3051R03.jpg,S3182R07,S3051R03,unrelated
S3182R07.jpg,S3052L01.jpg,S3182R07,S3052L01,unrelated
S3182R07.jpg,S3052L02.jpg,S3182R07,S3052L02,unrelated
S3182R07.jpg,S3052L03.jpg,S3182R07,S3052L03,unrelated
S3182R07.jpg,S3052R01.jpg,S3182R07,S3052R01,unrelated
S3182R07.jpg,S3011L07.jpg,S3182R07,S3011L07,unrelated
S3182R07.jpg,S3011R01.jpg,S3182R07,S3011R01,unrelated
S3182R07.jpg,S3011R02.jpg,S3182R07,S3011R02,unrelated
S3182R07.jpg,S3012L07.jpg,S3182R07,S3012L07,unrelated
S3182R07.jpg,S3012L02.jpg,S3182R07,S3012L02,unrelated
S3182R07.jpg,S3012R07.jpg,S3182R07,S3012R07,unrelated
S3141L03.jpg,S3141R07.jpg,S3141L03,S3141R07,same_subject_different_eye
S3141L03.jpg,S3141R10.jpg,S3141L03,S3141R10,same_subject_different_eye
S3141L03.jpg,S3141R04.jpg,S3141L03,S3141R04,same_subject_different_eye
S3141L03.jpg,S3141R06.jpg,S3141L03,S3141R06,same_subject_different_eye
S3141L03.jpg,S3142L03.jpg,S3141L03,S3142L03,twin_same_eye
S3141L03.jpg,S3142L02.jpg,S3141L03,S3142L02,twin_same_eye
S3141L03.jpg,S3142L04.jpg,S3141L03,S3142L04,twin_same_eye
S3141L03.jpg,S3142L07.jpg,S3141L03,S3142L07,twin_same_eye
S3141L03.jpg,S3142R08.jpg,S3141L03,S3142R08,twin_cross_eye
S3141L03.jpg,S3142R07.jpg,S3141L03,S3142R07,twin_cross_eye
S3141L03.jpg,S3142R10.jpg,S3141L03,S3142R10,twin_cross_eye
S3141L03.jpg,S3142R09.jpg,S3141L03,S3142R09,twin_cross_eye
S3141L03.jpg,S3121L03.jpg,S3141L03,S3121L03,unrelated
S3141L03.jpg,S3121L02.jpg,S3141L03,S3121L02,unrelated
S3141L03.jpg,S3121L01.jpg,S3141L03,S3121L01,unrelated
S3141L03.jpg,S3121R04.jpg,S3141L03,S3121R04,unrelated
S3141L03.jpg,S3121R02.jpg,S3141L03,S3121R02,unrelated
S3141L03.jpg,S3121R01.jpg,S3141L03,S3121R01,unrelated
S3141L03.jpg,S3121R08.jpg,S3141L03,S3121R08,unrelated
S3141L03.jpg,S3121R07.jpg,S3141L03,S3121R07,unrelated
S3141L03.jpg,S3122L09.jpg,S3141L03,S3122L09,unrelated
S3141L03.jpg,S3122L07.jpg,S3141L03,S3122L07,unrelated
S3141L03.jpg,S3122L10.jpg,S3141L03,S3122L10,unrelated
S3141L03.jpg,S3122L01.jpg,S3141L03,S3122L01,unrelated
S3141L03.jpg,S3122L05.jpg,S3141L03,S3122L05,unrelated
S3141L03.jpg,S3122R02.jpg,S3141L03,S3122R02,unrelated
S3141L03.jpg,S3122R04.jpg,S3141L03,S3122R04,unrelated
S3141L03.jpg,S3122R03.jpg,S3141L03,S3122R03,unrelated
S3141L03.jpg,S3122R01.jpg,S3141L03,S3122R01,unrelated
S3141L03.jpg,S3051L07.jpg,S3141L03,S3051L07,unrelated
S3141L03.jpg,S3051L08.jpg,S3141L03,S3051L08,unrelated
S3141L03.jpg,S3051L10.jpg,S3141L03,S3051L10,unrelated
S3141L03.jpg,S3051L06.jpg,S3141L03,S3051L06,unrelated
S3141L03.jpg,S3051R01.jpg,S3141L03,S3051R01,unrelated
S3141L03.jpg,S3051R03.jpg,S3141L03,S3051R03,unrelated
S3141L03.jpg,S3052L01.jpg,S3141L03,S3052L01,unrelated
S3141L03.jpg,S3052L02.jpg,S3141L03,S3052L02,unrelated
S3141L03.jpg,S3052L03.jpg,S3141L03,S3052L03,unrelated
S3141L03.jpg,S3052R01.jpg,S3141L03,S3052R01,unrelated
S3141L03.jpg,S3011L07.jpg,S3141L03,S3011L07,unrelated
S3141L03.jpg,S3011R01.jpg,S3141L03,S3011R01,unrelated
S3141L03.jpg,S3011R02.jpg,S3141L03,S3011R02,unrelated
S3141L03.jpg,S3012L07.jpg,S3141L03,S3012L07,unrelated
S3141L03.jpg,S3012L02.jpg,S3141L03,S3012L02,unrelated
S3141L03.jpg,S3012R07.jpg,S3141L03,S3012R07,unrelated
S3141R07.jpg,S3141R10.jpg,S3141R07,S3141R10,genuine
S3141R07.jpg,S3141R04.jpg,S3141R07,S3141R04,genuine
S3141R07.jpg,S3141R06.jpg,S3141R07,S3141R06,genuine
S3141R07.jpg,S3142L03.jpg,S3141R07,S3142L03,twin_cross_eye
S3141R07.jpg,S3142L02.jpg,S3141R07,S3142L02,twin_cross_eye
S3141R07.jpg,S3142L04.jpg,S3141R07,S3142L04,twin_cross_eye
S3141R07.jpg,S3142L07.jpg,S3141R07,S3142L07,twin_cross_eye
S3141R07.jpg,S3142R08.jpg,S3141R07,S3142R08,twin_same_eye
S3141R07.jpg,S3142R07.jpg,S3141R07,S3142R07,twin_same_eye
S3141R07.jpg,S3142R10.jpg,S3141R07,S3142R10,twin_same_eye
S3141R07.jpg,S3142R09.jpg,S3141R07,S3142R09,twin_same_eye
S3141R07.jpg,S3121L03.jpg,S3141R07,S3121L03,unrelated
S3141R07.jpg,S3121L02.jpg,S3141R07,S3121L02,unrelated
S3141R07.jpg,S3121L01.jpg,S3141R07,S3121L01,unrelated
S3141R07.jpg,S3121R04.jpg,S3141R07,S3121R04,unrelated
S3141R07.jpg,S3121R02.jpg,S3141R07,S3121R02,unrelated
S3141R07.jpg,S3121R01.jpg,S3141R07,S3121R01,unrelated
S3141R07.jpg,S3121R08.jpg,S3141R07,S3121R08,unrelated
S3141R07.jpg,S3121R07.jpg,S3141R07,S3121R07,unrelated
S3141R07.jpg,S3122L09.jpg,S3141R07,S3122L09,unrelated
S3141R07.jpg,S3122L07.jpg,S3141R07,S3122L07,unrelated
S3141R07.jpg,S3122L10.jpg,S3141R07,S3122L10,unrelated
S3141R07.jpg,S3122L01.jpg,S3141R07,S3122L01,unrelated
S3141R07.jpg,S3122L05.jpg,S3141R07,S3122L05,unrelated
S3141R07.jpg,S3122R02.jpg,S3141R07,S3122R02,unrelated
S3141R07.jpg,S3122R04.jpg,S3141R07,S3122R04,unrelated
S3141R07.jpg,S3122R03.jpg,S3141R07,S3122R03,unrelated
S3141R07.jpg,S3122R01.jpg,S3141R07,S3122R01,unrelated
S3141R07.jpg,S3051L07.jpg,S3141R07,S3051L07,unrelated
S3141R07.jpg,S3051L08.jpg,S3141R07,S3051L08,unrelated
S3141R07.jpg,S3051L10.jpg,S3141R07,S3051L10,unrelated
S3141R07.jpg,S3051L06.jpg,S3141R07,S3051L06,unrelated
S3141R07.jpg,S3051R01.jpg,S3141R07,S3051R01,unrelated
S3141R07.jpg,S3051R03.jpg,S3141R07,S3051R03,unrelated
S3141R07.jpg,S3052L01.jpg,S3141R07,S3052L01,unrelated
S3141R07.jpg,S3052L02.jpg,S3141R07,S3052L02,unrelated
S3141R07.jpg,S3052L03.jpg,S3141R07,S3052L03,unrelated
S3141R07.jpg,S3052R01.jpg,S3141R07,S3052R01,unrelated
S3141R07.jpg,S3011L07.jpg,S3141R07,S3011L07,unrelated
S3141R07.jpg,S3011R01.jpg,S3141R07,S3011R01,unrelated
S3141R07.jpg,S3011R02.jpg,S3141R07,S3011R02,unrelated
S3141R07.jpg,S3012L07.jpg,S3141R07,S3012L07,unrelated
S3141R07.jpg,S3012L02.jpg,S3141R07,S3012L02,unrelated
S3141R07.jpg,S3012R07.jpg,S3141R07,S3012R07,unrelated
S3141R10.jpg,S3141R04.jpg,S3141R10,S3141R04,genuine
S3141R10.jpg,S3141R06.jpg,S3141R10,S3141R06,genuine
S3141R10.jpg,S3142L03.jpg,S3141R10,S3142L03,twin_cross_eye
S3141R10.jpg,S3142L02.jpg,S3141R10,S3142L02,twin_cross_eye
S3141R10.jpg,S3142L04.jpg,S3141R10,S3142L04,twin_cross_eye
S3141R10.jpg,S3142L07.jpg,S3141R10,S3142L07,twin_cross_eye
S3141R10.jpg,S3142R08.jpg,S3141R10,S3142R08,twin_same_eye
S3141R10.jpg,S3142R07.jpg,S3141R10,S3142R07,twin_same_eye
S3141R10.jpg,S3142R10.jpg,S3141R10,S3142R10,twin_same_eye
S3141R10.jpg,S3142R09.jpg,S3141R10,S3142R09,twin_same_eye
S3141R10.jpg,S3121L03.jpg,S3141R10,S3121L03,unrelated
S3141R10.jpg,S3121L02.jpg,S3141R10,S3121L02,unrelated
S3141R10.jpg,S3121L01.jpg,S3141R10,S3121L01,unrelated
S3141R10.jpg,S3121R04.jpg,S3141R10,S3121R04,unrelated
S3141R10.jpg,S3121R02.jpg,S3141R10,S3121R02,unrelated
S3141R10.jpg,S3121R01.jpg,S3141R10,S3121R01,unrelated
S3141R10.jpg,S3121R08.jpg,S3141R10,S3121R08,unrelated
S3141R10.jpg,S3121R07.jpg,S3141R10,S3121R07,unrelated
S3141R10.jpg,S3122L09.jpg,S3141R10,S3122L09,unrelated
S3141R10.jpg,S3122L07.jpg,S3141R10,S3122L07,unrelated
S3141R10.jpg,S3122L10.jpg,S3141R10,S3122L10,unrelated
S3141R10.jpg,S3122L01.jpg,S3141R10,S3122L01,unrelated
S3141R10.jpg,S3122L05.jpg,S3141R10,S3122L05,unrelated
S3141R10.jpg,S3122R02.jpg,S3141R10,S3122R02,unrelated
S3141R10.jpg,S3122R04.jpg,S3141R10,S3122R04,unrelated
S3141R10.jpg,S3122R03.jpg,S3141R10,S3122R03,unrelated
S3141R10.jpg,S3122R01.jpg,S3141R10,S3122R01,unrelated
S3141R10.jpg,S3051L07.jpg,S3141R10,S3051L07,unrelated
S3141R10.jpg,S3051L08.jpg,S3141R10,S3051L08,unrelated
S3141R10.jpg,S3051L10.jpg,S3141R10,S3051L10,unrelated
S3141R10.jpg,S3051L06.jpg,S3141R10,S3051L06,unrelated
S3141R10.jpg,S3051R01.jpg,S3141R10,S3051R01,unrelated
S3141R10.jpg,S3051R03.jpg,S3141R10,S3051R03,unrelated
S3141R10.jpg,S3052L01.jpg,S3141R10,S3052L01,unrelated
S3141R10.jpg,S3052L02.jpg,S3141R10,S3052L02,unrelated
S3141R10.jpg,S3052L03.jpg,S3141R10,S3052L03,unrelated
S3141R10.jpg,S3052R01.jpg,S3141R10,S3052R01,unrelated
S3141R10.jpg,S3011L07.jpg,S3141R10,S3011L07,unrelated
S3141R10.jpg,S3011R01.jpg,S3141R10,S3011R01,unrelated
S3141R10.jpg,S3011R02.jpg,S3141R10,S3011R02,unrelated
S3141R10.jpg,S3012L07.jpg,S3141R10,S3012L07,unrelated
S3141R10.jpg,S3012L02.jpg,S3141R10,S3012L02,unrelated
S3141R10.jpg,S3012R07.jpg,S3141R10,S3012R07,unrelated
S3141R04.jpg,S3141R06.jpg,S3141R04,S3141R06,genuine
S3141R04.jpg,S3142L03.jpg,S3141R04,S3142L03,twin_cross_eye
S3141R04.jpg,S3142L02.jpg,S3141R04,S3142L02,twin_cross_eye
S3141R04.jpg,S3142L04.jpg,S3141R04,S3142L04,twin_cross_eye
S3141R04.jpg,S3142L07.jpg,S3141R04,S3142L07,twin_cross_eye
S3141R04.jpg,S3142R08.jpg,S3141R04,S3142R08,twin_same_eye
S3141R04.jpg,S3142R07.jpg,S3141R04,S3142R07,twin_same_eye
S3141R04.jpg,S3142R10.jpg,S3141R04,S3142R10,twin_same_eye
S3141R04.jpg,S3142R09.jpg,S3141R04,S3142R09,twin_same_eye
S3141R04.jpg,S3121L03.jpg,S3141R04,S3121L03,unrelated
S3141R04.jpg,S3121L02.jpg,S3141R04,S3121L02,unrelated
S3141R04.jpg,S3121L01.jpg,S3141R04,S3121L01,unrelated
S3141R04.jpg,S3121R04.jpg,S3141R04,S3121R04,unrelated
S3141R04.jpg,S3121R02.jpg,S3141R04,S3121R02,unrelated
S3141R04.jpg,S3121R01.jpg,S3141R04,S3121R01,unrelated
S3141R04.jpg,S3121R08.jpg,S3141R04,S3121R08,unrelated
S3141R04.jpg,S3121R07.jpg,S3141R04,S3121R07,unrelated
S3141R04.jpg,S3122L09.jpg,S3141R04,S3122L09,unrelated
S3141R04.jpg,S3122L07.jpg,S3141R04,S3122L07,unrelated
S3141R04.jpg,S3122L10.jpg,S3141R04,S3122L10,unrelated
S3141R04.jpg,S3122L01.jpg,S3141R04,S3122L01,unrelated
S3141R04.jpg,S3122L05.jpg,S3141R04,S3122L05,unrelated
S3141R04.jpg,S3122R02.jpg,S3141R04,S3122R02,unrelated
S3141R04.jpg,S3122R04.jpg,S3141R04,S3122R04,unrelated
S3141R04.jpg,S3122R03.jpg,S3141R04,S3122R03,unrelated
S3141R04.jpg,S3122R01.jpg,S3141R04,S3122R01,unrelated
S3141R04.jpg,S3051L07.jpg,S3141R04,S3051L07,unrelated
S3141R04.jpg,S3051L08.jpg,S3141R04,S3051L08,unrelated
S3141R04.jpg,S3051L10.jpg,S3141R04,S3051L10,unrelated
S3141R04.jpg,S3051L06.jpg,S3141R04,S3051L06,unrelated
S3141R04.jpg,S3051R01.jpg,S3141R04,S3051R01,unrelated
S3141R04.jpg,S3051R03.jpg,S3141R04,S3051R03,unrelated
S3141R04.jpg,S3052L01.jpg,S3141R04,S3052L01,unrelated
S3141R04.jpg,S3052L02.jpg,S3141R04,S3052L02,unrelated
S3141R04.jpg,S3052L03.jpg,S3141R04,S3052L03,unrelated
S3141R04.jpg,S3052R01.jpg,S3141R04,S3052R01,unrelated
S3141R04.jpg,S3011L07.jpg,S3141R04,S3011L07,unrelated
S3141R04.jpg,S3011R01.jpg,S3141R04,S3011R01,unrelated
S3141R04.jpg,S3011R02.jpg,S3141R04,S3011R02,unrelated
S3141R04.jpg,S3012L07.jpg,S3141R04,S3012L07,unrelated
S3141R04.jpg,S3012L02.jpg,S3141R04,S3012L02,unrelated
S3141R04.jpg,S3012R07.jpg,S3141R04,S3012R07,unrelated
S3141R06.jpg,S3142L03.jpg,S3141R06,S3142L03,twin_cross_eye
S3141R06.jpg,S3142L02.jpg,S3141R06,S3142L02,twin_cross_eye
S3141R06.jpg,S3142L04.jpg,S3141R06,S3142L04,twin_cross_eye
S3141R06.jpg,S3142L07.jpg,S3141R06,S3142L07,twin_cross_eye
S3141R06.jpg,S3142R08.jpg,S3141R06,S3142R08,twin_same_eye
S3141R06.jpg,S3142R07.jpg,S3141R06,S3142R07,twin_same_eye
S3141R06.jpg,S3142R10.jpg,S3141R06,S3142R10,twin_same_eye
S3141R06.jpg,S3142R09.jpg,S3141R06,S3142R09,twin_same_eye
S3141R06.jpg,S3121L03.jpg,S3141R06,S3121L03,unrelated
S3141R06.jpg,S3121L02.jpg,S3141R06,S3121L02,unrelated
S3141R06.jpg,S3121L01.jpg,S3141R06,S3121L01,unrelated
S3141R06.jpg,S3121R04.jpg,S3141R06,S3121R04,unrelated
S3141R06.jpg,S3121R02.jpg,S3141R06,S3121R02,unrelated
S3141R06.jpg,S3121R01.jpg,S3141R06,S3121R01,unrelated
S3141R06.jpg,S3121R08.jpg,S3141R06,S3121R08,unrelated
S3141R06.jpg,S3121R07.jpg,S3141R06,S3121R07,unrelated
S3141R06.jpg,S3122L09.jpg,S3141R06,S3122L09,unrelated
S3141R06.jpg,S3122L07.jpg,S3141R06,S3122L07,unrelated
S3141R06.jpg,S3122L10.jpg,S3141R06,S3122L10,unrelated
S3141R06.jpg,S3122L01.jpg,S3141R06,S3122L01,unrelated
S3141R06.jpg,S3122L05.jpg,S3141R06,S3122L05,unrelated
S3141R06.jpg,S3122R02.jpg,S3141R06,S3122R02,unrelated
S3141R06.jpg,S3122R04.jpg,S3141R06,S3122R04,unrelated
S3141R06.jpg,S3122R03.jpg,S3141R06,S3122R03,unrelated
S3141R06.jpg,S3122R01.jpg,S3141R06,S3122R01,unrelated
S3141R06.jpg,S3051L07.jpg,S3141R06,S3051L07,unrelated
S3141R06.jpg,S3051L08.jpg,S3141R06,S3051L08,unrelated
S3141R06.jpg,S3051L10.jpg,S3141R06,S3051L10,unrelated
S3141R06.jpg,S3051L06.jpg,S3141R06,S3051L06,unrelated
S3141R06.jpg,S3051R01.jpg,S3141R06,S3051R01,unrelated
S3141R06.jpg,S3051R03.jpg,S3141R06,S3051R03,unrelated
S3141R06.jpg,S3052L01.jpg,S3141R06,S3052L01,unrelated
S3141R06.jpg,S3052L02.jpg,S3141R06,S3052L02,unrelated
S3141R06.jpg,S3052L03.jpg,S3141R06,S3052L03,unrelated
S3141R06.jpg,S3052R01.jpg,S3141R06,S3052R01,unrelated
S3141R06.jpg,S3011L07.jpg,S3141R06,S3011L07,unrelated
S3141R06.jpg,S3011R01.jpg,S3141R06,S3011R01,unrelated
S3141R06.jpg,S3011R02.jpg,S3141R06,S3011R02,unrelated
S3141R06.jpg,S3012L07.jpg,S3141R06,S3012L07,unrelated
S3141R06.jpg,S3012L02.jpg,S3141R06,S3012L02,unrelated
S3141R06.jpg,S3012R07.jpg,S3141R06,S3012R07,unrelated
S3142L03.jpg,S3142L02.jpg,S3142L03,S3142L02,genuine
S3142L03.jpg,S3142L04.jpg,S3142L03,S3142L04,genuine
S3142L03.jpg,S3142L07.jpg,S3142L03,S3142L07,genuine
S3142L03.jpg,S3142R08.jpg,S3142L03,S3142R08,same_subject_different_eye
S3142L03.jpg,S3142R07.jpg,S3142L03,S3142R07,same_subject_different_eye
S3142L03.jpg,S3142R10.jpg,S3142L03,S3142R10,same_subject_different_eye
S3142L03.jpg,S3142R09.jpg,S3142L03,S3142R09,same_subject_different_eye
S3142L03.jpg,S3121L03.jpg,S3142L03,S3121L03,unrelated
S3142L03.jpg,S3121L02.jpg,S3142L03,S3121L02,unrelated
S3142L03.jpg,S3121L01.jpg,S3142L03,S3121L01,unrelated
S3142L03.jpg,S3121R04.jpg,S3142L03,S3121R04,unrelated
S3142L03.jpg,S3121R02.jpg,S3142L03,S3121R02,unrelated
S3142L03.jpg,S3121R01.jpg,S3142L03,S3121R01,unrelated
S3142L03.jpg,S3121R08.jpg,S3142L03,S3121R08,unrelated
S3142L03.jpg,S3121R07.jpg,S3142L03,S3121R07,unrelated
S3142L03.jpg,S3122L09.jpg,S3142L03,S3122L09,unrelated
S3142L03.jpg,S3122L07.jpg,S3142L03,S3122L07,unrelated
S3142L03.jpg,S3122L10.jpg,S3142L03,S3122L10,unrelated
S3142L03.jpg,S3122L01.jpg,S3142L03,S3122L01,unrelated
S3142L03.jpg,S3122L05.jpg,S3142L03,S3122L05,unrelated
S3142L03.jpg,S3122R02.jpg,S3142L03,S3122R02,unrelated
S3142L03.jpg,S3122R04.jpg,S3142L03,S3122R04,unrelated
S3142L03.jpg,S3122R03.jpg,S3142L03,S3122R03,unrelated
S3142L03.jpg,S3122R01.jpg,S3142L03,S3122R01,unrelated
S3142L03.jpg,S3051L07.jpg,S3142L03,S3051L07,unrelated
S3142L03.jpg,S3051L08.jpg,S3142L03,S3051L08,unrelated
S3142L03.jpg,S3051L10.jpg,S3142L03,S3051L10,unrelated
S3142L03.jpg,S3051L06.jpg,S3142L03,S3051L06,unrelated
S3142L03.jpg,S3051R01.jpg,S3142L03,S3051R01,unrelated
S3142L03.jpg,S3051R03.jpg,S3142L03,S3051R03,unrelated
S3142L03.jpg,S3052L01.jpg,S3142L03,S3052L01,unrelated
S3142L03.jpg,S3052L02.jpg,S3142L03,S3052L02,unrelated
S3142L03.jpg,S3052L03.jpg,S3142L03,S3052L03,unrelated
S3142L03.jpg,S3052R01.jpg,S3142L03,S3052R01,unrelated
S3142L03.jpg,S3011L07.jpg,S3142L03,S3011L07,unrelated
S3142L03.jpg,S3011R01.jpg,S3142L03,S3011R01,unrelated
S3142L03.jpg,S3011R02.jpg,S3142L03,S3011R02,unrelated
S3142L03.jpg,S3012L07.jpg,S3142L03,S3012L07,unrelated
S3142L03.jpg,S3012L02.jpg,S3142L03,S3012L02,unrelated
S3142L03.jpg,S3012R07.jpg,S3142L03,S3012R07,unrelated
S3142L02.jpg,S3142L04.jpg,S3142L02,S3142L04,genuine
S3142L02.jpg,S3142L07.jpg,S3142L02,S3142L07,genuine
S3142L02.jpg,S3142R08.jpg,S3142L02,S3142R08,same_subject_different_eye
S3142L02.jpg,S3142R07.jpg,S3142L02,S3142R07,same_subject_different_eye
S3142L02.jpg,S3142R10.jpg,S3142L02,S3142R10,same_subject_different_eye
S3142L02.jpg,S3142R09.jpg,S3142L02,S3142R09,same_subject_different_eye
S3142L02.jpg,S3121L03.jpg,S3142L02,S3121L03,unrelated
S3142L02.jpg,S3121L02.jpg,S3142L02,S3121L02,unrelated
S3142L02.jpg,S3121L01.jpg,S3142L02,S3121L01,unrelated
S3142L02.jpg,S3121R04.jpg,S3142L02,S3121R04,unrelated
S3142L02.jpg,S3121R02.jpg,S3142L02,S3121R02,unrelated
S3142L02.jpg,S3121R01.jpg,S3142L02,S3121R01,unrelated
S3142L02.jpg,S3121R08.jpg,S3142L02,S3121R08,unrelated
S3142L02.jpg,S3121R07.jpg,S3142L02,S3121R07,unrelated
S3142L02.jpg,S3122L09.jpg,S3142L02,S3122L09,unrelated
S3142L02.jpg,S3122L07.jpg,S3142L02,S3122L07,unrelated
S3142L02.jpg,S3122L10.jpg,S3142L02,S3122L10,unrelated
S3142L02.jpg,S3122L01.jpg,S3142L02,S3122L01,unrelated
S3142L02.jpg,S3122L05.jpg,S3142L02,S3122L05,unrelated
S3142L02.jpg,S3122R02.jpg,S3142L02,S3122R02,unrelated
S3142L02.jpg,S3122R04.jpg,S3142L02,S3122R04,unrelated
S3142L02.jpg,S3122R03.jpg,S3142L02,S3122R03,unrelated
S3142L02.jpg,S3122R01.jpg,S3142L02,S3122R01,unrelated
S3142L02.jpg,S3051L07.jpg,S3142L02,S3051L07,unrelated
S3142L02.jpg,S3051L08.jpg,S3142L02,S3051L08,unrelated
S3142L02.jpg,S3051L10.jpg,S3142L02,S3051L10,unrelated
S3142L02.jpg,S3051L06.jpg,S3142L02,S3051L06,unrelated
S3142L02.jpg,S3051R01.jpg,S3142L02,S3051R01,unrelated
S3142L02.jpg,S3051R03.jpg,S3142L02,S3051R03,unrelated
S3142L02.jpg,S3052L01.jpg,S3142L02,S3052L01,unrelated
S3142L02.jpg,S3052L02.jpg,S3142L02,S3052L02,unrelated
S3142L02.jpg,S3052L03.jpg,S3142L02,S3052L03,unrelated
S3142L02.jpg,S3052R01.jpg,S3142L02,S3052R01,unrelated
S3142L02.jpg,S3011L07.jpg,S3142L02,S3011L07,unrelated
S3142L02.jpg,S3011R01.jpg,S3142L02,S3011R01,unrelated
S3142L02.jpg,S3011R02.jpg,S3142L02,S3011R02,unrelated
S3142L02.jpg,S3012L07.jpg,S3142L02,S3012L07,unrelated
S3142L02.jpg,S3012L02.jpg,S3142L02,S3012L02,unrelated
S3142L02.jpg,S3012R07.jpg,S3142L02,S3012R07,unrelated
S3142L04.jpg,S3142L07.jpg,S3142L04,S3142L07,genuine
S3142L04.jpg,S3142R08.jpg,S3142L04,S3142R08,same_subject_different_eye
S3142L04.jpg,S3142R07.jpg,S3142L04,S3142R07,same_subject_different_eye
S3142L04.jpg,S3142R10.jpg,S3142L04,S3142R10,same_subject_different_eye
S3142L04.jpg,S3142R09.jpg,S3142L04,S3142R09,same_subject_different_eye
S3142L04.jpg,S3121L03.jpg,S3142L04,S3121L03,unrelated
S3142L04.jpg,S3121L02.jpg,S3142L04,S3121L02,unrelated
S3142L04.jpg,S3121L01.jpg,S3142L04,S3121L01,unrelated
S3142L04.jpg,S3121R04.jpg,S3142L04,S3121R04,unrelated
S3142L04.jpg,S3121R02.jpg,S3142L04,S3121R02,unrelated
S3142L04.jpg,S3121R01.jpg,S3142L04,S3121R01,unrelated
S3142L04.jpg,S3121R08.jpg,S3142L04,S3121R08,unrelated
S3142L04.jpg,S3121R07.jpg,S3142L04,S3121R07,unrelated
S3142L04.jpg,S3122L09.jpg,S3142L04,S3122L09,unrelated
S3142L04.jpg,S3122L07.jpg,S3142L04,S3122L07,unrelated
S3142L04.jpg,S3122L10.jpg,S3142L04,S3122L10,unrelated
S3142L04.jpg,S3122L01.jpg,S3142L04,S3122L01,unrelated
S3142L04.jpg,S3122L05.jpg,S3142L04,S3122L05,unrelated
S3142L04.jpg,S3122R02.jpg,S3142L04,S3122R02,unrelated
S3142L04.jpg,S3122R04.jpg,S3142L04,S3122R04,unrelated
S3142L04.jpg,S3122R03.jpg,S3142L04,S3122R03,unrelated
S3142L04.jpg,S3122R01.jpg,S3142L04,S3122R01,unrelated
S3142L04.jpg,S3051L07.jpg,S3142L04,S3051L07,unrelated
S3142L04.jpg,S3051L08.jpg,S3142L04,S3051L08,unrelated
S3142L04.jpg,S3051L10.jpg,S3142L04,S3051L10,unrelated
S3142L04.jpg,S3051L06.jpg,S3142L04,S3051L06,unrelated
S3142L04.jpg,S3051R01.jpg,S3142L04,S3051R01,unrelated
S3142L04.jpg,S3051R03.jpg,S3142L04,S3051R03,unrelated
S3142L04.jpg,S3052L01.jpg,S3142L04,S3052L01,unrelated
S3142L04.jpg,S3052L02.jpg,S3142L04,S3052L02,unrelated
S3142L04.jpg,S3052L03.jpg,S3142L04,S3052L03,unrelated
S3142L04.jpg,S3052R01.jpg,S3142L04,S3052R01,unrelated
S3142L04.jpg,S3011L07.jpg,S3142L04,S3011L07,unrelated
S3142L04.jpg,S3011R01.jpg,S3142L04,S3011R01,unrelated
S3142L04.jpg,S3011R02.jpg,S3142L04,S3011R02,unrelated
S3142L04.jpg,S3012L07.jpg,S3142L04,S3012L07,unrelated
S3142L04.jpg,S3012L02.jpg,S3142L04,S3012L02,unrelated
S3142L04.jpg,S3012R07.jpg,S3142L04,S3012R07,unrelated
S3142L07.jpg,S3142R08.jpg,S3142L07,S3142R08,same_subject_different_eye
S3142L07.jpg,S3142R07.jpg,S3142L07,S3142R07,same_subject_different_eye
S3142L07.jpg,S3142R10.jpg,S3142L07,S3142R10,same_subject_different_eye
S3142L07.jpg,S3142R09.jpg,S3142L07,S3142R09,same_subject_different_eye
S3142L07.jpg,S3121L03.jpg,S3142L07,S3121L03,unrelated
S3142L07.jpg,S3121L02.jpg,S3142L07,S3121L02,unrelated
S3142L07.jpg,S3121L01.jpg,S3142L07,S3121L01,unrelated
S3142L07.jpg,S3121R04.jpg,S3142L07,S3121R04,unrelated
S3142L07.jpg,S3121R02.jpg,S3142L07,S3121R02,unrelated
S3142L07.jpg,S3121R01.jpg,S3142L07,S3121R01,unrelated
S3142L07.jpg,S3121R08.jpg,S3142L07,S3121R08,unrelated
S3142L07.jpg,S3121R07.jpg,S3142L07,S3121R07,unrelated
S3142L07.jpg,S3122L09.jpg,S3142L07,S3122L09,unrelated
S3142L07.jpg,S3122L07.jpg,S3142L07,S3122L07,unrelated
S3142L07.jpg,S3122L10.jpg,S3142L07,S3122L10,unrelated
S3142L07.jpg,S3122L01.jpg,S3142L07,S3122L01,unrelated
S3142L07.jpg,S3122L05.jpg,S3142L07,S3122L05,unrelated
S3142L07.jpg,S3122R02.jpg,S3142L07,S3122R02,unrelated
S3142L07.jpg,S3122R04.jpg,S3142L07,S3122R04,unrelated
S3142L07.jpg,S3122R03.jpg,S3142L07,S3122R03,unrelated
S3142L07.jpg,S3122R01.jpg,S3142L07,S3122R01,unrelated
S3142L07.jpg,S3051L07.jpg,S3142L07,S3051L07,unrelated
S3142L07.jpg,S3051L08.jpg,S3142L07,S3051L08,unrelated
S3142L07.jpg,S3051L10.jpg,S3142L07,S3051L10,unrelated
S3142L07.jpg,S3051L06.jpg,S3142L07,S3051L06,unrelated
S3142L07.jpg,S3051R01.jpg,S3142L07,S3051R01,unrelated
S3142L07.jpg,S3051R03.jpg,S3142L07,S3051R03,unrelated
S3142L07.jpg,S3052L01.jpg,S3142L07,S3052L01,unrelated
S3142L07.jpg,S3052L02.jpg,S3142L07,S3052L02,unrelated
S3142L07.jpg,S3052L03.jpg,S3142L07,S3052L03,unrelated
S3142L07.jpg,S3052R01.jpg,S3142L07,S3052R01,unrelated
S3142L07.jpg,S3011L07.jpg,S3142L07,S3011L07,unrelated
S3142L07.jpg,S3011R01.jpg,S3142L07,S3011R01,unrelated
S3142L07.jpg,S3011R02.jpg,S3142L07,S3011R02,unrelated
S3142L07.jpg,S3012L07.jpg,S3142L07,S3012L07,unrelated
S3142L07.jpg,S3012L02.jpg,S3142L07,S3012L02,unrelated
S3142L07.jpg,S3012R07.jpg,S3142L07,S3012R07,unrelated
S3142R08.jpg,S3142R07.jpg,S3142R08,S3142R07,genuine
S3142R08.jpg,S3142R10.jpg,S3142R08,S3142R10,genuine
S3142R08.jpg,S3142R09.jpg,S3142R08,S3142R09,genuine
S3142R08.jpg,S3121L03.jpg,S3142R08,S3121L03,unrelated
S3142R08.jpg,S3121L02.jpg,S3142R08,S3121L02,unrelated
S3142R08.jpg,S3121L01.jpg,S3142R08,S3121L01,unrelated
S3142R08.jpg,S3121R04.jpg,S3142R08,S3121R04,unrelated
S3142R08.jpg,S3121R02.jpg,S3142R08,S3121R02,unrelated
S3142R08.jpg,S3121R01.jpg,S3142R08,S3121R01,unrelated
S3142R08.jpg,S3121R08.jpg,S3142R08,S3121R08,unrelated
S3142R08.jpg,S3121R07.jpg,S3142R08,S3121R07,unrelated
S3142R08.jpg,S3122L09.jpg,S3142R08,S3122L09,unrelated
S3142R08.jpg,S3122L07.jpg,S3142R08,S3122L07,unrelated
S3142R08.jpg,S3122L10.jpg,S3142R08,S3122L10,unrelated
S3142R08.jpg,S3122L01.jpg,S3142R08,S3122L01,unrelated
S3142R08.jpg,S3122L05.jpg,S3142R08,S3122L05,unrelated
S3142R08.jpg,S3122R02.jpg,S3142R08,S3122R02,unrelated
S3142R08.jpg,S3122R04.jpg,S3142R08,S3122R04,unrelated
S3142R08.jpg,S3122R03.jpg,S3142R08,S3122R03,unrelated
S3142R08.jpg,S3122R01.jpg,S3142R08,S3122R01,unrelated
S3142R08.jpg,S3051L07.jpg,S3142R08,S3051L07,unrelated
S3142R08.jpg,S3051L08.jpg,S3142R08,S3051L08,unrelated
S3142R08.jpg,S3051L10.jpg,S3142R08,S3051L10,unrelated
S3142R08.jpg,S3051L06.jpg,S3142R08,S3051L06,unrelated
S3142R08.jpg,S3051R01.jpg,S3142R08,S3051R01,unrelated
S3142R08.jpg,S3051R03.jpg,S3142R08,S3051R03,unrelated
S3142R08.jpg,S3052L01.jpg,S3142R08,S3052L01,unrelated
S3142R08.jpg,S3052L02.jpg,S3142R08,S3052L02,unrelated
S3142R08.jpg,S3052L03.jpg,S3142R08,S3052L03,unrelated
S3142R08.jpg,S3052R01.jpg,S3142R08,S3052R01,unrelated
S3142R08.jpg,S3011L07.jpg,S3142R08,S3011L07,unrelated
S3142R08.jpg,S3011R01.jpg,S3142R08,S3011R01,unrelated
S3142R08.jpg,S3011R02.jpg,S3142R08,S3011R02,unrelated
S3142R08.jpg,S3012L07.jpg,S3142R08,S3012L07,unrelated
S3142R08.jpg,S3012L02.jpg,S3142R08,S3012L02,unrelated
S3142R08.jpg,S3012R07.jpg,S3142R08,S3012R07,unrelated
S3142R07.jpg,S3142R10.jpg,S3142R07,S3142R10,genuine
S3142R07.jpg,S3142R09.jpg,S3142R07,S3142R09,genuine
S3142R07.jpg,S3121L03.jpg,S3142R07,S3121L03,unrelated
S3142R07.jpg,S3121L02.jpg,S3142R07,S3121L02,unrelated
S3142R07.jpg,S3121L01.jpg,S3142R07,S3121L01,unrelated
S3142R07.jpg,S3121R04.jpg,S3142R07,S3121R04,unrelated
S3142R07.jpg,S3121R02.jpg,S3142R07,S3121R02,unrelated
S3142R07.jpg,S3121R01.jpg,S3142R07,S3121R01,unrelated
S3142R07.jpg,S3121R08.jpg,S3142R07,S3121R08,unrelated
S3142R07.jpg,S3121R07.jpg,S3142R07,S3121R07,unrelated
S3142R07.jpg,S3122L09.jpg,S3142R07,S3122L09,unrelated
S3142R07.jpg,S3122L07.jpg,S3142R07,S3122L07,unrelated
S3142R07.jpg,S3122L10.jpg,S3142R07,S3122L10,unrelated
S3142R07.jpg,S3122L01.jpg,S3142R07,S3122L01,unrelated
S3142R07.jpg,S3122L05.jpg,S3142R07,S3122L05,unrelated
S3142R07.jpg,S3122R02.jpg,S3142R07,S3122R02,unrelated
S3142R07.jpg,S3122R04.jpg,S3142R07,S3122R04,unrelated
S3142R07.jpg,S3122R03.jpg,S3142R07,S3122R03,unrelated
S3142R07.jpg,S3122R01.jpg,S3142R07,S3122R01,unrelated
S3142R07.jpg,S3051L07.jpg,S3142R07,S3051L07,unrelated
S3142R07.jpg,S3051L08.jpg,S3142R07,S3051L08,unrelated
S3142R07.jpg,S3051L10.jpg,S3142R07,S3051L10,unrelated
S3142R07.jpg,S3051L06.jpg,S3142R07,S3051L06,unrelated
S3142R07.jpg,S3051R01.jpg,S3142R07,S3051R01,unrelated
S3142R07.jpg,S3051R03.jpg,S3142R07,S3051R03,unrelated
S3142R07.jpg,S3052L01.jpg,S3142R07,S3052L01,unrelated
S3142R07.jpg,S3052L02.jpg,S3142R07,S3052L02,unrelated
S3142R07.jpg,S3052L03.jpg,S3142R07,S3052L03,unrelated
S3142R07.jpg,S3052R01.jpg,S3142R07,S3052R01,unrelated
S3142R07.jpg,S3011L07.jpg,S3142R07,S3011L07,unrelated
S3142R07.jpg,S3011R01.jpg,S3142R07,S3011R01,unrelated
S3142R07.jpg,S3011R02.jpg,S3142R07,S3011R02,unrelated
S3142R07.jpg,S3012L07.jpg,S3142R07,S3012L07,unrelated
S3142R07.jpg,S3012L02.jpg,S3142R07,S3012L02,unrelated
S3142R07.jpg,S3012R07.jpg,S3142R07,S3012R07,unrelated
S3142R10.jpg,S3142R09.jpg,S3142R10,S3142R09,genuine
S3142R10.jpg,S3121L03.jpg,S3142R10,S3121L03,unrelated
S3142R10.jpg,S3121L02.jpg,S3142R10,S3121L02,unrelated
S3142R10.jpg,S3121L01.jpg,S3142R10,S3121L01,unrelated
S3142R10.jpg,S3121R04.jpg,S3142R10,S3121R04,unrelated
S3142R10.jpg,S3121R02.jpg,S3142R10,S3121R02,unrelated
S3142R10.jpg,S3121R01.jpg,S3142R10,S3121R01,unrelated
S3142R10.jpg,S3121R08.jpg,S3142R10,S3121R08,unrelated
S3142R10.jpg,S3121R07.jpg,S3142R10,S3121R07,unrelated
S3142R10.jpg,S3122L09.jpg,S3142R10,S3122L09,unrelated
S3142R10.jpg,S3122L07.jpg,S3142R10,S3122L07,unrelated
S3142R10.jpg,S3122L10.jpg,S3142R10,S3122L10,unrelated
S3142R10.jpg,S3122L01.jpg,S3142R10,S3122L01,unrelated
S3142R10.jpg,S3122L05.jpg,S3142R10,S3122L05,unrelated
S3142R10.jpg,S3122R02.jpg,S3142R10,S3122R02,unrelated
S3142R10.jpg,S3122R04.jpg,S3142R10,S3122R04,unrelated
S3142R10.jpg,S3122R03.jpg,S3142R10,S3122R03,unrelated
S3142R10.jpg,S3122R01.jpg,S3142R10,S3122R01,unrelated
S3142R10.jpg,S3051L07.jpg,S3142R10,S3051L07,unrelated
S3142R10.jpg,S3051L08.jpg,S3142R10,S3051L08,unrelated
S3142R10.jpg,S3051L10.jpg,S3142R10,S3051L10,unrelated
S3142R10.jpg,S3051L06.jpg,S3142R10,S3051L06,unrelated
S3142R10.jpg,S3051R01.jpg,S3142R10,S3051R01,unrelated
S3142R10.jpg,S3051R03.jpg,S3142R10,S3051R03,unrelated
S3142R10.jpg,S3052L01.jpg,S3142R10,S3052L01,unrelated
S3142R10.jpg,S3052L02.jpg,S3142R10,S3052L02,unrelated
S3142R10.jpg,S3052L03.jpg,S3142R10,S3052L03,unrelated
S3142R10.jpg,S3052R01.jpg,S3142R10,S3052R01,unrelated
S3142R10.jpg,S3011L07.jpg,S3142R10,S3011L07,unrelated
S3142R10.jpg,S3011R01.jpg,S3142R10,S3011R01,unrelated
S3142R10.jpg,S3011R02.jpg,S3142R10,S3011R02,unrelated
S3142R10.jpg,S3012L07.jpg,S3142R10,S3012L07,unrelated
S3142R10.jpg,S3012L02.jpg,S3142R10,S3012L02,unrelated
S3142R10.jpg,S3012R07.jpg,S3142R10,S3012R07,unrelated
S3142R09.jpg,S3121L03.jpg,S3142R09,S3121L03,unrelated
S3142R09.jpg,S3121L02.jpg,S3142R09,S3121L02,unrelated
S3142R09.jpg,S3121L01.jpg,S3142R09,S3121L01,unrelated
S3142R09.jpg,S3121R04.jpg,S3142R09,S3121R04,unrelated
S3142R09.jpg,S3121R02.jpg,S3142R09,S3121R02,unrelated
S3142R09.jpg,S3121R01.jpg,S3142R09,S3121R01,unrelated
S3142R09.jpg,S3121R08.jpg,S3142R09,S3121R08,unrelated
S3142R09.jpg,S3121R07.jpg,S3142R09,S3121R07,unrelated
S3142R09.jpg,S3122L09.jpg,S3142R09,S3122L09,unrelated
S3142R09.jpg,S3122L07.jpg,S3142R09,S3122L07,unrelated
S3142R09.jpg,S3122L10.jpg,S3142R09,S3122L10,unrelated
S3142R09.jpg,S3122L01.jpg,S3142R09,S3122L01,unrelated
S3142R09.jpg,S3122L05.jpg,S3142R09,S3122L05,unrelated
S3142R09.jpg,S3122R02.jpg,S3142R09,S3122R02,unrelated
S3142R09.jpg,S3122R04.jpg,S3142R09,S3122R04,unrelated
S3142R09.jpg,S3122R03.jpg,S3142R09,S3122R03,unrelated
S3142R09.jpg,S3122R01.jpg,S3142R09,S3122R01,unrelated
S3142R09.jpg,S3051L07.jpg,S3142R09,S3051L07,unrelated
S3142R09.jpg,S3051L08.jpg,S3142R09,S3051L08,unrelated
S3142R09.jpg,S3051L10.jpg,S3142R09,S3051L10,unrelated
S3142R09.jpg,S3051L06.jpg,S3142R09,S3051L06,unrelated
S3142R09.jpg,S3051R01.jpg,S3142R09,S3051R01,unrelated
S3142R09.jpg,S3051R03.jpg,S3142R09,S3051R03,unrelated
S3142R09.jpg,S3052L01.jpg,S3142R09,S3052L01,unrelated
S3142R09.jpg,S3052L02.jpg,S3142R09,S3052L02,unrelated
S3142R09.jpg,S3052L03.jpg,S3142R09,S3052L03,unrelated
S3142R09.jpg,S3052R01.jpg,S3142R09,S3052R01,unrelated
S3142R09.jpg,S3011L07.jpg,S3142R09,S3011L07,unrelated
S3142R09.jpg,S3011R01.jpg,S3142R09,S3011R01,unrelated
S3142R09.jpg,S3011R02.jpg,S3142R09,S3011R02,unrelated
S3142R09.jpg,S3012L07.jpg,S3142R09,S3012L07,unrelated
S3142R09.jpg,S3012L02.jpg,S3142R09,S3012L02,unrelated
S3142R09.jpg,S3012R07.jpg,S3142R09,S3012R07,unrelated
S3121L03.jpg,S3121L02.jpg,S3121L03,S3121L02,genuine
S3121L03.jpg,S3121L01.jpg,S3121L03,S3121L01,genuine
S3121L03.jpg,S3121R04.jpg,S3121L03,S3121R04,same_subject_different_eye
S3121L03.jpg,S3121R02.jpg,S3121L03,S3121R02,same_subject_different_eye
S3121L03.jpg,S3121R01.jpg,S3121L03,S3121R01,same_subject_different_eye
S3121L03.jpg,S3121R08.jpg,S3121L03,S3121R08,same_subject_different_eye
S3121L03.jpg,S3121R07.jpg,S3121L03,S3121R07,same_subject_different_eye
S3121L03.jpg,S3122L09.jpg,S3121L03,S3122L09,twin_same_eye
S3121L03.jpg,S3122L07.jpg,S3121L03,S3122L07,twin_same_eye
S3121L03.jpg,S3122L10.jpg,S3121L03,S3122L10,twin_same_eye
S3121L03.jpg,S3122L01.jpg,S3121L03,S3122L01,twin_same_eye
S3121L03.jpg,S3122L05.jpg,S3121L03,S3122L05,twin_same_eye
S3121L03.jpg,S3122R02.jpg,S3121L03,S3122R02,twin_cross_eye
S3121L03.jpg,S3122R04.jpg,S3121L03,S3122R04,twin_cross_eye
S3121L03.jpg,S3122R03.jpg,S3121L03,S3122R03,twin_cross_eye
S3121L03.jpg,S3122R01.jpg,S3121L03,S3122R01,twin_cross_eye
S3121L03.jpg,S3051L07.jpg,S3121L03,S3051L07,unrelated
S3121L03.jpg,S3051L08.jpg,S3121L03,S3051L08,unrelated
S3121L03.jpg,S3051L10.jpg,S3121L03,S3051L10,unrelated
S3121L03.jpg,S3051L06.jpg,S3121L03,S3051L06,unrelated
S3121L03.jpg,S3051R01.jpg,S3121L03,S3051R01,unrelated
S3121L03.jpg,S3051R03.jpg,S3121L03,S3051R03,unrelated
S3121L03.jpg,S3052L01.jpg,S3121L03,S3052L01,unrelated
S3121L03.jpg,S3052L02.jpg,S3121L03,S3052L02,unrelated
S3121L03.jpg,S3052L03.jpg,S3121L03,S3052L03,unrelated
S3121L03.jpg,S3052R01.jpg,S3121L03,S3052R01,unrelated
S3121L03.jpg,S3011L07.jpg,S3121L03,S3011L07,unrelated
S3121L03.jpg,S3011R01.jpg,S3121L03,S3011R01,unrelated
S3121L03.jpg,S3011R02.jpg,S3121L03,S3011R02,unrelated
S3121L03.jpg,S3012L07.jpg,S3121L03,S3012L07,unrelated
S3121L03.jpg,S3012L02.jpg,S3121L03,S3012L02,unrelated
S3121L03.jpg,S3012R07.jpg,S3121L03,S3012R07,unrelated
S3121L02.jpg,S3121L01.jpg,S3121L02,S3121L01,genuine
S3121L02.jpg,S3121R04.jpg,S3121L02,S3121R04,same_subject_different_eye
S3121L02.jpg,S3121R02.jpg,S3121L02,S3121R02,same_subject_different_eye
S3121L02.jpg,S3121R01.jpg,S3121L02,S3121R01,same_subject_different_eye
S3121L02.jpg,S3121R08.jpg,S3121L02,S3121R08,same_subject_different_eye
S3121L02.jpg,S3121R07.jpg,S3121L02,S3121R07,same_subject_different_eye
S3121L02.jpg,S3122L09.jpg,S3121L02,S3122L09,twin_same_eye
S3121L02.jpg,S3122L07.jpg,S3121L02,S3122L07,twin_same_eye
S3121L02.jpg,S3122L10.jpg,S3121L02,S3122L10,twin_same_eye
S3121L02.jpg,S3122L01.jpg,S3121L02,S3122L01,twin_same_eye
S3121L02.jpg,S3122L05.jpg,S3121L02,S3122L05,twin_same_eye
S3121L02.jpg,S3122R02.jpg,S3121L02,S3122R02,twin_cross_eye
S3121L02.jpg,S3122R04.jpg,S3121L02,S3122R04,twin_cross_eye
S3121L02.jpg,S3122R03.jpg,S3121L02,S3122R03,twin_cross_eye
S3121L02.jpg,S3122R01.jpg,S3121L02,S3122R01,twin_cross_eye
S3121L02.jpg,S3051L07.jpg,S3121L02,S3051L07,unrelated
S3121L02.jpg,S3051L08.jpg,S3121L02,S3051L08,unrelated
S3121L02.jpg,S3051L10.jpg,S3121L02,S3051L10,unrelated
S3121L02.jpg,S3051L06.jpg,S3121L02,S3051L06,unrelated
S3121L02.jpg,S3051R01.jpg,S3121L02,S3051R01,unrelated
S3121L02.jpg,S3051R03.jpg,S3121L02,S3051R03,unrelated
S3121L02.jpg,S3052L01.jpg,S3121L02,S3052L01,unrelated
S3121L02.jpg,S3052L02.jpg,S3121L02,S3052L02,unrelated
S3121L02.jpg,S3052L03.jpg,S3121L02,S3052L03,unrelated
S3121L02.jpg,S3052R01.jpg,S3121L02,S3052R01,unrelated
S3121L02.jpg,S3011L07.jpg,S3121L02,S3011L07,unrelated
S3121L02.jpg,S3011R01.jpg,S3121L02,S3011R01,unrelated
S3121L02.jpg,S3011R02.jpg,S3121L02,S3011R02,unrelated
S3121L02.jpg,S3012L07.jpg,S3121L02,S3012L07,unrelated
S3121L02.jpg,S3012L02.jpg,S3121L02,S3012L02,unrelated
S3121L02.jpg,S3012R07.jpg,S3121L02,S3012R07,unrelated
S3121L01.jpg,S3121R04.jpg,S3121L01,S3121R04,same_subject_different_eye
S3121L01.jpg,S3121R02.jpg,S3121L01,S3121R02,same_subject_different_eye
S3121L01.jpg,S3121R01.jpg,S3121L01,S3121R01,same_subject_different_eye
S3121L01.jpg,S3121R08.jpg,S3121L01,S3121R08,same_subject_different_eye
S3121L01.jpg,S3121R07.jpg,S3121L01,S3121R07,same_subject_different_eye
S3121L01.jpg,S3122L09.jpg,S3121L01,S3122L09,twin_same_eye
S3121L01.jpg,S3122L07.jpg,S3121L01,S3122L07,twin_same_eye
S3121L01.jpg,S3122L10.jpg,S3121L01,S3122L10,twin_same_eye
S3121L01.jpg,S3122L01.jpg,S3121L01,S3122L01,twin_same_eye
S3121L01.jpg,S3122L05.jpg,S3121L01,S3122L05,twin_same_eye
S3121L01.jpg,S3122R02.jpg,S3121L01,S3122R02,twin_cross_eye
S3121L01.jpg,S3122R04.jpg,S3121L01,S3122R04,twin_cross_eye
S3121L01.jpg,S3122R03.jpg,S3121L01,S3122R03,twin_cross_eye
S3121L01.jpg,S3122R01.jpg,S3121L01,S3122R01,twin_cross_eye
S3121L01.jpg,S3051L07.jpg,S3121L01,S3051L07,unrelated
S3121L01.jpg,S3051L08.jpg,S3121L01,S3051L08,unrelated
S3121L01.jpg,S3051L10.jpg,S3121L01,S3051L10,unrelated
S3121L01.jpg,S3051L06.jpg,S3121L01,S3051L06,unrelated
S3121L01.jpg,S3051R01.jpg,S3121L01,S3051R01,unrelated
S3121L01.jpg,S3051R03.jpg,S3121L01,S3051R03,unrelated
S3121L01.jpg,S3052L01.jpg,S3121L01,S3052L01,unrelated
S3121L01.jpg,S3052L02.jpg,S3121L01,S3052L02,unrelated
S3121L01.jpg,S3052L03.jpg,S3121L01,S3052L03,unrelated
S3121L01.jpg,S3052R01.jpg,S3121L01,S3052R01,unrelated
S3121L01.jpg,S3011L07.jpg,S3121L01,S3011L07,unrelated
S3121L01.jpg,S3011R01.jpg,S3121L01,S3011R01,unrelated
S3121L01.jpg,S3011R02.jpg,S3121L01,S3011R02,unrelated
S3121L01.jpg,S3012L07.jpg,S3121L01,S3012L07,unrelated
S3121L01.jpg,S3012L02.jpg,S3121L01,S3012L02,unrelated
S3121L01.jpg,S3012R07.jpg,S3121L01,S3012R07,unrelated
S3121R04.jpg,S3121R02.jpg,S3121R04,S3121R02,genuine
S3121R04.jpg,S3121R01.jpg,S3121R04,S3121R01,genuine
S3121R04.jpg,S3121R08.jpg,S3121R04,S3121R08,genuine
S3121R04.jpg,S3121R07.jpg,S3121R04,S3121R07,genuine
S3121R04.jpg,S3122L09.jpg,S3121R04,S3122L09,twin_cross_eye
S3121R04.jpg,S3122L07.jpg,S3121R04,S3122L07,twin_cross_eye
S3121R04.jpg,S3122L10.jpg,S3121R04,S3122L10,twin_cross_eye
S3121R04.jpg,S3122L01.jpg,S3121R04,S3122L01,twin_cross_eye
S3121R04.jpg,S3122L05.jpg,S3121R04,S3122L05,twin_cross_eye
S3121R04.jpg,S3122R02.jpg,S3121R04,S3122R02,twin_same_eye
S3121R04.jpg,S3122R04.jpg,S3121R04,S3122R04,twin_same_eye
S3121R04.jpg,S3122R03.jpg,S3121R04,S3122R03,twin_same_eye
S3121R04.jpg,S3122R01.jpg,S3121R04,S3122R01,twin_same_eye
S3121R04.jpg,S3051L07.jpg,S3121R04,S3051L07,unrelated
S3121R04.jpg,S3051L08.jpg,S3121R04,S3051L08,unrelated
S3121R04.jpg,S3051L10.jpg,S3121R04,S3051L10,unrelated
S3121R04.jpg,S3051L06.jpg,S3121R04,S3051L06,unrelated
S3121R04.jpg,S3051R01.jpg,S3121R04,S3051R01,unrelated
S3121R04.jpg,S3051R03.jpg,S3121R04,S3051R03,unrelated
S3121R04.jpg,S3052L01.jpg,S3121R04,S3052L01,unrelated
S3121R04.jpg,S3052L02.jpg,S3121R04,S3052L02,unrelated
S3121R04.jpg,S3052L03.jpg,S3121R04,S3052L03,unrelated
S3121R04.jpg,S3052R01.jpg,S3121R04,S3052R01,unrelated
S3121R04.jpg,S3011L07.jpg,S3121R04,S3011L07,unrelated
S3121R04.jpg,S3011R01.jpg,S3121R04,S3011R01,unrelated
S3121R04.jpg,S3011R02.jpg,S3121R04,S3011R02,unrelated
S3121R04.jpg,S3012L07.jpg,S3121R04,S3012L07,unrelated
S3121R04.jpg,S3012L02.jpg,S3121R04,S3012L02,unrelated
S3121R04.jpg,S3012R07.jpg,S3121R04,S3012R07,unrelated
S3121R02.jpg,S3121R01.jpg,S3121R02,S3121R01,genuine
S3121R02.jpg,S3121R08.jpg,S3121R02,S3121R08,genuine
S3121R02.jpg,S3121R07.jpg,S3121R02,S3121R07,genuine
S3121R02.jpg,S3122L09.jpg,S3121R02,S3122L09,twin_cross_eye
S3121R02.jpg,S3122L07.jpg,S3121R02,S3122L07,twin_cross_eye
S3121R02.jpg,S3122L10.jpg,S3121R02,S3122L10,twin_cross_eye
S3121R02.jpg,S3122L01.jpg,S3121R02,S3122L01,twin_cross_eye
S3121R02.jpg,S3122L05.jpg,S3121R02,S3122L05,twin_cross_eye
S3121R02.jpg,S3122R02.jpg,S3121R02,S3122R02,twin_same_eye
S3121R02.jpg,S3122R04.jpg,S3121R02,S3122R04,twin_same_eye
S3121R02.jpg,S3122R03.jpg,S3121R02,S3122R03,twin_same_eye
S3121R02.jpg,S3122R01.jpg,S3121R02,S3122R01,twin_same_eye
S3121R02.jpg,S3051L07.jpg,S3121R02,S3051L07,unrelated
S3121R02.jpg,S3051L08.jpg,S3121R02,S3051L08,unrelated
S3121R02.jpg,S3051L10.jpg,S3121R02,S3051L10,unrelated
S3121R02.jpg,S3051L06.jpg,S3121R02,S3051L06,unrelated
S3121R02.jpg,S3051R01.jpg,S3121R02,S3051R01,unrelated
S3121R02.jpg,S3051R03.jpg,S3121R02,S3051R03,unrelated
S3121R02.jpg,S3052L01.jpg,S3121R02,S3052L01,unrelated
S3121R02.jpg,S3052L02.jpg,S3121R02,S3052L02,unrelated
S3121R02.jpg,S3052L03.jpg,S3121R02,S3052L03,unrelated
S3121R02.jpg,S3052R01.jpg,S3121R02,S3052R01,unrelated
S3121R02.jpg,S3011L07.jpg,S3121R02,S3011L07,unrelated
S3121R02.jpg,S3011R01.jpg,S3121R02,S3011R01,unrelated
S3121R02.jpg,S3011R02.jpg,S3121R02,S3011R02,unrelated
S3121R02.jpg,S3012L07.jpg,S3121R02,S3012L07,unrelated
S3121R02.jpg,S3012L02.jpg,S3121R02,S3012L02,unrelated
S3121R02.jpg,S3012R07.jpg,S3121R02,S3012R07,unrelated
S3121R01.jpg,S3121R08.jpg,S3121R01,S3121R08,genuine
S3121R01.jpg,S3121R07.jpg,S3121R01,S3121R07,genuine
S3121R01.jpg,S3122L09.jpg,S3121R01,S3122L09,twin_cross_eye
S3121R01.jpg,S3122L07.jpg,S3121R01,S3122L07,twin_cross_eye
S3121R01.jpg,S3122L10.jpg,S3121R01,S3122L10,twin_cross_eye
S3121R01.jpg,S3122L01.jpg,S3121R01,S3122L01,twin_cross_eye
S3121R01.jpg,S3122L05.jpg,S3121R01,S3122L05,twin_cross_eye
S3121R01.jpg,S3122R02.jpg,S3121R01,S3122R02,twin_same_eye
S3121R01.jpg,S3122R04.jpg,S3121R01,S3122R04,twin_same_eye
S3121R01.jpg,S3122R03.jpg,S3121R01,S3122R03,twin_same_eye
S3121R01.jpg,S3122R01.jpg,S3121R01,S3122R01,twin_same_eye
S3121R01.jpg,S3051L07.jpg,S3121R01,S3051L07,unrelated
S3121R01.jpg,S3051L08.jpg,S3121R01,S3051L08,unrelated
S3121R01.jpg,S3051L10.jpg,S3121R01,S3051L10,unrelated
S3121R01.jpg,S3051L06.jpg,S3121R01,S3051L06,unrelated
S3121R01.jpg,S3051R01.jpg,S3121R01,S3051R01,unrelated
S3121R01.jpg,S3051R03.jpg,S3121R01,S3051R03,unrelated
S3121R01.jpg,S3052L01.jpg,S3121R01,S3052L01,unrelated
S3121R01.jpg,S3052L02.jpg,S3121R01,S3052L02,unrelated
S3121R01.jpg,S3052L03.jpg,S3121R01,S3052L03,unrelated
S3121R01.jpg,S3052R01.jpg,S3121R01,S3052R01,unrelated
S3121R01.jpg,S3011L07.jpg,S3121R01,S3011L07,unrelated
S3121R01.jpg,S3011R01.jpg,S3121R01,S3011R01,unrelated
S3121R01.jpg,S3011R02.jpg,S3121R01,S3011R02,unrelated
S3121R01.jpg,S3012L07.jpg,S3121R01,S3012L07,unrelated
S3121R01.jpg,S3012L02.jpg,S3121R01,S3012L02,unrelated
S3121R01.jpg,S3012R07.jpg,S3121R01,S3012R07,unrelated
S3121R08.jpg,S3121R07.jpg,S3121R08,S3121R07,genuine
S3121R08.jpg,S3122L09.jpg,S3121R08,S3122L09,twin_cross_eye
S3121R08.jpg,S3122L07.jpg,S3121R08,S3122L07,twin_cross_eye
S3121R08.jpg,S3122L10.jpg,S3121R08,S3122L10,twin_cross_eye
S3121R08.jpg,S3122L01.jpg,S3121R08,S3122L01,twin_cross_eye
S3121R08.jpg,S3122L05.jpg,S3121R08,S3122L05,twin_cross_eye
S3121R08.jpg,S3122R02.jpg,S3121R08,S3122R02,twin_same_eye
S3121R08.jpg,S3122R04.jpg,S3121R08,S3122R04,twin_same_eye
S3121R08.jpg,S3122R03.jpg,S3121R08,S3122R03,twin_same_eye
S3121R08.jpg,S3122R01.jpg,S3121R08,S3122R01,twin_same_eye
S3121R08.jpg,S3051L07.jpg,S3121R08,S3051L07,unrelated
S3121R08.jpg,S3051L08.jpg,S3121R08,S3051L08,unrelated
S3121R08.jpg,S3051L10.jpg,S3121R08,S3051L10,unrelated
S3121R08.jpg,S3051L06.jpg,S3121R08,S3051L06,unrelated
S3121R08.jpg,S3051R01.jpg,S3121R08,S3051R01,unrelated
S3121R08.jpg,S3051R03.jpg,S3121R08,S3051R03,unrelated
S3121R08.jpg,S3052L01.jpg,S3121R08,S3052L01,unrelated
S3121R08.jpg,S3052L02.jpg,S3121R08,S3052L02,unrelated
S3121R08.jpg,S3052L03.jpg,S3121R08,S3052L03,unrelated
S3121R08.jpg,S3052R01.jpg,S3121R08,S3052R01,unrelated
S3121R08.jpg,S3011L07.jpg,S3121R08,S3011L07,unrelated
S3121R08.jpg,S3011R01.jpg,S3121R08,S3011R01,unrelated
S3121R08.jpg,S3011R02.jpg,S3121R08,S3011R02,unrelated
S3121R08.jpg,S3012L07.jpg,S3121R08,S3012L07,unrelated
S3121R08.jpg,S3012L02.jpg,S3121R08,S3012L02,unrelated
S3121R08.jpg,S3012R07.jpg,S3121R08,S3012R07,unrelated
S3121R07.jpg,S3122L09.jpg,S3121R07,S3122L09,twin_cross_eye
S3121R07.jpg,S3122L07.jpg,S3121R07,S3122L07,twin_cross_eye
S3121R07.jpg,S3122L10.jpg,S3121R07,S3122L10,twin_cross_eye
S3121R07.jpg,S3122L01.jpg,S3121R07,S3122L01,twin_cross_eye
S3121R07.jpg,S3122L05.jpg,S3121R07,S3122L05,twin_cross_eye
S3121R07.jpg,S3122R02.jpg,S3121R07,S3122R02,twin_same_eye
S3121R07.jpg,S3122R04.jpg,S3121R07,S3122R04,twin_same_eye
S3121R07.jpg,S3122R03.jpg,S3121R07,S3122R03,twin_same_eye
S3121R07.jpg,S3122R01.jpg,S3121R07,S3122R01,twin_same_eye
S3121R07.jpg,S3051L07.jpg,S3121R07,S3051L07,unrelated
S3121R07.jpg,S3051L08.jpg,S3121R07,S3051L08,unrelated
S3121R07.jpg,S3051L10.jpg,S3121R07,S3051L10,unrelated
S3121R07.jpg,S3051L06.jpg,S3121R07,S3051L06,unrelated
S3121R07.jpg,S3051R01.jpg,S3121R07,S3051R01,unrelated
S3121R07.jpg,S3051R03.jpg,S3121R07,S3051R03,unrelated
S3121R07.jpg,S3052L01.jpg,S3121R07,S3052L01,unrelated
S3121R07.jpg,S3052L02.jpg,S3121R07,S3052L02,unrelated
S3121R07.jpg,S3052L03.jpg,S3121R07,S3052L03,unrelated
S3121R07.jpg,S3052R01.jpg,S3121R07,S3052R01,unrelated
S3121R07.jpg,S3011L07.jpg,S3121R07,S3011L07,unrelated
S3121R07.jpg,S3011R01.jpg,S3121R07,S3011R01,unrelated
S3121R07.jpg,S3011R02.jpg,S3121R07,S3011R02,unrelated
S3121R07.jpg,S3012L07.jpg,S3121R07,S3012L07,unrelated
S3121R07.jpg,S3012L02.jpg,S3121R07,S3012L02,unrelated
S3121R07.jpg,S3012R07.jpg,S3121R07,S3012R07,unrelated
S3122L09.jpg,S3122L07.jpg,S3122L09,S3122L07,genuine
S3122L09.jpg,S3122L10.jpg,S3122L09,S3122L10,genuine
S3122L09.jpg,S3122L01.jpg,S3122L09,S3122L01,genuine
S3122L09.jpg,S3122L05.jpg,S3122L09,S3122L05,genuine
S3122L09.jpg,S3122R02.jpg,S3122L09,S3122R02,same_subject_different_eye
S3122L09.jpg,S3122R04.jpg,S3122L09,S3122R04,same_subject_different_eye
S3122L09.jpg,S3122R03.jpg,S3122L09,S3122R03,same_subject_different_eye
S3122L09.jpg,S3122R01.jpg,S3122L09,S3122R01,same_subject_different_eye
S3122L09.jpg,S3051L07.jpg,S3122L09,S3051L07,unrelated
S3122L09.jpg,S3051L08.jpg,S3122L09,S3051L08,unrelated
S3122L09.jpg,S3051L10.jpg,S3122L09,S3051L10,unrelated
S3122L09.jpg,S3051L06.jpg,S3122L09,S3051L06,unrelated
S3122L09.jpg,S3051R01.jpg,S3122L09,S3051R01,unrelated
S3122L09.jpg,S3051R03.jpg,S3122L09,S3051R03,unrelated
S3122L09.jpg,S3052L01.jpg,S3122L09,S3052L01,unrelated
S3122L09.jpg,S3052L02.jpg,S3122L09,S3052L02,unrelated
S3122L09.jpg,S3052L03.jpg,S3122L09,S3052L03,unrelated
S3122L09.jpg,S3052R01.jpg,S3122L09,S3052R01,unrelated
S3122L09.jpg,S3011L07.jpg,S3122L09,S3011L07,unrelated
S3122L09.jpg,S3011R01.jpg,S3122L09,S3011R01,unrelated
S3122L09.jpg,S3011R02.jpg,S3122L09,S3011R02,unrelated
S3122L09.jpg,S3012L07.jpg,S3122L09,S3012L07,unrelated
S3122L09.jpg,S3012L02.jpg,S3122L09,S3012L02,unrelated
S3122L09.jpg,S3012R07.jpg,S3122L09,S3012R07,unrelated
S3122L07.jpg,S3122L10.jpg,S3122L07,S3122L10,genuine
S3122L07.jpg,S3122L01.jpg,S3122L07,S3122L01,genuine
S3122L07.jpg,S3122L05.jpg,S3122L07,S3122L05,genuine
S3122L07.jpg,S3122R02.jpg,S3122L07,S3122R02,same_subject_different_eye
S3122L07.jpg,S3122R04.jpg,S3122L07,S3122R04,same_subject_different_eye
S3122L07.jpg,S3122R03.jpg,S3122L07,S3122R03,same_subject_different_eye
S3122L07.jpg,S3122R01.jpg,S3122L07,S3122R01,same_subject_different_eye
S3122L07.jpg,S3051L07.jpg,S3122L07,S3051L07,unrelated
S3122L07.jpg,S3051L08.jpg,S3122L07,S3051L08,unrelated
S3122L07.jpg,S3051L10.jpg,S3122L07,S3051L10,unrelated
S3122L07.jpg,S3051L06.jpg,S3122L07,S3051L06,unrelated
S3122L07.jpg,S3051R01.jpg,S3122L07,S3051R01,unrelated
S3122L07.jpg,S3051R03.jpg,S3122L07,S3051R03,unrelated
S3122L07.jpg,S3052L01.jpg,S3122L07,S3052L01,unrelated
S3122L07.jpg,S3052L02.jpg,S3122L07,S3052L02,unrelated
S3122L07.jpg,S3052L03.jpg,S3122L07,S3052L03,unrelated
S3122L07.jpg,S3052R01.jpg,S3122L07,S3052R01,unrelated
S3122L07.jpg,S3011L07.jpg,S3122L07,S3011L07,unrelated
S3122L07.jpg,S3011R01.jpg,S3122L07,S3011R01,unrelated
S3122L07.jpg,S3011R02.jpg,S3122L07,S3011R02,unrelated
S3122L07.jpg,S3012L07.jpg,S3122L07,S3012L07,unrelated
S3122L07.jpg,S3012L02.jpg,S3122L07,S3012L02,unrelated
S3122L07.jpg,S3012R07.jpg,S3122L07,S3012R07,unrelated
S3122L10.jpg,S3122L01.jpg,S3122L10,S3122L01,genuine
S3122L10.jpg,S3122L05.jpg,S3122L10,S3122L05,genuine
S3122L10.jpg,S3122R02.jpg,S3122L10,S3122R02,same_subject_different_eye
S3122L10.jpg,S3122R04.jpg,S3122L10,S3122R04,same_subject_different_eye
S3122L10.jpg,S3122R03.jpg,S3122L10,S3122R03,same_subject_different_eye
S3122L10.jpg,S3122R01.jpg,S3122L10,S3122R01,same_subject_different_eye
S3122L10.jpg,S3051L07.jpg,S3122L10,S3051L07,unrelated
S3122L10.jpg,S3051L08.jpg,S3122L10,S3051L08,unrelated
S3122L10.jpg,S3051L10.jpg,S3122L10,S3051L10,unrelated
S3122L10.jpg,S3051L06.jpg,S3122L10,S3051L06,unrelated
S3122L10.jpg,S3051R01.jpg,S3122L10,S3051R01,unrelated
S3122L10.jpg,S3051R03.jpg,S3122L10,S3051R03,unrelated
S3122L10.jpg,S3052L01.jpg,S3122L10,S3052L01,unrelated
S3122L10.jpg,S3052L02.jpg,S3122L10,S3052L02,unrelated
S3122L10.jpg,S3052L03.jpg,S3122L10,S3052L03,unrelated
S3122L10.jpg,S3052R01.jpg,S3122L10,S3052R01,unrelated
S3122L10.jpg,S3011L07.jpg,S3122L10,S3011L07,unrelated
S3122L10.jpg,S3011R01.jpg,S3122L10,S3011R01,unrelated
S3122L10.jpg,S3011R02.jpg,S3122L10,S3011R02,unrelated
S3122L10.jpg,S3012L07.jpg,S3122L10,S3012L07,unrelated
S3122L10.jpg,S3012L02.jpg,S3122L10,S3012L02,unrelated
S3122L10.jpg,S3012R07.jpg,S3122L10,S3012R07,unrelated
S3122L01.jpg,S3122L05.jpg,S3122L01,S3122L05,genuine
S3122L01.jpg,S3122R02.jpg,S3122L01,S3122R02,same_subject_different_eye
S3122L01.jpg,S3122R04.jpg,S3122L01,S3122R04,same_subject_different_eye
S3122L01.jpg,S3122R03.jpg,S3122L01,S3122R03,same_subject_different_eye
S3122L01.jpg,S3122R01.jpg,S3122L01,S3122R01,same_subject_different_eye
S3122L01.jpg,S3051L07.jpg,S3122L01,S3051L07,unrelated
S3122L01.jpg,S3051L08.jpg,S3122L01,S3051L08,unrelated
S3122L01.jpg,S3051L10.jpg,S3122L01,S3051L10,unrelated
S3122L01.jpg,S3051L06.jpg,S3122L01,S3051L06,unrelated
S3122L01.jpg,S3051R01.jpg,S3122L01,S3051R01,unrelated
S3122L01.jpg,S3051R03.jpg,S3122L01,S3051R03,unrelated
S3122L01.jpg,S3052L01.jpg,S3122L01,S3052L01,unrelated
S3122L01.jpg,S3052L02.jpg,S3122L01,S3052L02,unrelated
S3122L01.jpg,S3052L03.jpg,S3122L01,S3052L03,unrelated
S3122L01.jpg,S3052R01.jpg,S3122L01,S3052R01,unrelated
S3122L01.jpg,S3011L07.jpg,S3122L01,S3011L07,unrelated
S3122L01.jpg,S3011R01.jpg,S3122L01,S3011R01,unrelated
S3122L01.jpg,S3011R02.jpg,S3122L01,S3011R02,unrelated
S3122L01.jpg,S3012L07.jpg,S3122L01,S3012L07,unrelated
S3122L01.jpg,S3012L02.jpg,S3122L01,S3012L02,unrelated
S3122L01.jpg,S3012R07.jpg,S3122L01,S3012R07,unrelated
S3122L05.jpg,S3122R02.jpg,S3122L05,S3122R02,same_subject_different_eye
S3122L05.jpg,S3122R04.jpg,S3122L05,S3122R04,same_subject_different_eye
S3122L05.jpg,S3122R03.jpg,S3122L05,S3122R03,same_subject_different_eye
S3122L05.jpg,S3122R01.jpg,S3122L05,S3122R01,same_subject_different_eye
S3122L05.jpg,S3051L07.jpg,S3122L05,S3051L07,unrelated
S3122L05.jpg,S3051L08.jpg,S3122L05,S3051L08,unrelated
S3122L05.jpg,S3051L10.jpg,S3122L05,S3051L10,unrelated
S3122L05.jpg,S3051L06.jpg,S3122L05,S3051L06,unrelated
S3122L05.jpg,S3051R01.jpg,S3122L05,S3051R01,unrelated
S3122L05.jpg,S3051R03.jpg,S3122L05,S3051R03,unrelated
S3122L05.jpg,S3052L01.jpg,S3122L05,S3052L01,unrelated
S3122L05.jpg,S3052L02.jpg,S3122L05,S3052L02,unrelated
S3122L05.jpg,S3052L03.jpg,S3122L05,S3052L03,unrelated
S3122L05.jpg,S3052R01.jpg,S3122L05,S3052R01,unrelated
S3122L05.jpg,S3011L07.jpg,S3122L05,S3011L07,unrelated
S3122L05.jpg,S3011R01.jpg,S3122L05,S3011R01,unrelated
S3122L05.jpg,S3011R02.jpg,S3122L05,S3011R02,unrelated
S3122L05.jpg,S3012L07.jpg,S3122L05,S3012L07,unrelated
S3122L05.jpg,S3012L02.jpg,S3122L05,S3012L02,unrelated
S3122L05.jpg,S3012R07.jpg,S3122L05,S3012R07,unrelated
S3122R02.jpg,S3122R04.jpg,S3122R02,S3122R04,genuine
S3122R02.jpg,S3122R03.jpg,S3122R02,S3122R03,genuine
S3122R02.jpg,S3122R01.jpg,S3122R02,S3122R01,genuine
S3122R02.jpg,S3051L07.jpg,S3122R02,S3051L07,unrelated
S3122R02.jpg,S3051L08.jpg,S3122R02,S3051L08,unrelated
S3122R02.jpg,S3051L10.jpg,S3122R02,S3051L10,unrelated
S3122R02.jpg,S3051L06.jpg,S3122R02,S3051L06,unrelated
S3122R02.jpg,S3051R01.jpg,S3122R02,S3051R01,unrelated
S3122R02.jpg,S3051R03.jpg,S3122R02,S3051R03,unrelated
S3122R02.jpg,S3052L01.jpg,S3122R02,S3052L01,unrelated
S3122R02.jpg,S3052L02.jpg,S3122R02,S3052L02,unrelated
S3122R02.jpg,S3052L03.jpg,S3122R02,S3052L03,unrelated
S3122R02.jpg,S3052R01.jpg,S3122R02,S3052R01,unrelated
S3122R02.jpg,S3011L07.jpg,S3122R02,S3011L07,unrelated
S3122R02.jpg,S3011R01.jpg,S3122R02,S3011R01,unrelated
S3122R02.jpg,S3011R02.jpg,S3122R02,S3011R02,unrelated
S3122R02.jpg,S3012L07.jpg,S3122R02,S3012L07,unrelated
S3122R02.jpg,S3012L02.jpg,S3122R02,S3012L02,unrelated
S3122R02.jpg,S3012R07.jpg,S3122R02,S3012R07,unrelated
S3122R04.jpg,S3122R03.jpg,S3122R04,S3122R03,genuine
S3122R04.jpg,S3122R01.jpg,S3122R04,S3122R01,genuine
S3122R04.jpg,S3051L07.jpg,S3122R04,S3051L07,unrelated
S3122R04.jpg,S3051L08.jpg,S3122R04,S3051L08,unrelated
S3122R04.jpg,S3051L10.jpg,S3122R04,S3051L10,unrelated
S3122R04.jpg,S3051L06.jpg,S3122R04,S3051L06,unrelated
S3122R04.jpg,S3051R01.jpg,S3122R04,S3051R01,unrelated
S3122R04.jpg,S3051R03.jpg,S3122R04,S3051R03,unrelated
S3122R04.jpg,S3052L01.jpg,S3122R04,S3052L01,unrelated
S3122R04.jpg,S3052L02.jpg,S3122R04,S3052L02,unrelated
S3122R04.jpg,S3052L03.jpg,S3122R04,S3052L03,unrelated
S3122R04.jpg,S3052R01.jpg,S3122R04,S3052R01,unrelated
S3122R04.jpg,S3011L07.jpg,S3122R04,S3011L07,unrelated
S3122R04.jpg,S3011R01.jpg,S3122R04,S3011R01,unrelated
S3122R04.jpg,S3011R02.jpg,S3122R04,S3011R02,unrelated
S3122R04.jpg,S3012L07.jpg,S3122R04,S3012L07,unrelated
S3122R04.jpg,S3012L02.jpg,S3122R04,S3012L02,unrelated
S3122R04.jpg,S3012R07.jpg,S3122R04,S3012R07,unrelated
S3122R03.jpg,S3122R01.jpg,S3122R03,S3122R01,genuine
S3122R03.jpg,S3051L07.jpg,S3122R03,S3051L07,unrelated
S3122R03.jpg,S3051L08.jpg,S3122R03,S3051L08,unrelated
S3122R03.jpg,S3051L10.jpg,S3122R03,S3051L10,unrelated
S3122R03.jpg,S3051L06.jpg,S3122R03,S3051L06,unrelated
S3122R03.jpg,S3051R01.jpg,S3122R03,S3051R01,unrelated
S3122R03.jpg,S3051R03.jpg,S3122R03,S3051R03,unrelated
S3122R03.jpg,S3052L01.jpg,S3122R03,S3052L01,unrelated
S3122R03.jpg,S3052L02.jpg,S3122R03,S3052L02,unrelated
S3122R03.jpg,S3052L03.jpg,S3122R03,S3052L03,unrelated
S3122R03.jpg,S3052R01.jpg,S3122R03,S3052R01,unrelated
S3122R03.jpg,S3011L07.jpg,S3122R03,S3011L07,unrelated
S3122R03.jpg,S3011R01.jpg,S3122R03,S3011R01,unrelated
S3122R03.jpg,S3011R02.jpg,S3122R03,S3011R02,unrelated
S3122R03.jpg,S3012L07.jpg,S3122R03,S3012L07,unrelated
S3122R03.jpg,S3012L02.jpg,S3122R03,S3012L02,unrelated
S3122R03.jpg,S3012R07.jpg,S3122R03,S3012R07,unrelated
S3122R01.jpg,S3051L07.jpg,S3122R01,S3051L07,unrelated
S3122R01.jpg,S3051L08.jpg,S3122R01,S3051L08,unrelated
S3122R01.jpg,S3051L10.jpg,S3122R01,S3051L10,unrelated
S3122R01.jpg,S3051L06.jpg,S3122R01,S3051L06,unrelated
S3122R01.jpg,S3051R01.jpg,S3122R01,S3051R01,unrelated
S3122R01.jpg,S3051R03.jpg,S3122R01,S3051R03,unrelated
S3122R01.jpg,S3052L01.jpg,S3122R01,S3052L01,unrelated
S3122R01.jpg,S3052L02.jpg,S3122R01,S3052L02,unrelated
S3122R01.jpg,S3052L03.jpg,S3122R01,S3052L03,unrelated
S3122R01.jpg,S3052R01.jpg,S3122R01,S3052R01,unrelated
S3122R01.jpg,S3011L07.jpg,S3122R01,S3011L07,unrelated
S3122R01.jpg,S3011R01.jpg,S3122R01,S3011R01,unrelated
S3122R01.jpg,S3011R02.jpg,S3122R01,S3011R02,unrelated
S3122R01.jpg,S3012L07.jpg,S3122R01,S3012L07,unrelated
S3122R01.jpg,S3012L02.jpg,S3122R01,S3012L02,unrelated
S3122R01.jpg,S3012R07.jpg,S3122R01,S3012R07,unrelated
S3051L07.jpg,S3051L08.jpg,S3051L07,S3051L08,genuine
S3051L07.jpg,S3051L10.jpg,S3051L07,S3051L10,genuine
S3051L07.jpg,S3051L06.jpg,S3051L07,S3051L06,genuine
S3051L07.jpg,S3051R01.jpg,S3051L07,S3051R01,same_subject_different_eye
S3051L07.jpg,S3051R03.jpg,S3051L07,S3051R03,same_subject_different_eye
S3051L07.jpg,S3052L01.jpg,S3051L07,S3052L01,twin_same_eye
S3051L07.jpg,S3052L02.jpg,S3051L07,S3052L02,twin_same_eye
S3051L07.jpg,S3052L03.jpg,S3051L07,S3052L03,twin_same_eye
S3051L07.jpg,S3052R01.jpg,S3051L07,S3052R01,twin_cross_eye
S3051L07.jpg,S3011L07.jpg,S3051L07,S3011L07,unrelated
S3051L07.jpg,S3011R01.jpg,S3051L07,S3011R01,unrelated
S3051L07.jpg,S3011R02.jpg,S3051L07,S3011R02,unrelated
S3051L07.jpg,S3012L07.jpg,S3051L07,S3012L07,unrelated
S3051L07.jpg,S3012L02.jpg,S3051L07,S3012L02,unrelated
S3051L07.jpg,S3012R07.jpg,S3051L07,S3012R07,unrelated
S3051L08.jpg,S3051L10.jpg,S3051L08,S3051L10,genuine
S3051L08.jpg,S3051L06.jpg,S3051L08,S3051L06,genuine
S3051L08.jpg,S3051R01.jpg,S3051L08,S3051R01,same_subject_different_eye
S3051L08.jpg,S3051R03.jpg,S3051L08,S3051R03,same_subject_different_eye
S3051L08.jpg,S3052L01.jpg,S3051L08,S3052L01,twin_same_eye
S3051L08.jpg,S3052L02.jpg,S3051L08,S3052L02,twin_same_eye
S3051L08.jpg,S3052L03.jpg,S3051L08,S3052L03,twin_same_eye
S3051L08.jpg,S3052R01.jpg,S3051L08,S3052R01,twin_cross_eye
S3051L08.jpg,S3011L07.jpg,S3051L08,S3011L07,unrelated
S3051L08.jpg,S3011R01.jpg,S3051L08,S3011R01,unrelated
S3051L08.jpg,S3011R02.jpg,S3051L08,S3011R02,unrelated
S3051L08.jpg,S3012L07.jpg,S3051L08,S3012L07,unrelated
S3051L08.jpg,S3012L02.jpg,S3051L08,S3012L02,unrelated
S3051L08.jpg,S3012R07.jpg,S3051L08,S3012R07,unrelated
S3051L10.jpg,S3051L06.jpg,S3051L10,S3051L06,genuine
S3051L10.jpg,S3051R01.jpg,S3051L10,S3051R01,same_subject_different_eye
S3051L10.jpg,S3051R03.jpg,S3051L10,S3051R03,same_subject_different_eye
S3051L10.jpg,S3052L01.jpg,S3051L10,S3052L01,twin_same_eye
S3051L10.jpg,S3052L02.jpg,S3051L10,S3052L02,twin_same_eye
S3051L10.jpg,S3052L03.jpg,S3051L10,S3052L03,twin_same_eye
S3051L10.jpg,S3052R01.jpg,S3051L10,S3052R01,twin_cross_eye
S3051L10.jpg,S3011L07.jpg,S3051L10,S3011L07,unrelated
S3051L10.jpg,S3011R01.jpg,S3051L10,S3011R01,unrelated
S3051L10.jpg,S3011R02.jpg,S3051L10,S3011R02,unrelated
S3051L10.jpg,S3012L07.jpg,S3051L10,S3012L07,unrelated
S3051L10.jpg,S3012L02.jpg,S3051L10,S3012L02,unrelated
S3051L10.jpg,S3012R07.jpg,S3051L10,S3012R07,unrelated
S3051L06.jpg,S3051R01.jpg,S3051L06,S3051R01,same_subject_different_eye
S3051L06.jpg,S3051R03.jpg,S3051L06,S3051R03,same_subject_different_eye
S3051L06.jpg,S3052L01.jpg,S3051L06,S3052L01,twin_same_eye
S3051L06.jpg,S3052L02.jpg,S3051L06,S3052L02,twin_same_eye
S3051L06.jpg,S3052L03.jpg,S3051L06,S3052L03,twin_same_eye
S3051L06.jpg,S3052R01.jpg,S3051L06,S3052R01,twin_cross_eye
S3051L06.jpg,S3011L07.jpg,S3051L06,S3011L07,unrelated
S3051L06.jpg,S3011R01.jpg,S3051L06,S3011R01,unrelated
S3051L06.jpg,S3011R02.jpg,S3051L06,S3011R02,unrelated
S3051L06.jpg,S3012L07.jpg,S3051L06,S3012L07,unrelated
S3051L06.jpg,S3012L02.jpg,S3051L06,S3012L02,unrelated
S3051L06.jpg,S3012R07.jpg,S3051L06,S3012R07,unrelated
S3051R01.jpg,S3051R03.jpg,S3051R01,S3051R03,genuine
S3051R01.jpg,S3052L01.jpg,S3051R01,S3052L01,twin_cross_eye
S3051R01.jpg,S3052L02.jpg,S3051R01,S3052L02,twin_cross_eye
S3051R01.jpg,S3052L03.jpg,S3051R01,S3052L03,twin_cross_eye
S3051R01.jpg,S3052R01.jpg,S3051R01,S3052R01,twin_same_eye
S3051R01.jpg,S3011L07.jpg,S3051R01,S3011L07,unrelated
S3051R01.jpg,S3011R01.jpg,S3051R01,S3011R01,unrelated
S3051R01.jpg,S3011R02.jpg,S3051R01,S3011R02,unrelated
S3051R01.jpg,S3012L07.jpg,S3051R01,S3012L07,unrelated
S3051R01.jpg,S3012L02.jpg,S3051R01,S3012L02,unrelated
S3051R01.jpg,S3012R07.jpg,S3051R01,S3012R07,unrelated
S3051R03.jpg,S3052L01.jpg,S3051R03,S3052L01,twin_cross_eye
S3051R03.jpg,S3052L02.jpg,S3051R03,S3052L02,twin_cross_eye
S3051R03.jpg,S3052L03.jpg,S3051R03,S3052L03,twin_cross_eye
S3051R03.jpg,S3052R01.jpg,S3051R03,S3052R01,twin_same_eye
S3051R03.jpg,S3011L07.jpg,S3051R03,S3011L07,unrelated
S3051R03.jpg,S3011R01.jpg,S3051R03,S3011R01,unrelated
S3051R03.jpg,S3011R02.jpg,S3051R03,S3011R02,unrelated
S3051R03.jpg,S3012L07.jpg,S3051R03,S3012L07,unrelated
S3051R03.jpg,S3012L02.jpg,S3051R03,S3012L02,unrelated
S3051R03.jpg,S3012R07.jpg,S3051R03,S3012R07,unrelated
S3052L01.jpg,S3052L02.jpg,S3052L01,S3052L02,genuine
S3052L01.jpg,S3052L03.jpg,S3052L01,S3052L03,genuine
S3052L01.jpg,S3052R01.jpg,S3052L01,S3052R01,same_subject_different_eye
S3052L01.jpg,S3011L07.jpg,S3052L01,S3011L07,unrelated
S3052L01.jpg,S3011R01.jpg,S3052L01,S3011R01,unrelated
S3052L01.jpg,S3011R02.jpg,S3052L01,S3011R02,unrelated
S3052L01.jpg,S3012L07.jpg,S3052L01,S3012L07,unrelated
S3052L01.jpg,S3012L02.jpg,S3052L01,S3012L02,unrelated
S3052L01.jpg,S3012R07.jpg,S3052L01,S3012R07,unrelated
S3052L02.jpg,S3052L03.jpg,S3052L02,S3052L03,genuine
S3052L02.jpg,S3052R01.jpg,S3052L02,S3052R01,same_subject_different_eye
S3052L02.jpg,S3011L07.jpg,S3052L02,S3011L07,unrelated
S3052L02.jpg,S3011R01.jpg,S3052L02,S3011R01,unrelated
S3052L02.jpg,S3011R02.jpg,S3052L02,S3011R02,unrelated
S3052L02.jpg,S3012L07.jpg,S3052L02,S3012L07,unrelated
S3052L02.jpg,S3012L02.jpg,S3052L02,S3012L02,unrelated
S3052L02.jpg,S3012R07.jpg,S3052L02,S3012R07,unrelated
S3052L03.jpg,S3052R01.jpg,S3052L03,S3052R01,same_subject_different_eye
S3052L03.jpg,S3011L07.jpg,S3052L03,S3011L07,unrelated
S3052L03.jpg,S3011R01.jpg,S3052L03,S3011R01,unrelated
S3052L03.jpg,S3011R02.jpg,S3052L03,S3011R02,unrelated
S3052L03.jpg,S3012L07.jpg,S3052L03,S3012L07,unrelated
S3052L03.jpg,S3012L02.jpg,S3052L03,S3012L02,unrelated
S3052L03.jpg,S3012R07.jpg,S3052L03,S3012R07,unrelated
S3052R01.jpg,S3011L07.jpg,S3052R01,S3011L07,unrelated
S3052R01.jpg,S3011R01.jpg,S3052R01,S3011R01,unrelated
S3052R01.jpg,S3011R02.jpg,S3052R01,S3011R02,unrelated
S3052R01.jpg,S3012L07.jpg,S3052R01,S3012L07,unrelated
S3052R01.jpg,S3012L02.jpg,S3052R01,S3012L02,unrelated
S3052R01.jpg,S3012R07.jpg,S3052R01,S3012R07,unrelated
S3011L07.jpg,S3011R01.jpg,S3011L07,S3011R01,same_subject_different_eye
S3011L07.jpg,S3011R02.jpg,S3011L07,S3011R02,same_subject_different_eye
S3011L07.jpg,S3012L07.jpg,S3011L07,S3012L07,twin_same_eye
S3011L07.jpg,S3012L02.jpg,S3011L07,S3012L02,twin_same_eye
S3011L07.jpg,S3012R07.jpg,S3011L07,S3012R07,twin_cross_eye
S3011R01.jpg,S3011R02.jpg,S3011R01,S3011R02,genuine
S3011R01.jpg,S3012L07.jpg,S3011R01,S3012L07,twin_cross_eye
S3011R01.jpg,S3012L02.jpg,S3011R01,S3012L02,twin_cross_eye
S3011R01.jpg,S3012R07.jpg,S3011R01,S3012R07,twin_same_eye
S3011R02.jpg,S3012L07.jpg,S3011R02,S3012L07,twin_cross_eye
S3011R02.jpg,S3012L02.jpg,S3011R02,S3012L02,twin_cross_eye
S3011R02.jpg,S3012R07.jpg,S3011R02,S3012R07,twin_same_eye
S3012L07.jpg,S3012L02.jpg,S3012L07,S3012L02,genuine
S3012L07.jpg,S3012R07.jpg,S3012L07,S3012R07,same_subject_different_eye
S3012L02.jpg,S3012R07.jpg,S3012L02,S3012R07,same_subject_different_eye
