impostor_set,threshold,FAR,FRR,GAR,GRR,abs_FAR_minus_FRR
all_impostor,0.0,0.0,1.0,0.0,1.0,1.0
all_impostor,0.001,0.0,1.0,0.0,1.0,1.0
all_impostor,0.002,0.0,1.0,0.0,1.0,1.0
all_impostor,0.003,0.0,1.0,0.0,1.0,1.0
all_impostor,0.004,0.0,1.0,0.0,1.0,1.0
all_impostor,0.005,0.0,1.0,0.0,1.0,1.0
all_impostor,0.006,0.0,1.0,0.0,1.0,1.0
all_impostor,0.007,0.0,1.0,0.0,1.0,1.0
all_impostor,0.008,0.0,1.0,0.0,1.0,1.0
all_impostor,0.009000000000000001,0.0,1.0,0.0,1.0,1.0
all_impostor,0.01,0.0,1.0,0.0,1.0,1.0
all_impostor,0.011,0.0,1.0,0.0,1.0,1.0
all_impostor,0.012,0.0,1.0,0.0,1.0,1.0
all_impostor,0.013000000000000001,0.0,1.0,0.0,1.0,1.0
all_impostor,0.014,0.0,1.0,0.0,1.0,1.0
all_impostor,0.015,0.0,1.0,0.0,1.0,1.0
all_impostor,0.016,0.0,1.0,0.0,1.0,1.0
all_impostor,0.017,0.0,1.0,0.0,1.0,1.0
all_impostor,0.018000000000000002,0.0,1.0,0.0,1.0,1.0
all_impostor,0.019,0.0,1.0,0.0,1.0,1.0
all_impostor,0.02,0.0,1.0,0.0,1.0,1.0
all_impostor,0.021,0.0,1.0,0.0,1.0,1.0
all_impostor,0.022,0.0,1.0,0.0,1.0,1.0
all_impostor,0.023,0.0,1.0,0.0,1.0,1.0
all_impostor,0.024,0.0,1.0,0.0,1.0,1.0
all_impostor,0.025,0.0,1.0,0.0,1.0,1.0
all_impostor,0.026000000000000002,0.0,1.0,0.0,1.0,1.0
all_impostor,0.027,0.0,1.0,0.0,1.0,1.0
all_impostor,0.028,0.0,1.0,0.0,1.0,1.0
all_impostor,0.029,0.0,1.0,0.0,1.0,1.0
all_impostor,0.03,0.0,1.0,0.0,1.0,1.0
all_impostor,0.031,0.0,1.0,0.0,1.0,1.0
all_impostor,0.032,0.0,1.0,0.0,1.0,1.0
all_impostor,0.033,0.0,1.0,0.0,1.0,1.0
all_impostor,0.034,0.0,1.0,0.0,1.0,1.0
all_impostor,0.035,0.0,1.0,0.0,1.0,1.0
all_impostor,0.036000000000000004,0.0,1.0,0.0,1.0,1.0
all_impostor,0.037,0.0,1.0,0.0,1.0,1.0
all_impostor,0.038,0.0,1.0,0.0,1.0,1.0
all_impostor,0.039,0.0,1.0,0.0,1.0,1.0
all_impostor,0.04,0.0,1.0,0.0,1.0,1.0
all_impostor,0.041,0.0,1.0,0.0,1.0,1.0
all_impostor,0.042,0.0,1.0,0.0,1.0,1.0
all_impostor,0.043000000000000003,0.0,1.0,0.0,1.0,1.0
all_impostor,0.044,0.0,1.0,0.0,1.0,1.0
all_impostor,0.045,0.0,1.0,0.0,1.0,1.0
all_impostor,0.046,0.0,1.0,0.0,1.0,1.0
all_impostor,0.047,0.0,1.0,0.0,1.0,1.0
all_impostor,0.048,0.0,1.0,0.0,1.0,1.0
all_impostor,0.049,0.0,1.0,0.0,1.0,1.0
all_impostor,0.05,0.0,1.0,0.0,1.0,1.0
all_impostor,0.051000000000000004,0.0,1.0,0.0,1.0,1.0
all_impostor,0.052000000000000005,0.0,1.0,0.0,1.0,1.0
all_impostor,0.053,0.0,1.0,0.0,1.0,1.0
all_impostor,0.054,0.0,1.0,0.0,1.0,1.0
all_impostor,0.055,0.0,1.0,0.0,1.0,1.0
all_impostor,0.056,0.0,1.0,0.0,1.0,1.0
all_impostor,0.057,0.0,1.0,0.0,1.0,1.0
all_impostor,0.058,0.0,1.0,0.0,1.0,1.0
all_impostor,0.059000000000000004,0.0,1.0,0.0,1.0,1.0
all_impostor,0.06,0.0,1.0,0.0,1.0,1.0
all_impostor,0.061,0.0,1.0,0.0,1.0,1.0
all_impostor,0.062,0.0,1.0,0.0,1.0,1.0
all_impostor,0.063,0.0,1.0,0.0,1.0,1.0
all_impostor,0.064,0.0,1.0,0.0,1.0,1.0
all_impostor,0.065,0.0,1.0,0.0,1.0,1.0
all_impostor,0.066,0.0,1.0,0.0,1.0,1.0
all_impostor,0.067,0.0,1.0,0.0,1.0,1.0
all_impostor,0.068,0.0,1.0,0.0,1.0,1.0
all_impostor,0.069,0.0,1.0,0.0,1.0,1.0
all_impostor,0.07,0.0,1.0,0.0,1.0,1.0
all_impostor,0.07100000000000001,0.0,1.0,0.0,1.0,1.0
all_impostor,0.07200000000000001,0.0,1.0,0.0,1.0,1.0
all_impostor,0.073,0.0,1.0,0.0,1.0,1.0
all_impostor,0.074,0.0,1.0,0.0,1.0,1.0
all_impostor,0.075,0.0,1.0,0.0,1.0,1.0
all_impostor,0.076,0.0,1.0,0.0,1.0,1.0
all_impostor,0.077,0.0,1.0,0.0,1.0,1.0
all_impostor,0.078,0.0,1.0,0.0,1.0,1.0
all_impostor,0.079,0.0,1.0,0.0,1.0,1.0
all_impostor,0.08,0.0,1.0,0.0,1.0,1.0
all_impostor,0.081,0.0,1.0,0.0,1.0,1.0
all_impostor,0.082,0.0,1.0,0.0,1.0,1.0
all_impostor,0.083,0.0,1.0,0.0,1.0,1.0
all_impostor,0.084,0.0,1.0,0.0,1.0,1.0
all_impostor,0.085,0.0,1.0,0.0,1.0,1.0
all_impostor,0.08600000000000001,0.0,1.0,0.0,1.0,1.0
all_impostor,0.08700000000000001,0.0,1.0,0.0,1.0,1.0
all_impostor,0.088,0.0,1.0,0.0,1.0,1.0
all_impostor,0.089,0.0,1.0,0.0,1.0,1.0
all_impostor,0.09,0.0,1.0,0.0,1.0,1.0
all_impostor,0.091,0.0,1.0,0.0,1.0,1.0
all_impostor,0.092,0.0,1.0,0.0,1.0,1.0
all_impostor,0.093,0.0,1.0,0.0,1.0,1.0
all_impostor,0.094,0.0,1.0,0.0,1.0,1.0
all_impostor,0.095,0.0,1.0,0.0,1.0,1.0
all_impostor,0.096,0.0,1.0,0.0,1.0,1.0
all_impostor,0.097,0.0,1.0,0.0,1.0,1.0
all_impostor,0.098,0.0,1.0,0.0,1.0,1.0
all_impostor,0.099,0.0,1.0,0.0,1.0,1.0
all_impostor,0.1,0.0,1.0,0.0,1.0,1.0
all_impostor,0.101,0.0,1.0,0.0,1.0,1.0
all_impostor,0.10200000000000001,0.0,1.0,0.0,1.0,1.0
all_impostor,0.10300000000000001,0.0,1.0,0.0,1.0,1.0
all_impostor,0.10400000000000001,0.0,1.0,0.0,1.0,1.0
all_impostor,0.105,0.0,1.0,0.0,1.0,1.0
all_impostor,0.106,0.0,1.0,0.0,1.0,1.0
all_impostor,0.107,0.0,1.0,0.0,1.0,1.0
all_impostor,0.108,0.0,1.0,0.0,1.0,1.0
all_impostor,0.109,0.0,1.0,0.0,1.0,1.0
all_impostor,0.11,0.0,1.0,0.0,1.0,1.0
all_impostor,0.111,0.0,1.0,0.0,1.0,1.0
all_impostor,0.112,0.0,1.0,0.0,1.0,1.0
all_impostor,0.113,0.0,1.0,0.0,1.0,1.0
all_impostor,0.114,0.0,1.0,0.0,1.0,1.0
all_impostor,0.115,0.0,0.9997489959839357,0.00025100401606426015,1.0,0.9997489959839357
all_impostor,0.116,0.0,0.9997489959839357,0.00025100401606426015,1.0,0.9997489959839357
all_impostor,0.117,0.0,0.9997489959839357,0.00025100401606426015,1.0,0.9997489959839357
all_impostor,0.11800000000000001,0.0,0.9997489959839357,0.00025100401606426015,1.0,0.9997489959839357
all_impostor,0.11900000000000001,0.0,0.9997489959839357,0.00025100401606426015,1.0,0.9997489959839357
all_impostor,0.12,0.0,0.9997489959839357,0.00025100401606426015,1.0,0.9997489959839357
all_impostor,0.121,0.0,0.9997489959839357,0.00025100401606426015,1.0,0.9997489959839357
all_impostor,0.122,0.0,0.9994979919678715,0.0005020080321285203,1.0,0.9994979919678715
all_impostor,0.123,0.0,0.9994979919678715,0.0005020080321285203,1.0,0.9994979919678715
all_impostor,0.124,0.0,0.9994979919678715,0.0005020080321285203,1.0,0.9994979919678715
all_impostor,0.125,0.0,0.9994979919678715,0.0005020080321285203,1.0,0.9994979919678715
all_impostor,0.126,0.0,0.9992469879518072,0.0007530120481927804,1.0,0.9992469879518072
all_impostor,0.127,0.0,0.998995983935743,0.0010040160642570406,1.0,0.998995983935743
all_impostor,0.128,0.0,0.9987449799196787,0.0012550200803213007,1.0,0.9987449799196787
all_impostor,0.129,0.0,0.9982429718875502,0.001757028112449821,1.0,0.9982429718875502
all_impostor,0.13,0.0,0.9982429718875502,0.001757028112449821,1.0,0.9982429718875502
all_impostor,0.131,0.0,0.9982429718875502,0.001757028112449821,1.0,0.9982429718875502
all_impostor,0.132,0.0,0.9982429718875502,0.001757028112449821,1.0,0.9982429718875502
all_impostor,0.133,0.0,0.9979919678714859,0.002008032128514081,1.0,0.9979919678714859
all_impostor,0.134,0.0,0.9977409638554217,0.0022590361445783413,1.0,0.9977409638554217
all_impostor,0.135,0.0,0.9977409638554217,0.0022590361445783413,1.0,0.9977409638554217
all_impostor,0.136,0.0,0.9977409638554217,0.0022590361445783413,1.0,0.9977409638554217
all_impostor,0.137,0.0,0.9977409638554217,0.0022590361445783413,1.0,0.9977409638554217
all_impostor,0.138,0.0,0.9974899598393574,0.0025100401606426015,1.0,0.9974899598393574
all_impostor,0.139,0.0,0.9972389558232931,0.0027610441767068616,1.0,0.9972389558232931
all_impostor,0.14,0.0,0.9967369477911646,0.003263052208835382,1.0,0.9967369477911646
all_impostor,0.14100000000000001,0.0,0.9964859437751004,0.003514056224899642,1.0,0.9964859437751004
all_impostor,0.14200000000000002,0.0,0.9964859437751004,0.003514056224899642,1.0,0.9964859437751004
all_impostor,0.14300000000000002,0.0,0.9964859437751004,0.003514056224899642,1.0,0.9964859437751004
all_impostor,0.14400000000000002,0.0,0.9962349397590361,0.0037650602409639022,1.0,0.9962349397590361
all_impostor,0.145,0.0,0.9952309236947792,0.004769076305220832,1.0,0.9952309236947792
all_impostor,0.146,0.0,0.9949799196787149,0.005020080321285092,1.0,0.9949799196787149
all_impostor,0.147,0.0,0.9944779116465864,0.005522088353413612,1.0,0.9944779116465864
all_impostor,0.148,0.0,0.9939759036144579,0.0060240963855421326,1.0,0.9939759036144579
all_impostor,0.149,0.0,0.9939759036144579,0.0060240963855421326,1.0,0.9939759036144579
all_impostor,0.15,0.0,0.9937248995983936,0.006275100401606393,1.0,0.9937248995983936
all_impostor,0.151,0.0,0.9927208835341366,0.007279116465863433,1.0,0.9927208835341366
all_impostor,0.152,0.0,0.9927208835341366,0.007279116465863433,1.0,0.9927208835341366
all_impostor,0.153,0.0,0.9919678714859438,0.008032128514056214,1.0,0.9919678714859438
all_impostor,0.154,0.0,0.9914658634538153,0.008534136546184734,1.0,0.9914658634538153
all_impostor,0.155,0.0,0.991214859437751,0.008785140562248994,1.0,0.991214859437751
all_impostor,0.156,0.0,0.9904618473895582,0.009538152610441775,1.0,0.9904618473895582
all_impostor,0.157,0.0,0.9892068273092369,0.010793172690763075,1.0,0.9892068273092369
all_impostor,0.158,0.0,0.9879518072289156,0.012048192771084376,1.0,0.9879518072289156
all_impostor,0.159,0.0,0.9871987951807228,0.012801204819277157,1.0,0.9871987951807228
all_impostor,0.16,0.0,0.9861947791164659,0.013805220883534086,1.0,0.9861947791164659
all_impostor,0.161,0.0,0.9854417670682731,0.014558232931726867,1.0,0.9854417670682731
all_impostor,0.162,0.0,0.9849397590361446,0.015060240963855387,1.0,0.9849397590361446
all_impostor,0.163,0.0,0.983433734939759,0.016566265060240948,1.0,0.983433734939759
all_impostor,0.164,0.0,0.9821787148594378,0.01782128514056225,1.0,0.9821787148594378
all_impostor,0.165,0.0,0.9821787148594378,0.01782128514056225,1.0,0.9821787148594378
all_impostor,0.166,0.0,0.9816767068273092,0.01832329317269077,1.0,0.9816767068273092
all_impostor,0.167,0.0,0.9806726907630522,0.01932730923694781,1.0,0.9806726907630522
all_impostor,0.168,0.0,0.9796686746987951,0.02033132530120485,1.0,0.9796686746987951
all_impostor,0.169,0.0,0.9789156626506024,0.02108433734939763,1.0,0.9789156626506024
all_impostor,0.17,0.0,0.9784136546184738,0.02158634538152615,1.0,0.9784136546184738
all_impostor,0.171,0.0,0.9774096385542169,0.02259036144578308,1.0,0.9774096385542169
all_impostor,0.17200000000000001,0.0,0.9764056224899599,0.02359437751004012,1.0,0.9764056224899599
all_impostor,0.17300000000000001,0.0,0.9751506024096386,0.02484939759036142,1.0,0.9751506024096386
all_impostor,0.17400000000000002,0.0,0.973644578313253,0.026355421686746983,1.0,0.973644578313253
all_impostor,0.17500000000000002,0.0,0.9723895582329317,0.027610441767068283,1.0,0.9723895582329317
all_impostor,0.176,0.0,0.9721385542168675,0.027861445783132543,1.0,0.9721385542168675
all_impostor,0.177,0.0,0.9716365461847389,0.028363453815261064,1.0,0.9716365461847389
all_impostor,0.178,0.0,0.9708835341365462,0.029116465863453844,1.0,0.9708835341365462
all_impostor,0.179,0.0,0.9701305220883534,0.029869477911646625,1.0,0.9701305220883534
all_impostor,0.18,0.0,0.9691265060240963,0.030873493975903665,1.0,0.9691265060240963
all_impostor,0.181,0.0,0.9678714859437751,0.032128514056224855,1.0,0.9678714859437751
all_impostor,0.182,0.0,0.9668674698795181,0.033132530120481896,1.0,0.9668674698795181
all_impostor,0.183,0.0,0.9663654618473896,0.033634538152610416,1.0,0.9663654618473896
all_impostor,0.184,0.0,0.9658634538152611,0.034136546184738936,1.0,0.9658634538152611
all_impostor,0.185,0.0,0.9643574297188755,0.0356425702811245,1.0,0.9643574297188755
all_impostor,0.186,0.0,0.9631024096385542,0.0368975903614458,1.0,0.9631024096385542
all_impostor,0.187,0.0,0.9615963855421686,0.03840361445783136,1.0,0.9615963855421686
all_impostor,0.188,0.0,0.9605923694779116,0.0394076305220884,1.0,0.9605923694779116
all_impostor,0.189,0.0,0.9595883534136547,0.04041164658634533,1.0,0.9595883534136547
all_impostor,0.19,0.0,0.9580823293172691,0.04191767068273089,1.0,0.9580823293172691
all_impostor,0.191,0.0,0.9558232931726908,0.04417670682730923,1.0,0.9558232931726908
all_impostor,0.192,0.0,0.9538152610441767,0.04618473895582331,1.0,0.9538152610441767
all_impostor,0.193,0.0,0.9523092369477911,0.04769076305220887,1.0,0.9523092369477911
all_impostor,0.194,0.0,0.9508032128514057,0.04919678714859432,1.0,0.9508032128514057
all_impostor,0.195,0.0,0.9490461847389559,0.050953815261044144,1.0,0.9490461847389559
all_impostor,0.196,0.0,0.9480421686746988,0.051957831325301185,1.0,0.9480421686746988
all_impostor,0.197,0.0,0.947289156626506,0.052710843373493965,1.0,0.947289156626506
all_impostor,0.198,0.0,0.945281124497992,0.054718875502008046,1.0,0.945281124497992
all_impostor,0.199,0.0,0.9435240963855421,0.05647590361445787,1.0,0.9435240963855421
all_impostor,0.2,0.0,0.9405120481927711,0.05948795180722888,1.0,0.9405120481927711
all_impostor,0.201,0.0,0.9392570281124498,0.06074297188755018,1.0,0.9392570281124498
all_impostor,0.202,0.0,0.9377510040160643,0.06224899598393574,1.0,0.9377510040160643
all_impostor,0.203,0.0,0.9347389558232931,0.06526104417670686,1.0,0.9347389558232931
all_impostor,0.20400000000000001,0.0,0.9329819277108434,0.06701807228915657,1.0,0.9329819277108434
all_impostor,0.20500000000000002,0.0,0.9312248995983936,0.06877510040160639,1.0,0.9312248995983936
all_impostor,0.20600000000000002,0.0,0.9269578313253012,0.07304216867469882,1.0,0.9269578313253012
all_impostor,0.20700000000000002,0.0,0.9257028112449799,0.07429718875502012,1.0,0.9257028112449799
all_impostor,0.20800000000000002,0.0,0.9234437751004017,0.07655622489959835,1.0,0.9234437751004017
all_impostor,0.209,0.0,0.9216867469879518,0.07831325301204817,1.0,0.9216867469879518
all_impostor,0.21,0.0,0.9196787148594378,0.08032128514056225,1.0,0.9196787148594378
all_impostor,0.211,0.0,0.9156626506024096,0.08433734939759041,1.0,0.9156626506024096
all_impostor,0.212,0.0,0.9126506024096386,0.08734939759036142,1.0,0.9126506024096386
all_impostor,0.213,0.0,0.9118975903614458,0.0881024096385542,1.0,0.9118975903614458
all_impostor,0.214,0.0,0.9091365461847389,0.09086345381526106,1.0,0.9091365461847389
all_impostor,0.215,0.0,0.9048694779116466,0.09513052208835338,1.0,0.9048694779116466
all_impostor,0.216,0.0,0.9041164658634538,0.09588353413654616,1.0,0.9041164658634538
all_impostor,0.217,0.0,0.9008534136546185,0.09914658634538154,1.0,0.9008534136546185
all_impostor,0.218,0.0,0.8983433734939759,0.10165662650602414,1.0,0.8983433734939759
all_impostor,0.219,0.0,0.8955823293172691,0.10441767068273089,1.0,0.8955823293172691
all_impostor,0.22,0.0,0.893574297188755,0.10642570281124497,1.0,0.893574297188755
all_impostor,0.221,0.0,0.891566265060241,0.10843373493975905,1.0,0.891566265060241
all_impostor,0.222,0.0,0.8883032128514057,0.11169678714859432,1.0,0.8883032128514057
all_impostor,0.223,0.0,0.8862951807228916,0.1137048192771084,1.0,0.8862951807228916
all_impostor,0.224,0.0,0.882781124497992,0.11721887550200805,1.0,0.882781124497992
all_impostor,0.225,0.0,0.8797690763052208,0.12023092369477917,1.0,0.8797690763052208
all_impostor,0.226,0.0,0.8762550200803213,0.1237449799196787,1.0,0.8762550200803213
all_impostor,0.227,0.0,0.8742469879518072,0.12575301204819278,1.0,0.8742469879518072
all_impostor,0.228,0.0,0.8707329317269076,0.12926706827309242,1.0,0.8707329317269076
all_impostor,0.229,0.0,0.8689759036144579,0.13102409638554213,1.0,0.8689759036144579
all_impostor,0.23,0.0,0.8669678714859438,0.1330321285140562,1.0,0.8669678714859438
all_impostor,0.231,0.0,0.8657128514056225,0.13428714859437751,1.0,0.8657128514056225
all_impostor,0.232,0.0,0.8616967871485943,0.13830321285140568,1.0,0.8616967871485943
all_impostor,0.233,0.0,0.8589357429718876,0.14106425702811243,1.0,0.8589357429718876
all_impostor,0.234,0.0,0.856425702811245,0.14357429718875503,1.0,0.856425702811245
all_impostor,0.23500000000000001,0.0,0.8536646586345381,0.1463353413654619,1.0,0.8536646586345381
all_impostor,0.23600000000000002,0.0,0.8498995983935743,0.15010040160642568,1.0,0.8498995983935743
all_impostor,0.23700000000000002,0.0,0.8473895582329317,0.15261044176706828,1.0,0.8473895582329317
all_impostor,0.23800000000000002,0.0,0.8438755020080321,0.15612449799196793,1.0,0.8438755020080321
all_impostor,0.23900000000000002,0.0,0.8393574297188755,0.1606425702811245,1.0,0.8393574297188755
all_impostor,0.24,0.0,0.8350903614457831,0.16490963855421692,1.0,0.8350903614457831
all_impostor,0.241,0.0,0.8318273092369478,0.1681726907630522,1.0,0.8318273092369478
all_impostor,0.242,0.0,0.8280622489959839,0.1719377510040161,1.0,0.8280622489959839
all_impostor,0.243,0.0,0.8245481927710844,0.17545180722891562,1.0,0.8245481927710844
all_impostor,0.244,0.0,0.8217871485943775,0.17821285140562249,1.0,0.8217871485943775
all_impostor,0.245,0.0,0.8157630522088354,0.18423694779116462,1.0,0.8157630522088354
all_impostor,0.246,0.0,0.8125,0.1875,1.0,0.8125
all_impostor,0.247,0.0,0.8104919678714859,0.18950803212851408,1.0,0.8104919678714859
all_impostor,0.248,0.0,0.8079819277108434,0.19201807228915657,1.0,0.8079819277108434
all_impostor,0.249,0.0,0.8032128514056225,0.19678714859437751,1.0,0.8032128514056225
all_impostor,0.25,0.0,0.8002008032128514,0.19979919678714864,1.0,0.8002008032128514
all_impostor,0.251,0.0,0.7954317269076305,0.20456827309236947,1.0,0.7954317269076305
all_impostor,0.252,0.0,0.7911646586345381,0.2088353413654619,1.0,0.7911646586345381
all_impostor,0.253,0.0,0.7871485943775101,0.21285140562248994,1.0,0.7871485943775101
all_impostor,0.254,0.0,0.7838855421686747,0.21611445783132532,1.0,0.7838855421686747
all_impostor,0.255,0.0,0.7796184738955824,0.22038152610441764,1.0,0.7796184738955824
all_impostor,0.256,0.0,0.776355421686747,0.22364457831325302,1.0,0.776355421686747
all_impostor,0.257,0.0,0.7728413654618473,0.22715863453815266,1.0,0.7728413654618473
all_impostor,0.258,0.0,0.7673192771084337,0.23268072289156627,1.0,0.7673192771084337
all_impostor,0.259,0.0,0.7648092369477911,0.23519076305220887,1.0,0.7648092369477911
all_impostor,0.26,0.0,0.7605421686746988,0.23945783132530118,1.0,0.7605421686746988
all_impostor,0.261,0.0,0.7560240963855421,0.24397590361445787,1.0,0.7560240963855421
all_impostor,0.262,0.0,0.7525100401606426,0.2474899598393574,1.0,0.7525100401606426
all_impostor,0.263,0.0,0.7482429718875502,0.2517570281124498,1.0,0.7482429718875502
all_impostor,0.264,0.0,0.7437248995983936,0.2562751004016064,1.0,0.7437248995983936
all_impostor,0.265,0.0,0.7397088353413654,0.26029116465863456,1.0,0.7397088353413654
all_impostor,0.266,0.0,0.7366967871485943,0.2633032128514057,1.0,0.7366967871485943
all_impostor,0.267,0.0,0.732429718875502,0.267570281124498,1.0,0.732429718875502
all_impostor,0.268,0.0,0.7274096385542169,0.2725903614457831,1.0,0.7274096385542169
all_impostor,0.269,0.0,0.7233935742971888,0.27660642570281124,1.0,0.7233935742971888
all_impostor,0.27,0.0,0.7193775100401606,0.2806224899598394,1.0,0.7193775100401606
all_impostor,0.271,0.0,0.7156124497991968,0.2843875502008032,1.0,0.7156124497991968
all_impostor,0.272,0.0,0.7103413654618473,0.28965863453815266,1.0,0.7103413654618473
all_impostor,0.273,0.0,0.7058232931726908,0.29417670682730923,1.0,0.7058232931726908
all_impostor,0.274,0.0,0.7005522088353414,0.2994477911646586,1.0,0.7005522088353414
all_impostor,0.275,0.0,0.695281124497992,0.30471887550200805,1.0,0.695281124497992
all_impostor,0.276,0.0,0.6917670682730924,0.3082329317269076,1.0,0.6917670682730924
all_impostor,0.277,0.0,0.686495983935743,0.31350401606425704,1.0,0.686495983935743
all_impostor,0.278,0.0,0.6802208835341366,0.31977911646586343,1.0,0.6802208835341366
all_impostor,0.279,0.0,0.6757028112449799,0.3242971887550201,1.0,0.6757028112449799
all_impostor,0.28,0.0,0.6719377510040161,0.3280622489959839,1.0,0.6719377510040161
all_impostor,0.281,0.0,0.6676706827309237,0.33232931726907633,1.0,0.6676706827309237
all_impostor,0.28200000000000003,0.0,0.6616465863453815,0.33835341365461846,1.0,0.6616465863453815
all_impostor,0.28300000000000003,0.0,0.6553714859437751,0.34462851405622486,1.0,0.6553714859437751
all_impostor,0.28400000000000003,0.0,0.6490963855421686,0.35090361445783136,1.0,0.6490963855421686
all_impostor,0.28500000000000003,0.0,0.6428212851405622,0.35717871485943775,1.0,0.6428212851405622
all_impostor,0.28600000000000003,0.0,0.6352911646586346,0.36470883534136544,1.0,0.6352911646586346
all_impostor,0.28700000000000003,0.0,0.6307730923694779,0.3692269076305221,1.0,0.6307730923694779
all_impostor,0.28800000000000003,0.0,0.6244979919678715,0.3755020080321285,1.0,0.6244979919678715
all_impostor,0.289,0.0,0.6189759036144579,0.38102409638554213,1.0,0.6189759036144579
all_impostor,0.29,0.0,0.6137048192771084,0.3862951807228916,1.0,0.6137048192771084
all_impostor,0.291,0.0,0.607429718875502,0.392570281124498,1.0,0.607429718875502
all_impostor,0.292,0.0,0.6009036144578314,0.39909638554216864,1.0,0.6009036144578314
all_impostor,0.293,0.0,0.5946285140562249,0.40537148594377514,1.0,0.5946285140562249
all_impostor,0.294,0.0,0.5903614457831325,0.40963855421686746,1.0,0.5903614457831325
all_impostor,0.295,0.0,0.5835843373493976,0.41641566265060237,1.0,0.5835843373493976
all_impostor,0.296,0.0,0.5768072289156626,0.4231927710843374,1.0,0.5768072289156626
all_impostor,0.297,0.0,0.5685240963855421,0.43147590361445787,1.0,0.5685240963855421
all_impostor,0.298,0.0,0.5619979919678715,0.4380020080321285,1.0,0.5619979919678715
all_impostor,0.299,0.0,0.5552208835341366,0.44477911646586343,1.0,0.5552208835341366
all_impostor,0.3,0.0,0.5499497991967871,0.4500502008032129,1.0,0.5499497991967871
all_impostor,0.301,0.0,0.5451807228915663,0.45481927710843373,1.0,0.5451807228915663
all_impostor,0.302,0.0,0.5404116465863453,0.45958835341365467,1.0,0.5404116465863453
all_impostor,0.303,0.0,0.5348895582329317,0.4651104417670683,1.0,0.5348895582329317
all_impostor,0.304,0.0,0.5286144578313253,0.4713855421686747,1.0,0.5286144578313253
all_impostor,0.305,0.0,0.5220883534136547,0.47791164658634533,1.0,0.5220883534136547
all_impostor,0.306,0.0,0.5163152610441767,0.4836847389558233,1.0,0.5163152610441767
all_impostor,0.307,0.0,0.5085341365461847,0.49146586345381527,1.0,0.5085341365461847
all_impostor,0.308,0.0,0.5035140562248996,0.49648594377510036,1.0,0.5035140562248996
all_impostor,0.309,0.0,0.4994979919678715,0.5005020080321285,1.0,0.4994979919678715
all_impostor,0.31,0.0,0.4924698795180723,0.5075301204819277,1.0,0.4924698795180723
all_impostor,0.311,0.0,0.48744979919678716,0.5125502008032128,1.0,0.48744979919678716
all_impostor,0.312,0.0,0.4811746987951807,0.5188253012048193,1.0,0.4811746987951807
all_impostor,0.313,0.0,0.47615461847389556,0.5238453815261044,1.0,0.47615461847389556
all_impostor,0.314,0.0,0.47063253012048195,0.5293674698795181,1.0,0.47063253012048195
all_impostor,0.315,0.0,0.4656124497991968,0.5343875502008032,1.0,0.4656124497991968
all_impostor,0.316,0.0,0.4598393574297189,0.5401606425702812,1.0,0.4598393574297189
all_impostor,0.317,0.0,0.45456827309236947,0.5454317269076305,1.0,0.45456827309236947
all_impostor,0.318,0.0,0.4503012048192771,0.5496987951807228,1.0,0.4503012048192771
all_impostor,0.319,0.0,0.44327309236947793,0.5567269076305221,1.0,0.44327309236947793
all_impostor,0.32,0.0,0.4382530120481928,0.5617469879518072,1.0,0.4382530120481928
all_impostor,0.321,0.0,0.4314759036144578,0.5685240963855422,1.0,0.4314759036144578
all_impostor,0.322,0.0,0.42570281124497994,0.5742971887550201,1.0,0.42570281124497994
all_impostor,0.323,0.0,0.42043172690763053,0.5795682730923695,1.0,0.42043172690763053
all_impostor,0.324,0.0,0.41566265060240964,0.5843373493975903,1.0,0.41566265060240964
all_impostor,0.325,0.0,0.40963855421686746,0.5903614457831325,1.0,0.40963855421686746
all_impostor,0.326,0.0,0.4046184738955823,0.5953815261044177,1.0,0.4046184738955823
all_impostor,0.327,0.0,0.3990963855421687,0.6009036144578312,1.0,0.3990963855421687
all_impostor,0.328,1.68335998653312e-05,0.39407630522088355,0.6059236947791165,0.9999831664001346,0.39405947162101823
all_impostor,0.329,1.68335998653312e-05,0.3883032128514056,0.6116967871485943,0.9999831664001346,0.3882863792515403
all_impostor,0.33,1.68335998653312e-05,0.3832831325301205,0.6167168674698795,0.9999831664001346,0.38326629893025516
all_impostor,0.331,1.68335998653312e-05,0.3782630522088353,0.6217369477911647,0.9999831664001346,0.37824621860897
all_impostor,0.332,1.68335998653312e-05,0.37399598393574296,0.626004016064257,0.9999831664001346,0.37397915033587764
all_impostor,0.333,1.68335998653312e-05,0.3689759036144578,0.6310240963855422,0.9999831664001346,0.3689590700145925
all_impostor,0.334,3.36671997306624e-05,0.3649598393574297,0.6350401606425703,0.9999663328002694,0.36492617215769907
all_impostor,0.335,3.36671997306624e-05,0.3596887550200803,0.6403112449799198,0.9999663328002694,0.35965508782034966
all_impostor,0.336,3.36671997306624e-05,0.35542168674698793,0.6445783132530121,0.9999663328002694,0.3553880195472573
all_impostor,0.337,5.0500799595993605e-05,0.3526606425702811,0.6473393574297188,0.999949499200404,0.3526101417706851
all_impostor,0.338,5.0500799595993605e-05,0.3461345381526104,0.6538654618473896,0.999949499200404,0.3460840373530144
all_impostor,0.339,5.0500799595993605e-05,0.34236947791164657,0.6576305220883534,0.999949499200404,0.34231897711205056
all_impostor,0.34,6.73343994613248e-05,0.3376004016064257,0.6623995983935743,0.9999326656005387,0.33753306720696435
all_impostor,0.341,0.00010100159919198721,0.33308232931726905,0.6669176706827309,0.999898998400808,0.3329813277180771
all_impostor,0.342,0.00010100159919198721,0.32756024096385544,0.6724397590361446,0.999898998400808,0.3274592393646635
all_impostor,0.343,0.00010100159919198721,0.3220381526104418,0.6779618473895582,0.999898998400808,0.3219371510112498
all_impostor,0.34400000000000003,0.00010100159919198721,0.31676706827309237,0.6832329317269077,0.999898998400808,0.3166660666739004
all_impostor,0.34500000000000003,0.00010100159919198721,0.31224899598393574,0.6877510040160643,0.999898998400808,0.3121479943847438
all_impostor,0.34600000000000003,0.00010100159919198721,0.30697791164658633,0.6930220883534137,0.999898998400808,0.30687691004739437
all_impostor,0.34700000000000003,0.0001515023987879808,0.3019578313253012,0.6980421686746988,0.999848497601212,0.3018063289265132
all_impostor,0.34800000000000003,0.0001515023987879808,0.29593373493975905,0.704066265060241,0.999848497601212,0.2957822325409711
all_impostor,0.34900000000000003,0.0001851695985186432,0.2891566265060241,0.7108433734939759,0.9998148304014813,0.2889714569075054
all_impostor,0.35000000000000003,0.0002188367982493056,0.285140562248996,0.714859437751004,0.9997811632017507,0.2849217254507467
all_impostor,0.35100000000000003,0.0002693375978452992,0.28062248995983935,0.7193775100401607,0.9997306624021547,0.28035315236199404
all_impostor,0.352,0.0003030047975759616,0.27660642570281124,0.7233935742971888,0.999696995202424,0.2763034209052353
all_impostor,0.353,0.00033667199730662403,0.2703313253012048,0.7296686746987953,0.9996633280026934,0.26999465330389816
all_impostor,0.354,0.0003535055971719552,0.2663152610441767,0.7336847389558233,0.999646494402828,0.26596175544700473
all_impostor,0.355,0.0003703391970372864,0.26104417670682734,0.7389558232931727,0.9996296608029627,0.26067383750979006
all_impostor,0.356,0.00040400639676794884,0.25552208835341367,0.7444779116465863,0.999595993603232,0.2551180819566457
all_impostor,0.357,0.00048817439609460483,0.25150602409638556,0.7484939759036144,0.9995118256039054,0.25101784970029095
all_impostor,0.358,0.0005218415958252673,0.24849397590361447,0.7515060240963856,0.9994781584041748,0.2479721343077892
all_impostor,0.359,0.0005218415958252673,0.24447791164658633,0.7555220883534137,0.9994781584041748,0.24395607005076106
all_impostor,0.36,0.0006228431950172544,0.24021084337349397,0.759789156626506,0.9993771568049827,0.2395880001784767
all_impostor,0.361,0.0007238447942092416,0.2371987951807229,0.7628012048192772,0.9992761552057907,0.23647495038651364
all_impostor,0.362,0.0007911791936705665,0.23293172690763053,0.7670682730923695,0.9992088208063294,0.23214054771395998
all_impostor,0.363,0.0008921807928625536,0.2289156626506024,0.7710843373493976,0.9991078192071374,0.22802348185773985
all_impostor,0.364,0.0010605167915158657,0.22565261044176707,0.7743473895582329,0.9989394832084841,0.2245920936502512
all_impostor,0.365,0.0012120191903038464,0.22063253012048192,0.7793674698795181,0.9987879808096961,0.2194205109301781
all_impostor,0.366,0.001329854389361165,0.21511044176706828,0.7848895582329317,0.9986701456106388,0.2137805873777071
all_impostor,0.367,0.001430855988553152,0.21059236947791166,0.7894076305220883,0.9985691440114468,0.2091615134893585
all_impostor,0.368,0.0016833599865331201,0.20682730923694778,0.7931726907630522,0.9983166400134669,0.20514394925041465
all_impostor,0.369,0.0018853631849170946,0.20306224899598393,0.7969377510040161,0.998114636815083,0.20117688581106685
all_impostor,0.37,0.0021210335830317314,0.19678714859437751,0.8032128514056225,0.9978789664169683,0.19466611501134579
all_impostor,0.371,0.0023230367814157057,0.19402610441767068,0.8059738955823293,0.9976769632185843,0.19170306763625497
all_impostor,0.372,0.002592374379261005,0.19076305220883535,0.8092369477911646,0.997407625620739,0.18817067782957436
all_impostor,0.373,0.0028785455769716355,0.18649598393574296,0.813504016064257,0.9971214544230284,0.1836174383587713
all_impostor,0.374,0.003181550374547597,0.18323293172690763,0.8167670682730923,0.9968184496254524,0.18005138135236004
all_impostor,0.375,0.003518222371854221,0.17921686746987953,0.8207831325301205,0.9964817776281458,0.1756986450980253
all_impostor,0.376,0.003939062368487501,0.17720883534136547,0.8227911646586346,0.9960609376315125,0.17326977297287796
all_impostor,0.377,0.004275734365794125,0.1746987951807229,0.8253012048192772,0.9957242656342059,0.17042306081492878
all_impostor,0.378,0.00462923996296608,0.17218875502008033,0.8278112449799196,0.995370760037034,0.16755951505711425
all_impostor,0.379,0.0048817439609460484,0.1694277108433735,0.8305722891566265,0.9951182560390539,0.16454596688242745
all_impostor,0.38,0.0053699183570406536,0.16566265060240964,0.8343373493975903,0.9946300816429593,0.160292732245369
all_impostor,0.381,0.006043262351653901,0.16214859437751003,0.8378514056224899,0.9939567376483461,0.15610533202585614
all_impostor,0.382,0.006699772746401818,0.15863453815261044,0.8413654618473896,0.9933002272535982,0.15193476540620862
all_impostor,0.383,0.007305782341553741,0.1553714859437751,0.8446285140562249,0.9926942176584462,0.14806570360222135
all_impostor,0.384,0.008012793535897652,0.15160642570281124,0.8483935742971888,0.9919872064641023,0.1435936321669136
all_impostor,0.385,0.008871307129029542,0.1488453815261044,0.8511546184738956,0.9911286928709705,0.13997407439707488
all_impostor,0.386,0.009881323120949415,0.14583333333333334,0.8541666666666666,0.9901186768790506,0.13595201021238393
all_impostor,0.387,0.010857671913138625,0.142570281124498,0.857429718875502,0.9891423280868614,0.13171260921135935
all_impostor,0.388,0.012019190303846478,0.13830321285140562,0.8616967871485943,0.9879808096961535,0.12628402254755913
all_impostor,0.389,0.013113374295093006,0.13529116465863453,0.8647088353413654,0.986886625704907,0.12217779036354152
all_impostor,0.39,0.014207558286339534,0.1330321285140562,0.8669678714859438,0.9857924417136604,0.11882457022771668
all_impostor,0.391,0.015554246275566029,0.1307730923694779,0.8692269076305221,0.984445753724434,0.11521884609391186
all_impostor,0.392,0.016867267065061864,0.1297690763052209,0.8702309236947792,0.9831327329349382,0.11290180924015902
all_impostor,0.393,0.018197121454423027,0.1272590361445783,0.8727409638554217,0.981802878545577,0.10906191469015529
all_impostor,0.394,0.019998316640013468,0.12374497991967871,0.8762550200803213,0.9800016833599865,0.10374666327966525
all_impostor,0.395,0.02200151502398788,0.11922690763052209,0.8807730923694779,0.9779984849760122,0.0972253926065342
all_impostor,0.396,0.02398787980809696,0.11596385542168675,0.8840361445783133,0.9760121201919031,0.09197597561358978
all_impostor,0.397,0.026176247790590017,0.11420682730923695,0.8857931726907631,0.97382375220941,0.08803057951864693
all_impostor,0.398,0.028549785371601716,0.11244979919678715,0.8875502008032129,0.9714502146283983,0.08390001382518543
all_impostor,0.399,0.031209494150324046,0.10818273092369478,0.8918172690763052,0.968790505849676,0.07697323677337073
all_impostor,0.4,0.03378503492971972,0.1056726907630522,0.8943273092369478,0.9662149650702803,0.07188765583333248
all_impostor,0.401,0.03659624610723003,0.10391566265060241,0.8960843373493976,0.96340375389277,0.06731941654337238
all_impostor,0.402,0.039575793283393654,0.10291164658634538,0.8970883534136547,0.9604242067166063,0.06333585330295173
all_impostor,0.403,0.042993014056055885,0.10015060240963855,0.8998493975903614,0.9570069859439441,0.057157588353582665
all_impostor,0.404,0.047049911623600706,0.09764056224899599,0.902359437751004,0.9529500883763993,0.050590650625395285
all_impostor,0.405,0.05117414359060685,0.09513052208835342,0.9048694779116466,0.9488258564093931,0.043956378497746564
all_impostor,0.406,0.055231041158151674,0.09136546184738956,0.9086345381526104,0.9447689588418483,0.03613442068923788
all_impostor,0.40700000000000003,0.05970877872232977,0.08960843373493976,0.9103915662650602,0.9402912212776702,0.029899655012609994
all_impostor,0.40800000000000003,0.06455685548354516,0.08785140562248996,0.9121485943775101,0.9354431445164548,0.023294550138944797
all_impostor,0.40900000000000003,0.06982577224139382,0.08609437751004016,0.9139056224899599,0.9301742277586061,0.016268605268646347
all_impostor,0.41000000000000003,0.07497685380018516,0.08458835341365462,0.9154116465863453,0.9250231461998148,0.009611499613469451
all_impostor,0.41100000000000003,0.08081811295345509,0.08258032128514056,0.9174196787148594,0.9191818870465449,0.001762208331685472
all_impostor,0.41200000000000003,0.08719804730241562,0.08057228915662651,0.9194277108433735,0.9128019526975844,0.006625758145789112
all_impostor,0.41300000000000003,0.09406615604747075,0.0783132530120482,0.9216867469879518,0.9059338439525293,0.015752903035422552
all_impostor,0.41400000000000003,0.1010015991919872,0.07580321285140562,0.9241967871485943,0.8989984008080127,0.02519838634058158
all_impostor,0.41500000000000004,0.10815587913475297,0.07404618473895583,0.9259538152610441,0.891844120865247,0.03410969439579714
all_impostor,0.41600000000000004,0.11515865667873075,0.07103413654618473,0.9289658634538153,0.8848413433212693,0.044124520132546016
all_impostor,0.417,0.12365962461072301,0.06852409638554217,0.9314759036144579,0.876340375389277,0.055135528225180835
all_impostor,0.418,0.1317060853463513,0.06676706827309237,0.9332329317269077,0.8682939146536487,0.06493901707325894
all_impostor,0.419,0.13976937968184497,0.06475903614457831,0.9352409638554217,0.860230620318155,0.07501034353726665
all_impostor,0.42,0.14906152680750778,0.06099397590361446,0.9390060240963856,0.8509384731924923,0.08806755090389332
all_impostor,0.421,0.15778133153774934,0.05973895582329317,0.9402610441767069,0.8422186684622507,0.09804237571445618
all_impostor,0.422,0.1675784866593721,0.05823293172690763,0.9417670682730923,0.8324215133406279,0.10934555493246448
all_impostor,0.423,0.17779648177762813,0.05647590361445783,0.9435240963855421,0.8222035182223719,0.1213205781631703
all_impostor,0.424,0.18868782089049743,0.05396586345381526,0.9460341365461847,0.8113121791095026,0.13472195743668217
all_impostor,0.425,0.20006733439946134,0.051706827309236945,0.9482931726907631,0.7999326656005387,0.14836050709022439
all_impostor,0.426,0.2117498527060012,0.049949799196787145,0.9500502008032129,0.7882501472939988,0.16180005350921406
all_impostor,0.427,0.2234155374126757,0.04794176706827309,0.9520582329317269,0.7765844625873243,0.1754737703444026
all_impostor,0.428,0.23524955811800355,0.04643574297188755,0.9535642570281124,0.7647504418819965,0.188813815146116
all_impostor,0.429,0.24726874842185,0.044929718875502005,0.955070281124498,0.75273125157815,0.202339029546348
all_impostor,0.43,0.26007911791936705,0.04392570281124498,0.956074297188755,0.7399208820806329,0.21615341510812208
all_impostor,0.431,0.27226664422186686,0.04241967871485944,0.9575803212851406,0.7277333557781331,0.22984696550700742
all_impostor,0.432,0.2853800185169599,0.04141566265060241,0.9585843373493976,0.7146199814830401,0.24396435586635745
all_impostor,0.433,0.29946974160424206,0.03890562248995984,0.9610943775100401,0.700530258395758,0.26056411911428223
all_impostor,0.434,0.31408130628734954,0.03714859437751004,0.9628514056224899,0.6859186937126505,0.2769327119098395
all_impostor,0.435,0.3279185253766518,0.035391566265060244,0.9646084337349398,0.6720814746233482,0.29252695911159154
all_impostor,0.436,0.34256375725948995,0.0338855421686747,0.9661144578313253,0.65743624274051,0.3086782150908153
all_impostor,0.437,0.3573268243413854,0.03237951807228916,0.9676204819277109,0.6426731756586146,0.32494730626909624
all_impostor,0.438,0.37182055382543555,0.03137550200803213,0.9686244979919678,0.6281794461745644,0.3404450518174034
all_impostor,0.439,0.38671828970625366,0.02961847389558233,0.9703815261044176,0.6132817102937463,0.35709981581067135
all_impostor,0.44,0.4015318575877451,0.029367469879518073,0.9706325301204819,0.5984681424122549,0.3721643877082271
all_impostor,0.441,0.41765844625873244,0.027610441767068273,0.9723895582329317,0.5823415537412675,0.39004800449166416
all_impostor,0.442,0.43316219173470244,0.025602409638554216,0.9743975903614458,0.5668378082652976,0.40755978209614824
all_impostor,0.443,0.4482955980136352,0.02384538152610442,0.9761546184738956,0.5517044019863648,0.4244502164875308
all_impostor,0.444,0.463378503492972,0.022590361445783132,0.9774096385542169,0.536621496507028,0.44078814204718886
all_impostor,0.445,0.478932749768538,0.020582329317269075,0.9794176706827309,0.5210672502314619,0.45835042045126895
all_impostor,0.446,0.4945206632438347,0.019829317269076305,0.9801706827309237,0.5054793367561653,0.47469134597475837
all_impostor,0.447,0.5106640855146873,0.019076305220883535,0.9809236947791165,0.48933591448531266,0.4915877802938038
all_impostor,0.448,0.5270095109839239,0.01782128514056225,0.9821787148594378,0.4729904890160761,0.5091882258433617
all_impostor,0.449,0.5430687652554499,0.01581325301204819,0.9841867469879518,0.4569312347445501,0.5272555122434017
all_impostor,0.45,0.5589428499284572,0.014809236947791165,0.9851907630522089,0.4410571500715428,0.5441336129806661
all_impostor,0.451,0.5743455938052352,0.014056224899598393,0.9859437751004017,0.4256544061947648,0.5602893689056369
all_impostor,0.452,0.5903711808770306,0.013052208835341365,0.9869477911646586,0.40962881912296945,0.5773189720416891
all_impostor,0.453,0.6067839407457285,0.012550200803212851,0.9874497991967871,0.3932160592542715,0.5942337399425156
all_impostor,0.454,0.6226411918188705,0.012299196787148595,0.9877008032128514,0.37735880818112955,0.6103419950317218
all_impostor,0.455,0.6373537581011699,0.011295180722891566,0.9887048192771084,0.3626462418988301,0.6260585773782783
all_impostor,0.456,0.6517296523861628,0.010793172690763053,0.9892068273092369,0.34827034761383724,0.6409364796953997
all_impostor,0.457,0.6662233818702129,0.009789156626506024,0.990210843373494,0.3337766181297871,0.6564342252437069
all_impostor,0.458,0.6801279353589765,0.008785140562248996,0.991214859437751,0.31987206464102347,0.6713427947967275
all_impostor,0.459,0.6945711640434307,0.008283132530120483,0.9917168674698795,0.30542883595656933,0.6862880315133102
all_impostor,0.46,0.7092668967258648,0.007530120481927711,0.9924698795180723,0.29073310327413515,0.7017367762439372
all_impostor,0.461,0.7231546166147631,0.007279116465863454,0.9927208835341366,0.2768453833852369,0.7158755001488997
all_impostor,0.462,0.7357798165137615,0.007279116465863454,0.9927208835341366,0.26422018348623855,0.728500700047898
all_impostor,0.463,0.7479000084167999,0.006526104417670682,0.9934738955823293,0.25209999158320007,0.7413739039991293
all_impostor,0.464,0.7598855315209158,0.005522088353413655,0.9944779116465864,0.24011446847908424,0.7543634431675021
all_impostor,0.465,0.7719215554246276,0.005271084337349397,0.9947289156626506,0.2280784445753724,0.7666504710872782
all_impostor,0.466,0.7830990657352075,0.0050200803212851405,0.9949799196787149,0.2169009342647925,0.7780789854139224
all_impostor,0.467,0.7937042336503661,0.004769076305220884,0.9952309236947792,0.20629576634963387,0.7889351573451453
all_impostor,0.468,0.804427236764582,0.00426706827309237,0.9957329317269076,0.19557276323541795,0.8001601684914896
all_impostor,0.46900000000000003,0.815907751872738,0.00426706827309237,0.9957329317269076,0.184092248127262,0.8116406835996456
all_impostor,0.47000000000000003,0.8257890749936874,0.004016064257028112,0.9959839357429718,0.17421092500631263,0.8217730107366592
all_impostor,0.47100000000000003,0.8368150829054793,0.003263052208835341,0.9967369477911646,0.16318491709452065,0.833552030696644
all_impostor,0.47200000000000003,0.8459557276323542,0.0030120481927710845,0.9969879518072289,0.15404427236764584,0.842943679439583
all_impostor,0.47300000000000003,0.8552142075582864,0.0030120481927710845,0.9969879518072289,0.14478579244171363,0.8522021593655152
all_impostor,0.47400000000000003,0.8648093594815252,0.0027610441767068274,0.9972389558232931,0.13519064051847485,0.8620483153048183
all_impostor,0.47500000000000003,0.8729904890160761,0.0025100401606425703,0.9974899598393574,0.12700951098392388,0.8704804488554335
all_impostor,0.47600000000000003,0.8816092921471257,0.002008032128514056,0.9979919678714859,0.11839070785287431,0.8796012600186116
all_impostor,0.47700000000000004,0.8888309064893527,0.0017570281124497991,0.9982429718875502,0.1111690935106473,0.8870738783769029
all_impostor,0.47800000000000004,0.8963218584294251,0.0012550200803212851,0.9987449799196787,0.10367814157057487,0.8950668383491038
all_impostor,0.47900000000000004,0.9028869623769044,0.001004016064257028,0.998995983935743,0.09711303762309564,0.9018829463126473
all_impostor,0.48,0.9086945543304435,0.001004016064257028,0.998995983935743,0.09130544566955645,0.9076905382661865
all_impostor,0.481,0.9148893190808854,0.001004016064257028,0.998995983935743,0.08511068091911456,0.9138853030166284
all_impostor,0.482,0.9208315798333474,0.001004016064257028,0.998995983935743,0.0791684201666526,0.9198275637690904
all_impostor,0.483,0.9268748421850013,0.001004016064257028,0.998995983935743,0.07312515781499873,0.9258708261207442
all_impostor,0.484,0.9323289285413686,0.001004016064257028,0.998995983935743,0.06767107145863138,0.9313249124771116
all_impostor,0.485,0.937177005302584,0.0007530120481927711,0.9992469879518072,0.06282299469741603,0.9364239932543912
all_impostor,0.486,0.9417389108660887,0.0007530120481927711,0.9992469879518072,0.05826108913391126,0.940985898817896
all_impostor,0.487,0.9461998148304015,0.0007530120481927711,0.9992469879518072,0.0538001851695985,0.9454468027822087
all_impostor,0.488,0.9503240467974077,0.0007530120481927711,0.9992469879518072,0.04967595320259233,0.9495710347492149
all_impostor,0.489,0.9538927699688579,0.0007530120481927711,0.9992469879518072,0.04610723003114214,0.9531397579206651
all_impostor,0.49,0.9577308307381533,0.000502008032128514,0.9994979919678715,0.04226916926184665,0.9572288227060248
all_impostor,0.491,0.9609797155121623,0.000502008032128514,0.9994979919678715,0.039020284487837675,0.9604777074800338
all_impostor,0.492,0.9643296018853632,0.000502008032128514,0.9994979919678715,0.03567039811463679,0.9638275938532347
all_impostor,0.493,0.9672754818617961,0.000251004016064257,0.9997489959839357,0.03272451813820387,0.9670244778457319
all_impostor,0.494,0.9701540274387678,0.000251004016064257,0.9997489959839357,0.029845972561232226,0.9699030234227035
all_impostor,0.495,0.9724097298207222,0.000251004016064257,0.9997489959839357,0.027590270179277843,0.9721587258046579
all_impostor,0.496,0.9745475970036193,0.000251004016064257,0.9997489959839357,0.02545240299638074,0.974296592987555
all_impostor,0.497,0.9767527985859776,0.000251004016064257,0.9997489959839357,0.023247201414022367,0.9765017945699134
all_impostor,0.498,0.9787896641696827,0.000251004016064257,0.9997489959839357,0.021210335830317284,0.9785386601536185
all_impostor,0.499,0.9803551889571585,0.000251004016064257,0.9997489959839357,0.019644811042841548,0.9801041849410942
all_impostor,0.5,0.9820217153438263,0.000251004016064257,0.9997489959839357,0.017978284656173682,0.9817707113277621
all_impostor,0.501,0.9838397441292821,0.000251004016064257,0.9997489959839357,0.0161602558707179,0.9835887401132178
all_impostor,0.502,0.9857756081137952,0.000251004016064257,0.9997489959839357,0.014224391886204835,0.9855246040977309
all_impostor,0.503,0.9871222961030216,0.000251004016064257,0.9997489959839357,0.012877703896978399,0.9868712920869573
all_impostor,0.504,0.9883006480935949,0.000251004016064257,0.9997489959839357,0.011699351906405142,0.9880496440775306
all_impostor,0.505,0.9896810032825519,0.000251004016064257,0.9997489959839357,0.01031899671744807,0.9894299992664877
all_impostor,0.506,0.9906236848750105,0.000251004016064257,0.9997489959839357,0.009376315124989487,0.9903726808589463
all_impostor,0.507,0.9915326992677385,0.000251004016064257,0.9997489959839357,0.00846730073226154,0.9912816952516742
all_impostor,0.508,0.9925258816597929,0.000251004016064257,0.9997489959839357,0.007474118340207059,0.9922748776437287
all_impostor,0.509,0.9930982240552142,0.000251004016064257,0.9997489959839357,0.006901775944785804,0.9928472200391499
all_impostor,0.51,0.9938052352495581,0.000251004016064257,0.9997489959839357,0.0061947647504418946,0.9935542312334938
all_impostor,0.511,0.9945459136436327,0.000251004016064257,0.9997489959839357,0.005454086356367349,0.9942949096275684
all_impostor,0.512,0.9951687568386499,0.000251004016064257,0.9997489959839357,0.004831243161350085,0.9949177528225857
all_impostor,0.513,0.9955895968352833,0.000251004016064257,0.9997489959839357,0.004410403164716747,0.995338592819219
all_impostor,0.514,0.9960441040316471,0.000251004016064257,0.9997489959839357,0.003955895968352885,0.9957931000155829
all_impostor,0.515,0.9965491120276071,0.000251004016064257,0.9997489959839357,0.003450887972392902,0.9962981080115428
all_impostor,0.516,0.996902617624779,0.0,1.0,0.0030973823752209473,0.996902617624779
all_impostor,0.517,0.9971214544230284,0.0,1.0,0.0028785455769716473,0.9971214544230284
all_impostor,0.518,0.9974581264203349,0.0,1.0,0.002541873579665066,0.9974581264203349
all_impostor,0.519,0.9978116320175069,0.0,1.0,0.0021883679824931113,0.9978116320175069
all_impostor,0.52,0.9980978032152176,0.0,1.0,0.0019021967847824284,0.9980978032152176
all_impostor,0.521,0.9984008080127935,0.0,1.0,0.001599191987206483,0.9984008080127935
all_impostor,0.522,0.9985859776113122,0.0,1.0,0.001414022388687819,0.9985859776113122
all_impostor,0.523,0.9987879808096961,0.0,1.0,0.0012120191903038924,0.9987879808096961
all_impostor,0.524,0.9989394832084841,0.0,1.0,0.0010605167915158642,0.9989394832084841
all_impostor,0.525,0.9990068176079454,0.0,1.0,0.0009931823920545924,0.9990068176079454
all_impostor,0.526,0.9991246528070028,0.0,1.0,0.0008753471929972001,0.9991246528070028
all_impostor,0.527,0.9992593216059255,0.0,1.0,0.0007406783940745454,0.9992593216059255
all_impostor,0.528,0.9993939904048481,0.0,1.0,0.0006060095951518907,0.9993939904048481
all_impostor,0.529,0.9994613248043094,0.0,1.0,0.0005386751956906188,0.9994613248043094
all_impostor,0.53,0.9995118256039054,0.0,1.0,0.00048817439609460944,0.9995118256039054
all_impostor,0.531,0.9995791600033668,0.0,1.0,0.0004208399966332266,0.9995791600033668
all_impostor,0.532,0.999595993603232,0.0,1.0,0.0004040063967679641,0.999595993603232
all_impostor,0.533,0.9996296608029627,0.0,1.0,0.0003703391970373282,0.9996296608029627
all_impostor,0.534,0.9997138288022893,0.0,1.0,0.0002861711977106829,0.9997138288022893
all_impostor,0.535,0.9997474960020201,0.0,1.0,0.00025250399797993595,0.9997474960020201
all_impostor,0.536,0.9997643296018853,0.0,1.0,0.0002356703981146735,0.9997643296018853
all_impostor,0.537,0.9997811632017507,0.0,1.0,0.00021883679824930002,0.9997811632017507
all_impostor,0.538,0.9997979968016161,0.0,1.0,0.00020200319838392655,0.9997979968016161
all_impostor,0.539,0.9997979968016161,0.0,1.0,0.00020200319838392655,0.9997979968016161
all_impostor,0.54,0.9998148304014813,0.0,1.0,0.0001851695985186641,0.9998148304014813
all_impostor,0.541,0.999848497601212,0.0,1.0,0.00015150239878802818,0.999848497601212
all_impostor,0.542,0.999848497601212,0.0,1.0,0.00015150239878802818,0.999848497601212
all_impostor,0.543,0.9998653312010773,0.0,1.0,0.0001346687989226547,0.9998653312010773
all_impostor,0.544,0.9998821648009427,0.0,1.0,0.00011783519905728124,0.9998821648009427
all_impostor,0.545,0.9998821648009427,0.0,1.0,0.00011783519905728124,0.9998821648009427
all_impostor,0.546,0.9998821648009427,0.0,1.0,0.00011783519905728124,0.9998821648009427
all_impostor,0.547,0.9998821648009427,0.0,1.0,0.00011783519905728124,0.9998821648009427
all_impostor,0.548,0.9998821648009427,0.0,1.0,0.00011783519905728124,0.9998821648009427
all_impostor,0.549,0.999898998400808,0.0,1.0,0.00010100159919201879,0.999898998400808
all_impostor,0.55,0.9999326656005387,0.0,1.0,6.733439946127184e-05,0.9999326656005387
all_impostor,0.551,0.9999326656005387,0.0,1.0,6.733439946127184e-05,0.9999326656005387
all_impostor,0.552,0.999949499200404,0.0,1.0,5.0500799596009394e-05,0.999949499200404
all_impostor,0.553,0.999949499200404,0.0,1.0,5.0500799596009394e-05,0.999949499200404
all_impostor,0.554,0.9999663328002694,0.0,1.0,3.366719973063592e-05,0.9999663328002694
all_impostor,0.555,0.9999663328002694,0.0,1.0,3.366719973063592e-05,0.9999663328002694
all_impostor,0.556,0.9999663328002694,0.0,1.0,3.366719973063592e-05,0.9999663328002694
all_impostor,0.557,0.9999663328002694,0.0,1.0,3.366719973063592e-05,0.9999663328002694
all_impostor,0.558,0.9999831664001346,0.0,1.0,1.6833599865373472e-05,0.9999831664001346
all_impostor,0.559,0.9999831664001346,0.0,1.0,1.6833599865373472e-05,0.9999831664001346
all_impostor,0.56,0.9999831664001346,0.0,1.0,1.6833599865373472e-05,0.9999831664001346
all_impostor,0.561,0.9999831664001346,0.0,1.0,1.6833599865373472e-05,0.9999831664001346
all_impostor,0.562,0.9999831664001346,0.0,1.0,1.6833599865373472e-05,0.9999831664001346
all_impostor,0.5630000000000001,0.9999831664001346,0.0,1.0,1.6833599865373472e-05,0.9999831664001346
all_impostor,0.5640000000000001,1.0,0.0,1.0,0.0,1.0
all_impostor,0.5650000000000001,1.0,0.0,1.0,0.0,1.0
all_impostor,0.5660000000000001,1.0,0.0,1.0,0.0,1.0
all_impostor,0.5670000000000001,1.0,0.0,1.0,0.0,1.0
all_impostor,0.5680000000000001,1.0,0.0,1.0,0.0,1.0
all_impostor,0.5690000000000001,1.0,0.0,1.0,0.0,1.0
all_impostor,0.5700000000000001,1.0,0.0,1.0,0.0,1.0
all_impostor,0.5710000000000001,1.0,0.0,1.0,0.0,1.0
all_impostor,0.5720000000000001,1.0,0.0,1.0,0.0,1.0
all_impostor,0.5730000000000001,1.0,0.0,1.0,0.0,1.0
all_impostor,0.5740000000000001,1.0,0.0,1.0,0.0,1.0
all_impostor,0.5750000000000001,1.0,0.0,1.0,0.0,1.0
all_impostor,0.5760000000000001,1.0,0.0,1.0,0.0,1.0
all_impostor,0.577,1.0,0.0,1.0,0.0,1.0
all_impostor,0.578,1.0,0.0,1.0,0.0,1.0
all_impostor,0.579,1.0,0.0,1.0,0.0,1.0
all_impostor,0.58,1.0,0.0,1.0,0.0,1.0
all_impostor,0.581,1.0,0.0,1.0,0.0,1.0
all_impostor,0.582,1.0,0.0,1.0,0.0,1.0
all_impostor,0.583,1.0,0.0,1.0,0.0,1.0
all_impostor,0.584,1.0,0.0,1.0,0.0,1.0
all_impostor,0.585,1.0,0.0,1.0,0.0,1.0
all_impostor,0.586,1.0,0.0,1.0,0.0,1.0
all_impostor,0.587,1.0,0.0,1.0,0.0,1.0
all_impostor,0.588,1.0,0.0,1.0,0.0,1.0
all_impostor,0.589,1.0,0.0,1.0,0.0,1.0
all_impostor,0.59,1.0,0.0,1.0,0.0,1.0
all_impostor,0.591,1.0,0.0,1.0,0.0,1.0
all_impostor,0.592,1.0,0.0,1.0,0.0,1.0
all_impostor,0.593,1.0,0.0,1.0,0.0,1.0
all_impostor,0.594,1.0,0.0,1.0,0.0,1.0
all_impostor,0.595,1.0,0.0,1.0,0.0,1.0
all_impostor,0.596,1.0,0.0,1.0,0.0,1.0
all_impostor,0.597,1.0,0.0,1.0,0.0,1.0
all_impostor,0.598,1.0,0.0,1.0,0.0,1.0
all_impostor,0.599,1.0,0.0,1.0,0.0,1.0
all_impostor,0.6,1.0,0.0,1.0,0.0,1.0
all_impostor,0.601,1.0,0.0,1.0,0.0,1.0
all_impostor,0.602,1.0,0.0,1.0,0.0,1.0
all_impostor,0.603,1.0,0.0,1.0,0.0,1.0
all_impostor,0.604,1.0,0.0,1.0,0.0,1.0
all_impostor,0.605,1.0,0.0,1.0,0.0,1.0
all_impostor,0.606,1.0,0.0,1.0,0.0,1.0
all_impostor,0.607,1.0,0.0,1.0,0.0,1.0
all_impostor,0.608,1.0,0.0,1.0,0.0,1.0
all_impostor,0.609,1.0,0.0,1.0,0.0,1.0
all_impostor,0.61,1.0,0.0,1.0,0.0,1.0
all_impostor,0.611,1.0,0.0,1.0,0.0,1.0
all_impostor,0.612,1.0,0.0,1.0,0.0,1.0
all_impostor,0.613,1.0,0.0,1.0,0.0,1.0
all_impostor,0.614,1.0,0.0,1.0,0.0,1.0
all_impostor,0.615,1.0,0.0,1.0,0.0,1.0
all_impostor,0.616,1.0,0.0,1.0,0.0,1.0
all_impostor,0.617,1.0,0.0,1.0,0.0,1.0
all_impostor,0.618,1.0,0.0,1.0,0.0,1.0
all_impostor,0.619,1.0,0.0,1.0,0.0,1.0
all_impostor,0.62,1.0,0.0,1.0,0.0,1.0
all_impostor,0.621,1.0,0.0,1.0,0.0,1.0
all_impostor,0.622,1.0,0.0,1.0,0.0,1.0
all_impostor,0.623,1.0,0.0,1.0,0.0,1.0
all_impostor,0.624,1.0,0.0,1.0,0.0,1.0
all_impostor,0.625,1.0,0.0,1.0,0.0,1.0
all_impostor,0.626,1.0,0.0,1.0,0.0,1.0
all_impostor,0.627,1.0,0.0,1.0,0.0,1.0
all_impostor,0.628,1.0,0.0,1.0,0.0,1.0
all_impostor,0.629,1.0,0.0,1.0,0.0,1.0
all_impostor,0.63,1.0,0.0,1.0,0.0,1.0
all_impostor,0.631,1.0,0.0,1.0,0.0,1.0
all_impostor,0.632,1.0,0.0,1.0,0.0,1.0
all_impostor,0.633,1.0,0.0,1.0,0.0,1.0
all_impostor,0.634,1.0,0.0,1.0,0.0,1.0
all_impostor,0.635,1.0,0.0,1.0,0.0,1.0
all_impostor,0.636,1.0,0.0,1.0,0.0,1.0
all_impostor,0.637,1.0,0.0,1.0,0.0,1.0
all_impostor,0.638,1.0,0.0,1.0,0.0,1.0
all_impostor,0.639,1.0,0.0,1.0,0.0,1.0
all_impostor,0.64,1.0,0.0,1.0,0.0,1.0
all_impostor,0.641,1.0,0.0,1.0,0.0,1.0
all_impostor,0.642,1.0,0.0,1.0,0.0,1.0
all_impostor,0.643,1.0,0.0,1.0,0.0,1.0
all_impostor,0.644,1.0,0.0,1.0,0.0,1.0
all_impostor,0.645,1.0,0.0,1.0,0.0,1.0
all_impostor,0.646,1.0,0.0,1.0,0.0,1.0
all_impostor,0.647,1.0,0.0,1.0,0.0,1.0
all_impostor,0.648,1.0,0.0,1.0,0.0,1.0
all_impostor,0.649,1.0,0.0,1.0,0.0,1.0
all_impostor,0.65,1.0,0.0,1.0,0.0,1.0
unrelated,0.0,0.0,1.0,0.0,1.0,1.0
unrelated,0.001,0.0,1.0,0.0,1.0,1.0
unrelated,0.002,0.0,1.0,0.0,1.0,1.0
unrelated,0.003,0.0,1.0,0.0,1.0,1.0
unrelated,0.004,0.0,1.0,0.0,1.0,1.0
unrelated,0.005,0.0,1.0,0.0,1.0,1.0
unrelated,0.006,0.0,1.0,0.0,1.0,1.0
unrelated,0.007,0.0,1.0,0.0,1.0,1.0
unrelated,0.008,0.0,1.0,0.0,1.0,1.0
unrelated,0.009000000000000001,0.0,1.0,0.0,1.0,1.0
unrelated,0.01,0.0,1.0,0.0,1.0,1.0
unrelated,0.011,0.0,1.0,0.0,1.0,1.0
unrelated,0.012,0.0,1.0,0.0,1.0,1.0
unrelated,0.013000000000000001,0.0,1.0,0.0,1.0,1.0
unrelated,0.014,0.0,1.0,0.0,1.0,1.0
unrelated,0.015,0.0,1.0,0.0,1.0,1.0
unrelated,0.016,0.0,1.0,0.0,1.0,1.0
unrelated,0.017,0.0,1.0,0.0,1.0,1.0
unrelated,0.018000000000000002,0.0,1.0,0.0,1.0,1.0
unrelated,0.019,0.0,1.0,0.0,1.0,1.0
unrelated,0.02,0.0,1.0,0.0,1.0,1.0
unrelated,0.021,0.0,1.0,0.0,1.0,1.0
unrelated,0.022,0.0,1.0,0.0,1.0,1.0
unrelated,0.023,0.0,1.0,0.0,1.0,1.0
unrelated,0.024,0.0,1.0,0.0,1.0,1.0
unrelated,0.025,0.0,1.0,0.0,1.0,1.0
unrelated,0.026000000000000002,0.0,1.0,0.0,1.0,1.0
unrelated,0.027,0.0,1.0,0.0,1.0,1.0
unrelated,0.028,0.0,1.0,0.0,1.0,1.0
unrelated,0.029,0.0,1.0,0.0,1.0,1.0
unrelated,0.03,0.0,1.0,0.0,1.0,1.0
unrelated,0.031,0.0,1.0,0.0,1.0,1.0
unrelated,0.032,0.0,1.0,0.0,1.0,1.0
unrelated,0.033,0.0,1.0,0.0,1.0,1.0
unrelated,0.034,0.0,1.0,0.0,1.0,1.0
unrelated,0.035,0.0,1.0,0.0,1.0,1.0
unrelated,0.036000000000000004,0.0,1.0,0.0,1.0,1.0
unrelated,0.037,0.0,1.0,0.0,1.0,1.0
unrelated,0.038,0.0,1.0,0.0,1.0,1.0
unrelated,0.039,0.0,1.0,0.0,1.0,1.0
unrelated,0.04,0.0,1.0,0.0,1.0,1.0
unrelated,0.041,0.0,1.0,0.0,1.0,1.0
unrelated,0.042,0.0,1.0,0.0,1.0,1.0
unrelated,0.043000000000000003,0.0,1.0,0.0,1.0,1.0
unrelated,0.044,0.0,1.0,0.0,1.0,1.0
unrelated,0.045,0.0,1.0,0.0,1.0,1.0
unrelated,0.046,0.0,1.0,0.0,1.0,1.0
unrelated,0.047,0.0,1.0,0.0,1.0,1.0
unrelated,0.048,0.0,1.0,0.0,1.0,1.0
unrelated,0.049,0.0,1.0,0.0,1.0,1.0
unrelated,0.05,0.0,1.0,0.0,1.0,1.0
unrelated,0.051000000000000004,0.0,1.0,0.0,1.0,1.0
unrelated,0.052000000000000005,0.0,1.0,0.0,1.0,1.0
unrelated,0.053,0.0,1.0,0.0,1.0,1.0
unrelated,0.054,0.0,1.0,0.0,1.0,1.0
unrelated,0.055,0.0,1.0,0.0,1.0,1.0
unrelated,0.056,0.0,1.0,0.0,1.0,1.0
unrelated,0.057,0.0,1.0,0.0,1.0,1.0
unrelated,0.058,0.0,1.0,0.0,1.0,1.0
unrelated,0.059000000000000004,0.0,1.0,0.0,1.0,1.0
unrelated,0.06,0.0,1.0,0.0,1.0,1.0
unrelated,0.061,0.0,1.0,0.0,1.0,1.0
unrelated,0.062,0.0,1.0,0.0,1.0,1.0
unrelated,0.063,0.0,1.0,0.0,1.0,1.0
unrelated,0.064,0.0,1.0,0.0,1.0,1.0
unrelated,0.065,0.0,1.0,0.0,1.0,1.0
unrelated,0.066,0.0,1.0,0.0,1.0,1.0
unrelated,0.067,0.0,1.0,0.0,1.0,1.0
unrelated,0.068,0.0,1.0,0.0,1.0,1.0
unrelated,0.069,0.0,1.0,0.0,1.0,1.0
unrelated,0.07,0.0,1.0,0.0,1.0,1.0
unrelated,0.07100000000000001,0.0,1.0,0.0,1.0,1.0
unrelated,0.07200000000000001,0.0,1.0,0.0,1.0,1.0
unrelated,0.073,0.0,1.0,0.0,1.0,1.0
unrelated,0.074,0.0,1.0,0.0,1.0,1.0
unrelated,0.075,0.0,1.0,0.0,1.0,1.0
unrelated,0.076,0.0,1.0,0.0,1.0,1.0
unrelated,0.077,0.0,1.0,0.0,1.0,1.0
unrelated,0.078,0.0,1.0,0.0,1.0,1.0
unrelated,0.079,0.0,1.0,0.0,1.0,1.0
unrelated,0.08,0.0,1.0,0.0,1.0,1.0
unrelated,0.081,0.0,1.0,0.0,1.0,1.0
unrelated,0.082,0.0,1.0,0.0,1.0,1.0
unrelated,0.083,0.0,1.0,0.0,1.0,1.0
unrelated,0.084,0.0,1.0,0.0,1.0,1.0
unrelated,0.085,0.0,1.0,0.0,1.0,1.0
unrelated,0.08600000000000001,0.0,1.0,0.0,1.0,1.0
unrelated,0.08700000000000001,0.0,1.0,0.0,1.0,1.0
unrelated,0.088,0.0,1.0,0.0,1.0,1.0
unrelated,0.089,0.0,1.0,0.0,1.0,1.0
unrelated,0.09,0.0,1.0,0.0,1.0,1.0
unrelated,0.091,0.0,1.0,0.0,1.0,1.0
unrelated,0.092,0.0,1.0,0.0,1.0,1.0
unrelated,0.093,0.0,1.0,0.0,1.0,1.0
unrelated,0.094,0.0,1.0,0.0,1.0,1.0
unrelated,0.095,0.0,1.0,0.0,1.0,1.0
unrelated,0.096,0.0,1.0,0.0,1.0,1.0
unrelated,0.097,0.0,1.0,0.0,1.0,1.0
unrelated,0.098,0.0,1.0,0.0,1.0,1.0
unrelated,0.099,0.0,1.0,0.0,1.0,1.0
unrelated,0.1,0.0,1.0,0.0,1.0,1.0
unrelated,0.101,0.0,1.0,0.0,1.0,1.0
unrelated,0.10200000000000001,0.0,1.0,0.0,1.0,1.0
unrelated,0.10300000000000001,0.0,1.0,0.0,1.0,1.0
unrelated,0.10400000000000001,0.0,1.0,0.0,1.0,1.0
unrelated,0.105,0.0,1.0,0.0,1.0,1.0
unrelated,0.106,0.0,1.0,0.0,1.0,1.0
unrelated,0.107,0.0,1.0,0.0,1.0,1.0
unrelated,0.108,0.0,1.0,0.0,1.0,1.0
unrelated,0.109,0.0,1.0,0.0,1.0,1.0
unrelated,0.11,0.0,1.0,0.0,1.0,1.0
unrelated,0.111,0.0,1.0,0.0,1.0,1.0
unrelated,0.112,0.0,1.0,0.0,1.0,1.0
unrelated,0.113,0.0,1.0,0.0,1.0,1.0
unrelated,0.114,0.0,1.0,0.0,1.0,1.0
unrelated,0.115,0.0,0.9997489959839357,0.00025100401606426015,1.0,0.9997489959839357
unrelated,0.116,0.0,0.9997489959839357,0.00025100401606426015,1.0,0.9997489959839357
unrelated,0.117,0.0,0.9997489959839357,0.00025100401606426015,1.0,0.9997489959839357
unrelated,0.11800000000000001,0.0,0.9997489959839357,0.00025100401606426015,1.0,0.9997489959839357
unrelated,0.11900000000000001,0.0,0.9997489959839357,0.00025100401606426015,1.0,0.9997489959839357
unrelated,0.12,0.0,0.9997489959839357,0.00025100401606426015,1.0,0.9997489959839357
unrelated,0.121,0.0,0.9997489959839357,0.00025100401606426015,1.0,0.9997489959839357
unrelated,0.122,0.0,0.9994979919678715,0.0005020080321285203,1.0,0.9994979919678715
unrelated,0.123,0.0,0.9994979919678715,0.0005020080321285203,1.0,0.9994979919678715
unrelated,0.124,0.0,0.9994979919678715,0.0005020080321285203,1.0,0.9994979919678715
unrelated,0.125,0.0,0.9994979919678715,0.0005020080321285203,1.0,0.9994979919678715
unrelated,0.126,0.0,0.9992469879518072,0.0007530120481927804,1.0,0.9992469879518072
unrelated,0.127,0.0,0.998995983935743,0.0010040160642570406,1.0,0.998995983935743
unrelated,0.128,0.0,0.9987449799196787,0.0012550200803213007,1.0,0.9987449799196787
unrelated,0.129,0.0,0.9982429718875502,0.001757028112449821,1.0,0.9982429718875502
unrelated,0.13,0.0,0.9982429718875502,0.001757028112449821,1.0,0.9982429718875502
unrelated,0.131,0.0,0.9982429718875502,0.001757028112449821,1.0,0.9982429718875502
unrelated,0.132,0.0,0.9982429718875502,0.001757028112449821,1.0,0.9982429718875502
unrelated,0.133,0.0,0.9979919678714859,0.002008032128514081,1.0,0.9979919678714859
unrelated,0.134,0.0,0.9977409638554217,0.0022590361445783413,1.0,0.9977409638554217
unrelated,0.135,0.0,0.9977409638554217,0.0022590361445783413,1.0,0.9977409638554217
unrelated,0.136,0.0,0.9977409638554217,0.0022590361445783413,1.0,0.9977409638554217
unrelated,0.137,0.0,0.9977409638554217,0.0022590361445783413,1.0,0.9977409638554217
unrelated,0.138,0.0,0.9974899598393574,0.0025100401606426015,1.0,0.9974899598393574
unrelated,0.139,0.0,0.9972389558232931,0.0027610441767068616,1.0,0.9972389558232931
unrelated,0.14,0.0,0.9967369477911646,0.003263052208835382,1.0,0.9967369477911646
unrelated,0.14100000000000001,0.0,0.9964859437751004,0.003514056224899642,1.0,0.9964859437751004
unrelated,0.14200000000000002,0.0,0.9964859437751004,0.003514056224899642,1.0,0.9964859437751004
unrelated,0.14300000000000002,0.0,0.9964859437751004,0.003514056224899642,1.0,0.9964859437751004
unrelated,0.14400000000000002,0.0,0.9962349397590361,0.0037650602409639022,1.0,0.9962349397590361
unrelated,0.145,0.0,0.9952309236947792,0.004769076305220832,1.0,0.9952309236947792
unrelated,0.146,0.0,0.9949799196787149,0.005020080321285092,1.0,0.9949799196787149
unrelated,0.147,0.0,0.9944779116465864,0.005522088353413612,1.0,0.9944779116465864
unrelated,0.148,0.0,0.9939759036144579,0.0060240963855421326,1.0,0.9939759036144579
unrelated,0.149,0.0,0.9939759036144579,0.0060240963855421326,1.0,0.9939759036144579
unrelated,0.15,0.0,0.9937248995983936,0.006275100401606393,1.0,0.9937248995983936
unrelated,0.151,0.0,0.9927208835341366,0.007279116465863433,1.0,0.9927208835341366
unrelated,0.152,0.0,0.9927208835341366,0.007279116465863433,1.0,0.9927208835341366
unrelated,0.153,0.0,0.9919678714859438,0.008032128514056214,1.0,0.9919678714859438
unrelated,0.154,0.0,0.9914658634538153,0.008534136546184734,1.0,0.9914658634538153
unrelated,0.155,0.0,0.991214859437751,0.008785140562248994,1.0,0.991214859437751
unrelated,0.156,0.0,0.9904618473895582,0.009538152610441775,1.0,0.9904618473895582
unrelated,0.157,0.0,0.9892068273092369,0.010793172690763075,1.0,0.9892068273092369
unrelated,0.158,0.0,0.9879518072289156,0.012048192771084376,1.0,0.9879518072289156
unrelated,0.159,0.0,0.9871987951807228,0.012801204819277157,1.0,0.9871987951807228
unrelated,0.16,0.0,0.9861947791164659,0.013805220883534086,1.0,0.9861947791164659
unrelated,0.161,0.0,0.9854417670682731,0.014558232931726867,1.0,0.9854417670682731
unrelated,0.162,0.0,0.9849397590361446,0.015060240963855387,1.0,0.9849397590361446
unrelated,0.163,0.0,0.983433734939759,0.016566265060240948,1.0,0.983433734939759
unrelated,0.164,0.0,0.9821787148594378,0.01782128514056225,1.0,0.9821787148594378
unrelated,0.165,0.0,0.9821787148594378,0.01782128514056225,1.0,0.9821787148594378
unrelated,0.166,0.0,0.9816767068273092,0.01832329317269077,1.0,0.9816767068273092
unrelated,0.167,0.0,0.9806726907630522,0.01932730923694781,1.0,0.9806726907630522
unrelated,0.168,0.0,0.9796686746987951,0.02033132530120485,1.0,0.9796686746987951
unrelated,0.169,0.0,0.9789156626506024,0.02108433734939763,1.0,0.9789156626506024
unrelated,0.17,0.0,0.9784136546184738,0.02158634538152615,1.0,0.9784136546184738
unrelated,0.171,0.0,0.9774096385542169,0.02259036144578308,1.0,0.9774096385542169
unrelated,0.17200000000000001,0.0,0.9764056224899599,0.02359437751004012,1.0,0.9764056224899599
unrelated,0.17300000000000001,0.0,0.9751506024096386,0.02484939759036142,1.0,0.9751506024096386
unrelated,0.17400000000000002,0.0,0.973644578313253,0.026355421686746983,1.0,0.973644578313253
unrelated,0.17500000000000002,0.0,0.9723895582329317,0.027610441767068283,1.0,0.9723895582329317
unrelated,0.176,0.0,0.9721385542168675,0.027861445783132543,1.0,0.9721385542168675
unrelated,0.177,0.0,0.9716365461847389,0.028363453815261064,1.0,0.9716365461847389
unrelated,0.178,0.0,0.9708835341365462,0.029116465863453844,1.0,0.9708835341365462
unrelated,0.179,0.0,0.9701305220883534,0.029869477911646625,1.0,0.9701305220883534
unrelated,0.18,0.0,0.9691265060240963,0.030873493975903665,1.0,0.9691265060240963
unrelated,0.181,0.0,0.9678714859437751,0.032128514056224855,1.0,0.9678714859437751
unrelated,0.182,0.0,0.9668674698795181,0.033132530120481896,1.0,0.9668674698795181
unrelated,0.183,0.0,0.9663654618473896,0.033634538152610416,1.0,0.9663654618473896
unrelated,0.184,0.0,0.9658634538152611,0.034136546184738936,1.0,0.9658634538152611
unrelated,0.185,0.0,0.9643574297188755,0.0356425702811245,1.0,0.9643574297188755
unrelated,0.186,0.0,0.9631024096385542,0.0368975903614458,1.0,0.9631024096385542
unrelated,0.187,0.0,0.9615963855421686,0.03840361445783136,1.0,0.9615963855421686
unrelated,0.188,0.0,0.9605923694779116,0.0394076305220884,1.0,0.9605923694779116
unrelated,0.189,0.0,0.9595883534136547,0.04041164658634533,1.0,0.9595883534136547
unrelated,0.19,0.0,0.9580823293172691,0.04191767068273089,1.0,0.9580823293172691
unrelated,0.191,0.0,0.9558232931726908,0.04417670682730923,1.0,0.9558232931726908
unrelated,0.192,0.0,0.9538152610441767,0.04618473895582331,1.0,0.9538152610441767
unrelated,0.193,0.0,0.9523092369477911,0.04769076305220887,1.0,0.9523092369477911
unrelated,0.194,0.0,0.9508032128514057,0.04919678714859432,1.0,0.9508032128514057
unrelated,0.195,0.0,0.9490461847389559,0.050953815261044144,1.0,0.9490461847389559
unrelated,0.196,0.0,0.9480421686746988,0.051957831325301185,1.0,0.9480421686746988
unrelated,0.197,0.0,0.947289156626506,0.052710843373493965,1.0,0.947289156626506
unrelated,0.198,0.0,0.945281124497992,0.054718875502008046,1.0,0.945281124497992
unrelated,0.199,0.0,0.9435240963855421,0.05647590361445787,1.0,0.9435240963855421
unrelated,0.2,0.0,0.9405120481927711,0.05948795180722888,1.0,0.9405120481927711
unrelated,0.201,0.0,0.9392570281124498,0.06074297188755018,1.0,0.9392570281124498
unrelated,0.202,0.0,0.9377510040160643,0.06224899598393574,1.0,0.9377510040160643
unrelated,0.203,0.0,0.9347389558232931,0.06526104417670686,1.0,0.9347389558232931
unrelated,0.20400000000000001,0.0,0.9329819277108434,0.06701807228915657,1.0,0.9329819277108434
unrelated,0.20500000000000002,0.0,0.9312248995983936,0.06877510040160639,1.0,0.9312248995983936
unrelated,0.20600000000000002,0.0,0.9269578313253012,0.07304216867469882,1.0,0.9269578313253012
unrelated,0.20700000000000002,0.0,0.9257028112449799,0.07429718875502012,1.0,0.9257028112449799
unrelated,0.20800000000000002,0.0,0.9234437751004017,0.07655622489959835,1.0,0.9234437751004017
unrelated,0.209,0.0,0.9216867469879518,0.07831325301204817,1.0,0.9216867469879518
unrelated,0.21,0.0,0.9196787148594378,0.08032128514056225,1.0,0.9196787148594378
unrelated,0.211,0.0,0.9156626506024096,0.08433734939759041,1.0,0.9156626506024096
unrelated,0.212,0.0,0.9126506024096386,0.08734939759036142,1.0,0.9126506024096386
unrelated,0.213,0.0,0.9118975903614458,0.0881024096385542,1.0,0.9118975903614458
unrelated,0.214,0.0,0.9091365461847389,0.09086345381526106,1.0,0.9091365461847389
unrelated,0.215,0.0,0.9048694779116466,0.09513052208835338,1.0,0.9048694779116466
unrelated,0.216,0.0,0.9041164658634538,0.09588353413654616,1.0,0.9041164658634538
unrelated,0.217,0.0,0.9008534136546185,0.09914658634538154,1.0,0.9008534136546185
unrelated,0.218,0.0,0.8983433734939759,0.10165662650602414,1.0,0.8983433734939759
unrelated,0.219,0.0,0.8955823293172691,0.10441767068273089,1.0,0.8955823293172691
unrelated,0.22,0.0,0.893574297188755,0.10642570281124497,1.0,0.893574297188755
unrelated,0.221,0.0,0.891566265060241,0.10843373493975905,1.0,0.891566265060241
unrelated,0.222,0.0,0.8883032128514057,0.11169678714859432,1.0,0.8883032128514057
unrelated,0.223,0.0,0.8862951807228916,0.1137048192771084,1.0,0.8862951807228916
unrelated,0.224,0.0,0.882781124497992,0.11721887550200805,1.0,0.882781124497992
unrelated,0.225,0.0,0.8797690763052208,0.12023092369477917,1.0,0.8797690763052208
unrelated,0.226,0.0,0.8762550200803213,0.1237449799196787,1.0,0.8762550200803213
unrelated,0.227,0.0,0.8742469879518072,0.12575301204819278,1.0,0.8742469879518072
unrelated,0.228,0.0,0.8707329317269076,0.12926706827309242,1.0,0.8707329317269076
unrelated,0.229,0.0,0.8689759036144579,0.13102409638554213,1.0,0.8689759036144579
unrelated,0.23,0.0,0.8669678714859438,0.1330321285140562,1.0,0.8669678714859438
unrelated,0.231,0.0,0.8657128514056225,0.13428714859437751,1.0,0.8657128514056225
unrelated,0.232,0.0,0.8616967871485943,0.13830321285140568,1.0,0.8616967871485943
unrelated,0.233,0.0,0.8589357429718876,0.14106425702811243,1.0,0.8589357429718876
unrelated,0.234,0.0,0.856425702811245,0.14357429718875503,1.0,0.856425702811245
unrelated,0.23500000000000001,0.0,0.8536646586345381,0.1463353413654619,1.0,0.8536646586345381
unrelated,0.23600000000000002,0.0,0.8498995983935743,0.15010040160642568,1.0,0.8498995983935743
unrelated,0.23700000000000002,0.0,0.8473895582329317,0.15261044176706828,1.0,0.8473895582329317
unrelated,0.23800000000000002,0.0,0.8438755020080321,0.15612449799196793,1.0,0.8438755020080321
unrelated,0.23900000000000002,0.0,0.8393574297188755,0.1606425702811245,1.0,0.8393574297188755
unrelated,0.24,0.0,0.8350903614457831,0.16490963855421692,1.0,0.8350903614457831
unrelated,0.241,0.0,0.8318273092369478,0.1681726907630522,1.0,0.8318273092369478
unrelated,0.242,0.0,0.8280622489959839,0.1719377510040161,1.0,0.8280622489959839
unrelated,0.243,0.0,0.8245481927710844,0.17545180722891562,1.0,0.8245481927710844
unrelated,0.244,0.0,0.8217871485943775,0.17821285140562249,1.0,0.8217871485943775
unrelated,0.245,0.0,0.8157630522088354,0.18423694779116462,1.0,0.8157630522088354
unrelated,0.246,0.0,0.8125,0.1875,1.0,0.8125
unrelated,0.247,0.0,0.8104919678714859,0.18950803212851408,1.0,0.8104919678714859
unrelated,0.248,0.0,0.8079819277108434,0.19201807228915657,1.0,0.8079819277108434
unrelated,0.249,0.0,0.8032128514056225,0.19678714859437751,1.0,0.8032128514056225
unrelated,0.25,0.0,0.8002008032128514,0.19979919678714864,1.0,0.8002008032128514
unrelated,0.251,0.0,0.7954317269076305,0.20456827309236947,1.0,0.7954317269076305
unrelated,0.252,0.0,0.7911646586345381,0.2088353413654619,1.0,0.7911646586345381
unrelated,0.253,0.0,0.7871485943775101,0.21285140562248994,1.0,0.7871485943775101
unrelated,0.254,0.0,0.7838855421686747,0.21611445783132532,1.0,0.7838855421686747
unrelated,0.255,0.0,0.7796184738955824,0.22038152610441764,1.0,0.7796184738955824
unrelated,0.256,0.0,0.776355421686747,0.22364457831325302,1.0,0.776355421686747
unrelated,0.257,0.0,0.7728413654618473,0.22715863453815266,1.0,0.7728413654618473
unrelated,0.258,0.0,0.7673192771084337,0.23268072289156627,1.0,0.7673192771084337
unrelated,0.259,0.0,0.7648092369477911,0.23519076305220887,1.0,0.7648092369477911
unrelated,0.26,0.0,0.7605421686746988,0.23945783132530118,1.0,0.7605421686746988
unrelated,0.261,0.0,0.7560240963855421,0.24397590361445787,1.0,0.7560240963855421
unrelated,0.262,0.0,0.7525100401606426,0.2474899598393574,1.0,0.7525100401606426
unrelated,0.263,0.0,0.7482429718875502,0.2517570281124498,1.0,0.7482429718875502
unrelated,0.264,0.0,0.7437248995983936,0.2562751004016064,1.0,0.7437248995983936
unrelated,0.265,0.0,0.7397088353413654,0.26029116465863456,1.0,0.7397088353413654
unrelated,0.266,0.0,0.7366967871485943,0.2633032128514057,1.0,0.7366967871485943
unrelated,0.267,0.0,0.732429718875502,0.267570281124498,1.0,0.732429718875502
unrelated,0.268,0.0,0.7274096385542169,0.2725903614457831,1.0,0.7274096385542169
unrelated,0.269,0.0,0.7233935742971888,0.27660642570281124,1.0,0.7233935742971888
unrelated,0.27,0.0,0.7193775100401606,0.2806224899598394,1.0,0.7193775100401606
unrelated,0.271,0.0,0.7156124497991968,0.2843875502008032,1.0,0.7156124497991968
unrelated,0.272,0.0,0.7103413654618473,0.28965863453815266,1.0,0.7103413654618473
unrelated,0.273,0.0,0.7058232931726908,0.29417670682730923,1.0,0.7058232931726908
unrelated,0.274,0.0,0.7005522088353414,0.2994477911646586,1.0,0.7005522088353414
unrelated,0.275,0.0,0.695281124497992,0.30471887550200805,1.0,0.695281124497992
unrelated,0.276,0.0,0.6917670682730924,0.3082329317269076,1.0,0.6917670682730924
unrelated,0.277,0.0,0.686495983935743,0.31350401606425704,1.0,0.686495983935743
unrelated,0.278,0.0,0.6802208835341366,0.31977911646586343,1.0,0.6802208835341366
unrelated,0.279,0.0,0.6757028112449799,0.3242971887550201,1.0,0.6757028112449799
unrelated,0.28,0.0,0.6719377510040161,0.3280622489959839,1.0,0.6719377510040161
unrelated,0.281,0.0,0.6676706827309237,0.33232931726907633,1.0,0.6676706827309237
unrelated,0.28200000000000003,0.0,0.6616465863453815,0.33835341365461846,1.0,0.6616465863453815
unrelated,0.28300000000000003,0.0,0.6553714859437751,0.34462851405622486,1.0,0.6553714859437751
unrelated,0.28400000000000003,0.0,0.6490963855421686,0.35090361445783136,1.0,0.6490963855421686
unrelated,0.28500000000000003,0.0,0.6428212851405622,0.35717871485943775,1.0,0.6428212851405622
unrelated,0.28600000000000003,0.0,0.6352911646586346,0.36470883534136544,1.0,0.6352911646586346
unrelated,0.28700000000000003,0.0,0.6307730923694779,0.3692269076305221,1.0,0.6307730923694779
unrelated,0.28800000000000003,0.0,0.6244979919678715,0.3755020080321285,1.0,0.6244979919678715
unrelated,0.289,0.0,0.6189759036144579,0.38102409638554213,1.0,0.6189759036144579
unrelated,0.29,0.0,0.6137048192771084,0.3862951807228916,1.0,0.6137048192771084
unrelated,0.291,0.0,0.607429718875502,0.392570281124498,1.0,0.607429718875502
unrelated,0.292,0.0,0.6009036144578314,0.39909638554216864,1.0,0.6009036144578314
unrelated,0.293,0.0,0.5946285140562249,0.40537148594377514,1.0,0.5946285140562249
unrelated,0.294,0.0,0.5903614457831325,0.40963855421686746,1.0,0.5903614457831325
unrelated,0.295,0.0,0.5835843373493976,0.41641566265060237,1.0,0.5835843373493976
unrelated,0.296,0.0,0.5768072289156626,0.4231927710843374,1.0,0.5768072289156626
unrelated,0.297,0.0,0.5685240963855421,0.43147590361445787,1.0,0.5685240963855421
unrelated,0.298,0.0,0.5619979919678715,0.4380020080321285,1.0,0.5619979919678715
unrelated,0.299,0.0,0.5552208835341366,0.44477911646586343,1.0,0.5552208835341366
unrelated,0.3,0.0,0.5499497991967871,0.4500502008032129,1.0,0.5499497991967871
unrelated,0.301,0.0,0.5451807228915663,0.45481927710843373,1.0,0.5451807228915663
unrelated,0.302,0.0,0.5404116465863453,0.45958835341365467,1.0,0.5404116465863453
unrelated,0.303,0.0,0.5348895582329317,0.4651104417670683,1.0,0.5348895582329317
unrelated,0.304,0.0,0.5286144578313253,0.4713855421686747,1.0,0.5286144578313253
unrelated,0.305,0.0,0.5220883534136547,0.47791164658634533,1.0,0.5220883534136547
unrelated,0.306,0.0,0.5163152610441767,0.4836847389558233,1.0,0.5163152610441767
unrelated,0.307,0.0,0.5085341365461847,0.49146586345381527,1.0,0.5085341365461847
unrelated,0.308,0.0,0.5035140562248996,0.49648594377510036,1.0,0.5035140562248996
unrelated,0.309,0.0,0.4994979919678715,0.5005020080321285,1.0,0.4994979919678715
unrelated,0.31,0.0,0.4924698795180723,0.5075301204819277,1.0,0.4924698795180723
unrelated,0.311,0.0,0.48744979919678716,0.5125502008032128,1.0,0.48744979919678716
unrelated,0.312,0.0,0.4811746987951807,0.5188253012048193,1.0,0.4811746987951807
unrelated,0.313,0.0,0.47615461847389556,0.5238453815261044,1.0,0.47615461847389556
unrelated,0.314,0.0,0.47063253012048195,0.5293674698795181,1.0,0.47063253012048195
unrelated,0.315,0.0,0.4656124497991968,0.5343875502008032,1.0,0.4656124497991968
unrelated,0.316,0.0,0.4598393574297189,0.5401606425702812,1.0,0.4598393574297189
unrelated,0.317,0.0,0.45456827309236947,0.5454317269076305,1.0,0.45456827309236947
unrelated,0.318,0.0,0.4503012048192771,0.5496987951807228,1.0,0.4503012048192771
unrelated,0.319,0.0,0.44327309236947793,0.5567269076305221,1.0,0.44327309236947793
unrelated,0.32,0.0,0.4382530120481928,0.5617469879518072,1.0,0.4382530120481928
unrelated,0.321,0.0,0.4314759036144578,0.5685240963855422,1.0,0.4314759036144578
unrelated,0.322,0.0,0.42570281124497994,0.5742971887550201,1.0,0.42570281124497994
unrelated,0.323,0.0,0.42043172690763053,0.5795682730923695,1.0,0.42043172690763053
unrelated,0.324,0.0,0.41566265060240964,0.5843373493975903,1.0,0.41566265060240964
unrelated,0.325,0.0,0.40963855421686746,0.5903614457831325,1.0,0.40963855421686746
unrelated,0.326,0.0,0.4046184738955823,0.5953815261044177,1.0,0.4046184738955823
unrelated,0.327,0.0,0.3990963855421687,0.6009036144578312,1.0,0.3990963855421687
unrelated,0.328,0.0,0.39407630522088355,0.6059236947791165,1.0,0.39407630522088355
unrelated,0.329,0.0,0.3883032128514056,0.6116967871485943,1.0,0.3883032128514056
unrelated,0.33,0.0,0.3832831325301205,0.6167168674698795,1.0,0.3832831325301205
unrelated,0.331,0.0,0.3782630522088353,0.6217369477911647,1.0,0.3782630522088353
unrelated,0.332,0.0,0.37399598393574296,0.626004016064257,1.0,0.37399598393574296
unrelated,0.333,0.0,0.3689759036144578,0.6310240963855422,1.0,0.3689759036144578
unrelated,0.334,0.0,0.3649598393574297,0.6350401606425703,1.0,0.3649598393574297
unrelated,0.335,0.0,0.3596887550200803,0.6403112449799198,1.0,0.3596887550200803
unrelated,0.336,0.0,0.35542168674698793,0.6445783132530121,1.0,0.35542168674698793
unrelated,0.337,0.0,0.3526606425702811,0.6473393574297188,1.0,0.3526606425702811
unrelated,0.338,0.0,0.3461345381526104,0.6538654618473896,1.0,0.3461345381526104
unrelated,0.339,0.0,0.34236947791164657,0.6576305220883534,1.0,0.34236947791164657
unrelated,0.34,0.0,0.3376004016064257,0.6623995983935743,1.0,0.3376004016064257
unrelated,0.341,2e-05,0.33308232931726905,0.6669176706827309,0.99998,0.33306232931726903
unrelated,0.342,2e-05,0.32756024096385544,0.6724397590361446,0.99998,0.3275402409638554
unrelated,0.343,2e-05,0.3220381526104418,0.6779618473895582,0.99998,0.32201815261044175
unrelated,0.34400000000000003,2e-05,0.31676706827309237,0.6832329317269077,0.99998,0.31674706827309235
unrelated,0.34500000000000003,2e-05,0.31224899598393574,0.6877510040160643,0.99998,0.3122289959839357
unrelated,0.34600000000000003,2e-05,0.30697791164658633,0.6930220883534137,0.99998,0.3069579116465863
unrelated,0.34700000000000003,2e-05,0.3019578313253012,0.6980421686746988,0.99998,0.30193783132530116
unrelated,0.34800000000000003,2e-05,0.29593373493975905,0.704066265060241,0.99998,0.29591373493975903
unrelated,0.34900000000000003,2e-05,0.2891566265060241,0.7108433734939759,0.99998,0.28913662650602406
unrelated,0.35000000000000003,2e-05,0.285140562248996,0.714859437751004,0.99998,0.28512056224899596
unrelated,0.35100000000000003,6e-05,0.28062248995983935,0.7193775100401607,0.99994,0.28056248995983935
unrelated,0.352,8e-05,0.27660642570281124,0.7233935742971888,0.99992,0.2765264257028112
unrelated,0.353,8e-05,0.2703313253012048,0.7296686746987953,0.99992,0.27025132530120477
unrelated,0.354,0.0001,0.2663152610441767,0.7336847389558233,0.9999,0.2662152610441767
unrelated,0.355,0.00012,0.26104417670682734,0.7389558232931727,0.99988,0.2609241767068273
unrelated,0.356,0.00014,0.25552208835341367,0.7444779116465863,0.99986,0.2553820883534137
unrelated,0.357,0.00014,0.25150602409638556,0.7484939759036144,0.99986,0.2513660240963856
unrelated,0.358,0.00016,0.24849397590361447,0.7515060240963856,0.99984,0.24833397590361447
unrelated,0.359,0.00016,0.24447791164658633,0.7555220883534137,0.99984,0.24431791164658634
unrelated,0.36,0.00018,0.24021084337349397,0.759789156626506,0.99982,0.24003084337349395
unrelated,0.361,0.00018,0.2371987951807229,0.7628012048192772,0.99982,0.23701879518072289
unrelated,0.362,0.00022,0.23293172690763053,0.7670682730923695,0.99978,0.23271172690763053
unrelated,0.363,0.00026,0.2289156626506024,0.7710843373493976,0.99974,0.2286556626506024
unrelated,0.364,0.00028,0.22565261044176707,0.7743473895582329,0.99972,0.22537261044176707
unrelated,0.365,0.0003,0.22063253012048192,0.7793674698795181,0.9997,0.22033253012048193
unrelated,0.366,0.00034,0.21511044176706828,0.7848895582329317,0.99966,0.21477044176706828
unrelated,0.367,0.00038,0.21059236947791166,0.7894076305220883,0.99962,0.21021236947791166
unrelated,0.368,0.00048,0.20682730923694778,0.7931726907630522,0.99952,0.20634730923694777
unrelated,0.369,0.00056,0.20306224899598393,0.7969377510040161,0.99944,0.20250224899598393
unrelated,0.37,0.0007,0.19678714859437751,0.8032128514056225,0.9993,0.1960871485943775
unrelated,0.371,0.00076,0.19402610441767068,0.8059738955823293,0.99924,0.19326610441767067
unrelated,0.372,0.00082,0.19076305220883535,0.8092369477911646,0.99918,0.18994305220883537
unrelated,0.373,0.00092,0.18649598393574296,0.813504016064257,0.99908,0.18557598393574296
unrelated,0.374,0.00102,0.18323293172690763,0.8167670682730923,0.99898,0.18221293172690764
unrelated,0.375,0.00108,0.17921686746987953,0.8207831325301205,0.99892,0.17813686746987953
unrelated,0.376,0.00126,0.17720883534136547,0.8227911646586346,0.99874,0.17594883534136546
unrelated,0.377,0.00132,0.1746987951807229,0.8253012048192772,0.99868,0.1733787951807229
unrelated,0.378,0.00148,0.17218875502008033,0.8278112449799196,0.99852,0.17070875502008032
unrelated,0.379,0.00152,0.1694277108433735,0.8305722891566265,0.99848,0.1679077108433735
unrelated,0.38,0.00186,0.16566265060240964,0.8343373493975903,0.99814,0.16380265060240964
unrelated,0.381,0.00216,0.16214859437751003,0.8378514056224899,0.99784,0.15998859437751003
unrelated,0.382,0.00242,0.15863453815261044,0.8413654618473896,0.99758,0.15621453815261044
unrelated,0.383,0.00276,0.1553714859437751,0.8446285140562249,0.99724,0.15261148594377508
unrelated,0.384,0.00298,0.15160642570281124,0.8483935742971888,0.99702,0.14862642570281123
unrelated,0.385,0.00348,0.1488453815261044,0.8511546184738956,0.99652,0.1453653815261044
unrelated,0.386,0.004,0.14583333333333334,0.8541666666666666,0.996,0.14183333333333334
unrelated,0.387,0.0045,0.142570281124498,0.857429718875502,0.9955,0.13807028112449798
unrelated,0.388,0.0051,0.13830321285140562,0.8616967871485943,0.9949,0.13320321285140563
unrelated,0.389,0.0057,0.13529116465863453,0.8647088353413654,0.9943,0.12959116465863452
unrelated,0.39,0.00634,0.1330321285140562,0.8669678714859438,0.99366,0.1266921285140562
unrelated,0.391,0.00722,0.1307730923694779,0.8692269076305221,0.99278,0.1235530923694779
unrelated,0.392,0.00816,0.1297690763052209,0.8702309236947792,0.99184,0.12160907630522089
unrelated,0.393,0.00898,0.1272590361445783,0.8727409638554217,0.99102,0.11827903614457831
unrelated,0.394,0.00998,0.12374497991967871,0.8762550200803213,0.99002,0.11376497991967871
unrelated,0.395,0.01106,0.11922690763052209,0.8807730923694779,0.98894,0.10816690763052209
unrelated,0.396,0.01236,0.11596385542168675,0.8840361445783133,0.98764,0.10360385542168675
unrelated,0.397,0.01372,0.11420682730923695,0.8857931726907631,0.98628,0.10048682730923696
unrelated,0.398,0.01534,0.11244979919678715,0.8875502008032129,0.98466,0.09710979919678714
unrelated,0.399,0.01726,0.10818273092369478,0.8918172690763052,0.98274,0.09092273092369478
unrelated,0.4,0.0189,0.1056726907630522,0.8943273092369478,0.9811,0.0867726907630522
unrelated,0.401,0.02112,0.10391566265060241,0.8960843373493976,0.97888,0.08279566265060241
unrelated,0.402,0.02328,0.10291164658634538,0.8970883534136547,0.97672,0.07963164658634539
unrelated,0.403,0.02546,0.10015060240963855,0.8998493975903614,0.97454,0.07469060240963855
unrelated,0.404,0.02822,0.09764056224899599,0.902359437751004,0.97178,0.069420562248996
unrelated,0.405,0.03126,0.09513052208835342,0.9048694779116466,0.96874,0.06387052208835342
unrelated,0.406,0.03424,0.09136546184738956,0.9086345381526104,0.96576,0.05712546184738956
unrelated,0.40700000000000003,0.03762,0.08960843373493976,0.9103915662650602,0.96238,0.05198843373493976
unrelated,0.40800000000000003,0.0414,0.08785140562248996,0.9121485943775101,0.9586,0.04645140562248996
unrelated,0.40900000000000003,0.04568,0.08609437751004016,0.9139056224899599,0.9543200000000001,0.040414377510040164
unrelated,0.41000000000000003,0.04992,0.08458835341365462,0.9154116465863453,0.95008,0.034668353413654616
unrelated,0.41100000000000003,0.0543,0.08258032128514056,0.9174196787148594,0.9457,0.02828032128514056
unrelated,0.41200000000000003,0.05932,0.08057228915662651,0.9194277108433735,0.94068,0.02125228915662651
unrelated,0.41300000000000003,0.065,0.0783132530120482,0.9216867469879518,0.935,0.013313253012048193
unrelated,0.41400000000000003,0.071,0.07580321285140562,0.9241967871485943,0.929,0.004803212851405628
unrelated,0.41500000000000004,0.077,0.07404618473895583,0.9259538152610441,0.923,0.002953815261044171
unrelated,0.41600000000000004,0.0832,0.07103413654618473,0.9289658634538153,0.9168000000000001,0.012165863453815262
unrelated,0.417,0.09084,0.06852409638554217,0.9314759036144579,0.90916,0.02231590361445783
unrelated,0.418,0.0976,0.06676706827309237,0.9332329317269077,0.9024,0.03083293172690764
unrelated,0.419,0.10458,0.06475903614457831,0.9352409638554217,0.89542,0.03982096385542169
unrelated,0.42,0.11296,0.06099397590361446,0.9390060240963856,0.88704,0.051966024096385545
unrelated,0.421,0.1205,0.05973895582329317,0.9402610441767069,0.8795,0.06076104417670682
unrelated,0.422,0.12966,0.05823293172690763,0.9417670682730923,0.87034,0.07142706827309236
unrelated,0.423,0.13872,0.05647590361445783,0.9435240963855421,0.86128,0.08224409638554217
unrelated,0.424,0.1485,0.05396586345381526,0.9460341365461847,0.8515,0.09453413654618473
unrelated,0.425,0.159,0.051706827309236945,0.9482931726907631,0.841,0.10729317269076305
unrelated,0.426,0.16986,0.049949799196787145,0.9500502008032129,0.83014,0.11991020080321287
unrelated,0.427,0.18088,0.04794176706827309,0.9520582329317269,0.81912,0.1329382329317269
unrelated,0.428,0.19168,0.04643574297188755,0.9535642570281124,0.80832,0.14524425702811244
unrelated,0.429,0.20346,0.044929718875502005,0.955070281124498,0.79654,0.158530281124498
unrelated,0.43,0.21572,0.04392570281124498,0.956074297188755,0.78428,0.17179429718875502
unrelated,0.431,0.22766,0.04241967871485944,0.9575803212851406,0.77234,0.18524032128514056
unrelated,0.432,0.2404,0.04141566265060241,0.9585843373493976,0.7596,0.19898433734939758
unrelated,0.433,0.2536,0.03890562248995984,0.9610943775100401,0.7464,0.21469437751004017
unrelated,0.434,0.26778,0.03714859437751004,0.9628514056224899,0.73222,0.23063140562249
unrelated,0.435,0.28144,0.035391566265060244,0.9646084337349398,0.71856,0.2460484337349398
unrelated,0.436,0.29628,0.0338855421686747,0.9661144578313253,0.70372,0.2623944578313253
unrelated,0.437,0.3106,0.03237951807228916,0.9676204819277109,0.6894,0.2782204819277108
unrelated,0.438,0.32482,0.03137550200803213,0.9686244979919678,0.67518,0.29344449799196787
unrelated,0.439,0.33936,0.02961847389558233,0.9703815261044176,0.66064,0.3097415261044177
unrelated,0.44,0.35434,0.029367469879518073,0.9706325301204819,0.64566,0.32497253012048194
unrelated,0.441,0.37076,0.027610441767068273,0.9723895582329317,0.62924,0.3431495582329317
unrelated,0.442,0.38618,0.025602409638554216,0.9743975903614458,0.61382,0.3605775903614458
unrelated,0.443,0.40156,0.02384538152610442,0.9761546184738956,0.5984400000000001,0.37771461847389554
unrelated,0.444,0.41688,0.022590361445783132,0.9774096385542169,0.5831200000000001,0.39428963855421684
unrelated,0.445,0.43292,0.020582329317269075,0.9794176706827309,0.56708,0.412337670682731
unrelated,0.446,0.44928,0.019829317269076305,0.9801706827309237,0.55072,0.4294506827309237
unrelated,0.447,0.46558,0.019076305220883535,0.9809236947791165,0.53442,0.44650369477911644
unrelated,0.448,0.4826,0.01782128514056225,0.9821787148594378,0.5174000000000001,0.4647787148594377
unrelated,0.449,0.4995,0.01581325301204819,0.9841867469879518,0.5005,0.48368674698795183
unrelated,0.45,0.5161,0.014809236947791165,0.9851907630522089,0.4839,0.5012907630522089
unrelated,0.451,0.53218,0.014056224899598393,0.9859437751004017,0.46782,0.5181237751004016
unrelated,0.452,0.54896,0.013052208835341365,0.9869477911646586,0.45104,0.5359077911646586
unrelated,0.453,0.56634,0.012550200803212851,0.9874497991967871,0.43366000000000005,0.5537897991967871
unrelated,0.454,0.5834,0.012299196787148595,0.9877008032128514,0.41659999999999997,0.5711008032128514
unrelated,0.455,0.59896,0.011295180722891566,0.9887048192771084,0.40103999999999995,0.5876648192771085
unrelated,0.456,0.61414,0.010793172690763053,0.9892068273092369,0.38586,0.6033468273092369
unrelated,0.457,0.62958,0.009789156626506024,0.990210843373494,0.37041999999999997,0.619790843373494
unrelated,0.458,0.64434,0.008785140562248996,0.991214859437751,0.35566,0.635554859437751
unrelated,0.459,0.66008,0.008283132530120483,0.9917168674698795,0.33992,0.6517968674698795
unrelated,0.46,0.67584,0.007530120481927711,0.9924698795180723,0.32416,0.6683098795180723
unrelated,0.461,0.69086,0.007279116465863454,0.9927208835341366,0.30913999999999997,0.6835808835341366
unrelated,0.462,0.70482,0.007279116465863454,0.9927208835341366,0.29518,0.6975408835341366
unrelated,0.463,0.71828,0.006526104417670682,0.9934738955823293,0.28171999999999997,0.7117538955823294
unrelated,0.464,0.7313,0.005522088353413655,0.9944779116465864,0.26870000000000005,0.7257779116465863
unrelated,0.465,0.74456,0.005271084337349397,0.9947289156626506,0.25544,0.7392889156626506
unrelated,0.466,0.75688,0.0050200803212851405,0.9949799196787149,0.24312,0.7518599196787149
unrelated,0.467,0.76852,0.004769076305220884,0.9952309236947792,0.23148000000000002,0.7637509236947791
unrelated,0.468,0.7805,0.00426706827309237,0.9957329317269076,0.21950000000000003,0.7762329317269075
unrelated,0.46900000000000003,0.79342,0.00426706827309237,0.9957329317269076,0.20657999999999999,0.7891529317269076
unrelated,0.47000000000000003,0.8045,0.004016064257028112,0.9959839357429718,0.1955,0.8004839357429718
unrelated,0.47100000000000003,0.81662,0.003263052208835341,0.9967369477911646,0.18338,0.8133569477911646
unrelated,0.47200000000000003,0.82678,0.0030120481927710845,0.9969879518072289,0.17322000000000004,0.8237679518072288
unrelated,0.47300000000000003,0.83722,0.0030120481927710845,0.9969879518072289,0.16278000000000004,0.8342079518072288
unrelated,0.47400000000000003,0.84802,0.0027610441767068274,0.9972389558232931,0.15198,0.8452589558232931
unrelated,0.47500000000000003,0.85712,0.0025100401606425703,0.9974899598393574,0.14288,0.8546099598393574
unrelated,0.47600000000000003,0.86682,0.002008032128514056,0.9979919678714859,0.13317999999999997,0.864811967871486
unrelated,0.47700000000000004,0.87472,0.0017570281124497991,0.9982429718875502,0.12527999999999995,0.8729629718875502
unrelated,0.47800000000000004,0.88318,0.0012550200803212851,0.9987449799196787,0.11682000000000003,0.8819249799196787
unrelated,0.47900000000000004,0.89048,0.001004016064257028,0.998995983935743,0.10951999999999995,0.889475983935743
unrelated,0.48,0.89698,0.001004016064257028,0.998995983935743,0.10302,0.895975983935743
unrelated,0.481,0.9038,0.001004016064257028,0.998995983935743,0.09619999999999995,0.902795983935743
unrelated,0.482,0.91044,0.001004016064257028,0.998995983935743,0.08955999999999997,0.909435983935743
unrelated,0.483,0.91716,0.001004016064257028,0.998995983935743,0.08284000000000002,0.9161559839357429
unrelated,0.484,0.92332,0.001004016064257028,0.998995983935743,0.07667999999999997,0.922315983935743
unrelated,0.485,0.92892,0.0007530120481927711,0.9992469879518072,0.07108000000000003,0.9281669879518072
unrelated,0.486,0.9341,0.0007530120481927711,0.9992469879518072,0.06589999999999996,0.9333469879518073
unrelated,0.487,0.93916,0.0007530120481927711,0.9992469879518072,0.060840000000000005,0.9384069879518072
unrelated,0.488,0.94384,0.0007530120481927711,0.9992469879518072,0.05615999999999999,0.9430869879518072
unrelated,0.489,0.94792,0.0007530120481927711,0.9992469879518072,0.052080000000000015,0.9471669879518072
unrelated,0.49,0.95228,0.000502008032128514,0.9994979919678715,0.047719999999999985,0.9517779919678715
unrelated,0.491,0.95594,0.000502008032128514,0.9994979919678715,0.04405999999999999,0.9554379919678715
unrelated,0.492,0.95974,0.000502008032128514,0.9994979919678715,0.04025999999999996,0.9592379919678715
unrelated,0.493,0.96296,0.000251004016064257,0.9997489959839357,0.03703999999999996,0.9627089959839358
unrelated,0.494,0.9662,0.000251004016064257,0.9997489959839357,0.03380000000000005,0.9659489959839357
unrelated,0.495,0.96872,0.000251004016064257,0.9997489959839357,0.031279999999999974,0.9684689959839358
unrelated,0.496,0.97114,0.000251004016064257,0.9997489959839357,0.028859999999999997,0.9708889959839357
unrelated,0.497,0.97354,0.000251004016064257,0.9997489959839357,0.02646000000000004,0.9732889959839357
unrelated,0.498,0.97584,0.000251004016064257,0.9997489959839357,0.02415999999999996,0.9755889959839358
unrelated,0.499,0.9776,0.000251004016064257,0.9997489959839357,0.022399999999999975,0.9773489959839358
unrelated,0.5,0.97944,0.000251004016064257,0.9997489959839357,0.020560000000000023,0.9791889959839357
unrelated,0.501,0.98142,0.000251004016064257,0.9997489959839357,0.01858000000000004,0.9811689959839357
unrelated,0.502,0.98364,0.000251004016064257,0.9997489959839357,0.01636000000000004,0.9833889959839357
unrelated,0.503,0.98514,0.000251004016064257,0.9997489959839357,0.014859999999999984,0.9848889959839358
unrelated,0.504,0.98648,0.000251004016064257,0.9997489959839357,0.013519999999999976,0.9862289959839358
unrelated,0.505,0.98804,0.000251004016064257,0.9997489959839357,0.01195999999999997,0.9877889959839358
unrelated,0.506,0.98912,0.000251004016064257,0.9997489959839357,0.01088,0.9888689959839357
unrelated,0.507,0.99016,0.000251004016064257,0.9997489959839357,0.00983999999999996,0.9899089959839358
unrelated,0.508,0.99132,0.000251004016064257,0.9997489959839357,0.008680000000000021,0.9910689959839357
unrelated,0.509,0.992,0.000251004016064257,0.9997489959839357,0.008000000000000007,0.9917489959839357
unrelated,0.51,0.99282,0.000251004016064257,0.9997489959839357,0.007179999999999964,0.9925689959839358
unrelated,0.511,0.9937,0.000251004016064257,0.9997489959839357,0.006299999999999972,0.9934489959839358
unrelated,0.512,0.99444,0.000251004016064257,0.9997489959839357,0.005560000000000009,0.9941889959839357
unrelated,0.513,0.99492,0.000251004016064257,0.9997489959839357,0.005079999999999973,0.9946689959839358
unrelated,0.514,0.99546,0.000251004016064257,0.9997489959839357,0.0045399999999999885,0.9952089959839358
unrelated,0.515,0.99604,0.000251004016064257,0.9997489959839357,0.0039599999999999635,0.9957889959839358
unrelated,0.516,0.99642,0.0,1.0,0.0035800000000000276,0.99642
unrelated,0.517,0.99664,0.0,1.0,0.0033600000000000296,0.99664
unrelated,0.518,0.99702,0.0,1.0,0.0029799999999999827,0.99702
unrelated,0.519,0.99744,0.0,1.0,0.0025600000000000067,0.99744
unrelated,0.52,0.99778,0.0,1.0,0.0022199999999999998,0.99778
unrelated,0.521,0.99814,0.0,1.0,0.0018599999999999728,0.99814
unrelated,0.522,0.99834,0.0,1.0,0.0016599999999999948,0.99834
unrelated,0.523,0.99858,0.0,1.0,0.0014199999999999768,0.99858
unrelated,0.524,0.99876,0.0,1.0,0.0012400000000000189,0.99876
unrelated,0.525,0.99884,0.0,1.0,0.0011600000000000499,0.99884
unrelated,0.526,0.99896,0.0,1.0,0.001040000000000041,0.99896
unrelated,0.527,0.99912,0.0,1.0,0.0008799999999999919,0.99912
unrelated,0.528,0.99928,0.0,1.0,0.0007200000000000539,0.99928
unrelated,0.529,0.99936,0.0,1.0,0.0006399999999999739,0.99936
unrelated,0.53,0.99942,0.0,1.0,0.0005800000000000249,0.99942
unrelated,0.531,0.9995,0.0,1.0,0.0004999999999999449,0.9995
unrelated,0.532,0.99952,0.0,1.0,0.00048000000000003595,0.99952
unrelated,0.533,0.99956,0.0,1.0,0.00043999999999999595,0.99956
unrelated,0.534,0.99966,0.0,1.0,0.00034000000000000696,0.99966
unrelated,0.535,0.9997,0.0,1.0,0.00029999999999996696,0.9997
unrelated,0.536,0.99972,0.0,1.0,0.00027999999999994696,0.99972
unrelated,0.537,0.99974,0.0,1.0,0.000260000000000038,0.99974
unrelated,0.538,0.99976,0.0,1.0,0.00024000000000001798,0.99976
unrelated,0.539,0.99976,0.0,1.0,0.00024000000000001798,0.99976
unrelated,0.54,0.99978,0.0,1.0,0.00021999999999999797,0.99978
unrelated,0.541,0.99982,0.0,1.0,0.00017999999999995797,0.99982
unrelated,0.542,0.99982,0.0,1.0,0.00017999999999995797,0.99982
unrelated,0.543,0.99984,0.0,1.0,0.000160000000000049,0.99984
unrelated,0.544,0.99986,0.0,1.0,0.000140000000000029,0.99986
unrelated,0.545,0.99986,0.0,1.0,0.000140000000000029,0.99986
unrelated,0.546,0.99986,0.0,1.0,0.000140000000000029,0.99986
unrelated,0.547,0.99986,0.0,1.0,0.000140000000000029,0.99986
unrelated,0.548,0.99986,0.0,1.0,0.000140000000000029,0.99986
unrelated,0.549,0.99988,0.0,1.0,0.00012000000000000899,0.99988
unrelated,0.55,0.99992,0.0,1.0,7.999999999996898e-05,0.99992
unrelated,0.551,0.99992,0.0,1.0,7.999999999996898e-05,0.99992
unrelated,0.552,0.99994,0.0,1.0,5.999999999994898e-05,0.99994
unrelated,0.553,0.99994,0.0,1.0,5.999999999994898e-05,0.99994
unrelated,0.554,0.99996,0.0,1.0,4.0000000000040004e-05,0.99996
unrelated,0.555,0.99996,0.0,1.0,4.0000000000040004e-05,0.99996
unrelated,0.556,0.99996,0.0,1.0,4.0000000000040004e-05,0.99996
unrelated,0.557,0.99996,0.0,1.0,4.0000000000040004e-05,0.99996
unrelated,0.558,0.99998,0.0,1.0,2.0000000000020002e-05,0.99998
unrelated,0.559,0.99998,0.0,1.0,2.0000000000020002e-05,0.99998
unrelated,0.56,0.99998,0.0,1.0,2.0000000000020002e-05,0.99998
unrelated,0.561,0.99998,0.0,1.0,2.0000000000020002e-05,0.99998
unrelated,0.562,0.99998,0.0,1.0,2.0000000000020002e-05,0.99998
unrelated,0.5630000000000001,0.99998,0.0,1.0,2.0000000000020002e-05,0.99998
unrelated,0.5640000000000001,1.0,0.0,1.0,0.0,1.0
unrelated,0.5650000000000001,1.0,0.0,1.0,0.0,1.0
unrelated,0.5660000000000001,1.0,0.0,1.0,0.0,1.0
unrelated,0.5670000000000001,1.0,0.0,1.0,0.0,1.0
unrelated,0.5680000000000001,1.0,0.0,1.0,0.0,1.0
unrelated,0.5690000000000001,1.0,0.0,1.0,0.0,1.0
unrelated,0.5700000000000001,1.0,0.0,1.0,0.0,1.0
unrelated,0.5710000000000001,1.0,0.0,1.0,0.0,1.0
unrelated,0.5720000000000001,1.0,0.0,1.0,0.0,1.0
unrelated,0.5730000000000001,1.0,0.0,1.0,0.0,1.0
unrelated,0.5740000000000001,1.0,0.0,1.0,0.0,1.0
unrelated,0.5750000000000001,1.0,0.0,1.0,0.0,1.0
unrelated,0.5760000000000001,1.0,0.0,1.0,0.0,1.0
unrelated,0.577,1.0,0.0,1.0,0.0,1.0
unrelated,0.578,1.0,0.0,1.0,0.0,1.0
unrelated,0.579,1.0,0.0,1.0,0.0,1.0
unrelated,0.58,1.0,0.0,1.0,0.0,1.0
unrelated,0.581,1.0,0.0,1.0,0.0,1.0
unrelated,0.582,1.0,0.0,1.0,0.0,1.0
unrelated,0.583,1.0,0.0,1.0,0.0,1.0
unrelated,0.584,1.0,0.0,1.0,0.0,1.0
unrelated,0.585,1.0,0.0,1.0,0.0,1.0
unrelated,0.586,1.0,0.0,1.0,0.0,1.0
unrelated,0.587,1.0,0.0,1.0,0.0,1.0
unrelated,0.588,1.0,0.0,1.0,0.0,1.0
unrelated,0.589,1.0,0.0,1.0,0.0,1.0
unrelated,0.59,1.0,0.0,1.0,0.0,1.0
unrelated,0.591,1.0,0.0,1.0,0.0,1.0
unrelated,0.592,1.0,0.0,1.0,0.0,1.0
unrelated,0.593,1.0,0.0,1.0,0.0,1.0
unrelated,0.594,1.0,0.0,1.0,0.0,1.0
unrelated,0.595,1.0,0.0,1.0,0.0,1.0
unrelated,0.596,1.0,0.0,1.0,0.0,1.0
unrelated,0.597,1.0,0.0,1.0,0.0,1.0
unrelated,0.598,1.0,0.0,1.0,0.0,1.0
unrelated,0.599,1.0,0.0,1.0,0.0,1.0
unrelated,0.6,1.0,0.0,1.0,0.0,1.0
unrelated,0.601,1.0,0.0,1.0,0.0,1.0
unrelated,0.602,1.0,0.0,1.0,0.0,1.0
unrelated,0.603,1.0,0.0,1.0,0.0,1.0
unrelated,0.604,1.0,0.0,1.0,0.0,1.0
unrelated,0.605,1.0,0.0,1.0,0.0,1.0
unrelated,0.606,1.0,0.0,1.0,0.0,1.0
unrelated,0.607,1.0,0.0,1.0,0.0,1.0
unrelated,0.608,1.0,0.0,1.0,0.0,1.0
unrelated,0.609,1.0,0.0,1.0,0.0,1.0
unrelated,0.61,1.0,0.0,1.0,0.0,1.0
unrelated,0.611,1.0,0.0,1.0,0.0,1.0
unrelated,0.612,1.0,0.0,1.0,0.0,1.0
unrelated,0.613,1.0,0.0,1.0,0.0,1.0
unrelated,0.614,1.0,0.0,1.0,0.0,1.0
unrelated,0.615,1.0,0.0,1.0,0.0,1.0
unrelated,0.616,1.0,0.0,1.0,0.0,1.0
unrelated,0.617,1.0,0.0,1.0,0.0,1.0
unrelated,0.618,1.0,0.0,1.0,0.0,1.0
unrelated,0.619,1.0,0.0,1.0,0.0,1.0
unrelated,0.62,1.0,0.0,1.0,0.0,1.0
unrelated,0.621,1.0,0.0,1.0,0.0,1.0
unrelated,0.622,1.0,0.0,1.0,0.0,1.0
unrelated,0.623,1.0,0.0,1.0,0.0,1.0
unrelated,0.624,1.0,0.0,1.0,0.0,1.0
unrelated,0.625,1.0,0.0,1.0,0.0,1.0
unrelated,0.626,1.0,0.0,1.0,0.0,1.0
unrelated,0.627,1.0,0.0,1.0,0.0,1.0
unrelated,0.628,1.0,0.0,1.0,0.0,1.0
unrelated,0.629,1.0,0.0,1.0,0.0,1.0
unrelated,0.63,1.0,0.0,1.0,0.0,1.0
unrelated,0.631,1.0,0.0,1.0,0.0,1.0
unrelated,0.632,1.0,0.0,1.0,0.0,1.0
unrelated,0.633,1.0,0.0,1.0,0.0,1.0
unrelated,0.634,1.0,0.0,1.0,0.0,1.0
unrelated,0.635,1.0,0.0,1.0,0.0,1.0
unrelated,0.636,1.0,0.0,1.0,0.0,1.0
unrelated,0.637,1.0,0.0,1.0,0.0,1.0
unrelated,0.638,1.0,0.0,1.0,0.0,1.0
unrelated,0.639,1.0,0.0,1.0,0.0,1.0
unrelated,0.64,1.0,0.0,1.0,0.0,1.0
unrelated,0.641,1.0,0.0,1.0,0.0,1.0
unrelated,0.642,1.0,0.0,1.0,0.0,1.0
unrelated,0.643,1.0,0.0,1.0,0.0,1.0
unrelated,0.644,1.0,0.0,1.0,0.0,1.0
unrelated,0.645,1.0,0.0,1.0,0.0,1.0
unrelated,0.646,1.0,0.0,1.0,0.0,1.0
unrelated,0.647,1.0,0.0,1.0,0.0,1.0
unrelated,0.648,1.0,0.0,1.0,0.0,1.0
unrelated,0.649,1.0,0.0,1.0,0.0,1.0
unrelated,0.65,1.0,0.0,1.0,0.0,1.0
twin_same_eye,0.0,0.0,1.0,0.0,1.0,1.0
twin_same_eye,0.001,0.0,1.0,0.0,1.0,1.0
twin_same_eye,0.002,0.0,1.0,0.0,1.0,1.0
twin_same_eye,0.003,0.0,1.0,0.0,1.0,1.0
twin_same_eye,0.004,0.0,1.0,0.0,1.0,1.0
twin_same_eye,0.005,0.0,1.0,0.0,1.0,1.0
twin_same_eye,0.006,0.0,1.0,0.0,1.0,1.0
twin_same_eye,0.007,0.0,1.0,0.0,1.0,1.0
twin_same_eye,0.008,0.0,1.0,0.0,1.0,1.0
twin_same_eye,0.009000000000000001,0.0,1.0,0.0,1.0,1.0
twin_same_eye,0.01,0.0,1.0,0.0,1.0,1.0
twin_same_eye,0.011,0.0,1.0,0.0,1.0,1.0
twin_same_eye,0.012,0.0,1.0,0.0,1.0,1.0
twin_same_eye,0.013000000000000001,0.0,1.0,0.0,1.0,1.0
twin_same_eye,0.014,0.0,1.0,0.0,1.0,1.0
twin_same_eye,0.015,0.0,1.0,0.0,1.0,1.0
twin_same_eye,0.016,0.0,1.0,0.0,1.0,1.0
twin_same_eye,0.017,0.0,1.0,0.0,1.0,1.0
twin_same_eye,0.018000000000000002,0.0,1.0,0.0,1.0,1.0
twin_same_eye,0.019,0.0,1.0,0.0,1.0,1.0
twin_same_eye,0.02,0.0,1.0,0.0,1.0,1.0
twin_same_eye,0.021,0.0,1.0,0.0,1.0,1.0
twin_same_eye,0.022,0.0,1.0,0.0,1.0,1.0
twin_same_eye,0.023,0.0,1.0,0.0,1.0,1.0
twin_same_eye,0.024,0.0,1.0,0.0,1.0,1.0
twin_same_eye,0.025,0.0,1.0,0.0,1.0,1.0
twin_same_eye,0.026000000000000002,0.0,1.0,0.0,1.0,1.0
twin_same_eye,0.027,0.0,1.0,0.0,1.0,1.0
twin_same_eye,0.028,0.0,1.0,0.0,1.0,1.0
twin_same_eye,0.029,0.0,1.0,0.0,1.0,1.0
twin_same_eye,0.03,0.0,1.0,0.0,1.0,1.0
twin_same_eye,0.031,0.0,1.0,0.0,1.0,1.0
twin_same_eye,0.032,0.0,1.0,0.0,1.0,1.0
twin_same_eye,0.033,0.0,1.0,0.0,1.0,1.0
twin_same_eye,0.034,0.0,1.0,0.0,1.0,1.0
twin_same_eye,0.035,0.0,1.0,0.0,1.0,1.0
twin_same_eye,0.036000000000000004,0.0,1.0,0.0,1.0,1.0
twin_same_eye,0.037,0.0,1.0,0.0,1.0,1.0
twin_same_eye,0.038,0.0,1.0,0.0,1.0,1.0
twin_same_eye,0.039,0.0,1.0,0.0,1.0,1.0
twin_same_eye,0.04,0.0,1.0,0.0,1.0,1.0
twin_same_eye,0.041,0.0,1.0,0.0,1.0,1.0
twin_same_eye,0.042,0.0,1.0,0.0,1.0,1.0
twin_same_eye,0.043000000000000003,0.0,1.0,0.0,1.0,1.0
twin_same_eye,0.044,0.0,1.0,0.0,1.0,1.0
twin_same_eye,0.045,0.0,1.0,0.0,1.0,1.0
twin_same_eye,0.046,0.0,1.0,0.0,1.0,1.0
twin_same_eye,0.047,0.0,1.0,0.0,1.0,1.0
twin_same_eye,0.048,0.0,1.0,0.0,1.0,1.0
twin_same_eye,0.049,0.0,1.0,0.0,1.0,1.0
twin_same_eye,0.05,0.0,1.0,0.0,1.0,1.0
twin_same_eye,0.051000000000000004,0.0,1.0,0.0,1.0,1.0
twin_same_eye,0.052000000000000005,0.0,1.0,0.0,1.0,1.0
twin_same_eye,0.053,0.0,1.0,0.0,1.0,1.0
twin_same_eye,0.054,0.0,1.0,0.0,1.0,1.0
twin_same_eye,0.055,0.0,1.0,0.0,1.0,1.0
twin_same_eye,0.056,0.0,1.0,0.0,1.0,1.0
twin_same_eye,0.057,0.0,1.0,0.0,1.0,1.0
twin_same_eye,0.058,0.0,1.0,0.0,1.0,1.0
twin_same_eye,0.059000000000000004,0.0,1.0,0.0,1.0,1.0
twin_same_eye,0.06,0.0,1.0,0.0,1.0,1.0
twin_same_eye,0.061,0.0,1.0,0.0,1.0,1.0
twin_same_eye,0.062,0.0,1.0,0.0,1.0,1.0
twin_same_eye,0.063,0.0,1.0,0.0,1.0,1.0
twin_same_eye,0.064,0.0,1.0,0.0,1.0,1.0
twin_same_eye,0.065,0.0,1.0,0.0,1.0,1.0
twin_same_eye,0.066,0.0,1.0,0.0,1.0,1.0
twin_same_eye,0.067,0.0,1.0,0.0,1.0,1.0
twin_same_eye,0.068,0.0,1.0,0.0,1.0,1.0
twin_same_eye,0.069,0.0,1.0,0.0,1.0,1.0
twin_same_eye,0.07,0.0,1.0,0.0,1.0,1.0
twin_same_eye,0.07100000000000001,0.0,1.0,0.0,1.0,1.0
twin_same_eye,0.07200000000000001,0.0,1.0,0.0,1.0,1.0
twin_same_eye,0.073,0.0,1.0,0.0,1.0,1.0
twin_same_eye,0.074,0.0,1.0,0.0,1.0,1.0
twin_same_eye,0.075,0.0,1.0,0.0,1.0,1.0
twin_same_eye,0.076,0.0,1.0,0.0,1.0,1.0
twin_same_eye,0.077,0.0,1.0,0.0,1.0,1.0
twin_same_eye,0.078,0.0,1.0,0.0,1.0,1.0
twin_same_eye,0.079,0.0,1.0,0.0,1.0,1.0
twin_same_eye,0.08,0.0,1.0,0.0,1.0,1.0
twin_same_eye,0.081,0.0,1.0,0.0,1.0,1.0
twin_same_eye,0.082,0.0,1.0,0.0,1.0,1.0
twin_same_eye,0.083,0.0,1.0,0.0,1.0,1.0
twin_same_eye,0.084,0.0,1.0,0.0,1.0,1.0
twin_same_eye,0.085,0.0,1.0,0.0,1.0,1.0
twin_same_eye,0.08600000000000001,0.0,1.0,0.0,1.0,1.0
twin_same_eye,0.08700000000000001,0.0,1.0,0.0,1.0,1.0
twin_same_eye,0.088,0.0,1.0,0.0,1.0,1.0
twin_same_eye,0.089,0.0,1.0,0.0,1.0,1.0
twin_same_eye,0.09,0.0,1.0,0.0,1.0,1.0
twin_same_eye,0.091,0.0,1.0,0.0,1.0,1.0
twin_same_eye,0.092,0.0,1.0,0.0,1.0,1.0
twin_same_eye,0.093,0.0,1.0,0.0,1.0,1.0
twin_same_eye,0.094,0.0,1.0,0.0,1.0,1.0
twin_same_eye,0.095,0.0,1.0,0.0,1.0,1.0
twin_same_eye,0.096,0.0,1.0,0.0,1.0,1.0
twin_same_eye,0.097,0.0,1.0,0.0,1.0,1.0
twin_same_eye,0.098,0.0,1.0,0.0,1.0,1.0
twin_same_eye,0.099,0.0,1.0,0.0,1.0,1.0
twin_same_eye,0.1,0.0,1.0,0.0,1.0,1.0
twin_same_eye,0.101,0.0,1.0,0.0,1.0,1.0
twin_same_eye,0.10200000000000001,0.0,1.0,0.0,1.0,1.0
twin_same_eye,0.10300000000000001,0.0,1.0,0.0,1.0,1.0
twin_same_eye,0.10400000000000001,0.0,1.0,0.0,1.0,1.0
twin_same_eye,0.105,0.0,1.0,0.0,1.0,1.0
twin_same_eye,0.106,0.0,1.0,0.0,1.0,1.0
twin_same_eye,0.107,0.0,1.0,0.0,1.0,1.0
twin_same_eye,0.108,0.0,1.0,0.0,1.0,1.0
twin_same_eye,0.109,0.0,1.0,0.0,1.0,1.0
twin_same_eye,0.11,0.0,1.0,0.0,1.0,1.0
twin_same_eye,0.111,0.0,1.0,0.0,1.0,1.0
twin_same_eye,0.112,0.0,1.0,0.0,1.0,1.0
twin_same_eye,0.113,0.0,1.0,0.0,1.0,1.0
twin_same_eye,0.114,0.0,1.0,0.0,1.0,1.0
twin_same_eye,0.115,0.0,0.9997489959839357,0.00025100401606426015,1.0,0.9997489959839357
twin_same_eye,0.116,0.0,0.9997489959839357,0.00025100401606426015,1.0,0.9997489959839357
twin_same_eye,0.117,0.0,0.9997489959839357,0.00025100401606426015,1.0,0.9997489959839357
twin_same_eye,0.11800000000000001,0.0,0.9997489959839357,0.00025100401606426015,1.0,0.9997489959839357
twin_same_eye,0.11900000000000001,0.0,0.9997489959839357,0.00025100401606426015,1.0,0.9997489959839357
twin_same_eye,0.12,0.0,0.9997489959839357,0.00025100401606426015,1.0,0.9997489959839357
twin_same_eye,0.121,0.0,0.9997489959839357,0.00025100401606426015,1.0,0.9997489959839357
twin_same_eye,0.122,0.0,0.9994979919678715,0.0005020080321285203,1.0,0.9994979919678715
twin_same_eye,0.123,0.0,0.9994979919678715,0.0005020080321285203,1.0,0.9994979919678715
twin_same_eye,0.124,0.0,0.9994979919678715,0.0005020080321285203,1.0,0.9994979919678715
twin_same_eye,0.125,0.0,0.9994979919678715,0.0005020080321285203,1.0,0.9994979919678715
twin_same_eye,0.126,0.0,0.9992469879518072,0.0007530120481927804,1.0,0.9992469879518072
twin_same_eye,0.127,0.0,0.998995983935743,0.0010040160642570406,1.0,0.998995983935743
twin_same_eye,0.128,0.0,0.9987449799196787,0.0012550200803213007,1.0,0.9987449799196787
twin_same_eye,0.129,0.0,0.9982429718875502,0.001757028112449821,1.0,0.9982429718875502
twin_same_eye,0.13,0.0,0.9982429718875502,0.001757028112449821,1.0,0.9982429718875502
twin_same_eye,0.131,0.0,0.9982429718875502,0.001757028112449821,1.0,0.9982429718875502
twin_same_eye,0.132,0.0,0.9982429718875502,0.001757028112449821,1.0,0.9982429718875502
twin_same_eye,0.133,0.0,0.9979919678714859,0.002008032128514081,1.0,0.9979919678714859
twin_same_eye,0.134,0.0,0.9977409638554217,0.0022590361445783413,1.0,0.9977409638554217
twin_same_eye,0.135,0.0,0.9977409638554217,0.0022590361445783413,1.0,0.9977409638554217
twin_same_eye,0.136,0.0,0.9977409638554217,0.0022590361445783413,1.0,0.9977409638554217
twin_same_eye,0.137,0.0,0.9977409638554217,0.0022590361445783413,1.0,0.9977409638554217
twin_same_eye,0.138,0.0,0.9974899598393574,0.0025100401606426015,1.0,0.9974899598393574
twin_same_eye,0.139,0.0,0.9972389558232931,0.0027610441767068616,1.0,0.9972389558232931
twin_same_eye,0.14,0.0,0.9967369477911646,0.003263052208835382,1.0,0.9967369477911646
twin_same_eye,0.14100000000000001,0.0,0.9964859437751004,0.003514056224899642,1.0,0.9964859437751004
twin_same_eye,0.14200000000000002,0.0,0.9964859437751004,0.003514056224899642,1.0,0.9964859437751004
twin_same_eye,0.14300000000000002,0.0,0.9964859437751004,0.003514056224899642,1.0,0.9964859437751004
twin_same_eye,0.14400000000000002,0.0,0.9962349397590361,0.0037650602409639022,1.0,0.9962349397590361
twin_same_eye,0.145,0.0,0.9952309236947792,0.004769076305220832,1.0,0.9952309236947792
twin_same_eye,0.146,0.0,0.9949799196787149,0.005020080321285092,1.0,0.9949799196787149
twin_same_eye,0.147,0.0,0.9944779116465864,0.005522088353413612,1.0,0.9944779116465864
twin_same_eye,0.148,0.0,0.9939759036144579,0.0060240963855421326,1.0,0.9939759036144579
twin_same_eye,0.149,0.0,0.9939759036144579,0.0060240963855421326,1.0,0.9939759036144579
twin_same_eye,0.15,0.0,0.9937248995983936,0.006275100401606393,1.0,0.9937248995983936
twin_same_eye,0.151,0.0,0.9927208835341366,0.007279116465863433,1.0,0.9927208835341366
twin_same_eye,0.152,0.0,0.9927208835341366,0.007279116465863433,1.0,0.9927208835341366
twin_same_eye,0.153,0.0,0.9919678714859438,0.008032128514056214,1.0,0.9919678714859438
twin_same_eye,0.154,0.0,0.9914658634538153,0.008534136546184734,1.0,0.9914658634538153
twin_same_eye,0.155,0.0,0.991214859437751,0.008785140562248994,1.0,0.991214859437751
twin_same_eye,0.156,0.0,0.9904618473895582,0.009538152610441775,1.0,0.9904618473895582
twin_same_eye,0.157,0.0,0.9892068273092369,0.010793172690763075,1.0,0.9892068273092369
twin_same_eye,0.158,0.0,0.9879518072289156,0.012048192771084376,1.0,0.9879518072289156
twin_same_eye,0.159,0.0,0.9871987951807228,0.012801204819277157,1.0,0.9871987951807228
twin_same_eye,0.16,0.0,0.9861947791164659,0.013805220883534086,1.0,0.9861947791164659
twin_same_eye,0.161,0.0,0.9854417670682731,0.014558232931726867,1.0,0.9854417670682731
twin_same_eye,0.162,0.0,0.9849397590361446,0.015060240963855387,1.0,0.9849397590361446
twin_same_eye,0.163,0.0,0.983433734939759,0.016566265060240948,1.0,0.983433734939759
twin_same_eye,0.164,0.0,0.9821787148594378,0.01782128514056225,1.0,0.9821787148594378
twin_same_eye,0.165,0.0,0.9821787148594378,0.01782128514056225,1.0,0.9821787148594378
twin_same_eye,0.166,0.0,0.9816767068273092,0.01832329317269077,1.0,0.9816767068273092
twin_same_eye,0.167,0.0,0.9806726907630522,0.01932730923694781,1.0,0.9806726907630522
twin_same_eye,0.168,0.0,0.9796686746987951,0.02033132530120485,1.0,0.9796686746987951
twin_same_eye,0.169,0.0,0.9789156626506024,0.02108433734939763,1.0,0.9789156626506024
twin_same_eye,0.17,0.0,0.9784136546184738,0.02158634538152615,1.0,0.9784136546184738
twin_same_eye,0.171,0.0,0.9774096385542169,0.02259036144578308,1.0,0.9774096385542169
twin_same_eye,0.17200000000000001,0.0,0.9764056224899599,0.02359437751004012,1.0,0.9764056224899599
twin_same_eye,0.17300000000000001,0.0,0.9751506024096386,0.02484939759036142,1.0,0.9751506024096386
twin_same_eye,0.17400000000000002,0.0,0.973644578313253,0.026355421686746983,1.0,0.973644578313253
twin_same_eye,0.17500000000000002,0.0,0.9723895582329317,0.027610441767068283,1.0,0.9723895582329317
twin_same_eye,0.176,0.0,0.9721385542168675,0.027861445783132543,1.0,0.9721385542168675
twin_same_eye,0.177,0.0,0.9716365461847389,0.028363453815261064,1.0,0.9716365461847389
twin_same_eye,0.178,0.0,0.9708835341365462,0.029116465863453844,1.0,0.9708835341365462
twin_same_eye,0.179,0.0,0.9701305220883534,0.029869477911646625,1.0,0.9701305220883534
twin_same_eye,0.18,0.0,0.9691265060240963,0.030873493975903665,1.0,0.9691265060240963
twin_same_eye,0.181,0.0,0.9678714859437751,0.032128514056224855,1.0,0.9678714859437751
twin_same_eye,0.182,0.0,0.9668674698795181,0.033132530120481896,1.0,0.9668674698795181
twin_same_eye,0.183,0.0,0.9663654618473896,0.033634538152610416,1.0,0.9663654618473896
twin_same_eye,0.184,0.0,0.9658634538152611,0.034136546184738936,1.0,0.9658634538152611
twin_same_eye,0.185,0.0,0.9643574297188755,0.0356425702811245,1.0,0.9643574297188755
twin_same_eye,0.186,0.0,0.9631024096385542,0.0368975903614458,1.0,0.9631024096385542
twin_same_eye,0.187,0.0,0.9615963855421686,0.03840361445783136,1.0,0.9615963855421686
twin_same_eye,0.188,0.0,0.9605923694779116,0.0394076305220884,1.0,0.9605923694779116
twin_same_eye,0.189,0.0,0.9595883534136547,0.04041164658634533,1.0,0.9595883534136547
twin_same_eye,0.19,0.0,0.9580823293172691,0.04191767068273089,1.0,0.9580823293172691
twin_same_eye,0.191,0.0,0.9558232931726908,0.04417670682730923,1.0,0.9558232931726908
twin_same_eye,0.192,0.0,0.9538152610441767,0.04618473895582331,1.0,0.9538152610441767
twin_same_eye,0.193,0.0,0.9523092369477911,0.04769076305220887,1.0,0.9523092369477911
twin_same_eye,0.194,0.0,0.9508032128514057,0.04919678714859432,1.0,0.9508032128514057
twin_same_eye,0.195,0.0,0.9490461847389559,0.050953815261044144,1.0,0.9490461847389559
twin_same_eye,0.196,0.0,0.9480421686746988,0.051957831325301185,1.0,0.9480421686746988
twin_same_eye,0.197,0.0,0.947289156626506,0.052710843373493965,1.0,0.947289156626506
twin_same_eye,0.198,0.0,0.945281124497992,0.054718875502008046,1.0,0.945281124497992
twin_same_eye,0.199,0.0,0.9435240963855421,0.05647590361445787,1.0,0.9435240963855421
twin_same_eye,0.2,0.0,0.9405120481927711,0.05948795180722888,1.0,0.9405120481927711
twin_same_eye,0.201,0.0,0.9392570281124498,0.06074297188755018,1.0,0.9392570281124498
twin_same_eye,0.202,0.0,0.9377510040160643,0.06224899598393574,1.0,0.9377510040160643
twin_same_eye,0.203,0.0,0.9347389558232931,0.06526104417670686,1.0,0.9347389558232931
twin_same_eye,0.20400000000000001,0.0,0.9329819277108434,0.06701807228915657,1.0,0.9329819277108434
twin_same_eye,0.20500000000000002,0.0,0.9312248995983936,0.06877510040160639,1.0,0.9312248995983936
twin_same_eye,0.20600000000000002,0.0,0.9269578313253012,0.07304216867469882,1.0,0.9269578313253012
twin_same_eye,0.20700000000000002,0.0,0.9257028112449799,0.07429718875502012,1.0,0.9257028112449799
twin_same_eye,0.20800000000000002,0.0,0.9234437751004017,0.07655622489959835,1.0,0.9234437751004017
twin_same_eye,0.209,0.0,0.9216867469879518,0.07831325301204817,1.0,0.9216867469879518
twin_same_eye,0.21,0.0,0.9196787148594378,0.08032128514056225,1.0,0.9196787148594378
twin_same_eye,0.211,0.0,0.9156626506024096,0.08433734939759041,1.0,0.9156626506024096
twin_same_eye,0.212,0.0,0.9126506024096386,0.08734939759036142,1.0,0.9126506024096386
twin_same_eye,0.213,0.0,0.9118975903614458,0.0881024096385542,1.0,0.9118975903614458
twin_same_eye,0.214,0.0,0.9091365461847389,0.09086345381526106,1.0,0.9091365461847389
twin_same_eye,0.215,0.0,0.9048694779116466,0.09513052208835338,1.0,0.9048694779116466
twin_same_eye,0.216,0.0,0.9041164658634538,0.09588353413654616,1.0,0.9041164658634538
twin_same_eye,0.217,0.0,0.9008534136546185,0.09914658634538154,1.0,0.9008534136546185
twin_same_eye,0.218,0.0,0.8983433734939759,0.10165662650602414,1.0,0.8983433734939759
twin_same_eye,0.219,0.0,0.8955823293172691,0.10441767068273089,1.0,0.8955823293172691
twin_same_eye,0.22,0.0,0.893574297188755,0.10642570281124497,1.0,0.893574297188755
twin_same_eye,0.221,0.0,0.891566265060241,0.10843373493975905,1.0,0.891566265060241
twin_same_eye,0.222,0.0,0.8883032128514057,0.11169678714859432,1.0,0.8883032128514057
twin_same_eye,0.223,0.0,0.8862951807228916,0.1137048192771084,1.0,0.8862951807228916
twin_same_eye,0.224,0.0,0.882781124497992,0.11721887550200805,1.0,0.882781124497992
twin_same_eye,0.225,0.0,0.8797690763052208,0.12023092369477917,1.0,0.8797690763052208
twin_same_eye,0.226,0.0,0.8762550200803213,0.1237449799196787,1.0,0.8762550200803213
twin_same_eye,0.227,0.0,0.8742469879518072,0.12575301204819278,1.0,0.8742469879518072
twin_same_eye,0.228,0.0,0.8707329317269076,0.12926706827309242,1.0,0.8707329317269076
twin_same_eye,0.229,0.0,0.8689759036144579,0.13102409638554213,1.0,0.8689759036144579
twin_same_eye,0.23,0.0,0.8669678714859438,0.1330321285140562,1.0,0.8669678714859438
twin_same_eye,0.231,0.0,0.8657128514056225,0.13428714859437751,1.0,0.8657128514056225
twin_same_eye,0.232,0.0,0.8616967871485943,0.13830321285140568,1.0,0.8616967871485943
twin_same_eye,0.233,0.0,0.8589357429718876,0.14106425702811243,1.0,0.8589357429718876
twin_same_eye,0.234,0.0,0.856425702811245,0.14357429718875503,1.0,0.856425702811245
twin_same_eye,0.23500000000000001,0.0,0.8536646586345381,0.1463353413654619,1.0,0.8536646586345381
twin_same_eye,0.23600000000000002,0.0,0.8498995983935743,0.15010040160642568,1.0,0.8498995983935743
twin_same_eye,0.23700000000000002,0.0,0.8473895582329317,0.15261044176706828,1.0,0.8473895582329317
twin_same_eye,0.23800000000000002,0.0,0.8438755020080321,0.15612449799196793,1.0,0.8438755020080321
twin_same_eye,0.23900000000000002,0.0,0.8393574297188755,0.1606425702811245,1.0,0.8393574297188755
twin_same_eye,0.24,0.0,0.8350903614457831,0.16490963855421692,1.0,0.8350903614457831
twin_same_eye,0.241,0.0,0.8318273092369478,0.1681726907630522,1.0,0.8318273092369478
twin_same_eye,0.242,0.0,0.8280622489959839,0.1719377510040161,1.0,0.8280622489959839
twin_same_eye,0.243,0.0,0.8245481927710844,0.17545180722891562,1.0,0.8245481927710844
twin_same_eye,0.244,0.0,0.8217871485943775,0.17821285140562249,1.0,0.8217871485943775
twin_same_eye,0.245,0.0,0.8157630522088354,0.18423694779116462,1.0,0.8157630522088354
twin_same_eye,0.246,0.0,0.8125,0.1875,1.0,0.8125
twin_same_eye,0.247,0.0,0.8104919678714859,0.18950803212851408,1.0,0.8104919678714859
twin_same_eye,0.248,0.0,0.8079819277108434,0.19201807228915657,1.0,0.8079819277108434
twin_same_eye,0.249,0.0,0.8032128514056225,0.19678714859437751,1.0,0.8032128514056225
twin_same_eye,0.25,0.0,0.8002008032128514,0.19979919678714864,1.0,0.8002008032128514
twin_same_eye,0.251,0.0,0.7954317269076305,0.20456827309236947,1.0,0.7954317269076305
twin_same_eye,0.252,0.0,0.7911646586345381,0.2088353413654619,1.0,0.7911646586345381
twin_same_eye,0.253,0.0,0.7871485943775101,0.21285140562248994,1.0,0.7871485943775101
twin_same_eye,0.254,0.0,0.7838855421686747,0.21611445783132532,1.0,0.7838855421686747
twin_same_eye,0.255,0.0,0.7796184738955824,0.22038152610441764,1.0,0.7796184738955824
twin_same_eye,0.256,0.0,0.776355421686747,0.22364457831325302,1.0,0.776355421686747
twin_same_eye,0.257,0.0,0.7728413654618473,0.22715863453815266,1.0,0.7728413654618473
twin_same_eye,0.258,0.0,0.7673192771084337,0.23268072289156627,1.0,0.7673192771084337
twin_same_eye,0.259,0.0,0.7648092369477911,0.23519076305220887,1.0,0.7648092369477911
twin_same_eye,0.26,0.0,0.7605421686746988,0.23945783132530118,1.0,0.7605421686746988
twin_same_eye,0.261,0.0,0.7560240963855421,0.24397590361445787,1.0,0.7560240963855421
twin_same_eye,0.262,0.0,0.7525100401606426,0.2474899598393574,1.0,0.7525100401606426
twin_same_eye,0.263,0.0,0.7482429718875502,0.2517570281124498,1.0,0.7482429718875502
twin_same_eye,0.264,0.0,0.7437248995983936,0.2562751004016064,1.0,0.7437248995983936
twin_same_eye,0.265,0.0,0.7397088353413654,0.26029116465863456,1.0,0.7397088353413654
twin_same_eye,0.266,0.0,0.7366967871485943,0.2633032128514057,1.0,0.7366967871485943
twin_same_eye,0.267,0.0,0.732429718875502,0.267570281124498,1.0,0.732429718875502
twin_same_eye,0.268,0.0,0.7274096385542169,0.2725903614457831,1.0,0.7274096385542169
twin_same_eye,0.269,0.0,0.7233935742971888,0.27660642570281124,1.0,0.7233935742971888
twin_same_eye,0.27,0.0,0.7193775100401606,0.2806224899598394,1.0,0.7193775100401606
twin_same_eye,0.271,0.0,0.7156124497991968,0.2843875502008032,1.0,0.7156124497991968
twin_same_eye,0.272,0.0,0.7103413654618473,0.28965863453815266,1.0,0.7103413654618473
twin_same_eye,0.273,0.0,0.7058232931726908,0.29417670682730923,1.0,0.7058232931726908
twin_same_eye,0.274,0.0,0.7005522088353414,0.2994477911646586,1.0,0.7005522088353414
twin_same_eye,0.275,0.0,0.695281124497992,0.30471887550200805,1.0,0.695281124497992
twin_same_eye,0.276,0.0,0.6917670682730924,0.3082329317269076,1.0,0.6917670682730924
twin_same_eye,0.277,0.0,0.686495983935743,0.31350401606425704,1.0,0.686495983935743
twin_same_eye,0.278,0.0,0.6802208835341366,0.31977911646586343,1.0,0.6802208835341366
twin_same_eye,0.279,0.0,0.6757028112449799,0.3242971887550201,1.0,0.6757028112449799
twin_same_eye,0.28,0.0,0.6719377510040161,0.3280622489959839,1.0,0.6719377510040161
twin_same_eye,0.281,0.0,0.6676706827309237,0.33232931726907633,1.0,0.6676706827309237
twin_same_eye,0.28200000000000003,0.0,0.6616465863453815,0.33835341365461846,1.0,0.6616465863453815
twin_same_eye,0.28300000000000003,0.0,0.6553714859437751,0.34462851405622486,1.0,0.6553714859437751
twin_same_eye,0.28400000000000003,0.0,0.6490963855421686,0.35090361445783136,1.0,0.6490963855421686
twin_same_eye,0.28500000000000003,0.0,0.6428212851405622,0.35717871485943775,1.0,0.6428212851405622
twin_same_eye,0.28600000000000003,0.0,0.6352911646586346,0.36470883534136544,1.0,0.6352911646586346
twin_same_eye,0.28700000000000003,0.0,0.6307730923694779,0.3692269076305221,1.0,0.6307730923694779
twin_same_eye,0.28800000000000003,0.0,0.6244979919678715,0.3755020080321285,1.0,0.6244979919678715
twin_same_eye,0.289,0.0,0.6189759036144579,0.38102409638554213,1.0,0.6189759036144579
twin_same_eye,0.29,0.0,0.6137048192771084,0.3862951807228916,1.0,0.6137048192771084
twin_same_eye,0.291,0.0,0.607429718875502,0.392570281124498,1.0,0.607429718875502
twin_same_eye,0.292,0.0,0.6009036144578314,0.39909638554216864,1.0,0.6009036144578314
twin_same_eye,0.293,0.0,0.5946285140562249,0.40537148594377514,1.0,0.5946285140562249
twin_same_eye,0.294,0.0,0.5903614457831325,0.40963855421686746,1.0,0.5903614457831325
twin_same_eye,0.295,0.0,0.5835843373493976,0.41641566265060237,1.0,0.5835843373493976
twin_same_eye,0.296,0.0,0.5768072289156626,0.4231927710843374,1.0,0.5768072289156626
twin_same_eye,0.297,0.0,0.5685240963855421,0.43147590361445787,1.0,0.5685240963855421
twin_same_eye,0.298,0.0,0.5619979919678715,0.4380020080321285,1.0,0.5619979919678715
twin_same_eye,0.299,0.0,0.5552208835341366,0.44477911646586343,1.0,0.5552208835341366
twin_same_eye,0.3,0.0,0.5499497991967871,0.4500502008032129,1.0,0.5499497991967871
twin_same_eye,0.301,0.0,0.5451807228915663,0.45481927710843373,1.0,0.5451807228915663
twin_same_eye,0.302,0.0,0.5404116465863453,0.45958835341365467,1.0,0.5404116465863453
twin_same_eye,0.303,0.0,0.5348895582329317,0.4651104417670683,1.0,0.5348895582329317
twin_same_eye,0.304,0.0,0.5286144578313253,0.4713855421686747,1.0,0.5286144578313253
twin_same_eye,0.305,0.0,0.5220883534136547,0.47791164658634533,1.0,0.5220883534136547
twin_same_eye,0.306,0.0,0.5163152610441767,0.4836847389558233,1.0,0.5163152610441767
twin_same_eye,0.307,0.0,0.5085341365461847,0.49146586345381527,1.0,0.5085341365461847
twin_same_eye,0.308,0.0,0.5035140562248996,0.49648594377510036,1.0,0.5035140562248996
twin_same_eye,0.309,0.0,0.4994979919678715,0.5005020080321285,1.0,0.4994979919678715
twin_same_eye,0.31,0.0,0.4924698795180723,0.5075301204819277,1.0,0.4924698795180723
twin_same_eye,0.311,0.0,0.48744979919678716,0.5125502008032128,1.0,0.48744979919678716
twin_same_eye,0.312,0.0,0.4811746987951807,0.5188253012048193,1.0,0.4811746987951807
twin_same_eye,0.313,0.0,0.47615461847389556,0.5238453815261044,1.0,0.47615461847389556
twin_same_eye,0.314,0.0,0.47063253012048195,0.5293674698795181,1.0,0.47063253012048195
twin_same_eye,0.315,0.0,0.4656124497991968,0.5343875502008032,1.0,0.4656124497991968
twin_same_eye,0.316,0.0,0.4598393574297189,0.5401606425702812,1.0,0.4598393574297189
twin_same_eye,0.317,0.0,0.45456827309236947,0.5454317269076305,1.0,0.45456827309236947
twin_same_eye,0.318,0.0,0.4503012048192771,0.5496987951807228,1.0,0.4503012048192771
twin_same_eye,0.319,0.0,0.44327309236947793,0.5567269076305221,1.0,0.44327309236947793
twin_same_eye,0.32,0.0,0.4382530120481928,0.5617469879518072,1.0,0.4382530120481928
twin_same_eye,0.321,0.0,0.4314759036144578,0.5685240963855422,1.0,0.4314759036144578
twin_same_eye,0.322,0.0,0.42570281124497994,0.5742971887550201,1.0,0.42570281124497994
twin_same_eye,0.323,0.0,0.42043172690763053,0.5795682730923695,1.0,0.42043172690763053
twin_same_eye,0.324,0.0,0.41566265060240964,0.5843373493975903,1.0,0.41566265060240964
twin_same_eye,0.325,0.0,0.40963855421686746,0.5903614457831325,1.0,0.40963855421686746
twin_same_eye,0.326,0.0,0.4046184738955823,0.5953815261044177,1.0,0.4046184738955823
twin_same_eye,0.327,0.0,0.3990963855421687,0.6009036144578312,1.0,0.3990963855421687
twin_same_eye,0.328,0.0003223726627981947,0.39407630522088355,0.6059236947791165,0.9996776273372018,0.39375393255808533
twin_same_eye,0.329,0.0003223726627981947,0.3883032128514056,0.6116967871485943,0.9996776273372018,0.3879808401886074
twin_same_eye,0.33,0.0003223726627981947,0.3832831325301205,0.6167168674698795,0.9996776273372018,0.38296075986732225
twin_same_eye,0.331,0.0003223726627981947,0.3782630522088353,0.6217369477911647,0.9996776273372018,0.3779406795460371
twin_same_eye,0.332,0.0003223726627981947,0.37399598393574296,0.626004016064257,0.9996776273372018,0.37367361127294474
twin_same_eye,0.333,0.0003223726627981947,0.3689759036144578,0.6310240963855422,0.9996776273372018,0.3686535309516596
twin_same_eye,0.334,0.0003223726627981947,0.3649598393574297,0.6350401606425703,0.9996776273372018,0.3646374666946315
twin_same_eye,0.335,0.0003223726627981947,0.3596887550200803,0.6403112449799198,0.9996776273372018,0.3593663823572821
twin_same_eye,0.336,0.0003223726627981947,0.35542168674698793,0.6445783132530121,0.9996776273372018,0.3550993140841897
twin_same_eye,0.337,0.0003223726627981947,0.3526606425702811,0.6473393574297188,0.9996776273372018,0.3523382699074829
twin_same_eye,0.338,0.0003223726627981947,0.3461345381526104,0.6538654618473896,0.9996776273372018,0.3458121654898122
twin_same_eye,0.339,0.0003223726627981947,0.34236947791164657,0.6576305220883534,0.9996776273372018,0.34204710524884835
twin_same_eye,0.34,0.0003223726627981947,0.3376004016064257,0.6623995983935743,0.9996776273372018,0.33727802894362746
twin_same_eye,0.341,0.0003223726627981947,0.33308232931726905,0.6669176706827309,0.9996776273372018,0.33275995665447083
twin_same_eye,0.342,0.0003223726627981947,0.32756024096385544,0.6724397590361446,0.9996776273372018,0.3272378683010572
twin_same_eye,0.343,0.0003223726627981947,0.3220381526104418,0.6779618473895582,0.9996776273372018,0.32171577994764355
twin_same_eye,0.34400000000000003,0.0003223726627981947,0.31676706827309237,0.6832329317269077,0.9996776273372018,0.31644469561029415
twin_same_eye,0.34500000000000003,0.0003223726627981947,0.31224899598393574,0.6877510040160643,0.9996776273372018,0.3119266233211375
twin_same_eye,0.34600000000000003,0.0003223726627981947,0.30697791164658633,0.6930220883534137,0.9996776273372018,0.3066555389837881
twin_same_eye,0.34700000000000003,0.0009671179883945841,0.3019578313253012,0.6980421686746988,0.9990328820116054,0.3009907133369066
twin_same_eye,0.34800000000000003,0.0009671179883945841,0.29593373493975905,0.704066265060241,0.9990328820116054,0.29496661695136445
twin_same_eye,0.34900000000000003,0.0009671179883945841,0.2891566265060241,0.7108433734939759,0.9990328820116054,0.2881895085176295
twin_same_eye,0.35000000000000003,0.0009671179883945841,0.285140562248996,0.714859437751004,0.9990328820116054,0.28417344426060137
twin_same_eye,0.35100000000000003,0.0009671179883945841,0.28062248995983935,0.7193775100401607,0.9990328820116054,0.27965537197144474
twin_same_eye,0.352,0.0012894906511927789,0.27660642570281124,0.7233935742971888,0.9987105093488072,0.27531693505161847
twin_same_eye,0.353,0.0019342359767891683,0.2703313253012048,0.7296686746987953,0.9980657640232108,0.26839708932441564
twin_same_eye,0.354,0.0019342359767891683,0.2663152610441767,0.7336847389558233,0.9980657640232108,0.26438102506738753
twin_same_eye,0.355,0.0019342359767891683,0.26104417670682734,0.7389558232931727,0.9980657640232108,0.2591099407300382
twin_same_eye,0.356,0.002256608639587363,0.25552208835341367,0.7444779116465863,0.9977433913604127,0.2532654797138263
twin_same_eye,0.357,0.0025789813023855577,0.25150602409638556,0.7484939759036144,0.9974210186976145,0.248927042794
twin_same_eye,0.358,0.0029013539651837525,0.24849397590361447,0.7515060240963856,0.9970986460348162,0.2455926219384307
twin_same_eye,0.359,0.0029013539651837525,0.24447791164658633,0.7555220883534137,0.9970986460348162,0.24157655768140257
twin_same_eye,0.36,0.0035460992907801418,0.24021084337349397,0.759789156626506,0.9964539007092199,0.23666474408271382
twin_same_eye,0.361,0.004190844616376531,0.2371987951807229,0.7628012048192772,0.9958091553836235,0.23300795056434637
twin_same_eye,0.362,0.004513217279174726,0.23293172690763053,0.7670682730923695,0.9954867827208252,0.2284185096284558
twin_same_eye,0.363,0.00548033526756931,0.2289156626506024,0.7710843373493976,0.9945196647324307,0.2234353273830331
twin_same_eye,0.364,0.008059316569954868,0.22565261044176707,0.7743473895582329,0.9919406834300452,0.2175932938718122
twin_same_eye,0.365,0.009348807221147646,0.22063253012048192,0.7793674698795181,0.9906511927788524,0.21128372289933428
twin_same_eye,0.366,0.010315925209542231,0.21511044176706828,0.7848895582329317,0.9896840747904577,0.20479451655752606
twin_same_eye,0.367,0.01096067053513862,0.21059236947791166,0.7894076305220883,0.9890393294648614,0.19963169894277305
twin_same_eye,0.368,0.012572533849129593,0.20682730923694778,0.7931726907630522,0.9874274661508704,0.19425477538781818
twin_same_eye,0.369,0.012894906511927788,0.20306224899598393,0.7969377510040161,0.9871050934880722,0.19016734248405615
twin_same_eye,0.37,0.014506769825918761,0.19678714859437751,0.8032128514056225,0.9854932301740812,0.18228037876845876
twin_same_eye,0.371,0.01579626047711154,0.19402610441767068,0.8059738955823293,0.9842037395228884,0.17822984394055913
twin_same_eye,0.372,0.01644100580270793,0.19076305220883535,0.8092369477911646,0.9835589941972921,0.17432204640612742
twin_same_eye,0.373,0.019664732430689877,0.18649598393574296,0.813504016064257,0.9803352675693101,0.16683125150505307
twin_same_eye,0.374,0.02192134107027724,0.18323293172690763,0.8167670682730923,0.9780786589297228,0.1613115906566304
twin_same_eye,0.375,0.023533204384268213,0.17921686746987953,0.8207831325301205,0.9764667956157318,0.15568366308561132
twin_same_eye,0.376,0.026434558349451968,0.17720883534136547,0.8227911646586346,0.973565441650548,0.1507742769919135
twin_same_eye,0.377,0.02869116698903933,0.1746987951807229,0.8253012048192772,0.9713088330109607,0.14600762819168356
twin_same_eye,0.378,0.029658284977433915,0.17218875502008033,0.8278112449799196,0.970341715022566,0.1425304700426464
twin_same_eye,0.379,0.032559638942617666,0.1694277108433735,0.8305722891566265,0.9674403610573823,0.13686807190075584
twin_same_eye,0.38,0.034493874919406836,0.16566265060240964,0.8343373493975903,0.9655061250805932,0.1311687756830028
twin_same_eye,0.381,0.0367504835589942,0.16214859437751003,0.8378514056224899,0.9632495164410058,0.12539811081851582
twin_same_eye,0.382,0.039974210186976146,0.15863453815261044,0.8413654618473896,0.9600257898130239,0.1186603279656343
twin_same_eye,0.383,0.04223081882656351,0.1553714859437751,0.8446285140562249,0.9577691811734365,0.11314066711721157
twin_same_eye,0.384,0.04609929078014184,0.15160642570281124,0.8483935742971888,0.9539007092198581,0.1055071349226694
twin_same_eye,0.385,0.04996776273372018,0.1488453815261044,0.8511546184738956,0.9500322372662798,0.09887761879238423
twin_same_eye,0.386,0.05319148936170213,0.14583333333333334,0.8541666666666666,0.9468085106382979,0.09264184397163122
twin_same_eye,0.387,0.05738233397807866,0.142570281124498,0.857429718875502,0.9426176660219213,0.08518794714641933
twin_same_eye,0.388,0.06286266924564797,0.13830321285140562,0.8616967871485943,0.937137330754352,0.07544054360575765
twin_same_eye,0.389,0.0670535138620245,0.13529116465863453,0.8647088353413654,0.9329464861379755,0.06823765079661002
twin_same_eye,0.39,0.07059961315280464,0.1330321285140562,0.8669678714859438,0.9294003868471954,0.06243251536125158
twin_same_eye,0.391,0.07511283043197937,0.1307730923694779,0.8692269076305221,0.9248871695680206,0.055660261937498526
twin_same_eye,0.392,0.07736943907156674,0.1297690763052209,0.8702309236947792,0.9226305609284333,0.05239963723365415
twin_same_eye,0.393,0.08188265635074146,0.1272590361445783,0.8727409638554217,0.9181173436492586,0.04537637979383685
twin_same_eye,0.394,0.08961960025789813,0.12374497991967871,0.8762550200803213,0.9103803997421018,0.034125379661780586
twin_same_eye,0.395,0.09445519019987104,0.11922690763052209,0.8807730923694779,0.905544809800129,0.02477171743065104
twin_same_eye,0.396,0.10154738878143134,0.11596385542168675,0.8840361445783133,0.8984526112185687,0.014416466640255407
twin_same_eye,0.397,0.10831721470019343,0.11420682730923695,0.8857931726907631,0.8916827852998066,0.005889612609043526
twin_same_eye,0.398,0.1154094132817537,0.11244979919678715,0.8875502008032129,0.8845905867182463,0.002959614084966561
twin_same_eye,0.399,0.12314635718891039,0.10818273092369478,0.8918172690763052,0.8768536428110896,0.014963626265215607
twin_same_eye,0.4,0.13185041908446163,0.1056726907630522,0.8943273092369478,0.8681495809155384,0.026177728321409424
twin_same_eye,0.401,0.13700838168923277,0.10391566265060241,0.8960843373493976,0.8629916183107672,0.033092719038630355
twin_same_eye,0.402,0.14216634429400388,0.10291164658634538,0.8970883534136547,0.8578336557059961,0.03925469770765849
twin_same_eye,0.403,0.15087040618955513,0.10015060240963855,0.8998493975903614,0.8491295938104448,0.050719803779916584
twin_same_eye,0.404,0.16344294003868473,0.09764056224899599,0.902359437751004,0.8365570599613152,0.06580237778968874
twin_same_eye,0.405,0.17279174725983237,0.09513052208835342,0.9048694779116466,0.8272082527401676,0.07766122517147896
twin_same_eye,0.406,0.1834300451321728,0.09136546184738956,0.9086345381526104,0.8165699548678272,0.09206458328478323
twin_same_eye,0.40700000000000003,0.19116698903932947,0.08960843373493976,0.9103915662650602,0.8088330109606705,0.1015585553043897
twin_same_eye,0.40800000000000003,0.20341715022566087,0.08785140562248996,0.9121485943775101,0.7965828497743391,0.11556574460317091
twin_same_eye,0.40900000000000003,0.21534493874919408,0.08609437751004016,0.9139056224899599,0.7846550612508059,0.1292505612391539
twin_same_eye,0.41000000000000003,0.22501611863313992,0.08458835341365462,0.9154116465863453,0.7749838813668601,0.1404277652194853
twin_same_eye,0.41100000000000003,0.2385557704706641,0.08258032128514056,0.9174196787148594,0.7614442295293359,0.15597544918552353
twin_same_eye,0.41200000000000003,0.25435203094777564,0.08057228915662651,0.9194277108433735,0.7456479690522244,0.17377974179114913
twin_same_eye,0.41300000000000003,0.2685364281108962,0.0783132530120482,0.9216867469879518,0.7314635718891038,0.19022317509884798
twin_same_eye,0.41400000000000003,0.2820760799484204,0.07580321285140562,0.9241967871485943,0.7179239200515797,0.20627286709701476
twin_same_eye,0.41500000000000004,0.29529335912314636,0.07404618473895583,0.9259538152610441,0.7047066408768536,0.22124717438419053
twin_same_eye,0.41600000000000004,0.30754352030947774,0.07103413654618473,0.9289658634538153,0.6924564796905223,0.236509383763293
twin_same_eye,0.417,0.3185041908446164,0.06852409638554217,0.9314759036144579,0.6814958091553835,0.2499800944590742
twin_same_eye,0.418,0.3346228239845261,0.06676706827309237,0.9332329317269077,0.6653771760154739,0.2678557557114337
twin_same_eye,0.419,0.3478401031592521,0.06475903614457831,0.9352409638554217,0.6521598968407478,0.28308106701467384
twin_same_eye,0.42,0.36041263700838166,0.06099397590361446,0.9390060240963856,0.6395873629916183,0.2994186611047672
twin_same_eye,0.421,0.37685364281108963,0.05973895582329317,0.9402610441767069,0.6231463571889104,0.31711468698779643
twin_same_eye,0.422,0.3939393939393939,0.05823293172690763,0.9417670682730923,0.6060606060606061,0.3357064622124863
twin_same_eye,0.423,0.4103803997421019,0.05647590361445783,0.9435240963855421,0.5896196002578982,0.3539044961276441
twin_same_eye,0.424,0.4284332688588008,0.05396586345381526,0.9460341365461847,0.5715667311411992,0.3744674054049855
twin_same_eye,0.425,0.44745325596389424,0.051706827309236945,0.9482931726907631,0.5525467440361058,0.3957464286546573
twin_same_eye,0.426,0.4661508704061896,0.049949799196787145,0.9500502008032129,0.5338491295938104,0.4162010712094024
twin_same_eye,0.427,0.4877498388136686,0.04794176706827309,0.9520582329317269,0.5122501611863314,0.43980807174539555
twin_same_eye,0.428,0.5090264345583495,0.04643574297188755,0.9535642570281124,0.4909735654416505,0.46259069158646193
twin_same_eye,0.429,0.5254674403610574,0.044929718875502005,0.955070281124498,0.4745325596389426,0.4805377214855554
twin_same_eye,0.43,0.5438426821405545,0.04392570281124498,0.956074297188755,0.45615731785944547,0.49991697932930956
twin_same_eye,0.431,0.5557704706640877,0.04241967871485944,0.9575803212851406,0.4442295293359123,0.5133507919492283
twin_same_eye,0.432,0.5693101225016118,0.04141566265060241,0.9585843373493976,0.43068987749838816,0.5278944598510095
twin_same_eye,0.433,0.5915538362346873,0.03890562248995984,0.9610943775100401,0.40844616376531273,0.5526482137447274
twin_same_eye,0.434,0.6108961960025789,0.03714859437751004,0.9628514056224899,0.38910380399742106,0.5737476016250689
twin_same_eye,0.435,0.6250805931656995,0.035391566265060244,0.9646084337349398,0.3749194068343005,0.5896890269006393
twin_same_eye,0.436,0.6366860090264346,0.0338855421686747,0.9661144578313253,0.3633139909735654,0.6028004668577599
twin_same_eye,0.437,0.6553836234687298,0.03237951807228916,0.9676204819277109,0.3446163765312702,0.6230041053964407
twin_same_eye,0.438,0.670535138620245,0.03137550200803213,0.9686244979919678,0.32946486137975495,0.639159636612213
twin_same_eye,0.439,0.686976144422953,0.02961847389558233,0.9703815261044176,0.31302385557704704,0.6573576705273706
twin_same_eye,0.44,0.6976144422952933,0.029367469879518073,0.9706325301204819,0.30238555770470665,0.6682469724157752
twin_same_eye,0.441,0.7130883301096067,0.027610441767068273,0.9723895582329317,0.2869116698903933,0.6854778883425384
twin_same_eye,0.442,0.7263056092843327,0.025602409638554216,0.9743975903614458,0.27369439071566726,0.7007031996457785
twin_same_eye,0.443,0.7404900064474532,0.02384538152610442,0.9761546184738956,0.2595099935525468,0.7166446249213488
twin_same_eye,0.444,0.7546744036105738,0.022590361445783132,0.9774096385542169,0.2453255963894262,0.7320840421647907
twin_same_eye,0.445,0.7678916827852998,0.020582329317269075,0.9794176706827309,0.23210831721470015,0.7473093534680307
twin_same_eye,0.446,0.7788523533204385,0.019829317269076305,0.9801706827309237,0.22114764667956155,0.7590230360513621
twin_same_eye,0.447,0.7891682785299806,0.019076305220883535,0.9809236947791165,0.21083172147001938,0.7700919733090971
twin_same_eye,0.448,0.8023855577047067,0.01782128514056225,0.9821787148594378,0.19761444229529335,0.7845642725641444
twin_same_eye,0.449,0.8159252095422308,0.01581325301204819,0.9841867469879518,0.1840747904577692,0.8001119565301826
twin_same_eye,0.45,0.8281753707285622,0.014809236947791165,0.9851907630522089,0.17182462927143782,0.813366133780771
twin_same_eye,0.451,0.8372018052869117,0.014056224899598393,0.9859437751004017,0.16279819471308832,0.8231455803873133
twin_same_eye,0.452,0.8481624758220503,0.013052208835341365,0.9869477911646586,0.1518375241779497,0.8351102669867089
twin_same_eye,0.453,0.8565441650548034,0.012550200803212851,0.9874497991967871,0.14345583494519665,0.8439939642515905
twin_same_eye,0.454,0.8636363636363636,0.012299196787148595,0.9877008032128514,0.13636363636363635,0.851337166849215
twin_same_eye,0.455,0.8707285622179239,0.011295180722891566,0.9887048192771084,0.12927143778207606,0.8594333814950323
twin_same_eye,0.456,0.8781431334622823,0.010793172690763053,0.9892068273092369,0.12185686653771766,0.8673499607715193
twin_same_eye,0.457,0.8855577047066409,0.009789156626506024,0.990210843373494,0.11444229529335914,0.8757685480801348
twin_same_eye,0.458,0.8942617666021921,0.008785140562248996,0.991214859437751,0.10573823339780786,0.8854766260399431
twin_same_eye,0.459,0.9019987105093488,0.008283132530120483,0.9917168674698795,0.09800128949065123,0.8937155779792283
twin_same_eye,0.46,0.9113475177304965,0.007530120481927711,0.9924698795180723,0.08865248226950351,0.9038173972485688
twin_same_eye,0.461,0.9177949709864603,0.007279116465863454,0.9927208835341366,0.08220502901353965,0.9105158545205969
twin_same_eye,0.462,0.9226305609284333,0.007279116465863454,0.9927208835341366,0.07736943907156668,0.9153514444625699
twin_same_eye,0.463,0.927143778207608,0.006526104417670682,0.9934738955823293,0.07285622179239204,0.9206176737899373
twin_same_eye,0.464,0.9323017408123792,0.005522088353413655,0.9944779116465864,0.06769825918762085,0.9267796524589655
twin_same_eye,0.465,0.9374597034171502,0.005271084337349397,0.9947289156626506,0.06254029658284976,0.9321886190798009
twin_same_eye,0.466,0.940361057382334,0.0050200803212851405,0.9949799196787149,0.059638942617666,0.9353409770610489
twin_same_eye,0.467,0.9439071566731141,0.004769076305220884,0.9952309236947792,0.05609284332688591,0.9391380803678933
twin_same_eye,0.468,0.9471308833010961,0.00426706827309237,0.9957329317269076,0.05286911669890393,0.9428638150280036
twin_same_eye,0.46900000000000003,0.9509993552546744,0.00426706827309237,0.9957329317269076,0.04900064474532562,0.946732286981582
twin_same_eye,0.47000000000000003,0.9532559638942618,0.004016064257028112,0.9959839357429718,0.046744036105738185,0.9492398996372337
twin_same_eye,0.47100000000000003,0.9568020631850419,0.003263052208835341,0.9967369477911646,0.04319793681495809,0.9535390109762065
twin_same_eye,0.47200000000000003,0.960348162475822,0.0030120481927710845,0.9969879518072289,0.039651837524178,0.9573361142830509
twin_same_eye,0.47300000000000003,0.9622823984526112,0.0030120481927710845,0.9969879518072289,0.03771760154738879,0.9592703502598401
twin_same_eye,0.47400000000000003,0.965183752417795,0.0027610441767068274,0.9972389558232931,0.03481624758220503,0.9624227082410881
twin_same_eye,0.47500000000000003,0.968407479045777,0.0025100401606425703,0.9974899598393574,0.03159252095422305,0.9658974388851344
twin_same_eye,0.47600000000000003,0.9706640876853643,0.002008032128514056,0.9979919678714859,0.029335912314635726,0.9686560555568502
twin_same_eye,0.47700000000000004,0.971953578336557,0.0017570281124497991,0.9982429718875502,0.028046421663442955,0.9701965502241072
twin_same_eye,0.47800000000000004,0.9748549323017408,0.0012550200803212851,0.9987449799196787,0.025145067698259194,0.9735999122214195
twin_same_eye,0.47900000000000004,0.9754996776273372,0.001004016064257028,0.998995983935743,0.024500322372662753,0.9744956615630802
twin_same_eye,0.48,0.9771115409413281,0.001004016064257028,0.998995983935743,0.022888459058671873,0.9761075248770711
twin_same_eye,0.481,0.9806576402321083,0.001004016064257028,0.998995983935743,0.01934235976789167,0.9796536241678513
twin_same_eye,0.482,0.9819471308833011,0.001004016064257028,0.998995983935743,0.0180528691166989,0.9809431148190441
twin_same_eye,0.483,0.9848484848484849,0.001004016064257028,0.998995983935743,0.015151515151515138,0.9838444687842278
twin_same_eye,0.484,0.9858156028368794,0.001004016064257028,0.998995983935743,0.014184397163120588,0.9848115867726224
twin_same_eye,0.485,0.9861379754996776,0.0007530120481927711,0.9992469879518072,0.013862024500322367,0.9853849634514849
twin_same_eye,0.486,0.9864603481624759,0.0007530120481927711,0.9992469879518072,0.013539651837524147,0.9857073361142831
twin_same_eye,0.487,0.9874274661508704,0.0007530120481927711,0.9992469879518072,0.012572533849129597,0.9866744541026776
twin_same_eye,0.488,0.9890393294648614,0.0007530120481927711,0.9992469879518072,0.010960670535138606,0.9882863174166686
twin_same_eye,0.489,0.9896840747904577,0.0007530120481927711,0.9992469879518072,0.010315925209542276,0.9889310627422649
twin_same_eye,0.49,0.9909735654416505,0.000502008032128514,0.9994979919678715,0.009026434558349505,0.990471557409522
twin_same_eye,0.491,0.9919406834300452,0.000502008032128514,0.9994979919678715,0.008059316569954844,0.9914386753979166
twin_same_eye,0.492,0.9922630560928434,0.000502008032128514,0.9994979919678715,0.007736943907156624,0.9917610480607149
twin_same_eye,0.493,0.9932301740812379,0.000251004016064257,0.9997489959839357,0.0067698259187620735,0.9929791700651737
twin_same_eye,0.494,0.9948420373952289,0.000251004016064257,0.9997489959839357,0.0051579626047710825,0.9945910333791647
twin_same_eye,0.495,0.9948420373952289,0.000251004016064257,0.9997489959839357,0.0051579626047710825,0.9945910333791647
twin_same_eye,0.496,0.9958091553836235,0.000251004016064257,0.9997489959839357,0.004190844616376532,0.9955581513675592
twin_same_eye,0.497,0.9964539007092199,0.000251004016064257,0.9997489959839357,0.0035460992907800915,0.9962028966931556
twin_same_eye,0.498,0.9964539007092199,0.000251004016064257,0.9997489959839357,0.0035460992907800915,0.9962028966931556
twin_same_eye,0.499,0.9970986460348162,0.000251004016064257,0.9997489959839357,0.0029013539651837617,0.996847642018752
twin_same_eye,0.5,0.9977433913604127,0.000251004016064257,0.9997489959839357,0.002256608639587321,0.9974923873443484
twin_same_eye,0.501,0.9987105093488072,0.000251004016064257,0.9997489959839357,0.0012894906511927706,0.998459505332743
twin_same_eye,0.502,0.9987105093488072,0.000251004016064257,0.9997489959839357,0.0012894906511927706,0.998459505332743
twin_same_eye,0.503,0.9987105093488072,0.000251004016064257,0.9997489959839357,0.0012894906511927706,0.998459505332743
twin_same_eye,0.504,0.9987105093488072,0.000251004016064257,0.9997489959839357,0.0012894906511927706,0.998459505332743
twin_same_eye,0.505,0.9990328820116054,0.000251004016064257,0.9997489959839357,0.0009671179883945502,0.9987818779955412
twin_same_eye,0.506,0.9990328820116054,0.000251004016064257,0.9997489959839357,0.0009671179883945502,0.9987818779955412
twin_same_eye,0.507,0.9990328820116054,0.000251004016064257,0.9997489959839357,0.0009671179883945502,0.9987818779955412
twin_same_eye,0.508,0.9990328820116054,0.000251004016064257,0.9997489959839357,0.0009671179883945502,0.9987818779955412
twin_same_eye,0.509,0.9990328820116054,0.000251004016064257,0.9997489959839357,0.0009671179883945502,0.9987818779955412
twin_same_eye,0.51,0.9990328820116054,0.000251004016064257,0.9997489959839357,0.0009671179883945502,0.9987818779955412
twin_same_eye,0.511,0.9990328820116054,0.000251004016064257,0.9997489959839357,0.0009671179883945502,0.9987818779955412
twin_same_eye,0.512,0.9990328820116054,0.000251004016064257,0.9997489959839357,0.0009671179883945502,0.9987818779955412
twin_same_eye,0.513,0.9993552546744036,0.000251004016064257,0.9997489959839357,0.0006447453255964408,0.9991042506583393
twin_same_eye,0.514,0.9993552546744036,0.000251004016064257,0.9997489959839357,0.0006447453255964408,0.9991042506583393
twin_same_eye,0.515,0.9993552546744036,0.000251004016064257,0.9997489959839357,0.0006447453255964408,0.9991042506583393
twin_same_eye,0.516,0.9993552546744036,0.0,1.0,0.0006447453255964408,0.9993552546744036
twin_same_eye,0.517,0.9993552546744036,0.0,1.0,0.0006447453255964408,0.9993552546744036
twin_same_eye,0.518,0.9993552546744036,0.0,1.0,0.0006447453255964408,0.9993552546744036
twin_same_eye,0.519,0.9993552546744036,0.0,1.0,0.0006447453255964408,0.9993552546744036
twin_same_eye,0.52,0.9993552546744036,0.0,1.0,0.0006447453255964408,0.9993552546744036
twin_same_eye,0.521,0.9993552546744036,0.0,1.0,0.0006447453255964408,0.9993552546744036
twin_same_eye,0.522,0.9996776273372018,0.0,1.0,0.0003223726627982204,0.9996776273372018
twin_same_eye,0.523,0.9996776273372018,0.0,1.0,0.0003223726627982204,0.9996776273372018
twin_same_eye,0.524,0.9996776273372018,0.0,1.0,0.0003223726627982204,0.9996776273372018
twin_same_eye,0.525,0.9996776273372018,0.0,1.0,0.0003223726627982204,0.9996776273372018
twin_same_eye,0.526,1.0,0.0,1.0,0.0,1.0
twin_same_eye,0.527,1.0,0.0,1.0,0.0,1.0
twin_same_eye,0.528,1.0,0.0,1.0,0.0,1.0
twin_same_eye,0.529,1.0,0.0,1.0,0.0,1.0
twin_same_eye,0.53,1.0,0.0,1.0,0.0,1.0
twin_same_eye,0.531,1.0,0.0,1.0,0.0,1.0
twin_same_eye,0.532,1.0,0.0,1.0,0.0,1.0
twin_same_eye,0.533,1.0,0.0,1.0,0.0,1.0
twin_same_eye,0.534,1.0,0.0,1.0,0.0,1.0
twin_same_eye,0.535,1.0,0.0,1.0,0.0,1.0
twin_same_eye,0.536,1.0,0.0,1.0,0.0,1.0
twin_same_eye,0.537,1.0,0.0,1.0,0.0,1.0
twin_same_eye,0.538,1.0,0.0,1.0,0.0,1.0
twin_same_eye,0.539,1.0,0.0,1.0,0.0,1.0
twin_same_eye,0.54,1.0,0.0,1.0,0.0,1.0
twin_same_eye,0.541,1.0,0.0,1.0,0.0,1.0
twin_same_eye,0.542,1.0,0.0,1.0,0.0,1.0
twin_same_eye,0.543,1.0,0.0,1.0,0.0,1.0
twin_same_eye,0.544,1.0,0.0,1.0,0.0,1.0
twin_same_eye,0.545,1.0,0.0,1.0,0.0,1.0
twin_same_eye,0.546,1.0,0.0,1.0,0.0,1.0
twin_same_eye,0.547,1.0,0.0,1.0,0.0,1.0
twin_same_eye,0.548,1.0,0.0,1.0,0.0,1.0
twin_same_eye,0.549,1.0,0.0,1.0,0.0,1.0
twin_same_eye,0.55,1.0,0.0,1.0,0.0,1.0
twin_same_eye,0.551,1.0,0.0,1.0,0.0,1.0
twin_same_eye,0.552,1.0,0.0,1.0,0.0,1.0
twin_same_eye,0.553,1.0,0.0,1.0,0.0,1.0
twin_same_eye,0.554,1.0,0.0,1.0,0.0,1.0
twin_same_eye,0.555,1.0,0.0,1.0,0.0,1.0
twin_same_eye,0.556,1.0,0.0,1.0,0.0,1.0
twin_same_eye,0.557,1.0,0.0,1.0,0.0,1.0
twin_same_eye,0.558,1.0,0.0,1.0,0.0,1.0
twin_same_eye,0.559,1.0,0.0,1.0,0.0,1.0
twin_same_eye,0.56,1.0,0.0,1.0,0.0,1.0
twin_same_eye,0.561,1.0,0.0,1.0,0.0,1.0
twin_same_eye,0.562,1.0,0.0,1.0,0.0,1.0
twin_same_eye,0.5630000000000001,1.0,0.0,1.0,0.0,1.0
twin_same_eye,0.5640000000000001,1.0,0.0,1.0,0.0,1.0
twin_same_eye,0.5650000000000001,1.0,0.0,1.0,0.0,1.0
twin_same_eye,0.5660000000000001,1.0,0.0,1.0,0.0,1.0
twin_same_eye,0.5670000000000001,1.0,0.0,1.0,0.0,1.0
twin_same_eye,0.5680000000000001,1.0,0.0,1.0,0.0,1.0
twin_same_eye,0.5690000000000001,1.0,0.0,1.0,0.0,1.0
twin_same_eye,0.5700000000000001,1.0,0.0,1.0,0.0,1.0
twin_same_eye,0.5710000000000001,1.0,0.0,1.0,0.0,1.0
twin_same_eye,0.5720000000000001,1.0,0.0,1.0,0.0,1.0
twin_same_eye,0.5730000000000001,1.0,0.0,1.0,0.0,1.0
twin_same_eye,0.5740000000000001,1.0,0.0,1.0,0.0,1.0
twin_same_eye,0.5750000000000001,1.0,0.0,1.0,0.0,1.0
twin_same_eye,0.5760000000000001,1.0,0.0,1.0,0.0,1.0
twin_same_eye,0.577,1.0,0.0,1.0,0.0,1.0
twin_same_eye,0.578,1.0,0.0,1.0,0.0,1.0
twin_same_eye,0.579,1.0,0.0,1.0,0.0,1.0
twin_same_eye,0.58,1.0,0.0,1.0,0.0,1.0
twin_same_eye,0.581,1.0,0.0,1.0,0.0,1.0
twin_same_eye,0.582,1.0,0.0,1.0,0.0,1.0
twin_same_eye,0.583,1.0,0.0,1.0,0.0,1.0
twin_same_eye,0.584,1.0,0.0,1.0,0.0,1.0
twin_same_eye,0.585,1.0,0.0,1.0,0.0,1.0
twin_same_eye,0.586,1.0,0.0,1.0,0.0,1.0
twin_same_eye,0.587,1.0,0.0,1.0,0.0,1.0
twin_same_eye,0.588,1.0,0.0,1.0,0.0,1.0
twin_same_eye,0.589,1.0,0.0,1.0,0.0,1.0
twin_same_eye,0.59,1.0,0.0,1.0,0.0,1.0
twin_same_eye,0.591,1.0,0.0,1.0,0.0,1.0
twin_same_eye,0.592,1.0,0.0,1.0,0.0,1.0
twin_same_eye,0.593,1.0,0.0,1.0,0.0,1.0
twin_same_eye,0.594,1.0,0.0,1.0,0.0,1.0
twin_same_eye,0.595,1.0,0.0,1.0,0.0,1.0
twin_same_eye,0.596,1.0,0.0,1.0,0.0,1.0
twin_same_eye,0.597,1.0,0.0,1.0,0.0,1.0
twin_same_eye,0.598,1.0,0.0,1.0,0.0,1.0
twin_same_eye,0.599,1.0,0.0,1.0,0.0,1.0
twin_same_eye,0.6,1.0,0.0,1.0,0.0,1.0
twin_same_eye,0.601,1.0,0.0,1.0,0.0,1.0
twin_same_eye,0.602,1.0,0.0,1.0,0.0,1.0
twin_same_eye,0.603,1.0,0.0,1.0,0.0,1.0
twin_same_eye,0.604,1.0,0.0,1.0,0.0,1.0
twin_same_eye,0.605,1.0,0.0,1.0,0.0,1.0
twin_same_eye,0.606,1.0,0.0,1.0,0.0,1.0
twin_same_eye,0.607,1.0,0.0,1.0,0.0,1.0
twin_same_eye,0.608,1.0,0.0,1.0,0.0,1.0
twin_same_eye,0.609,1.0,0.0,1.0,0.0,1.0
twin_same_eye,0.61,1.0,0.0,1.0,0.0,1.0
twin_same_eye,0.611,1.0,0.0,1.0,0.0,1.0
twin_same_eye,0.612,1.0,0.0,1.0,0.0,1.0
twin_same_eye,0.613,1.0,0.0,1.0,0.0,1.0
twin_same_eye,0.614,1.0,0.0,1.0,0.0,1.0
twin_same_eye,0.615,1.0,0.0,1.0,0.0,1.0
twin_same_eye,0.616,1.0,0.0,1.0,0.0,1.0
twin_same_eye,0.617,1.0,0.0,1.0,0.0,1.0
twin_same_eye,0.618,1.0,0.0,1.0,0.0,1.0
twin_same_eye,0.619,1.0,0.0,1.0,0.0,1.0
twin_same_eye,0.62,1.0,0.0,1.0,0.0,1.0
twin_same_eye,0.621,1.0,0.0,1.0,0.0,1.0
twin_same_eye,0.622,1.0,0.0,1.0,0.0,1.0
twin_same_eye,0.623,1.0,0.0,1.0,0.0,1.0
twin_same_eye,0.624,1.0,0.0,1.0,0.0,1.0
twin_same_eye,0.625,1.0,0.0,1.0,0.0,1.0
twin_same_eye,0.626,1.0,0.0,1.0,0.0,1.0
twin_same_eye,0.627,1.0,0.0,1.0,0.0,1.0
twin_same_eye,0.628,1.0,0.0,1.0,0.0,1.0
twin_same_eye,0.629,1.0,0.0,1.0,0.0,1.0
twin_same_eye,0.63,1.0,0.0,1.0,0.0,1.0
twin_same_eye,0.631,1.0,0.0,1.0,0.0,1.0
twin_same_eye,0.632,1.0,0.0,1.0,0.0,1.0
twin_same_eye,0.633,1.0,0.0,1.0,0.0,1.0
twin_same_eye,0.634,1.0,0.0,1.0,0.0,1.0
twin_same_eye,0.635,1.0,0.0,1.0,0.0,1.0
twin_same_eye,0.636,1.0,0.0,1.0,0.0,1.0
twin_same_eye,0.637,1.0,0.0,1.0,0.0,1.0
twin_same_eye,0.638,1.0,0.0,1.0,0.0,1.0
twin_same_eye,0.639,1.0,0.0,1.0,0.0,1.0
twin_same_eye,0.64,1.0,0.0,1.0,0.0,1.0
twin_same_eye,0.641,1.0,0.0,1.0,0.0,1.0
twin_same_eye,0.642,1.0,0.0,1.0,0.0,1.0
twin_same_eye,0.643,1.0,0.0,1.0,0.0,1.0
twin_same_eye,0.644,1.0,0.0,1.0,0.0,1.0
twin_same_eye,0.645,1.0,0.0,1.0,0.0,1.0
twin_same_eye,0.646,1.0,0.0,1.0,0.0,1.0
twin_same_eye,0.647,1.0,0.0,1.0,0.0,1.0
twin_same_eye,0.648,1.0,0.0,1.0,0.0,1.0
twin_same_eye,0.649,1.0,0.0,1.0,0.0,1.0
twin_same_eye,0.65,1.0,0.0,1.0,0.0,1.0
twin_cross_eye,0.0,0.0,1.0,0.0,1.0,1.0
twin_cross_eye,0.001,0.0,1.0,0.0,1.0,1.0
twin_cross_eye,0.002,0.0,1.0,0.0,1.0,1.0
twin_cross_eye,0.003,0.0,1.0,0.0,1.0,1.0
twin_cross_eye,0.004,0.0,1.0,0.0,1.0,1.0
twin_cross_eye,0.005,0.0,1.0,0.0,1.0,1.0
twin_cross_eye,0.006,0.0,1.0,0.0,1.0,1.0
twin_cross_eye,0.007,0.0,1.0,0.0,1.0,1.0
twin_cross_eye,0.008,0.0,1.0,0.0,1.0,1.0
twin_cross_eye,0.009000000000000001,0.0,1.0,0.0,1.0,1.0
twin_cross_eye,0.01,0.0,1.0,0.0,1.0,1.0
twin_cross_eye,0.011,0.0,1.0,0.0,1.0,1.0
twin_cross_eye,0.012,0.0,1.0,0.0,1.0,1.0
twin_cross_eye,0.013000000000000001,0.0,1.0,0.0,1.0,1.0
twin_cross_eye,0.014,0.0,1.0,0.0,1.0,1.0
twin_cross_eye,0.015,0.0,1.0,0.0,1.0,1.0
twin_cross_eye,0.016,0.0,1.0,0.0,1.0,1.0
twin_cross_eye,0.017,0.0,1.0,0.0,1.0,1.0
twin_cross_eye,0.018000000000000002,0.0,1.0,0.0,1.0,1.0
twin_cross_eye,0.019,0.0,1.0,0.0,1.0,1.0
twin_cross_eye,0.02,0.0,1.0,0.0,1.0,1.0
twin_cross_eye,0.021,0.0,1.0,0.0,1.0,1.0
twin_cross_eye,0.022,0.0,1.0,0.0,1.0,1.0
twin_cross_eye,0.023,0.0,1.0,0.0,1.0,1.0
twin_cross_eye,0.024,0.0,1.0,0.0,1.0,1.0
twin_cross_eye,0.025,0.0,1.0,0.0,1.0,1.0
twin_cross_eye,0.026000000000000002,0.0,1.0,0.0,1.0,1.0
twin_cross_eye,0.027,0.0,1.0,0.0,1.0,1.0
twin_cross_eye,0.028,0.0,1.0,0.0,1.0,1.0
twin_cross_eye,0.029,0.0,1.0,0.0,1.0,1.0
twin_cross_eye,0.03,0.0,1.0,0.0,1.0,1.0
twin_cross_eye,0.031,0.0,1.0,0.0,1.0,1.0
twin_cross_eye,0.032,0.0,1.0,0.0,1.0,1.0
twin_cross_eye,0.033,0.0,1.0,0.0,1.0,1.0
twin_cross_eye,0.034,0.0,1.0,0.0,1.0,1.0
twin_cross_eye,0.035,0.0,1.0,0.0,1.0,1.0
twin_cross_eye,0.036000000000000004,0.0,1.0,0.0,1.0,1.0
twin_cross_eye,0.037,0.0,1.0,0.0,1.0,1.0
twin_cross_eye,0.038,0.0,1.0,0.0,1.0,1.0
twin_cross_eye,0.039,0.0,1.0,0.0,1.0,1.0
twin_cross_eye,0.04,0.0,1.0,0.0,1.0,1.0
twin_cross_eye,0.041,0.0,1.0,0.0,1.0,1.0
twin_cross_eye,0.042,0.0,1.0,0.0,1.0,1.0
twin_cross_eye,0.043000000000000003,0.0,1.0,0.0,1.0,1.0
twin_cross_eye,0.044,0.0,1.0,0.0,1.0,1.0
twin_cross_eye,0.045,0.0,1.0,0.0,1.0,1.0
twin_cross_eye,0.046,0.0,1.0,0.0,1.0,1.0
twin_cross_eye,0.047,0.0,1.0,0.0,1.0,1.0
twin_cross_eye,0.048,0.0,1.0,0.0,1.0,1.0
twin_cross_eye,0.049,0.0,1.0,0.0,1.0,1.0
twin_cross_eye,0.05,0.0,1.0,0.0,1.0,1.0
twin_cross_eye,0.051000000000000004,0.0,1.0,0.0,1.0,1.0
twin_cross_eye,0.052000000000000005,0.0,1.0,0.0,1.0,1.0
twin_cross_eye,0.053,0.0,1.0,0.0,1.0,1.0
twin_cross_eye,0.054,0.0,1.0,0.0,1.0,1.0
twin_cross_eye,0.055,0.0,1.0,0.0,1.0,1.0
twin_cross_eye,0.056,0.0,1.0,0.0,1.0,1.0
twin_cross_eye,0.057,0.0,1.0,0.0,1.0,1.0
twin_cross_eye,0.058,0.0,1.0,0.0,1.0,1.0
twin_cross_eye,0.059000000000000004,0.0,1.0,0.0,1.0,1.0
twin_cross_eye,0.06,0.0,1.0,0.0,1.0,1.0
twin_cross_eye,0.061,0.0,1.0,0.0,1.0,1.0
twin_cross_eye,0.062,0.0,1.0,0.0,1.0,1.0
twin_cross_eye,0.063,0.0,1.0,0.0,1.0,1.0
twin_cross_eye,0.064,0.0,1.0,0.0,1.0,1.0
twin_cross_eye,0.065,0.0,1.0,0.0,1.0,1.0
twin_cross_eye,0.066,0.0,1.0,0.0,1.0,1.0
twin_cross_eye,0.067,0.0,1.0,0.0,1.0,1.0
twin_cross_eye,0.068,0.0,1.0,0.0,1.0,1.0
twin_cross_eye,0.069,0.0,1.0,0.0,1.0,1.0
twin_cross_eye,0.07,0.0,1.0,0.0,1.0,1.0
twin_cross_eye,0.07100000000000001,0.0,1.0,0.0,1.0,1.0
twin_cross_eye,0.07200000000000001,0.0,1.0,0.0,1.0,1.0
twin_cross_eye,0.073,0.0,1.0,0.0,1.0,1.0
twin_cross_eye,0.074,0.0,1.0,0.0,1.0,1.0
twin_cross_eye,0.075,0.0,1.0,0.0,1.0,1.0
twin_cross_eye,0.076,0.0,1.0,0.0,1.0,1.0
twin_cross_eye,0.077,0.0,1.0,0.0,1.0,1.0
twin_cross_eye,0.078,0.0,1.0,0.0,1.0,1.0
twin_cross_eye,0.079,0.0,1.0,0.0,1.0,1.0
twin_cross_eye,0.08,0.0,1.0,0.0,1.0,1.0
twin_cross_eye,0.081,0.0,1.0,0.0,1.0,1.0
twin_cross_eye,0.082,0.0,1.0,0.0,1.0,1.0
twin_cross_eye,0.083,0.0,1.0,0.0,1.0,1.0
twin_cross_eye,0.084,0.0,1.0,0.0,1.0,1.0
twin_cross_eye,0.085,0.0,1.0,0.0,1.0,1.0
twin_cross_eye,0.08600000000000001,0.0,1.0,0.0,1.0,1.0
twin_cross_eye,0.08700000000000001,0.0,1.0,0.0,1.0,1.0
twin_cross_eye,0.088,0.0,1.0,0.0,1.0,1.0
twin_cross_eye,0.089,0.0,1.0,0.0,1.0,1.0
twin_cross_eye,0.09,0.0,1.0,0.0,1.0,1.0
twin_cross_eye,0.091,0.0,1.0,0.0,1.0,1.0
twin_cross_eye,0.092,0.0,1.0,0.0,1.0,1.0
twin_cross_eye,0.093,0.0,1.0,0.0,1.0,1.0
twin_cross_eye,0.094,0.0,1.0,0.0,1.0,1.0
twin_cross_eye,0.095,0.0,1.0,0.0,1.0,1.0
twin_cross_eye,0.096,0.0,1.0,0.0,1.0,1.0
twin_cross_eye,0.097,0.0,1.0,0.0,1.0,1.0
twin_cross_eye,0.098,0.0,1.0,0.0,1.0,1.0
twin_cross_eye,0.099,0.0,1.0,0.0,1.0,1.0
twin_cross_eye,0.1,0.0,1.0,0.0,1.0,1.0
twin_cross_eye,0.101,0.0,1.0,0.0,1.0,1.0
twin_cross_eye,0.10200000000000001,0.0,1.0,0.0,1.0,1.0
twin_cross_eye,0.10300000000000001,0.0,1.0,0.0,1.0,1.0
twin_cross_eye,0.10400000000000001,0.0,1.0,0.0,1.0,1.0
twin_cross_eye,0.105,0.0,1.0,0.0,1.0,1.0
twin_cross_eye,0.106,0.0,1.0,0.0,1.0,1.0
twin_cross_eye,0.107,0.0,1.0,0.0,1.0,1.0
twin_cross_eye,0.108,0.0,1.0,0.0,1.0,1.0
twin_cross_eye,0.109,0.0,1.0,0.0,1.0,1.0
twin_cross_eye,0.11,0.0,1.0,0.0,1.0,1.0
twin_cross_eye,0.111,0.0,1.0,0.0,1.0,1.0
twin_cross_eye,0.112,0.0,1.0,0.0,1.0,1.0
twin_cross_eye,0.113,0.0,1.0,0.0,1.0,1.0
twin_cross_eye,0.114,0.0,1.0,0.0,1.0,1.0
twin_cross_eye,0.115,0.0,0.9997489959839357,0.00025100401606426015,1.0,0.9997489959839357
twin_cross_eye,0.116,0.0,0.9997489959839357,0.00025100401606426015,1.0,0.9997489959839357
twin_cross_eye,0.117,0.0,0.9997489959839357,0.00025100401606426015,1.0,0.9997489959839357
twin_cross_eye,0.11800000000000001,0.0,0.9997489959839357,0.00025100401606426015,1.0,0.9997489959839357
twin_cross_eye,0.11900000000000001,0.0,0.9997489959839357,0.00025100401606426015,1.0,0.9997489959839357
twin_cross_eye,0.12,0.0,0.9997489959839357,0.00025100401606426015,1.0,0.9997489959839357
twin_cross_eye,0.121,0.0,0.9997489959839357,0.00025100401606426015,1.0,0.9997489959839357
twin_cross_eye,0.122,0.0,0.9994979919678715,0.0005020080321285203,1.0,0.9994979919678715
twin_cross_eye,0.123,0.0,0.9994979919678715,0.0005020080321285203,1.0,0.9994979919678715
twin_cross_eye,0.124,0.0,0.9994979919678715,0.0005020080321285203,1.0,0.9994979919678715
twin_cross_eye,0.125,0.0,0.9994979919678715,0.0005020080321285203,1.0,0.9994979919678715
twin_cross_eye,0.126,0.0,0.9992469879518072,0.0007530120481927804,1.0,0.9992469879518072
twin_cross_eye,0.127,0.0,0.998995983935743,0.0010040160642570406,1.0,0.998995983935743
twin_cross_eye,0.128,0.0,0.9987449799196787,0.0012550200803213007,1.0,0.9987449799196787
twin_cross_eye,0.129,0.0,0.9982429718875502,0.001757028112449821,1.0,0.9982429718875502
twin_cross_eye,0.13,0.0,0.9982429718875502,0.001757028112449821,1.0,0.9982429718875502
twin_cross_eye,0.131,0.0,0.9982429718875502,0.001757028112449821,1.0,0.9982429718875502
twin_cross_eye,0.132,0.0,0.9982429718875502,0.001757028112449821,1.0,0.9982429718875502
twin_cross_eye,0.133,0.0,0.9979919678714859,0.002008032128514081,1.0,0.9979919678714859
twin_cross_eye,0.134,0.0,0.9977409638554217,0.0022590361445783413,1.0,0.9977409638554217
twin_cross_eye,0.135,0.0,0.9977409638554217,0.0022590361445783413,1.0,0.9977409638554217
twin_cross_eye,0.136,0.0,0.9977409638554217,0.0022590361445783413,1.0,0.9977409638554217
twin_cross_eye,0.137,0.0,0.9977409638554217,0.0022590361445783413,1.0,0.9977409638554217
twin_cross_eye,0.138,0.0,0.9974899598393574,0.0025100401606426015,1.0,0.9974899598393574
twin_cross_eye,0.139,0.0,0.9972389558232931,0.0027610441767068616,1.0,0.9972389558232931
twin_cross_eye,0.14,0.0,0.9967369477911646,0.003263052208835382,1.0,0.9967369477911646
twin_cross_eye,0.14100000000000001,0.0,0.9964859437751004,0.003514056224899642,1.0,0.9964859437751004
twin_cross_eye,0.14200000000000002,0.0,0.9964859437751004,0.003514056224899642,1.0,0.9964859437751004
twin_cross_eye,0.14300000000000002,0.0,0.9964859437751004,0.003514056224899642,1.0,0.9964859437751004
twin_cross_eye,0.14400000000000002,0.0,0.9962349397590361,0.0037650602409639022,1.0,0.9962349397590361
twin_cross_eye,0.145,0.0,0.9952309236947792,0.004769076305220832,1.0,0.9952309236947792
twin_cross_eye,0.146,0.0,0.9949799196787149,0.005020080321285092,1.0,0.9949799196787149
twin_cross_eye,0.147,0.0,0.9944779116465864,0.005522088353413612,1.0,0.9944779116465864
twin_cross_eye,0.148,0.0,0.9939759036144579,0.0060240963855421326,1.0,0.9939759036144579
twin_cross_eye,0.149,0.0,0.9939759036144579,0.0060240963855421326,1.0,0.9939759036144579
twin_cross_eye,0.15,0.0,0.9937248995983936,0.006275100401606393,1.0,0.9937248995983936
twin_cross_eye,0.151,0.0,0.9927208835341366,0.007279116465863433,1.0,0.9927208835341366
twin_cross_eye,0.152,0.0,0.9927208835341366,0.007279116465863433,1.0,0.9927208835341366
twin_cross_eye,0.153,0.0,0.9919678714859438,0.008032128514056214,1.0,0.9919678714859438
twin_cross_eye,0.154,0.0,0.9914658634538153,0.008534136546184734,1.0,0.9914658634538153
twin_cross_eye,0.155,0.0,0.991214859437751,0.008785140562248994,1.0,0.991214859437751
twin_cross_eye,0.156,0.0,0.9904618473895582,0.009538152610441775,1.0,0.9904618473895582
twin_cross_eye,0.157,0.0,0.9892068273092369,0.010793172690763075,1.0,0.9892068273092369
twin_cross_eye,0.158,0.0,0.9879518072289156,0.012048192771084376,1.0,0.9879518072289156
twin_cross_eye,0.159,0.0,0.9871987951807228,0.012801204819277157,1.0,0.9871987951807228
twin_cross_eye,0.16,0.0,0.9861947791164659,0.013805220883534086,1.0,0.9861947791164659
twin_cross_eye,0.161,0.0,0.9854417670682731,0.014558232931726867,1.0,0.9854417670682731
twin_cross_eye,0.162,0.0,0.9849397590361446,0.015060240963855387,1.0,0.9849397590361446
twin_cross_eye,0.163,0.0,0.983433734939759,0.016566265060240948,1.0,0.983433734939759
twin_cross_eye,0.164,0.0,0.9821787148594378,0.01782128514056225,1.0,0.9821787148594378
twin_cross_eye,0.165,0.0,0.9821787148594378,0.01782128514056225,1.0,0.9821787148594378
twin_cross_eye,0.166,0.0,0.9816767068273092,0.01832329317269077,1.0,0.9816767068273092
twin_cross_eye,0.167,0.0,0.9806726907630522,0.01932730923694781,1.0,0.9806726907630522
twin_cross_eye,0.168,0.0,0.9796686746987951,0.02033132530120485,1.0,0.9796686746987951
twin_cross_eye,0.169,0.0,0.9789156626506024,0.02108433734939763,1.0,0.9789156626506024
twin_cross_eye,0.17,0.0,0.9784136546184738,0.02158634538152615,1.0,0.9784136546184738
twin_cross_eye,0.171,0.0,0.9774096385542169,0.02259036144578308,1.0,0.9774096385542169
twin_cross_eye,0.17200000000000001,0.0,0.9764056224899599,0.02359437751004012,1.0,0.9764056224899599
twin_cross_eye,0.17300000000000001,0.0,0.9751506024096386,0.02484939759036142,1.0,0.9751506024096386
twin_cross_eye,0.17400000000000002,0.0,0.973644578313253,0.026355421686746983,1.0,0.973644578313253
twin_cross_eye,0.17500000000000002,0.0,0.9723895582329317,0.027610441767068283,1.0,0.9723895582329317
twin_cross_eye,0.176,0.0,0.9721385542168675,0.027861445783132543,1.0,0.9721385542168675
twin_cross_eye,0.177,0.0,0.9716365461847389,0.028363453815261064,1.0,0.9716365461847389
twin_cross_eye,0.178,0.0,0.9708835341365462,0.029116465863453844,1.0,0.9708835341365462
twin_cross_eye,0.179,0.0,0.9701305220883534,0.029869477911646625,1.0,0.9701305220883534
twin_cross_eye,0.18,0.0,0.9691265060240963,0.030873493975903665,1.0,0.9691265060240963
twin_cross_eye,0.181,0.0,0.9678714859437751,0.032128514056224855,1.0,0.9678714859437751
twin_cross_eye,0.182,0.0,0.9668674698795181,0.033132530120481896,1.0,0.9668674698795181
twin_cross_eye,0.183,0.0,0.9663654618473896,0.033634538152610416,1.0,0.9663654618473896
twin_cross_eye,0.184,0.0,0.9658634538152611,0.034136546184738936,1.0,0.9658634538152611
twin_cross_eye,0.185,0.0,0.9643574297188755,0.0356425702811245,1.0,0.9643574297188755
twin_cross_eye,0.186,0.0,0.9631024096385542,0.0368975903614458,1.0,0.9631024096385542
twin_cross_eye,0.187,0.0,0.9615963855421686,0.03840361445783136,1.0,0.9615963855421686
twin_cross_eye,0.188,0.0,0.9605923694779116,0.0394076305220884,1.0,0.9605923694779116
twin_cross_eye,0.189,0.0,0.9595883534136547,0.04041164658634533,1.0,0.9595883534136547
twin_cross_eye,0.19,0.0,0.9580823293172691,0.04191767068273089,1.0,0.9580823293172691
twin_cross_eye,0.191,0.0,0.9558232931726908,0.04417670682730923,1.0,0.9558232931726908
twin_cross_eye,0.192,0.0,0.9538152610441767,0.04618473895582331,1.0,0.9538152610441767
twin_cross_eye,0.193,0.0,0.9523092369477911,0.04769076305220887,1.0,0.9523092369477911
twin_cross_eye,0.194,0.0,0.9508032128514057,0.04919678714859432,1.0,0.9508032128514057
twin_cross_eye,0.195,0.0,0.9490461847389559,0.050953815261044144,1.0,0.9490461847389559
twin_cross_eye,0.196,0.0,0.9480421686746988,0.051957831325301185,1.0,0.9480421686746988
twin_cross_eye,0.197,0.0,0.947289156626506,0.052710843373493965,1.0,0.947289156626506
twin_cross_eye,0.198,0.0,0.945281124497992,0.054718875502008046,1.0,0.945281124497992
twin_cross_eye,0.199,0.0,0.9435240963855421,0.05647590361445787,1.0,0.9435240963855421
twin_cross_eye,0.2,0.0,0.9405120481927711,0.05948795180722888,1.0,0.9405120481927711
twin_cross_eye,0.201,0.0,0.9392570281124498,0.06074297188755018,1.0,0.9392570281124498
twin_cross_eye,0.202,0.0,0.9377510040160643,0.06224899598393574,1.0,0.9377510040160643
twin_cross_eye,0.203,0.0,0.9347389558232931,0.06526104417670686,1.0,0.9347389558232931
twin_cross_eye,0.20400000000000001,0.0,0.9329819277108434,0.06701807228915657,1.0,0.9329819277108434
twin_cross_eye,0.20500000000000002,0.0,0.9312248995983936,0.06877510040160639,1.0,0.9312248995983936
twin_cross_eye,0.20600000000000002,0.0,0.9269578313253012,0.07304216867469882,1.0,0.9269578313253012
twin_cross_eye,0.20700000000000002,0.0,0.9257028112449799,0.07429718875502012,1.0,0.9257028112449799
twin_cross_eye,0.20800000000000002,0.0,0.9234437751004017,0.07655622489959835,1.0,0.9234437751004017
twin_cross_eye,0.209,0.0,0.9216867469879518,0.07831325301204817,1.0,0.9216867469879518
twin_cross_eye,0.21,0.0,0.9196787148594378,0.08032128514056225,1.0,0.9196787148594378
twin_cross_eye,0.211,0.0,0.9156626506024096,0.08433734939759041,1.0,0.9156626506024096
twin_cross_eye,0.212,0.0,0.9126506024096386,0.08734939759036142,1.0,0.9126506024096386
twin_cross_eye,0.213,0.0,0.9118975903614458,0.0881024096385542,1.0,0.9118975903614458
twin_cross_eye,0.214,0.0,0.9091365461847389,0.09086345381526106,1.0,0.9091365461847389
twin_cross_eye,0.215,0.0,0.9048694779116466,0.09513052208835338,1.0,0.9048694779116466
twin_cross_eye,0.216,0.0,0.9041164658634538,0.09588353413654616,1.0,0.9041164658634538
twin_cross_eye,0.217,0.0,0.9008534136546185,0.09914658634538154,1.0,0.9008534136546185
twin_cross_eye,0.218,0.0,0.8983433734939759,0.10165662650602414,1.0,0.8983433734939759
twin_cross_eye,0.219,0.0,0.8955823293172691,0.10441767068273089,1.0,0.8955823293172691
twin_cross_eye,0.22,0.0,0.893574297188755,0.10642570281124497,1.0,0.893574297188755
twin_cross_eye,0.221,0.0,0.891566265060241,0.10843373493975905,1.0,0.891566265060241
twin_cross_eye,0.222,0.0,0.8883032128514057,0.11169678714859432,1.0,0.8883032128514057
twin_cross_eye,0.223,0.0,0.8862951807228916,0.1137048192771084,1.0,0.8862951807228916
twin_cross_eye,0.224,0.0,0.882781124497992,0.11721887550200805,1.0,0.882781124497992
twin_cross_eye,0.225,0.0,0.8797690763052208,0.12023092369477917,1.0,0.8797690763052208
twin_cross_eye,0.226,0.0,0.8762550200803213,0.1237449799196787,1.0,0.8762550200803213
twin_cross_eye,0.227,0.0,0.8742469879518072,0.12575301204819278,1.0,0.8742469879518072
twin_cross_eye,0.228,0.0,0.8707329317269076,0.12926706827309242,1.0,0.8707329317269076
twin_cross_eye,0.229,0.0,0.8689759036144579,0.13102409638554213,1.0,0.8689759036144579
twin_cross_eye,0.23,0.0,0.8669678714859438,0.1330321285140562,1.0,0.8669678714859438
twin_cross_eye,0.231,0.0,0.8657128514056225,0.13428714859437751,1.0,0.8657128514056225
twin_cross_eye,0.232,0.0,0.8616967871485943,0.13830321285140568,1.0,0.8616967871485943
twin_cross_eye,0.233,0.0,0.8589357429718876,0.14106425702811243,1.0,0.8589357429718876
twin_cross_eye,0.234,0.0,0.856425702811245,0.14357429718875503,1.0,0.856425702811245
twin_cross_eye,0.23500000000000001,0.0,0.8536646586345381,0.1463353413654619,1.0,0.8536646586345381
twin_cross_eye,0.23600000000000002,0.0,0.8498995983935743,0.15010040160642568,1.0,0.8498995983935743
twin_cross_eye,0.23700000000000002,0.0,0.8473895582329317,0.15261044176706828,1.0,0.8473895582329317
twin_cross_eye,0.23800000000000002,0.0,0.8438755020080321,0.15612449799196793,1.0,0.8438755020080321
twin_cross_eye,0.23900000000000002,0.0,0.8393574297188755,0.1606425702811245,1.0,0.8393574297188755
twin_cross_eye,0.24,0.0,0.8350903614457831,0.16490963855421692,1.0,0.8350903614457831
twin_cross_eye,0.241,0.0,0.8318273092369478,0.1681726907630522,1.0,0.8318273092369478
twin_cross_eye,0.242,0.0,0.8280622489959839,0.1719377510040161,1.0,0.8280622489959839
twin_cross_eye,0.243,0.0,0.8245481927710844,0.17545180722891562,1.0,0.8245481927710844
twin_cross_eye,0.244,0.0,0.8217871485943775,0.17821285140562249,1.0,0.8217871485943775
twin_cross_eye,0.245,0.0,0.8157630522088354,0.18423694779116462,1.0,0.8157630522088354
twin_cross_eye,0.246,0.0,0.8125,0.1875,1.0,0.8125
twin_cross_eye,0.247,0.0,0.8104919678714859,0.18950803212851408,1.0,0.8104919678714859
twin_cross_eye,0.248,0.0,0.8079819277108434,0.19201807228915657,1.0,0.8079819277108434
twin_cross_eye,0.249,0.0,0.8032128514056225,0.19678714859437751,1.0,0.8032128514056225
twin_cross_eye,0.25,0.0,0.8002008032128514,0.19979919678714864,1.0,0.8002008032128514
twin_cross_eye,0.251,0.0,0.7954317269076305,0.20456827309236947,1.0,0.7954317269076305
twin_cross_eye,0.252,0.0,0.7911646586345381,0.2088353413654619,1.0,0.7911646586345381
twin_cross_eye,0.253,0.0,0.7871485943775101,0.21285140562248994,1.0,0.7871485943775101
twin_cross_eye,0.254,0.0,0.7838855421686747,0.21611445783132532,1.0,0.7838855421686747
twin_cross_eye,0.255,0.0,0.7796184738955824,0.22038152610441764,1.0,0.7796184738955824
twin_cross_eye,0.256,0.0,0.776355421686747,0.22364457831325302,1.0,0.776355421686747
twin_cross_eye,0.257,0.0,0.7728413654618473,0.22715863453815266,1.0,0.7728413654618473
twin_cross_eye,0.258,0.0,0.7673192771084337,0.23268072289156627,1.0,0.7673192771084337
twin_cross_eye,0.259,0.0,0.7648092369477911,0.23519076305220887,1.0,0.7648092369477911
twin_cross_eye,0.26,0.0,0.7605421686746988,0.23945783132530118,1.0,0.7605421686746988
twin_cross_eye,0.261,0.0,0.7560240963855421,0.24397590361445787,1.0,0.7560240963855421
twin_cross_eye,0.262,0.0,0.7525100401606426,0.2474899598393574,1.0,0.7525100401606426
twin_cross_eye,0.263,0.0,0.7482429718875502,0.2517570281124498,1.0,0.7482429718875502
twin_cross_eye,0.264,0.0,0.7437248995983936,0.2562751004016064,1.0,0.7437248995983936
twin_cross_eye,0.265,0.0,0.7397088353413654,0.26029116465863456,1.0,0.7397088353413654
twin_cross_eye,0.266,0.0,0.7366967871485943,0.2633032128514057,1.0,0.7366967871485943
twin_cross_eye,0.267,0.0,0.732429718875502,0.267570281124498,1.0,0.732429718875502
twin_cross_eye,0.268,0.0,0.7274096385542169,0.2725903614457831,1.0,0.7274096385542169
twin_cross_eye,0.269,0.0,0.7233935742971888,0.27660642570281124,1.0,0.7233935742971888
twin_cross_eye,0.27,0.0,0.7193775100401606,0.2806224899598394,1.0,0.7193775100401606
twin_cross_eye,0.271,0.0,0.7156124497991968,0.2843875502008032,1.0,0.7156124497991968
twin_cross_eye,0.272,0.0,0.7103413654618473,0.28965863453815266,1.0,0.7103413654618473
twin_cross_eye,0.273,0.0,0.7058232931726908,0.29417670682730923,1.0,0.7058232931726908
twin_cross_eye,0.274,0.0,0.7005522088353414,0.2994477911646586,1.0,0.7005522088353414
twin_cross_eye,0.275,0.0,0.695281124497992,0.30471887550200805,1.0,0.695281124497992
twin_cross_eye,0.276,0.0,0.6917670682730924,0.3082329317269076,1.0,0.6917670682730924
twin_cross_eye,0.277,0.0,0.686495983935743,0.31350401606425704,1.0,0.686495983935743
twin_cross_eye,0.278,0.0,0.6802208835341366,0.31977911646586343,1.0,0.6802208835341366
twin_cross_eye,0.279,0.0,0.6757028112449799,0.3242971887550201,1.0,0.6757028112449799
twin_cross_eye,0.28,0.0,0.6719377510040161,0.3280622489959839,1.0,0.6719377510040161
twin_cross_eye,0.281,0.0,0.6676706827309237,0.33232931726907633,1.0,0.6676706827309237
twin_cross_eye,0.28200000000000003,0.0,0.6616465863453815,0.33835341365461846,1.0,0.6616465863453815
twin_cross_eye,0.28300000000000003,0.0,0.6553714859437751,0.34462851405622486,1.0,0.6553714859437751
twin_cross_eye,0.28400000000000003,0.0,0.6490963855421686,0.35090361445783136,1.0,0.6490963855421686
twin_cross_eye,0.28500000000000003,0.0,0.6428212851405622,0.35717871485943775,1.0,0.6428212851405622
twin_cross_eye,0.28600000000000003,0.0,0.6352911646586346,0.36470883534136544,1.0,0.6352911646586346
twin_cross_eye,0.28700000000000003,0.0,0.6307730923694779,0.3692269076305221,1.0,0.6307730923694779
twin_cross_eye,0.28800000000000003,0.0,0.6244979919678715,0.3755020080321285,1.0,0.6244979919678715
twin_cross_eye,0.289,0.0,0.6189759036144579,0.38102409638554213,1.0,0.6189759036144579
twin_cross_eye,0.29,0.0,0.6137048192771084,0.3862951807228916,1.0,0.6137048192771084
twin_cross_eye,0.291,0.0,0.607429718875502,0.392570281124498,1.0,0.607429718875502
twin_cross_eye,0.292,0.0,0.6009036144578314,0.39909638554216864,1.0,0.6009036144578314
twin_cross_eye,0.293,0.0,0.5946285140562249,0.40537148594377514,1.0,0.5946285140562249
twin_cross_eye,0.294,0.0,0.5903614457831325,0.40963855421686746,1.0,0.5903614457831325
twin_cross_eye,0.295,0.0,0.5835843373493976,0.41641566265060237,1.0,0.5835843373493976
twin_cross_eye,0.296,0.0,0.5768072289156626,0.4231927710843374,1.0,0.5768072289156626
twin_cross_eye,0.297,0.0,0.5685240963855421,0.43147590361445787,1.0,0.5685240963855421
twin_cross_eye,0.298,0.0,0.5619979919678715,0.4380020080321285,1.0,0.5619979919678715
twin_cross_eye,0.299,0.0,0.5552208835341366,0.44477911646586343,1.0,0.5552208835341366
twin_cross_eye,0.3,0.0,0.5499497991967871,0.4500502008032129,1.0,0.5499497991967871
twin_cross_eye,0.301,0.0,0.5451807228915663,0.45481927710843373,1.0,0.5451807228915663
twin_cross_eye,0.302,0.0,0.5404116465863453,0.45958835341365467,1.0,0.5404116465863453
twin_cross_eye,0.303,0.0,0.5348895582329317,0.4651104417670683,1.0,0.5348895582329317
twin_cross_eye,0.304,0.0,0.5286144578313253,0.4713855421686747,1.0,0.5286144578313253
twin_cross_eye,0.305,0.0,0.5220883534136547,0.47791164658634533,1.0,0.5220883534136547
twin_cross_eye,0.306,0.0,0.5163152610441767,0.4836847389558233,1.0,0.5163152610441767
twin_cross_eye,0.307,0.0,0.5085341365461847,0.49146586345381527,1.0,0.5085341365461847
twin_cross_eye,0.308,0.0,0.5035140562248996,0.49648594377510036,1.0,0.5035140562248996
twin_cross_eye,0.309,0.0,0.4994979919678715,0.5005020080321285,1.0,0.4994979919678715
twin_cross_eye,0.31,0.0,0.4924698795180723,0.5075301204819277,1.0,0.4924698795180723
twin_cross_eye,0.311,0.0,0.48744979919678716,0.5125502008032128,1.0,0.48744979919678716
twin_cross_eye,0.312,0.0,0.4811746987951807,0.5188253012048193,1.0,0.4811746987951807
twin_cross_eye,0.313,0.0,0.47615461847389556,0.5238453815261044,1.0,0.47615461847389556
twin_cross_eye,0.314,0.0,0.47063253012048195,0.5293674698795181,1.0,0.47063253012048195
twin_cross_eye,0.315,0.0,0.4656124497991968,0.5343875502008032,1.0,0.4656124497991968
twin_cross_eye,0.316,0.0,0.4598393574297189,0.5401606425702812,1.0,0.4598393574297189
twin_cross_eye,0.317,0.0,0.45456827309236947,0.5454317269076305,1.0,0.45456827309236947
twin_cross_eye,0.318,0.0,0.4503012048192771,0.5496987951807228,1.0,0.4503012048192771
twin_cross_eye,0.319,0.0,0.44327309236947793,0.5567269076305221,1.0,0.44327309236947793
twin_cross_eye,0.32,0.0,0.4382530120481928,0.5617469879518072,1.0,0.4382530120481928
twin_cross_eye,0.321,0.0,0.4314759036144578,0.5685240963855422,1.0,0.4314759036144578
twin_cross_eye,0.322,0.0,0.42570281124497994,0.5742971887550201,1.0,0.42570281124497994
twin_cross_eye,0.323,0.0,0.42043172690763053,0.5795682730923695,1.0,0.42043172690763053
twin_cross_eye,0.324,0.0,0.41566265060240964,0.5843373493975903,1.0,0.41566265060240964
twin_cross_eye,0.325,0.0,0.40963855421686746,0.5903614457831325,1.0,0.40963855421686746
twin_cross_eye,0.326,0.0,0.4046184738955823,0.5953815261044177,1.0,0.4046184738955823
twin_cross_eye,0.327,0.0,0.3990963855421687,0.6009036144578312,1.0,0.3990963855421687
twin_cross_eye,0.328,0.0,0.39407630522088355,0.6059236947791165,1.0,0.39407630522088355
twin_cross_eye,0.329,0.0,0.3883032128514056,0.6116967871485943,1.0,0.3883032128514056
twin_cross_eye,0.33,0.0,0.3832831325301205,0.6167168674698795,1.0,0.3832831325301205
twin_cross_eye,0.331,0.0,0.3782630522088353,0.6217369477911647,1.0,0.3782630522088353
twin_cross_eye,0.332,0.0,0.37399598393574296,0.626004016064257,1.0,0.37399598393574296
twin_cross_eye,0.333,0.0,0.3689759036144578,0.6310240963855422,1.0,0.3689759036144578
twin_cross_eye,0.334,0.0,0.3649598393574297,0.6350401606425703,1.0,0.3649598393574297
twin_cross_eye,0.335,0.0,0.3596887550200803,0.6403112449799198,1.0,0.3596887550200803
twin_cross_eye,0.336,0.0,0.35542168674698793,0.6445783132530121,1.0,0.35542168674698793
twin_cross_eye,0.337,0.0,0.3526606425702811,0.6473393574297188,1.0,0.3526606425702811
twin_cross_eye,0.338,0.0,0.3461345381526104,0.6538654618473896,1.0,0.3461345381526104
twin_cross_eye,0.339,0.0,0.34236947791164657,0.6576305220883534,1.0,0.34236947791164657
twin_cross_eye,0.34,0.0003324468085106383,0.3376004016064257,0.6623995983935743,0.9996675531914894,0.33726795479791505
twin_cross_eye,0.341,0.0006648936170212766,0.33308232931726905,0.6669176706827309,0.9993351063829787,0.3324174357002478
twin_cross_eye,0.342,0.0006648936170212766,0.32756024096385544,0.6724397590361446,0.9993351063829787,0.3268953473468342
twin_cross_eye,0.343,0.0006648936170212766,0.3220381526104418,0.6779618473895582,0.9993351063829787,0.3213732589934205
twin_cross_eye,0.34400000000000003,0.0006648936170212766,0.31676706827309237,0.6832329317269077,0.9993351063829787,0.3161021746560711
twin_cross_eye,0.34500000000000003,0.0006648936170212766,0.31224899598393574,0.6877510040160643,0.9993351063829787,0.3115841023669145
twin_cross_eye,0.34600000000000003,0.0006648936170212766,0.30697791164658633,0.6930220883534137,0.9993351063829787,0.30631301802956507
twin_cross_eye,0.34700000000000003,0.0006648936170212766,0.3019578313253012,0.6980421686746988,0.9993351063829787,0.3012929377082799
twin_cross_eye,0.34800000000000003,0.0006648936170212766,0.29593373493975905,0.704066265060241,0.9993351063829787,0.2952688413227378
twin_cross_eye,0.34900000000000003,0.0009973404255319148,0.2891566265060241,0.7108433734939759,0.9990026595744681,0.2881592860804922
twin_cross_eye,0.35000000000000003,0.0013297872340425532,0.285140562248996,0.714859437751004,0.9986702127659575,0.28381077501495344
twin_cross_eye,0.35100000000000003,0.0013297872340425532,0.28062248995983935,0.7193775100401607,0.9986702127659575,0.2792927027257968
twin_cross_eye,0.352,0.0013297872340425532,0.27660642570281124,0.7233935742971888,0.9986702127659575,0.2752766384687687
twin_cross_eye,0.353,0.0013297872340425532,0.2703313253012048,0.7296686746987953,0.9986702127659575,0.26900153806716226
twin_cross_eye,0.354,0.0013297872340425532,0.2663152610441767,0.7336847389558233,0.9986702127659575,0.26498547381013415
twin_cross_eye,0.355,0.0013297872340425532,0.26104417670682734,0.7389558232931727,0.9986702127659575,0.2597143894727848
twin_cross_eye,0.356,0.0013297872340425532,0.25552208835341367,0.7444779116465863,0.9986702127659575,0.25419230111937113
twin_cross_eye,0.357,0.0019946808510638296,0.25150602409638556,0.7484939759036144,0.9980053191489362,0.24951134324532173
twin_cross_eye,0.358,0.0019946808510638296,0.24849397590361447,0.7515060240963856,0.9980053191489362,0.24649929505255064
twin_cross_eye,0.359,0.0019946808510638296,0.24447791164658633,0.7555220883534137,0.9980053191489362,0.2424832307955225
twin_cross_eye,0.36,0.0029920212765957447,0.24021084337349397,0.759789156626506,0.9970079787234043,0.2372188220968982
twin_cross_eye,0.361,0.003989361702127659,0.2371987951807229,0.7628012048192772,0.9960106382978723,0.23320943347859524
twin_cross_eye,0.362,0.004321808510638298,0.23293172690763053,0.7670682730923695,0.9956781914893617,0.22860991839699224
twin_cross_eye,0.363,0.004654255319148936,0.2289156626506024,0.7710843373493976,0.995345744680851,0.22426140733145347
twin_cross_eye,0.364,0.004654255319148936,0.22565261044176707,0.7743473895582329,0.995345744680851,0.22099835512261815
twin_cross_eye,0.365,0.005651595744680851,0.22063253012048192,0.7793674698795181,0.9943484042553191,0.21498093437580107
twin_cross_eye,0.366,0.005651595744680851,0.21511044176706828,0.7848895582329317,0.9943484042553191,0.20945884602238743
twin_cross_eye,0.367,0.005984042553191489,0.21059236947791166,0.7894076305220883,0.9940159574468085,0.20460832692472017
twin_cross_eye,0.368,0.006648936170212766,0.20682730923694778,0.7931726907630522,0.9933510638297872,0.20017837306673503
twin_cross_eye,0.369,0.007646276595744681,0.20306224899598393,0.7969377510040161,0.9923537234042553,0.19541597240023925
twin_cross_eye,0.37,0.008311170212765957,0.19678714859437751,0.8032128514056225,0.991688829787234,0.18847597838161156
twin_cross_eye,0.371,0.008311170212765957,0.19402610441767068,0.8059738955823293,0.991688829787234,0.18571493420490473
twin_cross_eye,0.372,0.010970744680851064,0.19076305220883535,0.8092369477911646,0.989029255319149,0.17979230752798428
twin_cross_eye,0.373,0.01163563829787234,0.18649598393574296,0.813504016064257,0.9883643617021277,0.17486034563787062
twin_cross_eye,0.374,0.012300531914893617,0.18323293172690763,0.8167670682730923,0.9876994680851063,0.17093239981201402
twin_cross_eye,0.375,0.013962765957446808,0.17921686746987953,0.8207831325301205,0.9860372340425532,0.16525410151243272
twin_cross_eye,0.376,0.014295212765957447,0.17720883534136547,0.8227911646586346,0.9857047872340425,0.16291362257540803
twin_cross_eye,0.377,0.016622340425531915,0.1746987951807229,0.8253012048192772,0.9833776595744681,0.158076454755191
twin_cross_eye,0.378,0.018284574468085107,0.17218875502008033,0.8278112449799196,0.9817154255319149,0.15390418055199523
twin_cross_eye,0.379,0.018617021276595744,0.1694277108433735,0.8305722891566265,0.9813829787234043,0.15081068956677773
twin_cross_eye,0.38,0.0199468085106383,0.16566265060240964,0.8343373493975903,0.9800531914893617,0.14571584209177135
twin_cross_eye,0.381,0.022938829787234043,0.16214859437751003,0.8378514056224899,0.977061170212766,0.13920976459027598
twin_cross_eye,0.382,0.02559840425531915,0.15863453815261044,0.8413654618473896,0.9744015957446809,0.1330361338972913
twin_cross_eye,0.383,0.0269281914893617,0.1553714859437751,0.8446285140562249,0.9730718085106383,0.12844329445441338
twin_cross_eye,0.384,0.02892287234042553,0.15160642570281124,0.8483935742971888,0.9710771276595744,0.1226835533623857
twin_cross_eye,0.385,0.031914893617021274,0.1488453815261044,0.8511546184738956,0.9680851063829787,0.11693048790908314
twin_cross_eye,0.386,0.0355718085106383,0.14583333333333334,0.8541666666666666,0.9644281914893617,0.11026152482269505
twin_cross_eye,0.387,0.03922872340425532,0.142570281124498,0.857429718875502,0.9607712765957447,0.10334155772024267
twin_cross_eye,0.388,0.04222074468085106,0.13830321285140562,0.8616967871485943,0.957779255319149,0.09608246817055456
twin_cross_eye,0.389,0.045545212765957445,0.13529116465863453,0.8647088353413654,0.9544547872340425,0.08974595189267709
twin_cross_eye,0.39,0.04853723404255319,0.1330321285140562,0.8669678714859438,0.9514627659574468,0.08449489447150302
twin_cross_eye,0.391,0.05086436170212766,0.1307730923694779,0.8692269076305221,0.9491356382978724,0.07990873066735024
twin_cross_eye,0.392,0.0538563829787234,0.1297690763052209,0.8702309236947792,0.9461436170212766,0.07591269332649749
twin_cross_eye,0.393,0.0581781914893617,0.1272590361445783,0.8727409638554217,0.9418218085106383,0.0690808446552166
twin_cross_eye,0.394,0.06316489361702128,0.12374497991967871,0.8762550200803213,0.9368351063829787,0.06058008630265743
twin_cross_eye,0.395,0.06914893617021277,0.11922690763052209,0.8807730923694779,0.9308510638297872,0.05007797146030932
twin_cross_eye,0.396,0.07313829787234043,0.11596385542168675,0.8840361445783133,0.9268617021276596,0.04282555754934632
twin_cross_eye,0.397,0.07779255319148937,0.11420682730923695,0.8857931726907631,0.9222074468085106,0.036414274117747586
twin_cross_eye,0.398,0.0834441489361702,0.11244979919678715,0.8875502008032129,0.9165558510638298,0.02900565026061694
twin_cross_eye,0.399,0.08710106382978723,0.10818273092369478,0.8918172690763052,0.9128989361702128,0.021081667093907547
twin_cross_eye,0.4,0.09242021276595745,0.1056726907630522,0.8943273092369478,0.9075797872340425,0.013252477997094753
twin_cross_eye,0.401,0.09873670212765957,0.10391566265060241,0.8960843373493976,0.9012632978723404,0.005178960522942838
twin_cross_eye,0.402,0.10538563829787234,0.10291164658634538,0.8970883534136547,0.8946143617021276,0.002473991711526957
twin_cross_eye,0.403,0.11369680851063829,0.10015060240963855,0.8998493975903614,0.8863031914893618,0.013546206100999741
twin_cross_eye,0.404,0.12234042553191489,0.09764056224899599,0.902359437751004,0.8776595744680851,0.0246998632829189
twin_cross_eye,0.405,0.1293218085106383,0.09513052208835342,0.9048694779116466,0.8706781914893618,0.034191286422284875
twin_cross_eye,0.406,0.13863031914893617,0.09136546184738956,0.9086345381526104,0.8613696808510638,0.047264857301546614
twin_cross_eye,0.40700000000000003,0.14760638297872342,0.08960843373493976,0.9103915662650602,0.8523936170212766,0.05799794924378365
twin_cross_eye,0.40800000000000003,0.15425531914893617,0.08785140562248996,0.9121485943775101,0.8457446808510638,0.06640391352644621
twin_cross_eye,0.40900000000000003,0.16356382978723405,0.08609437751004016,0.9139056224899599,0.836436170212766,0.07746945227719389
twin_cross_eye,0.41000000000000003,0.17320478723404256,0.08458835341365462,0.9154116465863453,0.8267952127659575,0.08861643382038795
twin_cross_eye,0.41100000000000003,0.1841755319148936,0.08258032128514056,0.9174196787148594,0.8158244680851063,0.10159521062975305
twin_cross_eye,0.41200000000000003,0.19614361702127658,0.08057228915662651,0.9194277108433735,0.8038563829787234,0.11557132786465008
twin_cross_eye,0.41300000000000003,0.2064494680851064,0.0783132530120482,0.9216867469879518,0.7935505319148937,0.1281362150730582
twin_cross_eye,0.41400000000000003,0.2170877659574468,0.07580321285140562,0.9241967871485943,0.7829122340425532,0.14128455310604118
twin_cross_eye,0.41500000000000004,0.23038563829787234,0.07404618473895583,0.9259538152610441,0.7696143617021276,0.1563394535589165
twin_cross_eye,0.41600000000000004,0.23803191489361702,0.07103413654618473,0.9289658634538153,0.761968085106383,0.1669977783474323
twin_cross_eye,0.417,0.25,0.06852409638554217,0.9314759036144579,0.75,0.1814759036144578
twin_cross_eye,0.418,0.26263297872340424,0.06676706827309237,0.9332329317269077,0.7373670212765957,0.19586591045031188
twin_cross_eye,0.419,0.2765957446808511,0.06475903614457831,0.9352409638554217,0.7234042553191489,0.21183670853627276
twin_cross_eye,0.42,0.2872340425531915,0.06099397590361446,0.9390060240963856,0.7127659574468085,0.22624006664957705
twin_cross_eye,0.421,0.30186170212765956,0.05973895582329317,0.9402610441767069,0.6981382978723405,0.2421227463043664
twin_cross_eye,0.422,0.3125,0.05823293172690763,0.9417670682730923,0.6875,0.25426706827309237
twin_cross_eye,0.423,0.3254654255319149,0.05647590361445783,0.9435240963855421,0.6745345744680851,0.26898952191745706
twin_cross_eye,0.424,0.3427526595744681,0.05396586345381526,0.9460341365461847,0.6572473404255319,0.28878679612065283
twin_cross_eye,0.425,0.3560505319148936,0.051706827309236945,0.9482931726907631,0.6439494680851063,0.3043437046056567
twin_cross_eye,0.426,0.37101063829787234,0.049949799196787145,0.9500502008032129,0.6289893617021276,0.3210608391010852
twin_cross_eye,0.427,0.3836436170212766,0.04794176706827309,0.9520582329317269,0.6163563829787234,0.3357018499530035
twin_cross_eye,0.428,0.4005984042553192,0.04643574297188755,0.9535642570281124,0.5994015957446808,0.3541626612834316
twin_cross_eye,0.429,0.4119015957446808,0.044929718875502005,0.955070281124498,0.5880984042553192,0.3669718768691788
twin_cross_eye,0.43,0.4265292553191489,0.04392570281124498,0.956074297188755,0.5734707446808511,0.38260355250790395
twin_cross_eye,0.431,0.4408244680851064,0.04241967871485944,0.9575803212851406,0.5591755319148937,0.3984047893702469
twin_cross_eye,0.432,0.4591090425531915,0.04141566265060241,0.9585843373493976,0.5408909574468085,0.4176933799025891
twin_cross_eye,0.433,0.47805851063829785,0.03890562248995984,0.9610943775100401,0.5219414893617021,0.439152888148338
twin_cross_eye,0.434,0.49368351063829785,0.03714859437751004,0.9628514056224899,0.5063164893617021,0.4565349162607878
twin_cross_eye,0.435,0.5089760638297872,0.035391566265060244,0.9646084337349398,0.4910239361702128,0.473584497564727
twin_cross_eye,0.436,0.5249335106382979,0.0338855421686747,0.9661144578313253,0.47506648936170215,0.4910479684696232
twin_cross_eye,0.437,0.5428856382978723,0.03237951807228916,0.9676204819277109,0.4571143617021277,0.5105061202255832
twin_cross_eye,0.438,0.557845744680851,0.03137550200803213,0.9686244979919678,0.442154255319149,0.5264702426728189
twin_cross_eye,0.439,0.5777925531914894,0.02961847389558233,0.9703815261044176,0.42220744680851063,0.548174079295907
twin_cross_eye,0.44,0.5960771276595744,0.029367469879518073,0.9706325301204819,0.40392287234042556,0.5667096577800563
twin_cross_eye,0.441,0.6113696808510638,0.027610441767068273,0.9723895582329317,0.3886303191489362,0.5837592390839955
twin_cross_eye,0.442,0.6313164893617021,0.025602409638554216,0.9743975903614458,0.36868351063829785,0.605714079723148
twin_cross_eye,0.443,0.6499335106382979,0.02384538152610442,0.9761546184738956,0.35006648936170215,0.6260881291121935
twin_cross_eye,0.444,0.6615691489361702,0.022590361445783132,0.9774096385542169,0.33843085106382975,0.6389787874903872
twin_cross_eye,0.445,0.6751994680851063,0.020582329317269075,0.9794176706827309,0.32480053191489366,0.6546171387678372
twin_cross_eye,0.446,0.6901595744680851,0.019829317269076305,0.9801706827309237,0.30984042553191493,0.6703302571990087
twin_cross_eye,0.447,0.7137632978723404,0.019076305220883535,0.9809236947791165,0.2862367021276596,0.6946869926514568
twin_cross_eye,0.448,0.7257313829787234,0.01782128514056225,0.9821787148594378,0.2742686170212766,0.7079100978381612
twin_cross_eye,0.449,0.7383643617021277,0.01581325301204819,0.9841867469879518,0.2616356382978723,0.7225511086900795
twin_cross_eye,0.45,0.7526595744680851,0.014809236947791165,0.9851907630522089,0.24734042553191493,0.7378503375202939
twin_cross_eye,0.451,0.7686170212765957,0.014056224899598393,0.9859437751004017,0.2313829787234043,0.7545607963769974
twin_cross_eye,0.452,0.78125,0.013052208835341365,0.9869477911646586,0.21875,0.7681977911646586
twin_cross_eye,0.453,0.7962101063829787,0.012550200803212851,0.9874497991967871,0.20378989361702127,0.7836599055797658
twin_cross_eye,0.454,0.8081781914893617,0.012299196787148595,0.9877008032128514,0.19182180851063835,0.795878994702213
twin_cross_eye,0.455,0.8214760638297872,0.011295180722891566,0.9887048192771084,0.17852393617021278,0.8101808831068956
twin_cross_eye,0.456,0.8341090425531915,0.010793172690763053,0.9892068273092369,0.16589095744680848,0.8233158698624284
twin_cross_eye,0.457,0.8457446808510638,0.009789156626506024,0.990210843373494,0.1542553191489362,0.8359555242245578
twin_cross_eye,0.458,0.8573803191489362,0.008785140562248996,0.991214859437751,0.1426196808510638,0.8485951785866872
twin_cross_eye,0.459,0.8656914893617021,0.008283132530120483,0.9917168674698795,0.13430851063829785,0.8574083568315817
twin_cross_eye,0.46,0.8753324468085106,0.007530120481927711,0.9924698795180723,0.12466755319148937,0.8678023263265829
twin_cross_eye,0.461,0.8816489361702128,0.007279116465863454,0.9927208835341366,0.11835106382978722,0.8743698197043493
twin_cross_eye,0.462,0.8879654255319149,0.007279116465863454,0.9927208835341366,0.11203457446808507,0.8806863090660515
twin_cross_eye,0.463,0.894281914893617,0.006526104417670682,0.9934738955823293,0.10571808510638303,0.8877558104759463
twin_cross_eye,0.464,0.9042553191489362,0.005522088353413655,0.9944779116465864,0.0957446808510638,0.8987332307955226
twin_cross_eye,0.465,0.9089095744680851,0.005271084337349397,0.9947289156626506,0.09109042553191493,0.9036384901307357
twin_cross_eye,0.466,0.9148936170212766,0.0050200803212851405,0.9949799196787149,0.08510638297872342,0.9098735366999915
twin_cross_eye,0.467,0.9208776595744681,0.004769076305220884,0.9952309236947792,0.0791223404255319,0.9161085832692473
twin_cross_eye,0.468,0.925531914893617,0.00426706827309237,0.9957329317269076,0.07446808510638303,0.9212648466205245
twin_cross_eye,0.46900000000000003,0.9298537234042553,0.00426706827309237,0.9957329317269076,0.07014627659574468,0.9255866551311629
twin_cross_eye,0.47000000000000003,0.9351728723404256,0.004016064257028112,0.9959839357429718,0.06482712765957444,0.9311568080833974
twin_cross_eye,0.47100000000000003,0.9428191489361702,0.003263052208835341,0.9967369477911646,0.05718085106382975,0.9395560967273349
twin_cross_eye,0.47200000000000003,0.9478058510638298,0.0030120481927710845,0.9969879518072289,0.05219414893617025,0.9447938028710586
twin_cross_eye,0.47300000000000003,0.9514627659574468,0.0030120481927710845,0.9969879518072289,0.04853723404255317,0.9484507177646757
twin_cross_eye,0.47400000000000003,0.9547872340425532,0.0027610441767068274,0.9972389558232931,0.04521276595744683,0.9520261898658463
twin_cross_eye,0.47500000000000003,0.9584441489361702,0.0025100401606425703,0.9974899598393574,0.04155585106382975,0.9559341087755276
twin_cross_eye,0.47600000000000003,0.9617686170212766,0.002008032128514056,0.9979919678714859,0.038231382978723416,0.9597605848927625
twin_cross_eye,0.47700000000000004,0.9674202127659575,0.0017570281124497991,0.9982429718875502,0.032579787234042534,0.9656631846535076
twin_cross_eye,0.47800000000000004,0.9697473404255319,0.0012550200803212851,0.9987449799196787,0.0302526595744681,0.9684923203452106
twin_cross_eye,0.47900000000000004,0.9730718085106383,0.001004016064257028,0.998995983935743,0.026928191489361653,0.9720677924463813
twin_cross_eye,0.48,0.9750664893617021,0.001004016064257028,0.998995983935743,0.02493351063829785,0.9740624732974451
twin_cross_eye,0.481,0.9773936170212766,0.001004016064257028,0.998995983935743,0.022606382978723416,0.9763896009570195
twin_cross_eye,0.482,0.9793882978723404,0.001004016064257028,0.998995983935743,0.020611702127659615,0.9783842818080833
twin_cross_eye,0.483,0.9810505319148937,0.001004016064257028,0.998995983935743,0.018949468085106336,0.9800465158506366
twin_cross_eye,0.484,0.9823803191489362,0.001004016064257028,0.998995983935743,0.0176196808510638,0.9813763030846792
twin_cross_eye,0.485,0.9830452127659575,0.0007530120481927711,0.9992469879518072,0.016954787234042534,0.9822922007177647
twin_cross_eye,0.486,0.9847074468085106,0.0007530120481927711,0.9992469879518072,0.015292553191489366,0.9839544347603179
twin_cross_eye,0.487,0.9857047872340425,0.0007530120481927711,0.9992469879518072,0.014295212765957466,0.9849517751858498
twin_cross_eye,0.488,0.9867021276595744,0.0007530120481927711,0.9992469879518072,0.013297872340425565,0.9859491156113817
twin_cross_eye,0.489,0.9870345744680851,0.0007530120481927711,0.9992469879518072,0.012965425531914931,0.9862815624198923
twin_cross_eye,0.49,0.988031914893617,0.000502008032128514,0.9994979919678715,0.01196808510638303,0.9875299068614884
twin_cross_eye,0.491,0.989029255319149,0.000502008032128514,0.9994979919678715,0.010970744680851019,0.9885272472870205
twin_cross_eye,0.492,0.9906914893617021,0.000502008032128514,0.9994979919678715,0.009308510638297851,0.9901894813295736
twin_cross_eye,0.493,0.9920212765957447,0.000251004016064257,0.9997489959839357,0.007978723404255317,0.9917702725796804
twin_cross_eye,0.494,0.992686170212766,0.000251004016064257,0.9997489959839357,0.00731382978723405,0.9924351661967017
twin_cross_eye,0.495,0.9940159574468085,0.000251004016064257,0.9997489959839357,0.005984042553191515,0.9937649534307442
twin_cross_eye,0.496,0.9946808510638298,0.000251004016064257,0.9997489959839357,0.005319148936170248,0.9944298470477655
twin_cross_eye,0.497,0.995345744680851,0.000251004016064257,0.9997489959839357,0.004654255319148981,0.9950947406647868
twin_cross_eye,0.498,0.9956781914893617,0.000251004016064257,0.9997489959839357,0.0043218085106383475,0.9954271874732974
twin_cross_eye,0.499,0.9960106382978723,0.000251004016064257,0.9997489959839357,0.003989361702127714,0.995759634281808
twin_cross_eye,0.5,0.9966755319148937,0.000251004016064257,0.9997489959839357,0.0033244680851063357,0.9964245278988294
twin_cross_eye,0.501,0.9980053191489362,0.000251004016064257,0.9997489959839357,0.0019946808510638014,0.9977543151328719
twin_cross_eye,0.502,0.9983377659574468,0.000251004016064257,0.9997489959839357,0.0016622340425531679,0.9980867619413826
twin_cross_eye,0.503,0.9993351063829787,0.000251004016064257,0.9997489959839357,0.0006648936170212671,0.9990841023669145
twin_cross_eye,0.504,0.9996675531914894,0.000251004016064257,0.9997489959839357,0.0003324468085106336,0.9994165491754251
twin_cross_eye,0.505,0.9996675531914894,0.000251004016064257,0.9997489959839357,0.0003324468085106336,0.9994165491754251
twin_cross_eye,0.506,0.9996675531914894,0.000251004016064257,0.9997489959839357,0.0003324468085106336,0.9994165491754251
twin_cross_eye,0.507,0.9996675531914894,0.000251004016064257,0.9997489959839357,0.0003324468085106336,0.9994165491754251
twin_cross_eye,0.508,0.9996675531914894,0.000251004016064257,0.9997489959839357,0.0003324468085106336,0.9994165491754251
twin_cross_eye,0.509,0.9996675531914894,0.000251004016064257,0.9997489959839357,0.0003324468085106336,0.9994165491754251
twin_cross_eye,0.51,0.9996675531914894,0.000251004016064257,0.9997489959839357,0.0003324468085106336,0.9994165491754251
twin_cross_eye,0.511,0.9996675531914894,0.000251004016064257,0.9997489959839357,0.0003324468085106336,0.9994165491754251
twin_cross_eye,0.512,0.9996675531914894,0.000251004016064257,0.9997489959839357,0.0003324468085106336,0.9994165491754251
twin_cross_eye,0.513,0.9996675531914894,0.000251004016064257,0.9997489959839357,0.0003324468085106336,0.9994165491754251
twin_cross_eye,0.514,0.9996675531914894,0.000251004016064257,0.9997489959839357,0.0003324468085106336,0.9994165491754251
twin_cross_eye,0.515,1.0,0.000251004016064257,0.9997489959839357,0.0,0.9997489959839357
twin_cross_eye,0.516,1.0,0.0,1.0,0.0,1.0
twin_cross_eye,0.517,1.0,0.0,1.0,0.0,1.0
twin_cross_eye,0.518,1.0,0.0,1.0,0.0,1.0
twin_cross_eye,0.519,1.0,0.0,1.0,0.0,1.0
twin_cross_eye,0.52,1.0,0.0,1.0,0.0,1.0
twin_cross_eye,0.521,1.0,0.0,1.0,0.0,1.0
twin_cross_eye,0.522,1.0,0.0,1.0,0.0,1.0
twin_cross_eye,0.523,1.0,0.0,1.0,0.0,1.0
twin_cross_eye,0.524,1.0,0.0,1.0,0.0,1.0
twin_cross_eye,0.525,1.0,0.0,1.0,0.0,1.0
twin_cross_eye,0.526,1.0,0.0,1.0,0.0,1.0
twin_cross_eye,0.527,1.0,0.0,1.0,0.0,1.0
twin_cross_eye,0.528,1.0,0.0,1.0,0.0,1.0
twin_cross_eye,0.529,1.0,0.0,1.0,0.0,1.0
twin_cross_eye,0.53,1.0,0.0,1.0,0.0,1.0
twin_cross_eye,0.531,1.0,0.0,1.0,0.0,1.0
twin_cross_eye,0.532,1.0,0.0,1.0,0.0,1.0
twin_cross_eye,0.533,1.0,0.0,1.0,0.0,1.0
twin_cross_eye,0.534,1.0,0.0,1.0,0.0,1.0
twin_cross_eye,0.535,1.0,0.0,1.0,0.0,1.0
twin_cross_eye,0.536,1.0,0.0,1.0,0.0,1.0
twin_cross_eye,0.537,1.0,0.0,1.0,0.0,1.0
twin_cross_eye,0.538,1.0,0.0,1.0,0.0,1.0
twin_cross_eye,0.539,1.0,0.0,1.0,0.0,1.0
twin_cross_eye,0.54,1.0,0.0,1.0,0.0,1.0
twin_cross_eye,0.541,1.0,0.0,1.0,0.0,1.0
twin_cross_eye,0.542,1.0,0.0,1.0,0.0,1.0
twin_cross_eye,0.543,1.0,0.0,1.0,0.0,1.0
twin_cross_eye,0.544,1.0,0.0,1.0,0.0,1.0
twin_cross_eye,0.545,1.0,0.0,1.0,0.0,1.0
twin_cross_eye,0.546,1.0,0.0,1.0,0.0,1.0
twin_cross_eye,0.547,1.0,0.0,1.0,0.0,1.0
twin_cross_eye,0.548,1.0,0.0,1.0,0.0,1.0
twin_cross_eye,0.549,1.0,0.0,1.0,0.0,1.0
twin_cross_eye,0.55,1.0,0.0,1.0,0.0,1.0
twin_cross_eye,0.551,1.0,0.0,1.0,0.0,1.0
twin_cross_eye,0.552,1.0,0.0,1.0,0.0,1.0
twin_cross_eye,0.553,1.0,0.0,1.0,0.0,1.0
twin_cross_eye,0.554,1.0,0.0,1.0,0.0,1.0
twin_cross_eye,0.555,1.0,0.0,1.0,0.0,1.0
twin_cross_eye,0.556,1.0,0.0,1.0,0.0,1.0
twin_cross_eye,0.557,1.0,0.0,1.0,0.0,1.0
twin_cross_eye,0.558,1.0,0.0,1.0,0.0,1.0
twin_cross_eye,0.559,1.0,0.0,1.0,0.0,1.0
twin_cross_eye,0.56,1.0,0.0,1.0,0.0,1.0
twin_cross_eye,0.561,1.0,0.0,1.0,0.0,1.0
twin_cross_eye,0.562,1.0,0.0,1.0,0.0,1.0
twin_cross_eye,0.5630000000000001,1.0,0.0,1.0,0.0,1.0
twin_cross_eye,0.5640000000000001,1.0,0.0,1.0,0.0,1.0
twin_cross_eye,0.5650000000000001,1.0,0.0,1.0,0.0,1.0
twin_cross_eye,0.5660000000000001,1.0,0.0,1.0,0.0,1.0
twin_cross_eye,0.5670000000000001,1.0,0.0,1.0,0.0,1.0
twin_cross_eye,0.5680000000000001,1.0,0.0,1.0,0.0,1.0
twin_cross_eye,0.5690000000000001,1.0,0.0,1.0,0.0,1.0
twin_cross_eye,0.5700000000000001,1.0,0.0,1.0,0.0,1.0
twin_cross_eye,0.5710000000000001,1.0,0.0,1.0,0.0,1.0
twin_cross_eye,0.5720000000000001,1.0,0.0,1.0,0.0,1.0
twin_cross_eye,0.5730000000000001,1.0,0.0,1.0,0.0,1.0
twin_cross_eye,0.5740000000000001,1.0,0.0,1.0,0.0,1.0
twin_cross_eye,0.5750000000000001,1.0,0.0,1.0,0.0,1.0
twin_cross_eye,0.5760000000000001,1.0,0.0,1.0,0.0,1.0
twin_cross_eye,0.577,1.0,0.0,1.0,0.0,1.0
twin_cross_eye,0.578,1.0,0.0,1.0,0.0,1.0
twin_cross_eye,0.579,1.0,0.0,1.0,0.0,1.0
twin_cross_eye,0.58,1.0,0.0,1.0,0.0,1.0
twin_cross_eye,0.581,1.0,0.0,1.0,0.0,1.0
twin_cross_eye,0.582,1.0,0.0,1.0,0.0,1.0
twin_cross_eye,0.583,1.0,0.0,1.0,0.0,1.0
twin_cross_eye,0.584,1.0,0.0,1.0,0.0,1.0
twin_cross_eye,0.585,1.0,0.0,1.0,0.0,1.0
twin_cross_eye,0.586,1.0,0.0,1.0,0.0,1.0
twin_cross_eye,0.587,1.0,0.0,1.0,0.0,1.0
twin_cross_eye,0.588,1.0,0.0,1.0,0.0,1.0
twin_cross_eye,0.589,1.0,0.0,1.0,0.0,1.0
twin_cross_eye,0.59,1.0,0.0,1.0,0.0,1.0
twin_cross_eye,0.591,1.0,0.0,1.0,0.0,1.0
twin_cross_eye,0.592,1.0,0.0,1.0,0.0,1.0
twin_cross_eye,0.593,1.0,0.0,1.0,0.0,1.0
twin_cross_eye,0.594,1.0,0.0,1.0,0.0,1.0
twin_cross_eye,0.595,1.0,0.0,1.0,0.0,1.0
twin_cross_eye,0.596,1.0,0.0,1.0,0.0,1.0
twin_cross_eye,0.597,1.0,0.0,1.0,0.0,1.0
twin_cross_eye,0.598,1.0,0.0,1.0,0.0,1.0
twin_cross_eye,0.599,1.0,0.0,1.0,0.0,1.0
twin_cross_eye,0.6,1.0,0.0,1.0,0.0,1.0
twin_cross_eye,0.601,1.0,0.0,1.0,0.0,1.0
twin_cross_eye,0.602,1.0,0.0,1.0,0.0,1.0
twin_cross_eye,0.603,1.0,0.0,1.0,0.0,1.0
twin_cross_eye,0.604,1.0,0.0,1.0,0.0,1.0
twin_cross_eye,0.605,1.0,0.0,1.0,0.0,1.0
twin_cross_eye,0.606,1.0,0.0,1.0,0.0,1.0
twin_cross_eye,0.607,1.0,0.0,1.0,0.0,1.0
twin_cross_eye,0.608,1.0,0.0,1.0,0.0,1.0
twin_cross_eye,0.609,1.0,0.0,1.0,0.0,1.0
twin_cross_eye,0.61,1.0,0.0,1.0,0.0,1.0
twin_cross_eye,0.611,1.0,0.0,1.0,0.0,1.0
twin_cross_eye,0.612,1.0,0.0,1.0,0.0,1.0
twin_cross_eye,0.613,1.0,0.0,1.0,0.0,1.0
twin_cross_eye,0.614,1.0,0.0,1.0,0.0,1.0
twin_cross_eye,0.615,1.0,0.0,1.0,0.0,1.0
twin_cross_eye,0.616,1.0,0.0,1.0,0.0,1.0
twin_cross_eye,0.617,1.0,0.0,1.0,0.0,1.0
twin_cross_eye,0.618,1.0,0.0,1.0,0.0,1.0
twin_cross_eye,0.619,1.0,0.0,1.0,0.0,1.0
twin_cross_eye,0.62,1.0,0.0,1.0,0.0,1.0
twin_cross_eye,0.621,1.0,0.0,1.0,0.0,1.0
twin_cross_eye,0.622,1.0,0.0,1.0,0.0,1.0
twin_cross_eye,0.623,1.0,0.0,1.0,0.0,1.0
twin_cross_eye,0.624,1.0,0.0,1.0,0.0,1.0
twin_cross_eye,0.625,1.0,0.0,1.0,0.0,1.0
twin_cross_eye,0.626,1.0,0.0,1.0,0.0,1.0
twin_cross_eye,0.627,1.0,0.0,1.0,0.0,1.0
twin_cross_eye,0.628,1.0,0.0,1.0,0.0,1.0
twin_cross_eye,0.629,1.0,0.0,1.0,0.0,1.0
twin_cross_eye,0.63,1.0,0.0,1.0,0.0,1.0
twin_cross_eye,0.631,1.0,0.0,1.0,0.0,1.0
twin_cross_eye,0.632,1.0,0.0,1.0,0.0,1.0
twin_cross_eye,0.633,1.0,0.0,1.0,0.0,1.0
twin_cross_eye,0.634,1.0,0.0,1.0,0.0,1.0
twin_cross_eye,0.635,1.0,0.0,1.0,0.0,1.0
twin_cross_eye,0.636,1.0,0.0,1.0,0.0,1.0
twin_cross_eye,0.637,1.0,0.0,1.0,0.0,1.0
twin_cross_eye,0.638,1.0,0.0,1.0,0.0,1.0
twin_cross_eye,0.639,1.0,0.0,1.0,0.0,1.0
twin_cross_eye,0.64,1.0,0.0,1.0,0.0,1.0
twin_cross_eye,0.641,1.0,0.0,1.0,0.0,1.0
twin_cross_eye,0.642,1.0,0.0,1.0,0.0,1.0
twin_cross_eye,0.643,1.0,0.0,1.0,0.0,1.0
twin_cross_eye,0.644,1.0,0.0,1.0,0.0,1.0
twin_cross_eye,0.645,1.0,0.0,1.0,0.0,1.0
twin_cross_eye,0.646,1.0,0.0,1.0,0.0,1.0
twin_cross_eye,0.647,1.0,0.0,1.0,0.0,1.0
twin_cross_eye,0.648,1.0,0.0,1.0,0.0,1.0
twin_cross_eye,0.649,1.0,0.0,1.0,0.0,1.0
twin_cross_eye,0.65,1.0,0.0,1.0,0.0,1.0
same_subject_different_eye,0.0,0.0,1.0,0.0,1.0,1.0
same_subject_different_eye,0.001,0.0,1.0,0.0,1.0,1.0
same_subject_different_eye,0.002,0.0,1.0,0.0,1.0,1.0
same_subject_different_eye,0.003,0.0,1.0,0.0,1.0,1.0
same_subject_different_eye,0.004,0.0,1.0,0.0,1.0,1.0
same_subject_different_eye,0.005,0.0,1.0,0.0,1.0,1.0
same_subject_different_eye,0.006,0.0,1.0,0.0,1.0,1.0
same_subject_different_eye,0.007,0.0,1.0,0.0,1.0,1.0
same_subject_different_eye,0.008,0.0,1.0,0.0,1.0,1.0
same_subject_different_eye,0.009000000000000001,0.0,1.0,0.0,1.0,1.0
same_subject_different_eye,0.01,0.0,1.0,0.0,1.0,1.0
same_subject_different_eye,0.011,0.0,1.0,0.0,1.0,1.0
same_subject_different_eye,0.012,0.0,1.0,0.0,1.0,1.0
same_subject_different_eye,0.013000000000000001,0.0,1.0,0.0,1.0,1.0
same_subject_different_eye,0.014,0.0,1.0,0.0,1.0,1.0
same_subject_different_eye,0.015,0.0,1.0,0.0,1.0,1.0
same_subject_different_eye,0.016,0.0,1.0,0.0,1.0,1.0
same_subject_different_eye,0.017,0.0,1.0,0.0,1.0,1.0
same_subject_different_eye,0.018000000000000002,0.0,1.0,0.0,1.0,1.0
same_subject_different_eye,0.019,0.0,1.0,0.0,1.0,1.0
same_subject_different_eye,0.02,0.0,1.0,0.0,1.0,1.0
same_subject_different_eye,0.021,0.0,1.0,0.0,1.0,1.0
same_subject_different_eye,0.022,0.0,1.0,0.0,1.0,1.0
same_subject_different_eye,0.023,0.0,1.0,0.0,1.0,1.0
same_subject_different_eye,0.024,0.0,1.0,0.0,1.0,1.0
same_subject_different_eye,0.025,0.0,1.0,0.0,1.0,1.0
same_subject_different_eye,0.026000000000000002,0.0,1.0,0.0,1.0,1.0
same_subject_different_eye,0.027,0.0,1.0,0.0,1.0,1.0
same_subject_different_eye,0.028,0.0,1.0,0.0,1.0,1.0
same_subject_different_eye,0.029,0.0,1.0,0.0,1.0,1.0
same_subject_different_eye,0.03,0.0,1.0,0.0,1.0,1.0
same_subject_different_eye,0.031,0.0,1.0,0.0,1.0,1.0
same_subject_different_eye,0.032,0.0,1.0,0.0,1.0,1.0
same_subject_different_eye,0.033,0.0,1.0,0.0,1.0,1.0
same_subject_different_eye,0.034,0.0,1.0,0.0,1.0,1.0
same_subject_different_eye,0.035,0.0,1.0,0.0,1.0,1.0
same_subject_different_eye,0.036000000000000004,0.0,1.0,0.0,1.0,1.0
same_subject_different_eye,0.037,0.0,1.0,0.0,1.0,1.0
same_subject_different_eye,0.038,0.0,1.0,0.0,1.0,1.0
same_subject_different_eye,0.039,0.0,1.0,0.0,1.0,1.0
same_subject_different_eye,0.04,0.0,1.0,0.0,1.0,1.0
same_subject_different_eye,0.041,0.0,1.0,0.0,1.0,1.0
same_subject_different_eye,0.042,0.0,1.0,0.0,1.0,1.0
same_subject_different_eye,0.043000000000000003,0.0,1.0,0.0,1.0,1.0
same_subject_different_eye,0.044,0.0,1.0,0.0,1.0,1.0
same_subject_different_eye,0.045,0.0,1.0,0.0,1.0,1.0
same_subject_different_eye,0.046,0.0,1.0,0.0,1.0,1.0
same_subject_different_eye,0.047,0.0,1.0,0.0,1.0,1.0
same_subject_different_eye,0.048,0.0,1.0,0.0,1.0,1.0
same_subject_different_eye,0.049,0.0,1.0,0.0,1.0,1.0
same_subject_different_eye,0.05,0.0,1.0,0.0,1.0,1.0
same_subject_different_eye,0.051000000000000004,0.0,1.0,0.0,1.0,1.0
same_subject_different_eye,0.052000000000000005,0.0,1.0,0.0,1.0,1.0
same_subject_different_eye,0.053,0.0,1.0,0.0,1.0,1.0
same_subject_different_eye,0.054,0.0,1.0,0.0,1.0,1.0
same_subject_different_eye,0.055,0.0,1.0,0.0,1.0,1.0
same_subject_different_eye,0.056,0.0,1.0,0.0,1.0,1.0
same_subject_different_eye,0.057,0.0,1.0,0.0,1.0,1.0
same_subject_different_eye,0.058,0.0,1.0,0.0,1.0,1.0
same_subject_different_eye,0.059000000000000004,0.0,1.0,0.0,1.0,1.0
same_subject_different_eye,0.06,0.0,1.0,0.0,1.0,1.0
same_subject_different_eye,0.061,0.0,1.0,0.0,1.0,1.0
same_subject_different_eye,0.062,0.0,1.0,0.0,1.0,1.0
same_subject_different_eye,0.063,0.0,1.0,0.0,1.0,1.0
same_subject_different_eye,0.064,0.0,1.0,0.0,1.0,1.0
same_subject_different_eye,0.065,0.0,1.0,0.0,1.0,1.0
same_subject_different_eye,0.066,0.0,1.0,0.0,1.0,1.0
same_subject_different_eye,0.067,0.0,1.0,0.0,1.0,1.0
same_subject_different_eye,0.068,0.0,1.0,0.0,1.0,1.0
same_subject_different_eye,0.069,0.0,1.0,0.0,1.0,1.0
same_subject_different_eye,0.07,0.0,1.0,0.0,1.0,1.0
same_subject_different_eye,0.07100000000000001,0.0,1.0,0.0,1.0,1.0
same_subject_different_eye,0.07200000000000001,0.0,1.0,0.0,1.0,1.0
same_subject_different_eye,0.073,0.0,1.0,0.0,1.0,1.0
same_subject_different_eye,0.074,0.0,1.0,0.0,1.0,1.0
same_subject_different_eye,0.075,0.0,1.0,0.0,1.0,1.0
same_subject_different_eye,0.076,0.0,1.0,0.0,1.0,1.0
same_subject_different_eye,0.077,0.0,1.0,0.0,1.0,1.0
same_subject_different_eye,0.078,0.0,1.0,0.0,1.0,1.0
same_subject_different_eye,0.079,0.0,1.0,0.0,1.0,1.0
same_subject_different_eye,0.08,0.0,1.0,0.0,1.0,1.0
same_subject_different_eye,0.081,0.0,1.0,0.0,1.0,1.0
same_subject_different_eye,0.082,0.0,1.0,0.0,1.0,1.0
same_subject_different_eye,0.083,0.0,1.0,0.0,1.0,1.0
same_subject_different_eye,0.084,0.0,1.0,0.0,1.0,1.0
same_subject_different_eye,0.085,0.0,1.0,0.0,1.0,1.0
same_subject_different_eye,0.08600000000000001,0.0,1.0,0.0,1.0,1.0
same_subject_different_eye,0.08700000000000001,0.0,1.0,0.0,1.0,1.0
same_subject_different_eye,0.088,0.0,1.0,0.0,1.0,1.0
same_subject_different_eye,0.089,0.0,1.0,0.0,1.0,1.0
same_subject_different_eye,0.09,0.0,1.0,0.0,1.0,1.0
same_subject_different_eye,0.091,0.0,1.0,0.0,1.0,1.0
same_subject_different_eye,0.092,0.0,1.0,0.0,1.0,1.0
same_subject_different_eye,0.093,0.0,1.0,0.0,1.0,1.0
same_subject_different_eye,0.094,0.0,1.0,0.0,1.0,1.0
same_subject_different_eye,0.095,0.0,1.0,0.0,1.0,1.0
same_subject_different_eye,0.096,0.0,1.0,0.0,1.0,1.0
same_subject_different_eye,0.097,0.0,1.0,0.0,1.0,1.0
same_subject_different_eye,0.098,0.0,1.0,0.0,1.0,1.0
same_subject_different_eye,0.099,0.0,1.0,0.0,1.0,1.0
same_subject_different_eye,0.1,0.0,1.0,0.0,1.0,1.0
same_subject_different_eye,0.101,0.0,1.0,0.0,1.0,1.0
same_subject_different_eye,0.10200000000000001,0.0,1.0,0.0,1.0,1.0
same_subject_different_eye,0.10300000000000001,0.0,1.0,0.0,1.0,1.0
same_subject_different_eye,0.10400000000000001,0.0,1.0,0.0,1.0,1.0
same_subject_different_eye,0.105,0.0,1.0,0.0,1.0,1.0
same_subject_different_eye,0.106,0.0,1.0,0.0,1.0,1.0
same_subject_different_eye,0.107,0.0,1.0,0.0,1.0,1.0
same_subject_different_eye,0.108,0.0,1.0,0.0,1.0,1.0
same_subject_different_eye,0.109,0.0,1.0,0.0,1.0,1.0
same_subject_different_eye,0.11,0.0,1.0,0.0,1.0,1.0
same_subject_different_eye,0.111,0.0,1.0,0.0,1.0,1.0
same_subject_different_eye,0.112,0.0,1.0,0.0,1.0,1.0
same_subject_different_eye,0.113,0.0,1.0,0.0,1.0,1.0
same_subject_different_eye,0.114,0.0,1.0,0.0,1.0,1.0
same_subject_different_eye,0.115,0.0,0.9997489959839357,0.00025100401606426015,1.0,0.9997489959839357
same_subject_different_eye,0.116,0.0,0.9997489959839357,0.00025100401606426015,1.0,0.9997489959839357
same_subject_different_eye,0.117,0.0,0.9997489959839357,0.00025100401606426015,1.0,0.9997489959839357
same_subject_different_eye,0.11800000000000001,0.0,0.9997489959839357,0.00025100401606426015,1.0,0.9997489959839357
same_subject_different_eye,0.11900000000000001,0.0,0.9997489959839357,0.00025100401606426015,1.0,0.9997489959839357
same_subject_different_eye,0.12,0.0,0.9997489959839357,0.00025100401606426015,1.0,0.9997489959839357
same_subject_different_eye,0.121,0.0,0.9997489959839357,0.00025100401606426015,1.0,0.9997489959839357
same_subject_different_eye,0.122,0.0,0.9994979919678715,0.0005020080321285203,1.0,0.9994979919678715
same_subject_different_eye,0.123,0.0,0.9994979919678715,0.0005020080321285203,1.0,0.9994979919678715
same_subject_different_eye,0.124,0.0,0.9994979919678715,0.0005020080321285203,1.0,0.9994979919678715
same_subject_different_eye,0.125,0.0,0.9994979919678715,0.0005020080321285203,1.0,0.9994979919678715
same_subject_different_eye,0.126,0.0,0.9992469879518072,0.0007530120481927804,1.0,0.9992469879518072
same_subject_different_eye,0.127,0.0,0.998995983935743,0.0010040160642570406,1.0,0.998995983935743
same_subject_different_eye,0.128,0.0,0.9987449799196787,0.0012550200803213007,1.0,0.9987449799196787
same_subject_different_eye,0.129,0.0,0.9982429718875502,0.001757028112449821,1.0,0.9982429718875502
same_subject_different_eye,0.13,0.0,0.9982429718875502,0.001757028112449821,1.0,0.9982429718875502
same_subject_different_eye,0.131,0.0,0.9982429718875502,0.001757028112449821,1.0,0.9982429718875502
same_subject_different_eye,0.132,0.0,0.9982429718875502,0.001757028112449821,1.0,0.9982429718875502
same_subject_different_eye,0.133,0.0,0.9979919678714859,0.002008032128514081,1.0,0.9979919678714859
same_subject_different_eye,0.134,0.0,0.9977409638554217,0.0022590361445783413,1.0,0.9977409638554217
same_subject_different_eye,0.135,0.0,0.9977409638554217,0.0022590361445783413,1.0,0.9977409638554217
same_subject_different_eye,0.136,0.0,0.9977409638554217,0.0022590361445783413,1.0,0.9977409638554217
same_subject_different_eye,0.137,0.0,0.9977409638554217,0.0022590361445783413,1.0,0.9977409638554217
same_subject_different_eye,0.138,0.0,0.9974899598393574,0.0025100401606426015,1.0,0.9974899598393574
same_subject_different_eye,0.139,0.0,0.9972389558232931,0.0027610441767068616,1.0,0.9972389558232931
same_subject_different_eye,0.14,0.0,0.9967369477911646,0.003263052208835382,1.0,0.9967369477911646
same_subject_different_eye,0.14100000000000001,0.0,0.9964859437751004,0.003514056224899642,1.0,0.9964859437751004
same_subject_different_eye,0.14200000000000002,0.0,0.9964859437751004,0.003514056224899642,1.0,0.9964859437751004
same_subject_different_eye,0.14300000000000002,0.0,0.9964859437751004,0.003514056224899642,1.0,0.9964859437751004
same_subject_different_eye,0.14400000000000002,0.0,0.9962349397590361,0.0037650602409639022,1.0,0.9962349397590361
same_subject_different_eye,0.145,0.0,0.9952309236947792,0.004769076305220832,1.0,0.9952309236947792
same_subject_different_eye,0.146,0.0,0.9949799196787149,0.005020080321285092,1.0,0.9949799196787149
same_subject_different_eye,0.147,0.0,0.9944779116465864,0.005522088353413612,1.0,0.9944779116465864
same_subject_different_eye,0.148,0.0,0.9939759036144579,0.0060240963855421326,1.0,0.9939759036144579
same_subject_different_eye,0.149,0.0,0.9939759036144579,0.0060240963855421326,1.0,0.9939759036144579
same_subject_different_eye,0.15,0.0,0.9937248995983936,0.006275100401606393,1.0,0.9937248995983936
same_subject_different_eye,0.151,0.0,0.9927208835341366,0.007279116465863433,1.0,0.9927208835341366
same_subject_different_eye,0.152,0.0,0.9927208835341366,0.007279116465863433,1.0,0.9927208835341366
same_subject_different_eye,0.153,0.0,0.9919678714859438,0.008032128514056214,1.0,0.9919678714859438
same_subject_different_eye,0.154,0.0,0.9914658634538153,0.008534136546184734,1.0,0.9914658634538153
same_subject_different_eye,0.155,0.0,0.991214859437751,0.008785140562248994,1.0,0.991214859437751
same_subject_different_eye,0.156,0.0,0.9904618473895582,0.009538152610441775,1.0,0.9904618473895582
same_subject_different_eye,0.157,0.0,0.9892068273092369,0.010793172690763075,1.0,0.9892068273092369
same_subject_different_eye,0.158,0.0,0.9879518072289156,0.012048192771084376,1.0,0.9879518072289156
same_subject_different_eye,0.159,0.0,0.9871987951807228,0.012801204819277157,1.0,0.9871987951807228
same_subject_different_eye,0.16,0.0,0.9861947791164659,0.013805220883534086,1.0,0.9861947791164659
same_subject_different_eye,0.161,0.0,0.9854417670682731,0.014558232931726867,1.0,0.9854417670682731
same_subject_different_eye,0.162,0.0,0.9849397590361446,0.015060240963855387,1.0,0.9849397590361446
same_subject_different_eye,0.163,0.0,0.983433734939759,0.016566265060240948,1.0,0.983433734939759
same_subject_different_eye,0.164,0.0,0.9821787148594378,0.01782128514056225,1.0,0.9821787148594378
same_subject_different_eye,0.165,0.0,0.9821787148594378,0.01782128514056225,1.0,0.9821787148594378
same_subject_different_eye,0.166,0.0,0.9816767068273092,0.01832329317269077,1.0,0.9816767068273092
same_subject_different_eye,0.167,0.0,0.9806726907630522,0.01932730923694781,1.0,0.9806726907630522
same_subject_different_eye,0.168,0.0,0.9796686746987951,0.02033132530120485,1.0,0.9796686746987951
same_subject_different_eye,0.169,0.0,0.9789156626506024,0.02108433734939763,1.0,0.9789156626506024
same_subject_different_eye,0.17,0.0,0.9784136546184738,0.02158634538152615,1.0,0.9784136546184738
same_subject_different_eye,0.171,0.0,0.9774096385542169,0.02259036144578308,1.0,0.9774096385542169
same_subject_different_eye,0.17200000000000001,0.0,0.9764056224899599,0.02359437751004012,1.0,0.9764056224899599
same_subject_different_eye,0.17300000000000001,0.0,0.9751506024096386,0.02484939759036142,1.0,0.9751506024096386
same_subject_different_eye,0.17400000000000002,0.0,0.973644578313253,0.026355421686746983,1.0,0.973644578313253
same_subject_different_eye,0.17500000000000002,0.0,0.9723895582329317,0.027610441767068283,1.0,0.9723895582329317
same_subject_different_eye,0.176,0.0,0.9721385542168675,0.027861445783132543,1.0,0.9721385542168675
same_subject_different_eye,0.177,0.0,0.9716365461847389,0.028363453815261064,1.0,0.9716365461847389
same_subject_different_eye,0.178,0.0,0.9708835341365462,0.029116465863453844,1.0,0.9708835341365462
same_subject_different_eye,0.179,0.0,0.9701305220883534,0.029869477911646625,1.0,0.9701305220883534
same_subject_different_eye,0.18,0.0,0.9691265060240963,0.030873493975903665,1.0,0.9691265060240963
same_subject_different_eye,0.181,0.0,0.9678714859437751,0.032128514056224855,1.0,0.9678714859437751
same_subject_different_eye,0.182,0.0,0.9668674698795181,0.033132530120481896,1.0,0.9668674698795181
same_subject_different_eye,0.183,0.0,0.9663654618473896,0.033634538152610416,1.0,0.9663654618473896
same_subject_different_eye,0.184,0.0,0.9658634538152611,0.034136546184738936,1.0,0.9658634538152611
same_subject_different_eye,0.185,0.0,0.9643574297188755,0.0356425702811245,1.0,0.9643574297188755
same_subject_different_eye,0.186,0.0,0.9631024096385542,0.0368975903614458,1.0,0.9631024096385542
same_subject_different_eye,0.187,0.0,0.9615963855421686,0.03840361445783136,1.0,0.9615963855421686
same_subject_different_eye,0.188,0.0,0.9605923694779116,0.0394076305220884,1.0,0.9605923694779116
same_subject_different_eye,0.189,0.0,0.9595883534136547,0.04041164658634533,1.0,0.9595883534136547
same_subject_different_eye,0.19,0.0,0.9580823293172691,0.04191767068273089,1.0,0.9580823293172691
same_subject_different_eye,0.191,0.0,0.9558232931726908,0.04417670682730923,1.0,0.9558232931726908
same_subject_different_eye,0.192,0.0,0.9538152610441767,0.04618473895582331,1.0,0.9538152610441767
same_subject_different_eye,0.193,0.0,0.9523092369477911,0.04769076305220887,1.0,0.9523092369477911
same_subject_different_eye,0.194,0.0,0.9508032128514057,0.04919678714859432,1.0,0.9508032128514057
same_subject_different_eye,0.195,0.0,0.9490461847389559,0.050953815261044144,1.0,0.9490461847389559
same_subject_different_eye,0.196,0.0,0.9480421686746988,0.051957831325301185,1.0,0.9480421686746988
same_subject_different_eye,0.197,0.0,0.947289156626506,0.052710843373493965,1.0,0.947289156626506
same_subject_different_eye,0.198,0.0,0.945281124497992,0.054718875502008046,1.0,0.945281124497992
same_subject_different_eye,0.199,0.0,0.9435240963855421,0.05647590361445787,1.0,0.9435240963855421
same_subject_different_eye,0.2,0.0,0.9405120481927711,0.05948795180722888,1.0,0.9405120481927711
same_subject_different_eye,0.201,0.0,0.9392570281124498,0.06074297188755018,1.0,0.9392570281124498
same_subject_different_eye,0.202,0.0,0.9377510040160643,0.06224899598393574,1.0,0.9377510040160643
same_subject_different_eye,0.203,0.0,0.9347389558232931,0.06526104417670686,1.0,0.9347389558232931
same_subject_different_eye,0.20400000000000001,0.0,0.9329819277108434,0.06701807228915657,1.0,0.9329819277108434
same_subject_different_eye,0.20500000000000002,0.0,0.9312248995983936,0.06877510040160639,1.0,0.9312248995983936
same_subject_different_eye,0.20600000000000002,0.0,0.9269578313253012,0.07304216867469882,1.0,0.9269578313253012
same_subject_different_eye,0.20700000000000002,0.0,0.9257028112449799,0.07429718875502012,1.0,0.9257028112449799
same_subject_different_eye,0.20800000000000002,0.0,0.9234437751004017,0.07655622489959835,1.0,0.9234437751004017
same_subject_different_eye,0.209,0.0,0.9216867469879518,0.07831325301204817,1.0,0.9216867469879518
same_subject_different_eye,0.21,0.0,0.9196787148594378,0.08032128514056225,1.0,0.9196787148594378
same_subject_different_eye,0.211,0.0,0.9156626506024096,0.08433734939759041,1.0,0.9156626506024096
same_subject_different_eye,0.212,0.0,0.9126506024096386,0.08734939759036142,1.0,0.9126506024096386
same_subject_different_eye,0.213,0.0,0.9118975903614458,0.0881024096385542,1.0,0.9118975903614458
same_subject_different_eye,0.214,0.0,0.9091365461847389,0.09086345381526106,1.0,0.9091365461847389
same_subject_different_eye,0.215,0.0,0.9048694779116466,0.09513052208835338,1.0,0.9048694779116466
same_subject_different_eye,0.216,0.0,0.9041164658634538,0.09588353413654616,1.0,0.9041164658634538
same_subject_different_eye,0.217,0.0,0.9008534136546185,0.09914658634538154,1.0,0.9008534136546185
same_subject_different_eye,0.218,0.0,0.8983433734939759,0.10165662650602414,1.0,0.8983433734939759
same_subject_different_eye,0.219,0.0,0.8955823293172691,0.10441767068273089,1.0,0.8955823293172691
same_subject_different_eye,0.22,0.0,0.893574297188755,0.10642570281124497,1.0,0.893574297188755
same_subject_different_eye,0.221,0.0,0.891566265060241,0.10843373493975905,1.0,0.891566265060241
same_subject_different_eye,0.222,0.0,0.8883032128514057,0.11169678714859432,1.0,0.8883032128514057
same_subject_different_eye,0.223,0.0,0.8862951807228916,0.1137048192771084,1.0,0.8862951807228916
same_subject_different_eye,0.224,0.0,0.882781124497992,0.11721887550200805,1.0,0.882781124497992
same_subject_different_eye,0.225,0.0,0.8797690763052208,0.12023092369477917,1.0,0.8797690763052208
same_subject_different_eye,0.226,0.0,0.8762550200803213,0.1237449799196787,1.0,0.8762550200803213
same_subject_different_eye,0.227,0.0,0.8742469879518072,0.12575301204819278,1.0,0.8742469879518072
same_subject_different_eye,0.228,0.0,0.8707329317269076,0.12926706827309242,1.0,0.8707329317269076
same_subject_different_eye,0.229,0.0,0.8689759036144579,0.13102409638554213,1.0,0.8689759036144579
same_subject_different_eye,0.23,0.0,0.8669678714859438,0.1330321285140562,1.0,0.8669678714859438
same_subject_different_eye,0.231,0.0,0.8657128514056225,0.13428714859437751,1.0,0.8657128514056225
same_subject_different_eye,0.232,0.0,0.8616967871485943,0.13830321285140568,1.0,0.8616967871485943
same_subject_different_eye,0.233,0.0,0.8589357429718876,0.14106425702811243,1.0,0.8589357429718876
same_subject_different_eye,0.234,0.0,0.856425702811245,0.14357429718875503,1.0,0.856425702811245
same_subject_different_eye,0.23500000000000001,0.0,0.8536646586345381,0.1463353413654619,1.0,0.8536646586345381
same_subject_different_eye,0.23600000000000002,0.0,0.8498995983935743,0.15010040160642568,1.0,0.8498995983935743
same_subject_different_eye,0.23700000000000002,0.0,0.8473895582329317,0.15261044176706828,1.0,0.8473895582329317
same_subject_different_eye,0.23800000000000002,0.0,0.8438755020080321,0.15612449799196793,1.0,0.8438755020080321
same_subject_different_eye,0.23900000000000002,0.0,0.8393574297188755,0.1606425702811245,1.0,0.8393574297188755
same_subject_different_eye,0.24,0.0,0.8350903614457831,0.16490963855421692,1.0,0.8350903614457831
same_subject_different_eye,0.241,0.0,0.8318273092369478,0.1681726907630522,1.0,0.8318273092369478
same_subject_different_eye,0.242,0.0,0.8280622489959839,0.1719377510040161,1.0,0.8280622489959839
same_subject_different_eye,0.243,0.0,0.8245481927710844,0.17545180722891562,1.0,0.8245481927710844
same_subject_different_eye,0.244,0.0,0.8217871485943775,0.17821285140562249,1.0,0.8217871485943775
same_subject_different_eye,0.245,0.0,0.8157630522088354,0.18423694779116462,1.0,0.8157630522088354
same_subject_different_eye,0.246,0.0,0.8125,0.1875,1.0,0.8125
same_subject_different_eye,0.247,0.0,0.8104919678714859,0.18950803212851408,1.0,0.8104919678714859
same_subject_different_eye,0.248,0.0,0.8079819277108434,0.19201807228915657,1.0,0.8079819277108434
same_subject_different_eye,0.249,0.0,0.8032128514056225,0.19678714859437751,1.0,0.8032128514056225
same_subject_different_eye,0.25,0.0,0.8002008032128514,0.19979919678714864,1.0,0.8002008032128514
same_subject_different_eye,0.251,0.0,0.7954317269076305,0.20456827309236947,1.0,0.7954317269076305
same_subject_different_eye,0.252,0.0,0.7911646586345381,0.2088353413654619,1.0,0.7911646586345381
same_subject_different_eye,0.253,0.0,0.7871485943775101,0.21285140562248994,1.0,0.7871485943775101
same_subject_different_eye,0.254,0.0,0.7838855421686747,0.21611445783132532,1.0,0.7838855421686747
same_subject_different_eye,0.255,0.0,0.7796184738955824,0.22038152610441764,1.0,0.7796184738955824
same_subject_different_eye,0.256,0.0,0.776355421686747,0.22364457831325302,1.0,0.776355421686747
same_subject_different_eye,0.257,0.0,0.7728413654618473,0.22715863453815266,1.0,0.7728413654618473
same_subject_different_eye,0.258,0.0,0.7673192771084337,0.23268072289156627,1.0,0.7673192771084337
same_subject_different_eye,0.259,0.0,0.7648092369477911,0.23519076305220887,1.0,0.7648092369477911
same_subject_different_eye,0.26,0.0,0.7605421686746988,0.23945783132530118,1.0,0.7605421686746988
same_subject_different_eye,0.261,0.0,0.7560240963855421,0.24397590361445787,1.0,0.7560240963855421
same_subject_different_eye,0.262,0.0,0.7525100401606426,0.2474899598393574,1.0,0.7525100401606426
same_subject_different_eye,0.263,0.0,0.7482429718875502,0.2517570281124498,1.0,0.7482429718875502
same_subject_different_eye,0.264,0.0,0.7437248995983936,0.2562751004016064,1.0,0.7437248995983936
same_subject_different_eye,0.265,0.0,0.7397088353413654,0.26029116465863456,1.0,0.7397088353413654
same_subject_different_eye,0.266,0.0,0.7366967871485943,0.2633032128514057,1.0,0.7366967871485943
same_subject_different_eye,0.267,0.0,0.732429718875502,0.267570281124498,1.0,0.732429718875502
same_subject_different_eye,0.268,0.0,0.7274096385542169,0.2725903614457831,1.0,0.7274096385542169
same_subject_different_eye,0.269,0.0,0.7233935742971888,0.27660642570281124,1.0,0.7233935742971888
same_subject_different_eye,0.27,0.0,0.7193775100401606,0.2806224899598394,1.0,0.7193775100401606
same_subject_different_eye,0.271,0.0,0.7156124497991968,0.2843875502008032,1.0,0.7156124497991968
same_subject_different_eye,0.272,0.0,0.7103413654618473,0.28965863453815266,1.0,0.7103413654618473
same_subject_different_eye,0.273,0.0,0.7058232931726908,0.29417670682730923,1.0,0.7058232931726908
same_subject_different_eye,0.274,0.0,0.7005522088353414,0.2994477911646586,1.0,0.7005522088353414
same_subject_different_eye,0.275,0.0,0.695281124497992,0.30471887550200805,1.0,0.695281124497992
same_subject_different_eye,0.276,0.0,0.6917670682730924,0.3082329317269076,1.0,0.6917670682730924
same_subject_different_eye,0.277,0.0,0.686495983935743,0.31350401606425704,1.0,0.686495983935743
same_subject_different_eye,0.278,0.0,0.6802208835341366,0.31977911646586343,1.0,0.6802208835341366
same_subject_different_eye,0.279,0.0,0.6757028112449799,0.3242971887550201,1.0,0.6757028112449799
same_subject_different_eye,0.28,0.0,0.6719377510040161,0.3280622489959839,1.0,0.6719377510040161
same_subject_different_eye,0.281,0.0,0.6676706827309237,0.33232931726907633,1.0,0.6676706827309237
same_subject_different_eye,0.28200000000000003,0.0,0.6616465863453815,0.33835341365461846,1.0,0.6616465863453815
same_subject_different_eye,0.28300000000000003,0.0,0.6553714859437751,0.34462851405622486,1.0,0.6553714859437751
same_subject_different_eye,0.28400000000000003,0.0,0.6490963855421686,0.35090361445783136,1.0,0.6490963855421686
same_subject_different_eye,0.28500000000000003,0.0,0.6428212851405622,0.35717871485943775,1.0,0.6428212851405622
same_subject_different_eye,0.28600000000000003,0.0,0.6352911646586346,0.36470883534136544,1.0,0.6352911646586346
same_subject_different_eye,0.28700000000000003,0.0,0.6307730923694779,0.3692269076305221,1.0,0.6307730923694779
same_subject_different_eye,0.28800000000000003,0.0,0.6244979919678715,0.3755020080321285,1.0,0.6244979919678715
same_subject_different_eye,0.289,0.0,0.6189759036144579,0.38102409638554213,1.0,0.6189759036144579
same_subject_different_eye,0.29,0.0,0.6137048192771084,0.3862951807228916,1.0,0.6137048192771084
same_subject_different_eye,0.291,0.0,0.607429718875502,0.392570281124498,1.0,0.607429718875502
same_subject_different_eye,0.292,0.0,0.6009036144578314,0.39909638554216864,1.0,0.6009036144578314
same_subject_different_eye,0.293,0.0,0.5946285140562249,0.40537148594377514,1.0,0.5946285140562249
same_subject_different_eye,0.294,0.0,0.5903614457831325,0.40963855421686746,1.0,0.5903614457831325
same_subject_different_eye,0.295,0.0,0.5835843373493976,0.41641566265060237,1.0,0.5835843373493976
same_subject_different_eye,0.296,0.0,0.5768072289156626,0.4231927710843374,1.0,0.5768072289156626
same_subject_different_eye,0.297,0.0,0.5685240963855421,0.43147590361445787,1.0,0.5685240963855421
same_subject_different_eye,0.298,0.0,0.5619979919678715,0.4380020080321285,1.0,0.5619979919678715
same_subject_different_eye,0.299,0.0,0.5552208835341366,0.44477911646586343,1.0,0.5552208835341366
same_subject_different_eye,0.3,0.0,0.5499497991967871,0.4500502008032129,1.0,0.5499497991967871
same_subject_different_eye,0.301,0.0,0.5451807228915663,0.45481927710843373,1.0,0.5451807228915663
same_subject_different_eye,0.302,0.0,0.5404116465863453,0.45958835341365467,1.0,0.5404116465863453
same_subject_different_eye,0.303,0.0,0.5348895582329317,0.4651104417670683,1.0,0.5348895582329317
same_subject_different_eye,0.304,0.0,0.5286144578313253,0.4713855421686747,1.0,0.5286144578313253
same_subject_different_eye,0.305,0.0,0.5220883534136547,0.47791164658634533,1.0,0.5220883534136547
same_subject_different_eye,0.306,0.0,0.5163152610441767,0.4836847389558233,1.0,0.5163152610441767
same_subject_different_eye,0.307,0.0,0.5085341365461847,0.49146586345381527,1.0,0.5085341365461847
same_subject_different_eye,0.308,0.0,0.5035140562248996,0.49648594377510036,1.0,0.5035140562248996
same_subject_different_eye,0.309,0.0,0.4994979919678715,0.5005020080321285,1.0,0.4994979919678715
same_subject_different_eye,0.31,0.0,0.4924698795180723,0.5075301204819277,1.0,0.4924698795180723
same_subject_different_eye,0.311,0.0,0.48744979919678716,0.5125502008032128,1.0,0.48744979919678716
same_subject_different_eye,0.312,0.0,0.4811746987951807,0.5188253012048193,1.0,0.4811746987951807
same_subject_different_eye,0.313,0.0,0.47615461847389556,0.5238453815261044,1.0,0.47615461847389556
same_subject_different_eye,0.314,0.0,0.47063253012048195,0.5293674698795181,1.0,0.47063253012048195
same_subject_different_eye,0.315,0.0,0.4656124497991968,0.5343875502008032,1.0,0.4656124497991968
same_subject_different_eye,0.316,0.0,0.4598393574297189,0.5401606425702812,1.0,0.4598393574297189
same_subject_different_eye,0.317,0.0,0.45456827309236947,0.5454317269076305,1.0,0.45456827309236947
same_subject_different_eye,0.318,0.0,0.4503012048192771,0.5496987951807228,1.0,0.4503012048192771
same_subject_different_eye,0.319,0.0,0.44327309236947793,0.5567269076305221,1.0,0.44327309236947793
same_subject_different_eye,0.32,0.0,0.4382530120481928,0.5617469879518072,1.0,0.4382530120481928
same_subject_different_eye,0.321,0.0,0.4314759036144578,0.5685240963855422,1.0,0.4314759036144578
same_subject_different_eye,0.322,0.0,0.42570281124497994,0.5742971887550201,1.0,0.42570281124497994
same_subject_different_eye,0.323,0.0,0.42043172690763053,0.5795682730923695,1.0,0.42043172690763053
same_subject_different_eye,0.324,0.0,0.41566265060240964,0.5843373493975903,1.0,0.41566265060240964
same_subject_different_eye,0.325,0.0,0.40963855421686746,0.5903614457831325,1.0,0.40963855421686746
same_subject_different_eye,0.326,0.0,0.4046184738955823,0.5953815261044177,1.0,0.4046184738955823
same_subject_different_eye,0.327,0.0,0.3990963855421687,0.6009036144578312,1.0,0.3990963855421687
same_subject_different_eye,0.328,0.0,0.39407630522088355,0.6059236947791165,1.0,0.39407630522088355
same_subject_different_eye,0.329,0.0,0.3883032128514056,0.6116967871485943,1.0,0.3883032128514056
same_subject_different_eye,0.33,0.0,0.3832831325301205,0.6167168674698795,1.0,0.3832831325301205
same_subject_different_eye,0.331,0.0,0.3782630522088353,0.6217369477911647,1.0,0.3782630522088353
same_subject_different_eye,0.332,0.0,0.37399598393574296,0.626004016064257,1.0,0.37399598393574296
same_subject_different_eye,0.333,0.0,0.3689759036144578,0.6310240963855422,1.0,0.3689759036144578
same_subject_different_eye,0.334,0.00030349013657056146,0.3649598393574297,0.6350401606425703,0.9996965098634294,0.36465634922085916
same_subject_different_eye,0.335,0.00030349013657056146,0.3596887550200803,0.6403112449799198,0.9996965098634294,0.35938526488350975
same_subject_different_eye,0.336,0.00030349013657056146,0.35542168674698793,0.6445783132530121,0.9996965098634294,0.3551181966104174
same_subject_different_eye,0.337,0.0006069802731411229,0.3526606425702811,0.6473393574297188,0.9993930197268589,0.35205366229714
same_subject_different_eye,0.338,0.0006069802731411229,0.3461345381526104,0.6538654618473896,0.9993930197268589,0.3455275578794693
same_subject_different_eye,0.339,0.0006069802731411229,0.34236947791164657,0.6576305220883534,0.9993930197268589,0.34176249763850547
same_subject_different_eye,0.34,0.0006069802731411229,0.3376004016064257,0.6623995983935743,0.9993930197268589,0.3369934213332846
same_subject_different_eye,0.341,0.0006069802731411229,0.33308232931726905,0.6669176706827309,0.9993930197268589,0.33247534904412795
same_subject_different_eye,0.342,0.0006069802731411229,0.32756024096385544,0.6724397590361446,0.9993930197268589,0.32695326069071434
same_subject_different_eye,0.343,0.0006069802731411229,0.3220381526104418,0.6779618473895582,0.9993930197268589,0.3214311723373007
same_subject_different_eye,0.34400000000000003,0.0006069802731411229,0.31676706827309237,0.6832329317269077,0.9993930197268589,0.31616008799995127
same_subject_different_eye,0.34500000000000003,0.0006069802731411229,0.31224899598393574,0.6877510040160643,0.9993930197268589,0.31164201571079464
same_subject_different_eye,0.34600000000000003,0.0006069802731411229,0.30697791164658633,0.6930220883534137,0.9993930197268589,0.30637093137344523
same_subject_different_eye,0.34700000000000003,0.0009104704097116844,0.3019578313253012,0.6980421686746988,0.9990895295902883,0.3010473609155895
same_subject_different_eye,0.34800000000000003,0.0009104704097116844,0.29593373493975905,0.704066265060241,0.9990895295902883,0.29502326453004735
same_subject_different_eye,0.34900000000000003,0.0012139605462822458,0.2891566265060241,0.7108433734939759,0.9987860394537178,0.28794266595974183
same_subject_different_eye,0.35000000000000003,0.0015174506828528073,0.285140562248996,0.714859437751004,0.9984825493171472,0.28362311156614317
same_subject_different_eye,0.35100000000000003,0.0018209408194233688,0.28062248995983935,0.7193775100401607,0.9981790591805766,0.278801549140416
same_subject_different_eye,0.352,0.0018209408194233688,0.27660642570281124,0.7233935742971888,0.9981790591805766,0.2747854848833879
same_subject_different_eye,0.353,0.0018209408194233688,0.2703313253012048,0.7296686746987953,0.9981790591805766,0.26851038448178144
same_subject_different_eye,0.354,0.0018209408194233688,0.2663152610441767,0.7336847389558233,0.9981790591805766,0.26449432022475333
same_subject_different_eye,0.355,0.0018209408194233688,0.26104417670682734,0.7389558232931727,0.9981790591805766,0.259223235887404
same_subject_different_eye,0.356,0.0018209408194233688,0.25552208835341367,0.7444779116465863,0.9981790591805766,0.2537011475339903
same_subject_different_eye,0.357,0.0024279210925644916,0.25150602409638556,0.7484939759036144,0.9975720789074355,0.24907810300382108
same_subject_different_eye,0.358,0.0024279210925644916,0.24849397590361447,0.7515060240963856,0.9975720789074355,0.24606605481104998
same_subject_different_eye,0.359,0.0024279210925644916,0.24447791164658633,0.7555220883534137,0.9975720789074355,0.24204999055402185
same_subject_different_eye,0.36,0.0024279210925644916,0.24021084337349397,0.759789156626506,0.9975720789074355,0.23778292228092948
same_subject_different_eye,0.361,0.002731411229135053,0.2371987951807229,0.7628012048192772,0.997268588770865,0.23446738395158784
same_subject_different_eye,0.362,0.002731411229135053,0.23293172690763053,0.7670682730923695,0.997268588770865,0.23020031567849547
same_subject_different_eye,0.363,0.002731411229135053,0.2289156626506024,0.7710843373493976,0.997268588770865,0.22618425142146734
same_subject_different_eye,0.364,0.0030349013657056147,0.22565261044176707,0.7743473895582329,0.9969650986342944,0.22261770907606146
same_subject_different_eye,0.365,0.003338391502276176,0.22063253012048192,0.7793674698795181,0.9966616084977238,0.21729413861820573
same_subject_different_eye,0.366,0.0039453717754172985,0.21511044176706828,0.7848895582329317,0.9960546282245827,0.211165069991651
same_subject_different_eye,0.367,0.004248861911987861,0.21059236947791166,0.7894076305220883,0.9957511380880122,0.2063435075659238
same_subject_different_eye,0.368,0.005159332321699545,0.20682730923694778,0.7931726907630522,0.9948406676783005,0.20166797691524824
same_subject_different_eye,0.369,0.006373292867981791,0.20306224899598393,0.7969377510040161,0.9936267071320182,0.19668895612800213
same_subject_different_eye,0.37,0.006373292867981791,0.19678714859437751,0.8032128514056225,0.9936267071320182,0.19041385572639571
same_subject_different_eye,0.371,0.007890743550834597,0.19402610441767068,0.8059738955823293,0.9921092564491654,0.18613536086683607
same_subject_different_eye,0.372,0.008801213960546282,0.19076305220883535,0.8092369477911646,0.9911987860394538,0.18196183824828907
same_subject_different_eye,0.373,0.008801213960546282,0.18649598393574296,0.813504016064257,0.9911987860394538,0.17769476997519668
same_subject_different_eye,0.374,0.010015174506828529,0.18323293172690763,0.8167670682730923,0.9899848254931715,0.1732177572200791
same_subject_different_eye,0.375,0.012139605462822459,0.17921686746987953,0.8207831325301205,0.9878603945371776,0.16707726200705708
same_subject_different_eye,0.376,0.013960546282245826,0.17720883534136547,0.8227911646586346,0.9860394537177541,0.16324828905911964
same_subject_different_eye,0.377,0.014871016691957511,0.1746987951807229,0.8253012048192772,0.9851289833080424,0.1598277784887654
same_subject_different_eye,0.378,0.01638846737481032,0.17218875502008033,0.8278112449799196,0.9836115326251896,0.15580028764527
same_subject_different_eye,0.379,0.017298937784522003,0.1694277108433735,0.8305722891566265,0.982701062215478,0.15212877305885147
same_subject_different_eye,0.38,0.017905918057663128,0.16566265060240964,0.8343373493975903,0.9820940819423368,0.14775673254474653
same_subject_different_eye,0.381,0.02063732928679818,0.16214859437751003,0.8378514056224899,0.9793626707132018,0.14151126509071185
same_subject_different_eye,0.382,0.023065250379362672,0.15863453815261044,0.8413654618473896,0.9769347496206373,0.13556928777324778
same_subject_different_eye,0.383,0.025493171471927163,0.1553714859437751,0.8446285140562249,0.9745068285280728,0.12987831447184792
same_subject_different_eye,0.384,0.029438543247344462,0.15160642570281124,0.8483935742971888,0.9705614567526555,0.12216788245546678
same_subject_different_eye,0.385,0.030955993930197268,0.1488453815261044,0.8511546184738956,0.9690440060698027,0.11788938759590714
same_subject_different_eye,0.386,0.03490136570561457,0.14583333333333334,0.8541666666666666,0.9650986342943855,0.11093196762771877
same_subject_different_eye,0.387,0.03763277693474962,0.142570281124498,0.857429718875502,0.9623672230652504,0.10493750418974837
same_subject_different_eye,0.388,0.04157814871016692,0.13830321285140562,0.8616967871485943,0.958421851289833,0.0967250641412387
same_subject_different_eye,0.389,0.04522003034901366,0.13529116465863453,0.8647088353413654,0.9547799696509863,0.09007113430962087
same_subject_different_eye,0.39,0.049165402124430956,0.1330321285140562,0.8669678714859438,0.950834597875569,0.08386672638962525
same_subject_different_eye,0.391,0.05371775417298938,0.1307730923694779,0.8692269076305221,0.9462822458270106,0.07705533819648852
same_subject_different_eye,0.392,0.0582701062215478,0.1297690763052209,0.8702309236947792,0.9417298937784522,0.07149897008367309
same_subject_different_eye,0.393,0.06160849772382398,0.1272590361445783,0.8727409638554217,0.9383915022761761,0.06565053842075433
same_subject_different_eye,0.394,0.06707132018209408,0.12374497991967871,0.8762550200803213,0.932928679817906,0.056673659737584633
same_subject_different_eye,0.395,0.07678300455235205,0.11922690763052209,0.8807730923694779,0.9232169954476479,0.04244390307817003
same_subject_different_eye,0.396,0.08254931714719271,0.11596385542168675,0.8840361445783133,0.9174506828528073,0.03341453827449403
same_subject_different_eye,0.397,0.09074355083459787,0.11420682730923695,0.8857931726907631,0.9092564491654022,0.023463276474639083
same_subject_different_eye,0.398,0.09711684370257967,0.11244979919678715,0.8875502008032129,0.9028831562974203,0.015332955494207476
same_subject_different_eye,0.399,0.10531107738998483,0.10818273092369478,0.8918172690763052,0.8946889226100152,0.002871653533709953
same_subject_different_eye,0.4,0.11380880121396054,0.1056726907630522,0.8943273092369478,0.8861911987860395,0.00813611045090834
same_subject_different_eye,0.401,0.12018209408194233,0.10391566265060241,0.8960843373493976,0.8798179059180576,0.01626643143133992
same_subject_different_eye,0.402,0.13019726858877087,0.10291164658634538,0.8970883534136547,0.8698027314112291,0.027285622002425486
same_subject_different_eye,0.403,0.14294385432473444,0.10015060240963855,0.8998493975903614,0.8570561456752656,0.04279325191509589
same_subject_different_eye,0.404,0.1544764795144158,0.09764056224899599,0.902359437751004,0.8455235204855842,0.0568359172654198
same_subject_different_eye,0.405,0.16752655538694994,0.09513052208835342,0.9048694779116466,0.8324734446130501,0.07239603329859652
same_subject_different_eye,0.406,0.17693474962063732,0.09136546184738956,0.9086345381526104,0.8230652503793627,0.08556928777324777
same_subject_different_eye,0.40700000000000003,0.19089529590288315,0.08960843373493976,0.9103915662650602,0.8091047040971169,0.10128686216794339
same_subject_different_eye,0.40800000000000003,0.20333839150227617,0.08785140562248996,0.9121485943775101,0.7966616084977238,0.11548698587978622
same_subject_different_eye,0.40900000000000003,0.21365705614567526,0.08609437751004016,0.9139056224899599,0.7863429438543248,0.12756267863563509
same_subject_different_eye,0.41000000000000003,0.22427921092564493,0.08458835341365462,0.9154116465863453,0.775720789074355,0.1396908575119903
same_subject_different_eye,0.41100000000000003,0.24036418816388466,0.08258032128514056,0.9174196787148594,0.7596358118361153,0.1577838668787441
same_subject_different_eye,0.41200000000000003,0.2534142640364188,0.08057228915662651,0.9194277108433735,0.7465857359635812,0.1728419748797923
same_subject_different_eye,0.41300000000000003,0.2682852807283763,0.0783132530120482,0.9216867469879518,0.7317147192716237,0.18997202771632812
same_subject_different_eye,0.41400000000000003,0.27981790591805766,0.07580321285140562,0.9241967871485943,0.7201820940819423,0.20401469306665204
same_subject_different_eye,0.41500000000000004,0.29317147192716236,0.07404618473895583,0.9259538152610441,0.7068285280728377,0.21912528718820654
same_subject_different_eye,0.41600000000000004,0.3068285280728376,0.07103413654618473,0.9289658634538153,0.6931714719271624,0.23579439152665288
same_subject_different_eye,0.417,0.3229135053110774,0.06852409638554217,0.9314759036144579,0.6770864946889226,0.2543894089255352
same_subject_different_eye,0.418,0.3386949924127466,0.06676706827309237,0.9332329317269077,0.6613050075872534,0.2719279241396542
same_subject_different_eye,0.419,0.352959028831563,0.06475903614457831,0.9352409638554217,0.6470409711684371,0.2881999926869847
same_subject_different_eye,0.42,0.37177541729893776,0.06099397590361446,0.9390060240963856,0.6282245827010622,0.3107814413953233
same_subject_different_eye,0.421,0.3857359635811836,0.05973895582329317,0.9402610441767069,0.6142640364188163,0.3259970077578904
same_subject_different_eye,0.422,0.3975720789074355,0.05823293172690763,0.9417670682730923,0.6024279210925645,0.3393391471805279
same_subject_different_eye,0.423,0.41699544764795143,0.05647590361445783,0.9435240963855421,0.5830045523520486,0.3605195440334936
same_subject_different_eye,0.424,0.4321699544764795,0.05396586345381526,0.9460341365461847,0.5678300455235206,0.3782040910226642
same_subject_different_eye,0.425,0.4479514415781487,0.051706827309236945,0.9482931726907631,0.5520485584218513,0.3962446142689118
same_subject_different_eye,0.426,0.46251896813353566,0.049949799196787145,0.9500502008032129,0.5374810318664643,0.4125691689367485
same_subject_different_eye,0.427,0.47374810318664645,0.04794176706827309,0.9520582329317269,0.5262518968133536,0.4258063361183734
same_subject_different_eye,0.428,0.48770864946889225,0.04643574297188755,0.9535642570281124,0.5122913505311077,0.4412729064970047
same_subject_different_eye,0.429,0.4998482549317147,0.044929718875502005,0.955070281124498,0.5001517450682853,0.4549185360562127
same_subject_different_eye,0.43,0.5141122913505312,0.04392570281124498,0.956074297188755,0.48588770864946884,0.4701865885392862
same_subject_different_eye,0.431,0.5283763277693475,0.04241967871485944,0.9575803212851406,0.4716236722306525,0.4859566490544881
same_subject_different_eye,0.432,0.5420333839150228,0.04141566265060241,0.9585843373493976,0.45796661608497724,0.5006177212644204
same_subject_different_eye,0.433,0.5575113808801214,0.03890562248995984,0.9610943775100401,0.4424886191198786,0.5186057583901615
same_subject_different_eye,0.434,0.5732928679817906,0.03714859437751004,0.9628514056224899,0.4267071320182094,0.5361442736042805
same_subject_different_eye,0.435,0.5881638846737481,0.035391566265060244,0.9646084337349398,0.41183611532625186,0.5527723184086879
same_subject_different_eye,0.436,0.6015174506828528,0.0338855421686747,0.9661144578313253,0.3984825493171472,0.5676319085141781
same_subject_different_eye,0.437,0.6163884673748103,0.03237951807228916,0.9676204819277109,0.38361153262518966,0.5840089493025212
same_subject_different_eye,0.438,0.6339908952959029,0.03137550200803213,0.9686244979919678,0.3660091047040971,0.6026153932878708
same_subject_different_eye,0.439,0.6482549317147193,0.02961847389558233,0.9703815261044176,0.35174506828528074,0.6186364578191369
same_subject_different_eye,0.44,0.6613050075872534,0.029367469879518073,0.9706325301204819,0.3386949924127466,0.6319375377077353
same_subject_different_eye,0.441,0.6743550834597876,0.027610441767068273,0.9723895582329317,0.32564491654021244,0.6467446416927193
same_subject_different_eye,0.442,0.689226100151745,0.025602409638554216,0.9743975903614458,0.310773899848255,0.6636236905131908
same_subject_different_eye,0.443,0.698330804248862,0.02384538152610442,0.9761546184738956,0.30166919575113804,0.6744854227227576
same_subject_different_eye,0.444,0.7138088012139605,0.022590361445783132,0.9774096385542169,0.2861911987860395,0.6912184397681774
same_subject_different_eye,0.445,0.725948406676783,0.020582329317269075,0.9794176706827309,0.27405159332321705,0.7053660773595138
same_subject_different_eye,0.446,0.7347496206373293,0.019829317269076305,0.9801706827309237,0.2652503793626707,0.714920303368253
same_subject_different_eye,0.447,0.7471927162367223,0.019076305220883535,0.9809236947791165,0.25280728376327766,0.7281164110158388
same_subject_different_eye,0.448,0.7602427921092565,0.01782128514056225,0.9821787148594378,0.2397572078907435,0.7424215069686942
same_subject_different_eye,0.449,0.7690440060698027,0.01581325301204819,0.9841867469879518,0.23095599393019728,0.7532307530577546
same_subject_different_eye,0.45,0.7787556904400607,0.014809236947791165,0.9851907630522089,0.22124430955993935,0.7639464534922695
same_subject_different_eye,0.451,0.7893778452200303,0.014056224899598393,0.9859437751004017,0.2106221547799697,0.775321620320432
same_subject_different_eye,0.452,0.8018209408194233,0.013052208835341365,0.9869477911646586,0.19817905918057666,0.7887687319840819
same_subject_different_eye,0.453,0.812443095599393,0.012550200803212851,0.9874497991967871,0.18755690440060702,0.7998928947961801
same_subject_different_eye,0.454,0.8218512898330804,0.012299196787148595,0.9877008032128514,0.17814871016691958,0.8095520930459318
same_subject_different_eye,0.455,0.8321699544764796,0.011295180722891566,0.9887048192771084,0.16783004552352043,0.820874773753588
same_subject_different_eye,0.456,0.8424886191198786,0.010793172690763053,0.9892068273092369,0.1575113808801214,0.8316954464291155
same_subject_different_eye,0.457,0.851896813353566,0.009789156626506024,0.990210843373494,0.14810318664643396,0.84210765672706
same_subject_different_eye,0.458,0.8597875569044006,0.008785140562248996,0.991214859437751,0.14021244309559944,0.8510024163421516
same_subject_different_eye,0.459,0.866464339908953,0.008283132530120483,0.9917168674698795,0.133535660091047,0.8581812073788325
same_subject_different_eye,0.46,0.8746585735963581,0.007530120481927711,0.9924698795180723,0.12534142640364188,0.8671284531144304
same_subject_different_eye,0.461,0.8852807283763278,0.007279116465863454,0.9927208835341366,0.11471927162367224,0.8780016119104643
same_subject_different_eye,0.462,0.8907435508345979,0.007279116465863454,0.9927208835341366,0.10925644916540211,0.8834644343687345
same_subject_different_eye,0.463,0.8949924127465857,0.006526104417670682,0.9934738955823293,0.1050075872534143,0.888466308328915
same_subject_different_eye,0.464,0.8995447647951441,0.005522088353413655,0.9944779116465864,0.10045523520485589,0.8940226764417305
same_subject_different_eye,0.465,0.9062215477996965,0.005271084337349397,0.9947289156626506,0.09377845220030345,0.9009504634623472
same_subject_different_eye,0.466,0.9125948406676783,0.0050200803212851405,0.9949799196787149,0.08740515933232174,0.9075747603463932
same_subject_different_eye,0.467,0.918361153262519,0.004769076305220884,0.9952309236947792,0.08163884673748101,0.9135920769572982
same_subject_different_eye,0.468,0.9226100151745068,0.00426706827309237,0.9957329317269076,0.0773899848254932,0.9183429469014144
same_subject_different_eye,0.46900000000000003,0.925948406676783,0.00426706827309237,0.9957329317269076,0.07405159332321698,0.9216813384036906
same_subject_different_eye,0.47000000000000003,0.9289833080424886,0.004016064257028112,0.9959839357429718,0.07101669195751137,0.9249672437854605
same_subject_different_eye,0.47100000000000003,0.933535660091047,0.003263052208835341,0.9967369477911646,0.06646433990895295,0.9302726078822117
same_subject_different_eye,0.47200000000000003,0.936267071320182,0.0030120481927710845,0.9969879518072289,0.06373292867981795,0.9332550231274109
same_subject_different_eye,0.47300000000000003,0.9396054628224583,0.0030120481927710845,0.9969879518072289,0.06039453717754173,0.9365934146296871
same_subject_different_eye,0.47400000000000003,0.9429438543247345,0.0027610441767068274,0.9972389558232931,0.05705614567526551,0.9401828101480276
same_subject_different_eye,0.47500000000000003,0.9459787556904401,0.0025100401606425703,0.9974899598393574,0.0540212443095599,0.9434687155297975
same_subject_different_eye,0.47600000000000003,0.9490136570561457,0.002008032128514056,0.9979919678714859,0.05098634294385429,0.9470056249276316
same_subject_different_eye,0.47700000000000004,0.952959028831563,0.0017570281124497991,0.9982429718875502,0.047040971168436974,0.9512020007191132
same_subject_different_eye,0.47800000000000004,0.9547799696509863,0.0012550200803212851,0.9987449799196787,0.04522003034901367,0.953524949570665
same_subject_different_eye,0.47900000000000004,0.9587253414264036,0.001004016064257028,0.998995983935743,0.04127465857359636,0.9577213253621466
same_subject_different_eye,0.48,0.9614567526555386,0.001004016064257028,0.998995983935743,0.03854324734446135,0.9604527365912816
same_subject_different_eye,0.481,0.9641881638846738,0.001004016064257028,0.998995983935743,0.035811836115326234,0.9631841478204167
same_subject_different_eye,0.482,0.9675265553869499,0.001004016064257028,0.998995983935743,0.03247344461305013,0.9665225393226928
same_subject_different_eye,0.483,0.970257966616085,0.001004016064257028,0.998995983935743,0.029742033383915012,0.969253950551828
same_subject_different_eye,0.484,0.97298937784522,0.001004016064257028,0.998995983935743,0.027010622154780006,0.971985361780963
same_subject_different_eye,0.485,0.9745068285280728,0.0007530120481927711,0.9992469879518072,0.0254931714719272,0.97375381647988
same_subject_different_eye,0.486,0.9763277693474962,0.0007530120481927711,0.9992469879518072,0.02367223065250379,0.9755747572993034
same_subject_different_eye,0.487,0.9781487101669196,0.0007530120481927711,0.9992469879518072,0.02185128983308038,0.9773956981187268
same_subject_different_eye,0.488,0.9790591805766312,0.0007530120481927711,0.9992469879518072,0.020940819423368784,0.9783061685284384
same_subject_different_eye,0.489,0.980576631259484,0.0007530120481927711,0.9992469879518072,0.01942336874051598,0.9798236192112912
same_subject_different_eye,0.49,0.9814871016691957,0.000502008032128514,0.9994979919678715,0.018512898330804273,0.9809850936370672
same_subject_different_eye,0.491,0.982701062215478,0.000502008032128514,0.9994979919678715,0.01729893778452196,0.9821990541833495
same_subject_different_eye,0.492,0.9836115326251896,0.000502008032128514,0.9994979919678715,0.016388467374810367,0.9831095245930611
same_subject_different_eye,0.493,0.9857359635811836,0.000251004016064257,0.9997489959839357,0.01426403641881635,0.9854849595651194
same_subject_different_eye,0.494,0.9863429438543247,0.000251004016064257,0.9997489959839357,0.01365705614567525,0.9860919398382605
same_subject_different_eye,0.495,0.987556904400607,0.000251004016064257,0.9997489959839357,0.01244309559939305,0.9873059003845427
same_subject_different_eye,0.496,0.9878603945371776,0.000251004016064257,0.9997489959839357,0.012139605462822445,0.9876093905211133
same_subject_different_eye,0.497,0.9899848254931715,0.000251004016064257,0.9997489959839357,0.01001517450682854,0.9897338214771072
same_subject_different_eye,0.498,0.9915022761760243,0.000251004016064257,0.9997489959839357,0.008497723823975734,0.99125127215996
same_subject_different_eye,0.499,0.9921092564491654,0.000251004016064257,0.9997489959839357,0.007890743550834634,0.9918582524331011
same_subject_different_eye,0.5,0.9930197268588771,0.000251004016064257,0.9997489959839357,0.006980273141122928,0.9927687228428128
same_subject_different_eye,0.501,0.9936267071320182,0.000251004016064257,0.9997489959839357,0.006373292867981828,0.9933757031159539
same_subject_different_eye,0.502,0.9945371775417299,0.000251004016064257,0.9997489959839357,0.005462822458270122,0.9942861735256656
same_subject_different_eye,0.503,0.995144157814871,0.000251004016064257,0.9997489959839357,0.004855842185129022,0.9948931537988067
same_subject_different_eye,0.504,0.9957511380880122,0.000251004016064257,0.9997489959839357,0.004248861911987811,0.9955001340719479
same_subject_different_eye,0.505,0.9966616084977238,0.000251004016064257,0.9997489959839357,0.0033383915022762167,0.9964106044816595
same_subject_different_eye,0.506,0.997268588770865,0.000251004016064257,0.9997489959839357,0.0027314112291350057,0.9970175847548007
same_subject_different_eye,0.507,0.9978755690440061,0.000251004016064257,0.9997489959839357,0.0021244309559939056,0.9976245650279418
same_subject_different_eye,0.508,0.9981790591805766,0.000251004016064257,0.9997489959839357,0.0018209408194234111,0.9979280551645123
same_subject_different_eye,0.509,0.9981790591805766,0.000251004016064257,0.9997489959839357,0.0018209408194234111,0.9979280551645123
same_subject_different_eye,0.51,0.9984825493171472,0.000251004016064257,0.9997489959839357,0.0015174506828528056,0.9982315453010829
same_subject_different_eye,0.511,0.9984825493171472,0.000251004016064257,0.9997489959839357,0.0015174506828528056,0.9982315453010829
same_subject_different_eye,0.512,0.9984825493171472,0.000251004016064257,0.9997489959839357,0.0015174506828528056,0.9982315453010829
same_subject_different_eye,0.513,0.9984825493171472,0.000251004016064257,0.9997489959839357,0.0015174506828528056,0.9982315453010829
same_subject_different_eye,0.514,0.9984825493171472,0.000251004016064257,0.9997489959839357,0.0015174506828528056,0.9982315453010829
same_subject_different_eye,0.515,0.9984825493171472,0.000251004016064257,0.9997489959839357,0.0015174506828528056,0.9982315453010829
same_subject_different_eye,0.516,0.9990895295902883,0.0,1.0,0.0009104704097117056,0.9990895295902883
same_subject_different_eye,0.517,0.9996965098634294,0.0,1.0,0.00030349013657060553,0.9996965098634294
same_subject_different_eye,0.518,1.0,0.0,1.0,0.0,1.0
same_subject_different_eye,0.519,1.0,0.0,1.0,0.0,1.0
same_subject_different_eye,0.52,1.0,0.0,1.0,0.0,1.0
same_subject_different_eye,0.521,1.0,0.0,1.0,0.0,1.0
same_subject_different_eye,0.522,1.0,0.0,1.0,0.0,1.0
same_subject_different_eye,0.523,1.0,0.0,1.0,0.0,1.0
same_subject_different_eye,0.524,1.0,0.0,1.0,0.0,1.0
same_subject_different_eye,0.525,1.0,0.0,1.0,0.0,1.0
same_subject_different_eye,0.526,1.0,0.0,1.0,0.0,1.0
same_subject_different_eye,0.527,1.0,0.0,1.0,0.0,1.0
same_subject_different_eye,0.528,1.0,0.0,1.0,0.0,1.0
same_subject_different_eye,0.529,1.0,0.0,1.0,0.0,1.0
same_subject_different_eye,0.53,1.0,0.0,1.0,0.0,1.0
same_subject_different_eye,0.531,1.0,0.0,1.0,0.0,1.0
same_subject_different_eye,0.532,1.0,0.0,1.0,0.0,1.0
same_subject_different_eye,0.533,1.0,0.0,1.0,0.0,1.0
same_subject_different_eye,0.534,1.0,0.0,1.0,0.0,1.0
same_subject_different_eye,0.535,1.0,0.0,1.0,0.0,1.0
same_subject_different_eye,0.536,1.0,0.0,1.0,0.0,1.0
same_subject_different_eye,0.537,1.0,0.0,1.0,0.0,1.0
same_subject_different_eye,0.538,1.0,0.0,1.0,0.0,1.0
same_subject_different_eye,0.539,1.0,0.0,1.0,0.0,1.0
same_subject_different_eye,0.54,1.0,0.0,1.0,0.0,1.0
same_subject_different_eye,0.541,1.0,0.0,1.0,0.0,1.0
same_subject_different_eye,0.542,1.0,0.0,1.0,0.0,1.0
same_subject_different_eye,0.543,1.0,0.0,1.0,0.0,1.0
same_subject_different_eye,0.544,1.0,0.0,1.0,0.0,1.0
same_subject_different_eye,0.545,1.0,0.0,1.0,0.0,1.0
same_subject_different_eye,0.546,1.0,0.0,1.0,0.0,1.0
same_subject_different_eye,0.547,1.0,0.0,1.0,0.0,1.0
same_subject_different_eye,0.548,1.0,0.0,1.0,0.0,1.0
same_subject_different_eye,0.549,1.0,0.0,1.0,0.0,1.0
same_subject_different_eye,0.55,1.0,0.0,1.0,0.0,1.0
same_subject_different_eye,0.551,1.0,0.0,1.0,0.0,1.0
same_subject_different_eye,0.552,1.0,0.0,1.0,0.0,1.0
same_subject_different_eye,0.553,1.0,0.0,1.0,0.0,1.0
same_subject_different_eye,0.554,1.0,0.0,1.0,0.0,1.0
same_subject_different_eye,0.555,1.0,0.0,1.0,0.0,1.0
same_subject_different_eye,0.556,1.0,0.0,1.0,0.0,1.0
same_subject_different_eye,0.557,1.0,0.0,1.0,0.0,1.0
same_subject_different_eye,0.558,1.0,0.0,1.0,0.0,1.0
same_subject_different_eye,0.559,1.0,0.0,1.0,0.0,1.0
same_subject_different_eye,0.56,1.0,0.0,1.0,0.0,1.0
same_subject_different_eye,0.561,1.0,0.0,1.0,0.0,1.0
same_subject_different_eye,0.562,1.0,0.0,1.0,0.0,1.0
same_subject_different_eye,0.5630000000000001,1.0,0.0,1.0,0.0,1.0
same_subject_different_eye,0.5640000000000001,1.0,0.0,1.0,0.0,1.0
same_subject_different_eye,0.5650000000000001,1.0,0.0,1.0,0.0,1.0
same_subject_different_eye,0.5660000000000001,1.0,0.0,1.0,0.0,1.0
same_subject_different_eye,0.5670000000000001,1.0,0.0,1.0,0.0,1.0
same_subject_different_eye,0.5680000000000001,1.0,0.0,1.0,0.0,1.0
same_subject_different_eye,0.5690000000000001,1.0,0.0,1.0,0.0,1.0
same_subject_different_eye,0.5700000000000001,1.0,0.0,1.0,0.0,1.0
same_subject_different_eye,0.5710000000000001,1.0,0.0,1.0,0.0,1.0
same_subject_different_eye,0.5720000000000001,1.0,0.0,1.0,0.0,1.0
same_subject_different_eye,0.5730000000000001,1.0,0.0,1.0,0.0,1.0
same_subject_different_eye,0.5740000000000001,1.0,0.0,1.0,0.0,1.0
same_subject_different_eye,0.5750000000000001,1.0,0.0,1.0,0.0,1.0
same_subject_different_eye,0.5760000000000001,1.0,0.0,1.0,0.0,1.0
same_subject_different_eye,0.577,1.0,0.0,1.0,0.0,1.0
same_subject_different_eye,0.578,1.0,0.0,1.0,0.0,1.0
same_subject_different_eye,0.579,1.0,0.0,1.0,0.0,1.0
same_subject_different_eye,0.58,1.0,0.0,1.0,0.0,1.0
same_subject_different_eye,0.581,1.0,0.0,1.0,0.0,1.0
same_subject_different_eye,0.582,1.0,0.0,1.0,0.0,1.0
same_subject_different_eye,0.583,1.0,0.0,1.0,0.0,1.0
same_subject_different_eye,0.584,1.0,0.0,1.0,0.0,1.0
same_subject_different_eye,0.585,1.0,0.0,1.0,0.0,1.0
same_subject_different_eye,0.586,1.0,0.0,1.0,0.0,1.0
same_subject_different_eye,0.587,1.0,0.0,1.0,0.0,1.0
same_subject_different_eye,0.588,1.0,0.0,1.0,0.0,1.0
same_subject_different_eye,0.589,1.0,0.0,1.0,0.0,1.0
same_subject_different_eye,0.59,1.0,0.0,1.0,0.0,1.0
same_subject_different_eye,0.591,1.0,0.0,1.0,0.0,1.0
same_subject_different_eye,0.592,1.0,0.0,1.0,0.0,1.0
same_subject_different_eye,0.593,1.0,0.0,1.0,0.0,1.0
same_subject_different_eye,0.594,1.0,0.0,1.0,0.0,1.0
same_subject_different_eye,0.595,1.0,0.0,1.0,0.0,1.0
same_subject_different_eye,0.596,1.0,0.0,1.0,0.0,1.0
same_subject_different_eye,0.597,1.0,0.0,1.0,0.0,1.0
same_subject_different_eye,0.598,1.0,0.0,1.0,0.0,1.0
same_subject_different_eye,0.599,1.0,0.0,1.0,0.0,1.0
same_subject_different_eye,0.6,1.0,0.0,1.0,0.0,1.0
same_subject_different_eye,0.601,1.0,0.0,1.0,0.0,1.0
same_subject_different_eye,0.602,1.0,0.0,1.0,0.0,1.0
same_subject_different_eye,0.603,1.0,0.0,1.0,0.0,1.0
same_subject_different_eye,0.604,1.0,0.0,1.0,0.0,1.0
same_subject_different_eye,0.605,1.0,0.0,1.0,0.0,1.0
same_subject_different_eye,0.606,1.0,0.0,1.0,0.0,1.0
same_subject_different_eye,0.607,1.0,0.0,1.0,0.0,1.0
same_subject_different_eye,0.608,1.0,0.0,1.0,0.0,1.0
same_subject_different_eye,0.609,1.0,0.0,1.0,0.0,1.0
same_subject_different_eye,0.61,1.0,0.0,1.0,0.0,1.0
same_subject_different_eye,0.611,1.0,0.0,1.0,0.0,1.0
same_subject_different_eye,0.612,1.0,0.0,1.0,0.0,1.0
same_subject_different_eye,0.613,1.0,0.0,1.0,0.0,1.0
same_subject_different_eye,0.614,1.0,0.0,1.0,0.0,1.0
same_subject_different_eye,0.615,1.0,0.0,1.0,0.0,1.0
same_subject_different_eye,0.616,1.0,0.0,1.0,0.0,1.0
same_subject_different_eye,0.617,1.0,0.0,1.0,0.0,1.0
same_subject_different_eye,0.618,1.0,0.0,1.0,0.0,1.0
same_subject_different_eye,0.619,1.0,0.0,1.0,0.0,1.0
same_subject_different_eye,0.62,1.0,0.0,1.0,0.0,1.0
same_subject_different_eye,0.621,1.0,0.0,1.0,0.0,1.0
same_subject_different_eye,0.622,1.0,0.0,1.0,0.0,1.0
same_subject_different_eye,0.623,1.0,0.0,1.0,0.0,1.0
same_subject_different_eye,0.624,1.0,0.0,1.0,0.0,1.0
same_subject_different_eye,0.625,1.0,0.0,1.0,0.0,1.0
same_subject_different_eye,0.626,1.0,0.0,1.0,0.0,1.0
same_subject_different_eye,0.627,1.0,0.0,1.0,0.0,1.0
same_subject_different_eye,0.628,1.0,0.0,1.0,0.0,1.0
same_subject_different_eye,0.629,1.0,0.0,1.0,0.0,1.0
same_subject_different_eye,0.63,1.0,0.0,1.0,0.0,1.0
same_subject_different_eye,0.631,1.0,0.0,1.0,0.0,1.0
same_subject_different_eye,0.632,1.0,0.0,1.0,0.0,1.0
same_subject_different_eye,0.633,1.0,0.0,1.0,0.0,1.0
same_subject_different_eye,0.634,1.0,0.0,1.0,0.0,1.0
same_subject_different_eye,0.635,1.0,0.0,1.0,0.0,1.0
same_subject_different_eye,0.636,1.0,0.0,1.0,0.0,1.0
same_subject_different_eye,0.637,1.0,0.0,1.0,0.0,1.0
same_subject_different_eye,0.638,1.0,0.0,1.0,0.0,1.0
same_subject_different_eye,0.639,1.0,0.0,1.0,0.0,1.0
same_subject_different_eye,0.64,1.0,0.0,1.0,0.0,1.0
same_subject_different_eye,0.641,1.0,0.0,1.0,0.0,1.0
same_subject_different_eye,0.642,1.0,0.0,1.0,0.0,1.0
same_subject_different_eye,0.643,1.0,0.0,1.0,0.0,1.0
same_subject_different_eye,0.644,1.0,0.0,1.0,0.0,1.0
same_subject_different_eye,0.645,1.0,0.0,1.0,0.0,1.0
same_subject_different_eye,0.646,1.0,0.0,1.0,0.0,1.0
same_subject_different_eye,0.647,1.0,0.0,1.0,0.0,1.0
same_subject_different_eye,0.648,1.0,0.0,1.0,0.0,1.0
same_subject_different_eye,0.649,1.0,0.0,1.0,0.0,1.0
same_subject_different_eye,0.65,1.0,0.0,1.0,0.0,1.0
